ticket,side,open_time,close_time,symbol,lot_size,observed_price,pnl,duration_seconds,duration_minutes,win,pnl_per_0_01_lot,side_code,open_date,hour,minute,minute_5,weekday,month,quarter,clock_bucket,gap_from_previous_entry_minutes,gap_from_previous_close_minutes,previous_pnl,previous_win,cumulative_pnl_before,same_direction_as_previous,active_positions_before_entry,entry_while_position_active
36094988,Buy,2025-09-25 19:32:56,2025-09-25 19:42:55,XAUUSD.f,0.01,3736.13,0.97,599.0,9.983333333333333,True,0.97,1,2025-09-25,19,32,30,Thursday,2025-09,2025Q3,17:00-21:59,,,,,0.0,False,0,False
36095791,Sell,2025-09-25 19:43:46,2025-09-25 19:45:31,XAUUSD.f,0.01,3736.72,2.52,105.0,1.75,True,2.52,0,2025-09-25,19,43,40,Thursday,2025-09,2025Q3,17:00-21:59,10.833333333333334,0.85,0.97,True,0.97,False,0,False
36148327,Buy,2025-09-26 18:47:57,2025-09-26 18:54:27,XAUUSD.f,0.01,3779.39,0.82,390.0,6.5,True,0.82,1,2025-09-26,18,47,45,Friday,2025-09,2025Q3,17:00-21:59,1384.1833333333334,1382.4333333333334,2.52,True,3.49,False,0,False
36168589,Buy,2025-09-29 08:46:42,2025-09-29 08:52:58,XAUUSD.f,0.01,3805.93,3.9,376.0,6.266666666666667,True,3.9,1,2025-09-29,8,46,45,Monday,2025-09,2025Q3,08:00-12:59,3718.75,3712.25,0.82,True,4.3100000000000005,True,0,False
36168590,Buy,2025-09-29 08:46:47,2025-09-29 08:52:55,XAUUSD.f,0.01,3805.93,3.52,368.0,6.133333333333334,True,3.52,1,2025-09-29,8,46,45,Monday,2025-09,2025Q3,08:00-12:59,0.08333333333333333,-6.183333333333334,3.9,True,8.21,True,1,True
36227385,Sell,2025-09-30 11:20:52,2025-09-30 11:22:05,XAUUSD.f,0.01,3833.38,6.03,73.0,1.2166666666666666,True,6.03,0,2025-09-30,11,20,20,Tuesday,2025-09,2025Q3,08:00-12:59,1594.0833333333333,1587.95,3.52,True,11.73,False,0,False
36227388,Sell,2025-09-30 11:20:57,2025-09-30 11:23:20,XAUUSD.f,0.03,3833.24,6.79,143.0,2.3833333333333333,True,2.263333333333333,0,2025-09-30,11,20,20,Tuesday,2025-09,2025Q3,08:00-12:59,0.08333333333333333,-1.1333333333333333,6.03,True,17.76,True,1,True
36228676,Sell,2025-09-30 11:25:56,2025-09-30 11:30:17,XAUUSD.f,0.01,3830.54,12.91,261.0,4.35,True,12.91,0,2025-09-30,11,25,25,Tuesday,2025-09,2025Q3,08:00-12:59,4.983333333333333,2.6,6.79,True,24.55,True,0,False
36274877,Buy,2025-10-01 09:25:14,2025-10-01 09:29:01,XAUUSD.f,0.01,3858.64,2.01,227.0,3.783333333333333,True,2.01,1,2025-10-01,9,25,25,Wednesday,2025-10,2025Q4,08:00-12:59,1319.3,1314.95,12.91,True,37.46,False,0,False
36283671,Sell,2025-10-01 11:28:02,2025-10-01 11:34:32,XAUUSD.f,0.01,3893.34,6.25,390.0,6.5,True,6.25,0,2025-10-01,11,28,25,Wednesday,2025-10,2025Q4,08:00-12:59,122.8,119.01666666666667,2.01,True,39.47,False,0,False
36322976,Buy,2025-10-02 08:13:35,2025-10-02 09:05:06,XAUUSD.f,0.01,3868.72,1.21,3091.0,51.516666666666666,True,1.21,1,2025-10-02,8,13,10,Thursday,2025-10,2025Q4,08:00-12:59,1245.55,1239.05,6.25,True,45.72,False,0,False
36334931,Buy,2025-10-02 15:17:55,2025-10-02 15:20:28,XAUUSD.f,0.01,3881.12,1.43,153.0,2.55,True,1.43,1,2025-10-02,15,17,15,Thursday,2025-10,2025Q4,13:00-16:59,424.3333333333333,372.81666666666666,1.21,True,46.93,True,0,False
36335183,Buy,2025-10-02 15:23:08,2025-10-02 15:31:38,XAUUSD.f,0.01,3882.36,1.32,510.0,8.5,True,1.32,1,2025-10-02,15,23,20,Thursday,2025-10,2025Q4,13:00-16:59,5.216666666666667,2.6666666666666665,1.43,True,48.36,True,0,False
36335196,Buy,2025-10-02 15:23:37,2025-10-02 15:31:34,XAUUSD.f,0.01,3882.34,1.22,477.0,7.95,True,1.22,1,2025-10-02,15,23,20,Thursday,2025-10,2025Q4,13:00-16:59,0.48333333333333334,-8.016666666666667,1.32,True,49.68,True,1,True
36337657,Sell,2025-10-02 16:13:13,2025-10-02 16:16:03,XAUUSD.f,0.01,3890.78,1.81,170.0,2.8333333333333335,True,1.81,0,2025-10-02,16,13,10,Thursday,2025-10,2025Q4,13:00-16:59,49.6,41.65,1.22,True,50.9,False,0,False
36368405,Buy,2025-10-03 10:17:25,2025-10-03 10:23:08,XAUUSD.f,0.01,3860.35,1.2,343.0,5.716666666666667,True,1.2,1,2025-10-03,10,17,15,Friday,2025-10,2025Q4,08:00-12:59,1084.2,1081.3666666666666,1.81,True,52.71,False,0,False
36383087,Buy,2025-10-03 18:18:08,2025-10-03 18:22:57,XAUUSD.f,0.01,3878.35,7.8,289.0,4.816666666666666,True,7.8,1,2025-10-03,18,18,15,Friday,2025-10,2025Q4,17:00-21:59,480.71666666666664,475.0,1.2,True,53.910000000000004,True,0,False
36414174,Sell,2025-10-06 12:14:39,2025-10-06 12:40:39,XAUUSD.f,0.01,3943.07,2.46,1560.0,26.0,True,2.46,0,2025-10-06,12,14,10,Monday,2025-10,2025Q4,08:00-12:59,3956.516666666667,3951.7,7.8,True,61.71,False,0,False
36416362,Sell,2025-10-06 14:10:55,2025-10-06 14:16:33,XAUUSD.f,0.01,3938.03,3.02,338.0,5.633333333333334,True,3.02,0,2025-10-06,14,10,10,Monday,2025-10,2025Q4,13:00-16:59,116.26666666666667,90.26666666666667,2.46,True,64.17,True,0,False
36450406,Sell,2025-10-07 08:47:44,2025-10-07 08:53:06,XAUUSD.f,0.01,3962.08,-1.71,322.0,5.366666666666666,False,-1.71,0,2025-10-07,8,47,45,Tuesday,2025-10,2025Q4,08:00-12:59,1116.8166666666666,1111.1833333333334,3.02,True,67.19,True,0,False
36450588,Sell,2025-10-07 08:53:49,2025-10-07 09:05:30,XAUUSD.f,0.01,3964.19,3.62,701.0,11.683333333333334,True,3.62,0,2025-10-07,8,53,50,Tuesday,2025-10,2025Q4,08:00-12:59,6.083333333333333,0.7166666666666667,-1.71,False,65.48,True,0,False
36451248,Buy,2025-10-07 09:17:36,2025-10-07 09:22:00,XAUUSD.f,0.01,3963.3,1.43,264.0,4.4,True,1.43,1,2025-10-07,9,17,15,Tuesday,2025-10,2025Q4,08:00-12:59,23.783333333333335,12.1,3.62,True,69.10000000000001,False,0,False
36508294,Sell,2025-10-08 12:19:47,2025-10-08 12:32:57,XAUUSD.f,0.02,4036.35,4.98,790.0,13.166666666666666,True,2.49,0,2025-10-08,12,19,15,Wednesday,2025-10,2025Q4,08:00-12:59,1622.1833333333334,1617.7833333333333,1.43,True,70.53000000000002,False,0,False
36508676,Buy,2025-10-08 12:36:16,2025-10-08 12:39:56,XAUUSD.f,0.01,4035.65,2.27,220.0,3.6666666666666665,True,2.27,1,2025-10-08,12,36,35,Wednesday,2025-10,2025Q4,08:00-12:59,16.483333333333334,3.316666666666667,4.98,True,75.51000000000002,False,0,False
36508993,Buy,2025-10-08 12:42:32,2025-10-08 12:46:10,XAUUSD.f,0.02,4039.03,5.04,218.0,3.6333333333333333,True,2.52,1,2025-10-08,12,42,40,Wednesday,2025-10,2025Q4,08:00-12:59,6.266666666666667,2.6,2.27,True,77.78000000000002,True,0,False
36561296,Sell,2025-10-09 14:04:35,2025-10-09 14:13:00,XAUUSD.f,0.02,4039.78,2.84,505.0,8.416666666666666,True,1.42,0,2025-10-09,14,4,0,Thursday,2025-10,2025Q4,13:00-16:59,1522.05,1518.4166666666667,5.04,True,82.82000000000002,False,0,False
36562289,Buy,2025-10-09 14:19:30,2025-10-09 14:33:44,XAUUSD.f,0.01,4035.78,4.04,854.0,14.233333333333333,True,4.04,1,2025-10-09,14,19,15,Thursday,2025-10,2025Q4,13:00-16:59,14.916666666666666,6.5,2.84,True,85.66000000000003,False,0,False
36562770,Buy,2025-10-09 14:42:13,2025-10-09 14:47:42,XAUUSD.f,0.01,4042.07,2.88,329.0,5.483333333333333,True,2.88,1,2025-10-09,14,42,40,Thursday,2025-10,2025Q4,13:00-16:59,22.716666666666665,8.483333333333333,4.04,True,89.70000000000003,True,0,False
36640713,Buy,2025-10-10 19:29:10,2025-10-10 19:33:56,XAUUSD.f,0.02,3989.25,4.56,286.0,4.766666666666667,True,2.28,1,2025-10-10,19,29,25,Friday,2025-10,2025Q4,17:00-21:59,1726.95,1721.4666666666667,2.88,True,92.58000000000003,True,0,False
36682106,Sell,2025-10-13 15:38:45,2025-10-13 15:44:45,XAUUSD.f,0.01,4078.64,0.71,360.0,6.0,True,0.71,0,2025-10-13,15,38,35,Monday,2025-10,2025Q4,13:00-16:59,4089.5833333333335,4084.8166666666666,4.56,True,97.14000000000003,False,0,False
36725889,Sell,2025-10-14 10:42:54,2025-10-14 10:45:12,XAUUSD.f,0.02,4122.81,4.94,138.0,2.3,True,2.47,0,2025-10-14,10,42,40,Tuesday,2025-10,2025Q4,08:00-12:59,1144.15,1138.15,0.71,True,97.85000000000002,True,0,False
36726171,Sell,2025-10-14 10:52:46,2025-10-14 10:57:04,XAUUSD.f,0.02,4126.17,5.0,258.0,4.3,True,2.5,0,2025-10-14,10,52,50,Tuesday,2025-10,2025Q4,08:00-12:59,9.866666666666667,7.566666666666666,4.94,True,102.79000000000002,True,0,False
36768836,Buy,2025-10-15 09:35:08,2025-10-15 09:43:05,XAUUSD.f,0.02,4189.58,7.8,477.0,7.95,True,3.9,1,2025-10-15,9,35,35,Wednesday,2025-10,2025Q4,08:00-12:59,1362.3666666666666,1358.0666666666666,5.0,True,107.79000000000002,False,0,False
36829765,Sell,2025-10-16 13:15:47,2025-10-16 13:19:10,XAUUSD.f,0.01,4240.78,0.45,203.0,3.3833333333333333,True,0.45,0,2025-10-16,13,15,15,Thursday,2025-10,2025Q4,13:00-16:59,1660.65,1652.7,7.8,True,115.59000000000002,False,0,False
36829878,Buy,2025-10-16 13:23:12,2025-10-16 13:26:10,XAUUSD.f,0.01,4239.37,-2.92,178.0,2.966666666666667,False,-2.92,1,2025-10-16,13,23,20,Thursday,2025-10,2025Q4,13:00-16:59,7.416666666666667,4.033333333333333,0.45,True,116.04000000000002,False,0,False
36829995,Buy,2025-10-16 13:29:09,2025-10-16 13:45:40,XAUUSD.f,0.02,4238.15,3.94,991.0,16.516666666666666,True,1.97,1,2025-10-16,13,29,25,Thursday,2025-10,2025Q4,13:00-16:59,5.95,2.9833333333333334,-2.92,False,113.12000000000002,True,0,False
36893509,Buy,2025-10-17 13:15:10,2025-10-17 13:25:57,XAUUSD.f,0.01,4338.39,1.94,647.0,10.783333333333333,True,1.94,1,2025-10-17,13,15,15,Friday,2025-10,2025Q4,13:00-16:59,1426.0166666666667,1409.5,3.94,True,117.06000000000002,True,0,False
36902372,Sell,2025-10-17 15:37:18,2025-10-17 15:38:45,XAUUSD.f,0.01,4310.55,2.84,87.0,1.45,True,2.84,0,2025-10-17,15,37,35,Friday,2025-10,2025Q4,13:00-16:59,142.13333333333333,131.35,1.94,True,119.00000000000001,False,0,False
36954767,Sell,2025-10-20 11:47:26,2025-10-20 11:50:17,XAUUSD.f,0.01,4258.23,3.94,171.0,2.85,True,3.94,0,2025-10-20,11,47,45,Monday,2025-10,2025Q4,08:00-12:59,4090.133333333333,4088.6833333333334,2.84,True,121.84000000000002,True,0,False
36997575,Buy,2025-10-21 10:23:43,2025-10-21 10:27:18,XAUUSD.f,0.01,4329.16,-1.96,215.0,3.5833333333333335,False,-1.96,1,2025-10-21,10,23,20,Tuesday,2025-10,2025Q4,08:00-12:59,1356.2833333333333,1353.4333333333334,3.94,True,125.78000000000002,False,0,False
36998918,Buy,2025-10-21 10:42:21,2025-10-21 10:50:26,XAUUSD.f,0.01,4301.15,4.74,485.0,8.083333333333334,True,4.74,1,2025-10-21,10,42,40,Tuesday,2025-10,2025Q4,08:00-12:59,18.633333333333333,15.05,-1.96,False,123.82000000000002,True,0,False
37005647,Sell,2025-10-21 13:56:35,2025-10-21 14:00:23,XAUUSD.f,0.01,4258.12,3.73,228.0,3.8,True,3.73,0,2025-10-21,13,56,55,Tuesday,2025-10,2025Q4,13:00-16:59,194.23333333333332,186.15,4.74,True,128.56000000000003,False,0,False
37045628,Sell,2025-10-22 10:02:29,2025-10-22 10:03:56,XAUUSD.f,0.02,4152.22,6.5,87.0,1.45,True,3.25,0,2025-10-22,10,2,0,Wednesday,2025-10,2025Q4,08:00-12:59,1205.9,1202.1,3.73,True,132.29000000000002,True,0,False
37082195,Buy,2025-10-23 08:30:44,2025-10-23 08:32:34,XAUUSD.f,0.02,4092.12,9.36,110.0,1.8333333333333333,True,4.68,1,2025-10-23,8,30,30,Thursday,2025-10,2025Q4,08:00-12:59,1348.25,1346.8,6.5,True,138.79000000000002,False,0,False
37145681,Sell,2025-10-24 19:34:45,2025-10-24 19:39:41,XAUUSD.f,0.01,4133.72,4.13,296.0,4.933333333333334,True,4.13,0,2025-10-24,19,34,30,Friday,2025-10,2025Q4,17:00-21:59,2104.016666666667,2102.1833333333334,9.36,True,148.15000000000003,False,0,False
37162697,Buy,2025-10-27 08:13:05,2025-10-27 08:22:54,XAUUSD.f,0.01,4073.84,4.38,589.0,9.816666666666666,True,4.38,1,2025-10-27,8,13,10,Monday,2025-10,2025Q4,08:00-12:59,3638.3333333333335,3633.4,4.13,True,152.28000000000003,False,0,False
37217619,Sell,2025-10-28 12:52:18,2025-10-28 12:55:35,XAUUSD.f,0.01,3907.0,5.94,197.0,3.283333333333333,True,5.94,0,2025-10-28,12,52,50,Tuesday,2025-10,2025Q4,08:00-12:59,1719.2166666666667,1709.4,4.38,True,156.66000000000003,False,0,False
37296835,Buy,2025-10-30 09:44:53,2025-10-30 09:56:44,XAUUSD.f,0.01,3965.57,4.42,711.0,11.85,True,4.42,1,2025-10-30,9,44,40,Thursday,2025-10,2025Q4,08:00-12:59,2692.5833333333335,2689.3,5.94,True,162.60000000000002,False,0,False
37386001,Buy,2025-11-03 18:38:37,2025-11-03 18:49:46,XAUUSD.f,0.01,3998.58,9.65,669.0,11.15,True,9.65,1,2025-11-03,18,38,35,Monday,2025-11,2025Q4,17:00-21:59,6293.733333333334,6281.883333333333,4.42,True,167.02,True,0,False
37400976,Sell,2025-11-04 10:09:22,2025-11-04 10:17:55,XAUUSD.f,0.01,3998.11,3.88,513.0,8.55,True,3.88,0,2025-11-04,10,9,5,Tuesday,2025-11,2025Q4,08:00-12:59,930.75,919.6,9.65,True,176.67000000000002,False,0,False
37442389,Buy,2025-11-05 09:55:47,2025-11-05 10:02:35,XAUUSD.f,0.01,3969.56,5.37,408.0,6.8,True,5.37,1,2025-11-05,9,55,55,Wednesday,2025-11,2025Q4,08:00-12:59,1426.4166666666667,1417.8666666666666,3.88,True,180.55,False,0,False
37477144,Buy,2025-11-06 12:42:44,2025-11-06 14:18:29,XAUUSD.f,0.01,4006.89,7.23,5745.0,95.75,True,7.23,1,2025-11-06,12,42,40,Thursday,2025-11,2025Q4,08:00-12:59,1606.95,1600.15,5.37,True,185.92000000000002,True,0,False
37507379,Sell,2025-11-07 11:18:04,2025-11-07 12:42:21,XAUUSD.f,0.01,4013.03,7.19,5057.0,84.28333333333333,True,7.19,0,2025-11-07,11,18,15,Friday,2025-11,2025Q4,08:00-12:59,1355.3333333333333,1259.5833333333333,7.23,True,193.15,False,0,False
37542639,Sell,2025-11-10 10:42:17,2025-11-10 10:58:53,XAUUSD.f,0.01,4082.62,0.64,996.0,16.6,True,0.64,0,2025-11-10,10,42,40,Monday,2025-11,2025Q4,08:00-12:59,4284.216666666666,4199.933333333333,7.19,True,200.34,True,0,False
37542995,Buy,2025-11-10 11:00:16,2025-11-10 11:05:07,XAUUSD.f,0.01,4082.44,-5.33,291.0,4.85,False,-5.33,1,2025-11-10,11,0,0,Monday,2025-11,2025Q4,08:00-12:59,17.983333333333334,1.3833333333333333,0.64,True,200.98,False,0,False
37543683,Buy,2025-11-10 11:22:51,2025-11-10 11:35:47,XAUUSD.f,0.02,4076.89,11.96,776.0,12.933333333333334,True,5.98,1,2025-11-10,11,22,20,Monday,2025-11,2025Q4,08:00-12:59,22.583333333333332,17.733333333333334,-5.33,False,195.64999999999998,True,0,False
37610153,Buy,2025-11-12 10:19:02,2025-11-12 11:06:47,XAUUSD.f,0.01,4121.1,9.18,2865.0,47.75,True,9.18,1,2025-11-12,10,19,15,Wednesday,2025-11,2025Q4,08:00-12:59,2816.1833333333334,2803.25,11.96,True,207.60999999999999,True,0,False
37701576,Sell,2025-11-14 11:12:06,2025-11-14 12:22:58,XAUUSD.f,0.01,4180.12,11.72,4252.0,70.86666666666666,True,11.72,0,2025-11-14,11,12,10,Friday,2025-11,2025Q4,08:00-12:59,2933.0666666666666,2885.3166666666666,9.18,True,216.79,False,0,False
37748984,Buy,2025-11-17 09:17:27,2025-11-17 09:42:30,XAUUSD.f,0.01,4074.19,7.16,1503.0,25.05,True,7.16,1,2025-11-17,9,17,15,Monday,2025-11,2025Q4,08:00-12:59,4205.35,4134.483333333334,11.72,True,228.51,False,0,False
37791981,Sell,2025-11-18 08:48:04,2025-11-18 09:11:45,XAUUSD.f,0.01,4014.84,8.85,1421.0,23.683333333333334,True,8.85,0,2025-11-18,8,48,45,Tuesday,2025-11,2025Q4,08:00-12:59,1410.6166666666666,1385.5666666666666,7.16,True,235.67,False,0,False
37836776,Sell,2025-11-19 12:12:16,2025-11-19 12:17:16,XAUUSD.f,0.01,4110.56,-5.43,300.0,5.0,False,-5.43,0,2025-11-19,12,12,10,Wednesday,2025-11,2025Q4,08:00-12:59,1644.2,1620.5166666666667,8.85,True,244.51999999999998,True,0,False
37874673,Sell,2025-11-20 08:09:10,2025-11-20 08:39:54,XAUUSD.f,0.02,4076.1,14.9,1844.0,30.733333333333334,True,7.45,0,2025-11-20,8,9,5,Thursday,2025-11,2025Q4,08:00-12:59,1196.9,1191.9,-5.43,False,239.08999999999997,True,0,False
37928869,Sell,2025-11-21 13:14:11,2025-11-21 13:50:20,XAUUSD.f,0.01,4041.78,7.85,2169.0,36.15,True,7.85,0,2025-11-21,13,14,10,Friday,2025-11,2025Q4,13:00-16:59,1745.0166666666667,1714.2833333333333,14.9,True,253.98999999999998,True,0,False
37964561,Buy,2025-11-24 13:01:04,2025-11-24 13:45:39,XAUUSD.f,0.01,4063.89,6.3,2675.0,44.583333333333336,True,6.3,1,2025-11-24,13,1,0,Monday,2025-11,2025Q4,13:00-16:59,4306.883333333333,4270.733333333334,7.85,True,261.84,False,0,False
38045554,Buy,2025-11-26 09:36:48,2025-11-26 10:38:07,XAUUSD.f,0.01,4153.89,11.02,3679.0,61.31666666666667,True,11.02,1,2025-11-26,9,36,35,Wednesday,2025-11,2025Q4,08:00-12:59,2675.733333333333,2631.15,6.3,True,268.14,True,0,False
38119105,Sell,2025-11-27 08:09:07,2025-11-27 08:23:12,XAUUSD.f,0.01,4150.92,-4.83,845.0,14.083333333333334,False,-4.83,0,2025-11-27,8,9,5,Thursday,2025-11,2025Q4,08:00-12:59,1352.3166666666666,1291.0,11.02,True,279.15999999999997,False,0,False
38122859,Sell,2025-11-27 11:02:26,2025-11-27 11:27:19,XAUUSD.f,0.01,4160.74,7.41,1493.0,24.883333333333333,True,7.41,0,2025-11-27,11,2,0,Thursday,2025-11,2025Q4,08:00-12:59,173.31666666666666,159.23333333333332,-4.83,False,274.33,True,0,False
38185142,Sell,2025-12-01 12:14:10,2025-12-01 12:50:55,XAUUSD.f,0.02,4260.23,12.08,2205.0,36.75,True,6.04,0,2025-12-01,12,14,10,Monday,2025-12,2025Q4,08:00-12:59,5831.733333333334,5806.85,7.41,True,281.74,True,0,False
38220734,Sell,2025-12-02 11:32:10,2025-12-02 12:33:12,XAUUSD.f,0.01,4192.78,6.06,3662.0,61.03333333333333,True,6.06,0,2025-12-02,11,32,30,Tuesday,2025-12,2025Q4,08:00-12:59,1398.0,1361.25,12.08,True,293.82,True,0,False
38258178,Buy,2025-12-03 09:33:51,2025-12-03 10:10:41,XAUUSD.f,0.01,4201.92,5.08,2210.0,36.833333333333336,True,5.08,1,2025-12-03,9,33,30,Wednesday,2025-12,2025Q4,08:00-12:59,1321.6833333333334,1260.65,6.06,True,299.88,False,0,False
38293895,Sell,2025-12-04 13:18:01,2025-12-04 14:08:08,XAUUSD.f,0.02,4202.96,9.8,3007.0,50.11666666666667,True,4.9,0,2025-12-04,13,18,15,Thursday,2025-12,2025Q4,13:00-16:59,1664.1666666666667,1627.3333333333333,5.08,True,304.96,False,0,False
38327555,Buy,2025-12-05 15:06:32,2025-12-05 15:24:10,XAUUSD.f,0.02,4221.93,12.08,1058.0,17.633333333333333,True,6.04,1,2025-12-05,15,6,5,Friday,2025-12,2025Q4,13:00-16:59,1548.5166666666667,1498.4,9.8,True,314.76,False,0,False
38381092,Sell,2025-12-08 16:57:55,2025-12-08 20:23:42,XAUUSD.f,0.01,4205.31,16.3,12347.0,205.78333333333333,True,16.3,0,2025-12-08,16,57,55,Monday,2025-12,2025Q4,13:00-16:59,4431.383333333333,4413.75,12.08,True,326.84,False,0,False
38394143,Buy,2025-12-09 10:35:42,2025-12-09 10:55:45,XAUUSD.f,0.01,4185.67,4.76,1203.0,20.05,True,4.76,1,2025-12-09,10,35,35,Tuesday,2025-12,2025Q4,08:00-12:59,1057.7833333333333,852.0,16.3,True,343.14,False,0,False
38422656,Buy,2025-12-09 20:33:05,2025-12-09 21:05:09,XAUUSD.f,0.01,4204.34,6.64,1924.0,32.06666666666667,True,6.64,1,2025-12-09,20,33,30,Tuesday,2025-12,2025Q4,17:00-21:59,597.3833333333333,577.3333333333334,4.76,True,347.9,True,0,False
38441014,Buy,2025-12-10 12:33:15,2025-12-10 13:38:15,XAUUSD.f,0.01,4189.26,7.08,3900.0,65.0,True,7.08,1,2025-12-10,12,33,30,Wednesday,2025-12,2025Q4,08:00-12:59,960.1666666666666,928.1,6.64,True,354.53999999999996,True,0,False
38443239,Sell,2025-12-10 14:17:30,2025-12-10 14:40:38,XAUUSD.f,0.01,4200.58,3.25,1388.0,23.133333333333333,True,3.25,0,2025-12-10,14,17,15,Wednesday,2025-12,2025Q4,13:00-16:59,104.25,39.25,7.08,True,361.61999999999995,False,0,False
38448404,Buy,2025-12-10 16:17:48,2025-12-10 16:26:36,XAUUSD.f,0.01,4204.15,-4.86,528.0,8.8,False,-4.86,1,2025-12-10,16,17,15,Wednesday,2025-12,2025Q4,13:00-16:59,120.3,97.16666666666667,3.25,True,364.86999999999995,False,0,False
38449900,Sell,2025-12-10 16:31:07,2025-12-10 16:38:36,XAUUSD.f,0.01,4198.23,2.91,449.0,7.483333333333333,True,2.91,0,2025-12-10,16,31,30,Wednesday,2025-12,2025Q4,13:00-16:59,13.316666666666666,4.516666666666667,-4.86,False,360.00999999999993,False,0,False
38487563,Buy,2025-12-11 09:32:30,2025-12-11 09:46:12,XAUUSD.f,0.01,4211.49,5.6,822.0,13.7,True,5.6,1,2025-12-11,9,32,30,Thursday,2025-12,2025Q4,08:00-12:59,1021.3833333333333,1013.9,2.91,True,362.91999999999996,False,0,False
38492680,Buy,2025-12-11 13:09:27,2025-12-11 14:10:24,XAUUSD.f,0.01,4217.4,-4.86,3657.0,60.95,False,-4.86,1,2025-12-11,13,9,5,Thursday,2025-12,2025Q4,13:00-16:59,216.95,203.25,5.6,True,368.52,True,0,False
38528027,Sell,2025-12-12 11:25:01,2025-12-12 11:41:40,XAUUSD.f,0.01,4317.51,6.41,999.0,16.65,True,6.41,0,2025-12-12,11,25,25,Friday,2025-12,2025Q4,08:00-12:59,1335.5666666666666,1274.6166666666666,-4.86,False,363.65999999999997,False,0,False
38568721,Sell,2025-12-15 12:29:18,2025-12-15 13:48:59,XAUUSD.f,0.01,4347.89,4.8,4781.0,79.68333333333334,True,4.8,0,2025-12-15,12,29,25,Monday,2025-12,2025Q4,08:00-12:59,4384.283333333334,4367.633333333333,6.41,True,370.07,True,0,False
38570537,Sell,2025-12-15 15:00:14,2025-12-15 15:09:11,XAUUSD.f,0.01,4345.38,5.46,537.0,8.95,True,5.46,0,2025-12-15,15,0,0,Monday,2025-12,2025Q4,13:00-16:59,150.93333333333334,71.25,4.8,True,374.87,True,0,False
38612361,Sell,2025-12-16 08:41:45,2025-12-16 11:42:27,XAUUSD.f,0.01,4291.03,9.02,10842.0,180.7,True,9.02,0,2025-12-16,8,41,40,Tuesday,2025-12,2025Q4,08:00-12:59,1061.5166666666667,1052.5666666666666,5.46,True,380.33,True,0,False
38648802,Buy,2025-12-17 08:21:41,2025-12-17 08:46:28,XAUUSD.f,0.01,4333.67,-3.99,1487.0,24.783333333333335,False,-3.99,1,2025-12-17,8,21,20,Wednesday,2025-12,2025Q4,08:00-12:59,1419.9333333333334,1239.2333333333333,9.02,True,389.34999999999997,False,0,False
38650723,Sell,2025-12-17 09:38:06,2025-12-17 10:30:10,XAUUSD.f,0.01,4322.06,5.6,3124.0,52.06666666666667,True,5.6,0,2025-12-17,9,38,35,Wednesday,2025-12,2025Q4,08:00-12:59,76.41666666666667,51.63333333333333,-3.99,False,385.35999999999996,False,0,False
38683859,Buy,2025-12-18 08:05:45,2025-12-18 08:17:14,XAUUSD.f,0.01,4330.83,3.31,689.0,11.483333333333333,True,3.31,1,2025-12-18,8,5,5,Thursday,2025-12,2025Q4,08:00-12:59,1347.65,1295.5833333333333,5.6,True,390.96,False,0,False
38686016,Sell,2025-12-18 10:02:33,2025-12-18 11:36:35,XAUUSD.f,0.01,4330.21,5.46,5642.0,94.03333333333333,True,5.46,0,2025-12-18,10,2,0,Thursday,2025-12,2025Q4,08:00-12:59,116.8,105.31666666666666,3.31,True,394.27,False,0,False
38720385,Buy,2025-12-19 10:43:53,2025-12-19 11:18:47,XAUUSD.f,0.01,4329.57,-3.16,2094.0,34.9,False,-3.16,1,2025-12-19,10,43,40,Friday,2025-12,2025Q4,08:00-12:59,1481.3333333333333,1387.3,5.46,True,399.72999999999996,False,0,False
38723027,Sell,2025-12-19 14:42:44,2025-12-19 14:53:14,XAUUSD.f,0.01,4328.49,4.65,630.0,10.5,True,4.65,0,2025-12-19,14,42,40,Friday,2025-12,2025Q4,13:00-16:59,238.85,203.95,-3.16,False,396.56999999999994,False,0,False
38755615,Buy,2025-12-22 08:17:51,2025-12-22 08:31:29,XAUUSD.f,0.01,4404.62,-3.47,818.0,13.633333333333333,False,-3.47,1,2025-12-22,8,17,15,Monday,2025-12,2025Q4,08:00-12:59,3935.116666666667,3924.616666666667,4.65,True,401.2199999999999,False,0,False
38759834,Sell,2025-12-22 12:07:54,2025-12-22 14:41:53,XAUUSD.f,0.01,4415.72,6.72,9239.0,153.98333333333332,True,6.72,0,2025-12-22,12,7,5,Monday,2025-12,2025Q4,08:00-12:59,230.05,216.41666666666666,-3.47,False,397.7499999999999,False,0,False
38786971,Buy,2025-12-23 11:53:01,2025-12-23 13:23:15,XAUUSD.f,0.02,4479.23,8.66,5414.0,90.23333333333333,True,4.33,1,2025-12-23,11,53,50,Tuesday,2025-12,2025Q4,08:00-12:59,1425.1166666666666,1271.1333333333334,6.72,True,404.4699999999999,False,0,False
38800885,Buy,2025-12-23 17:38:24,2025-12-23 17:53:02,XAUUSD.f,0.01,4450.12,5.21,878.0,14.633333333333333,True,5.21,1,2025-12-23,17,38,35,Tuesday,2025-12,2025Q4,17:00-21:59,345.3833333333333,255.15,8.66,True,413.12999999999994,True,0,False
81950224,Buy,2025-12-29 06:11:17,2025-12-29 06:51:10,XAUUSD.f,0.01,4509.78,4.94,2393.0,39.88333333333333,True,4.94,1,2025-12-29,6,11,10,Monday,2025-12,2025Q4,00:00-07:59,7952.883333333333,7938.25,5.21,True,418.3399999999999,True,0,False
81979298,Sell,2025-12-30 07:20:44,2025-12-30 07:22:21,XAUUSD.f,0.01,4365.43,-4.41,97.0,1.6166666666666667,False,-4.41,0,2025-12-30,7,20,20,Tuesday,2025-12,2025Q4,00:00-07:59,1509.45,1469.5666666666666,4.94,True,423.2799999999999,False,0,False
81983513,Buy,2025-12-30 12:12:46,2025-12-30 12:19:35,XAUUSD.f,0.01,4373.1,5.33,409.0,6.816666666666666,True,5.33,1,2025-12-30,12,12,10,Tuesday,2025-12,2025Q4,08:00-12:59,292.03333333333336,290.4166666666667,-4.41,False,418.8699999999999,False,0,False
82028698,Buy,2026-01-02 09:31:50,2026-01-02 09:47:23,XAUUSD.f,0.01,4372.8,4.05,933.0,15.55,True,4.05,1,2026-01-02,9,31,30,Friday,2026-01,2026Q1,08:00-12:59,4159.066666666667,4152.25,5.33,True,424.1999999999999,True,0,False
82061725,Buy,2026-01-05 11:12:23,2026-01-05 11:37:56,XAUUSD.f,0.01,4427.34,3.7,1533.0,25.55,True,3.7,1,2026-01-05,11,12,10,Monday,2026-01,2026Q1,08:00-12:59,4420.55,4405.0,4.05,True,428.2499999999999,True,0,False
82095097,Buy,2026-01-06 08:52:50,2026-01-06 09:16:50,XAUUSD.f,0.01,4463.54,5.09,1440.0,24.0,True,5.09,1,2026-01-06,8,52,50,Tuesday,2026-01,2026Q1,08:00-12:59,1300.45,1274.9,3.7,True,431.9499999999999,True,0,False
82147110,Sell,2026-01-07 16:04:17,2026-01-07 16:18:50,XAUUSD.f,0.01,4453.3,2.51,873.0,14.55,True,2.51,0,2026-01-07,16,4,0,Wednesday,2026-01,2026Q1,13:00-16:59,1871.45,1847.45,5.09,True,437.03999999999985,False,0,False
82169230,Buy,2026-01-08 09:05:21,2026-01-08 09:11:57,XAUUSD.f,0.01,4432.78,4.61,396.0,6.6,True,4.61,1,2026-01-08,9,5,5,Thursday,2026-01,2026Q1,08:00-12:59,1021.0666666666667,1006.5166666666667,2.51,True,439.54999999999984,False,0,False
82199073,Sell,2026-01-09 09:03:58,2026-01-09 09:57:41,XAUUSD.f,0.01,4475.16,3.82,3223.0,53.71666666666667,True,3.82,0,2026-01-09,9,3,0,Friday,2026-01,2026Q1,08:00-12:59,1438.6166666666666,1432.0166666666667,4.61,True,444.15999999999985,False,0,False
82241706,Buy,2026-01-12 07:30:37,2026-01-12 07:41:10,XAUUSD.f,0.01,4571.8,4.38,633.0,10.55,True,4.38,1,2026-01-12,7,30,30,Monday,2026-01,2026Q1,00:00-07:59,4226.65,4172.933333333333,3.82,True,447.97999999999985,False,0,False
82462486,Buy,2026-01-12 11:25:57,2026-01-12 11:31:41,XAUUSD.f,0.01,4598.3,-2.24,344.0,5.733333333333333,False,-2.24,1,2026-01-12,11,25,25,Monday,2026-01,2026Q1,08:00-12:59,235.33333333333334,224.78333333333333,4.38,True,452.35999999999984,True,0,False
82465593,Sell,2026-01-12 14:11:18,2026-01-12 14:25:53,XAUUSD.f,0.01,4585.01,1.82,875.0,14.583333333333334,True,1.82,0,2026-01-12,14,11,10,Monday,2026-01,2026Q1,13:00-16:59,165.35,159.61666666666667,-2.24,False,450.11999999999983,False,0,False
82494965,Sell,2026-01-13 12:44:06,2026-01-13 12:51:58,XAUUSD.f,0.01,4587.85,1.89,472.0,7.866666666666666,True,1.89,0,2026-01-13,12,44,40,Tuesday,2026-01,2026Q1,08:00-12:59,1352.8,1338.2166666666667,1.82,True,451.9399999999998,True,0,False
82523311,Buy,2026-01-14 06:29:14,2026-01-14 06:37:55,XAUUSD.f,0.01,4625.78,3.35,521.0,8.683333333333334,True,3.35,1,2026-01-14,6,29,25,Wednesday,2026-01,2026Q1,00:00-07:59,1065.1333333333334,1057.2666666666667,1.89,True,453.8299999999998,False,0,False
82564751,Sell,2026-01-15 09:19:50,2026-01-15 09:35:26,XAUUSD.f,0.01,4613.11,4.51,936.0,15.6,True,4.51,0,2026-01-15,9,19,15,Thursday,2026-01,2026Q1,08:00-12:59,1610.6,1601.9166666666667,3.35,True,457.17999999999984,False,0,False
82596177,Buy,2026-01-16 09:03:56,2026-01-16 10:13:13,XAUUSD.f,0.01,4599.92,6.46,4157.0,69.28333333333333,True,6.46,1,2026-01-16,9,3,0,Friday,2026-01,2026Q1,08:00-12:59,1424.1,1408.5,4.51,True,461.6899999999998,False,0,False
82600157,Sell,2026-01-16 14:48:59,2026-01-16 14:52:41,XAUUSD.f,0.01,4605.35,4.52,222.0,3.7,True,4.52,0,2026-01-16,14,48,45,Friday,2026-01,2026Q1,13:00-16:59,345.05,275.76666666666665,6.46,True,468.1499999999998,False,0,False
82667342,Buy,2026-01-20 09:00:31,2026-01-20 10:32:19,XAUUSD.f,0.01,4713.8,6.68,5508.0,91.8,True,6.68,1,2026-01-20,9,0,0,Tuesday,2026-01,2026Q1,08:00-12:59,5411.533333333334,5407.833333333333,4.52,True,472.6699999999998,False,0,False
82775023,Buy,2026-01-22 09:25:06,2026-01-22 09:31:36,XAUUSD.f,0.01,4831.387,5.73,390.0,6.5,True,5.73,1,2026-01-22,9,25,25,Thursday,2026-01,2026Q1,08:00-12:59,2904.5833333333335,2812.7833333333333,6.68,True,479.3499999999998,True,0,False
82824133,Buy,2026-01-23 09:00:21,2026-01-23 09:07:55,XAUUSD.f,0.01,4953.2,3.4,454.0,7.566666666666666,True,3.4,1,2026-01-23,9,0,0,Friday,2026-01,2026Q1,08:00-12:59,1415.25,1408.75,5.73,True,485.0799999999998,True,0,False
82913535,Buy,2026-01-26 11:00:40,2026-01-26 11:25:21,XAUUSD.f,0.01,5085.8,4.8,1481.0,24.683333333333334,True,4.8,1,2026-01-26,11,0,0,Monday,2026-01,2026Q1,08:00-12:59,4440.316666666667,4432.75,3.4,True,488.4799999999998,True,0,False
83084849,Buy,2026-01-28 09:01:54,2026-01-28 09:05:33,XAUUSD.f,0.01,5262.98,4.38,219.0,3.65,True,4.38,1,2026-01-28,9,1,0,Wednesday,2026-01,2026Q1,08:00-12:59,2761.233333333333,2736.55,4.8,True,493.2799999999998,True,0,False
83314376,Buy,2026-01-30 06:37:54,2026-01-30 06:39:34,XAUUSD.f,0.01,5220.23,4.47,100.0,1.6666666666666667,True,4.47,1,2026-01-30,6,37,35,Friday,2026-01,2026Q1,00:00-07:59,2736.0,2732.35,4.38,True,497.6599999999998,True,0,False
83511633,Buy,2026-02-02 22:25:35,2026-02-02 22:29:09,XAUUSD.f,0.01,4661.87,2.43,214.0,3.566666666666667,True,2.43,1,2026-02-02,22,25,25,Monday,2026-02,2026Q1,22:00-23:59,5267.683333333333,5266.016666666666,4.47,True,502.1299999999998,True,0,False
83541051,Buy,2026-02-03 14:00:26,2026-02-03 14:09:59,XAUUSD.f,0.01,4919.67,9.98,573.0,9.55,True,9.98,1,2026-02-03,14,0,0,Tuesday,2026-02,2026Q1,13:00-16:59,934.85,931.2833333333333,2.43,True,504.55999999999983,True,0,False
83699779,Sell,2026-02-04 19:42:53,2026-02-04 19:53:51,XAUUSD.f,0.01,4910.32,7.05,658.0,10.966666666666667,True,7.05,0,2026-02-04,19,42,40,Wednesday,2026-02,2026Q1,17:00-21:59,1782.45,1772.9,9.98,True,514.5399999999998,False,0,False
83821484,Buy,2026-02-05 17:27:12,2026-02-05 17:30:17,XAUUSD.f,0.01,4823.0,-4.17,185.0,3.0833333333333335,False,-4.17,1,2026-02-05,17,27,25,Thursday,2026-02,2026Q1,17:00-21:59,1304.3166666666666,1293.35,7.05,True,521.5899999999998,False,0,False
83897665,Sell,2026-02-06 07:30:33,2026-02-06 07:32:07,XAUUSD.f,0.01,4846.36,7.43,94.0,1.5666666666666667,True,7.43,0,2026-02-06,7,30,30,Friday,2026-02,2026Q1,00:00-07:59,843.35,840.2666666666667,-4.17,False,517.4199999999998,False,0,False
83915642,Sell,2026-02-06 09:16:42,2026-02-06 09:21:17,XAUUSD.f,0.01,4848.32,1.17,275.0,4.583333333333333,True,1.17,0,2026-02-06,9,16,15,Friday,2026-02,2026Q1,08:00-12:59,106.15,104.58333333333333,7.43,True,524.8499999999998,True,0,False
83923769,Sell,2026-02-06 15:34:06,2026-02-06 15:35:48,XAUUSD.f,0.01,4925.29,2.07,102.0,1.7,True,2.07,0,2026-02-06,15,34,30,Friday,2026-02,2026Q1,13:00-16:59,377.4,372.81666666666666,1.17,True,526.0199999999998,True,0,False
83980760,Buy,2026-02-09 12:04:32,2026-02-09 12:15:37,XAUUSD.f,0.01,5006.26,7.87,665.0,11.083333333333334,True,7.87,1,2026-02-09,12,4,0,Monday,2026-02,2026Q1,08:00-12:59,4110.433333333333,4108.733333333334,2.07,True,528.0899999999998,False,0,False
84397864,Buy,2026-02-11 17:40:50,2026-02-11 17:44:06,XAUUSD.f,0.01,5044.28,2.61,196.0,3.2666666666666666,True,2.61,1,2026-02-11,17,40,40,Wednesday,2026-02,2026Q1,17:00-21:59,3216.3,3205.2166666666667,7.87,True,535.9599999999998,True,0,False
84448544,Buy,2026-02-12 07:06:33,2026-02-12 07:10:04,XAUUSD.f,0.01,5072.67,4.53,211.0,3.5166666666666666,True,4.53,1,2026-02-12,7,6,5,Thursday,2026-02,2026Q1,00:00-07:59,805.7166666666667,802.45,2.61,True,538.5699999999998,True,0,False
84480811,Sell,2026-02-12 11:04:59,2026-02-12 11:14:41,XAUUSD.f,0.01,5071.89,-2.98,582.0,9.7,False,-2.98,0,2026-02-12,11,4,0,Thursday,2026-02,2026Q1,08:00-12:59,238.43333333333334,234.91666666666666,4.53,True,543.0999999999998,False,0,False
84496990,Buy,2026-02-12 13:12:51,2026-02-12 13:17:31,XAUUSD.f,0.01,5063.48,0.7,280.0,4.666666666666667,True,0.7,1,2026-02-12,13,12,10,Thursday,2026-02,2026Q1,13:00-16:59,127.86666666666666,118.16666666666667,-2.98,False,540.1199999999998,False,0,False
84665776,Buy,2026-02-13 09:18:26,2026-02-13 09:21:14,XAUUSD.f,0.01,4969.37,0.7,168.0,2.8,True,0.7,1,2026-02-13,9,18,15,Friday,2026-02,2026Q1,08:00-12:59,1205.5833333333333,1200.9166666666667,0.7,True,540.8199999999998,True,0,False
84675020,Sell,2026-02-13 13:12:08,2026-02-13 13:19:45,XAUUSD.f,0.01,4951.87,2.67,457.0,7.616666666666666,True,2.67,0,2026-02-13,13,12,10,Friday,2026-02,2026Q1,13:00-16:59,233.7,230.9,0.7,True,541.5199999999999,False,0,False
84803733,Sell,2026-02-17 12:21:33,2026-02-17 14:00:38,XAUUSD.f,0.01,4935.63,5.63,5945.0,99.08333333333333,True,5.63,0,2026-02-17,12,21,20,Tuesday,2026-02,2026Q1,08:00-12:59,5709.416666666667,5701.8,2.67,True,544.1899999999998,True,0,False
84858142,Sell,2026-02-18 05:30:40,2026-02-18 05:36:17,XAUUSD.f,0.01,4920.56,1.77,337.0,5.616666666666666,True,1.77,0,2026-02-18,5,30,30,Wednesday,2026-02,2026Q1,00:00-07:59,1029.1166666666666,930.0333333333333,5.63,True,549.8199999999998,True,0,False
84960053,Buy,2026-02-19 22:18:35,2026-02-19 22:25:13,XAUUSD.f,0.01,4990.98,3.06,398.0,6.633333333333334,True,3.06,1,2026-02-19,22,18,15,Thursday,2026-02,2026Q1,22:00-23:59,2447.9166666666665,2442.3,1.77,True,551.5899999999998,False,0,False
84971230,Sell,2026-02-20 05:54:53,2026-02-20 05:59:23,XAUUSD.f,0.01,4993.25,3.1,270.0,4.5,True,3.1,0,2026-02-20,5,54,50,Friday,2026-02,2026Q1,00:00-07:59,456.3,449.6666666666667,3.06,True,554.6499999999997,False,0,False
85066329,Sell,2026-02-23 09:30:45,2026-02-23 09:32:44,XAUUSD.f,0.01,5136.32,1.41,119.0,1.9833333333333334,True,1.41,0,2026-02-23,9,30,30,Monday,2026-02,2026Q1,08:00-12:59,4535.866666666667,4531.366666666667,3.1,True,557.7499999999998,True,0,False
85084978,Buy,2026-02-23 11:21:20,2026-02-23 11:33:06,XAUUSD.f,0.01,5145.47,1.34,706.0,11.766666666666667,True,1.34,1,2026-02-23,11,21,20,Monday,2026-02,2026Q1,08:00-12:59,110.58333333333333,108.6,1.41,True,559.1599999999997,False,0,False
85182793,Sell,2026-02-23 15:02:41,2026-02-23 15:06:18,XAUUSD.f,0.01,5161.69,2.2,217.0,3.6166666666666667,True,2.2,0,2026-02-23,15,2,0,Monday,2026-02,2026Q1,13:00-16:59,221.35,209.58333333333334,1.34,True,560.4999999999998,False,0,False
85342738,Buy,2026-02-24 10:04:42,2026-02-24 10:05:16,XAUUSD.f,0.01,5175.12,-0.66,34.0,0.5666666666666667,False,-0.66,1,2026-02-24,10,4,0,Tuesday,2026-02,2026Q1,08:00-12:59,1142.0166666666667,1138.4,2.2,True,562.6999999999998,False,0,False
85385479,Sell,2026-02-24 15:11:40,2026-02-24 15:14:21,XAUUSD.f,0.01,5160.14,0.21,161.0,2.683333333333333,True,0.21,0,2026-02-24,15,11,10,Tuesday,2026-02,2026Q1,13:00-16:59,306.96666666666664,306.4,-0.66,False,562.0399999999998,False,0,False
85396743,Buy,2026-02-24 15:21:50,2026-02-24 15:25:30,XAUUSD.f,0.01,5153.03,3.86,220.0,3.6666666666666665,True,3.86,1,2026-02-24,15,21,20,Tuesday,2026-02,2026Q1,13:00-16:59,10.166666666666666,7.483333333333333,0.21,True,562.2499999999999,False,0,False
85640223,Sell,2026-02-25 07:59:03,2026-02-25 08:01:42,XAUUSD.f,0.01,5201.11,2.24,159.0,2.65,True,2.24,0,2026-02-25,7,59,55,Wednesday,2026-02,2026Q1,00:00-07:59,997.2166666666667,993.55,3.86,True,566.1099999999999,False,0,False
85668110,Sell,2026-02-25 11:35:37,2026-02-25 11:49:18,XAUUSD.f,0.01,5189.86,-1.2,821.0,13.683333333333334,False,-1.2,0,2026-02-25,11,35,35,Wednesday,2026-02,2026Q1,08:00-12:59,216.56666666666666,213.91666666666666,2.24,True,568.3499999999999,True,0,False
85668988,Buy,2026-02-25 12:03:39,2026-02-25 12:05:22,XAUUSD.f,0.01,5190.62,-2.1,103.0,1.7166666666666666,False,-2.1,1,2026-02-25,12,3,0,Wednesday,2026-02,2026Q1,08:00-12:59,28.033333333333335,14.35,-1.2,False,567.1499999999999,False,0,False
85704475,Sell,2026-02-25 16:23:24,2026-02-25 16:23:59,XAUUSD.f,0.01,5183.13,2.27,35.0,0.5833333333333334,True,2.27,0,2026-02-25,16,23,20,Wednesday,2026-02,2026Q1,13:00-16:59,259.75,258.03333333333336,-2.1,False,565.0499999999998,False,0,False
85787460,Buy,2026-02-26 08:05:35,2026-02-26 08:14:22,XAUUSD.f,0.01,5194.35,2.87,527.0,8.783333333333333,True,2.87,1,2026-02-26,8,5,5,Thursday,2026-02,2026Q1,08:00-12:59,942.1833333333333,941.6,2.27,True,567.3199999999998,False,0,False
85827276,Buy,2026-02-26 11:31:35,2026-02-26 11:34:15,XAUUSD.f,0.01,5181.39,1.06,160.0,2.6666666666666665,True,1.06,1,2026-02-26,11,31,30,Thursday,2026-02,2026Q1,08:00-12:59,206.0,197.21666666666667,2.87,True,570.1899999999998,True,0,False
85833216,Buy,2026-02-26 13:27:11,2026-02-26 13:30:05,XAUUSD.f,0.01,5173.27,-1.73,174.0,2.9,False,-1.73,1,2026-02-26,13,27,25,Thursday,2026-02,2026Q1,13:00-16:59,115.6,112.93333333333334,1.06,True,571.2499999999998,True,0,False
85865765,Sell,2026-02-26 15:59:18,2026-02-26 16:00:58,XAUUSD.f,0.01,5166.12,2.23,100.0,1.6666666666666667,True,2.23,0,2026-02-26,15,59,55,Thursday,2026-02,2026Q1,13:00-16:59,152.11666666666667,149.21666666666667,-1.73,False,569.5199999999998,False,0,False
85935017,Sell,2026-02-27 06:54:59,2026-02-27 07:00:29,XAUUSD.f,0.01,5184.0,1.84,330.0,5.5,True,1.84,0,2026-02-27,6,54,50,Friday,2026-02,2026Q1,00:00-07:59,895.6833333333333,894.0166666666667,2.23,True,571.7499999999998,True,0,False
85942844,Sell,2026-02-27 09:56:14,2026-02-27 09:57:04,XAUUSD.f,0.01,5180.05,-0.9,50.0,0.8333333333333334,False,-0.9,0,2026-02-27,9,56,55,Friday,2026-02,2026Q1,08:00-12:59,181.25,175.75,1.84,True,573.5899999999998,True,0,False
85948772,Buy,2026-02-27 12:46:26,2026-02-27 12:53:01,XAUUSD.f,0.01,5176.14,0.91,395.0,6.583333333333333,True,0.91,1,2026-02-27,12,46,45,Friday,2026-02,2026Q1,08:00-12:59,170.2,169.36666666666667,-0.9,False,572.6899999999998,False,0,False
86000608,Sell,2026-02-27 17:00:40,2026-02-27 17:07:46,XAUUSD.f,0.01,5227.62,-3.08,426.0,7.1,False,-3.08,0,2026-02-27,17,0,0,Friday,2026-02,2026Q1,17:00-21:59,254.23333333333332,247.65,0.91,True,573.5999999999998,False,0,False
86011644,Sell,2026-02-27 17:18:57,2026-02-27 17:20:29,XAUUSD.f,0.01,5226.94,1.46,92.0,1.5333333333333334,True,1.46,0,2026-02-27,17,18,15,Friday,2026-02,2026Q1,17:00-21:59,18.283333333333335,11.183333333333334,-3.08,False,570.5199999999998,True,0,False
86014472,Buy,2026-02-27 17:27:11,2026-02-27 17:27:21,XAUUSD.f,0.01,5225.25,0.58,10.0,0.16666666666666666,True,0.58,1,2026-02-27,17,27,25,Friday,2026-02,2026Q1,17:00-21:59,8.233333333333333,6.7,1.46,True,571.9799999999998,False,0,False
86155613,Buy,2026-03-02 09:32:11,2026-03-02 09:33:24,XAUUSD.f,0.01,5408.63,0.3,73.0,1.2166666666666666,True,0.3,1,2026-03-02,9,32,30,Monday,2026-03,2026Q1,08:00-12:59,3845.0,3844.8333333333335,0.58,True,572.5599999999998,True,0,False
86161488,Sell,2026-03-02 10:37:17,2026-03-02 10:38:44,XAUUSD.f,0.01,5412.01,1.62,87.0,1.45,True,1.62,0,2026-03-02,10,37,35,Monday,2026-03,2026Q1,08:00-12:59,65.1,63.88333333333333,0.3,True,572.8599999999998,False,0,False
86192606,Sell,2026-03-02 14:46:12,2026-03-02 14:50:44,XAUUSD.f,0.01,5396.47,2.82,272.0,4.533333333333333,True,2.82,0,2026-03-02,14,46,45,Monday,2026-03,2026Q1,13:00-16:59,248.91666666666666,247.46666666666667,1.62,True,574.4799999999998,True,0,False
86558318,Buy,2026-03-03 07:57:14,2026-03-03 07:58:46,XAUUSD.f,0.01,5313.09,3.34,92.0,1.5333333333333334,True,3.34,1,2026-03-03,7,57,55,Tuesday,2026-03,2026Q1,00:00-07:59,1031.0333333333333,1026.5,2.82,True,577.2999999999998,False,0,False
86624724,Buy,2026-03-03 12:45:26,2026-03-03 12:46:57,XAUUSD.f,0.01,5257.55,-2.93,91.0,1.5166666666666666,False,-2.93,1,2026-03-03,12,45,45,Tuesday,2026-03,2026Q1,08:00-12:59,288.2,286.6666666666667,3.34,True,580.6399999999999,True,0,False
86716303,Buy,2026-03-03 16:46:45,2026-03-03 16:46:49,XAUUSD.f,0.01,5065.94,3.74,4.0,0.06666666666666667,True,3.74,1,2026-03-03,16,46,45,Tuesday,2026-03,2026Q1,13:00-16:59,241.31666666666666,239.8,-2.93,False,577.7099999999999,True,0,False
86773790,Buy,2026-03-04 09:45:10,2026-03-04 09:46:43,XAUUSD.f,0.01,5170.2,2.28,93.0,1.55,True,2.28,1,2026-03-04,9,45,45,Wednesday,2026-03,2026Q1,08:00-12:59,1018.4166666666666,1018.35,3.74,True,581.4499999999999,True,0,False
86784552,Buy,2026-03-04 13:12:36,2026-03-04 13:15:03,XAUUSD.f,0.01,5193.8,1.39,147.0,2.45,True,1.39,1,2026-03-04,13,12,10,Wednesday,2026-03,2026Q1,13:00-16:59,207.43333333333334,205.88333333333333,2.28,True,583.7299999999999,True,0,False
86894280,Sell,2026-03-05 09:02:29,2026-03-05 09:04:54,XAUUSD.f,0.01,5171.81,0.31,145.0,2.4166666666666665,True,0.31,0,2026-03-05,9,2,0,Thursday,2026-03,2026Q1,08:00-12:59,1189.8833333333334,1187.4333333333334,1.39,True,585.1199999999999,False,0,False
87000308,Sell,2026-03-05 21:20:01,2026-03-05 21:22:51,XAUUSD.f,0.01,5069.24,1.09,170.0,2.8333333333333335,True,1.09,0,2026-03-05,21,20,20,Thursday,2026-03,2026Q1,17:00-21:59,737.5333333333333,735.1166666666667,0.31,True,585.4299999999998,True,0,False
87025580,Buy,2026-03-06 07:23:56,2026-03-06 07:27:34,XAUUSD.f,0.01,5124.63,2.78,218.0,3.6333333333333333,True,2.78,1,2026-03-06,7,23,20,Friday,2026-03,2026Q1,00:00-07:59,603.9166666666666,601.0833333333334,1.09,True,586.5199999999999,False,0,False
87031092,Buy,2026-03-06 10:19:20,2026-03-06 10:20:51,XAUUSD.f,0.01,5113.18,0.38,91.0,1.5166666666666666,True,0.38,1,2026-03-06,10,19,15,Friday,2026-03,2026Q1,08:00-12:59,175.4,171.76666666666668,2.78,True,589.2999999999998,True,0,False
87193343,Buy,2026-03-09 09:09:59,2026-03-09 09:23:35,XAUUSD.f,0.01,5126.92,0.59,816.0,13.6,True,0.59,1,2026-03-09,9,9,5,Monday,2026-03,2026Q1,08:00-12:59,4250.65,4249.133333333333,0.38,True,589.6799999999998,True,0,False
87220510,Buy,2026-03-09 10:55:33,2026-03-09 11:00:04,XAUUSD.f,0.01,5095.55,4.36,271.0,4.516666666666667,True,4.36,1,2026-03-09,10,55,55,Monday,2026-03,2026Q1,08:00-12:59,105.56666666666666,91.96666666666667,0.59,True,590.2699999999999,True,0,False
87303856,Buy,2026-03-09 14:32:49,2026-03-09 14:34:35,XAUUSD.f,0.01,5085.0,-0.47,106.0,1.7666666666666666,False,-0.47,1,2026-03-09,14,32,30,Monday,2026-03,2026Q1,13:00-16:59,217.26666666666668,212.75,4.36,True,594.6299999999999,True,0,False
87433721,Sell,2026-03-10 09:45:41,2026-03-10 09:47:05,XAUUSD.f,0.01,5177.12,2.13,84.0,1.4,True,2.13,0,2026-03-10,9,45,45,Tuesday,2026-03,2026Q1,08:00-12:59,1152.8666666666666,1151.1,-0.47,False,594.1599999999999,False,0,False
87436917,Sell,2026-03-10 10:43:46,2026-03-10 10:45:25,XAUUSD.f,0.01,5175.96,-2.6,99.0,1.65,False,-2.6,0,2026-03-10,10,43,40,Tuesday,2026-03,2026Q1,08:00-12:59,58.083333333333336,56.68333333333333,2.13,True,596.2899999999998,True,0,False
87455839,Sell,2026-03-10 11:14:56,2026-03-10 11:25:53,XAUUSD.f,0.01,5181.42,1.58,657.0,10.95,True,1.58,0,2026-03-10,11,14,10,Tuesday,2026-03,2026Q1,08:00-12:59,31.166666666666668,29.516666666666666,-2.6,False,593.6899999999998,True,0,False
87634841,Sell,2026-03-11 10:08:12,2026-03-11 10:27:49,XAUUSD.f,0.01,5199.84,2.84,1177.0,19.616666666666667,True,2.84,0,2026-03-11,10,8,5,Wednesday,2026-03,2026Q1,08:00-12:59,1373.2666666666667,1362.3166666666666,1.58,True,595.2699999999999,True,0,False
87640068,Buy,2026-03-11 12:39:31,2026-03-11 12:39:50,XAUUSD.f,0.01,5194.32,1.11,19.0,0.31666666666666665,True,1.11,1,2026-03-11,12,39,35,Wednesday,2026-03,2026Q1,08:00-12:59,151.31666666666666,131.7,2.84,True,598.1099999999999,False,0,False
87715345,Buy,2026-03-12 09:41:54,2026-03-12 09:42:17,XAUUSD.f,0.01,5166.74,1.86,23.0,0.38333333333333336,True,1.86,1,2026-03-12,9,41,40,Thursday,2026-03,2026Q1,08:00-12:59,1262.3833333333334,1262.0666666666666,1.11,True,599.2199999999999,True,0,False
87725200,Buy,2026-03-12 11:02:44,2026-03-12 11:03:14,XAUUSD.f,0.01,5184.43,-1.27,30.0,0.5,False,-1.27,1,2026-03-12,11,2,0,Thursday,2026-03,2026Q1,08:00-12:59,80.83333333333333,80.45,1.86,True,601.0799999999999,True,0,False
87728679,Buy,2026-03-12 13:51:53,2026-03-12 13:53:27,XAUUSD.f,0.01,5180.83,-1.53,94.0,1.5666666666666667,False,-1.53,1,2026-03-12,13,51,50,Thursday,2026-03,2026Q1,13:00-16:59,169.15,168.65,-1.27,False,599.81,True,0,False
87728889,Buy,2026-03-12 13:54:26,2026-03-12 14:11:23,XAUUSD.f,0.01,5179.35,1.79,1017.0,16.95,True,1.79,1,2026-03-12,13,54,50,Thursday,2026-03,2026Q1,13:00-16:59,2.55,0.9833333333333333,-1.53,False,598.28,True,0,False
87764166,Buy,2026-03-12 18:26:23,2026-03-12 18:27:14,XAUUSD.f,0.01,5128.93,0.76,51.0,0.85,True,0.76,1,2026-03-12,18,26,25,Thursday,2026-03,2026Q1,17:00-21:59,271.95,255.0,1.79,True,600.0699999999999,True,0,False
87966615,Sell,2026-03-13 08:37:52,2026-03-13 08:39:29,XAUUSD.f,0.01,5108.89,1.02,97.0,1.6166666666666667,True,1.02,0,2026-03-13,8,37,35,Friday,2026-03,2026Q1,08:00-12:59,851.4833333333333,850.6333333333333,0.76,True,600.8299999999999,False,0,False
88014898,Buy,2026-03-13 13:14:10,2026-03-13 13:15:48,XAUUSD.f,0.01,5092.79,1.37,98.0,1.6333333333333333,True,1.37,1,2026-03-13,13,14,10,Friday,2026-03,2026Q1,13:00-16:59,276.3,274.68333333333334,1.02,True,601.8499999999999,False,0,False
88015942,Sell,2026-03-13 13:36:51,2026-03-13 13:37:20,XAUUSD.f,0.01,5084.43,-0.69,29.0,0.48333333333333334,False,-0.69,0,2026-03-13,13,36,35,Friday,2026-03,2026Q1,13:00-16:59,22.683333333333334,21.05,1.37,True,603.2199999999999,False,0,False
88144292,Sell,2026-03-16 07:46:16,2026-03-16 07:54:51,XAUUSD.f,0.01,5016.02,0.35,515.0,8.583333333333334,True,0.35,0,2026-03-16,7,46,45,Monday,2026-03,2026Q1,00:00-07:59,3969.4166666666665,3968.9333333333334,-0.69,False,602.5299999999999,True,0,False
88154082,Sell,2026-03-16 11:07:53,2026-03-16 11:09:35,XAUUSD.f,0.01,4996.64,0.99,102.0,1.7,True,0.99,0,2026-03-16,11,7,5,Monday,2026-03,2026Q1,08:00-12:59,201.61666666666667,193.03333333333333,0.35,True,602.8799999999999,True,0,False
88163179,Sell,2026-03-16 14:10:40,2026-03-16 14:11:07,XAUUSD.f,0.01,5002.98,-2.0,27.0,0.45,False,-2.0,0,2026-03-16,14,10,10,Monday,2026-03,2026Q1,13:00-16:59,182.78333333333333,181.08333333333334,0.99,True,603.8699999999999,True,0,False
88172039,Sell,2026-03-16 14:42:45,2026-03-16 14:45:20,XAUUSD.f,0.01,5018.75,1.64,155.0,2.5833333333333335,True,1.64,0,2026-03-16,14,42,40,Monday,2026-03,2026Q1,13:00-16:59,32.083333333333336,31.633333333333333,-2.0,False,601.8699999999999,True,0,False
88320644,Buy,2026-03-17 11:20:44,2026-03-17 11:21:56,XAUUSD.f,0.01,5027.35,0.72,72.0,1.2,True,0.72,1,2026-03-17,11,20,20,Tuesday,2026-03,2026Q1,08:00-12:59,1237.9833333333333,1235.4,1.64,True,603.5099999999999,False,0,False
88335699,Buy,2026-03-17 16:10:39,2026-03-17 16:12:13,XAUUSD.f,0.01,5012.85,3.73,94.0,1.5666666666666667,True,3.73,1,2026-03-17,16,10,10,Tuesday,2026-03,2026Q1,13:00-16:59,289.9166666666667,288.71666666666664,0.72,True,604.2299999999999,True,0,False
88511817,Buy,2026-03-18 12:31:31,2026-03-18 12:36:05,XAUUSD.f,0.01,4992.63,1.42,274.0,4.566666666666666,True,1.42,1,2026-03-18,12,31,30,Wednesday,2026-03,2026Q1,08:00-12:59,1220.8666666666666,1219.3,3.73,True,607.9599999999999,True,0,False
88577933,Sell,2026-03-18 16:30:56,2026-03-18 16:31:29,XAUUSD.f,0.01,4858.4,1.81,33.0,0.55,True,1.81,0,2026-03-18,16,30,30,Wednesday,2026-03,2026Q1,13:00-16:59,239.41666666666666,234.85,1.42,True,609.3799999999999,False,0,False
89517529,Sell,2026-03-23 08:13:59,2026-03-23 08:15:37,XAUUSD.f,0.01,4375.13,3.22,98.0,1.6333333333333333,True,3.22,0,2026-03-23,8,13,10,Monday,2026-03,2026Q1,08:00-12:59,6703.05,6702.5,1.81,True,611.1899999999998,True,0,False
89770716,Buy,2026-03-23 10:06:57,2026-03-23 10:07:35,XAUUSD.f,0.01,4150.69,1.55,38.0,0.6333333333333333,True,1.55,1,2026-03-23,10,6,5,Monday,2026-03,2026Q1,08:00-12:59,112.96666666666667,111.33333333333333,3.22,True,614.4099999999999,False,0,False
89797106,Sell,2026-03-23 16:23:44,2026-03-23 16:24:32,XAUUSD.f,0.01,4428.76,9.16,48.0,0.8,True,9.16,0,2026-03-23,16,23,20,Monday,2026-03,2026Q1,13:00-16:59,376.78333333333336,376.15,1.55,True,615.9599999999998,False,0,False
90052400,Buy,2026-03-24 11:47:16,2026-03-24 11:50:01,XAUUSD.f,0.01,4406.14,3.09,165.0,2.75,True,3.09,1,2026-03-24,11,47,45,Tuesday,2026-03,2026Q1,08:00-12:59,1163.5333333333333,1162.7333333333333,9.16,True,625.1199999999998,False,0,False
90054432,Sell,2026-03-24 12:52:17,2026-03-24 12:52:32,XAUUSD.f,0.01,4414.38,0.31,15.0,0.25,True,0.31,0,2026-03-24,12,52,50,Tuesday,2026-03,2026Q1,08:00-12:59,65.01666666666667,62.266666666666666,3.09,True,628.2099999999998,False,0,False
90080406,Buy,2026-03-24 15:58:26,2026-03-24 15:59:58,XAUUSD.f,0.01,4379.38,-0.32,92.0,1.5333333333333334,False,-0.32,1,2026-03-24,15,58,55,Tuesday,2026-03,2026Q1,13:00-16:59,186.15,185.9,0.31,True,628.5199999999998,False,0,False
90081363,Buy,2026-03-24 16:11:15,2026-03-24 16:12:55,XAUUSD.f,0.01,4373.05,4.79,100.0,1.6666666666666667,True,4.79,1,2026-03-24,16,11,10,Tuesday,2026-03,2026Q1,13:00-16:59,12.816666666666666,11.283333333333333,-0.32,False,628.1999999999997,True,0,False
90188256,Buy,2026-03-25 08:35:47,2026-03-25 08:40:21,XAUUSD.f,0.01,4554.47,3.9,274.0,4.566666666666666,True,3.9,1,2026-03-25,8,35,35,Wednesday,2026-03,2026Q1,08:00-12:59,984.5333333333333,982.8666666666667,4.79,True,632.9899999999997,True,0,False
90192607,Sell,2026-03-25 11:00:18,2026-03-25 11:00:31,XAUUSD.f,0.01,4538.29,-1.31,13.0,0.21666666666666667,False,-1.31,0,2026-03-25,11,0,0,Wednesday,2026-03,2026Q1,08:00-12:59,144.51666666666668,139.95,3.9,True,636.8899999999996,False,0,False
90194077,Buy,2026-03-25 11:38:04,2026-03-25 11:44:39,XAUUSD.f,0.01,4562.31,3.0,395.0,6.583333333333333,True,3.0,1,2026-03-25,11,38,35,Wednesday,2026-03,2026Q1,08:00-12:59,37.766666666666666,37.55,-1.31,False,635.5799999999997,False,0,False
90297337,Buy,2026-03-26 10:48:11,2026-03-26 10:48:39,XAUUSD.f,0.01,4454.88,2.62,28.0,0.4666666666666667,True,2.62,1,2026-03-26,10,48,45,Thursday,2026-03,2026Q1,08:00-12:59,1390.1166666666666,1383.5333333333333,3.0,True,638.5799999999997,True,0,False
90303019,Buy,2026-03-26 13:49:34,2026-03-26 13:50:38,XAUUSD.f,0.01,4436.97,9.85,64.0,1.0666666666666667,True,9.85,1,2026-03-26,13,49,45,Thursday,2026-03,2026Q1,13:00-16:59,181.38333333333333,180.91666666666666,2.62,True,641.1999999999997,True,0,False
90367910,Buy,2026-03-27 10:43:56,2026-03-27 10:48:54,XAUUSD.f,0.01,4447.18,3.72,298.0,4.966666666666667,True,3.72,1,2026-03-27,10,43,40,Friday,2026-03,2026Q1,08:00-12:59,1254.3666666666666,1253.3,9.85,True,651.0499999999997,True,0,False
90383944,Buy,2026-03-27 17:23:51,2026-03-27 17:25:23,XAUUSD.f,0.01,4457.82,6.24,92.0,1.5333333333333334,True,6.24,1,2026-03-27,17,23,20,Friday,2026-03,2026Q1,17:00-21:59,399.9166666666667,394.95,3.72,True,654.7699999999998,True,0,False
90446737,Sell,2026-03-30 10:30:21,2026-03-30 10:46:25,XAUUSD.f,0.01,4525.59,4.07,964.0,16.066666666666666,True,4.07,0,2026-03-30,10,30,30,Monday,2026-03,2026Q1,08:00-12:59,3906.5,3904.9666666666667,6.24,True,661.0099999999998,False,0,False
90450144,Buy,2026-03-30 14:14:39,2026-03-30 14:15:03,XAUUSD.f,0.01,4540.05,-2.03,24.0,0.4,False,-2.03,1,2026-03-30,14,14,10,Monday,2026-03,2026Q1,13:00-16:59,224.3,208.23333333333332,4.07,True,665.0799999999998,False,0,False
90468624,Sell,2026-03-30 14:52:48,2026-03-30 14:54:29,XAUUSD.f,0.01,4578.01,5.27,101.0,1.6833333333333333,True,5.27,0,2026-03-30,14,52,50,Monday,2026-03,2026Q1,13:00-16:59,38.15,37.75,-2.03,False,663.0499999999998,False,0,False
90670870,Buy,2026-03-31 08:16:35,2026-03-31 08:23:15,XAUUSD.f,0.01,4555.83,4.39,400.0,6.666666666666667,True,4.39,1,2026-03-31,8,16,15,Tuesday,2026-03,2026Q1,08:00-12:59,1043.7833333333333,1042.1,5.27,True,668.3199999999998,False,0,False
90689174,Buy,2026-03-31 15:00:37,2026-03-31 15:03:21,XAUUSD.f,0.01,4582.99,1.47,164.0,2.7333333333333334,True,1.47,1,2026-03-31,15,0,0,Tuesday,2026-03,2026Q1,13:00-16:59,404.03333333333336,397.3666666666667,4.39,True,672.7099999999998,True,0,False
90724112,Buy,2026-03-31 20:13:28,2026-03-31 20:17:12,XAUUSD.f,0.01,4640.88,1.53,224.0,3.7333333333333334,True,1.53,1,2026-03-31,20,13,10,Tuesday,2026-03,2026Q1,17:00-21:59,312.85,310.1166666666667,1.47,True,674.1799999999998,True,0,False
90765592,Sell,2026-04-01 07:08:40,2026-04-01 07:16:11,XAUUSD.f,0.01,4676.78,3.67,451.0,7.516666666666667,True,3.67,0,2026-04-01,7,8,5,Wednesday,2026-04,2026Q2,00:00-07:59,655.2,651.4666666666667,1.53,True,675.7099999999998,False,0,False
90783770,Sell,2026-04-01 13:01:41,2026-04-01 13:12:15,XAUUSD.f,0.01,4722.02,3.32,634.0,10.566666666666666,True,3.32,0,2026-04-01,13,1,0,Wednesday,2026-04,2026Q2,13:00-16:59,353.01666666666665,345.5,3.67,True,679.3799999999998,True,0,False
90900649,Sell,2026-04-02 14:51:54,2026-04-02 14:55:50,XAUUSD.f,0.01,4609.23,7.5,236.0,3.933333333333333,True,7.5,0,2026-04-02,14,51,50,Thursday,2026-04,2026Q2,13:00-16:59,1550.2166666666667,1539.65,3.32,True,682.6999999999998,True,0,False
90927563,Sell,2026-04-02 20:40:31,2026-04-02 20:40:49,XAUUSD.f,0.01,4656.39,-1.09,18.0,0.3,False,-1.09,0,2026-04-02,20,40,40,Thursday,2026-04,2026Q2,17:00-21:59,348.6166666666667,344.68333333333334,7.5,True,690.1999999999998,True,0,False
90928037,Sell,2026-04-02 21:05:43,2026-04-02 21:09:10,XAUUSD.f,0.01,4658.23,1.74,207.0,3.45,True,1.74,0,2026-04-02,21,5,5,Thursday,2026-04,2026Q2,17:00-21:59,25.2,24.9,-1.09,False,689.1099999999998,True,0,False
90964953,Sell,2026-04-06 09:32:16,2026-04-06 09:43:01,XAUUSD.f,0.01,4658.67,2.34,645.0,10.75,True,2.34,0,2026-04-06,9,32,30,Monday,2026-04,2026Q2,08:00-12:59,5066.55,5063.1,1.74,True,690.8499999999998,True,0,False
90967915,Sell,2026-04-06 13:38:30,2026-04-06 13:39:26,XAUUSD.f,0.01,4690.94,-0.77,56.0,0.9333333333333333,False,-0.77,0,2026-04-06,13,38,35,Monday,2026-04,2026Q2,13:00-16:59,246.23333333333332,235.48333333333332,2.34,True,693.1899999999998,True,0,False
90970712,Sell,2026-04-06 15:20:14,2026-04-06 15:24:49,XAUUSD.f,0.01,4668.5,3.9,275.0,4.583333333333333,True,3.9,0,2026-04-06,15,20,20,Monday,2026-04,2026Q2,13:00-16:59,101.73333333333333,100.8,-0.77,False,692.4199999999998,True,0,False
91022147,Buy,2026-04-07 09:04:07,2026-04-07 09:04:55,XAUUSD.f,0.01,4642.04,1.88,48.0,0.8,True,1.88,1,2026-04-07,9,4,0,Tuesday,2026-04,2026Q2,08:00-12:59,1063.8833333333334,1059.3,3.9,True,696.3199999999998,False,0,False
91024794,Sell,2026-04-07 11:02:14,2026-04-07 11:04:48,XAUUSD.f,0.01,4657.11,4.19,154.0,2.566666666666667,True,4.19,0,2026-04-07,11,2,0,Tuesday,2026-04,2026Q2,08:00-12:59,118.11666666666666,117.31666666666666,1.88,True,698.1999999999998,False,0,False
91045329,Buy,2026-04-07 16:21:19,2026-04-07 16:31:22,XAUUSD.f,0.01,4652.83,1.86,603.0,10.05,True,1.86,1,2026-04-07,16,21,20,Tuesday,2026-04,2026Q2,13:00-16:59,319.0833333333333,316.51666666666665,4.19,True,702.3899999999999,False,0,False
91124606,Buy,2026-04-08 08:51:27,2026-04-08 08:53:05,XAUUSD.f,0.01,4832.95,8.9,98.0,1.6333333333333333,True,8.9,1,2026-04-08,8,51,50,Wednesday,2026-04,2026Q2,08:00-12:59,990.1333333333333,980.0833333333334,1.86,True,704.2499999999999,True,0,False
91162669,Buy,2026-04-08 18:32:24,2026-04-08 18:37:00,XAUUSD.f,0.01,4754.91,5.42,276.0,4.6,True,5.42,1,2026-04-08,18,32,30,Wednesday,2026-04,2026Q2,17:00-21:59,580.95,579.3166666666667,8.9,True,713.1499999999999,True,0,False
91200522,Buy,2026-04-09 08:36:36,2026-04-09 08:49:12,XAUUSD.f,0.01,4716.78,0.06,756.0,12.6,True,0.06,1,2026-04-09,8,36,35,Thursday,2026-04,2026Q2,08:00-12:59,844.2,839.6,5.42,True,718.5699999999998,True,0,False
91202282,Sell,2026-04-09 09:07:52,2026-04-09 09:31:20,XAUUSD.f,0.01,4722.92,2.25,1408.0,23.466666666666665,True,2.25,0,2026-04-09,9,7,5,Thursday,2026-04,2026Q2,08:00-12:59,31.266666666666666,18.666666666666668,0.06,True,718.6299999999998,False,0,False
91206718,Buy,2026-04-09 11:06:30,2026-04-09 11:15:00,XAUUSD.f,0.01,4720.48,2.93,510.0,8.5,True,2.93,1,2026-04-09,11,6,5,Thursday,2026-04,2026Q2,08:00-12:59,118.63333333333334,95.16666666666667,2.25,True,720.8799999999998,False,0,False
91227583,Buy,2026-04-09 16:53:03,2026-04-09 16:53:35,XAUUSD.f,0.01,4762.11,2.31,32.0,0.5333333333333333,True,2.31,1,2026-04-09,16,53,50,Thursday,2026-04,2026Q2,13:00-16:59,346.55,338.05,2.93,True,723.8099999999997,True,0,False
91267065,Buy,2026-04-10 08:14:46,2026-04-10 08:15:19,XAUUSD.f,0.01,4760.4,-1.88,33.0,0.55,False,-1.88,1,2026-04-10,8,14,10,Friday,2026-04,2026Q2,08:00-12:59,921.7166666666667,921.1833333333333,2.31,True,726.1199999999997,True,0,False
91267485,Buy,2026-04-10 08:30:33,2026-04-10 08:47:06,XAUUSD.f,0.01,4760.62,4.78,993.0,16.55,True,4.78,1,2026-04-10,8,30,30,Friday,2026-04,2026Q2,08:00-12:59,15.783333333333333,15.233333333333333,-1.88,False,724.2399999999997,True,0,False
91276550,Buy,2026-04-10 14:42:46,2026-04-10 15:00:36,XAUUSD.f,0.01,4761.93,5.46,1070.0,17.833333333333332,True,5.46,1,2026-04-10,14,42,40,Friday,2026-04,2026Q2,13:00-16:59,372.21666666666664,355.6666666666667,4.78,True,729.0199999999996,True,0,False
91352434,Buy,2026-04-13 09:00:33,2026-04-13 09:31:12,XAUUSD.f,0.01,4728.93,3.06,1839.0,30.65,True,3.06,1,2026-04-13,9,0,0,Monday,2026-04,2026Q2,08:00-12:59,3977.7833333333333,3959.95,5.46,True,734.4799999999997,True,0,False
91356501,Sell,2026-04-13 11:14:05,2026-04-13 11:15:39,XAUUSD.f,0.01,4734.02,2.56,94.0,1.5666666666666667,True,2.56,0,2026-04-13,11,14,10,Monday,2026-04,2026Q2,08:00-12:59,133.53333333333333,102.88333333333334,3.06,True,737.5399999999996,False,0,False
91397685,Buy,2026-04-13 18:37:59,2026-04-13 18:39:33,XAUUSD.f,0.01,4713.36,2.98,94.0,1.5666666666666667,True,2.98,1,2026-04-13,18,37,35,Monday,2026-04,2026Q2,17:00-21:59,443.9,442.3333333333333,2.56,True,740.0999999999996,False,0,False
91431248,Buy,2026-04-14 09:44:43,2026-04-14 09:47:16,XAUUSD.f,0.01,4768.65,4.42,153.0,2.55,True,4.42,1,2026-04-14,9,44,40,Tuesday,2026-04,2026Q2,08:00-12:59,906.7333333333333,905.1666666666666,2.98,True,743.0799999999996,True,0,False
91448019,Sell,2026-04-14 15:20:42,2026-04-14 15:23:34,XAUUSD.f,0.01,4768.7,1.1,172.0,2.8666666666666667,True,1.1,0,2026-04-14,15,20,20,Tuesday,2026-04,2026Q2,13:00-16:59,335.98333333333335,333.43333333333334,4.42,True,747.4999999999995,False,0,False
91488864,Buy,2026-04-14 20:38:32,2026-04-14 20:52:28,XAUUSD.f,0.01,4834.27,3.37,836.0,13.933333333333334,True,3.37,1,2026-04-14,20,38,35,Tuesday,2026-04,2026Q2,17:00-21:59,317.8333333333333,314.96666666666664,1.1,True,748.5999999999996,False,0,False
91515698,Sell,2026-04-15 09:13:14,2026-04-15 09:29:49,XAUUSD.f,0.01,4819.15,4.27,995.0,16.583333333333332,True,4.27,0,2026-04-15,9,13,10,Wednesday,2026-04,2026Q2,08:00-12:59,754.7,740.7666666666667,3.37,True,751.9699999999996,False,0,False
91531357,Sell,2026-04-15 16:00:14,2026-04-15 16:19:54,XAUUSD.f,0.01,4815.58,2.0,1180.0,19.666666666666668,True,2.0,0,2026-04-15,16,0,0,Wednesday,2026-04,2026Q2,13:00-16:59,407.0,390.4166666666667,4.27,True,756.2399999999996,True,0,False
91585973,Buy,2026-04-16 09:43:59,2026-04-16 09:46:43,XAUUSD.f,0.01,4819.6,3.38,164.0,2.7333333333333334,True,3.38,1,2026-04-16,9,43,40,Thursday,2026-04,2026Q2,08:00-12:59,1063.75,1044.0833333333333,2.0,True,758.2399999999996,False,0,False
91596159,Sell,2026-04-16 15:36:23,2026-04-16 15:50:58,XAUUSD.f,0.01,4819.54,2.19,875.0,14.583333333333334,True,2.19,0,2026-04-16,15,36,35,Thursday,2026-04,2026Q2,13:00-16:59,352.4,349.6666666666667,3.38,True,761.6199999999995,False,0,False
91645065,Sell,2026-04-17 08:14:54,2026-04-17 08:40:27,XAUUSD.f,0.01,4805.2,4.0,1533.0,25.55,True,4.0,0,2026-04-17,8,14,10,Friday,2026-04,2026Q2,08:00-12:59,998.5166666666667,983.9333333333333,2.19,True,763.8099999999996,True,0,False
91655142,Buy,2026-04-17 13:51:42,2026-04-17 14:12:17,XAUUSD.f,0.01,4783.65,3.8,1235.0,20.583333333333332,True,3.8,1,2026-04-17,13,51,50,Friday,2026-04,2026Q2,13:00-16:59,336.8,311.25,4.0,True,767.8099999999996,False,0,False
91740834,Sell,2026-04-20 08:41:45,2026-04-20 08:45:12,XAUUSD.f,0.01,4786.71,4.4,207.0,3.45,True,4.4,0,2026-04-20,8,41,40,Monday,2026-04,2026Q2,08:00-12:59,4010.05,3989.4666666666667,3.8,True,771.6099999999996,False,0,False
91776198,Sell,2026-04-20 18:25:31,2026-04-20 18:29:06,XAUUSD.f,0.01,4804.88,-1.53,215.0,3.5833333333333335,False,-1.53,0,2026-04-20,18,25,25,Monday,2026-04,2026Q2,17:00-21:59,583.7666666666667,580.3166666666667,4.4,True,776.0099999999995,True,0,False
91797166,Buy,2026-04-21 07:24:24,2026-04-21 07:28:52,XAUUSD.f,0.01,4791.72,0.82,268.0,4.466666666666667,True,0.82,1,2026-04-21,7,24,20,Tuesday,2026-04,2026Q2,00:00-07:59,778.8833333333333,775.3,-1.53,False,774.4799999999996,False,0,False
91806444,Buy,2026-04-21 10:42:50,2026-04-21 10:56:42,XAUUSD.f,0.01,4783.67,5.19,832.0,13.866666666666667,True,5.19,1,2026-04-21,10,42,40,Tuesday,2026-04,2026Q2,08:00-12:59,198.43333333333334,193.96666666666667,0.82,True,775.2999999999996,True,0,False
91824729,Buy,2026-04-21 17:01:47,2026-04-21 17:09:31,XAUUSD.f,0.01,4777.82,3.78,464.0,7.733333333333333,True,3.78,1,2026-04-21,17,1,0,Tuesday,2026-04,2026Q2,17:00-21:59,378.95,365.0833333333333,5.19,True,780.4899999999997,True,0,False
91863976,Sell,2026-04-22 08:22:08,2026-04-22 08:41:48,XAUUSD.f,0.01,4770.12,3.89,1180.0,19.666666666666668,True,3.89,0,2026-04-22,8,22,20,Wednesday,2026-04,2026Q2,08:00-12:59,920.35,912.6166666666667,3.78,True,784.2699999999996,False,0,False
91873683,Sell,2026-04-22 15:29:56,2026-04-22 15:41:37,XAUUSD.f,0.01,4755.12,7.53,701.0,11.683333333333334,True,7.53,0,2026-04-22,15,29,25,Wednesday,2026-04,2026Q2,13:00-16:59,427.8,408.1333333333333,3.89,True,788.1599999999996,True,0,False
91919177,Buy,2026-04-23 08:30:37,2026-04-23 08:40:07,XAUUSD.f,0.01,4698.9,2.69,570.0,9.5,True,2.69,1,2026-04-23,8,30,30,Thursday,2026-04,2026Q2,08:00-12:59,1020.6833333333333,1009.0,7.53,True,795.6899999999996,False,0,False
91954421,Buy,2026-04-23 20:58:13,2026-04-23 21:08:22,XAUUSD.f,0.01,4708.33,2.91,609.0,10.15,True,2.91,1,2026-04-23,20,58,55,Thursday,2026-04,2026Q2,17:00-21:59,747.6,738.1,2.69,True,798.3799999999997,True,0,False
91973017,Sell,2026-04-24 11:25:06,2026-04-24 11:31:35,XAUUSD.f,0.01,4690.11,3.17,389.0,6.483333333333333,True,3.17,0,2026-04-24,11,25,25,Friday,2026-04,2026Q2,08:00-12:59,866.8833333333333,856.7333333333333,2.91,True,801.2899999999996,False,0,False
91984519,Buy,2026-04-24 16:32:20,2026-04-24 16:38:46,XAUUSD.f,0.01,4691.77,5.78,386.0,6.433333333333334,True,5.78,1,2026-04-24,16,32,30,Friday,2026-04,2026Q2,13:00-16:59,307.23333333333335,300.75,3.17,True,804.4599999999996,False,0,False
92024986,Buy,2026-04-27 06:37:58,2026-04-27 07:23:16,XAUUSD.f,0.01,4722.65,3.9,2718.0,45.3,True,3.9,1,2026-04-27,6,37,35,Monday,2026-04,2026Q2,00:00-07:59,3725.633333333333,3719.2,5.78,True,810.2399999999996,True,0,False
92029007,Sell,2026-04-27 11:51:00,2026-04-27 12:12:14,XAUUSD.f,0.01,4709.01,4.28,1274.0,21.233333333333334,True,4.28,0,2026-04-27,11,51,50,Monday,2026-04,2026Q2,08:00-12:59,313.03333333333336,267.73333333333335,3.9,True,814.1399999999995,False,0,False
92067522,Buy,2026-04-28 09:04:14,2026-04-28 09:14:44,XAUUSD.f,0.01,4631.5,7.36,630.0,10.5,True,7.36,1,2026-04-28,9,4,0,Tuesday,2026-04,2026Q2,08:00-12:59,1273.2333333333333,1252.0,4.28,True,818.4199999999995,False,0,False
92099847,Buy,2026-04-28 19:35:59,2026-04-28 19:38:28,XAUUSD.f,0.01,4582.29,2.23,149.0,2.4833333333333334,True,2.23,1,2026-04-28,19,35,35,Tuesday,2026-04,2026Q2,17:00-21:59,631.75,621.25,7.36,True,825.7799999999995,True,0,False
92117158,Buy,2026-04-29 09:00:38,2026-04-29 09:04:05,XAUUSD.f,0.01,4593.37,2.98,207.0,3.45,True,2.98,1,2026-04-29,9,0,0,Wednesday,2026-04,2026Q2,08:00-12:59,804.65,802.1666666666666,2.23,True,828.0099999999995,True,0,False
92125361,Sell,2026-04-29 13:38:23,2026-04-29 13:43:56,XAUUSD.f,0.01,4571.93,3.82,333.0,5.55,True,3.82,0,2026-04-29,13,38,35,Wednesday,2026-04,2026Q2,13:00-16:59,277.75,274.3,2.98,True,830.9899999999996,False,0,False
92181621,Buy,2026-04-30 13:58:53,2026-04-30 14:03:51,XAUUSD.f,0.01,4634.47,5.54,298.0,4.966666666666667,True,5.54,1,2026-04-30,13,58,55,Thursday,2026-04,2026Q2,13:00-16:59,1460.5,1454.95,3.82,True,834.8099999999996,False,0,False
92218142,Sell,2026-05-01 09:16:51,2026-05-01 10:12:50,XAUUSD.f,0.01,4600.22,4.15,3359.0,55.983333333333334,True,4.15,0,2026-05-01,9,16,15,Friday,2026-05,2026Q2,08:00-12:59,1157.9666666666667,1153.0,5.54,True,840.3499999999996,False,0,False
92274667,Buy,2026-05-04 08:18:10,2026-05-04 08:19:50,XAUUSD.f,0.01,4603.12,8.74,100.0,1.6666666666666667,True,8.74,1,2026-05-04,8,18,15,Monday,2026-05,2026Q2,08:00-12:59,4261.316666666667,4205.333333333333,4.15,True,844.4999999999995,False,0,False
92286476,Sell,2026-05-04 13:52:28,2026-05-04 13:54:59,XAUUSD.f,0.01,4564.23,1.77,151.0,2.5166666666666666,True,1.77,0,2026-05-04,13,52,50,Monday,2026-05,2026Q2,13:00-16:59,334.3,332.6333333333333,8.74,True,853.2399999999996,False,0,False
92319804,Buy,2026-05-04 20:24:33,2026-05-04 20:26:06,XAUUSD.f,0.01,4527.89,-2.54,93.0,1.55,False,-2.54,1,2026-05-04,20,24,20,Monday,2026-05,2026Q2,17:00-21:59,392.0833333333333,389.56666666666666,1.77,True,855.0099999999995,False,0,False
92331897,Sell,2026-05-05 06:17:31,2026-05-05 06:33:02,XAUUSD.f,0.01,4541.33,3.38,931.0,15.516666666666667,True,3.38,0,2026-05-05,6,17,15,Tuesday,2026-05,2026Q2,00:00-07:59,592.9666666666667,591.4166666666666,-2.54,False,852.4699999999996,False,0,False
92342438,Sell,2026-05-05 13:41:28,2026-05-05 13:51:12,XAUUSD.f,0.01,4548.47,4.84,584.0,9.733333333333333,True,4.84,0,2026-05-05,13,41,40,Tuesday,2026-05,2026Q2,13:00-16:59,443.95,428.43333333333334,3.38,True,855.8499999999996,True,0,False
92396538,Sell,2026-05-06 08:30:50,2026-05-06 08:33:02,XAUUSD.f,0.01,4649.56,1.28,132.0,2.2,True,1.28,0,2026-05-06,8,30,30,Wednesday,2026-05,2026Q2,08:00-12:59,1129.3666666666666,1119.6333333333334,4.84,True,860.6899999999996,True,0,False
92408965,Sell,2026-05-06 12:41:15,2026-05-06 12:46:00,XAUUSD.f,0.01,4699.99,3.79,285.0,4.75,True,3.79,0,2026-05-06,12,41,40,Wednesday,2026-05,2026Q2,08:00-12:59,250.41666666666666,248.21666666666667,1.28,True,861.9699999999996,True,0,False
92461110,Buy,2026-05-07 07:56:52,2026-05-07 08:07:54,XAUUSD.f,0.01,4694.78,3.81,662.0,11.033333333333333,True,3.81,1,2026-05-07,7,56,55,Thursday,2026-05,2026Q2,00:00-07:59,1155.6166666666666,1150.8666666666666,3.79,True,865.7599999999995,False,0,False
92535886,Sell,2026-05-07 19:37:09,2026-05-07 19:45:45,XAUUSD.f,0.01,4716.22,4.16,516.0,8.6,True,4.16,0,2026-05-07,19,37,35,Thursday,2026-05,2026Q2,17:00-21:59,700.2833333333333,689.25,3.81,True,869.5699999999995,False,0,False
92561346,Sell,2026-05-08 09:30:27,2026-05-08 09:39:06,XAUUSD.f,0.01,4732.98,5.57,519.0,8.65,True,5.57,0,2026-05-08,9,30,30,Friday,2026-05,2026Q2,08:00-12:59,833.3,824.7,4.16,True,873.7299999999994,True,0,False
92611594,Buy,2026-05-11 07:03:52,2026-05-11 07:10:26,XAUUSD.f,0.01,4674.86,2.56,394.0,6.566666666666666,True,2.56,1,2026-05-11,7,3,0,Monday,2026-05,2026Q2,00:00-07:59,4173.416666666667,4164.766666666666,5.57,True,879.2999999999995,False,0,False
92626347,Sell,2026-05-11 15:38:02,2026-05-11 15:45:50,XAUUSD.f,0.01,4696.5,1.66,468.0,7.8,True,1.66,0,2026-05-11,15,38,35,Monday,2026-05,2026Q2,13:00-16:59,514.1666666666666,507.6,2.56,True,881.8599999999994,False,0,False
92649888,Buy,2026-05-12 05:30:04,2026-05-12 06:18:08,XAUUSD.f,0.01,4722.52,4.27,2884.0,48.06666666666667,True,4.27,1,2026-05-12,5,30,30,Tuesday,2026-05,2026Q2,00:00-07:59,832.0333333333333,824.2333333333333,1.66,True,883.5199999999994,False,0,False
92660254,Buy,2026-05-12 13:41:21,2026-05-12 14:01:20,XAUUSD.f,0.01,4688.79,2.73,1199.0,19.983333333333334,True,2.73,1,2026-05-12,13,41,40,Tuesday,2026-05,2026Q2,13:00-16:59,491.28333333333336,443.21666666666664,4.27,True,887.7899999999994,True,0,False
92699406,Buy,2026-05-13 08:32:18,2026-05-13 08:38:05,XAUUSD.f,0.01,4696.22,3.18,347.0,5.783333333333333,True,3.18,1,2026-05-13,8,32,30,Wednesday,2026-05,2026Q2,08:00-12:59,1130.95,1110.9666666666667,2.73,True,890.5199999999994,True,0,False
92704162,Sell,2026-05-13 13:32:46,2026-05-13 13:46:28,XAUUSD.f,0.01,4698.28,2.59,822.0,13.7,True,2.59,0,2026-05-13,13,32,30,Wednesday,2026-05,2026Q2,13:00-16:59,300.46666666666664,294.68333333333334,3.18,True,893.6999999999994,False,0,False
92707912,Buy,2026-05-13 16:16:14,2026-05-13 16:17:46,XAUUSD.f,0.01,4688.92,-2.09,92.0,1.5333333333333334,False,-2.09,1,2026-05-13,16,16,15,Wednesday,2026-05,2026Q2,13:00-16:59,163.46666666666667,149.76666666666668,2.59,True,896.2899999999994,False,0,False
92708453,Sell,2026-05-13 16:27:45,2026-05-13 16:29:24,XAUUSD.f,0.01,4692.21,1.18,99.0,1.65,True,1.18,0,2026-05-13,16,27,25,Wednesday,2026-05,2026Q2,13:00-16:59,11.516666666666667,9.983333333333333,-2.09,False,894.1999999999994,False,0,False
92749649,Sell,2026-05-14 07:37:00,2026-05-14 07:54:42,XAUUSD.f,0.01,4709.23,2.85,1062.0,17.7,True,2.85,0,2026-05-14,7,37,35,Thursday,2026-05,2026Q2,00:00-07:59,909.25,907.6,1.18,True,895.3799999999993,True,0,False
92755985,Buy,2026-05-14 14:27:21,2026-05-14 14:35:08,XAUUSD.f,0.01,4691.09,2.64,467.0,7.783333333333333,True,2.64,1,2026-05-14,14,27,25,Thursday,2026-05,2026Q2,13:00-16:59,410.35,392.65,2.85,True,898.2299999999993,False,0,False
92794484,Sell,2026-05-15 06:52:48,2026-05-15 06:56:18,XAUUSD.f,0.01,4615.85,4.14,210.0,3.5,True,4.14,0,2026-05-15,6,52,50,Friday,2026-05,2026Q2,00:00-07:59,985.45,977.6666666666666,2.64,True,900.8699999999993,False,0,False
92816284,Sell,2026-05-15 14:15:09,2026-05-15 14:32:57,XAUUSD.f,0.01,4567.8,7.18,1068.0,17.8,True,7.18,0,2026-05-15,14,15,15,Friday,2026-05,2026Q2,13:00-16:59,442.35,438.85,4.14,True,905.0099999999993,True,0,False
92863125,Buy,2026-05-18 09:44:22,2026-05-18 09:55:57,XAUUSD.f,0.01,4538.98,7.45,695.0,11.583333333333334,True,7.45,1,2026-05-18,9,44,40,Monday,2026-05,2026Q2,08:00-12:59,4049.2166666666667,4031.4166666666665,7.18,True,912.1899999999993,False,0,False
92873305,Buy,2026-05-18 16:08:58,2026-05-18 16:10:38,XAUUSD.f,0.01,4566.67,-2.38,100.0,1.6666666666666667,False,-2.38,1,2026-05-18,16,8,5,Monday,2026-05,2026Q2,13:00-16:59,384.6,373.01666666666665,7.45,True,919.6399999999993,True,0,False
92878258,Sell,2026-05-18 17:35:04,2026-05-18 17:36:02,XAUUSD.f,0.01,4550.25,4.72,58.0,0.9666666666666667,True,4.72,0,2026-05-18,17,35,35,Monday,2026-05,2026Q2,17:00-21:59,86.1,84.43333333333334,-2.38,False,917.2599999999993,False,0,False
92901499,Sell,2026-05-19 06:40:39,2026-05-19 06:48:46,XAUUSD.f,0.01,4551.85,2.9,487.0,8.116666666666667,True,2.9,0,2026-05-19,6,40,40,Tuesday,2026-05,2026Q2,00:00-07:59,785.5833333333334,784.6166666666667,4.72,True,921.9799999999993,True,0,False
92905766,Sell,2026-05-19 10:09:51,2026-05-19 10:30:50,XAUUSD.f,0.01,4551.78,4.06,1259.0,20.983333333333334,True,4.06,0,2026-05-19,10,9,5,Tuesday,2026-05,2026Q2,08:00-12:59,209.2,201.08333333333334,2.9,True,924.8799999999993,True,0,False
92943988,Buy,2026-05-20 09:00:09,2026-05-20 09:01:47,XAUUSD.f,0.01,4471.76,3.4,98.0,1.6333333333333333,True,3.4,1,2026-05-20,9,0,0,Wednesday,2026-05,2026Q2,08:00-12:59,1370.3,1349.3166666666666,4.06,True,928.9399999999993,False,0,False
92991008,Sell,2026-05-21 09:39:49,2026-05-21 09:54:47,XAUUSD.f,0.01,4528.46,5.53,898.0,14.966666666666667,True,5.53,0,2026-05-21,9,39,35,Thursday,2026-05,2026Q2,08:00-12:59,1479.6666666666667,1478.0333333333333,3.4,True,932.3399999999992,False,0,False
93028917,Sell,2026-05-22 07:41:02,2026-05-22 07:45:37,XAUUSD.f,0.01,4526.58,-2.66,275.0,4.583333333333333,False,-2.66,0,2026-05-22,7,41,40,Friday,2026-05,2026Q2,00:00-07:59,1321.2166666666667,1306.25,5.53,True,937.8699999999992,True,0,False
93029514,Buy,2026-05-22 08:36:56,2026-05-22 08:40:30,XAUUSD.f,0.01,4530.06,3.09,214.0,3.566666666666667,True,3.09,1,2026-05-22,8,36,35,Friday,2026-05,2026Q2,08:00-12:59,55.9,51.31666666666667,-2.66,False,935.2099999999992,False,0,False
93037747,Sell,2026-05-22 15:30:46,2026-05-22 15:33:14,XAUUSD.f,0.01,4522.59,4.0,148.0,2.466666666666667,True,4.0,0,2026-05-22,15,30,30,Friday,2026-05,2026Q2,13:00-16:59,413.8333333333333,410.26666666666665,3.09,True,938.2999999999993,False,0,False
93064584,Buy,2026-05-25 09:09:03,2026-05-25 09:28:09,XAUUSD.f,0.02,4551.65,6.5,1146.0,19.1,True,3.25,1,2026-05-25,9,9,5,Monday,2026-05,2026Q2,08:00-12:59,3938.2833333333333,3935.8166666666666,4.0,True,942.2999999999993,False,0,False
93070782,Sell,2026-05-25 15:59:41,2026-05-25 16:02:57,XAUUSD.f,0.01,4568.44,5.24,196.0,3.2666666666666666,True,5.24,0,2026-05-25,15,59,55,Monday,2026-05,2026Q2,13:00-16:59,410.6333333333333,391.53333333333336,6.5,True,948.7999999999993,False,0,False
93086094,Sell,2026-05-26 08:40:30,2026-05-26 08:57:17,XAUUSD.f,0.01,4532.04,4.61,1007.0,16.783333333333335,True,4.61,0,2026-05-26,8,40,40,Tuesday,2026-05,2026Q2,08:00-12:59,1000.8166666666667,997.55,5.24,True,954.0399999999993,True,0,False
93091481,Sell,2026-05-26 13:48:28,2026-05-26 13:51:18,XAUUSD.f,0.01,4535.78,-2.57,170.0,2.8333333333333335,False,-2.57,0,2026-05-26,13,48,45,Tuesday,2026-05,2026Q2,13:00-16:59,307.96666666666664,291.18333333333334,4.61,True,958.6499999999993,True,0,False
93095183,Sell,2026-05-26 15:35:27,2026-05-26 15:40:56,XAUUSD.f,0.01,4509.03,4.17,329.0,5.483333333333333,True,4.17,0,2026-05-26,15,35,35,Tuesday,2026-05,2026Q2,13:00-16:59,106.98333333333333,104.15,-2.57,False,956.0799999999992,True,0,False
93121138,Sell,2026-05-27 09:21:22,2026-05-27 09:43:57,XAUUSD.f,0.01,4489.13,3.87,1355.0,22.583333333333332,True,3.87,0,2026-05-27,9,21,20,Wednesday,2026-05,2026Q2,08:00-12:59,1065.9166666666667,1060.4333333333334,4.17,True,960.2499999999992,True,0,False
93131167,Sell,2026-05-27 14:50:40,2026-05-27 15:01:34,XAUUSD.f,0.01,4438.17,3.75,654.0,10.9,True,3.75,0,2026-05-27,14,50,50,Wednesday,2026-05,2026Q2,13:00-16:59,329.3,306.71666666666664,3.87,True,964.1199999999992,True,0,False
93169426,Sell,2026-05-28 07:11:24,2026-05-28 07:23:55,XAUUSD.f,0.01,4378.3,6.17,751.0,12.516666666666667,True,6.17,0,2026-05-28,7,11,10,Thursday,2026-05,2026Q2,00:00-07:59,980.7333333333333,969.8333333333334,3.75,True,967.8699999999992,True,0,False
93184362,Sell,2026-05-28 17:04:21,2026-05-28 17:06:49,XAUUSD.f,0.01,4424.02,-2.98,148.0,2.466666666666667,False,-2.98,0,2026-05-28,17,4,0,Thursday,2026-05,2026Q2,17:00-21:59,592.95,580.4333333333333,6.17,True,974.0399999999992,True,0,False
93199497,Buy,2026-05-28 20:45:24,2026-05-28 21:06:30,XAUUSD.f,0.01,4508.61,4.58,1266.0,21.1,True,4.58,1,2026-05-28,20,45,45,Thursday,2026-05,2026Q2,17:00-21:59,221.05,218.58333333333334,-2.98,False,971.0599999999991,False,0,False
93210316,Sell,2026-05-29 09:09:04,2026-05-29 09:13:41,XAUUSD.f,0.01,4515.02,2.66,277.0,4.616666666666666,True,2.66,0,2026-05-29,9,9,5,Friday,2026-05,2026Q2,08:00-12:59,743.6666666666666,722.5666666666667,4.58,True,975.6399999999992,False,0,False
93235333,Buy,2026-05-29 21:01:51,2026-05-29 21:42:51,XAUUSD.f,0.01,4553.24,6.35,2460.0,41.0,True,6.35,1,2026-05-29,21,1,0,Friday,2026-05,2026Q2,17:00-21:59,712.7833333333333,708.1666666666666,2.66,True,978.2999999999992,False,0,False
93252299,Sell,2026-06-01 11:07:05,2026-06-01 11:28:55,XAUUSD.f,0.01,4498.93,3.84,1310.0,21.833333333333332,True,3.84,0,2026-06-01,11,7,5,Monday,2026-06,2026Q2,08:00-12:59,3725.233333333333,3684.233333333333,6.35,True,984.6499999999992,False,0,False
93277546,Sell,2026-06-01 16:40:02,2026-06-01 16:41:39,XAUUSD.f,0.01,4472.54,5.5,97.0,1.6166666666666667,True,5.5,0,2026-06-01,16,40,40,Monday,2026-06,2026Q2,13:00-16:59,332.95,311.1166666666667,3.84,True,988.4899999999992,True,0,False
93309253,Sell,2026-06-02 16:27:01,2026-06-02 16:30:32,XAUUSD.f,0.01,4515.09,5.05,211.0,3.5166666666666666,True,5.05,0,2026-06-02,16,27,25,Tuesday,2026-06,2026Q2,13:00-16:59,1426.9833333333333,1425.3666666666666,5.5,True,993.9899999999992,True,0,False
93345132,Sell,2026-06-03 07:31:17,2026-06-03 07:50:55,XAUUSD.f,0.01,4476.49,4.54,1178.0,19.633333333333333,True,4.54,0,2026-06-03,7,31,30,Wednesday,2026-06,2026Q2,00:00-07:59,904.2666666666667,900.75,5.05,True,999.0399999999992,True,0,False
93360769,Sell,2026-06-03 18:19:30,2026-06-03 18:46:02,XAUUSD.f,0.01,4446.07,5.42,1592.0,26.533333333333335,True,5.42,0,2026-06-03,18,19,15,Wednesday,2026-06,2026Q2,17:00-21:59,648.2166666666667,628.5833333333334,4.54,True,1003.5799999999991,True,0,False
93376580,Sell,2026-06-04 09:02:48,2026-06-04 09:03:13,XAUUSD.f,0.01,4472.1,-3.03,25.0,0.4166666666666667,False,-3.03,0,2026-06-04,9,2,0,Thursday,2026-06,2026Q2,08:00-12:59,883.3,856.7666666666667,5.42,True,1008.9999999999991,True,0,False
93377409,Sell,2026-06-04 10:05:50,2026-06-04 10:13:26,XAUUSD.f,0.01,4469.47,5.21,456.0,7.6,True,5.21,0,2026-06-04,10,5,5,Thursday,2026-06,2026Q2,08:00-12:59,63.03333333333333,62.61666666666667,-3.03,False,1005.9699999999991,True,0,False
93404708,Sell,2026-06-05 07:16:51,2026-06-05 07:19:28,XAUUSD.f,0.01,4442.42,2.41,157.0,2.6166666666666667,True,2.41,0,2026-06-05,7,16,15,Friday,2026-06,2026Q2,00:00-07:59,1271.0166666666667,1263.4166666666667,5.21,True,1011.1799999999992,True,0,False
93411173,Sell,2026-06-05 14:55:49,2026-06-05 15:07:21,XAUUSD.f,0.01,4470.45,2.26,692.0,11.533333333333333,True,2.26,0,2026-06-05,14,55,55,Friday,2026-06,2026Q2,13:00-16:59,458.96666666666664,456.35,2.41,True,1013.5899999999991,True,0,False
93443489,Buy,2026-06-08 08:38:58,2026-06-08 08:42:07,XAUUSD.f,0.01,4279.91,2.95,189.0,3.15,True,2.95,1,2026-06-08,8,38,35,Monday,2026-06,2026Q2,08:00-12:59,3943.15,3931.616666666667,2.26,True,1015.8499999999991,False,0,False
93461391,Buy,2026-06-08 18:18:03,2026-06-08 18:22:58,XAUUSD.f,0.01,4324.16,8.15,295.0,4.916666666666667,True,8.15,1,2026-06-08,18,18,15,Monday,2026-06,2026Q2,17:00-21:59,579.0833333333334,575.9333333333333,2.95,True,1018.7999999999992,True,0,False
93474519,Sell,2026-06-09 10:32:19,2026-06-09 10:40:24,XAUUSD.f,0.01,4326.45,0.01,485.0,8.083333333333334,True,0.01,0,2026-06-09,10,32,30,Tuesday,2026-06,2026Q2,08:00-12:59,974.2666666666667,969.35,8.15,True,1026.9499999999991,False,0,False
93510992,Sell,2026-06-10 08:02:18,2026-06-10 08:06:00,XAUUSD.f,0.01,4177.67,1.99,222.0,3.7,True,1.99,0,2026-06-10,8,2,0,Wednesday,2026-06,2026Q2,08:00-12:59,1289.9833333333333,1281.9,0.01,True,1026.9599999999991,True,0,False
93557927,Buy,2026-06-11 09:36:08,2026-06-11 09:57:10,XAUUSD.f,0.01,4086.19,8.09,1262.0,21.033333333333335,True,8.09,1,2026-06-11,9,36,35,Thursday,2026-06,2026Q2,08:00-12:59,1533.8333333333333,1530.1333333333334,1.99,True,1028.9499999999991,False,0,False
93598278,Sell,2026-06-12 08:17:41,2026-06-12 08:27:33,XAUUSD.f,0.01,4185.65,-2.4,592.0,9.866666666666667,False,-2.4,0,2026-06-12,8,17,15,Friday,2026-06,2026Q2,08:00-12:59,1361.55,1340.5166666666667,8.09,True,1037.039999999999,False,0,False
93609754,Buy,2026-06-12 17:23:16,2026-06-12 17:29:50,XAUUSD.f,0.01,4184.03,5.87,394.0,6.566666666666666,True,5.87,1,2026-06-12,17,23,20,Friday,2026-06,2026Q2,17:00-21:59,545.5833333333334,535.7166666666667,-2.4,False,1034.639999999999,False,0,False
93631282,Sell,2026-06-15 08:44:57,2026-06-15 08:45:22,XAUUSD.f,0.01,4312.83,2.51,25.0,0.4166666666666667,True,2.51,0,2026-06-15,8,44,40,Monday,2026-06,2026Q2,08:00-12:59,3801.6833333333334,3795.116666666667,5.87,True,1040.5099999999989,False,0,False
93650934,Buy,2026-06-15 16:30:46,2026-06-15 16:41:37,XAUUSD.f,0.01,4355.08,10.07,651.0,10.85,True,10.07,1,2026-06-15,16,30,30,Monday,2026-06,2026Q2,13:00-16:59,465.81666666666666,465.4,2.51,True,1043.0199999999988,False,0,False
93681010,Sell,2026-06-16 13:18:40,2026-06-16 13:22:06,XAUUSD.f,0.01,4344.69,-1.7,206.0,3.433333333333333,False,-1.7,0,2026-06-16,13,18,15,Tuesday,2026-06,2026Q2,13:00-16:59,1247.9,1237.05,10.07,True,1053.0899999999988,False,0,False
93682742,Buy,2026-06-16 15:06:09,2026-06-16 15:11:57,XAUUSD.f,0.01,4339.92,3.27,348.0,5.8,True,3.27,1,2026-06-16,15,6,5,Tuesday,2026-06,2026Q2,13:00-16:59,107.48333333333333,104.05,-1.7,False,1051.3899999999987,False,0,False
93700747,Sell,2026-06-17 08:49:19,2026-06-17 08:58:07,XAUUSD.f,0.01,4332.93,6.92,528.0,8.8,True,6.92,0,2026-06-17,8,49,45,Wednesday,2026-06,2026Q2,08:00-12:59,1063.1666666666667,1057.3666666666666,3.27,True,1054.6599999999987,False,0,False
93757800,Sell,2026-06-18 18:09:38,2026-06-18 18:17:36,XAUUSD.f,0.01,4253.6,7.6,478.0,7.966666666666667,True,7.6,0,2026-06-18,18,9,5,Thursday,2026-06,2026Q2,17:00-21:59,2000.3166666666666,1991.5166666666667,6.92,True,1061.5799999999988,True,0,False
93776205,Sell,2026-06-19 08:32:37,2026-06-19 08:41:30,XAUUSD.f,0.01,4137.68,5.04,533.0,8.883333333333333,True,5.04,0,2026-06-19,8,32,30,Friday,2026-06,2026Q2,08:00-12:59,862.9833333333333,855.0166666666667,7.6,True,1069.1799999999987,True,0,False
93798546,Buy,2026-06-22 08:28:11,2026-06-22 08:39:30,XAUUSD.f,0.01,4189.21,6.82,679.0,11.316666666666666,True,6.82,1,2026-06-22,8,28,25,Monday,2026-06,2026Q2,08:00-12:59,4315.566666666667,4306.683333333333,5.04,True,1074.2199999999987,False,0,False
93832434,Buy,2026-06-23 06:39:04,2026-06-23 06:48:57,XAUUSD.f,0.01,4135.04,3.98,593.0,9.883333333333333,True,3.98,1,2026-06-23,6,39,35,Tuesday,2026-06,2026Q2,00:00-07:59,1330.8833333333334,1319.5666666666666,6.82,True,1081.0399999999986,True,0,False
93873774,Sell,2026-06-23 21:06:17,2026-06-23 21:32:06,XAUUSD.f,0.01,4127.31,4.54,1549.0,25.816666666666666,True,4.54,0,2026-06-23,21,6,5,Tuesday,2026-06,2026Q2,17:00-21:59,867.2166666666667,857.3333333333334,3.98,True,1085.0199999999986,False,0,False
93909211,Buy,2026-06-24 10:08:33,2026-06-24 10:15:20,XAUUSD.f,0.01,4088.7,-3.38,407.0,6.783333333333333,False,-3.38,1,2026-06-24,10,8,5,Wednesday,2026-06,2026Q2,08:00-12:59,782.2666666666667,756.45,4.54,True,1089.5599999999986,False,0,False
93935706,Buy,2026-06-24 16:41:19,2026-06-24 16:46:25,XAUUSD.f,0.01,4007.36,2.37,306.0,5.1,True,2.37,1,2026-06-24,16,41,40,Wednesday,2026-06,2026Q2,13:00-16:59,392.76666666666665,385.98333333333335,-3.38,False,1086.1799999999985,True,0,False
93990129,Buy,2026-06-25 07:19:16,2026-06-25 07:30:21,XAUUSD.f,0.01,3990.0,4.22,665.0,11.083333333333334,True,4.22,1,2026-06-25,7,19,15,Thursday,2026-06,2026Q2,00:00-07:59,877.95,872.85,2.37,True,1088.5499999999984,True,0,False
94051620,Buy,2026-06-25 19:46:01,2026-06-25 20:27:18,XAUUSD.f,0.01,4025.8,8.77,2477.0,41.28333333333333,True,8.77,1,2026-06-25,19,46,45,Thursday,2026-06,2026Q2,17:00-21:59,746.75,735.6666666666666,4.22,True,1092.7699999999984,True,0,False
94074059,Sell,2026-06-26 14:36:53,2026-06-26 14:49:42,XAUUSD.f,0.01,4051.97,4.55,769.0,12.816666666666666,True,4.55,0,2026-06-26,14,36,35,Friday,2026-06,2026Q2,13:00-16:59,1130.8666666666666,1089.5833333333333,8.77,True,1101.5399999999984,False,0,False
94116926,Buy,2026-06-29 14:55:16,2026-06-29 15:08:30,XAUUSD.f,0.01,4037.87,8.67,794.0,13.233333333333333,True,8.67,1,2026-06-29,14,55,55,Monday,2026-06,2026Q2,13:00-16:59,4338.383333333333,4325.566666666667,4.55,True,1106.0899999999983,False,0,False
94147775,Buy,2026-06-30 07:15:05,2026-06-30 07:25:58,XAUUSD.f,0.01,3972.5,5.19,653.0,10.883333333333333,True,5.19,1,2026-06-30,7,15,15,Tuesday,2026-06,2026Q2,00:00-07:59,979.8166666666667,966.5833333333334,8.67,True,1114.7599999999984,True,0,False
94199359,Sell,2026-07-01 17:01:51,2026-07-01 17:03:41,XAUUSD.f,0.01,4093.49,8.63,110.0,1.8333333333333333,True,8.63,0,2026-07-01,17,1,0,Wednesday,2026-07,2026Q3,17:00-21:59,2026.7666666666667,2015.8833333333334,5.19,True,1119.9499999999985,False,0,False
94223505,Buy,2026-07-02 16:13:42,2026-07-02 16:15:41,XAUUSD.f,0.01,4124.15,-3.29,119.0,1.9833333333333334,False,-3.29,1,2026-07-02,16,13,10,Thursday,2026-07,2026Q3,13:00-16:59,1391.85,1390.0166666666667,8.63,True,1128.5799999999986,False,0,False
94240579,Buy,2026-07-03 06:32:03,2026-07-03 06:35:00,XAUUSD.f,0.01,4179.46,1.95,177.0,2.95,True,1.95,1,2026-07-03,6,32,30,Friday,2026-07,2026Q3,00:00-07:59,858.35,856.3666666666667,-3.29,False,1125.2899999999986,True,0,False
94241160,Sell,2026-07-03 08:08:26,2026-07-03 08:22:23,XAUUSD.f,0.01,4180.61,4.8,837.0,13.95,True,4.8,0,2026-07-03,8,8,5,Friday,2026-07,2026Q3,08:00-12:59,96.38333333333334,93.43333333333334,1.95,True,1127.2399999999986,False,0,False
94258974,Sell,2026-07-06 06:37:10,2026-07-06 07:23:13,XAUUSD.f,0.01,4167.97,5.12,2763.0,46.05,True,5.12,0,2026-07-06,6,37,35,Monday,2026-07,2026Q3,00:00-07:59,4228.733333333334,4214.783333333334,4.8,True,1132.0399999999986,True,0,False
94289139,Sell,2026-07-07 08:30:02,2026-07-07 08:33:52,XAUUSD.f,0.01,4127.24,5.04,230.0,3.8333333333333335,True,5.04,0,2026-07-07,8,30,30,Tuesday,2026-07,2026Q3,08:00-12:59,1552.8666666666666,1506.8166666666666,5.12,True,1137.1599999999985,True,0,False
94291110,Sell,2026-07-07 10:41:18,2026-07-07 10:43:52,XAUUSD.f,0.01,4128.54,-2.74,154.0,2.566666666666667,False,-2.74,0,2026-07-07,10,41,40,Tuesday,2026-07,2026Q3,08:00-12:59,131.26666666666668,127.43333333333334,5.04,True,1142.1999999999985,True,0,False
94292496,Sell,2026-07-07 11:45:26,2026-07-07 11:57:37,XAUUSD.f,0.01,4130.41,3.51,731.0,12.183333333333334,True,3.51,0,2026-07-07,11,45,45,Tuesday,2026-07,2026Q3,08:00-12:59,64.13333333333334,61.56666666666667,-2.74,False,1139.4599999999984,True,0,False
94339039,Sell,2026-07-08 08:08:25,2026-07-08 08:25:20,XAUUSD.f,0.01,4131.49,6.64,1015.0,16.916666666666668,True,6.64,0,2026-07-08,8,8,5,Wednesday,2026-07,2026Q3,08:00-12:59,1222.9833333333333,1210.8,3.51,True,1142.9699999999984,True,0,False
94351863,Sell,2026-07-08 14:04:59,2026-07-08 14:34:03,XAUUSD.f,0.01,4053.41,5.72,1744.0,29.066666666666666,True,5.72,0,2026-07-08,14,4,0,Wednesday,2026-07,2026Q3,13:00-16:59,356.56666666666666,339.65,6.64,True,1149.6099999999985,True,0,False
94375434,Sell,2026-07-09 07:39:07,2026-07-09 07:43:07,XAUUSD.f,0.01,4063.53,3.94,240.0,4.0,True,3.94,0,2026-07-09,7,39,35,Thursday,2026-07,2026Q3,00:00-07:59,1054.1333333333334,1025.0666666666666,5.72,True,1155.3299999999986,True,0,False
94382823,Buy,2026-07-09 10:15:32,2026-07-09 10:37:26,XAUUSD.f,0.01,4101.86,6.34,1314.0,21.9,True,6.34,1,2026-07-09,10,15,15,Thursday,2026-07,2026Q3,08:00-12:59,156.41666666666666,152.41666666666666,3.94,True,1159.2699999999986,False,0,False
94425120,Buy,2026-07-10 08:49:00,2026-07-10 09:08:48,XAUUSD.f,0.01,4111.13,5.39,1188.0,19.8,True,5.39,1,2026-07-10,8,49,45,Friday,2026-07,2026Q3,08:00-12:59,1353.4666666666667,1331.5666666666666,6.34,True,1165.6099999999985,True,0,False
94467306,Sell,2026-07-13 08:16:27,2026-07-13 08:29:25,XAUUSD.f,0.01,4066.64,8.19,778.0,12.966666666666667,True,8.19,0,2026-07-13,8,16,15,Monday,2026-07,2026Q3,08:00-12:59,4287.45,4267.65,5.39,True,1170.9999999999986,False,0,False
94482317,Sell,2026-07-13 15:43:27,2026-07-13 15:49:24,XAUUSD.f,0.01,4063.5,-3.54,357.0,5.95,False,-3.54,0,2026-07-13,15,43,40,Monday,2026-07,2026Q3,13:00-16:59,447.0,434.03333333333336,8.19,True,1179.1899999999987,True,0,False
94517647,Sell,2026-07-14 07:51:04,2026-07-14 07:55:55,XAUUSD.f,0.01,4017.7,-1.69,291.0,4.85,False,-1.69,0,2026-07-14,7,51,50,Tuesday,2026-07,2026Q3,00:00-07:59,967.6166666666667,961.6666666666666,-3.54,False,1175.6499999999987,True,0,False
94518850,Buy,2026-07-14 08:30:53,2026-07-14 09:08:09,XAUUSD.f,0.01,4024.24,7.08,2236.0,37.266666666666666,True,7.08,1,2026-07-14,8,30,30,Tuesday,2026-07,2026Q3,08:00-12:59,39.81666666666667,34.96666666666667,-1.69,False,1173.9599999999987,False,0,False
94571902,Buy,2026-07-15 08:31:12,2026-07-15 08:41:16,XAUUSD.f,0.01,4025.35,7.2,604.0,10.066666666666666,True,7.2,1,2026-07-15,8,31,30,Wednesday,2026-07,2026Q3,08:00-12:59,1440.3166666666666,1403.05,7.08,True,1181.0399999999986,True,0,False
94588522,Buy,2026-07-15 15:13:35,2026-07-15 15:24:38,XAUUSD.f,0.01,4036.97,1.36,663.0,11.05,True,1.36,1,2026-07-15,15,13,10,Wednesday,2026-07,2026Q3,13:00-16:59,402.3833333333333,392.31666666666666,7.2,True,1188.2399999999986,True,0,False
94627775,Sell,2026-07-16 08:45:23,2026-07-16 08:57:20,XAUUSD.f,0.01,4032.12,2.64,717.0,11.95,True,2.64,0,2026-07-16,8,45,45,Thursday,2026-07,2026Q3,08:00-12:59,1051.8,1040.75,1.36,True,1189.5999999999985,False,0,False
94694698,Sell,2026-07-17 09:35:22,2026-07-17 10:48:29,XAUUSD.f,0.01,4003.55,5.33,4387.0,73.11666666666666,True,5.33,0,2026-07-17,9,35,35,Friday,2026-07,2026Q3,08:00-12:59,1489.9833333333333,1478.0333333333333,2.64,True,1192.2399999999986,True,0,False
94754184,Buy,2026-07-20 11:10:48,2026-07-20 11:19:04,XAUUSD.f,0.01,4020.21,5.38,496.0,8.266666666666667,True,5.38,1,2026-07-20,11,10,10,Monday,2026-07,2026Q3,08:00-12:59,4415.433333333333,4342.316666666667,5.33,True,1197.5699999999986,False,0,False
94775324,Sell,2026-07-20 17:51:46,2026-07-20 17:59:42,XAUUSD.f,0.01,4010.12,3.71,476.0,7.933333333333334,True,3.71,0,2026-07-20,17,51,50,Monday,2026-07,2026Q3,17:00-21:59,400.96666666666664,392.7,5.38,True,1202.9499999999987,False,0,False
94810342,Buy,2026-07-21 09:41:33,2026-07-21 09:54:41,XAUUSD.f,0.01,4075.28,4.74,788.0,13.133333333333333,True,4.74,1,2026-07-21,9,41,40,Tuesday,2026-07,2026Q3,08:00-12:59,949.7833333333333,941.85,3.71,True,1206.6599999999987,False,0,False
94842197,Sell,2026-07-21 19:41:05,2026-07-21 19:44:14,XAUUSD.f,0.01,4074.65,2.32,189.0,3.15,True,2.32,0,2026-07-21,19,41,40,Tuesday,2026-07,2026Q3,17:00-21:59,599.5333333333333,586.4,4.74,True,1211.3999999999987,False,0,False
94864297,Sell,2026-07-22 07:00:59,2026-07-22 08:02:01,XAUUSD.f,0.01,4130.33,2.1,3662.0,61.03333333333333,True,2.1,0,2026-07-22,7,0,0,Wednesday,2026-07,2026Q3,00:00-07:59,679.9,676.75,2.32,True,1213.7199999999987,True,0,False
94908427,Buy,2026-07-22 22:54:35,2026-07-22 23:03:30,XAUUSD.f,0.01,4129.52,1.14,535.0,8.916666666666666,True,1.14,1,2026-07-22,22,54,50,Wednesday,2026-07,2026Q3,22:00-23:59,953.6,892.5666666666667,2.1,True,1215.8199999999986,False,0,False
94927689,Buy,2026-07-23 07:48:08,2026-07-23 08:07:30,XAUUSD.f,0.01,4123.62,-2.1,1162.0,19.366666666666667,False,-2.1,1,2026-07-23,7,48,45,Thursday,2026-07,2026Q3,00:00-07:59,533.55,524.6333333333333,1.14,True,1216.9599999999987,True,0,False
94942223,Sell,2026-07-23 12:20:23,2026-07-23 13:30:45,XAUUSD.f,0.01,4096.12,2.96,4222.0,70.36666666666666,True,2.96,0,2026-07-23,12,20,20,Thursday,2026-07,2026Q3,08:00-12:59,272.25,252.88333333333333,-2.1,False,1214.8599999999988,False,0,False
94986774,Sell,2026-07-24 08:50:08,2026-07-24 09:00:10,XAUUSD.f,0.01,4028.48,4.29,602.0,10.033333333333333,True,4.29,0,2026-07-24,8,50,50,Friday,2026-07,2026Q3,08:00-12:59,1229.75,1159.3833333333334,2.96,True,1217.8199999999988,True,0,False
94991858,Sell,2026-07-24 10:35:14,2026-07-24 11:26:33,XAUUSD.f,0.01,4052.29,3.78,3079.0,51.31666666666667,True,3.78,0,2026-07-24,10,35,35,Friday,2026-07,2026Q3,08:00-12:59,105.1,95.06666666666666,4.29,True,1222.1099999999988,True,0,False
95047920,Buy,2026-07-27 07:18:11,2026-07-27 08:11:22,XAUUSD.f,0.01,4087.56,5.58,3191.0,53.18333333333333,True,5.58,1,2026-07-27,7,18,15,Monday,2026-07,2026Q3,00:00-07:59,4122.95,4071.633333333333,3.78,True,1225.8899999999987,False,0,False
95072289,Buy,2026-07-27 16:33:09,2026-07-27 16:45:17,XAUUSD.f,0.01,4078.44,9.29,728.0,12.133333333333333,True,9.29,1,2026-07-27,16,33,30,Monday,2026-07,2026Q3,13:00-16:59,554.9666666666667,501.78333333333336,5.58,True,1231.4699999999987,True,0,False
95107372,Sell,2026-07-28 07:47:22,2026-07-28 08:28:37,XAUUSD.f,0.01,4046.03,4.07,2475.0,41.25,True,4.07,0,2026-07-28,7,47,45,Tuesday,2026-07,2026Q3,00:00-07:59,914.2166666666667,902.0833333333334,9.29,True,1240.7599999999986,False,0,False
95168933,Buy,2026-07-29 07:20:48,2026-07-29 07:53:59,XAUUSD.f,0.01,4022.45,2.85,1991.0,33.18333333333333,True,2.85,1,2026-07-29,7,20,20,Wednesday,2026-07,2026Q3,00:00-07:59,1413.4333333333334,1372.1833333333334,4.07,True,1244.8299999999986,False,0,False
95248660,Buy,2026-07-29 23:00:54,2026-07-29 23:08:41,XAUUSD.f,0.01,4047.81,3.87,467.0,7.783333333333333,True,3.87,1,2026-07-29,23,0,0,Wednesday,2026-07,2026Q3,22:00-23:59,940.1,906.9166666666666,2.85,True,1247.6799999999985,True,0,False
95298275,Buy,2026-07-30 12:32:41,2026-07-30 12:36:57,XAUUSD.f,0.01,4062.11,5.28,256.0,4.266666666666667,True,5.28,1,2026-07-30,12,32,30,Thursday,2026-07,2026Q3,08:00-12:59,811.7833333333333,804.0,3.87,True,1251.5499999999984,True,0,False
95369124,Buy,2026-07-31 07:51:51,2026-07-31 08:24:09,XAUUSD.f,0.01,4076.89,4.76,1938.0,32.3,True,4.76,1,2026-07-31,7,51,50,Friday,2026-07,2026Q3,00:00-07:59,1159.1666666666667,1154.9,5.28,True,1256.8299999999983,True,0,False
95443868,Sell,2026-08-03 08:03:06,2026-08-03 08:16:22,XAUUSD.f,0.01,4063.33,5.5,796.0,13.266666666666667,True,5.5,0,2026-08-03,8,3,0,Monday,2026-08,2026Q3,08:00-12:59,4331.25,4298.95,4.76,True,1261.5899999999983,False,0,False
95511070,Sell,2026-08-04 08:06:17,2026-08-04 08:17:10,XAUUSD.f,0.01,4061.67,2.66,653.0,10.883333333333333,True,2.66,0,2026-08-04,8,6,5,Tuesday,2026-08,2026Q3,08:00-12:59,1443.1833333333334,1429.9166666666667,5.5,True,1267.0899999999983,True,0,False
95576013,Sell,2026-08-04 21:47:35,2026-08-04 21:59:40,XAUUSD.f,0.01,4076.22,-4.0,725.0,12.083333333333334,False,-4.0,0,2026-08-04,21,47,45,Tuesday,2026-08,2026Q3,17:00-21:59,821.3,810.4166666666666,2.66,True,1269.7499999999984,True,0,False
95598021,Buy,2026-08-05 07:50:18,2026-08-05 08:20:38,XAUUSD.f,0.01,4133.53,4.04,1820.0,30.333333333333332,True,4.04,1,2026-08-05,7,50,50,Wednesday,2026-08,2026Q3,00:00-07:59,602.7166666666667,590.6333333333333,-4.0,False,1265.7499999999984,False,0,False
95612645,Sell,2026-08-05 11:44:22,2026-08-05 11:52:17,XAUUSD.f,0.01,4165.21,3.23,475.0,7.916666666666667,True,3.23,0,2026-08-05,11,44,40,Wednesday,2026-08,2026Q3,08:00-12:59,234.06666666666666,203.73333333333332,4.04,True,1269.7899999999984,False,0,False
95709969,Buy,2026-08-06 07:35:50,2026-08-06 08:04:52,XAUUSD.f,0.01,4258.33,1.1,1742.0,29.033333333333335,True,1.1,1,2026-08-06,7,35,35,Thursday,2026-08,2026Q3,00:00-07:59,1191.4666666666667,1183.55,3.23,True,1273.0199999999984,False,0,False
95773198,Buy,2026-08-06 20:23:51,2026-08-06 20:55:52,XAUUSD.f,0.01,4239.76,5.6,1921.0,32.016666666666666,True,5.6,1,2026-08-06,20,23,20,Thursday,2026-08,2026Q3,17:00-21:59,768.0166666666667,738.9833333333333,1.1,True,1274.1199999999983,True,0,False
95800620,Buy,2026-08-07 08:08:00,2026-08-07 08:17:20,XAUUSD.f,0.01,4263.68,4.74,560.0,9.333333333333334,True,4.74,1,2026-08-07,8,8,5,Friday,2026-08,2026Q3,08:00-12:59,704.15,672.1333333333333,5.6,True,1279.7199999999982,True,0,False
95918631,Buy,2026-08-10 07:10:04,2026-08-10 07:22:20,XAUUSD.f,0.01,4328.99,7.46,736.0,12.266666666666667,True,7.46,1,2026-08-10,7,10,10,Monday,2026-08,2026Q3,00:00-07:59,4262.066666666667,4252.733333333334,4.74,True,1284.4599999999982,True,0,False
96004348,Sell,2026-08-11 07:58:04,2026-08-11 07:59:58,XAUUSD.f,0.01,4405.96,-3.58,114.0,1.9,False,-3.58,0,2026-08-11,7,58,55,Tuesday,2026-08,2026Q3,00:00-07:59,1488.0,1475.7333333333333,7.46,True,1291.9199999999983,False,0,False
96024216,Sell,2026-08-11 11:51:13,2026-08-11 12:01:18,XAUUSD.f,0.01,4375.16,6.7,605.0,10.083333333333334,True,6.7,0,2026-08-11,11,51,50,Tuesday,2026-08,2026Q3,08:00-12:59,233.15,231.25,-3.58,False,1288.3399999999983,True,0,False
96113042,Sell,2026-08-12 15:00:05,2026-08-12 15:07:11,XAUUSD.f,0.01,4412.26,3.54,426.0,7.1,True,3.54,0,2026-08-12,15,0,0,Wednesday,2026-08,2026Q3,13:00-16:59,1628.8666666666666,1618.7833333333333,6.7,True,1295.0399999999984,True,0,False
96202433,Buy,2026-08-13 08:13:29,2026-08-13 08:15:27,XAUUSD.f,0.01,4402.6,2.24,118.0,1.9666666666666666,True,2.24,1,2026-08-13,8,13,10,Thursday,2026-08,2026Q3,08:00-12:59,1033.4,1026.3,3.54,True,1298.5799999999983,False,0,False
96325914,Sell,2026-08-14 08:00:52,2026-08-14 08:19:37,XAUUSD.f,0.01,4324.79,6.04,1125.0,18.75,True,6.04,0,2026-08-14,8,0,0,Friday,2026-08,2026Q3,08:00-12:59,1427.3833333333334,1425.4166666666667,2.24,True,1300.8199999999983,False,0,False
96332229,Buy,2026-08-14 08:50:02,2026-08-14 10:10:43,XAUUSD.f,0.01,4326.97,6.7,4841.0,80.68333333333334,True,6.7,1,2026-08-14,8,50,50,Friday,2026-08,2026Q3,08:00-12:59,49.166666666666664,30.416666666666668,6.04,True,1306.8599999999983,False,0,False
96391293,Sell,2026-08-17 07:49:26,2026-08-17 08:04:50,XAUUSD.f,0.01,4395.88,2.43,924.0,15.4,True,2.43,0,2026-08-17,7,49,45,Monday,2026-08,2026Q3,00:00-07:59,4259.4,4178.716666666666,6.7,True,1313.5599999999984,False,0,False
96484066,Sell,2026-08-18 06:00:51,2026-08-18 08:14:35,XAUUSD.f,0.01,4399.36,6.92,8024.0,133.73333333333332,True,6.92,0,2026-08-18,6,0,0,Tuesday,2026-08,2026Q3,00:00-07:59,1331.4166666666667,1316.0166666666667,2.43,True,1315.9899999999984,True,0,False
96566692,Sell,2026-08-19 08:06:43,2026-08-19 08:14:58,XAUUSD.f,0.02,4343.53,8.0,495.0,8.25,True,4.0,0,2026-08-19,8,6,5,Wednesday,2026-08,2026Q3,08:00-12:59,1565.8666666666666,1432.1333333333334,6.92,True,1322.9099999999985,True,0,False
96653069,Sell,2026-08-20 08:03:17,2026-08-20 08:27:21,XAUUSD.f,0.01,4490.48,4.65,1444.0,24.066666666666666,True,4.65,0,2026-08-20,8,3,0,Thursday,2026-08,2026Q3,08:00-12:59,1436.5666666666666,1428.3166666666666,8.0,True,1330.9099999999985,True,0,False
96756936,Buy,2026-08-21 08:11:26,2026-08-21 08:15:14,XAUUSD.f,0.01,4536.82,1.02,228.0,3.8,True,1.02,1,2026-08-21,8,11,10,Friday,2026-08,2026Q3,08:00-12:59,1448.15,1424.0833333333333,4.65,True,1335.5599999999986,False,0,False
96882975,Buy,2026-08-24 07:34:43,2026-08-24 08:07:05,XAUUSD.f,0.01,4635.03,6.72,1942.0,32.36666666666667,True,6.72,1,2026-08-24,7,34,30,Monday,2026-08,2026Q3,00:00-07:59,4283.283333333334,4279.483333333334,1.02,True,1336.5799999999986,True,0,False
97042659,Buy,2026-08-25 08:04:19,2026-08-25 08:10:16,XAUUSD.f,0.01,4629.55,5.93,357.0,5.95,True,5.93,1,2026-08-25,8,4,0,Tuesday,2026-08,2026Q3,08:00-12:59,1469.6,1437.2333333333333,6.72,True,1343.2999999999986,True,0,False
97143853,Buy,2026-08-25 20:27:24,2026-08-25 20:35:19,XAUUSD.f,0.01,4640.95,-1.09,475.0,7.916666666666667,False,-1.09,1,2026-08-25,20,27,25,Tuesday,2026-08,2026Q3,17:00-21:59,743.0833333333334,737.1333333333333,5.93,True,1349.2299999999987,True,0,False
97182841,Buy,2026-08-26 07:57:51,2026-08-26 08:09:09,XAUUSD.f,0.02,4640.61,5.06,678.0,11.3,True,2.53,1,2026-08-26,7,57,55,Wednesday,2026-08,2026Q3,00:00-07:59,690.45,682.5333333333333,-1.09,False,1348.1399999999987,True,0,False
97352852,Sell,2026-08-27 11:17:10,2026-08-27 11:30:12,XAUUSD.f,0.02,4604.68,5.32,782.0,13.033333333333333,True,2.66,0,2026-08-27,11,17,15,Thursday,2026-08,2026Q3,08:00-12:59,1639.3166666666666,1628.0166666666667,5.06,True,1353.1999999999987,False,0,False
97451919,Buy,2026-08-28 08:18:43,2026-08-28 08:25:37,XAUUSD.f,0.02,4580.67,5.5,414.0,6.9,True,2.75,1,2026-08-28,8,18,15,Friday,2026-08,2026Q3,08:00-12:59,1261.55,1248.5166666666667,5.32,True,1358.5199999999986,False,0,False
97638884,Sell,2026-08-31 08:03:50,2026-08-31 08:09:37,XAUUSD.f,0.01,4425.37,5.49,347.0,5.783333333333333,True,5.49,0,2026-08-31,8,3,0,Monday,2026-08,2026Q3,08:00-12:59,4305.116666666667,4298.216666666666,5.5,True,1364.0199999999986,False,0,False
97800092,Sell,2026-09-01 09:00:02,2026-09-01 09:05:54,XAUUSD.f,0.01,4440.12,1.9,352.0,5.866666666666666,True,1.9,0,2026-09-01,9,0,0,Tuesday,2026-09,2026Q3,08:00-12:59,1496.2,1490.4166666666667,5.49,True,1369.5099999999986,True,0,False
97982386,Buy,2026-09-02 09:04:25,2026-09-02 11:50:28,XAUUSD.f,0.01,4319.11,1.28,9963.0,166.05,True,1.28,1,2026-09-02,9,4,0,Wednesday,2026-09,2026Q3,08:00-12:59,1444.3833333333334,1438.5166666666667,1.9,True,1371.4099999999987,False,0,False
98070555,Buy,2026-09-02 18:21:55,2026-09-02 18:25:56,XAUUSD.f,0.01,4366.67,2.5,241.0,4.016666666666667,True,2.5,1,2026-09-02,18,21,20,Wednesday,2026-09,2026Q3,17:00-21:59,557.5,391.45,1.28,True,1372.6899999999987,True,0,False
98161217,Sell,2026-09-03 08:48:56,2026-09-03 08:52:15,XAUUSD.f,0.01,4434.66,-3.75,199.0,3.316666666666667,False,-3.75,0,2026-09-03,8,48,45,Thursday,2026-09,2026Q3,08:00-12:59,867.0166666666667,863.0,2.5,True,1375.1899999999987,False,0,False
98188192,Sell,2026-09-03 12:36:09,2026-09-03 12:57:10,XAUUSD.f,0.01,4434.76,7.19,1261.0,21.016666666666666,True,7.19,0,2026-09-03,12,36,35,Thursday,2026-09,2026Q3,08:00-12:59,227.21666666666667,223.9,-3.75,False,1371.4399999999987,True,0,False
98366050,Sell,2026-09-04 15:43:11,2026-09-04 15:48:05,XAUUSD.f,0.01,4401.75,17.67,294.0,4.9,True,17.67,0,2026-09-04,15,43,40,Friday,2026-09,2026Q3,13:00-16:59,1627.0333333333333,1606.0166666666667,7.19,True,1378.6299999999987,True,0,False
98440487,Buy,2026-09-07 10:01:54,2026-09-07 10:05:53,XAUUSD.f,0.01,4394.74,4.39,239.0,3.9833333333333334,True,4.39,1,2026-09-07,10,1,0,Monday,2026-09,2026Q3,08:00-12:59,3978.7166666666667,3973.8166666666666,17.67,True,1396.2999999999988,False,0,False
99000862,Sell,2026-09-08 20:07:06,2026-09-08 20:29:05,XAUUSD.f,0.01,4399.59,4.28,1319.0,21.983333333333334,True,4.28,0,2026-09-08,20,7,5,Tuesday,2026-09,2026Q3,17:00-21:59,2045.2,2041.2166666666667,4.39,True,1400.689999999999,False,0,False
99208828,Buy,2026-09-09 16:01:58,2026-09-09 16:15:54,XAUUSD.f,0.01,4404.63,7.78,836.0,13.933333333333334,True,7.78,1,2026-09-09,16,1,0,Wednesday,2026-09,2026Q3,13:00-16:59,1194.8666666666666,1172.8833333333334,4.28,True,1404.969999999999,False,0,False
99615317,Sell,2026-09-10 22:27:09,2026-09-10 23:02:43,XAUUSD.f,0.01,4329.05,5.71,2134.0,35.56666666666667,True,5.71,0,2026-09-10,22,27,25,Thursday,2026-09,2026Q3,22:00-23:59,1825.1833333333334,1811.25,7.78,True,1412.7499999999989,False,0,False
99738973,Buy,2026-09-11 07:57:55,2026-09-11 08:02:21,XAUUSD.f,0.01,4333.59,-4.97,266.0,4.433333333333334,False,-4.97,1,2026-09-11,7,57,55,Friday,2026-09,2026Q3,00:00-07:59,570.7666666666667,535.2,5.71,True,1418.459999999999,False,0,False
99754992,Buy,2026-09-11 18:20:15,2026-09-11 18:30:18,XAUUSD.f,0.01,4363.75,6.64,603.0,10.05,True,6.64,1,2026-09-11,18,20,20,Friday,2026-09,2026Q3,17:00-21:59,622.3333333333334,617.9,-4.97,False,1413.4899999999989,True,0,False
100126875,Sell,2026-09-15 08:52:49,2026-09-15 08:58:55,XAUUSD.f,0.01,4298.08,5.8,366.0,6.1,True,5.8,0,2026-09-15,8,52,50,Tuesday,2026-09,2026Q3,08:00-12:59,5192.566666666667,5182.516666666666,6.64,True,1420.129999999999,False,0,False
100453335,Buy,2026-09-16 09:36:42,2026-09-16 10:00:07,XAUUSD.f,0.01,4325.5,6.74,1405.0,23.416666666666668,True,6.74,1,2026-09-16,9,36,35,Wednesday,2026-09,2026Q3,08:00-12:59,1483.8833333333334,1477.7833333333333,5.8,True,1425.929999999999,False,0,False
100653865,Buy,2026-09-17 06:00:33,2026-09-17 06:21:35,XAUUSD.f,0.01,4279.11,5.2,1262.0,21.033333333333335,True,5.2,1,2026-09-17,6,0,0,Thursday,2026-09,2026Q3,00:00-07:59,1223.85,1200.4333333333334,6.74,True,1432.669999999999,True,0,False
100675478,Sell,2026-09-17 09:20:36,2026-09-17 09:22:53,XAUUSD.f,0.01,4306.96,-1.44,137.0,2.283333333333333,False,-1.44,0,2026-09-17,9,20,20,Thursday,2026-09,2026Q3,08:00-12:59,200.05,179.01666666666668,5.2,True,1437.869999999999,False,0,False
100829495,Sell,2026-09-17 16:21:20,2026-09-17 16:29:43,XAUUSD.f,0.01,4373.27,6.53,503.0,8.383333333333333,True,6.53,0,2026-09-17,16,21,20,Thursday,2026-09,2026Q3,13:00-16:59,420.73333333333335,418.45,-1.44,False,1436.429999999999,True,0,False
00983845,Buy,2026-09-18 06:25:04,2026-09-18 06:33:14,XAUUSD.f,0.01,4336.1,8.26,490.0,8.166666666666666,True,8.26,1,2026-09-18,6,25,25,Friday,2026-09,2026Q3,00:00-07:59,843.7333333333333,835.35,6.53,True,1442.959999999999,False,0,False
