ticket,role,observed_timestamp,observed_entry_minute,control_timestamp,state_similarity,event_sequence_similarity,observed_event_cross_prior_high_10,control_event_cross_prior_high_10,observed_event_cross_prior_low_10,control_event_cross_prior_low_10,observed_event_cross_prior_high_20,control_event_cross_prior_high_20,observed_event_cross_prior_low_20,control_event_cross_prior_low_20,observed_event_cross_session_high,control_event_cross_session_high,observed_event_cross_session_low,control_event_cross_session_low,observed_event_cross_vwap,control_event_cross_vwap,observed_event_cross_ema20,control_event_cross_ema20,observed_event_large_body_expansion,control_event_large_body_expansion,observed_event_compression_to_expansion,control_event_compression_to_expansion,observed_event_higher_low_break,control_event_higher_low_break,observed_event_lower_high_break,control_event_lower_high_break,observed_event_false_break_high,control_event_false_break_high,observed_event_false_break_low,control_event_false_break_low,observed_event_impulse_pullback_cont_up,control_event_impulse_pullback_cont_up,observed_event_impulse_pullback_cont_down,control_event_impulse_pullback_cont_down,observed_event_immediate_reversal,control_event_immediate_reversal,observed_boundary_5,control_boundary_5,observed_boundary_15,control_boundary_15,observed_boundary_30,control_boundary_30,observed_boundary_60,control_boundary_60
36094988,after,2025-09-25 19:32:56,2025-09-25 19:32:00,2025-09-25 19:35:00,0.13448392242557353,0.9411764705882353,0,0,0,0,0,0,0,0,0,0,0,0,0,0,0,0,0,0,0,0,0,0,0,0,0,0,0,1,0,0,0,0,0,0,0,1,0,0,0,0,0,0
36095791,before,2025-09-25 19:43:46,2025-09-25 19:43:00,2025-09-25 19:40:00,0.11231482122868194,0.9411764705882353,0,0,0,0,0,0,0,0,0,0,0,0,0,0,0,1,0,0,0,0,0,0,0,0,0,0,0,0,0,0,0,0,0,0,0,1,0,0,0,0,0,0
36095791,after,2025-09-25 19:43:46,2025-09-25 19:43:00,2025-09-25 20:44:00,0.15474800882287668,1.0,0,0,0,0,0,0,0,0,0,0,0,0,0,0,0,0,0,0,0,0,0,0,0,0,0,0,0,0,0,0,0,0,0,0,0,0,0,0,0,0,0,0
36148327,before,2025-09-26 18:47:57,2025-09-26 18:47:00,2025-09-26 18:20:00,0.08357253061413264,1.0,0,0,0,0,0,0,0,0,0,0,0,0,0,0,0,0,0,0,0,0,0,0,0,0,0,0,0,0,0,0,0,0,0,0,0,1,0,0,0,0,0,0
36148327,after,2025-09-26 18:47:57,2025-09-26 18:47:00,2025-09-26 19:48:00,0.16257010313759362,1.0,0,0,0,0,0,0,0,0,0,0,0,0,0,0,0,0,0,0,0,0,0,0,0,0,0,0,0,0,0,0,0,0,0,0,0,0,0,0,0,0,0,0
36168589,before,2025-09-29 08:46:42,2025-09-29 08:46:00,2025-09-29 08:36:00,0.1429480650772169,1.0,0,0,0,0,0,0,0,0,0,0,0,0,0,0,1,1,0,0,0,0,0,0,0,0,0,0,0,0,0,0,0,0,0,0,0,0,0,0,0,0,0,0
36168589,after,2025-09-29 08:46:42,2025-09-29 08:46:00,2025-09-29 09:34:00,0.1692718393390868,1.0,0,0,0,0,0,0,0,0,0,0,0,0,0,0,1,1,0,0,0,0,0,0,0,0,0,0,0,0,0,0,0,0,0,0,0,0,0,0,0,0,0,0
36168590,before,2025-09-29 08:46:47,2025-09-29 08:46:00,2025-09-29 08:36:00,0.1429480650772169,1.0,0,0,0,0,0,0,0,0,0,0,0,0,0,0,1,1,0,0,0,0,0,0,0,0,0,0,0,0,0,0,0,0,0,0,0,0,0,0,0,0,0,0
36168590,after,2025-09-29 08:46:47,2025-09-29 08:46:00,2025-09-29 09:34:00,0.1692718393390868,1.0,0,0,0,0,0,0,0,0,0,0,0,0,0,0,1,1,0,0,0,0,0,0,0,0,0,0,0,0,0,0,0,0,0,0,0,0,0,0,0,0,0,0
36227385,before,2025-09-30 11:20:52,2025-09-30 11:20:00,2025-09-30 11:07:00,0.1703640761093976,0.8235294117647058,0,0,1,0,0,0,1,0,0,0,0,0,0,0,0,0,0,0,0,0,0,0,1,0,0,0,0,0,0,0,0,0,0,0,1,0,0,0,0,0,0,0
36227385,after,2025-09-30 11:20:52,2025-09-30 11:20:00,2025-09-30 11:24:00,0.3196862118925621,0.8235294117647058,0,0,1,0,0,0,1,0,0,0,0,0,0,0,0,0,0,0,0,0,0,0,1,0,0,0,0,0,0,0,0,0,0,0,1,0,0,0,0,0,0,0
36227388,before,2025-09-30 11:20:57,2025-09-30 11:20:00,2025-09-30 11:07:00,0.1703640761093976,0.8235294117647058,0,0,1,0,0,0,1,0,0,0,0,0,0,0,0,0,0,0,0,0,0,0,1,0,0,0,0,0,0,0,0,0,0,0,1,0,0,0,0,0,0,0
36227388,after,2025-09-30 11:20:57,2025-09-30 11:20:00,2025-09-30 11:24:00,0.3196862118925621,0.8235294117647058,0,0,1,0,0,0,1,0,0,0,0,0,0,0,0,0,0,0,0,0,0,0,1,0,0,0,0,0,0,0,0,0,0,0,1,0,0,0,0,0,0,0
36228676,before,2025-09-30 11:25:56,2025-09-30 11:25:00,2025-09-30 11:13:00,0.25762380343844926,0.9411764705882353,0,0,0,0,0,0,0,0,0,0,0,0,0,0,0,0,0,1,0,0,0,0,0,0,0,0,0,0,0,0,0,0,0,0,1,0,0,0,0,0,0,0
36228676,after,2025-09-30 11:25:56,2025-09-30 11:25:00,2025-09-30 11:29:00,0.3618437803655932,1.0,0,0,0,0,0,0,0,0,0,0,0,0,0,0,0,0,0,0,0,0,0,0,0,0,0,0,0,0,0,0,0,0,0,0,1,0,0,0,0,0,0,0
36274877,before,2025-10-01 09:25:14,2025-10-01 09:25:00,2025-10-01 08:47:00,0.24619180074649394,1.0,0,0,0,0,0,0,0,0,0,0,0,0,0,0,0,0,0,0,0,0,0,0,0,0,0,0,0,0,0,0,0,0,0,0,1,0,0,0,0,0,0,0
36274877,after,2025-10-01 09:25:14,2025-10-01 09:25:00,2025-10-01 10:03:00,0.16251826154245666,1.0,0,0,0,0,0,0,0,0,0,0,0,0,0,0,0,0,0,0,0,0,0,0,0,0,0,0,0,0,0,0,0,0,0,0,1,0,0,0,0,0,0,0
36283671,before,2025-10-01 11:28:02,2025-10-01 11:28:00,2025-10-01 11:10:00,0.28403780767906933,1.0,0,0,0,0,0,0,0,0,0,0,0,0,0,0,0,0,0,0,0,0,0,0,0,0,0,0,0,0,0,0,0,0,0,0,0,1,0,0,0,0,0,0
36283671,after,2025-10-01 11:28:02,2025-10-01 11:28:00,2025-10-01 11:30:00,0.22780520329600554,1.0,0,0,0,0,0,0,0,0,0,0,0,0,0,0,0,0,0,0,0,0,0,0,0,0,0,0,0,0,0,0,0,0,0,0,0,1,0,1,0,1,0,0
36322976,before,2025-10-02 08:13:35,2025-10-02 08:13:00,2025-10-02 08:07:00,0.06621440768800287,1.0,0,0,0,0,0,0,0,0,0,0,0,0,0,0,0,0,0,0,0,0,0,0,0,0,0,0,0,0,0,0,0,0,0,0,0,0,0,0,0,0,0,0
36322976,after,2025-10-02 08:13:35,2025-10-02 08:13:00,2025-10-02 09:11:00,0.2080449709584596,0.7647058823529411,0,1,0,0,0,1,0,0,0,1,0,0,0,0,0,0,0,0,0,0,0,1,0,0,0,0,0,0,0,0,0,0,0,0,0,0,0,0,0,0,0,0
36334931,before,2025-10-02 15:17:55,2025-10-02 15:17:00,2025-10-02 15:14:00,0.3073453553410425,0.7647058823529411,0,0,1,1,0,0,1,0,0,0,0,0,0,0,0,1,0,1,0,0,0,0,1,1,0,0,0,0,0,0,0,1,0,0,0,0,0,0,0,0,0,0
36334931,after,2025-10-02 15:17:55,2025-10-02 15:17:00,2025-10-02 15:19:00,0.236561238432792,0.8235294117647058,0,0,1,0,0,0,1,0,0,0,0,0,0,0,0,0,0,0,0,0,0,0,1,0,0,0,0,0,0,0,0,0,0,0,0,0,0,0,0,0,0,0
36335183,before,2025-10-02 15:23:08,2025-10-02 15:23:00,2025-10-02 15:21:00,0.14713005564442008,1.0,0,0,0,0,0,0,0,0,0,0,0,0,0,0,0,0,0,0,0,0,0,0,0,0,0,0,0,0,0,0,0,0,0,0,0,0,0,0,0,0,0,0
36335183,after,2025-10-02 15:23:08,2025-10-02 15:23:00,2025-10-02 15:32:00,0.2969886621545014,0.9411764705882353,0,0,0,0,0,0,0,0,0,0,0,0,0,0,0,0,0,0,0,0,0,0,0,0,0,1,0,0,0,0,0,0,0,0,0,0,0,0,0,0,0,0
36335196,before,2025-10-02 15:23:37,2025-10-02 15:23:00,2025-10-02 15:21:00,0.14713005564442008,1.0,0,0,0,0,0,0,0,0,0,0,0,0,0,0,0,0,0,0,0,0,0,0,0,0,0,0,0,0,0,0,0,0,0,0,0,0,0,0,0,0,0,0
36335196,after,2025-10-02 15:23:37,2025-10-02 15:23:00,2025-10-02 15:32:00,0.2969886621545014,0.9411764705882353,0,0,0,0,0,0,0,0,0,0,0,0,0,0,0,0,0,0,0,0,0,0,0,0,0,1,0,0,0,0,0,0,0,0,0,0,0,0,0,0,0,0
36337657,before,2025-10-02 16:13:13,2025-10-02 16:13:00,2025-10-02 15:39:00,0.1923962248171535,0.9411764705882353,0,0,0,0,0,0,0,0,0,0,0,0,0,0,0,0,0,0,0,0,0,0,0,0,1,0,0,0,0,0,0,0,0,0,0,0,0,0,0,0,0,0
36337657,after,2025-10-02 16:13:13,2025-10-02 16:13:00,2025-10-02 16:15:00,0.27161153139724153,0.9411764705882353,0,0,0,0,0,0,0,0,0,0,0,0,0,0,0,0,0,0,0,0,0,0,0,0,1,0,0,0,0,0,0,0,0,0,0,1,0,1,0,0,0,0
36368405,before,2025-10-03 10:17:25,2025-10-03 10:17:00,2025-10-03 09:53:00,0.1542720712617501,1.0,0,0,0,0,0,0,0,0,0,0,0,0,0,0,0,0,0,0,0,0,0,0,0,0,0,0,0,0,0,0,0,0,0,0,0,0,0,0,0,0,0,0
36368405,after,2025-10-03 10:17:25,2025-10-03 10:17:00,2025-10-03 11:25:00,0.169601769389582,1.0,0,0,0,0,0,0,0,0,0,0,0,0,0,0,0,0,0,0,0,0,0,0,0,0,0,0,0,0,0,0,0,0,0,0,0,1,0,0,0,0,0,0
36383087,before,2025-10-03 18:18:08,2025-10-03 18:18:00,2025-10-03 18:13:00,0.07657120584935498,1.0,0,0,0,0,0,0,0,0,0,0,0,0,0,0,0,0,0,0,0,0,0,0,0,0,0,0,0,0,0,0,0,0,0,0,0,0,0,0,0,0,0,0
36383087,after,2025-10-03 18:18:08,2025-10-03 18:18:00,2025-10-03 18:45:00,0.1553153216532211,1.0,0,0,0,0,0,0,0,0,0,0,0,0,0,0,0,0,0,0,0,0,0,0,0,0,0,0,0,0,0,0,0,0,0,0,0,1,0,1,0,0,0,0
36414174,before,2025-10-06 12:14:39,2025-10-06 12:14:00,2025-10-06 12:10:00,0.05994704341022271,1.0,0,0,0,0,0,0,0,0,0,0,0,0,0,0,0,0,0,0,0,0,0,0,0,0,0,0,0,0,0,0,0,0,0,0,0,1,0,0,0,0,0,0
36414174,after,2025-10-06 12:14:39,2025-10-06 12:14:00,2025-10-06 12:36:00,0.05143311169938124,1.0,0,0,0,0,0,0,0,0,0,0,0,0,0,0,0,0,0,0,0,0,0,0,0,0,0,0,0,0,0,0,0,0,0,0,0,0,0,0,0,0,0,0
36416362,before,2025-10-06 14:10:55,2025-10-06 14:10:00,2025-10-06 13:08:00,0.20886486828047626,0.9411764705882353,0,0,1,1,0,0,1,0,0,0,0,0,0,0,0,0,1,1,0,0,0,0,1,1,0,0,0,0,0,0,0,0,0,0,1,0,0,0,0,0,0,0
36416362,after,2025-10-06 14:10:55,2025-10-06 14:10:00,2025-10-06 14:16:00,0.22418815906614523,0.7647058823529411,0,0,1,0,0,0,1,0,0,0,0,0,0,0,0,0,1,0,0,0,0,0,1,0,0,0,0,0,0,0,0,0,0,0,1,0,0,0,0,0,0,0
36450406,before,2025-10-07 08:47:44,2025-10-07 08:47:00,2025-10-07 08:27:00,0.14468669020697475,1.0,0,0,0,0,0,0,0,0,0,0,0,0,0,0,0,0,0,0,0,0,0,0,0,0,0,0,0,0,0,0,0,0,0,0,0,0,0,0,0,0,0,0
36450406,after,2025-10-07 08:47:44,2025-10-07 08:47:00,2025-10-07 08:50:00,0.10562509486057736,0.9411764705882353,0,0,0,0,0,0,0,0,0,0,0,0,0,0,0,1,0,0,0,0,0,0,0,0,0,0,0,0,0,0,0,0,0,0,0,1,0,0,0,0,0,0
36450588,before,2025-10-07 08:53:49,2025-10-07 08:53:00,2025-10-07 08:49:00,0.08786179072846202,1.0,0,0,0,0,0,0,0,0,0,0,0,0,0,0,1,1,0,0,0,0,0,0,0,0,0,0,0,0,0,0,0,0,0,0,0,0,0,0,0,0,0,0
36450588,after,2025-10-07 08:53:49,2025-10-07 08:53:00,2025-10-07 08:55:00,0.14283139776021475,0.9411764705882353,0,0,0,0,0,0,0,0,0,0,0,0,0,0,1,0,0,0,0,0,0,0,0,0,0,0,0,0,0,0,0,0,0,0,0,1,0,0,0,0,0,0
36451248,before,2025-10-07 09:17:36,2025-10-07 09:17:00,2025-10-07 09:13:00,0.02436699462640817,1.0,0,0,0,0,0,0,0,0,0,0,0,0,0,0,0,0,0,0,0,0,0,0,0,0,0,0,0,0,0,0,0,0,0,0,0,0,0,0,0,0,0,0
36451248,after,2025-10-07 09:17:36,2025-10-07 09:17:00,2025-10-07 09:28:00,0.07735106540197807,0.9411764705882353,0,0,0,0,0,0,0,0,0,0,0,0,0,0,0,1,0,0,0,0,0,0,0,0,0,0,0,0,0,0,0,0,0,0,0,0,0,0,0,0,0,0
36508294,before,2025-10-08 12:19:47,2025-10-08 12:19:00,2025-10-08 12:11:00,0.10171217679918912,0.8823529411764706,0,0,1,0,0,0,0,0,0,0,0,0,0,0,0,0,0,0,0,0,0,0,1,0,0,0,0,0,0,0,0,0,0,0,0,0,0,0,0,0,0,0
36508294,after,2025-10-08 12:19:47,2025-10-08 12:19:00,2025-10-08 12:21:00,0.07565631752331076,0.8823529411764706,0,0,1,0,0,0,0,0,0,0,0,0,0,0,0,0,0,0,0,0,0,0,1,0,0,0,0,0,0,0,0,0,0,0,0,0,0,0,0,0,0,0
36508676,before,2025-10-08 12:36:16,2025-10-08 12:36:00,2025-10-08 12:04:00,0.17050048055580203,0.9411764705882353,0,0,0,0,0,0,0,0,0,0,0,0,0,0,0,0,1,0,0,0,0,0,0,0,0,0,0,0,0,0,0,0,0,0,0,0,0,0,0,0,0,0
36508676,after,2025-10-08 12:36:16,2025-10-08 12:36:00,2025-10-08 12:41:00,0.25617383839486224,0.9411764705882353,0,0,0,0,0,0,0,0,0,0,0,0,0,0,0,0,1,0,0,0,0,0,0,0,0,0,0,0,0,0,0,0,0,0,0,0,0,0,0,0,0,0
36508993,before,2025-10-08 12:42:32,2025-10-08 12:42:00,2025-10-08 11:06:00,0.25066724842504673,0.9411764705882353,1,1,0,0,1,1,0,0,0,0,0,0,0,0,0,0,1,0,0,0,1,1,0,0,0,0,0,0,0,0,0,0,0,0,0,0,0,0,0,0,0,0
36508993,after,2025-10-08 12:42:32,2025-10-08 12:42:00,2025-10-08 12:49:00,0.24470029519861897,0.7058823529411765,1,0,0,0,1,0,0,0,0,0,0,0,0,0,0,0,1,0,0,0,1,0,0,0,0,1,0,0,0,0,0,0,0,0,0,0,0,0,0,0,0,0
36561296,before,2025-10-09 14:04:35,2025-10-09 14:04:00,2025-10-09 13:05:00,0.3418435318830677,0.8235294117647058,0,0,0,0,0,0,0,0,0,0,0,0,0,0,0,1,0,1,0,0,0,0,0,0,0,0,1,0,0,0,0,0,0,0,0,1,0,0,0,0,0,0
36561296,after,2025-10-09 14:04:35,2025-10-09 14:04:00,2025-10-09 14:07:00,0.144821796364764,0.8823529411764706,0,0,0,0,0,0,0,0,0,0,0,0,0,0,0,1,0,0,0,0,0,0,0,0,0,0,1,0,0,0,0,0,0,0,0,0,0,0,0,0,0,0
36562289,before,2025-10-09 14:19:30,2025-10-09 14:19:00,2025-10-09 14:17:00,0.08393887121988947,0.8235294117647058,0,0,0,1,0,0,0,1,0,0,0,0,0,0,0,0,0,0,0,0,0,0,0,1,0,0,0,0,0,0,0,0,0,0,0,0,0,0,0,0,0,0
36562289,after,2025-10-09 14:19:30,2025-10-09 14:19:00,2025-10-09 14:25:00,0.15692677443209374,1.0,0,0,0,0,0,0,0,0,0,0,0,0,0,0,0,0,0,0,0,0,0,0,0,0,0,0,0,0,0,0,0,0,0,0,0,1,0,0,0,0,0,0
36562770,before,2025-10-09 14:42:13,2025-10-09 14:42:00,2025-10-09 14:37:00,0.1057877568849206,1.0,0,0,0,0,0,0,0,0,0,0,0,0,0,0,0,0,0,0,0,0,0,0,0,0,1,1,0,0,0,0,0,0,0,0,0,0,0,0,0,0,0,0
36562770,after,2025-10-09 14:42:13,2025-10-09 14:42:00,2025-10-09 14:44:00,0.3287738478217047,0.8235294117647058,0,1,0,0,0,1,0,0,0,0,0,0,0,0,0,0,0,0,0,0,0,0,0,0,1,0,0,0,0,0,0,0,0,0,0,0,0,0,0,0,0,0
36640713,before,2025-10-10 19:29:10,2025-10-10 19:29:00,2025-10-10 19:25:00,0.36076659322291066,0.8823529411764706,0,0,0,0,0,0,0,0,0,0,0,0,0,1,0,0,0,0,0,0,0,0,0,0,1,0,0,0,0,0,0,0,0,0,0,1,0,0,0,0,0,0
36640713,after,2025-10-10 19:29:10,2025-10-10 19:29:00,2025-10-10 19:32:00,0.17124548460616085,0.9411764705882353,0,0,0,0,0,0,0,0,0,0,0,0,0,0,0,0,0,0,0,0,0,0,0,0,1,0,0,0,0,0,0,0,0,0,0,0,0,0,0,0,0,0
36682106,before,2025-10-13 15:38:45,2025-10-13 15:38:00,2025-10-13 14:24:00,0.2332072524980014,0.9411764705882353,0,0,0,0,0,0,0,0,0,0,0,0,0,0,0,0,0,0,0,0,0,0,0,0,0,0,0,1,0,0,0,0,0,0,0,0,0,0,0,0,0,0
36682106,after,2025-10-13 15:38:45,2025-10-13 15:38:00,2025-10-13 15:41:00,0.19535559575851869,0.9411764705882353,0,0,0,0,0,0,0,0,0,0,0,0,0,0,0,1,0,0,0,0,0,0,0,0,0,0,0,0,0,0,0,0,0,0,0,0,0,0,0,0,0,0
36725889,before,2025-10-14 10:42:54,2025-10-14 10:42:00,2025-10-14 10:31:00,0.12465089642686206,1.0,0,0,0,0,0,0,0,0,0,0,0,0,0,0,0,0,0,0,0,0,0,0,0,0,0,0,0,0,0,0,0,0,0,0,0,0,0,0,0,0,0,0
36725889,after,2025-10-14 10:42:54,2025-10-14 10:42:00,2025-10-14 10:48:00,0.1390522985352939,1.0,0,0,0,0,0,0,0,0,0,0,0,0,0,0,0,0,0,0,0,0,0,0,0,0,0,0,0,0,0,0,0,0,0,0,0,0,0,0,0,0,0,0
36726171,before,2025-10-14 10:52:46,2025-10-14 10:52:00,2025-10-14 10:36:00,0.1766059561044548,0.8823529411764706,1,0,0,0,0,0,0,0,0,0,0,0,0,0,0,0,0,0,0,0,1,0,0,0,0,0,0,0,0,0,0,0,0,0,0,0,0,0,0,0,0,0
36726171,after,2025-10-14 10:52:46,2025-10-14 10:52:00,2025-10-14 11:04:00,0.22556599445941952,0.8823529411764706,1,0,0,0,0,0,0,0,0,0,0,0,0,0,0,0,0,0,0,0,1,0,0,0,0,0,0,0,0,0,0,0,0,0,0,0,0,0,0,0,0,0
36768836,before,2025-10-15 09:35:08,2025-10-15 09:35:00,2025-10-15 09:32:00,0.07470398474464013,1.0,0,0,0,0,0,0,0,0,0,0,0,0,0,0,0,0,0,0,0,0,0,0,0,0,0,0,0,0,0,0,0,0,0,0,1,0,0,0,0,0,0,0
36768836,after,2025-10-15 09:35:08,2025-10-15 09:35:00,2025-10-15 09:40:00,0.09767195250945265,1.0,0,0,0,0,0,0,0,0,0,0,0,0,0,0,0,0,0,0,0,0,0,0,0,0,0,0,0,0,0,0,0,0,0,0,1,1,0,0,0,0,0,0
36829765,before,2025-10-16 13:15:47,2025-10-16 13:15:00,2025-10-16 13:10:00,0.25703956610414685,0.8235294117647058,0,0,0,1,0,0,0,0,0,0,0,0,0,0,1,0,0,0,0,0,0,0,0,1,0,0,0,0,0,0,0,0,0,0,1,1,1,0,0,0,0,0
36829765,after,2025-10-16 13:15:47,2025-10-16 13:15:00,2025-10-16 13:45:00,0.1335523637296398,0.8235294117647058,0,1,0,0,0,0,0,0,0,0,0,0,0,0,1,0,0,0,0,0,0,1,0,0,0,0,0,0,0,0,0,0,0,0,1,1,1,1,0,0,0,0
36829878,before,2025-10-16 13:23:12,2025-10-16 13:23:00,2025-10-16 13:20:00,0.09984280389945265,1.0,0,0,0,0,0,0,0,0,0,0,0,0,0,0,0,0,0,0,0,0,0,0,0,0,0,0,0,0,0,0,0,0,0,0,0,1,0,0,0,0,0,0
36829878,after,2025-10-16 13:23:12,2025-10-16 13:23:00,2025-10-16 13:40:00,0.10588744923243154,1.0,0,0,0,0,0,0,0,0,0,0,0,0,0,0,0,0,0,0,0,0,0,0,0,0,0,0,0,0,0,0,0,0,0,0,0,1,0,0,0,0,0,0
36829995,before,2025-10-16 13:29:09,2025-10-16 13:29:00,2025-10-16 13:14:00,0.20889141730108648,1.0,0,0,0,0,0,0,0,0,0,0,0,0,0,0,0,0,0,0,0,0,0,0,0,0,0,0,0,0,0,0,0,0,0,0,0,0,0,0,0,0,0,0
36829995,after,2025-10-16 13:29:09,2025-10-16 13:29:00,2025-10-16 13:35:00,0.0912485112814062,0.9411764705882353,0,0,0,0,0,0,0,0,0,0,0,0,0,0,0,1,0,0,0,0,0,0,0,0,0,0,0,0,0,0,0,0,0,0,0,1,0,0,0,0,0,0
36893509,before,2025-10-17 13:15:10,2025-10-17 13:15:00,2025-10-17 13:13:00,0.12030937817213698,0.9411764705882353,0,0,1,0,0,0,0,0,0,0,0,0,0,0,1,1,0,0,0,0,0,0,0,0,0,0,0,0,0,0,0,0,0,0,1,0,1,0,0,0,0,0
36893509,after,2025-10-17 13:15:10,2025-10-17 13:15:00,2025-10-17 13:21:00,0.111014339359147,0.8823529411764706,0,0,1,0,0,0,0,0,0,0,0,0,0,0,1,1,0,0,0,0,0,0,0,0,0,0,0,1,0,0,0,0,0,0,1,0,1,0,0,0,0,0
36902372,before,2025-10-17 15:37:18,2025-10-17 15:37:00,2025-10-17 15:33:00,0.29323457166480427,0.8823529411764706,0,1,0,0,0,0,0,0,0,0,0,0,0,0,0,0,0,0,0,0,0,1,0,0,0,0,0,0,0,0,0,0,0,0,0,0,0,0,0,0,0,0
36902372,after,2025-10-17 15:37:18,2025-10-17 15:37:00,2025-10-17 15:46:00,0.37129733788529296,0.8235294117647058,0,1,0,0,0,1,0,0,0,0,0,0,0,0,0,0,0,0,0,0,0,1,0,0,0,0,0,0,0,0,0,0,0,0,0,0,0,0,0,0,0,0
36954767,before,2025-10-20 11:47:26,2025-10-20 11:47:00,2025-10-20 11:45:00,0.07947530672510376,0.9411764705882353,0,0,0,0,0,0,0,0,0,0,0,0,0,0,0,0,0,0,0,0,0,0,0,0,0,0,0,1,0,0,0,0,0,0,0,1,0,1,0,0,0,0
36954767,after,2025-10-20 11:47:26,2025-10-20 11:47:00,2025-10-20 11:55:00,0.12553316718788912,1.0,0,0,0,0,0,0,0,0,0,0,0,0,0,0,0,0,0,0,0,0,0,0,0,0,0,0,0,0,0,0,0,0,0,0,0,1,0,0,0,0,0,0
36997575,before,2025-10-21 10:23:43,2025-10-21 10:23:00,2025-10-21 10:17:00,0.14816942486813392,1.0,0,0,0,0,0,0,0,0,0,0,0,0,0,0,0,0,0,0,0,0,0,0,0,0,0,0,1,1,0,0,0,0,0,0,0,0,0,0,0,0,0,0
36997575,after,2025-10-21 10:23:43,2025-10-21 10:23:00,2025-10-21 10:26:00,0.13960353868606848,1.0,0,0,0,0,0,0,0,0,0,0,0,0,0,0,0,0,0,0,0,0,0,0,0,0,0,0,1,1,0,0,0,0,0,0,0,0,0,0,0,0,0,0
36998918,before,2025-10-21 10:42:21,2025-10-21 10:42:00,2025-10-21 08:44:00,0.3735270990039412,1.0,0,0,0,0,0,0,0,0,0,0,0,0,0,0,0,0,0,0,0,0,0,0,0,0,0,0,0,0,0,0,0,0,0,0,0,0,0,0,0,0,0,0
36998918,after,2025-10-21 10:42:21,2025-10-21 10:42:00,2025-10-21 10:44:00,0.3797843842638679,1.0,0,0,0,0,0,0,0,0,0,0,0,0,0,0,0,0,0,0,0,0,0,0,0,0,0,0,0,0,0,0,0,0,0,0,0,0,0,0,0,0,0,0
37005647,before,2025-10-21 13:56:35,2025-10-21 13:56:00,2025-10-21 13:54:00,0.09971054937953452,0.9411764705882353,0,0,0,0,0,0,0,0,0,0,0,0,0,0,0,0,0,0,0,0,0,0,0,0,0,0,1,0,0,0,0,0,0,0,0,0,0,0,0,0,0,0
37005647,after,2025-10-21 13:56:35,2025-10-21 13:56:00,2025-10-21 14:54:00,0.21299201535506132,0.9411764705882353,0,0,0,0,0,0,0,0,0,0,0,0,0,0,0,0,0,0,0,0,0,0,0,0,0,0,1,0,0,0,0,0,0,0,0,0,0,0,0,0,0,0
37045628,before,2025-10-22 10:02:29,2025-10-22 10:02:00,2025-10-22 09:05:00,0.3106727756610769,0.8823529411764706,0,0,1,0,0,0,0,0,0,0,0,0,0,0,0,0,0,0,0,0,0,0,1,0,0,0,0,0,0,0,0,0,0,0,0,1,0,0,0,0,0,0
37045628,after,2025-10-22 10:02:29,2025-10-22 10:02:00,2025-10-22 10:04:00,0.208026615276788,0.9411764705882353,0,0,1,1,0,0,0,1,0,0,0,0,0,0,0,0,0,0,0,0,0,0,1,1,0,0,0,0,0,0,0,0,0,0,0,0,0,0,0,0,0,0
37082195,before,2025-10-23 08:30:44,2025-10-23 08:30:00,2025-10-23 08:10:00,0.1685259295642159,1.0,0,0,0,0,0,0,0,0,0,0,0,0,0,0,0,0,0,0,0,0,0,0,0,0,0,0,0,0,0,0,0,0,0,0,1,1,1,0,1,0,0,0
37082195,after,2025-10-23 08:30:44,2025-10-23 08:30:00,2025-10-23 08:43:00,0.2622720234087626,1.0,0,0,0,0,0,0,0,0,0,0,0,0,0,0,0,0,0,0,0,0,0,0,0,0,0,0,0,0,0,0,0,0,0,0,1,0,1,0,1,0,0,0
37145681,before,2025-10-24 19:34:45,2025-10-24 19:34:00,2025-10-24 19:14:00,0.12285981603578142,1.0,0,0,0,0,0,0,0,0,0,0,0,0,0,0,0,0,0,0,0,0,0,0,0,0,0,0,0,0,0,0,0,0,0,0,0,0,0,0,0,0,0,0
37145681,after,2025-10-24 19:34:45,2025-10-24 19:34:00,2025-10-24 19:36:00,0.1231937399357679,0.9411764705882353,0,0,0,0,0,0,0,0,0,0,0,0,0,0,0,0,0,0,0,0,0,0,0,0,0,0,0,1,0,0,0,0,0,0,0,0,0,0,0,0,0,0
37162697,before,2025-10-27 08:13:05,2025-10-27 08:13:00,2025-10-27 08:03:00,0.1645532719670009,0.9411764705882353,0,0,0,0,0,0,0,0,0,0,0,0,0,0,0,0,0,0,0,0,0,0,0,0,1,0,0,0,0,0,0,0,0,0,0,0,0,0,0,0,0,0
37162697,after,2025-10-27 08:13:05,2025-10-27 08:13:00,2025-10-27 08:24:00,0.15196853218688966,0.9411764705882353,0,0,0,0,0,0,0,0,0,0,0,0,0,0,0,0,0,0,0,0,0,0,0,0,1,0,0,0,0,0,0,0,0,0,0,0,0,0,0,0,0,0
37217619,before,2025-10-28 12:52:18,2025-10-28 12:52:00,2025-10-28 12:36:00,0.25148119107154987,0.8823529411764706,0,0,0,0,0,0,0,0,0,0,0,0,0,0,0,1,0,0,0,0,0,0,0,0,0,0,0,1,0,0,0,0,0,0,0,0,0,0,0,0,0,0
37217619,after,2025-10-28 12:52:18,2025-10-28 12:52:00,2025-10-28 12:54:00,0.17326256133750134,0.8823529411764706,0,0,0,0,0,0,0,0,0,0,0,0,0,0,0,1,0,0,0,0,0,0,0,0,0,0,0,1,0,0,0,0,0,0,0,0,0,0,0,0,0,0
37296835,before,2025-10-30 09:44:53,2025-10-30 09:44:00,2025-10-30 09:40:00,0.09782686376988886,1.0,0,0,0,0,0,0,0,0,0,0,0,0,0,0,0,0,0,0,0,0,0,0,0,0,0,0,0,0,0,0,0,0,0,0,0,1,0,0,0,0,0,0
37296835,after,2025-10-30 09:44:53,2025-10-30 09:44:00,2025-10-30 10:25:00,0.23138911085926184,1.0,0,0,0,0,0,0,0,0,0,0,0,0,0,0,0,0,0,0,0,0,0,0,0,0,0,0,0,0,0,0,0,0,0,0,0,1,0,0,0,0,0,0
37386001,before,2025-11-03 18:38:37,2025-11-03 18:38:00,2025-11-03 18:36:00,0.21029374485917338,1.0,0,0,0,0,0,0,0,0,0,0,0,0,0,0,0,0,0,0,0,0,0,0,0,0,0,0,0,0,0,0,0,0,0,0,0,0,0,0,0,0,0,0
37386001,after,2025-11-03 18:38:37,2025-11-03 18:38:00,2025-11-03 19:01:00,0.21074567282103251,1.0,0,0,0,0,0,0,0,0,0,0,0,0,0,0,0,0,0,0,0,0,0,0,0,0,0,0,0,0,0,0,0,0,0,0,0,0,0,0,0,0,0,0
37400976,before,2025-11-04 10:09:22,2025-11-04 10:09:00,2025-11-04 10:00:00,0.09463579247054003,1.0,0,0,0,0,0,0,0,0,0,0,0,0,0,0,0,0,0,0,0,0,0,0,0,0,0,0,0,0,0,0,0,0,0,0,0,1,0,1,0,1,0,1
37400976,after,2025-11-04 10:09:22,2025-11-04 10:09:00,2025-11-04 10:24:00,0.14452707138414073,1.0,0,0,0,0,0,0,0,0,0,0,0,0,0,0,0,0,0,0,0,0,0,0,0,0,0,0,0,0,0,0,0,0,0,0,0,0,0,0,0,0,0,0
37442389,before,2025-11-05 09:55:47,2025-11-05 09:55:00,2025-11-05 09:53:00,0.07985891255816344,1.0,0,0,0,0,0,0,0,0,0,0,0,0,0,0,0,0,0,0,0,0,0,0,0,0,0,0,0,0,0,0,0,0,0,0,1,0,0,0,0,0,0,0
37442389,after,2025-11-05 09:55:47,2025-11-05 09:55:00,2025-11-05 10:21:00,0.19449538433982658,1.0,0,0,0,0,0,0,0,0,0,0,0,0,0,0,0,0,0,0,0,0,0,0,0,0,0,0,0,0,0,0,0,0,0,0,1,0,0,0,0,0,0,0
37477144,before,2025-11-06 12:42:44,2025-11-06 12:42:00,2025-11-06 12:40:00,0.07695069745842929,0.9411764705882353,0,0,0,0,0,0,0,0,0,0,0,0,0,0,1,0,0,0,0,0,0,0,0,0,0,0,0,0,0,0,0,0,0,0,0,1,0,0,0,0,0,0
37477144,after,2025-11-06 12:42:44,2025-11-06 12:42:00,2025-11-06 12:44:00,0.09214512435197764,0.9411764705882353,0,0,0,0,0,0,0,0,0,0,0,0,0,0,1,0,0,0,0,0,0,0,0,0,0,0,0,0,0,0,0,0,0,0,0,0,0,0,0,0,0,0
37507379,before,2025-11-07 11:18:04,2025-11-07 11:18:00,2025-11-07 11:06:00,0.10067841023418515,0.9411764705882353,0,0,0,0,0,0,0,0,0,0,0,0,0,0,0,1,0,0,0,0,0,0,0,0,0,0,0,0,0,0,0,0,0,0,0,0,0,0,0,0,0,0
37507379,after,2025-11-07 11:18:04,2025-11-07 11:18:00,2025-11-07 12:28:00,0.16795536394038504,1.0,0,0,0,0,0,0,0,0,0,0,0,0,0,0,0,0,0,0,0,0,0,0,0,0,0,0,0,0,0,0,0,0,0,0,0,0,0,0,0,0,0,0
37542639,before,2025-11-10 10:42:17,2025-11-10 10:42:00,2025-11-10 10:26:00,0.19731290391605918,1.0,0,0,0,0,0,0,0,0,0,0,0,0,0,0,0,0,0,0,0,0,0,0,0,0,0,0,0,0,0,0,0,0,0,0,0,0,0,0,0,0,0,0
37542639,after,2025-11-10 10:42:17,2025-11-10 10:42:00,2025-11-10 11:21:00,0.1496174284460917,1.0,0,0,0,0,0,0,0,0,0,0,0,0,0,0,0,0,0,0,0,0,0,0,0,0,0,0,0,0,0,0,0,0,0,0,0,0,0,0,0,0,0,0
37542995,before,2025-11-10 11:00:16,2025-11-10 11:00:00,2025-11-10 10:41:00,0.16771778052491787,1.0,0,0,0,0,0,0,0,0,0,0,0,0,0,0,0,0,0,0,0,0,0,0,0,0,0,0,0,0,0,0,0,0,0,0,1,0,1,0,1,0,1,0
37542995,after,2025-11-10 11:00:16,2025-11-10 11:00:00,2025-11-10 11:21:00,0.1498882208591148,1.0,0,0,0,0,0,0,0,0,0,0,0,0,0,0,0,0,0,0,0,0,0,0,0,0,0,0,0,0,0,0,0,0,0,0,1,0,1,0,1,0,1,0
37543683,before,2025-11-10 11:22:51,2025-11-10 11:22:00,2025-11-10 10:48:00,0.155888999891818,0.9411764705882353,0,0,0,0,0,0,0,0,0,0,0,0,0,0,1,0,0,0,0,0,0,0,0,0,0,0,0,0,0,0,0,0,0,0,0,0,0,0,0,0,0,0
37543683,after,2025-11-10 11:22:51,2025-11-10 11:22:00,2025-11-10 11:31:00,0.12872603714151293,0.8823529411764706,0,0,0,0,0,0,0,0,0,0,0,0,0,0,1,0,0,0,0,0,0,0,0,0,0,1,0,0,0,0,0,0,0,0,0,0,0,0,0,0,0,0
37610153,before,2025-11-12 10:19:02,2025-11-12 10:19:00,2025-11-12 10:17:00,0.10281755660195219,1.0,0,0,0,0,0,0,0,0,0,0,0,0,0,0,0,0,0,0,0,0,0,0,0,0,0,0,0,0,0,0,0,0,0,0,0,0,0,0,0,0,0,0
37610153,after,2025-11-12 10:19:02,2025-11-12 10:19:00,2025-11-12 11:35:00,0.19397147656311897,1.0,0,0,0,0,0,0,0,0,0,0,0,0,0,0,0,0,0,0,0,0,0,0,0,0,0,0,0,0,0,0,0,0,0,0,0,1,0,0,0,0,0,0
37701576,before,2025-11-14 11:12:06,2025-11-14 11:12:00,2025-11-14 11:03:00,0.2658097336399724,1.0,0,0,0,0,0,0,0,0,0,0,0,0,0,0,0,0,0,0,0,0,0,0,0,0,0,0,0,0,0,0,0,0,0,0,0,0,0,0,0,0,0,0
37701576,after,2025-11-14 11:12:06,2025-11-14 11:12:00,2025-11-14 12:15:00,0.1908793342977404,0.9411764705882353,0,0,0,0,0,0,0,0,0,0,0,0,0,0,0,1,0,0,0,0,0,0,0,0,0,0,0,0,0,0,0,0,0,0,0,1,0,1,0,0,0,0
37748984,before,2025-11-17 09:17:27,2025-11-17 09:17:00,2025-11-17 08:44:00,0.21813843618335577,1.0,0,0,0,0,0,0,0,0,0,0,0,0,0,0,0,0,0,0,0,0,0,0,0,0,0,0,0,0,0,0,0,0,0,0,0,0,0,0,0,0,0,0
37748984,after,2025-11-17 09:17:27,2025-11-17 09:17:00,2025-11-17 09:21:00,0.30841860511768887,1.0,0,0,0,0,0,0,0,0,0,0,0,0,0,0,0,0,0,0,0,0,0,0,0,0,0,0,0,0,0,0,0,0,0,0,0,0,0,0,0,0,0,0
37791981,before,2025-11-18 08:48:04,2025-11-18 08:48:00,2025-11-18 07:36:00,0.2847876255791514,1.0,0,0,0,0,0,0,0,0,0,0,0,0,0,0,0,0,0,0,0,0,0,0,0,0,0,0,0,0,0,0,0,0,0,0,0,0,0,0,0,0,0,0
37791981,after,2025-11-18 08:48:04,2025-11-18 08:48:00,2025-11-18 09:01:00,0.19903529074518966,1.0,0,0,0,0,0,0,0,0,0,0,0,0,0,0,0,0,0,0,0,0,0,0,0,0,0,0,0,0,0,0,0,0,0,0,0,0,0,0,0,0,0,0
37836776,before,2025-11-19 12:12:16,2025-11-19 12:12:00,2025-11-19 11:29:00,0.13062316177097563,1.0,1,1,0,0,1,1,0,0,0,0,0,0,0,0,0,0,0,0,0,0,1,1,0,0,0,0,0,0,0,0,0,0,0,0,0,0,0,0,0,0,0,0
37836776,after,2025-11-19 12:12:16,2025-11-19 12:12:00,2025-11-19 12:42:00,0.22784960753346908,1.0,1,1,0,0,1,1,0,0,0,0,0,0,0,0,0,0,0,0,0,0,1,1,0,0,0,0,0,0,0,0,0,0,0,0,0,0,0,0,0,0,0,0
37874673,before,2025-11-20 08:09:10,2025-11-20 08:09:00,2025-11-20 08:07:00,0.16685399884286262,1.0,0,0,0,0,0,0,0,0,0,0,0,0,0,0,0,0,0,0,0,0,0,0,0,0,0,0,0,0,0,0,0,0,0,0,0,0,0,0,0,0,0,0
37874673,after,2025-11-20 08:09:10,2025-11-20 08:09:00,2025-11-20 08:14:00,0.08518951442513228,0.9411764705882353,0,0,0,0,0,0,0,0,0,0,0,0,0,0,0,0,0,0,0,0,0,0,0,0,0,0,0,1,0,0,0,0,0,0,0,0,0,0,0,0,0,0
37928869,before,2025-11-21 13:14:11,2025-11-21 13:14:00,2025-11-21 13:08:00,0.20424281646805653,0.9411764705882353,0,0,0,0,0,0,0,0,0,0,0,0,0,0,0,0,1,0,0,0,0,0,0,0,0,0,1,1,0,0,0,0,0,0,0,0,0,0,0,0,0,0
37928869,after,2025-11-21 13:14:11,2025-11-21 13:14:00,2025-11-21 13:26:00,0.4887696216683561,0.8823529411764706,0,0,0,0,0,0,0,0,0,0,0,0,0,0,0,0,1,0,0,0,0,0,0,0,0,0,1,0,0,0,0,0,0,0,0,0,0,0,0,0,0,0
37964561,after,2025-11-24 13:01:04,2025-11-24 13:01:00,2025-11-24 13:05:00,0.19593141150847018,0.8235294117647058,1,0,0,0,1,0,0,0,0,0,0,0,0,0,0,0,0,0,0,0,1,0,0,0,0,0,0,0,0,0,0,0,0,0,0,1,0,0,0,0,0,0
38045554,before,2025-11-26 09:36:48,2025-11-26 09:36:00,2025-11-26 09:17:00,0.18808960372610176,0.7647058823529411,0,0,0,1,0,0,0,1,0,0,0,0,0,0,0,0,0,0,0,0,0,0,0,1,0,0,1,0,0,0,0,0,0,0,0,0,0,0,0,0,0,0
38045554,after,2025-11-26 09:36:48,2025-11-26 09:36:00,2025-11-26 09:38:00,0.12724331424123006,1.0,0,0,0,0,0,0,0,0,0,0,0,0,0,0,0,0,0,0,0,0,0,0,0,0,0,0,1,1,0,0,0,0,0,0,0,0,0,0,0,0,0,0
38119105,before,2025-11-27 08:09:07,2025-11-27 08:09:00,2025-11-27 08:04:00,0.09526122680764328,0.8823529411764706,0,1,0,0,0,0,0,0,0,0,0,0,0,0,0,0,0,0,0,0,0,1,0,0,0,0,0,0,0,0,0,0,0,0,0,0,0,0,0,0,0,0
38119105,after,2025-11-27 08:09:07,2025-11-27 08:09:00,2025-11-27 08:29:00,0.10805245753505457,1.0,0,0,0,0,0,0,0,0,0,0,0,0,0,0,0,0,0,0,0,0,0,0,0,0,0,0,0,0,0,0,0,0,0,0,0,0,0,0,0,0,0,0
38122859,before,2025-11-27 11:02:26,2025-11-27 11:02:00,2025-11-27 10:14:00,0.18426462241897656,0.6470588235294118,1,0,0,0,1,0,0,0,0,0,0,0,0,0,0,1,1,0,0,0,1,0,0,0,0,1,0,0,0,0,0,0,0,0,0,0,0,0,0,0,0,0
38122859,after,2025-11-27 11:02:26,2025-11-27 11:02:00,2025-11-27 11:05:00,0.08970096896575969,0.8235294117647058,1,0,0,0,1,0,0,0,0,0,0,0,0,0,0,0,1,1,0,0,1,0,0,0,0,0,0,0,0,0,0,0,0,0,0,1,0,0,0,0,0,0
38185142,before,2025-12-01 12:14:10,2025-12-01 12:14:00,2025-12-01 12:10:00,0.07536306870055147,0.9411764705882353,0,0,0,0,0,0,0,0,0,0,0,0,0,0,0,0,0,0,0,0,0,0,0,0,0,1,0,0,0,0,0,0,0,0,0,1,0,0,0,0,0,0
38185142,after,2025-12-01 12:14:10,2025-12-01 12:14:00,2025-12-01 12:29:00,0.16697723974740478,1.0,0,0,0,0,0,0,0,0,0,0,0,0,0,0,0,0,0,0,0,0,0,0,0,0,0,0,0,0,0,0,0,0,0,0,0,0,0,0,0,0,0,0
38220734,before,2025-12-02 11:32:10,2025-12-02 11:32:00,2025-12-02 11:05:00,0.12859874309708763,1.0,0,0,0,0,0,0,0,0,0,0,0,0,0,0,0,0,0,0,0,0,0,0,0,0,0,0,0,0,0,0,0,0,0,0,0,1,0,0,0,0,0,0
38220734,after,2025-12-02 11:32:10,2025-12-02 11:32:00,2025-12-02 11:35:00,0.11759894124203531,0.9411764705882353,0,0,0,0,0,0,0,0,0,0,0,0,0,0,0,1,0,0,0,0,0,0,0,0,0,0,0,0,0,0,0,0,0,0,0,1,0,0,0,0,0,0
38258178,before,2025-12-03 09:33:51,2025-12-03 09:33:00,2025-12-03 09:20:00,0.2489586971844343,0.7647058823529411,0,0,0,0,0,0,0,0,0,0,0,0,0,0,1,0,1,0,1,0,0,0,0,0,0,0,0,1,0,0,0,0,0,0,0,1,0,0,0,0,0,0
38258178,after,2025-12-03 09:33:51,2025-12-03 09:33:00,2025-12-03 10:13:00,0.14740777075766065,0.8235294117647058,0,0,0,0,0,0,0,0,0,0,0,0,0,0,1,1,1,0,1,0,0,0,0,0,0,0,0,1,0,0,0,0,0,0,0,0,0,0,0,0,0,0
38293895,before,2025-12-04 13:18:01,2025-12-04 13:18:00,2025-12-04 13:16:00,0.07123653252894527,0.8823529411764706,0,0,0,0,0,0,0,0,0,0,0,0,0,0,0,1,0,0,0,0,0,0,0,0,0,0,0,1,0,0,0,0,0,0,0,0,0,0,0,0,0,0
38293895,after,2025-12-04 13:18:01,2025-12-04 13:18:00,2025-12-04 13:43:00,0.1097008573092791,0.9411764705882353,0,0,0,0,0,0,0,0,0,0,0,0,0,0,0,0,0,0,0,0,0,0,0,0,0,0,0,1,0,0,0,0,0,0,0,0,0,0,0,0,0,0
38327555,before,2025-12-05 15:06:32,2025-12-05 15:06:00,2025-12-05 15:04:00,0.36706105431441116,0.9411764705882353,1,1,0,0,1,1,0,0,0,0,0,0,0,0,0,0,1,0,0,0,1,1,0,0,0,0,0,0,0,0,0,0,0,0,0,0,0,0,0,0,0,0
38327555,after,2025-12-05 15:06:32,2025-12-05 15:06:00,2025-12-05 15:08:00,0.33690403103040795,0.7647058823529411,1,0,0,0,1,0,0,0,0,0,0,0,0,0,0,0,1,0,0,0,1,0,0,0,0,0,0,0,0,0,0,0,0,0,0,0,0,0,0,0,0,0
38381092,before,2025-12-08 16:57:55,2025-12-08 16:57:00,2025-12-08 16:30:00,0.12022486546578058,0.7647058823529411,0,0,0,1,0,0,0,1,0,0,0,0,0,0,0,0,0,0,0,0,0,0,0,1,0,0,1,0,0,0,0,0,0,0,0,1,0,1,0,1,0,0
38381092,after,2025-12-08 16:57:55,2025-12-08 16:57:00,2025-12-08 17:02:00,0.28787873191143815,1.0,0,0,0,0,0,0,0,0,0,0,0,0,0,0,0,0,0,0,0,0,0,0,0,0,0,0,1,1,0,0,0,0,0,0,0,0,0,0,0,0,0,0
38394143,before,2025-12-09 10:35:42,2025-12-09 10:35:00,2025-12-09 09:46:00,0.2014311671161935,0.9411764705882353,0,0,0,0,0,0,0,0,0,0,0,0,0,0,0,0,0,0,0,0,0,0,0,0,0,0,0,1,0,0,0,0,0,0,1,0,0,0,0,0,0,0
38394143,after,2025-12-09 10:35:42,2025-12-09 10:35:00,2025-12-09 10:45:00,0.1449241998068642,1.0,0,0,0,0,0,0,0,0,0,0,0,0,0,0,0,0,0,0,0,0,0,0,0,0,0,0,0,0,0,0,0,0,0,0,1,1,0,1,0,0,0,0
38422656,before,2025-12-09 20:33:05,2025-12-09 20:33:00,2025-12-09 20:31:00,0.09703657829553222,1.0,0,0,0,0,0,0,0,0,0,0,0,0,0,0,0,0,0,0,0,0,0,0,0,0,0,0,0,0,0,0,0,0,0,0,0,0,0,0,0,0,0,0
38422656,after,2025-12-09 20:33:05,2025-12-09 20:33:00,2025-12-09 20:38:00,0.08564219521480057,1.0,0,0,0,0,0,0,0,0,0,0,0,0,0,0,0,0,0,0,0,0,0,0,0,0,0,0,0,0,0,0,0,0,0,0,0,0,0,0,0,0,0,0
38441014,before,2025-12-10 12:33:15,2025-12-10 12:33:00,2025-12-10 12:26:00,0.08904390665503034,0.9411764705882353,0,0,0,0,0,0,0,0,0,0,0,0,0,0,1,0,0,0,0,0,0,0,0,0,0,0,0,0,0,0,0,0,0,0,0,0,0,0,0,0,0,0
38441014,after,2025-12-10 12:33:15,2025-12-10 12:33:00,2025-12-10 12:40:00,0.08925712140452273,0.8823529411764706,0,0,0,0,0,0,0,0,0,0,0,0,0,0,1,0,0,0,0,0,0,0,0,0,0,0,0,1,0,0,0,0,0,0,0,1,0,0,0,0,0,0
38443239,before,2025-12-10 14:17:30,2025-12-10 14:17:00,2025-12-10 14:14:00,0.1595255263936518,0.7647058823529411,0,1,0,0,0,1,0,0,0,0,0,0,0,0,0,0,0,0,0,0,0,1,0,0,1,0,0,0,0,0,0,0,0,0,0,0,0,0,0,0,0,0
38443239,after,2025-12-10 14:17:30,2025-12-10 14:17:00,2025-12-10 14:25:00,0.17679826792239794,1.0,0,0,0,0,0,0,0,0,0,0,0,0,0,0,0,0,0,0,0,0,0,0,0,0,1,1,0,0,0,0,0,0,0,0,0,1,0,0,0,0,0,0
38448404,before,2025-12-10 16:17:48,2025-12-10 16:17:00,2025-12-10 16:07:00,0.06544552453709475,0.8235294117647058,0,1,0,0,0,1,0,0,0,0,0,0,0,0,0,0,0,0,0,0,0,1,0,0,0,0,0,0,0,0,0,0,0,0,0,0,0,0,0,0,0,0
38448404,after,2025-12-10 16:17:48,2025-12-10 16:17:00,2025-12-10 16:26:00,0.14132793431937085,0.9411764705882353,0,0,0,0,0,0,0,0,0,0,0,0,0,0,0,0,0,0,0,0,0,0,0,0,0,1,0,0,0,0,0,0,0,0,0,0,0,0,0,0,0,0
38449900,before,2025-12-10 16:31:07,2025-12-10 16:31:00,2025-12-10 16:15:00,0.1386399307167656,0.9411764705882353,0,0,0,0,0,0,0,0,0,0,0,0,0,0,1,0,0,0,0,0,0,0,0,0,0,0,0,0,0,0,0,0,0,0,0,1,0,1,0,0,0,0
38449900,after,2025-12-10 16:31:07,2025-12-10 16:31:00,2025-12-10 16:37:00,0.08998059813784555,0.9411764705882353,0,0,0,0,0,0,0,0,0,0,0,0,0,0,1,0,0,0,0,0,0,0,0,0,0,0,0,0,0,0,0,0,0,0,0,0,0,0,0,0,0,0
38487563,before,2025-12-11 09:32:30,2025-12-11 09:32:00,2025-12-11 09:30:00,0.2240482508783783,0.9411764705882353,0,0,0,0,0,0,0,0,0,0,0,0,0,0,0,0,0,0,0,0,0,0,0,0,1,0,0,0,0,0,0,0,0,0,0,1,0,1,0,1,0,0
38487563,after,2025-12-11 09:32:30,2025-12-11 09:32:00,2025-12-11 09:46:00,0.34408495760915164,0.9411764705882353,0,0,0,0,0,0,0,0,0,0,0,0,0,0,0,0,0,0,0,0,0,0,0,0,1,0,0,0,0,0,0,0,0,0,0,0,0,0,0,0,0,0
38492680,before,2025-12-11 13:09:27,2025-12-11 13:09:00,2025-12-11 13:06:00,0.1860783445235048,0.9411764705882353,1,1,0,0,1,1,0,0,0,0,0,0,0,1,0,0,0,0,0,0,1,1,0,0,0,0,0,0,0,0,0,0,0,0,0,0,0,0,0,0,0,0
38492680,after,2025-12-11 13:09:27,2025-12-11 13:09:00,2025-12-11 14:02:00,0.5562031708206879,0.7647058823529411,1,0,0,0,1,0,0,0,0,0,0,0,0,0,0,0,0,1,0,0,1,0,0,0,0,0,0,0,0,0,0,0,0,0,0,0,0,0,0,0,0,0
38528027,before,2025-12-12 11:25:01,2025-12-12 11:25:00,2025-12-12 10:27:00,0.2157576834412713,1.0,0,0,0,0,0,0,0,0,0,0,0,0,0,0,0,0,0,0,0,0,0,0,0,0,0,0,0,0,0,0,0,0,0,0,1,0,0,0,0,0,0,0
38528027,after,2025-12-12 11:25:01,2025-12-12 11:25:00,2025-12-12 11:28:00,0.22855980702820736,1.0,0,0,0,0,0,0,0,0,0,0,0,0,0,0,0,0,0,0,0,0,0,0,0,0,0,0,0,0,0,0,0,0,0,0,1,0,0,0,0,0,0,0
38568721,before,2025-12-15 12:29:18,2025-12-15 12:29:00,2025-12-15 12:17:00,0.06035400999908117,1.0,0,0,0,0,0,0,0,0,0,0,0,0,0,0,0,0,0,0,0,0,0,0,0,0,0,0,0,0,0,0,0,0,0,0,0,0,0,0,0,0,0,0
38568721,after,2025-12-15 12:29:18,2025-12-15 12:29:00,2025-12-15 12:35:00,0.1177597551697982,1.0,0,0,0,0,0,0,0,0,0,0,0,0,0,0,0,0,0,0,0,0,0,0,0,0,0,0,0,0,0,0,0,0,0,0,0,1,0,0,0,0,0,0
38570537,before,2025-12-15 15:00:14,2025-12-15 15:00:00,2025-12-15 14:56:00,0.12744710717006863,1.0,0,0,0,0,0,0,0,0,0,0,0,0,0,0,0,0,0,0,0,0,0,0,0,0,0,0,0,0,0,0,0,0,0,0,1,0,1,0,1,0,1,0
38570537,after,2025-12-15 15:00:14,2025-12-15 15:00:00,2025-12-15 15:29:00,0.098763341968482,1.0,0,0,0,0,0,0,0,0,0,0,0,0,0,0,0,0,0,0,0,0,0,0,0,0,0,0,0,0,0,0,0,0,0,0,1,0,1,0,1,0,1,0
38612361,before,2025-12-16 08:41:45,2025-12-16 08:41:00,2025-12-16 08:26:00,0.2917471292624137,1.0,0,0,0,0,0,0,0,0,0,0,0,0,0,0,0,0,0,0,0,0,0,0,0,0,0,0,0,0,0,0,0,0,0,0,0,0,0,0,0,0,0,0
38612361,after,2025-12-16 08:41:45,2025-12-16 08:41:00,2025-12-16 08:44:00,0.33469926858052723,0.9411764705882353,0,0,0,0,0,0,0,0,0,0,0,0,0,0,0,0,0,0,0,0,0,0,0,0,0,1,0,0,0,0,0,0,0,0,0,0,0,0,0,0,0,0
38648802,before,2025-12-17 08:21:41,2025-12-17 08:21:00,2025-12-17 08:15:00,0.05075225206564061,1.0,0,0,0,0,0,0,0,0,0,0,0,0,0,0,0,0,0,0,0,0,0,0,0,0,0,0,0,0,0,0,0,0,0,0,0,1,0,1,0,0,0,0
38648802,after,2025-12-17 08:21:41,2025-12-17 08:21:00,2025-12-17 08:37:00,0.14513992118464605,1.0,0,0,0,0,0,0,0,0,0,0,0,0,0,0,0,0,0,0,0,0,0,0,0,0,0,0,0,0,0,0,0,0,0,0,0,0,0,0,0,0,0,0
38650723,before,2025-12-17 09:38:06,2025-12-17 09:38:00,2025-12-17 09:14:00,0.17239286130876597,0.8823529411764706,0,0,0,0,0,0,0,0,0,0,0,0,0,0,0,1,1,0,0,0,0,0,0,0,0,0,0,0,0,0,0,0,0,0,0,0,0,0,0,0,0,0
38650723,after,2025-12-17 09:38:06,2025-12-17 09:38:00,2025-12-17 10:01:00,0.24169552334314148,0.8823529411764706,0,0,0,0,0,0,0,0,0,0,0,0,0,0,0,1,1,0,0,0,0,0,0,0,0,0,0,0,0,0,0,0,0,0,0,0,0,0,0,0,0,0
38683859,before,2025-12-18 08:05:45,2025-12-18 08:05:00,2025-12-18 08:02:00,0.1348058574774649,0.6470588235294118,0,1,0,0,0,1,0,0,0,0,0,0,1,0,0,0,0,1,0,0,0,1,0,0,1,0,0,0,0,0,0,0,0,0,1,0,0,0,0,0,0,0
38683859,after,2025-12-18 08:05:45,2025-12-18 08:05:00,2025-12-18 09:12:00,0.17204384358424732,0.7647058823529411,0,1,0,0,0,0,0,0,0,0,0,0,1,0,0,0,0,0,0,0,0,1,0,0,1,0,0,0,0,0,0,0,0,0,1,0,0,0,0,0,0,0
38686016,before,2025-12-18 10:02:33,2025-12-18 10:02:00,2025-12-18 09:54:00,0.0419521207063397,0.9411764705882353,0,0,0,0,0,0,0,0,0,0,0,0,0,0,0,0,0,0,0,0,0,0,0,0,0,0,0,1,0,0,0,0,0,0,0,0,0,0,0,0,0,0
38686016,after,2025-12-18 10:02:33,2025-12-18 10:02:00,2025-12-18 10:04:00,0.08336087545207699,1.0,0,0,0,0,0,0,0,0,0,0,0,0,0,0,0,0,0,0,0,0,0,0,0,0,0,0,0,0,0,0,0,0,0,0,0,0,0,0,0,0,0,0
38720385,before,2025-12-19 10:43:53,2025-12-19 10:43:00,2025-12-19 09:39:00,0.19167099027221962,1.0,0,0,0,0,0,0,0,0,0,0,0,0,0,0,0,0,0,0,0,0,0,0,0,0,0,0,0,0,0,0,0,0,0,0,0,0,0,0,0,0,0,0
38720385,after,2025-12-19 10:43:53,2025-12-19 10:43:00,2025-12-19 10:49:00,0.15913030925096558,1.0,0,0,0,0,0,0,0,0,0,0,0,0,0,0,0,0,0,0,0,0,0,0,0,0,0,0,0,0,0,0,0,0,0,0,0,0,0,0,0,0,0,0
38723027,before,2025-12-19 14:42:44,2025-12-19 14:42:00,2025-12-19 14:31:00,0.08077267684200289,0.9411764705882353,0,0,0,0,0,0,0,0,0,0,0,0,0,0,0,1,0,0,0,0,0,0,0,0,0,0,0,0,0,0,0,0,0,0,0,0,0,0,0,0,0,0
38723027,after,2025-12-19 14:42:44,2025-12-19 14:42:00,2025-12-19 14:48:00,0.14177202521011892,1.0,0,0,0,0,0,0,0,0,0,0,0,0,0,0,0,0,0,0,0,0,0,0,0,0,0,0,0,0,0,0,0,0,0,0,0,0,0,0,0,0,0,0
38755615,before,2025-12-22 08:17:51,2025-12-22 08:17:00,2025-12-22 07:16:00,0.20818703407466035,0.8823529411764706,0,0,0,0,0,0,0,0,0,0,0,0,0,0,0,0,1,0,0,0,0,0,0,0,0,1,0,0,0,0,0,0,0,0,0,0,0,0,0,0,0,0
38755615,after,2025-12-22 08:17:51,2025-12-22 08:17:00,2025-12-22 08:40:00,0.23622225635303049,0.9411764705882353,0,0,0,0,0,0,0,0,0,0,0,0,0,0,0,0,1,0,0,0,0,0,0,0,0,0,0,0,0,0,0,0,0,0,0,1,0,0,0,0,0,0
38759834,before,2025-12-22 12:07:54,2025-12-22 12:07:00,2025-12-22 12:03:00,0.2766843667702072,0.9411764705882353,0,0,0,0,0,0,0,0,0,0,0,0,0,0,0,1,0,0,0,0,0,0,0,0,0,0,0,0,0,0,0,0,0,0,0,0,0,0,0,0,0,0
38759834,after,2025-12-22 12:07:54,2025-12-22 12:07:00,2025-12-22 12:09:00,0.14408884167755698,1.0,0,0,0,0,0,0,0,0,0,0,0,0,0,0,0,0,0,0,0,0,0,0,0,0,0,0,0,0,0,0,0,0,0,0,0,0,0,0,0,0,0,0
38786971,before,2025-12-23 11:53:01,2025-12-23 11:53:00,2025-12-23 11:51:00,0.17836263804939353,0.8823529411764706,0,0,0,0,0,0,0,0,0,0,0,0,0,0,1,0,0,0,0,0,0,0,0,0,0,0,0,1,0,0,0,0,0,0,0,0,0,0,0,0,0,0
38786971,after,2025-12-23 11:53:01,2025-12-23 11:53:00,2025-12-23 11:55:00,0.0658810490205095,0.8823529411764706,0,0,0,0,0,0,0,0,0,0,0,0,0,0,1,0,0,0,0,0,0,0,0,0,0,0,0,1,0,0,0,0,0,0,0,1,0,0,0,0,0,0
38800885,before,2025-12-23 17:38:24,2025-12-23 17:38:00,2025-12-23 17:23:00,0.3658463740635703,0.8823529411764706,0,0,0,0,0,0,0,0,0,0,0,0,0,0,0,1,0,0,0,0,0,0,0,0,0,1,0,0,0,0,0,0,0,0,0,0,0,0,0,0,0,0
38800885,after,2025-12-23 17:38:24,2025-12-23 17:38:00,2025-12-23 17:41:00,0.16739632706844979,0.9411764705882353,0,0,0,0,0,0,0,0,0,0,0,0,0,0,0,1,0,0,0,0,0,0,0,0,0,0,0,0,0,0,0,0,0,0,0,0,0,0,0,0,0,0
81950224,before,2025-12-29 06:11:17,2025-12-29 06:11:00,2025-12-29 06:02:00,0.17862965820313984,1.0,0,0,0,0,0,0,0,0,0,0,0,0,0,0,0,0,0,0,0,0,0,0,0,0,0,0,0,0,0,0,0,0,0,0,0,0,0,0,0,0,0,0
81950224,after,2025-12-29 06:11:17,2025-12-29 06:11:00,2025-12-29 06:59:00,0.15451260032311895,1.0,0,0,0,0,0,0,0,0,0,0,0,0,0,0,0,0,0,0,0,0,0,0,0,0,0,0,0,0,0,0,0,0,0,0,0,0,0,0,0,0,0,0
81979298,before,2025-12-30 07:20:44,2025-12-30 07:20:00,2025-12-30 07:15:00,0.1592814597174275,0.8235294117647058,1,0,0,0,1,0,0,0,0,0,0,0,0,0,0,0,0,0,0,0,1,0,0,0,0,0,0,0,0,0,0,0,0,0,1,1,0,1,0,0,0,0
81979298,after,2025-12-30 07:20:44,2025-12-30 07:20:00,2025-12-30 07:24:00,0.047595255976119015,1.0,1,1,0,0,1,1,0,0,0,0,0,0,0,0,0,0,0,0,0,0,1,1,0,0,0,0,0,0,0,0,0,0,0,0,1,0,0,0,0,0,0,0
81983513,before,2025-12-30 12:12:46,2025-12-30 12:12:00,2025-12-30 12:08:00,0.12828121877359688,0.7647058823529411,0,1,0,0,0,1,0,0,0,0,0,0,0,0,0,0,0,0,0,0,0,1,0,0,1,0,0,0,0,0,0,0,0,0,0,0,0,0,0,0,0,0
81983513,after,2025-12-30 12:12:46,2025-12-30 12:12:00,2025-12-30 12:17:00,0.22563324661464912,0.9411764705882353,0,0,0,0,0,0,0,0,0,0,0,0,0,0,0,0,0,0,0,0,0,0,0,0,1,0,0,0,0,0,0,0,0,0,0,0,0,0,0,0,0,0
82028698,before,2026-01-02 09:31:50,2026-01-02 09:31:00,2026-01-02 09:00:00,0.17128340269688325,1.0,0,0,0,0,0,0,0,0,0,0,0,0,0,0,0,0,0,0,0,0,0,0,0,0,0,0,0,0,0,0,0,0,0,0,0,1,0,1,0,1,0,1
82028698,after,2026-01-02 09:31:50,2026-01-02 09:31:00,2026-01-02 11:26:00,0.22532406054163961,1.0,0,0,0,0,0,0,0,0,0,0,0,0,0,0,0,0,0,0,0,0,0,0,0,0,0,0,0,0,0,0,0,0,0,0,0,0,0,0,0,0,0,0
82061725,before,2026-01-05 11:12:23,2026-01-05 11:12:00,2026-01-05 11:10:00,0.08783957333755159,0.9411764705882353,0,0,0,0,0,0,0,0,0,0,0,0,0,0,0,1,0,0,0,0,0,0,0,0,0,0,0,0,0,0,0,0,0,0,0,1,0,0,0,0,0,0
82061725,after,2026-01-05 11:12:23,2026-01-05 11:12:00,2026-01-05 11:39:00,0.11707799720558566,1.0,0,0,0,0,0,0,0,0,0,0,0,0,0,0,0,0,0,0,0,0,0,0,0,0,0,0,0,0,0,0,0,0,0,0,0,0,0,0,0,0,0,0
82095097,before,2026-01-06 08:52:50,2026-01-06 08:52:00,2026-01-06 08:49:00,0.11586920123260555,0.9411764705882353,0,0,0,0,0,0,0,0,0,0,0,0,0,0,0,0,0,0,0,0,0,0,0,0,0,0,1,0,0,0,0,0,0,0,0,0,0,0,0,0,0,0
82095097,after,2026-01-06 08:52:50,2026-01-06 08:52:00,2026-01-06 08:54:00,0.13045745070648554,0.9411764705882353,0,0,0,0,0,0,0,0,0,0,0,0,0,0,0,0,0,0,0,0,0,0,0,0,0,0,1,0,0,0,0,0,0,0,0,0,0,0,0,0,0,0
82147110,before,2026-01-07 16:04:17,2026-01-07 16:04:00,2026-01-07 16:02:00,0.08299935901170796,1.0,0,0,0,0,0,0,0,0,0,0,0,0,0,0,0,0,0,0,0,0,0,0,0,0,0,0,0,0,0,0,0,0,0,0,0,0,0,0,0,0,0,0
82147110,after,2026-01-07 16:04:17,2026-01-07 16:04:00,2026-01-07 16:06:00,0.27114236292808075,1.0,0,0,0,0,0,0,0,0,0,0,0,0,0,0,0,0,0,0,0,0,0,0,0,0,0,0,0,0,0,0,0,0,0,0,0,0,0,0,0,0,0,0
82169230,before,2026-01-08 09:05:21,2026-01-08 09:05:00,2026-01-08 08:42:00,0.2653209360692563,0.9411764705882353,0,0,0,0,0,0,0,0,0,0,0,0,0,0,1,1,1,1,0,0,0,0,0,0,0,1,0,0,0,0,0,0,0,0,1,0,0,0,0,0,0,0
82169230,after,2026-01-08 09:05:21,2026-01-08 09:05:00,2026-01-08 09:07:00,0.4229852617202006,0.8235294117647058,0,0,0,0,0,0,0,0,0,0,0,0,0,0,1,0,1,0,0,0,0,0,0,0,0,0,0,1,0,0,0,0,0,0,1,0,0,0,0,0,0,0
82199073,before,2026-01-09 09:03:58,2026-01-09 09:03:00,2026-01-09 08:55:00,0.19603355886455678,0.9411764705882353,0,0,0,0,0,0,0,0,0,0,0,0,0,0,0,1,0,0,0,0,0,0,0,0,0,0,0,0,0,0,0,0,0,0,0,1,0,0,0,0,0,0
82199073,after,2026-01-09 09:03:58,2026-01-09 09:03:00,2026-01-09 09:05:00,0.049947310759758994,1.0,0,0,0,0,0,0,0,0,0,0,0,0,0,0,0,0,0,0,0,0,0,0,0,0,0,0,0,0,0,0,0,0,0,0,0,1,0,0,0,0,0,0
82241706,before,2026-01-12 07:30:37,2026-01-12 07:30:00,2026-01-12 07:08:00,0.202301571822221,0.9411764705882353,0,0,0,0,0,0,0,0,0,0,0,0,0,0,1,0,0,0,0,0,0,0,0,0,0,0,1,1,0,0,0,0,0,0,1,0,1,0,1,0,0,0
82241706,after,2026-01-12 07:30:37,2026-01-12 07:30:00,2026-01-12 07:33:00,0.08566338792799456,0.9411764705882353,0,0,0,0,0,0,0,0,0,0,0,0,0,0,1,0,0,0,0,0,0,0,0,0,0,0,1,1,0,0,0,0,0,0,1,0,1,0,1,0,0,0
82462486,before,2026-01-12 11:25:57,2026-01-12 11:25:00,2026-01-12 11:09:00,0.2310986955586757,0.9411764705882353,0,0,0,0,0,0,0,0,0,0,0,0,0,0,0,0,0,0,0,0,0,0,0,0,0,0,0,1,0,0,0,0,0,0,1,0,0,0,0,0,0,0
82462486,after,2026-01-12 11:25:57,2026-01-12 11:25:00,2026-01-12 11:34:00,0.19367549074862478,1.0,0,0,0,0,0,0,0,0,0,0,0,0,0,0,0,0,0,0,0,0,0,0,0,0,0,0,0,0,0,0,0,0,0,0,1,0,0,0,0,0,0,0
82465593,before,2026-01-12 14:11:18,2026-01-12 14:11:00,2026-01-12 13:19:00,0.1583528256129932,0.8823529411764706,0,0,0,0,0,0,0,0,0,0,0,0,0,0,0,1,0,0,0,0,0,0,0,0,0,0,1,0,0,0,0,0,0,0,0,0,0,0,0,0,0,0
82465593,after,2026-01-12 14:11:18,2026-01-12 14:11:00,2026-01-12 14:17:00,0.19741413450762493,0.9411764705882353,0,0,0,0,0,0,0,0,0,0,0,0,0,0,0,0,0,0,0,0,0,0,0,0,0,0,1,0,0,0,0,0,0,0,0,0,0,0,0,0,0,0
82494965,before,2026-01-13 12:44:06,2026-01-13 12:44:00,2026-01-13 12:07:00,0.1550467660282533,0.9411764705882353,0,0,0,0,0,0,0,0,0,0,0,0,1,0,1,1,0,0,0,0,0,0,0,0,0,0,0,0,0,0,0,0,0,0,0,0,0,0,0,0,0,0
82494965,after,2026-01-13 12:44:06,2026-01-13 12:44:00,2026-01-13 12:46:00,0.07544467602186741,0.8823529411764706,0,0,0,0,0,0,0,0,0,0,0,0,1,0,1,0,0,0,0,0,0,0,0,0,0,0,0,0,0,0,0,0,0,0,0,0,0,0,0,0,0,0
82523311,before,2026-01-14 06:29:14,2026-01-14 06:29:00,2026-01-14 06:11:00,0.19855377131020807,1.0,0,0,1,1,0,0,1,1,0,0,0,0,0,0,0,0,0,0,0,0,0,0,1,1,0,0,0,0,0,0,0,0,0,0,0,0,0,0,0,0,0,0
82523311,after,2026-01-14 06:29:14,2026-01-14 06:29:00,2026-01-14 06:31:00,0.236889813079146,0.8235294117647058,0,0,1,0,0,0,1,0,0,0,0,0,0,0,0,0,0,0,0,0,0,0,1,0,0,0,0,0,0,0,0,0,0,0,0,0,0,0,0,0,0,0
82564751,before,2026-01-15 09:19:50,2026-01-15 09:19:00,2026-01-15 09:17:00,0.09758289565692778,1.0,0,0,0,0,0,0,0,0,0,0,0,0,0,0,0,0,0,0,0,0,0,0,0,0,0,0,0,0,0,0,0,0,0,0,0,0,0,0,0,0,0,0
82564751,after,2026-01-15 09:19:50,2026-01-15 09:19:00,2026-01-15 09:57:00,0.1439831592556058,0.8235294117647058,0,1,0,0,0,1,0,0,0,0,0,0,0,0,0,0,0,0,0,0,0,1,0,0,0,0,0,0,0,0,0,0,0,0,0,0,0,0,0,0,0,0
82596177,before,2026-01-16 09:03:56,2026-01-16 09:03:00,2026-01-16 09:01:00,0.301686183432913,0.7647058823529411,0,0,1,0,0,0,0,0,0,0,0,0,0,0,1,0,0,0,0,0,0,0,1,0,0,0,0,1,0,0,0,0,0,0,0,0,0,0,0,0,0,0
82596177,after,2026-01-16 09:03:56,2026-01-16 09:03:00,2026-01-16 09:09:00,0.09403114334397666,0.8235294117647058,0,0,1,0,0,0,0,0,0,0,0,0,0,0,1,0,0,0,0,0,0,0,1,0,0,0,0,0,0,0,0,0,0,0,0,0,0,0,0,0,0,0
82600157,before,2026-01-16 14:48:59,2026-01-16 14:48:00,2026-01-16 14:43:00,0.21738004197270727,1.0,0,0,0,0,0,0,0,0,0,0,0,0,0,0,0,0,0,0,0,0,0,0,0,0,0,0,0,0,0,0,0,0,0,0,0,0,0,0,0,0,0,0
82600157,after,2026-01-16 14:48:59,2026-01-16 14:48:00,2026-01-16 14:57:00,0.2717241647255726,1.0,0,0,0,0,0,0,0,0,0,0,0,0,0,0,0,0,0,0,0,0,0,0,0,0,0,0,0,0,0,0,0,0,0,0,0,0,0,0,0,0,0,0
82667342,before,2026-01-20 09:00:31,2026-01-20 09:00:00,2026-01-20 08:57:00,0.2680391356394108,1.0,0,0,0,0,0,0,0,0,0,0,0,0,0,0,0,0,0,0,0,0,0,0,0,0,1,1,0,0,0,0,0,0,0,0,1,0,1,0,1,0,1,0
82667342,after,2026-01-20 09:00:31,2026-01-20 09:00:00,2026-01-20 09:07:00,0.2128233589078066,0.9411764705882353,0,0,0,0,0,0,0,0,0,0,0,0,0,0,0,0,0,0,0,0,0,0,0,0,1,0,0,0,0,0,0,0,0,0,1,0,1,0,1,0,1,0
82775023,before,2026-01-22 09:25:06,2026-01-22 09:25:00,2026-01-22 09:05:00,0.2300817778028433,0.8235294117647058,1,0,0,0,1,0,0,0,0,0,0,0,0,0,0,0,0,0,0,0,1,0,0,0,0,0,0,0,0,0,0,0,0,0,1,1,0,0,0,0,0,0
82775023,after,2026-01-22 09:25:06,2026-01-22 09:25:00,2026-01-22 10:05:00,0.14043605266932946,0.7647058823529411,1,0,0,0,1,0,0,0,0,0,0,0,0,0,0,0,0,0,0,0,1,0,0,0,0,1,0,0,0,0,0,0,0,0,1,1,0,0,0,0,0,0
82824133,before,2026-01-23 09:00:21,2026-01-23 09:00:00,2026-01-23 08:36:00,0.19785238419404347,0.9411764705882353,0,0,0,0,0,0,0,0,0,0,0,0,0,0,0,0,0,0,0,0,0,0,0,0,0,0,0,1,0,0,0,0,0,0,1,0,1,0,1,0,1,0
82824133,after,2026-01-23 09:00:21,2026-01-23 09:00:00,2026-01-23 09:08:00,0.08058664396169969,1.0,0,0,0,0,0,0,0,0,0,0,0,0,0,0,0,0,0,0,0,0,0,0,0,0,0,0,0,0,0,0,0,0,0,0,1,0,1,0,1,0,1,0
82913535,before,2026-01-26 11:00:40,2026-01-26 11:00:00,2026-01-26 10:47:00,0.11651439453989726,0.8235294117647058,0,0,1,0,0,0,0,0,0,0,0,0,0,0,0,0,0,0,0,0,0,0,1,0,0,0,0,0,0,0,1,0,0,0,1,0,1,0,1,0,1,0
82913535,after,2026-01-26 11:00:40,2026-01-26 11:00:00,2026-01-26 11:10:00,0.1517890378440255,0.8235294117647058,0,0,1,0,0,0,0,0,0,0,0,0,0,0,0,0,0,0,0,0,0,0,1,0,0,0,0,0,0,0,1,0,0,0,1,1,1,0,1,0,1,0
83084849,before,2026-01-28 09:01:54,2026-01-28 09:01:00,2026-01-28 08:57:00,0.20473313183995095,0.9411764705882353,0,0,0,0,0,0,0,0,0,0,0,0,0,0,0,1,0,0,0,0,0,0,0,0,0,0,0,0,0,0,0,0,0,0,0,0,0,0,0,0,0,0
83084849,after,2026-01-28 09:01:54,2026-01-28 09:01:00,2026-01-28 10:13:00,0.20414721499268262,1.0,0,0,0,0,0,0,0,0,0,0,0,0,0,0,0,0,0,0,0,0,0,0,0,0,0,0,0,0,0,0,0,0,0,0,0,0,0,0,0,0,0,0
83314376,before,2026-01-30 06:37:54,2026-01-30 06:37:00,2026-01-30 06:05:00,0.6576359727772779,1.0,0,0,0,0,0,0,0,0,0,0,0,0,0,0,0,0,0,0,0,0,0,0,0,0,0,0,0,0,0,0,0,0,0,0,0,1,0,0,0,0,0,0
83314376,after,2026-01-30 06:37:54,2026-01-30 06:37:00,2026-01-30 06:42:00,0.41349196072099287,1.0,0,0,0,0,0,0,0,0,0,0,0,0,0,0,0,0,0,0,0,0,0,0,0,0,0,0,0,0,0,0,0,0,0,0,0,0,0,0,0,0,0,0
83511633,before,2026-02-02 22:25:35,2026-02-02 22:25:00,2026-02-02 21:12:00,0.23186231409568656,0.9411764705882353,0,0,0,0,0,0,0,0,0,0,0,0,0,0,0,0,0,0,0,0,0,0,0,0,0,1,0,0,0,0,0,0,0,0,1,0,0,0,0,0,0,0
83511633,after,2026-02-02 22:25:35,2026-02-02 22:25:00,2026-02-02 22:36:00,0.21170691986302792,1.0,0,0,0,0,0,0,0,0,0,0,0,0,0,0,0,0,0,0,0,0,0,0,0,0,0,0,0,0,0,0,0,0,0,0,1,0,0,0,0,0,0,0
83541051,before,2026-02-03 14:00:26,2026-02-03 14:00:00,2026-02-03 13:17:00,0.6636443809322969,0.7647058823529411,0,0,1,0,0,0,1,0,0,0,0,0,0,0,0,1,0,0,0,0,0,0,1,0,0,0,0,0,0,0,0,0,0,0,1,0,1,0,1,0,1,0
83541051,after,2026-02-03 14:00:26,2026-02-03 14:00:00,2026-02-03 14:24:00,0.19326694598655203,1.0,0,0,1,1,0,0,1,1,0,0,0,0,0,0,0,0,0,0,0,0,0,0,1,1,0,0,0,0,0,0,0,0,0,0,1,0,1,0,1,0,1,0
83699779,before,2026-02-04 19:42:53,2026-02-04 19:42:00,2026-02-04 19:26:00,0.42807704281483044,0.8823529411764706,0,0,1,0,0,0,0,0,0,0,0,0,0,0,0,0,0,0,0,0,0,0,1,0,0,0,0,0,0,0,0,0,0,0,0,0,0,0,0,0,0,0
83699779,after,2026-02-04 19:42:53,2026-02-04 19:42:00,2026-02-04 20:47:00,0.21959882645036982,1.0,0,0,1,1,0,0,0,0,0,0,0,0,0,0,0,0,0,0,0,0,0,0,1,1,0,0,0,0,0,0,0,0,0,0,0,0,0,0,0,0,0,0
83821484,before,2026-02-05 17:27:12,2026-02-05 17:27:00,2026-02-05 16:26:00,0.26704126528804417,0.8823529411764706,1,1,0,0,0,1,0,0,0,0,0,0,0,0,0,0,0,0,0,0,1,0,0,0,0,0,0,0,0,0,0,0,0,0,0,0,0,0,0,0,0,0
83821484,after,2026-02-05 17:27:12,2026-02-05 17:27:00,2026-02-05 17:44:00,0.4428855271302868,0.8823529411764706,1,0,0,0,0,0,0,0,0,0,0,0,0,0,0,0,0,0,0,0,1,0,0,0,0,0,0,0,0,0,0,0,0,0,0,0,0,0,0,0,0,0
83897665,before,2026-02-06 07:30:33,2026-02-06 07:30:00,2026-02-06 07:28:00,0.31006600591155287,0.8235294117647058,0,1,0,0,0,0,0,0,0,0,0,0,0,0,0,0,0,0,0,0,0,1,0,0,1,0,0,0,0,0,0,0,0,0,1,0,1,0,1,0,0,0
83897665,after,2026-02-06 07:30:33,2026-02-06 07:30:00,2026-02-06 08:22:00,0.27990177576151093,0.9411764705882353,0,0,0,0,0,0,0,0,0,0,0,0,0,0,0,0,0,0,0,0,0,0,0,0,1,0,0,0,0,0,0,0,0,0,1,0,1,0,1,0,0,0
83915642,before,2026-02-06 09:16:42,2026-02-06 09:16:00,2026-02-06 09:13:00,0.3962869977454296,1.0,0,0,0,0,0,0,0,0,0,0,0,0,0,0,0,0,0,0,0,0,0,0,0,0,0,0,0,0,0,0,0,0,0,0,0,0,0,0,0,0,0,0
83915642,after,2026-02-06 09:16:42,2026-02-06 09:16:00,2026-02-06 09:29:00,0.18894561052642278,1.0,0,0,0,0,0,0,0,0,0,0,0,0,0,0,0,0,0,0,0,0,0,0,0,0,0,0,0,0,0,0,0,0,0,0,0,0,0,0,0,0,0,0
83923769,before,2026-02-06 15:34:06,2026-02-06 15:34:00,2026-02-06 14:55:00,0.2341862187660801,0.7647058823529411,1,0,0,0,0,0,0,0,0,0,0,0,0,0,1,0,0,0,0,0,1,0,0,0,0,1,0,0,0,0,0,0,0,0,0,1,0,0,0,0,0,0
83923769,after,2026-02-06 15:34:06,2026-02-06 15:34:00,2026-02-06 15:40:00,0.30213169403304085,0.7647058823529411,1,0,0,0,0,0,0,0,0,0,0,0,0,0,1,0,0,0,0,0,1,0,0,0,0,1,0,0,0,0,0,0,0,0,0,1,0,0,0,0,0,0
83980760,before,2026-02-09 12:04:32,2026-02-09 12:04:00,2026-02-09 11:19:00,0.1826587798713747,0.8235294117647058,1,0,0,0,0,0,0,0,0,0,0,0,0,0,0,0,0,0,0,0,1,0,0,0,0,1,0,0,0,0,0,0,0,0,0,0,0,0,0,0,0,0
83980760,after,2026-02-09 12:04:32,2026-02-09 12:04:00,2026-02-09 12:53:00,0.6246026964761764,0.8235294117647058,1,0,0,0,0,0,0,0,0,0,0,0,0,0,0,0,0,1,0,0,1,0,0,0,0,0,0,0,0,0,0,0,0,0,0,0,0,0,0,0,0,0
84397864,before,2026-02-11 17:40:50,2026-02-11 17:40:00,2026-02-11 15:44:00,0.599785595346087,0.8235294117647058,0,0,1,0,0,0,1,0,0,0,0,0,0,0,0,0,0,0,0,0,0,0,1,0,0,0,0,0,0,0,0,0,0,0,1,0,0,0,0,0,0,0
84397864,after,2026-02-11 17:40:50,2026-02-11 17:40:00,2026-02-11 17:42:00,0.292371038987992,1.0,0,0,1,1,0,0,1,1,0,0,0,0,0,0,0,0,0,0,0,0,0,0,1,1,0,0,0,0,0,0,0,0,0,0,1,0,0,0,0,0,0,0
84448544,before,2026-02-12 07:06:33,2026-02-12 07:06:00,2026-02-12 07:04:00,0.17613243250414948,0.8235294117647058,1,0,0,0,0,0,0,0,0,0,0,0,0,0,1,0,0,0,0,0,1,0,0,0,0,0,0,0,0,0,0,0,0,0,0,0,0,0,0,0,0,0
84448544,after,2026-02-12 07:06:33,2026-02-12 07:06:00,2026-02-12 07:25:00,0.1305585974703317,0.8823529411764706,1,0,0,0,0,0,0,0,0,0,0,0,0,0,1,1,0,0,0,0,1,0,0,0,0,0,0,0,0,0,0,0,0,0,0,1,0,0,0,0,0,0
84480811,before,2026-02-12 11:04:59,2026-02-12 11:04:00,2026-02-12 10:59:00,0.1609349729715121,0.8235294117647058,0,1,0,0,0,1,0,0,0,0,0,0,0,0,0,0,0,0,0,0,0,1,0,0,0,0,0,0,0,0,0,0,0,0,0,0,0,0,0,0,0,0
84480811,after,2026-02-12 11:04:59,2026-02-12 11:04:00,2026-02-12 11:11:00,0.19768078609320144,0.9411764705882353,0,0,0,0,0,0,0,0,0,0,0,0,0,0,0,0,0,0,0,0,0,0,0,0,0,1,0,0,0,0,0,0,0,0,0,0,0,0,0,0,0,0
84496990,before,2026-02-12 13:12:51,2026-02-12 13:12:00,2026-02-12 13:07:00,0.3826893814823709,0.9411764705882353,0,0,1,1,0,0,1,1,0,0,0,0,0,0,0,0,0,0,0,0,0,0,1,0,0,0,0,0,0,0,0,0,0,0,0,0,0,0,0,0,0,0
84496990,after,2026-02-12 13:12:51,2026-02-12 13:12:00,2026-02-12 13:14:00,0.18697733569490707,0.9411764705882353,0,0,1,1,0,0,1,1,0,0,0,0,0,0,0,0,0,0,0,0,0,0,1,0,0,0,0,0,0,0,0,0,0,0,0,0,0,0,0,0,0,0
84665776,before,2026-02-13 09:18:26,2026-02-13 09:18:00,2026-02-13 09:14:00,0.2248036488296423,0.9411764705882353,0,0,0,0,0,0,0,0,0,0,0,0,0,0,0,1,0,0,0,0,0,0,0,0,0,0,0,0,0,0,0,0,0,0,0,0,0,0,0,0,0,0
84665776,after,2026-02-13 09:18:26,2026-02-13 09:18:00,2026-02-13 09:25:00,0.16464937316548922,1.0,0,0,0,0,0,0,0,0,0,0,0,0,0,0,0,0,0,0,0,0,0,0,0,0,0,0,0,0,0,0,0,0,0,0,0,1,0,0,0,0,0,0
84675020,before,2026-02-13 13:12:08,2026-02-13 13:12:00,2026-02-13 13:06:00,0.1928610354949931,0.7647058823529411,1,0,0,0,1,0,0,0,0,0,0,0,0,0,0,0,0,0,0,0,1,0,0,0,0,1,0,0,0,0,0,0,0,0,0,0,0,0,0,0,0,0
84675020,after,2026-02-13 13:12:08,2026-02-13 13:12:00,2026-02-13 13:28:00,0.23482728949987847,0.9411764705882353,1,1,0,0,1,1,0,0,0,0,0,0,0,0,0,0,0,1,0,0,1,1,0,0,0,0,0,0,0,0,0,0,0,0,0,0,0,0,0,0,0,0
84803733,before,2026-02-17 12:21:33,2026-02-17 12:21:00,2026-02-17 12:00:00,0.08267801495712743,0.9411764705882353,0,0,0,0,0,0,0,0,0,0,0,0,0,0,0,1,0,0,0,0,0,0,0,0,0,0,0,0,0,0,0,0,0,0,0,1,0,1,0,1,0,1
84803733,after,2026-02-17 12:21:33,2026-02-17 12:21:00,2026-02-17 12:43:00,0.10125600811686217,1.0,0,0,0,0,0,0,0,0,0,0,0,0,0,0,0,0,0,0,0,0,0,0,0,0,0,0,0,0,0,0,0,0,0,0,0,0,0,0,0,0,0,0
84858142,before,2026-02-18 05:30:40,2026-02-18 05:30:00,2026-02-18 05:18:00,0.1345986276910361,1.0,0,0,0,0,0,0,0,0,0,0,0,0,0,0,0,0,0,0,0,0,0,0,0,0,0,0,0,0,0,0,0,0,0,0,1,0,1,0,1,0,0,0
84858142,after,2026-02-18 05:30:40,2026-02-18 05:30:00,2026-02-18 05:33:00,0.11755479680861222,1.0,0,0,0,0,0,0,0,0,0,0,0,0,0,0,0,0,0,0,0,0,0,0,0,0,0,0,0,0,0,0,0,0,0,0,1,0,1,0,1,0,0,0
84960053,before,2026-02-19 22:18:35,2026-02-19 22:18:00,2026-02-19 22:15:00,0.08458778030476422,1.0,0,0,0,0,0,0,0,0,0,0,0,0,0,0,0,0,0,0,0,0,0,0,0,0,0,0,0,0,0,0,0,0,0,0,0,1,0,1,0,0,0,0
84960053,after,2026-02-19 22:18:35,2026-02-19 22:18:00,2026-02-19 22:25:00,0.12195258470141096,1.0,0,0,0,0,0,0,0,0,0,0,0,0,0,0,0,0,0,0,0,0,0,0,0,0,0,0,0,0,0,0,0,0,0,0,0,1,0,0,0,0,0,0
84971230,before,2026-02-20 05:54:53,2026-02-20 05:54:00,2026-02-20 05:29:00,0.2055292903748135,1.0,0,0,0,0,0,0,0,0,0,0,0,0,0,0,0,0,0,0,0,0,0,0,0,0,0,0,0,0,0,0,0,0,0,0,0,0,0,0,0,0,0,0
84971230,after,2026-02-20 05:54:53,2026-02-20 05:54:00,2026-02-20 06:01:00,0.15168522620435015,1.0,0,0,0,0,0,0,0,0,0,0,0,0,0,0,0,0,0,0,0,0,0,0,0,0,0,0,0,0,0,0,0,0,0,0,0,0,0,0,0,0,0,0
85066329,before,2026-02-23 09:30:45,2026-02-23 09:30:00,2026-02-23 08:06:00,0.4391666726183037,1.0,0,0,1,1,0,0,1,1,0,0,0,0,1,1,0,0,1,1,0,0,0,0,1,1,0,0,0,0,0,0,0,0,0,0,1,0,1,0,1,0,0,0
85066329,after,2026-02-23 09:30:45,2026-02-23 09:30:00,2026-02-23 09:46:00,0.3006348201629477,0.8823529411764706,0,0,1,1,0,0,1,1,0,0,0,0,1,0,0,0,1,0,0,0,0,0,1,1,0,0,0,0,0,0,0,0,0,0,1,0,1,0,1,0,0,0
85084978,before,2026-02-23 11:21:20,2026-02-23 11:21:00,2026-02-23 11:13:00,0.09550623598914074,0.9411764705882353,0,0,0,0,0,0,0,0,0,0,0,0,0,0,1,0,0,0,0,0,0,0,0,0,0,0,0,0,0,0,0,0,0,0,0,0,0,0,0,0,0,0
85084978,after,2026-02-23 11:21:20,2026-02-23 11:21:00,2026-02-23 11:24:00,0.22402786665829952,0.8823529411764706,0,0,0,0,0,0,0,0,0,0,0,0,0,0,1,0,0,0,0,0,0,0,0,0,0,0,0,1,0,0,0,0,0,0,0,0,0,0,0,0,0,0
85182793,before,2026-02-23 15:02:41,2026-02-23 15:02:00,2026-02-23 14:50:00,0.17818898825866653,0.9411764705882353,0,0,0,0,0,0,0,0,0,0,0,0,0,0,0,0,0,0,0,0,0,0,0,0,0,1,0,0,0,0,0,0,0,0,0,1,0,0,0,0,0,0
85182793,after,2026-02-23 15:02:41,2026-02-23 15:02:00,2026-02-23 15:04:00,0.038213926974568886,0.9411764705882353,0,0,0,0,0,0,0,0,0,0,0,0,0,0,0,1,0,0,0,0,0,0,0,0,0,0,0,0,0,0,0,0,0,0,0,0,0,0,0,0,0,0
85342738,before,2026-02-24 10:04:42,2026-02-24 10:04:00,2026-02-24 09:04:00,0.20934770349750573,0.8823529411764706,0,0,0,0,0,0,0,0,0,0,0,0,0,0,0,1,0,0,0,0,0,0,0,0,0,0,0,1,0,0,0,0,0,0,0,0,0,0,0,0,0,0
85342738,after,2026-02-24 10:04:42,2026-02-24 10:04:00,2026-02-24 10:12:00,0.13055479622060803,1.0,0,0,0,0,0,0,0,0,0,0,0,0,0,0,0,0,0,0,0,0,0,0,0,0,0,0,0,0,0,0,0,0,0,0,0,0,0,0,0,0,0,0
85385479,before,2026-02-24 15:11:40,2026-02-24 15:11:00,2026-02-24 15:06:00,0.20891634818586455,1.0,0,0,0,0,0,0,0,0,0,0,0,0,0,0,0,0,0,0,0,0,0,0,0,0,0,0,1,1,0,0,0,0,0,0,0,0,0,0,0,0,0,0
85385479,after,2026-02-24 15:11:40,2026-02-24 15:11:00,2026-02-24 15:14:00,0.15213388614298937,1.0,0,0,0,0,0,0,0,0,0,0,0,0,0,0,0,0,0,0,0,0,0,0,0,0,0,0,1,1,0,0,0,0,0,0,0,0,0,0,0,0,0,0
85396743,before,2026-02-24 15:21:50,2026-02-24 15:21:00,2026-02-24 15:18:00,0.2990283990535958,0.8235294117647058,0,0,0,1,0,0,0,1,0,0,0,0,0,0,0,0,1,1,0,0,0,0,0,1,0,0,0,0,0,0,0,0,0,0,0,0,0,0,0,0,0,0
85396743,after,2026-02-24 15:21:50,2026-02-24 15:21:00,2026-02-24 15:55:00,0.4490433422836386,0.7647058823529411,0,0,0,1,0,0,0,1,0,0,0,0,0,0,0,0,1,0,0,0,0,0,0,1,0,0,0,0,0,0,0,0,0,0,0,1,0,0,0,0,0,0
85640223,before,2026-02-25 07:59:03,2026-02-25 07:59:00,2026-02-25 07:43:00,0.08666464203590947,1.0,0,0,0,0,0,0,0,0,0,0,0,0,0,0,0,0,0,0,0,0,0,0,0,0,0,0,0,0,0,0,0,0,0,0,0,0,0,0,0,0,0,0
85640223,after,2026-02-25 07:59:03,2026-02-25 07:59:00,2026-02-25 08:15:00,0.16969734681118087,1.0,0,0,0,0,0,0,0,0,0,0,0,0,0,0,0,0,0,0,0,0,0,0,0,0,0,0,0,0,0,0,0,0,0,0,0,1,0,1,0,0,0,0
85668110,before,2026-02-25 11:35:37,2026-02-25 11:35:00,2026-02-25 11:25:00,0.16355960837533437,0.7647058823529411,1,0,0,0,1,0,0,0,0,0,0,0,0,0,0,0,0,0,0,0,1,0,0,0,0,1,0,0,0,0,0,0,0,0,1,1,0,0,0,0,0,0
85668110,after,2026-02-25 11:35:37,2026-02-25 11:35:00,2026-02-25 11:39:00,0.15759516935727513,0.7647058823529411,1,0,0,0,1,0,0,0,0,0,0,0,0,0,0,0,0,0,0,0,1,0,0,0,0,1,0,0,0,0,0,0,0,0,1,0,0,0,0,0,0,0
85668988,before,2026-02-25 12:03:39,2026-02-25 12:03:00,2026-02-25 10:55:00,0.2322620628238663,1.0,0,0,0,0,0,0,0,0,0,0,0,0,0,0,0,0,0,0,0,0,0,0,0,0,0,0,1,1,0,0,0,0,0,0,0,1,0,0,0,0,0,0
85668988,after,2026-02-25 12:03:39,2026-02-25 12:03:00,2026-02-25 12:05:00,0.17229441348570862,0.9411764705882353,0,0,0,0,0,0,0,0,0,0,0,0,0,0,0,0,0,0,0,0,0,0,0,0,0,0,1,0,0,0,0,0,0,0,0,1,0,0,0,0,0,0
85704475,before,2026-02-25 16:23:24,2026-02-25 16:23:00,2026-02-25 16:21:00,0.072418051413553,0.9411764705882353,0,0,0,0,0,0,0,0,0,0,0,0,0,0,1,0,0,0,0,0,0,0,0,0,0,0,0,0,0,0,0,0,0,0,0,0,0,0,0,0,0,0
85704475,after,2026-02-25 16:23:24,2026-02-25 16:23:00,2026-02-25 16:28:00,0.12409083358874212,0.9411764705882353,0,0,0,0,0,0,0,0,0,0,0,0,0,0,1,0,0,0,0,0,0,0,0,0,0,0,0,0,0,0,0,0,0,0,0,0,0,0,0,0,0,0
85787460,before,2026-02-26 08:05:35,2026-02-26 08:05:00,2026-02-26 07:31:00,0.1278954456101037,0.9411764705882353,0,0,0,0,0,0,0,0,0,0,0,0,0,0,1,0,0,0,0,0,0,0,0,0,0,0,0,0,0,0,0,0,0,0,1,0,0,0,0,0,0,0
85787460,after,2026-02-26 08:05:35,2026-02-26 08:05:00,2026-02-26 08:09:00,0.09573138097107062,0.9411764705882353,0,0,0,0,0,0,0,0,0,0,0,0,0,0,1,0,0,0,0,0,0,0,0,0,0,0,0,0,0,0,0,0,0,0,1,0,0,0,0,0,0,0
85827276,before,2026-02-26 11:31:35,2026-02-26 11:31:00,2026-02-26 11:27:00,0.30282677235479577,0.7058823529411765,0,0,0,1,0,0,0,0,0,0,0,0,0,1,0,0,0,1,0,0,0,0,0,1,0,0,1,0,0,0,0,0,0,0,0,0,0,0,0,0,0,0
85827276,after,2026-02-26 11:31:35,2026-02-26 11:31:00,2026-02-26 11:48:00,0.2227999655215611,0.7647058823529411,0,0,0,1,0,0,0,1,0,0,0,0,0,0,0,0,0,0,0,0,0,0,0,1,0,0,1,0,0,0,0,0,0,0,0,0,0,0,0,0,0,0
85833216,before,2026-02-26 13:27:11,2026-02-26 13:27:00,2026-02-26 13:17:00,0.16445033204549064,0.7647058823529411,0,0,0,1,0,0,0,0,0,0,0,0,1,0,0,1,0,0,0,0,0,0,0,1,0,0,0,0,0,0,0,0,0,0,0,0,0,0,0,0,0,0
85833216,after,2026-02-26 13:27:11,2026-02-26 13:27:00,2026-02-26 13:40:00,0.28509156786466355,0.9411764705882353,0,0,0,0,0,0,0,0,0,0,0,0,1,0,0,0,0,0,0,0,0,0,0,0,0,0,0,0,0,0,0,0,0,0,0,1,0,0,0,0,0,0
85865765,before,2026-02-26 15:59:18,2026-02-26 15:59:00,2026-02-26 15:56:00,0.1298490818871482,1.0,0,0,0,0,0,0,0,0,0,0,0,0,0,0,0,0,0,0,0,0,0,0,0,0,0,0,0,0,0,0,0,0,0,0,0,0,0,0,0,0,0,0
85865765,after,2026-02-26 15:59:18,2026-02-26 15:59:00,2026-02-26 16:04:00,0.2438971151967131,1.0,0,0,0,0,0,0,0,0,0,0,0,0,0,0,0,0,0,0,0,0,0,0,0,0,0,0,0,0,0,0,0,0,0,0,0,0,0,0,0,0,0,0
85935017,before,2026-02-27 06:54:59,2026-02-27 06:54:00,2026-02-27 06:33:00,0.07364512208621249,0.9411764705882353,0,0,0,0,0,0,0,0,0,0,0,0,0,0,0,0,0,0,0,0,0,0,0,0,0,1,0,0,0,0,0,0,0,0,0,0,0,0,0,0,0,0
85935017,after,2026-02-27 06:54:59,2026-02-27 06:54:00,2026-02-27 06:57:00,0.11812636122151517,1.0,0,0,0,0,0,0,0,0,0,0,0,0,0,0,0,0,0,0,0,0,0,0,0,0,0,0,0,0,0,0,0,0,0,0,0,0,0,0,0,0,0,0
85942844,before,2026-02-27 09:56:14,2026-02-27 09:56:00,2026-02-27 09:52:00,0.18667772147463046,0.9411764705882353,0,0,1,1,0,0,1,1,0,0,0,0,1,0,0,0,0,0,0,0,0,0,1,1,0,0,0,0,0,0,0,0,0,0,0,0,0,0,0,0,0,0
85942844,after,2026-02-27 09:56:14,2026-02-27 09:56:00,2026-02-27 09:58:00,0.1578614685819259,0.9411764705882353,0,0,1,1,0,0,1,1,0,0,0,0,1,0,0,0,0,0,0,0,0,0,1,1,0,0,0,0,0,0,0,0,0,0,0,0,0,0,0,0,0,0
85948772,before,2026-02-27 12:46:26,2026-02-27 12:46:00,2026-02-27 12:28:00,0.14886357022138857,1.0,0,0,0,0,0,0,0,0,0,0,0,0,0,0,0,0,0,0,0,0,0,0,0,0,1,1,0,0,0,0,0,0,0,0,0,0,0,0,0,0,0,0
85948772,after,2026-02-27 12:46:26,2026-02-27 12:46:00,2026-02-27 12:59:00,0.3929100409981141,0.9411764705882353,0,0,0,0,0,0,0,0,0,0,0,0,0,0,0,0,0,0,0,0,0,0,0,0,1,0,0,0,0,0,0,0,0,0,0,0,0,0,0,0,0,0
86000608,before,2026-02-27 17:00:40,2026-02-27 17:00:00,2026-02-27 16:58:00,0.3576218542536542,0.7647058823529411,0,1,0,0,0,1,0,0,0,0,0,0,0,0,0,0,0,0,0,0,0,1,0,0,1,0,0,0,0,0,0,0,0,0,1,0,1,0,1,0,1,0
86000608,after,2026-02-27 17:00:40,2026-02-27 17:00:00,2026-02-27 17:14:00,0.12652946155069308,0.9411764705882353,0,0,0,0,0,0,0,0,0,0,0,0,0,0,0,0,0,0,0,0,0,0,0,0,1,0,0,0,0,0,0,0,0,0,1,0,1,0,1,0,1,0
86011644,before,2026-02-27 17:18:57,2026-02-27 17:18:00,2026-02-27 17:12:00,0.09169284450739801,1.0,0,0,0,0,0,0,0,0,0,0,0,0,0,0,0,0,0,0,0,0,0,0,0,0,0,0,0,0,0,0,0,0,0,0,0,0,0,0,0,0,0,0
86011644,after,2026-02-27 17:18:57,2026-02-27 17:18:00,2026-02-27 17:31:00,0.08024639683322335,1.0,0,0,0,0,0,0,0,0,0,0,0,0,0,0,0,0,0,0,0,0,0,0,0,0,0,0,0,0,0,0,0,0,0,0,0,0,0,0,0,0,0,0
86014472,before,2026-02-27 17:27:11,2026-02-27 17:27:00,2026-02-27 17:19:00,0.16018272446249307,1.0,0,0,0,0,0,0,0,0,0,0,0,0,0,0,0,0,0,0,0,0,0,0,0,0,0,0,0,0,0,0,0,0,0,0,0,0,0,0,0,0,0,0
86014472,after,2026-02-27 17:27:11,2026-02-27 17:27:00,2026-02-27 17:57:00,0.39529137881238524,0.9411764705882353,0,0,0,0,0,0,0,0,0,0,0,0,0,0,0,1,0,0,0,0,0,0,0,0,0,0,0,0,0,0,0,0,0,0,0,0,0,0,0,0,0,0
86155613,before,2026-03-02 09:32:11,2026-03-02 09:32:00,2026-03-02 09:30:00,0.12253480947131863,0.7647058823529411,0,1,0,0,0,1,0,0,0,0,0,0,0,0,0,0,0,0,0,0,0,1,0,0,1,0,0,0,0,0,0,0,0,0,0,1,0,1,0,1,0,0
86155613,after,2026-03-02 09:32:11,2026-03-02 09:32:00,2026-03-02 10:02:00,0.16449167279550253,0.9411764705882353,0,0,0,0,0,0,0,0,0,0,0,0,0,0,0,0,0,0,0,0,0,0,0,0,1,0,0,0,0,0,0,0,0,0,0,0,0,0,0,0,0,0
86161488,before,2026-03-02 10:37:17,2026-03-02 10:37:00,2026-03-02 10:33:00,0.20427374876124274,0.9411764705882353,0,0,0,0,0,0,0,0,0,0,0,0,0,0,1,1,0,0,0,0,0,0,0,0,0,0,0,1,0,0,0,0,0,0,0,0,0,0,0,0,0,0
86161488,after,2026-03-02 10:37:17,2026-03-02 10:37:00,2026-03-02 10:52:00,0.17383740783778684,1.0,0,0,0,0,0,0,0,0,0,0,0,0,0,0,1,1,0,0,0,0,0,0,0,0,0,0,0,0,0,0,0,0,0,0,0,0,0,0,0,0,0,0
86192606,before,2026-03-02 14:46:12,2026-03-02 14:46:00,2026-03-02 13:54:00,1.2875589479525018,1.0,0,0,1,1,0,0,1,1,0,0,0,0,0,0,0,0,1,1,0,0,0,0,1,1,0,0,0,0,0,0,0,0,0,0,0,0,0,0,0,0,0,0
86192606,after,2026-03-02 14:46:12,2026-03-02 14:46:00,2026-03-02 16:13:00,1.0835066608846544,0.9411764705882353,0,0,1,1,0,0,1,1,0,0,0,0,0,0,0,0,1,0,0,0,0,0,1,1,0,0,0,0,0,0,0,0,0,0,0,0,0,0,0,0,0,0
86558318,before,2026-03-03 07:57:14,2026-03-03 07:57:00,2026-03-03 07:17:00,0.14948371849239747,0.8823529411764706,0,0,0,0,0,0,0,0,0,0,0,0,0,0,0,1,0,0,0,0,0,0,0,0,0,1,0,0,0,0,0,0,0,0,0,0,0,0,0,0,0,0
86558318,after,2026-03-03 07:57:14,2026-03-03 07:57:00,2026-03-03 07:59:00,0.1083853074920722,1.0,0,0,0,0,0,0,0,0,0,0,0,0,0,0,0,0,0,0,0,0,0,0,0,0,0,0,0,0,0,0,0,0,0,0,0,0,0,0,0,0,0,0
86624724,before,2026-03-03 12:45:26,2026-03-03 12:45:00,2026-03-03 12:20:00,0.3082835205722083,0.9411764705882353,0,0,0,0,0,0,0,0,0,0,0,0,0,0,0,1,0,0,0,0,0,0,0,0,0,0,0,0,0,0,0,0,0,0,1,1,1,0,0,0,0,0
86624724,after,2026-03-03 12:45:26,2026-03-03 12:45:00,2026-03-03 12:47:00,0.21883265167702545,1.0,0,0,0,0,0,0,0,0,0,0,0,0,0,0,0,0,0,0,0,0,0,0,0,0,0,0,0,0,0,0,0,0,0,0,1,0,1,0,0,0,0,0
86716303,before,2026-03-03 16:46:45,2026-03-03 16:46:00,2026-03-03 16:12:00,0.5127027583854594,0.8235294117647058,0,0,1,0,0,0,1,0,0,0,0,0,0,0,0,0,1,1,0,0,0,0,1,0,0,0,0,0,0,0,0,0,0,0,0,0,0,0,0,0,0,0
86716303,after,2026-03-03 16:46:45,2026-03-03 16:46:00,2026-03-03 17:32:00,0.45759933957144866,1.0,0,0,1,1,0,0,1,1,0,0,0,0,0,0,0,0,1,1,0,0,0,0,1,1,0,0,0,0,0,0,0,0,0,0,0,0,0,0,0,0,0,0
86773790,before,2026-03-04 09:45:10,2026-03-04 09:45:00,2026-03-04 09:40:00,0.258805543101364,0.9411764705882353,0,0,0,0,0,0,0,0,0,0,0,0,0,1,0,0,0,0,0,0,0,0,0,0,0,0,0,0,0,0,0,0,0,0,1,1,1,0,0,0,0,0
86773790,after,2026-03-04 09:45:10,2026-03-04 09:45:00,2026-03-04 11:23:00,0.2934620654593072,0.9411764705882353,0,0,0,0,0,0,0,0,0,0,0,0,0,0,0,1,0,0,0,0,0,0,0,0,0,0,0,0,0,0,0,0,0,0,1,0,1,0,0,0,0,0
86784552,before,2026-03-04 13:12:36,2026-03-04 13:12:00,2026-03-04 13:10:00,0.29198883053721736,0.7058823529411765,0,1,0,0,0,1,0,0,0,1,0,0,0,0,0,0,0,0,0,0,0,1,0,0,1,0,0,0,0,0,0,0,0,0,0,1,0,0,0,0,0,0
86784552,after,2026-03-04 13:12:36,2026-03-04 13:12:00,2026-03-04 13:56:00,0.25188998737546503,0.8235294117647058,0,1,0,0,0,0,0,0,0,0,0,0,0,0,0,0,0,0,0,0,0,1,0,0,1,0,0,0,0,0,0,0,0,0,0,0,0,0,0,0,0,0
86894280,before,2026-03-05 09:02:29,2026-03-05 09:02:00,2026-03-05 09:00:00,0.25147883425414047,0.7647058823529411,0,0,0,1,0,0,0,1,0,0,0,0,0,0,0,0,0,0,0,0,0,0,0,1,0,0,1,0,0,0,0,0,0,0,0,1,0,1,0,1,0,1
86894280,after,2026-03-05 09:02:29,2026-03-05 09:02:00,2026-03-05 09:08:00,0.22368676694519168,1.0,0,0,0,0,0,0,0,0,0,0,0,0,0,0,0,0,0,0,0,0,0,0,0,0,0,0,1,1,0,0,0,0,0,0,0,0,0,0,0,0,0,0
87000308,before,2026-03-05 21:20:01,2026-03-05 21:20:00,2026-03-05 20:14:00,0.19011171301002167,1.0,0,0,0,0,0,0,0,0,0,0,0,0,0,0,0,0,0,0,0,0,0,0,0,0,0,0,0,0,0,0,0,0,0,0,1,0,0,0,0,0,0,0
87000308,after,2026-03-05 21:20:01,2026-03-05 21:20:00,2026-03-05 21:24:00,0.03472005695830778,0.9411764705882353,0,0,0,0,0,0,0,0,0,0,0,0,0,0,0,0,0,0,0,0,0,0,0,0,0,1,0,0,0,0,0,0,0,0,1,0,0,0,0,0,0,0
87025580,before,2026-03-06 07:23:56,2026-03-06 07:23:00,2026-03-06 07:20:00,0.26051606309522224,0.8235294117647058,0,0,1,0,0,0,1,0,0,0,0,0,0,0,0,0,0,0,0,0,0,0,1,0,0,0,0,0,0,0,0,0,0,0,0,1,0,0,0,0,0,0
87025580,after,2026-03-06 07:23:56,2026-03-06 07:23:00,2026-03-06 07:25:00,0.10431262041415724,1.0,0,0,1,1,0,0,1,1,0,0,0,0,0,0,0,0,0,0,0,0,0,0,1,1,0,0,0,0,0,0,0,0,0,0,0,1,0,0,0,0,0,0
87031092,before,2026-03-06 10:19:20,2026-03-06 10:19:00,2026-03-06 10:16:00,0.10933989036097727,0.9411764705882353,0,0,0,0,0,0,0,0,0,0,0,0,0,0,0,0,0,0,0,0,0,0,0,0,1,0,0,0,0,0,0,0,0,0,0,0,0,0,0,0,0,0
87031092,after,2026-03-06 10:19:20,2026-03-06 10:19:00,2026-03-06 10:54:00,0.19913024340389757,0.9411764705882353,0,0,0,0,0,0,0,0,0,0,0,0,0,0,0,0,0,0,0,0,0,0,0,0,1,0,0,0,0,0,0,0,0,0,0,0,0,0,0,0,0,0
87193343,before,2026-03-09 09:09:59,2026-03-09 09:09:00,2026-03-09 09:02:00,0.1350068719157478,1.0,0,0,0,0,0,0,0,0,0,0,0,0,0,0,0,0,0,0,0,0,0,0,0,0,0,0,0,0,0,0,0,0,0,0,0,0,0,0,0,0,0,0
87193343,after,2026-03-09 09:09:59,2026-03-09 09:09:00,2026-03-09 09:13:00,0.3570934145967843,0.9411764705882353,0,0,0,0,0,0,0,0,0,0,0,0,0,0,0,0,0,0,0,0,0,0,0,0,0,1,0,0,0,0,0,0,0,0,0,0,0,0,0,0,0,0
87220510,before,2026-03-09 10:55:33,2026-03-09 10:55:00,2026-03-09 10:45:00,0.1550034928023034,0.9411764705882353,0,0,0,0,0,0,0,0,0,0,0,0,0,0,0,1,0,0,0,0,0,0,0,0,0,0,0,0,0,0,0,0,0,0,1,1,0,1,0,0,0,0
87220510,after,2026-03-09 10:55:33,2026-03-09 10:55:00,2026-03-09 11:26:00,0.07652318104516899,1.0,0,0,0,0,0,0,0,0,0,0,0,0,0,0,0,0,0,0,0,0,0,0,0,0,0,0,0,0,0,0,0,0,0,0,1,0,0,0,0,0,0,0
87303856,before,2026-03-09 14:32:49,2026-03-09 14:32:00,2026-03-09 14:27:00,0.1834286224376121,0.9411764705882353,0,0,0,0,0,0,0,0,0,0,0,0,0,0,1,0,0,0,0,0,0,0,0,0,0,0,0,0,0,0,0,0,0,0,0,0,0,0,0,0,0,0
87303856,after,2026-03-09 14:32:49,2026-03-09 14:32:00,2026-03-09 14:35:00,0.04068737183607098,0.9411764705882353,0,0,0,0,0,0,0,0,0,0,0,0,0,0,1,0,0,0,0,0,0,0,0,0,0,0,0,0,0,0,0,0,0,0,0,1,0,0,0,0,0,0
87433721,before,2026-03-10 09:45:41,2026-03-10 09:45:00,2026-03-10 09:07:00,0.14417537366587163,1.0,0,0,0,0,0,0,0,0,0,0,0,0,0,0,1,1,0,0,0,0,0,0,0,0,0,0,0,0,0,0,0,0,0,0,1,0,1,0,0,0,0,0
87433721,after,2026-03-10 09:45:41,2026-03-10 09:45:00,2026-03-10 09:57:00,0.13592307620677146,1.0,0,0,0,0,0,0,0,0,0,0,0,0,0,0,1,1,0,0,0,0,0,0,0,0,0,0,0,0,0,0,0,0,0,0,1,0,1,0,0,0,0,0
87436917,before,2026-03-10 10:43:46,2026-03-10 10:43:00,2026-03-10 10:39:00,0.12911821119669956,0.8235294117647058,0,1,0,0,0,1,0,0,0,0,0,0,0,0,0,0,0,0,0,0,0,1,0,0,0,0,0,0,0,0,0,0,0,0,0,0,0,0,0,0,0,0
87436917,after,2026-03-10 10:43:46,2026-03-10 10:43:00,2026-03-10 10:45:00,0.15941208998854992,0.9411764705882353,0,0,0,0,0,0,0,0,0,0,0,0,0,0,0,0,0,0,0,0,0,0,0,0,0,1,0,0,0,0,0,0,0,0,0,1,0,1,0,0,0,0
87455839,before,2026-03-10 11:14:56,2026-03-10 11:14:00,2026-03-10 11:10:00,0.09073978763398838,1.0,0,0,0,0,0,0,0,0,0,0,0,0,0,0,0,0,0,0,0,0,0,0,0,0,0,0,0,0,0,0,0,0,0,0,0,1,0,0,0,0,0,0
87455839,after,2026-03-10 11:14:56,2026-03-10 11:14:00,2026-03-10 11:34:00,0.13235632117482185,1.0,0,0,0,0,0,0,0,0,0,0,0,0,0,0,0,0,0,0,0,0,0,0,0,0,0,0,0,0,0,0,0,0,0,0,0,0,0,0,0,0,0,0
87634841,before,2026-03-11 10:08:12,2026-03-11 10:08:00,2026-03-11 09:07:00,0.12861413927031612,0.7647058823529411,0,1,0,0,0,1,0,0,0,0,0,0,0,0,0,0,0,0,0,0,0,1,0,0,1,0,0,0,0,0,0,0,0,0,0,0,0,0,0,0,0,0
87634841,after,2026-03-11 10:08:12,2026-03-11 10:08:00,2026-03-11 11:09:00,0.14807730275276318,0.9411764705882353,0,0,0,0,0,0,0,0,0,0,0,0,0,0,0,0,0,0,0,0,0,0,0,0,1,0,0,0,0,0,0,0,0,0,0,0,0,0,0,0,0,0
87640068,before,2026-03-11 12:39:31,2026-03-11 12:39:00,2026-03-11 12:26:00,0.22146198356861996,1.0,0,0,0,0,0,0,0,0,0,0,0,0,0,0,0,0,0,0,0,0,0,0,0,0,0,0,0,0,0,0,0,0,0,0,0,0,0,0,0,0,0,0
87640068,after,2026-03-11 12:39:31,2026-03-11 12:39:00,2026-03-11 12:43:00,0.13747885724950118,1.0,0,0,0,0,0,0,0,0,0,0,0,0,0,0,0,0,0,0,0,0,0,0,0,0,0,0,0,0,0,0,0,0,0,0,0,0,0,0,0,0,0,0
87715345,before,2026-03-12 09:41:54,2026-03-12 09:41:00,2026-03-12 09:33:00,0.23337633630769938,1.0,1,1,0,0,1,1,0,0,0,0,0,0,0,0,0,0,0,0,0,0,1,1,0,0,0,0,0,0,0,0,0,0,0,0,0,0,0,0,0,0,0,0
87715345,after,2026-03-12 09:41:54,2026-03-12 09:41:00,2026-03-12 09:44:00,0.2642748463836341,0.7647058823529411,1,0,0,0,1,0,0,0,0,0,0,0,0,0,0,0,0,0,0,0,1,0,0,0,0,1,0,0,0,0,0,0,0,0,0,0,0,0,0,0,0,0
87725200,before,2026-03-12 11:02:44,2026-03-12 11:02:00,2026-03-12 10:47:00,0.1855530963832341,0.5882352941176471,1,0,0,0,1,0,0,0,1,0,0,0,0,0,0,0,0,1,0,0,1,0,0,0,0,1,0,0,0,0,0,0,0,1,0,0,0,0,0,0,0,0
87725200,after,2026-03-12 11:02:44,2026-03-12 11:02:00,2026-03-12 11:11:00,0.2540061064590243,0.7058823529411765,1,0,0,0,1,0,0,0,1,0,0,0,0,0,0,0,0,1,0,0,1,0,0,0,0,0,0,0,0,0,0,0,0,0,0,0,0,0,0,0,0,0
87728679,before,2026-03-12 13:51:53,2026-03-12 13:51:00,2026-03-12 13:41:00,0.2431061858050149,1.0,0,0,0,0,0,0,0,0,0,0,0,0,0,0,0,0,0,0,0,0,0,0,0,0,0,0,0,0,0,0,0,0,0,0,0,0,0,0,0,0,0,0
87728679,after,2026-03-12 13:51:53,2026-03-12 13:51:00,2026-03-12 14:09:00,0.15596026706722832,0.9411764705882353,0,0,0,0,0,0,0,0,0,0,0,0,0,0,0,1,0,0,0,0,0,0,0,0,0,0,0,0,0,0,0,0,0,0,0,0,0,0,0,0,0,0
87728889,before,2026-03-12 13:54:26,2026-03-12 13:54:00,2026-03-12 13:40:00,0.11273521924748653,0.8823529411764706,0,0,1,0,0,0,0,0,0,0,0,0,0,0,0,0,0,0,0,0,0,0,1,0,0,0,0,0,0,0,0,0,0,0,0,1,0,0,0,0,0,0
87728889,after,2026-03-12 13:54:26,2026-03-12 13:54:00,2026-03-12 14:55:00,0.18488646297513792,1.0,0,0,1,1,0,0,0,0,0,0,0,0,0,0,0,0,0,0,0,0,0,0,1,1,0,0,0,0,0,0,0,0,0,0,0,1,0,0,0,0,0,0
87764166,before,2026-03-12 18:26:23,2026-03-12 18:26:00,2026-03-12 18:24:00,0.13539944638988569,0.9411764705882353,0,0,0,0,0,0,0,0,0,0,0,0,0,0,0,1,0,0,0,0,0,0,0,0,1,1,0,0,0,0,0,0,0,0,0,0,0,0,0,0,0,0
87764166,after,2026-03-12 18:26:23,2026-03-12 18:26:00,2026-03-12 18:28:00,0.12884781579852053,0.9411764705882353,0,0,0,0,0,0,0,0,0,0,0,0,0,0,0,1,0,0,0,0,0,0,0,0,1,1,0,0,0,0,0,0,0,0,0,0,0,0,0,0,0,0
87966615,before,2026-03-13 08:37:52,2026-03-13 08:37:00,2026-03-13 08:35:00,0.18084704401018983,0.9411764705882353,0,0,0,0,0,0,0,0,0,0,0,0,0,0,1,0,0,0,0,0,0,0,0,0,0,0,0,0,0,0,0,0,0,0,0,1,0,0,0,0,0,0
87966615,after,2026-03-13 08:37:52,2026-03-13 08:37:00,2026-03-13 08:40:00,0.050868761130339536,0.9411764705882353,0,0,0,0,0,0,0,0,0,0,0,0,0,0,1,0,0,0,0,0,0,0,0,0,0,0,0,0,0,0,0,0,0,0,0,1,0,0,0,0,0,0
88014898,before,2026-03-13 13:14:10,2026-03-13 13:14:00,2026-03-13 13:06:00,0.15903105600295658,0.8235294117647058,1,0,0,0,0,0,0,0,0,0,0,0,0,0,0,1,0,0,0,0,1,0,0,0,0,0,0,0,0,0,0,0,0,0,0,0,0,0,0,0,0,0
88014898,after,2026-03-13 13:14:10,2026-03-13 13:14:00,2026-03-13 13:19:00,0.12056193957650461,0.8823529411764706,1,0,0,0,0,0,0,0,0,0,0,0,0,0,0,0,0,0,0,0,1,0,0,0,0,0,0,0,0,0,0,0,0,0,0,0,0,0,0,0,0,0
88015942,before,2026-03-13 13:36:51,2026-03-13 13:36:00,2026-03-13 13:32:00,0.1104386949988395,1.0,0,0,0,0,0,0,0,0,0,0,0,0,0,0,0,0,0,0,0,0,0,0,0,0,0,0,0,0,0,0,0,0,0,0,0,0,0,0,0,0,0,0
88015942,after,2026-03-13 13:36:51,2026-03-13 13:36:00,2026-03-13 13:47:00,0.18549841965595468,1.0,0,0,0,0,0,0,0,0,0,0,0,0,0,0,0,0,0,0,0,0,0,0,0,0,0,0,0,0,0,0,0,0,0,0,0,0,0,0,0,0,0,0
88144292,before,2026-03-16 07:46:16,2026-03-16 07:46:00,2026-03-16 07:38:00,0.1496187993962174,1.0,0,0,0,0,0,0,0,0,0,0,0,0,0,0,0,0,0,0,0,0,0,0,0,0,0,0,0,0,0,0,0,0,0,0,0,0,0,0,0,0,0,0
88144292,after,2026-03-16 07:46:16,2026-03-16 07:46:00,2026-03-16 07:49:00,0.07176996026182358,1.0,0,0,0,0,0,0,0,0,0,0,0,0,0,0,0,0,0,0,0,0,0,0,0,0,0,0,0,0,0,0,0,0,0,0,0,0,0,0,0,0,0,0
88154082,before,2026-03-16 11:07:53,2026-03-16 11:07:00,2026-03-16 10:56:00,0.16648933533019655,1.0,0,0,0,0,0,0,0,0,0,0,0,0,0,0,1,1,0,0,0,0,0,0,0,0,0,0,0,0,0,0,0,0,0,0,0,0,0,0,0,0,0,0
88154082,after,2026-03-16 11:07:53,2026-03-16 11:07:00,2026-03-16 11:13:00,0.1006660244220269,1.0,0,0,0,0,0,0,0,0,0,0,0,0,0,0,1,1,0,0,0,0,0,0,0,0,0,0,0,0,0,0,0,0,0,0,0,0,0,0,0,0,0,0
88163179,before,2026-03-16 14:10:40,2026-03-16 14:10:00,2026-03-16 14:07:00,0.1699312989961418,1.0,0,0,0,0,0,0,0,0,0,0,0,0,0,0,0,0,0,0,0,0,0,0,0,0,0,0,0,0,0,0,0,0,0,0,1,0,0,0,0,0,0,0
88163179,after,2026-03-16 14:10:40,2026-03-16 14:10:00,2026-03-16 14:15:00,0.22855897904717118,1.0,0,0,0,0,0,0,0,0,0,0,0,0,0,0,0,0,0,0,0,0,0,0,0,0,0,0,0,0,0,0,0,0,0,0,1,1,0,1,0,0,0,0
88172039,before,2026-03-16 14:42:45,2026-03-16 14:42:00,2026-03-16 14:40:00,0.0684534438207999,1.0,0,0,0,0,0,0,0,0,0,0,0,0,0,0,0,0,0,0,0,0,0,0,0,0,0,0,0,0,0,0,0,0,0,0,0,1,0,0,0,0,0,0
88172039,after,2026-03-16 14:42:45,2026-03-16 14:42:00,2026-03-16 15:42:00,0.24587675583031368,1.0,0,0,0,0,0,0,0,0,0,0,0,0,0,0,0,0,0,0,0,0,0,0,0,0,0,0,0,0,0,0,0,0,0,0,0,0,0,0,0,0,0,0
88320644,before,2026-03-17 11:20:44,2026-03-17 11:20:00,2026-03-17 11:02:00,0.13362213250408847,0.9411764705882353,1,1,0,0,1,0,0,0,0,0,0,0,0,0,0,0,0,0,0,0,1,1,0,0,0,0,0,0,0,0,0,0,0,0,1,0,0,0,0,0,0,0
88320644,after,2026-03-17 11:20:44,2026-03-17 11:20:00,2026-03-17 11:44:00,0.1602726132964664,0.7647058823529411,1,0,0,0,1,0,0,0,0,0,0,0,0,0,0,0,0,0,0,0,1,0,0,0,0,1,0,0,0,0,0,0,0,0,1,0,0,0,0,0,0,0
88335699,before,2026-03-17 16:10:39,2026-03-17 16:10:00,2026-03-17 16:00:00,0.21445809444492994,1.0,0,0,0,0,0,0,0,0,0,0,0,0,0,0,0,0,0,0,0,0,0,0,0,0,0,0,0,0,0,0,0,0,0,0,1,1,0,1,0,1,0,1
88335699,after,2026-03-17 16:10:39,2026-03-17 16:10:00,2026-03-17 17:43:00,0.28462534026500147,0.9411764705882353,0,0,0,0,0,0,0,0,0,0,0,0,0,0,0,1,0,0,0,0,0,0,0,0,0,0,0,0,0,0,0,0,0,0,1,0,0,0,0,0,0,0
88511817,before,2026-03-18 12:31:31,2026-03-18 12:31:00,2026-03-18 12:08:00,0.22572123007643974,0.9411764705882353,0,0,0,0,0,0,0,0,0,0,0,0,0,0,0,0,0,0,0,0,0,0,0,0,0,1,0,0,0,0,0,0,0,0,0,0,0,0,0,0,0,0
88511817,after,2026-03-18 12:31:31,2026-03-18 12:31:00,2026-03-18 12:43:00,0.15415304835921323,1.0,0,0,0,0,0,0,0,0,0,0,0,0,0,0,0,0,0,0,0,0,0,0,0,0,0,0,0,0,0,0,0,0,0,0,0,0,0,0,0,0,0,0
88577933,before,2026-03-18 16:30:56,2026-03-18 16:30:00,2026-03-18 16:27:00,0.2193233685825715,0.8823529411764706,0,0,0,0,0,0,0,0,0,0,0,0,0,0,1,0,0,0,0,0,0,0,0,0,0,1,0,0,0,0,0,0,0,0,1,0,1,0,1,0,0,0
88577933,after,2026-03-18 16:30:56,2026-03-18 16:30:00,2026-03-18 16:38:00,0.24389872012395883,0.8823529411764706,0,0,0,0,0,0,0,0,0,0,0,0,0,0,1,0,0,0,0,0,0,0,0,0,0,1,0,0,0,0,0,0,0,0,1,0,1,0,1,0,0,0
89517529,before,2026-03-23 08:13:59,2026-03-23 08:13:00,2026-03-23 07:42:00,0.16010419760676114,1.0,0,0,0,0,0,0,0,0,0,0,0,0,0,0,0,0,0,0,0,0,0,0,0,0,0,0,0,0,0,0,0,0,0,0,0,0,0,0,0,0,0,0
89517529,after,2026-03-23 08:13:59,2026-03-23 08:13:00,2026-03-23 08:15:00,0.29149506880054016,0.8823529411764706,0,0,0,0,0,0,0,0,0,0,0,0,0,0,0,1,0,0,0,0,0,0,0,0,0,0,0,1,0,0,0,0,0,0,0,1,0,1,0,0,0,0
89770716,before,2026-03-23 10:06:57,2026-03-23 10:06:00,2026-03-23 10:03:00,0.18130902189035483,0.8823529411764706,0,0,1,0,0,0,0,0,0,0,0,0,0,0,0,0,0,0,0,0,0,0,1,0,0,0,0,0,0,0,0,0,0,0,0,0,0,0,0,0,0,0
89770716,after,2026-03-23 10:06:57,2026-03-23 10:06:00,2026-03-23 10:16:00,0.6634731330315646,0.8235294117647058,0,0,1,0,0,0,0,0,0,0,0,0,0,0,0,0,0,0,0,0,0,0,1,0,0,0,0,1,0,0,0,0,0,0,0,0,0,0,0,0,0,0
89797106,before,2026-03-23 16:23:44,2026-03-23 16:23:00,2026-03-23 16:19:00,0.3628671326552053,0.9411764705882353,0,0,0,0,0,0,0,0,0,0,0,0,0,0,0,0,0,0,0,0,0,0,0,0,0,0,1,0,0,0,0,0,0,0,0,0,0,0,0,0,0,0
89797106,after,2026-03-23 16:23:44,2026-03-23 16:23:00,2026-03-23 16:27:00,0.19568660371916455,1.0,0,0,0,0,0,0,0,0,0,0,0,0,0,0,0,0,0,0,0,0,0,0,0,0,0,0,1,1,0,0,0,0,0,0,0,0,0,0,0,0,0,0
90052400,before,2026-03-24 11:47:16,2026-03-24 11:47:00,2026-03-24 11:37:00,0.23059021984425293,0.9411764705882353,0,0,0,0,0,0,0,0,0,0,0,0,0,0,0,0,0,0,0,0,0,0,0,0,1,0,0,0,0,0,0,0,0,0,0,0,0,0,0,0,0,0
90052400,after,2026-03-24 11:47:16,2026-03-24 11:47:00,2026-03-24 12:05:00,0.1640726895637551,0.9411764705882353,0,0,0,0,0,0,0,0,0,0,0,0,0,0,0,0,0,0,0,0,0,0,0,0,1,0,0,0,0,0,0,0,0,0,0,1,0,0,0,0,0,0
90054432,before,2026-03-24 12:52:17,2026-03-24 12:52:00,2026-03-24 12:30:00,0.11955318565784996,0.8823529411764706,0,0,0,0,0,0,0,0,0,0,0,0,0,0,1,0,0,0,0,0,0,0,0,0,0,0,1,0,0,0,0,0,0,0,0,1,0,1,0,1,0,0
90054432,after,2026-03-24 12:52:17,2026-03-24 12:52:00,2026-03-24 12:54:00,0.11051089983952381,0.9411764705882353,0,0,0,0,0,0,0,0,0,0,0,0,0,0,1,1,0,0,0,0,0,0,0,0,0,0,1,0,0,0,0,0,0,0,0,0,0,0,0,0,0,0
90080406,before,2026-03-24 15:58:26,2026-03-24 15:58:00,2026-03-24 15:06:00,0.3723906339427782,0.9411764705882353,0,0,0,0,0,0,0,0,0,0,0,0,0,0,1,0,0,0,0,0,0,0,0,0,0,0,0,0,0,0,0,0,0,0,0,0,0,0,0,0,0,0
90080406,after,2026-03-24 15:58:26,2026-03-24 15:58:00,2026-03-24 16:20:00,0.33884053079542203,0.9411764705882353,0,0,0,0,0,0,0,0,0,0,0,0,0,0,1,0,0,0,0,0,0,0,0,0,0,0,0,0,0,0,0,0,0,0,0,1,0,0,0,0,0,0
90081363,before,2026-03-24 16:11:15,2026-03-24 16:11:00,2026-03-24 15:37:00,0.22521100510990644,0.8823529411764706,0,0,0,0,0,0,0,0,0,0,0,0,0,1,0,0,0,0,0,0,0,0,0,0,0,0,1,0,0,0,0,0,0,0,0,0,0,0,0,0,0,0
90081363,after,2026-03-24 16:11:15,2026-03-24 16:11:00,2026-03-24 16:37:00,0.35750812155252937,0.9411764705882353,0,0,0,0,0,0,0,0,0,0,0,0,0,0,0,0,0,0,0,0,0,0,0,0,0,0,1,0,0,0,0,0,0,0,0,0,0,0,0,0,0,0
90188256,before,2026-03-25 08:35:47,2026-03-25 08:35:00,2026-03-25 08:32:00,0.3457649870839775,0.9411764705882353,0,0,0,0,0,0,0,0,0,0,0,0,0,0,0,0,0,0,0,0,0,0,0,0,0,0,0,1,0,0,0,0,0,0,1,0,0,0,0,0,0,0
90188256,after,2026-03-25 08:35:47,2026-03-25 08:35:00,2026-03-25 09:12:00,0.2057598694739571,1.0,0,0,0,0,0,0,0,0,0,0,0,0,0,0,0,0,0,0,0,0,0,0,0,0,0,0,0,0,0,0,0,0,0,0,1,0,0,0,0,0,0,0
90192607,before,2026-03-25 11:00:18,2026-03-25 11:00:00,2026-03-25 10:57:00,0.1218152930832979,1.0,0,0,0,0,0,0,0,0,0,0,0,0,0,0,0,0,0,0,0,0,0,0,0,0,0,0,0,0,0,0,0,0,0,0,1,0,1,0,1,0,1,0
90192607,after,2026-03-25 11:00:18,2026-03-25 11:00:00,2026-03-25 12:01:00,0.3056885739096932,0.8823529411764706,0,0,0,1,0,0,0,1,0,0,0,0,0,0,0,0,0,0,0,0,0,0,0,0,0,0,0,0,0,0,0,0,0,0,1,0,1,0,1,0,1,0
90194077,before,2026-03-25 11:38:04,2026-03-25 11:38:00,2026-03-25 10:31:00,0.3480852905140501,0.8235294117647058,0,0,0,1,0,0,0,0,0,0,0,0,0,0,0,1,0,1,0,0,0,0,0,0,0,0,0,0,0,0,0,0,0,0,0,0,0,0,0,0,0,0
90194077,after,2026-03-25 11:38:04,2026-03-25 11:38:00,2026-03-25 11:55:00,0.08511551518092178,0.8235294117647058,0,0,0,1,0,0,0,0,0,0,0,0,0,0,0,1,0,0,0,0,0,0,0,1,0,0,0,0,0,0,0,0,0,0,0,1,0,0,0,0,0,0
90297337,before,2026-03-26 10:48:11,2026-03-26 10:48:00,2026-03-26 10:30:00,0.24108350725650599,0.9411764705882353,0,0,0,0,0,0,0,0,0,0,0,0,0,0,0,1,0,0,0,0,0,0,0,0,0,0,0,0,0,0,0,0,0,0,0,1,0,1,0,1,0,0
90297337,after,2026-03-26 10:48:11,2026-03-26 10:48:00,2026-03-26 10:58:00,0.12328565575385624,0.9411764705882353,0,0,0,0,0,0,0,0,0,0,0,0,0,0,0,1,0,0,0,0,0,0,0,0,0,0,0,0,0,0,0,0,0,0,0,0,0,0,0,0,0,0
90303019,before,2026-03-26 13:49:34,2026-03-26 13:49:00,2026-03-26 13:18:00,0.346182875647746,0.8235294117647058,1,0,0,0,0,0,0,0,0,0,0,0,0,0,0,0,0,0,0,0,1,0,0,0,0,1,0,0,0,0,0,0,0,0,0,0,0,0,0,0,0,0
90303019,after,2026-03-26 13:49:34,2026-03-26 13:49:00,2026-03-26 13:52:00,0.24232093225559959,0.8823529411764706,1,0,0,0,0,0,0,0,0,0,0,0,0,0,0,0,0,0,0,0,1,0,0,0,0,0,0,0,0,0,0,0,0,0,0,0,0,0,0,0,0,0
90367910,before,2026-03-27 10:43:56,2026-03-27 10:43:00,2026-03-27 10:31:00,0.185317323046362,1.0,0,0,1,1,0,0,1,1,0,0,0,0,0,0,0,0,0,0,0,0,0,0,1,1,0,0,0,0,0,0,0,0,0,0,0,0,0,0,0,0,0,0
90367910,after,2026-03-27 10:43:56,2026-03-27 10:43:00,2026-03-27 10:55:00,0.14781586582509368,1.0,0,0,1,1,0,0,1,1,0,0,0,0,0,0,0,0,0,0,0,0,0,0,1,1,0,0,0,0,0,0,0,0,0,0,0,1,0,0,0,0,0,0
90383944,before,2026-03-27 17:23:51,2026-03-27 17:23:00,2026-03-27 17:11:00,0.4473236516121286,1.0,0,0,0,0,0,0,0,0,0,0,0,0,0,0,0,0,0,0,0,0,0,0,0,0,0,0,0,0,0,0,0,0,0,0,0,0,0,0,0,0,0,0
90383944,after,2026-03-27 17:23:51,2026-03-27 17:23:00,2026-03-27 17:30:00,0.16709066987160653,1.0,0,0,0,0,0,0,0,0,0,0,0,0,0,0,0,0,0,0,0,0,0,0,0,0,0,0,0,0,0,0,0,0,0,0,0,1,0,1,0,1,0,0
90446737,before,2026-03-30 10:30:21,2026-03-30 10:30:00,2026-03-30 10:26:00,0.2909177516379001,1.0,0,0,0,0,0,0,0,0,0,0,0,0,0,0,0,0,0,0,0,0,0,0,0,0,0,0,0,0,0,0,0,0,0,0,1,0,1,0,1,0,0,0
90446737,after,2026-03-30 10:30:21,2026-03-30 10:30:00,2026-03-30 10:44:00,0.09910022926084197,1.0,0,0,0,0,0,0,0,0,0,0,0,0,0,0,0,0,0,0,0,0,0,0,0,0,0,0,0,0,0,0,0,0,0,0,1,0,1,0,1,0,0,0
90450144,before,2026-03-30 14:14:39,2026-03-30 14:14:00,2026-03-30 14:09:00,0.27783721731646394,0.9411764705882353,1,1,0,0,1,0,0,0,0,0,0,0,0,0,0,0,0,0,0,0,1,1,0,0,0,0,0,0,0,0,0,0,0,0,0,0,0,0,0,0,0,0
90450144,after,2026-03-30 14:14:39,2026-03-30 14:14:00,2026-03-30 14:16:00,0.14116641458809207,0.7647058823529411,1,0,0,0,1,0,0,0,0,0,0,0,0,0,0,0,0,0,0,0,1,0,0,0,0,1,0,0,0,0,0,0,0,0,0,0,0,0,0,0,0,0
90468624,before,2026-03-30 14:52:48,2026-03-30 14:52:00,2026-03-30 14:50:00,0.44715402665836834,0.7058823529411765,1,0,0,0,1,0,0,0,1,0,0,0,0,0,0,0,1,0,0,0,1,0,0,0,0,0,0,0,0,0,0,0,0,0,0,1,0,0,0,0,0,0
90468624,after,2026-03-30 14:52:48,2026-03-30 14:52:00,2026-03-30 16:01:00,0.5583071894246958,0.8823529411764706,1,1,0,0,1,1,0,0,1,0,0,0,0,0,0,1,1,1,0,0,1,1,0,0,0,0,0,0,0,0,0,0,0,0,0,0,0,0,0,0,0,0
90670870,before,2026-03-31 08:16:35,2026-03-31 08:16:00,2026-03-31 08:09:00,0.35728944671966867,0.7647058823529411,0,0,0,1,0,0,0,0,0,0,0,0,1,0,0,1,1,1,0,0,0,0,0,1,0,0,0,0,0,0,0,0,0,0,0,0,0,0,0,0,0,0
90670870,after,2026-03-31 08:16:35,2026-03-31 08:16:00,2026-03-31 09:49:00,0.2524655965049204,0.7058823529411765,0,0,0,1,0,0,0,1,0,0,0,0,1,0,0,0,1,0,0,0,0,0,0,1,0,0,0,0,0,0,0,0,0,0,0,0,0,0,0,0,0,0
90689174,before,2026-03-31 15:00:37,2026-03-31 15:00:00,2026-03-31 14:54:00,0.3628805424753632,0.9411764705882353,0,0,0,0,0,0,0,0,0,0,0,0,0,0,1,0,0,0,0,0,0,0,0,0,0,0,0,0,0,0,0,0,0,0,1,0,1,0,1,0,1,0
90689174,after,2026-03-31 15:00:37,2026-03-31 15:00:00,2026-03-31 15:05:00,0.15866137227685959,0.8823529411764706,0,0,0,0,0,0,0,0,0,0,0,0,0,0,1,0,0,0,0,0,0,0,0,0,0,1,0,0,0,0,0,0,0,0,1,1,1,0,1,0,1,0
90724112,before,2026-03-31 20:13:28,2026-03-31 20:13:00,2026-03-31 20:11:00,0.161691382333346,0.8823529411764706,0,0,0,0,0,0,0,0,0,0,0,0,0,0,1,0,0,0,0,0,0,0,0,0,0,0,0,1,0,0,0,0,0,0,0,0,0,0,0,0,0,0
90724112,after,2026-03-31 20:13:28,2026-03-31 20:13:00,2026-03-31 20:39:00,0.18318746415861242,0.9411764705882353,0,0,0,0,0,0,0,0,0,0,0,0,0,0,1,0,0,0,0,0,0,0,0,0,0,0,0,0,0,0,0,0,0,0,0,0,0,0,0,0,0,0
90765592,before,2026-04-01 07:08:40,2026-04-01 07:08:00,2026-04-01 07:00:00,0.1300113571911174,1.0,0,0,0,0,0,0,0,0,0,0,0,0,0,0,0,0,0,0,0,0,0,0,0,0,0,0,0,0,0,0,0,0,0,0,0,1,0,1,0,1,0,1
90765592,after,2026-04-01 07:08:40,2026-04-01 07:08:00,2026-04-01 07:27:00,0.15542883827227943,1.0,0,0,0,0,0,0,0,0,0,0,0,0,0,0,0,0,0,0,0,0,0,0,0,0,0,0,0,0,0,0,0,0,0,0,0,0,0,0,0,0,0,0
90783770,after,2026-04-01 13:01:41,2026-04-01 13:01:00,2026-04-01 13:19:00,0.19099287005426188,0.9411764705882353,0,0,0,0,0,0,0,0,0,0,0,0,0,0,0,1,0,0,0,0,0,0,0,0,0,0,0,0,0,0,0,0,0,0,0,0,0,0,0,0,0,0
90900649,before,2026-04-02 14:51:54,2026-04-02 14:51:00,2026-04-02 14:37:00,0.2976578117461672,0.9411764705882353,0,0,0,0,0,0,0,0,0,0,0,0,0,0,1,0,0,0,0,0,0,0,0,0,0,0,0,0,0,0,0,0,0,0,0,0,0,0,0,0,0,0
90900649,after,2026-04-02 14:51:54,2026-04-02 14:51:00,2026-04-02 15:08:00,0.3029734459440852,0.9411764705882353,0,0,0,0,0,0,0,0,0,0,0,0,0,0,1,0,0,0,0,0,0,0,0,0,0,0,0,0,0,0,0,0,0,0,0,0,0,0,0,0,0,0
90927563,before,2026-04-02 20:40:31,2026-04-02 20:40:00,2026-04-02 20:14:00,0.15044327016164355,0.9411764705882353,0,0,0,0,0,0,0,0,0,0,0,0,0,0,0,1,0,0,0,0,0,0,0,0,0,0,0,0,0,0,0,0,0,0,1,0,0,0,0,0,0,0
90927563,after,2026-04-02 20:40:31,2026-04-02 20:40:00,2026-04-02 21:04:00,0.11062258100011921,0.9411764705882353,0,0,0,0,0,0,0,0,0,0,0,0,0,0,0,1,0,0,0,0,0,0,0,0,0,0,0,0,0,0,0,0,0,0,1,0,0,0,0,0,0,0
90928037,before,2026-04-02 21:05:43,2026-04-02 21:05:00,2026-04-02 20:45:00,0.1386182467828431,1.0,1,1,0,0,0,0,0,0,0,0,0,0,0,0,0,0,0,0,0,0,1,1,0,0,0,0,0,0,0,0,0,0,0,0,1,1,0,1,0,0,0,0
90928037,after,2026-04-02 21:05:43,2026-04-02 21:05:00,2026-04-02 21:34:00,0.1629797751840817,0.8823529411764706,1,0,0,0,0,0,0,0,0,0,0,0,0,0,0,0,0,0,0,0,1,0,0,0,0,0,0,0,0,0,0,0,0,0,1,0,0,0,0,0,0,0
90964953,before,2026-04-06 09:32:16,2026-04-06 09:32:00,2026-04-06 09:17:00,0.16472139809952396,0.9411764705882353,0,0,0,0,0,0,0,0,0,0,0,0,0,0,1,0,0,0,0,0,0,0,0,0,0,0,0,0,0,0,0,0,0,0,0,0,0,0,0,0,0,0
90964953,after,2026-04-06 09:32:16,2026-04-06 09:32:00,2026-04-06 09:48:00,0.2506732735448487,0.9411764705882353,0,0,0,0,0,0,0,0,0,0,0,0,0,0,1,0,0,0,0,0,0,0,0,0,0,0,0,0,0,0,0,0,0,0,0,0,0,0,0,0,0,0
90967915,before,2026-04-06 13:38:30,2026-04-06 13:38:00,2026-04-06 13:30:00,0.20208697699122163,0.9411764705882353,0,0,0,0,0,0,0,0,0,0,0,0,0,0,1,0,0,0,0,0,0,0,0,0,0,0,0,0,0,0,0,0,0,0,0,1,0,1,0,1,0,0
90967915,after,2026-04-06 13:38:30,2026-04-06 13:38:00,2026-04-06 14:01:00,0.15901088985754802,0.9411764705882353,0,0,0,0,0,0,0,0,0,0,0,0,0,0,1,0,0,0,0,0,0,0,0,0,0,0,0,0,0,0,0,0,0,0,0,0,0,0,0,0,0,0
90970712,before,2026-04-06 15:20:14,2026-04-06 15:20:00,2026-04-06 15:10:00,0.2120340768770529,1.0,0,0,0,0,0,0,0,0,0,0,0,0,0,0,0,0,0,0,0,0,0,0,0,0,0,0,0,0,0,0,0,0,0,0,1,1,0,0,0,0,0,0
90970712,after,2026-04-06 15:20:14,2026-04-06 15:20:00,2026-04-06 15:30:00,0.17825843286899373,1.0,0,0,0,0,0,0,0,0,0,0,0,0,0,0,0,0,0,0,0,0,0,0,0,0,0,0,0,0,0,0,0,0,0,0,1,1,0,1,0,1,0,0
91022147,before,2026-04-07 09:04:07,2026-04-07 09:04:00,2026-04-07 09:01:00,0.16351989234760725,1.0,0,0,0,0,0,0,0,0,0,0,0,0,0,0,0,0,0,0,0,0,0,0,0,0,0,0,0,0,0,0,0,0,0,0,0,0,0,0,0,0,0,0
91022147,after,2026-04-07 09:04:07,2026-04-07 09:04:00,2026-04-07 09:13:00,0.07332979547422573,0.9411764705882353,0,0,0,0,0,0,0,0,0,0,0,0,0,0,0,0,0,0,0,0,0,0,0,0,0,1,0,0,0,0,0,0,0,0,0,0,0,0,0,0,0,0
91024794,before,2026-04-07 11:02:14,2026-04-07 11:02:00,2026-04-07 09:43:00,0.2802070997010737,1.0,1,1,0,0,1,1,0,0,0,0,0,0,1,1,0,0,1,1,0,0,1,1,0,0,0,0,0,0,0,0,0,0,0,0,0,0,0,0,0,0,0,0
91024794,after,2026-04-07 11:02:14,2026-04-07 11:02:00,2026-04-07 11:04:00,0.18455639880686106,0.7058823529411765,1,0,0,0,1,0,0,0,0,0,0,0,1,0,0,0,1,1,0,0,1,0,0,0,0,0,0,0,0,0,0,0,0,1,0,0,0,0,0,0,0,0
91045329,before,2026-04-07 16:21:19,2026-04-07 16:21:00,2026-04-07 16:19:00,0.1582285487859314,1.0,0,0,0,0,0,0,0,0,0,0,0,0,0,0,0,0,0,0,0,0,0,0,0,0,0,0,0,0,0,0,0,0,0,0,0,0,0,0,0,0,0,0
91045329,after,2026-04-07 16:21:19,2026-04-07 16:21:00,2026-04-07 16:30:00,0.22123730653234536,1.0,0,0,0,0,0,0,0,0,0,0,0,0,0,0,0,0,0,0,0,0,0,0,0,0,0,0,0,0,0,0,0,0,0,0,0,1,0,1,0,1,0,0
91124606,before,2026-04-08 08:51:27,2026-04-08 08:51:00,2026-04-08 08:35:00,0.303455948373205,1.0,1,1,0,0,1,1,0,0,0,0,0,0,0,0,0,0,0,0,0,0,1,1,0,0,0,0,0,0,0,0,0,0,0,0,0,1,0,0,0,0,0,0
91124606,after,2026-04-08 08:51:27,2026-04-08 08:51:00,2026-04-08 08:55:00,0.47471005762595997,0.8235294117647058,1,0,0,0,1,0,0,0,0,0,0,0,0,0,0,0,0,0,0,0,1,0,0,0,0,0,0,0,0,0,0,0,0,0,0,1,0,0,0,0,0,0
91162669,before,2026-04-08 18:32:24,2026-04-08 18:32:00,2026-04-08 18:30:00,0.0826621023591229,0.8823529411764706,0,0,0,0,0,0,0,0,0,0,0,0,0,0,0,1,0,0,0,0,0,0,0,0,0,0,0,1,0,0,0,0,0,0,0,1,0,1,0,1,0,0
91162669,after,2026-04-08 18:32:24,2026-04-08 18:32:00,2026-04-08 18:45:00,0.20190826680020757,0.9411764705882353,0,0,0,0,0,0,0,0,0,0,0,0,0,0,0,1,0,0,0,0,0,0,0,0,0,0,0,0,0,0,0,0,0,0,0,1,0,1,0,0,0,0
91200522,before,2026-04-09 08:36:36,2026-04-09 08:36:00,2026-04-09 08:33:00,0.06919998205649122,0.8235294117647058,0,0,0,1,0,0,0,0,0,0,0,0,0,0,0,0,0,0,0,0,0,0,0,1,0,0,1,0,0,0,0,0,0,0,0,0,0,0,0,0,0,0
91200522,after,2026-04-09 08:36:36,2026-04-09 08:36:00,2026-04-09 09:37:00,0.24487172309044367,0.8823529411764706,0,0,0,0,0,0,0,0,0,0,0,0,0,1,0,0,0,0,0,0,0,0,0,0,0,0,1,0,0,0,0,0,0,0,0,0,0,0,0,0,0,0
91202282,before,2026-04-09 09:07:52,2026-04-09 09:07:00,2026-04-09 08:22:00,0.19211726900972848,0.9411764705882353,1,1,0,0,1,0,0,0,0,0,0,0,0,0,0,0,0,0,0,0,1,1,0,0,0,0,0,0,0,0,0,0,0,0,0,0,0,0,0,0,0,0
91202282,after,2026-04-09 09:07:52,2026-04-09 09:07:00,2026-04-09 10:12:00,0.16075786405963946,0.8235294117647058,1,0,0,0,1,0,0,0,0,0,0,0,0,0,0,0,0,0,0,0,1,0,0,0,0,0,0,0,0,0,0,0,0,0,0,0,0,0,0,0,0,0
91206718,before,2026-04-09 11:06:30,2026-04-09 11:06:00,2026-04-09 10:45:00,0.21814711140600304,1.0,0,0,0,0,0,0,0,0,0,0,0,0,0,0,0,0,0,0,0,0,0,0,0,0,0,0,0,0,0,0,0,0,0,0,0,1,0,1,0,0,0,0
91206718,after,2026-04-09 11:06:30,2026-04-09 11:06:00,2026-04-09 11:29:00,0.2095936405965671,1.0,0,0,0,0,0,0,0,0,0,0,0,0,0,0,0,0,0,0,0,0,0,0,0,0,0,0,0,0,0,0,0,0,0,0,0,0,0,0,0,0,0,0
91227583,before,2026-04-09 16:53:03,2026-04-09 16:53:00,2026-04-09 15:07:00,0.4630433346406888,0.9411764705882353,0,0,1,1,0,0,0,1,0,0,0,0,0,0,0,0,0,0,0,0,0,0,1,1,0,0,0,0,0,0,0,0,0,0,0,0,0,0,0,0,0,0
91227583,after,2026-04-09 16:53:03,2026-04-09 16:53:00,2026-04-09 17:20:00,0.25680748230386496,0.8235294117647058,0,0,1,0,0,0,0,0,0,0,0,0,0,0,0,0,0,0,0,0,0,0,1,0,0,0,0,1,0,0,0,0,0,0,0,1,0,0,0,0,0,0
91267065,before,2026-04-10 08:14:46,2026-04-10 08:14:00,2026-04-10 07:55:00,0.20090535288058584,0.8823529411764706,0,0,0,0,0,0,0,0,0,0,0,0,1,0,0,1,0,0,0,0,0,0,0,0,0,0,0,0,0,0,0,0,0,0,0,1,0,0,0,0,0,0
91267065,after,2026-04-10 08:14:46,2026-04-10 08:14:00,2026-04-10 08:17:00,0.11939245436962465,0.8235294117647058,0,0,0,1,0,0,0,0,0,0,0,0,1,0,0,0,0,0,0,0,0,0,0,1,0,0,0,0,0,0,0,0,0,0,0,0,0,0,0,0,0,0
91267485,before,2026-04-10 08:30:33,2026-04-10 08:30:00,2026-04-10 08:02:00,0.1283561661985251,0.8235294117647058,0,0,0,0,0,0,0,0,0,0,0,0,1,0,1,0,1,1,0,0,0,0,0,0,0,0,1,0,0,0,0,0,0,0,1,0,1,0,1,0,0,0
91267485,after,2026-04-10 08:30:33,2026-04-10 08:30:00,2026-04-10 08:44:00,0.16286713104999823,0.8235294117647058,0,0,0,0,0,0,0,0,0,0,0,0,1,0,1,0,1,0,0,0,0,0,0,0,0,0,1,1,0,0,0,0,0,0,1,0,1,0,1,0,0,0
91276550,before,2026-04-10 14:42:46,2026-04-10 14:42:00,2026-04-10 14:03:00,0.1468939577859291,1.0,0,0,0,0,0,0,0,0,0,0,0,0,0,0,0,0,0,0,0,0,0,0,0,0,0,0,0,0,0,0,0,0,0,0,0,0,0,0,0,0,0,0
91276550,after,2026-04-10 14:42:46,2026-04-10 14:42:00,2026-04-10 14:56:00,0.1380618903342147,1.0,0,0,0,0,0,0,0,0,0,0,0,0,0,0,0,0,0,0,0,0,0,0,0,0,0,0,0,0,0,0,0,0,0,0,0,0,0,0,0,0,0,0
91352434,before,2026-04-13 09:00:33,2026-04-13 09:00:00,2026-04-13 08:58:00,0.32499313733736096,0.7058823529411765,0,1,0,0,0,1,0,0,0,1,0,0,0,0,0,0,0,0,0,0,0,1,0,0,1,0,0,0,0,0,0,0,0,0,1,0,1,0,1,0,1,0
91352434,after,2026-04-13 09:00:33,2026-04-13 09:00:00,2026-04-13 09:31:00,0.26519154425485925,0.7647058823529411,0,1,0,0,0,1,0,0,0,1,0,0,0,0,0,0,0,0,0,0,0,0,0,0,1,0,0,0,0,0,0,0,0,0,1,0,1,0,1,0,1,0
91356501,before,2026-04-13 11:14:05,2026-04-13 11:14:00,2026-04-13 10:30:00,0.13798158973583285,0.9411764705882353,0,0,0,0,0,0,0,0,0,0,0,0,0,0,1,0,0,0,0,0,0,0,0,0,0,0,0,0,0,0,0,0,0,0,0,1,0,1,0,1,0,0
91356501,after,2026-04-13 11:14:05,2026-04-13 11:14:00,2026-04-13 11:25:00,0.18857814131577186,1.0,0,0,0,0,0,0,0,0,0,0,0,0,0,0,1,1,0,0,0,0,0,0,0,0,0,0,0,0,0,0,0,0,0,0,0,1,0,0,0,0,0,0
91397685,before,2026-04-13 18:37:59,2026-04-13 18:37:00,2026-04-13 18:35:00,0.4174849074635077,0.8235294117647058,1,0,0,0,1,0,0,0,0,0,0,0,0,0,0,0,0,0,0,0,1,0,0,0,0,0,0,0,0,0,0,0,0,0,0,1,0,0,0,0,0,0
91397685,after,2026-04-13 18:37:59,2026-04-13 18:37:00,2026-04-13 19:11:00,0.2552784184838798,0.8235294117647058,1,0,0,0,1,0,0,0,0,0,0,0,0,0,0,0,0,0,0,0,1,0,0,0,0,0,0,0,0,0,0,0,0,0,0,0,0,0,0,0,0,0
91431248,before,2026-04-14 09:44:43,2026-04-14 09:44:00,2026-04-14 09:31:00,0.09534756890705592,1.0,0,0,0,0,0,0,0,0,0,0,0,0,0,0,0,0,0,0,0,0,0,0,0,0,0,0,0,0,0,0,0,0,0,0,0,0,0,0,0,0,0,0
91431248,after,2026-04-14 09:44:43,2026-04-14 09:44:00,2026-04-14 11:10:00,0.28862883674345213,1.0,0,0,0,0,0,0,0,0,0,0,0,0,0,0,0,0,0,0,0,0,0,0,0,0,0,0,0,0,0,0,0,0,0,0,0,1,0,0,0,0,0,0
91448019,before,2026-04-14 15:20:42,2026-04-14 15:20:00,2026-04-14 15:05:00,0.13928678367764027,1.0,0,0,0,0,0,0,0,0,0,0,0,0,0,0,0,0,0,0,0,0,0,0,0,0,0,0,0,0,0,0,0,0,0,0,1,1,0,0,0,0,0,0
91448019,after,2026-04-14 15:20:42,2026-04-14 15:20:00,2026-04-14 15:57:00,0.09360523457636982,1.0,0,0,0,0,0,0,0,0,0,0,0,0,0,0,0,0,0,0,0,0,0,0,0,0,0,0,0,0,0,0,0,0,0,0,1,0,0,0,0,0,0,0
91488864,before,2026-04-14 20:38:32,2026-04-14 20:38:00,2026-04-14 20:21:00,0.13172849277091342,1.0,0,0,0,0,0,0,0,0,0,0,0,0,0,0,0,0,0,0,0,0,0,0,0,0,0,0,0,0,0,0,0,0,0,0,0,0,0,0,0,0,0,0
91488864,after,2026-04-14 20:38:32,2026-04-14 20:38:00,2026-04-14 20:44:00,0.14372557830595165,1.0,0,0,0,0,0,0,0,0,0,0,0,0,0,0,0,0,0,0,0,0,0,0,0,0,0,0,0,0,0,0,0,0,0,0,0,0,0,0,0,0,0,0
91515698,before,2026-04-15 09:13:14,2026-04-15 09:13:00,2026-04-15 09:11:00,0.17715075158544447,0.9411764705882353,0,0,0,0,0,0,0,0,0,0,0,0,0,0,0,0,0,0,0,0,0,0,0,0,0,0,1,0,0,0,0,0,0,0,0,0,0,0,0,0,0,0
91515698,after,2026-04-15 09:13:14,2026-04-15 09:13:00,2026-04-15 09:29:00,0.07104536305179515,0.9411764705882353,0,0,0,0,0,0,0,0,0,0,0,0,0,0,0,0,0,0,0,0,0,0,0,0,0,0,1,0,0,0,0,0,0,0,0,0,0,0,0,0,0,0
91531357,before,2026-04-15 16:00:14,2026-04-15 16:00:00,2026-04-15 15:45:00,0.05093166600397858,1.0,0,0,0,0,0,0,0,0,0,0,0,0,0,0,0,0,0,0,0,0,0,0,0,0,0,0,0,0,0,0,0,0,0,0,1,1,1,1,1,0,1,0
91531357,after,2026-04-15 16:00:14,2026-04-15 16:00:00,2026-04-15 16:05:00,0.13842565644350127,1.0,0,0,0,0,0,0,0,0,0,0,0,0,0,0,0,0,0,0,0,0,0,0,0,0,0,0,0,0,0,0,0,0,0,0,1,1,1,0,1,0,1,0
91585973,before,2026-04-16 09:43:59,2026-04-16 09:43:00,2026-04-16 09:20:00,0.4031920061267871,0.7647058823529411,0,0,0,0,0,0,0,0,0,0,0,0,0,1,0,1,0,1,0,0,0,0,0,0,1,0,0,0,0,0,0,0,0,0,0,1,0,0,0,0,0,0
91585973,after,2026-04-16 09:43:59,2026-04-16 09:43:00,2026-04-16 09:52:00,0.28539979863916964,0.9411764705882353,0,0,0,0,0,0,0,0,0,0,0,0,0,0,0,0,0,0,0,0,0,0,0,0,1,0,0,0,0,0,0,0,0,0,0,0,0,0,0,0,0,0
91596159,before,2026-04-16 15:36:23,2026-04-16 15:36:00,2026-04-16 14:58:00,0.32357678003523804,0.7058823529411765,1,0,0,0,1,0,0,0,0,0,0,0,1,0,0,0,0,0,0,0,0,0,0,0,0,1,0,0,1,0,0,0,0,0,0,0,0,0,0,0,0,0
91596159,after,2026-04-16 15:36:23,2026-04-16 15:36:00,2026-04-16 16:39:00,0.26068265685232767,0.8235294117647058,1,0,0,0,1,0,0,0,0,0,0,0,1,1,0,0,0,0,0,0,0,0,0,0,0,0,0,0,1,0,0,0,0,0,0,0,0,0,0,0,0,0
91645065,before,2026-04-17 08:14:54,2026-04-17 08:14:00,2026-04-17 08:12:00,0.14736233186860656,0.8823529411764706,1,0,0,0,0,0,0,0,0,0,0,0,0,0,0,0,0,0,0,0,1,0,0,0,0,0,0,0,0,0,0,0,0,0,0,0,0,0,0,0,0,0
91645065,after,2026-04-17 08:14:54,2026-04-17 08:14:00,2026-04-17 08:26:00,0.30290833344656215,0.8823529411764706,1,0,0,0,0,0,0,0,0,0,0,0,0,0,0,0,0,0,0,0,1,0,0,0,0,0,0,0,0,0,0,0,0,0,0,0,0,0,0,0,0,0
91655142,before,2026-04-17 13:51:42,2026-04-17 13:51:00,2026-04-17 13:13:00,0.18840620570645078,0.7647058823529411,0,0,0,0,0,0,0,0,0,0,0,0,0,0,1,0,0,1,0,0,0,0,0,0,1,0,0,1,0,0,0,0,0,0,0,0,0,0,0,0,0,0
91655142,after,2026-04-17 13:51:42,2026-04-17 13:51:00,2026-04-17 13:53:00,0.1134324092637247,0.8823529411764706,0,0,0,0,0,0,0,0,0,0,0,0,0,0,1,0,0,0,0,0,0,0,0,0,1,0,0,0,0,0,0,0,0,0,0,0,0,0,0,0,0,0
91740834,before,2026-04-20 08:41:45,2026-04-20 08:41:00,2026-04-20 08:23:00,0.1340701296962858,0.9411764705882353,0,0,0,0,0,0,0,0,0,0,0,0,0,0,0,1,0,0,0,0,0,0,0,0,0,0,0,0,0,0,0,0,0,0,0,0,0,0,0,0,0,0
91740834,after,2026-04-20 08:41:45,2026-04-20 08:41:00,2026-04-20 09:15:00,0.13819464335226214,1.0,0,0,0,0,0,0,0,0,0,0,0,0,0,0,0,0,0,0,0,0,0,0,0,0,0,0,0,0,0,0,0,0,0,0,0,1,0,1,0,0,0,0
91776198,before,2026-04-20 18:25:31,2026-04-20 18:25:00,2026-04-20 18:12:00,0.31909607839616233,0.8235294117647058,1,0,0,0,1,0,0,0,0,0,0,0,0,0,0,0,0,0,0,0,1,0,0,0,0,0,0,0,0,0,0,0,0,0,1,0,0,0,0,0,0,0
91776198,after,2026-04-20 18:25:31,2026-04-20 18:25:00,2026-04-20 18:27:00,0.2672588725453601,1.0,1,1,0,0,1,1,0,0,0,0,0,0,0,0,0,0,0,0,0,0,1,1,0,0,0,0,0,0,0,0,0,0,0,0,1,0,0,0,0,0,0,0
91797166,before,2026-04-21 07:24:24,2026-04-21 07:24:00,2026-04-21 07:12:00,0.09216592891192732,1.0,0,0,0,0,0,0,0,0,0,0,0,0,0,0,0,0,0,0,0,0,0,0,0,0,0,0,0,0,0,0,0,0,0,0,0,0,0,0,0,0,0,0
91797166,after,2026-04-21 07:24:24,2026-04-21 07:24:00,2026-04-21 07:34:00,0.10233777580494544,1.0,0,0,0,0,0,0,0,0,0,0,0,0,0,0,0,0,0,0,0,0,0,0,0,0,0,0,0,0,0,0,0,0,0,0,0,0,0,0,0,0,0,0
91806444,before,2026-04-21 10:42:50,2026-04-21 10:42:00,2026-04-21 10:32:00,0.09431649850932945,0.8823529411764706,0,0,0,0,0,0,0,0,0,0,0,0,0,0,0,1,0,0,0,0,0,0,0,0,0,0,1,0,0,0,0,0,0,0,0,0,0,0,0,0,0,0
91806444,after,2026-04-21 10:42:50,2026-04-21 10:42:00,2026-04-21 11:02:00,0.1730775197404824,0.9411764705882353,0,0,0,0,0,0,0,0,0,0,0,0,0,0,0,0,0,0,0,0,0,0,0,0,0,0,1,0,0,0,0,0,0,0,0,0,0,0,0,0,0,0
91824729,before,2026-04-21 17:01:47,2026-04-21 17:01:00,2026-04-21 16:09:00,0.20039373029602336,0.9411764705882353,0,0,1,1,0,0,1,1,0,0,0,0,0,0,0,0,0,1,0,0,0,0,1,1,0,0,0,0,0,0,0,0,0,0,0,0,0,0,0,0,0,0
91824729,after,2026-04-21 17:01:47,2026-04-21 17:01:00,2026-04-21 17:44:00,0.28152654713820496,0.8235294117647058,0,0,1,0,0,0,1,0,0,0,0,0,0,0,0,0,0,0,0,0,0,0,1,0,0,0,0,0,0,0,0,0,0,0,0,0,0,0,0,0,0,0
91863976,before,2026-04-22 08:22:08,2026-04-22 08:22:00,2026-04-22 08:20:00,0.14261683319798765,0.9411764705882353,1,1,0,0,1,1,0,0,1,1,0,0,0,0,0,0,0,1,0,0,1,1,0,0,0,0,0,0,0,0,0,0,0,0,0,1,0,0,0,0,0,0
91863976,after,2026-04-22 08:22:08,2026-04-22 08:22:00,2026-04-22 08:24:00,0.5995845857360906,0.7647058823529411,1,0,0,0,1,0,0,0,1,0,0,0,0,0,0,0,0,0,0,0,1,0,0,0,0,0,0,0,0,0,0,0,0,0,0,0,0,0,0,0,0,0
91873683,before,2026-04-22 15:29:56,2026-04-22 15:29:00,2026-04-22 15:26:00,0.1916041581016961,0.8823529411764706,1,1,0,0,1,0,0,0,0,0,0,0,0,1,0,0,1,1,0,0,1,1,0,0,0,0,0,0,0,0,0,0,0,0,0,0,0,0,0,0,0,0
91873683,after,2026-04-22 15:29:56,2026-04-22 15:29:00,2026-04-22 16:44:00,0.33325319903881256,0.8823529411764706,1,1,0,0,1,1,0,0,0,0,0,0,0,1,0,0,1,0,0,0,1,1,0,0,0,0,0,0,0,0,0,0,0,0,0,0,0,0,0,0,0,0
91919177,before,2026-04-23 08:30:37,2026-04-23 08:30:00,2026-04-23 08:26:00,0.09004141570129573,0.9411764705882353,0,0,0,0,0,0,0,0,0,0,0,0,0,0,0,0,0,0,0,0,0,0,0,0,0,0,0,1,0,0,0,0,0,0,1,0,1,0,1,0,0,0
91919177,after,2026-04-23 08:30:37,2026-04-23 08:30:00,2026-04-23 08:38:00,0.24210804669939917,1.0,0,0,0,0,0,0,0,0,0,0,0,0,0,0,0,0,0,0,0,0,0,0,0,0,0,0,0,0,0,0,0,0,0,0,1,0,1,0,1,0,0,0
91954421,before,2026-04-23 20:58:13,2026-04-23 20:58:00,2026-04-23 20:52:00,0.515955635412292,1.0,0,0,0,0,0,0,0,0,0,0,0,0,0,0,0,0,0,0,0,0,0,0,0,0,0,0,0,0,0,0,0,0,0,0,0,0,0,0,0,0,0,0
91954421,after,2026-04-23 20:58:13,2026-04-23 20:58:00,2026-04-23 21:00:00,0.7311785439784175,1.0,0,0,0,0,0,0,0,0,0,0,0,0,0,0,0,0,0,0,0,0,0,0,0,0,0,0,0,0,0,0,0,0,0,0,0,1,0,1,0,1,0,1
91973017,before,2026-04-24 11:25:06,2026-04-24 11:25:00,2026-04-24 11:12:00,0.27079076353596265,0.9411764705882353,0,0,0,0,0,0,0,0,0,0,0,0,0,0,0,1,0,0,0,0,0,0,0,0,0,0,0,0,0,0,0,0,0,0,1,0,0,0,0,0,0,0
91973017,after,2026-04-24 11:25:06,2026-04-24 11:25:00,2026-04-24 11:47:00,0.12694545791624853,0.9411764705882353,0,0,0,0,0,0,0,0,0,0,0,0,0,0,0,0,0,0,0,0,0,0,0,0,0,1,0,0,0,0,0,0,0,0,1,0,0,0,0,0,0,0
91984519,before,2026-04-24 16:32:20,2026-04-24 16:32:00,2026-04-24 15:51:00,0.17240224539920934,0.8235294117647058,0,0,1,0,0,0,1,0,0,0,0,0,0,0,0,0,0,0,0,0,0,0,1,0,0,0,0,0,0,0,0,0,0,0,0,0,0,0,0,0,0,0
91984519,after,2026-04-24 16:32:20,2026-04-24 16:32:00,2026-04-24 16:35:00,0.1860535546037275,0.8235294117647058,0,0,1,0,0,0,1,0,0,0,0,0,0,0,0,0,0,0,0,0,0,0,1,0,0,0,0,0,0,0,0,0,0,0,0,1,0,0,0,0,0,0
92024986,before,2026-04-27 06:37:58,2026-04-27 06:37:00,2026-04-27 06:33:00,0.16653386233532222,1.0,0,0,0,0,0,0,0,0,0,0,0,0,0,0,0,0,0,0,0,0,0,0,0,0,0,0,0,0,0,0,0,0,0,0,0,0,0,0,0,0,0,0
92024986,after,2026-04-27 06:37:58,2026-04-27 06:37:00,2026-04-27 06:41:00,0.13547217577047269,1.0,0,0,0,0,0,0,0,0,0,0,0,0,0,0,0,0,0,0,0,0,0,0,0,0,0,0,0,0,0,0,0,0,0,0,0,0,0,0,0,0,0,0
92029007,before,2026-04-27 11:51:00,2026-04-27 11:51:00,2026-04-27 11:19:00,0.16986589801557858,1.0,0,0,0,0,0,0,0,0,0,0,0,0,0,0,0,0,0,0,0,0,0,0,0,0,0,0,0,0,0,0,0,0,0,0,0,0,0,0,0,0,0,0
92029007,after,2026-04-27 11:51:00,2026-04-27 11:51:00,2026-04-27 12:14:00,0.2709947932066631,0.9411764705882353,0,0,0,0,0,0,0,0,0,0,0,0,0,1,0,0,0,0,0,0,0,0,0,0,0,0,0,0,0,0,0,0,0,0,0,0,0,0,0,0,0,0
92067522,before,2026-04-28 09:04:14,2026-04-28 09:04:00,2026-04-28 09:00:00,0.20113765118205634,0.9411764705882353,0,0,0,0,0,0,0,0,0,0,0,0,0,0,0,1,0,0,0,0,0,0,0,0,0,0,0,0,0,0,0,0,0,0,0,1,0,1,0,1,0,1
92067522,after,2026-04-28 09:04:14,2026-04-28 09:04:00,2026-04-28 09:39:00,0.24334984170417107,1.0,0,0,0,0,0,0,0,0,0,0,0,0,0,0,0,0,0,0,0,0,0,0,0,0,0,0,0,0,0,0,0,0,0,0,0,0,0,0,0,0,0,0
92099847,before,2026-04-28 19:35:59,2026-04-28 19:35:00,2026-04-28 19:17:00,0.12807958439271733,0.8235294117647058,0,0,1,0,0,0,0,0,0,0,0,0,0,0,0,0,0,0,0,0,0,0,1,0,0,0,0,1,0,0,0,0,0,0,1,0,0,0,0,0,0,0
92099847,after,2026-04-28 19:35:59,2026-04-28 19:35:00,2026-04-28 19:44:00,0.19416484553793723,0.8823529411764706,0,0,1,0,0,0,0,0,0,0,0,0,0,0,0,0,0,0,0,0,0,0,1,0,0,0,0,0,0,0,0,0,0,0,1,0,0,0,0,0,0,0
92117158,before,2026-04-29 09:00:38,2026-04-29 09:00:00,2026-04-29 08:58:00,0.3197942474104149,1.0,0,0,1,1,0,0,1,1,0,0,0,0,0,0,0,0,0,0,0,0,0,0,1,1,0,0,0,0,0,0,0,0,0,0,1,0,1,0,1,0,1,0
92117158,after,2026-04-29 09:00:38,2026-04-29 09:00:00,2026-04-29 09:16:00,0.11751418754763579,1.0,0,0,1,1,0,0,1,1,0,0,0,0,0,0,0,0,0,0,0,0,0,0,1,1,0,0,0,0,0,0,0,0,0,0,1,0,1,0,1,0,1,0
92125361,before,2026-04-29 13:38:23,2026-04-29 13:38:00,2026-04-29 13:01:00,0.5925435719656184,0.7647058823529411,0,0,1,0,0,0,0,0,0,0,0,0,0,0,1,0,1,0,0,0,0,0,1,0,0,0,0,0,0,0,0,0,0,0,0,0,0,0,0,0,0,0
92125361,after,2026-04-29 13:38:23,2026-04-29 13:38:00,2026-04-29 15:24:00,0.27633014883771784,0.7647058823529411,0,0,1,0,0,0,0,0,0,0,0,0,0,0,1,0,1,0,0,0,0,0,1,0,0,0,0,0,0,0,0,0,0,0,0,0,0,0,0,0,0,0
92181621,before,2026-04-30 13:58:53,2026-04-30 13:58:00,2026-04-30 13:56:00,0.09821704696988763,0.9411764705882353,0,0,0,0,0,0,0,0,0,0,0,0,0,0,0,0,0,0,0,0,0,0,0,0,0,0,1,0,0,0,0,0,0,0,0,0,0,0,0,0,0,0
92181621,after,2026-04-30 13:58:53,2026-04-30 13:58:00,2026-04-30 14:20:00,0.25368847382929344,0.9411764705882353,0,0,0,0,0,0,0,0,0,0,0,0,0,0,0,0,0,0,0,0,0,0,0,0,0,0,1,0,0,0,0,0,0,0,0,1,0,0,0,0,0,0
92218142,before,2026-05-01 09:16:51,2026-05-01 09:16:00,2026-05-01 09:12:00,0.11428426431427913,0.7058823529411765,0,0,1,0,0,0,1,0,0,0,1,0,0,0,0,0,0,0,0,0,0,0,1,0,0,0,0,1,0,0,0,0,0,0,0,0,0,0,0,0,0,0
92218142,after,2026-05-01 09:16:51,2026-05-01 09:16:00,2026-05-01 09:18:00,0.029321225172022358,1.0,0,0,1,1,0,0,1,1,0,0,1,1,0,0,0,0,0,0,0,0,0,0,1,1,0,0,0,0,0,0,0,0,0,0,0,0,0,0,0,0,0,0
92274667,before,2026-05-04 08:18:10,2026-05-04 08:18:00,2026-05-04 08:14:00,0.19162335864005922,0.7647058823529411,0,0,0,1,0,0,0,1,0,0,0,0,0,0,0,0,0,0,0,0,0,0,0,1,0,0,1,0,0,0,0,0,0,0,0,0,0,0,0,0,0,0
92274667,after,2026-05-04 08:18:10,2026-05-04 08:18:00,2026-05-04 09:02:00,0.20221475503645234,0.8235294117647058,0,0,0,1,0,0,0,0,0,0,0,0,0,0,0,0,0,0,0,0,0,0,0,1,0,0,1,0,0,0,0,0,0,0,0,0,0,0,0,0,0,0
92286476,before,2026-05-04 13:52:28,2026-05-04 13:52:00,2026-05-04 13:45:00,0.39647864484755346,1.0,0,0,0,0,0,0,0,0,0,0,0,0,0,0,0,0,0,0,0,0,0,0,0,0,0,0,0,0,0,0,0,0,0,0,0,1,0,1,0,0,0,0
92286476,after,2026-05-04 13:52:28,2026-05-04 13:52:00,2026-05-04 13:58:00,0.2195486586671025,1.0,0,0,0,0,0,0,0,0,0,0,0,0,0,0,0,0,0,0,0,0,0,0,0,0,0,0,0,0,0,0,0,0,0,0,0,0,0,0,0,0,0,0
92319804,before,2026-05-04 20:24:33,2026-05-04 20:24:00,2026-05-04 20:16:00,0.09132932534501159,1.0,0,0,0,0,0,0,0,0,0,0,0,0,0,0,0,0,0,0,0,0,0,0,0,0,0,0,0,0,0,0,0,0,0,0,0,0,0,0,0,0,0,0
92319804,after,2026-05-04 20:24:33,2026-05-04 20:24:00,2026-05-04 20:33:00,0.19793594150844418,1.0,0,0,0,0,0,0,0,0,0,0,0,0,0,0,0,0,0,0,0,0,0,0,0,0,0,0,0,0,0,0,0,0,0,0,0,0,0,0,0,0,0,0
92331897,before,2026-05-05 06:17:31,2026-05-05 06:17:00,2026-05-05 06:14:00,0.0921349319721327,1.0,0,0,0,0,0,0,0,0,0,0,0,0,0,0,0,0,0,0,0,0,0,0,0,0,0,0,0,0,0,0,0,0,0,0,0,0,0,0,0,0,0,0
92331897,after,2026-05-05 06:17:31,2026-05-05 06:17:00,2026-05-05 06:38:00,0.22038800628141147,1.0,0,0,0,0,0,0,0,0,0,0,0,0,0,0,0,0,0,0,0,0,0,0,0,0,0,0,0,0,0,0,0,0,0,0,0,0,0,0,0,0,0,0
92342438,before,2026-05-05 13:41:28,2026-05-05 13:41:00,2026-05-05 13:28:00,0.19691407004957215,1.0,0,0,0,0,0,0,0,0,0,0,0,0,0,0,0,0,0,0,0,0,0,0,0,0,0,0,0,0,0,0,0,0,0,0,0,0,0,0,0,0,0,0
92342438,after,2026-05-05 13:41:28,2026-05-05 13:41:00,2026-05-05 13:47:00,0.26357242295790984,1.0,0,0,0,0,0,0,0,0,0,0,0,0,0,0,0,0,0,0,0,0,0,0,0,0,0,0,0,0,0,0,0,0,0,0,0,0,0,0,0,0,0,0
92396538,before,2026-05-06 08:30:50,2026-05-06 08:30:00,2026-05-06 07:45:00,0.173270714240533,1.0,0,0,0,0,0,0,0,0,0,0,0,0,0,0,0,0,0,0,0,0,0,0,0,0,0,0,0,0,0,0,0,0,0,0,1,1,1,1,1,0,0,0
92396538,after,2026-05-06 08:30:50,2026-05-06 08:30:00,2026-05-06 09:52:00,0.21640803210162934,1.0,0,0,0,0,0,0,0,0,0,0,0,0,0,0,0,0,0,0,0,0,0,0,0,0,0,0,0,0,0,0,0,0,0,0,1,0,1,0,1,0,0,0
92408965,before,2026-05-06 12:41:15,2026-05-06 12:41:00,2026-05-06 12:39:00,0.04020760319338593,1.0,0,0,0,0,0,0,0,0,0,0,0,0,0,0,0,0,0,0,0,0,0,0,0,0,0,0,0,0,0,0,0,0,0,0,0,0,0,0,0,0,0,0
92408965,after,2026-05-06 12:41:15,2026-05-06 12:41:00,2026-05-06 12:48:00,0.26143897286022405,0.9411764705882353,0,0,0,0,0,0,0,0,0,0,0,0,0,0,0,1,0,0,0,0,0,0,0,0,0,0,0,0,0,0,0,0,0,0,0,0,0,0,0,0,0,0
92461110,before,2026-05-07 07:56:52,2026-05-07 07:56:00,2026-05-07 07:54:00,0.04859732632517343,1.0,0,0,0,0,0,0,0,0,0,0,0,0,0,0,0,0,0,0,0,0,0,0,0,0,0,0,0,0,0,0,0,0,0,0,0,0,0,0,0,0,0,0
92461110,after,2026-05-07 07:56:52,2026-05-07 07:56:00,2026-05-07 08:29:00,0.13931516642812503,1.0,0,0,0,0,0,0,0,0,0,0,0,0,0,0,0,0,0,0,0,0,0,0,0,0,0,0,0,0,0,0,0,0,0,0,0,0,0,0,0,0,0,0
92535886,before,2026-05-07 19:37:09,2026-05-07 19:37:00,2026-05-07 19:35:00,0.19234339729710648,1.0,0,0,0,0,0,0,0,0,0,0,0,0,0,0,1,1,0,0,0,0,0,0,0,0,0,0,0,0,0,0,0,0,0,0,0,1,0,0,0,0,0,0
92535886,after,2026-05-07 19:37:09,2026-05-07 19:37:00,2026-05-07 19:49:00,0.1726366806971515,1.0,0,0,0,0,0,0,0,0,0,0,0,0,0,0,1,1,0,0,0,0,0,0,0,0,0,0,0,0,0,0,0,0,0,0,0,0,0,0,0,0,0,0
92561346,before,2026-05-08 09:30:27,2026-05-08 09:30:00,2026-05-08 08:50:00,0.2453148013619044,0.7647058823529411,0,1,0,0,0,1,0,0,0,0,0,0,0,0,0,0,0,0,0,0,0,1,0,0,1,0,0,0,0,0,0,0,0,0,1,1,1,0,1,0,0,0
92561346,after,2026-05-08 09:30:27,2026-05-08 09:30:00,2026-05-08 09:44:00,0.3404162217717719,0.8235294117647058,0,1,0,0,0,0,0,0,0,0,0,0,0,0,0,0,0,0,0,0,0,1,0,0,1,0,0,0,0,0,0,0,0,0,1,0,1,0,1,0,0,0
92611594,before,2026-05-11 07:03:52,2026-05-11 07:03:00,2026-05-11 07:01:00,0.10460893737136873,0.9411764705882353,0,0,0,0,0,0,0,0,0,0,0,0,0,0,0,0,0,0,0,0,0,0,0,0,0,0,1,0,0,0,0,0,0,0,0,0,0,0,0,0,0,0
92611594,after,2026-05-11 07:03:52,2026-05-11 07:03:00,2026-05-11 07:06:00,0.129149912026829,0.9411764705882353,0,0,0,0,0,0,0,0,0,0,0,0,0,0,0,0,0,0,0,0,0,0,0,0,0,0,1,0,0,0,0,0,0,0,0,0,0,0,0,0,0,0
92626347,before,2026-05-11 15:38:02,2026-05-11 15:38:00,2026-05-11 15:31:00,0.13265945953504593,0.9411764705882353,0,0,0,0,0,0,0,0,0,0,0,0,0,0,0,0,0,0,0,0,0,0,0,0,1,0,0,0,0,0,0,0,0,0,0,0,0,0,0,0,0,0
92626347,after,2026-05-11 15:38:02,2026-05-11 15:38:00,2026-05-11 15:40:00,0.11508802865791135,0.9411764705882353,0,0,0,0,0,0,0,0,0,0,0,0,0,0,0,0,0,0,0,0,0,0,0,0,1,0,0,0,0,0,0,0,0,0,0,1,0,0,0,0,0,0
92649888,before,2026-05-12 05:30:04,2026-05-12 05:30:00,2026-05-12 05:24:00,0.14249386754440818,1.0,0,0,0,0,0,0,0,0,0,0,0,0,0,0,0,0,0,0,0,0,0,0,0,0,0,0,0,0,0,0,0,0,0,0,1,0,1,0,1,0,0,0
92649888,after,2026-05-12 05:30:04,2026-05-12 05:30:00,2026-05-12 06:03:00,0.1316883275950267,0.8823529411764706,0,0,0,1,0,0,0,0,0,0,0,0,0,0,0,0,0,0,0,0,0,0,0,1,0,0,0,0,0,0,0,0,0,0,1,0,1,0,1,0,0,0
92660254,before,2026-05-12 13:41:21,2026-05-12 13:41:00,2026-05-12 13:34:00,0.2085130886211572,0.9411764705882353,0,0,0,0,0,0,0,0,0,0,0,0,0,0,0,0,0,0,0,0,0,0,0,0,0,0,1,0,0,0,0,0,0,0,0,0,0,0,0,0,0,0
92660254,after,2026-05-12 13:41:21,2026-05-12 13:41:00,2026-05-12 15:09:00,0.36758581045248945,0.7647058823529411,0,0,0,1,0,0,0,1,0,0,0,0,0,0,0,0,0,0,0,0,0,0,0,1,0,0,1,0,0,0,0,0,0,0,0,0,0,0,0,0,0,0
92699406,before,2026-05-13 08:32:18,2026-05-13 08:32:00,2026-05-13 07:58:00,0.21620732301024553,0.7647058823529411,0,0,0,1,0,0,0,0,0,0,0,0,0,0,0,1,0,1,0,0,0,0,0,1,0,0,0,0,0,0,0,0,0,0,0,0,0,0,0,0,0,0
92699406,after,2026-05-13 08:32:18,2026-05-13 08:32:00,2026-05-13 08:45:00,0.16646168344468343,0.8823529411764706,0,0,0,1,0,0,0,0,0,0,0,0,0,0,0,0,0,0,0,0,0,0,0,1,0,0,0,0,0,0,0,0,0,0,0,1,0,1,0,0,0,0
92704162,before,2026-05-13 13:32:46,2026-05-13 13:32:00,2026-05-13 13:20:00,0.22056901765223064,1.0,0,0,0,0,0,0,0,0,0,0,0,0,0,0,0,0,0,0,0,0,0,0,0,0,0,0,1,1,0,0,0,0,0,0,0,1,0,0,0,0,0,0
92704162,after,2026-05-13 13:32:46,2026-05-13 13:32:00,2026-05-13 13:43:00,0.10171252144018096,0.9411764705882353,0,0,0,0,0,0,0,0,0,0,0,0,0,0,0,0,0,0,0,0,0,0,0,0,0,0,1,0,0,0,0,0,0,0,0,0,0,0,0,0,0,0
92707912,before,2026-05-13 16:16:14,2026-05-13 16:16:00,2026-05-13 16:12:00,0.2543930895777845,1.0,0,0,0,0,0,0,0,0,0,0,0,0,0,0,0,0,0,0,0,0,0,0,0,0,0,0,0,0,0,0,0,0,0,0,0,0,0,0,0,0,0,0
92707912,after,2026-05-13 16:16:14,2026-05-13 16:16:00,2026-05-13 17:31:00,0.1887275124120361,1.0,0,0,0,0,0,0,0,0,0,0,0,0,0,0,0,0,0,0,0,0,0,0,0,0,0,0,0,0,0,0,0,0,0,0,0,0,0,0,0,0,0,0
92708453,before,2026-05-13 16:27:45,2026-05-13 16:27:00,2026-05-13 16:25:00,0.14681211246465126,0.8235294117647058,0,1,0,0,0,1,0,0,0,0,0,0,0,0,0,0,0,0,0,0,0,1,0,0,0,0,0,0,0,0,0,0,0,0,0,1,0,0,0,0,0,0
92708453,after,2026-05-13 16:27:45,2026-05-13 16:27:00,2026-05-13 17:30:00,0.16784960647627248,1.0,0,0,0,0,0,0,0,0,0,0,0,0,0,0,0,0,0,0,0,0,0,0,0,0,0,0,0,0,0,0,0,0,0,0,0,1,0,1,0,1,0,0
92749649,before,2026-05-14 07:37:00,2026-05-14 07:37:00,2026-05-14 07:34:00,0.23019169890428534,0.9411764705882353,0,0,0,0,0,0,0,0,0,0,0,0,0,0,0,0,0,0,0,0,0,0,0,0,1,0,0,0,0,0,0,0,0,0,0,0,0,0,0,0,0,0
92749649,after,2026-05-14 07:37:00,2026-05-14 07:37:00,2026-05-14 09:33:00,0.6737786163038719,0.7058823529411765,0,1,0,0,0,1,0,0,0,0,0,0,0,1,0,0,0,0,0,0,0,1,0,0,1,0,0,0,0,0,0,0,0,0,0,0,0,0,0,0,0,0
92755985,before,2026-05-14 14:27:21,2026-05-14 14:27:00,2026-05-14 14:07:00,0.3493758457972266,0.8235294117647058,0,0,0,1,0,0,0,0,0,0,0,0,0,0,0,0,0,0,0,0,0,0,0,1,0,0,1,0,0,0,0,0,0,0,0,0,0,0,0,0,0,0
92755985,after,2026-05-14 14:27:21,2026-05-14 14:27:00,2026-05-14 16:05:00,0.44992121489736575,0.9411764705882353,0,0,0,0,0,0,0,0,0,0,0,0,0,0,0,0,0,0,0,0,0,0,0,0,0,0,1,0,0,0,0,0,0,0,0,1,0,0,0,0,0,0
92794484,before,2026-05-15 06:52:48,2026-05-15 06:52:00,2026-05-15 06:50:00,0.0984491363752842,1.0,0,0,0,0,0,0,0,0,0,0,0,0,0,0,0,0,0,0,0,0,0,0,0,0,0,0,0,0,0,0,0,0,0,0,0,1,0,0,0,0,0,0
92794484,after,2026-05-15 06:52:48,2026-05-15 06:52:00,2026-05-15 06:59:00,0.14335432193664813,1.0,0,0,0,0,0,0,0,0,0,0,0,0,0,0,0,0,0,0,0,0,0,0,0,0,0,0,0,0,0,0,0,0,0,0,0,0,0,0,0,0,0,0
92816284,before,2026-05-15 14:15:09,2026-05-15 14:15:00,2026-05-15 14:10:00,0.11126119766585221,0.9411764705882353,0,0,0,0,0,0,0,0,0,0,0,0,0,0,0,1,0,0,0,0,0,0,0,0,0,0,0,0,0,0,0,0,0,0,1,1,1,0,0,0,0,0
92816284,after,2026-05-15 14:15:09,2026-05-15 14:15:00,2026-05-15 14:25:00,0.1774766780293342,0.9411764705882353,0,0,0,0,0,0,0,0,0,0,0,0,0,0,0,1,0,0,0,0,0,0,0,0,0,0,0,0,0,0,0,0,0,0,1,1,1,0,0,0,0,0
92863125,before,2026-05-18 09:44:22,2026-05-18 09:44:00,2026-05-18 09:41:00,0.08660750614793872,0.9411764705882353,0,0,0,0,0,0,0,0,0,0,0,0,0,0,0,0,0,0,0,0,0,0,0,0,0,0,1,0,0,0,0,0,0,0,0,0,0,0,0,0,0,0
92863125,after,2026-05-18 09:44:22,2026-05-18 09:44:00,2026-05-18 11:13:00,0.25868853080508036,1.0,0,0,0,0,0,0,0,0,0,0,0,0,0,0,0,0,0,0,0,0,0,0,0,0,0,0,1,1,0,0,0,0,0,0,0,0,0,0,0,0,0,0
92873305,before,2026-05-18 16:08:58,2026-05-18 16:08:00,2026-05-18 15:52:00,0.26139461005160236,0.8823529411764706,0,0,0,0,0,0,0,0,0,0,0,0,0,0,1,0,0,0,0,0,0,0,0,0,0,0,1,0,0,0,0,0,0,0,0,0,0,0,0,0,0,0
92873305,after,2026-05-18 16:08:58,2026-05-18 16:08:00,2026-05-18 16:31:00,0.16669751236510721,0.8823529411764706,0,0,0,0,0,0,0,0,0,0,0,0,0,0,1,0,0,0,0,0,0,0,0,0,0,0,1,0,0,0,0,0,0,0,0,0,0,0,0,0,0,0
92878258,before,2026-05-18 17:35:04,2026-05-18 17:35:00,2026-05-18 17:22:00,0.2165754532658229,0.7647058823529411,0,0,0,1,0,0,0,1,0,0,0,0,0,0,0,0,0,0,0,0,0,0,0,1,0,0,1,0,0,0,0,0,0,0,1,0,0,0,0,0,0,0
92878258,after,2026-05-18 17:35:04,2026-05-18 17:35:00,2026-05-18 17:38:00,0.3021286432961558,0.9411764705882353,0,0,0,0,0,0,0,0,0,0,0,0,0,0,0,0,0,0,0,0,0,0,0,0,0,0,1,0,0,0,0,0,0,0,1,0,0,0,0,0,0,0
92901499,before,2026-05-19 06:40:39,2026-05-19 06:40:00,2026-05-19 06:16:00,0.3028310000828051,0.7647058823529411,1,0,0,0,1,0,0,0,0,0,0,0,0,0,0,0,0,0,0,0,1,0,0,0,0,1,0,0,0,0,0,0,0,0,1,0,0,0,0,0,0,0
92901499,after,2026-05-19 06:40:39,2026-05-19 06:40:00,2026-05-19 06:53:00,0.5034831008038084,0.7647058823529411,1,0,0,0,1,0,0,0,0,0,0,0,0,0,0,1,0,0,0,0,1,0,0,0,0,0,0,0,0,0,0,0,0,0,1,0,0,0,0,0,0,0
92905766,before,2026-05-19 10:09:51,2026-05-19 10:09:00,2026-05-19 09:17:00,0.2880786755958579,0.8235294117647058,1,0,0,0,1,0,0,0,0,0,0,0,0,0,0,0,0,0,0,0,1,0,0,0,0,0,0,0,0,0,0,0,0,0,0,0,0,0,0,0,0,0
92905766,after,2026-05-19 10:09:51,2026-05-19 10:09:00,2026-05-19 10:59:00,0.20911777175843768,0.8235294117647058,1,0,0,0,1,0,0,0,0,0,0,0,0,0,0,0,0,0,0,0,1,0,0,0,0,0,0,0,0,0,0,0,0,0,0,0,0,0,0,0,0,0
92943988,before,2026-05-20 09:00:09,2026-05-20 09:00:00,2026-05-20 08:41:00,0.21503791284367463,1.0,0,0,0,0,0,0,0,0,0,0,0,0,0,0,0,0,0,0,0,0,0,0,0,0,0,0,0,0,0,0,0,0,0,0,1,0,1,0,1,0,1,0
92943988,after,2026-05-20 09:00:09,2026-05-20 09:00:00,2026-05-20 09:29:00,0.11705155505550588,1.0,0,0,0,0,0,0,0,0,0,0,0,0,0,0,0,0,0,0,0,0,0,0,0,0,0,0,0,0,0,0,0,0,0,0,1,0,1,0,1,0,1,0
92991008,before,2026-05-21 09:39:49,2026-05-21 09:39:00,2026-05-21 09:19:00,0.11438320135105104,1.0,0,0,0,0,0,0,0,0,0,0,0,0,0,0,0,0,0,0,0,0,0,0,0,0,0,0,0,0,0,0,0,0,0,0,0,0,0,0,0,0,0,0
92991008,after,2026-05-21 09:39:49,2026-05-21 09:39:00,2026-05-21 09:47:00,0.19735272875202522,1.0,0,0,0,0,0,0,0,0,0,0,0,0,0,0,0,0,0,0,0,0,0,0,0,0,0,0,0,0,0,0,0,0,0,0,0,0,0,0,0,0,0,0
93028917,before,2026-05-22 07:41:02,2026-05-22 07:41:00,2026-05-22 07:38:00,0.05697289070671955,1.0,0,0,1,1,0,0,1,1,0,0,0,0,0,0,0,0,0,0,0,0,0,0,1,1,0,0,0,0,0,0,0,0,0,0,0,0,0,0,0,0,0,0
93028917,after,2026-05-22 07:41:02,2026-05-22 07:41:00,2026-05-22 08:18:00,0.29585566833840093,0.7647058823529411,0,0,1,0,0,0,1,0,0,0,0,0,0,0,0,0,0,0,0,0,0,0,1,0,0,0,0,1,0,0,0,0,0,0,0,0,0,0,0,0,0,0
93029514,before,2026-05-22 08:36:56,2026-05-22 08:36:00,2026-05-22 08:20:00,0.1907965189875567,1.0,0,0,0,0,0,0,0,0,0,0,0,0,0,0,0,0,0,0,0,0,0,0,0,0,0,0,0,0,0,0,0,0,0,0,0,1,0,0,0,0,0,0
93029514,after,2026-05-22 08:36:56,2026-05-22 08:36:00,2026-05-22 10:10:00,0.22661681616204235,1.0,0,0,0,0,0,0,0,0,0,0,0,0,0,0,0,0,0,0,0,0,0,0,0,0,0,0,0,0,0,0,0,0,0,0,0,1,0,0,0,0,0,0
93037747,before,2026-05-22 15:30:46,2026-05-22 15:30:00,2026-05-22 15:28:00,0.3552036651348854,0.8235294117647058,0,0,0,1,0,0,0,0,0,0,0,0,0,0,0,0,0,0,0,0,0,0,0,1,0,0,1,0,0,0,0,0,0,0,1,0,1,0,1,0,0,0
93037747,after,2026-05-22 15:30:46,2026-05-22 15:30:00,2026-05-22 15:39:00,0.19712263607175992,0.9411764705882353,0,0,0,0,0,0,0,0,0,0,0,0,0,0,0,0,0,0,0,0,0,0,0,0,0,0,1,0,0,0,0,0,0,0,1,0,1,0,1,0,0,0
93064584,before,2026-05-25 09:09:03,2026-05-25 09:09:00,2026-05-25 09:04:00,0.07263218517252239,1.0,0,0,0,0,0,0,0,0,0,0,0,0,0,0,0,0,0,0,0,0,0,0,0,0,0,0,0,0,0,0,0,0,0,0,0,0,0,0,0,0,0,0
93064584,after,2026-05-25 09:09:03,2026-05-25 09:09:00,2026-05-25 09:13:00,0.18002695046497202,1.0,0,0,0,0,0,0,0,0,0,0,0,0,0,0,0,0,0,0,0,0,0,0,0,0,0,0,0,0,0,0,0,0,0,0,0,0,0,0,0,0,0,0
93070782,before,2026-05-25 15:59:41,2026-05-25 15:59:00,2026-05-25 15:55:00,0.054432869704626484,1.0,0,0,0,0,0,0,0,0,0,0,0,0,0,0,0,0,0,0,0,0,0,0,0,0,0,0,0,0,0,0,0,0,0,0,0,1,0,0,0,0,0,0
93070782,after,2026-05-25 15:59:41,2026-05-25 15:59:00,2026-05-25 16:45:00,0.12913025738589556,1.0,0,0,0,0,0,0,0,0,0,0,0,0,0,0,0,0,0,0,0,0,0,0,0,0,0,0,0,0,0,0,0,0,0,0,0,1,0,1,0,0,0,0
93086094,before,2026-05-26 08:40:30,2026-05-26 08:40:00,2026-05-26 08:32:00,0.1256357686052288,1.0,0,0,0,0,0,0,0,0,0,0,0,0,0,0,0,0,0,0,0,0,0,0,0,0,0,0,0,0,0,0,0,0,0,0,1,0,0,0,0,0,0,0
93086094,after,2026-05-26 08:40:30,2026-05-26 08:40:00,2026-05-26 09:11:00,0.16333842768294043,0.9411764705882353,0,0,0,0,0,0,0,0,0,0,0,0,0,0,0,1,0,0,0,0,0,0,0,0,0,0,0,0,0,0,0,0,0,0,1,0,0,0,0,0,0,0
93091481,before,2026-05-26 13:48:28,2026-05-26 13:48:00,2026-05-26 13:41:00,0.18094662530322259,1.0,0,0,0,0,0,0,0,0,0,0,0,0,0,0,0,0,0,0,0,0,0,0,0,0,0,0,0,0,0,0,0,0,0,0,0,0,0,0,0,0,0,0
93091481,after,2026-05-26 13:48:28,2026-05-26 13:48:00,2026-05-26 13:54:00,0.14535532426268774,1.0,0,0,0,0,0,0,0,0,0,0,0,0,0,0,0,0,0,0,0,0,0,0,0,0,0,0,0,0,0,0,0,0,0,0,0,0,0,0,0,0,0,0
93095183,before,2026-05-26 15:35:27,2026-05-26 15:35:00,2026-05-26 15:10:00,0.16139467557925322,0.9411764705882353,0,0,0,0,0,0,0,0,0,0,0,0,0,0,1,1,1,0,0,0,0,0,0,0,0,0,0,0,0,0,0,0,0,0,1,1,0,0,0,0,0,0
93095183,after,2026-05-26 15:35:27,2026-05-26 15:35:00,2026-05-26 15:43:00,0.2124580709494009,0.9411764705882353,0,0,0,0,0,0,0,0,0,0,0,0,0,0,1,1,1,1,0,0,0,0,0,0,0,1,0,0,0,0,0,0,0,0,1,0,0,0,0,0,0,0
93121138,before,2026-05-27 09:21:22,2026-05-27 09:21:00,2026-05-27 09:18:00,0.191247534900732,0.9411764705882353,0,0,0,0,0,0,0,0,0,0,0,0,0,0,0,0,0,0,0,0,0,0,0,0,0,0,0,1,0,0,0,0,0,0,0,0,0,0,0,0,0,0
93121138,after,2026-05-27 09:21:22,2026-05-27 09:21:00,2026-05-27 09:25:00,0.20717677595740555,1.0,0,0,0,0,0,0,0,0,0,0,0,0,0,0,0,0,0,0,0,0,0,0,0,0,0,0,0,0,0,0,0,0,0,0,0,1,0,0,0,0,0,0
93131167,before,2026-05-27 14:50:40,2026-05-27 14:50:00,2026-05-27 14:21:00,0.1287057906480134,1.0,0,0,0,0,0,0,0,0,0,0,0,0,0,0,0,0,0,0,0,0,0,0,0,0,0,0,0,0,0,0,0,0,0,0,1,0,0,0,0,0,0,0
93131167,after,2026-05-27 14:50:40,2026-05-27 14:50:00,2026-05-27 14:54:00,0.05648460945426074,0.9411764705882353,0,0,0,0,0,0,0,0,0,0,0,0,0,0,0,0,0,0,0,0,0,0,0,0,0,0,0,1,0,0,0,0,0,0,1,0,0,0,0,0,0,0
93169426,before,2026-05-28 07:11:24,2026-05-28 07:11:00,2026-05-28 07:06:00,0.19950730085905038,1.0,0,0,0,0,0,0,0,0,0,0,0,0,0,0,0,0,0,0,0,0,0,0,0,0,0,0,0,0,0,0,0,0,0,0,0,0,0,0,0,0,0,0
93169426,after,2026-05-28 07:11:24,2026-05-28 07:11:00,2026-05-28 07:33:00,0.20960184285741693,0.9411764705882353,0,0,0,0,0,0,0,0,0,0,0,0,0,0,0,1,0,0,0,0,0,0,0,0,0,0,0,0,0,0,0,0,0,0,0,0,0,0,0,0,0,0
93184362,before,2026-05-28 17:04:21,2026-05-28 17:04:00,2026-05-28 16:36:00,0.11446448782240502,0.8235294117647058,0,0,1,0,0,0,0,0,0,0,0,0,0,0,0,0,0,0,0,0,0,0,1,0,0,0,0,1,0,0,0,0,0,0,0,0,0,0,0,0,0,0
93184362,after,2026-05-28 17:04:21,2026-05-28 17:04:00,2026-05-28 17:58:00,0.43873701496496675,1.0,0,0,1,1,0,0,0,0,0,0,0,0,0,0,0,0,0,0,0,0,0,0,1,1,0,0,0,0,0,0,0,0,0,0,0,0,0,0,0,0,0,0
93199497,before,2026-05-28 20:45:24,2026-05-28 20:45:00,2026-05-28 20:43:00,0.07738302478734345,0.9411764705882353,0,0,0,0,0,0,0,0,0,0,0,0,0,0,0,1,0,0,0,0,0,0,0,0,0,0,0,0,0,0,0,0,0,0,1,0,1,0,0,0,0,0
93199497,after,2026-05-28 20:45:24,2026-05-28 20:45:00,2026-05-28 20:59:00,0.13471804888703215,1.0,0,0,0,0,0,0,0,0,0,0,0,0,0,0,0,0,0,0,0,0,0,0,0,0,0,0,0,0,0,0,0,0,0,0,1,0,1,0,0,0,0,0
93210316,before,2026-05-29 09:09:04,2026-05-29 09:09:00,2026-05-29 09:07:00,0.18882655665688775,1.0,0,0,0,0,0,0,0,0,0,0,0,0,0,0,0,0,0,0,0,0,0,0,0,0,0,0,0,0,0,0,0,0,0,0,0,0,0,0,0,0,0,0
93210316,after,2026-05-29 09:09:04,2026-05-29 09:09:00,2026-05-29 09:33:00,0.13338440406766658,1.0,0,0,0,0,0,0,0,0,0,0,0,0,0,0,0,0,0,0,0,0,0,0,0,0,0,0,0,0,0,0,0,0,0,0,0,0,0,0,0,0,0,0
93235333,before,2026-05-29 21:01:51,2026-05-29 21:01:00,2026-05-29 20:51:00,0.19502564098812986,1.0,0,0,0,0,0,0,0,0,0,0,0,0,0,0,0,0,0,0,0,0,0,0,0,0,0,0,0,0,0,0,0,0,0,0,0,0,0,0,0,0,0,0
93235333,after,2026-05-29 21:01:51,2026-05-29 21:01:00,2026-05-29 21:53:00,0.21870206563526418,1.0,0,0,0,0,0,0,0,0,0,0,0,0,0,0,0,0,0,0,0,0,0,0,0,0,0,0,0,0,0,0,0,0,0,0,0,0,0,0,0,0,0,0
93252299,before,2026-06-01 11:07:05,2026-06-01 11:07:00,2026-06-01 11:04:00,0.1351967422657168,0.9411764705882353,0,0,0,0,0,0,0,0,0,0,0,0,0,0,0,1,0,0,0,0,0,0,0,0,0,0,0,0,0,0,0,0,0,0,0,0,0,0,0,0,0,0
93252299,after,2026-06-01 11:07:05,2026-06-01 11:07:00,2026-06-01 11:53:00,0.1794230783093852,0.9411764705882353,0,0,0,0,0,0,0,0,0,0,0,0,0,0,0,0,0,1,0,0,0,0,0,0,0,0,0,0,0,0,0,0,0,0,0,0,0,0,0,0,0,0
93277546,before,2026-06-01 16:40:02,2026-06-01 16:40:00,2026-06-01 16:36:00,0.18777123430573825,0.8235294117647058,0,1,0,0,0,0,0,0,0,0,0,0,0,0,0,0,0,0,0,0,0,1,0,0,1,0,0,0,0,0,0,0,0,0,1,0,0,0,0,0,0,0
93277546,after,2026-06-01 16:40:02,2026-06-01 16:40:00,2026-06-01 16:49:00,0.5904785157591578,0.8823529411764706,0,0,0,0,0,0,0,0,0,0,0,0,0,0,0,0,0,0,0,0,0,0,0,0,1,0,0,1,0,0,0,0,0,0,1,0,0,0,0,0,0,0
93309253,before,2026-06-02 16:27:01,2026-06-02 16:27:00,2026-06-02 16:18:00,0.1552127169542638,0.9411764705882353,0,0,0,0,0,0,0,0,0,0,0,0,0,0,1,0,0,0,0,0,0,0,0,0,0,0,0,0,0,0,0,0,0,0,0,0,0,0,0,0,0,0
93309253,after,2026-06-02 16:27:01,2026-06-02 16:27:00,2026-06-02 16:42:00,0.2389104831842297,0.9411764705882353,0,0,0,0,0,0,0,0,0,0,0,0,0,0,1,0,0,0,0,0,0,0,0,0,0,0,0,0,0,0,0,0,0,0,0,0,0,0,0,0,0,0
93345132,before,2026-06-03 07:31:17,2026-06-03 07:31:00,2026-06-03 07:28:00,0.38326237059974255,1.0,0,0,1,1,0,0,1,1,0,0,0,0,0,0,0,0,0,0,0,0,0,0,1,1,0,0,0,0,0,0,0,0,0,0,0,0,0,0,0,0,0,0
93345132,after,2026-06-03 07:31:17,2026-06-03 07:31:00,2026-06-03 07:35:00,0.1876494957297319,0.8235294117647058,0,0,1,0,0,0,1,0,0,0,0,0,0,0,0,0,0,0,0,0,0,0,1,0,0,0,0,0,0,0,0,0,0,0,0,1,0,0,0,0,0,0
93360769,before,2026-06-03 18:19:30,2026-06-03 18:19:00,2026-06-03 18:17:00,0.24730741492071712,0.9411764705882353,0,0,0,0,0,0,0,0,0,0,0,0,0,0,1,0,0,0,0,0,0,0,0,0,0,0,0,0,0,0,0,0,0,0,0,0,0,0,0,0,0,0
93360769,after,2026-06-03 18:19:30,2026-06-03 18:19:00,2026-06-03 18:30:00,0.12637273944357574,0.9411764705882353,0,0,0,0,0,0,0,0,0,0,0,0,0,0,1,0,0,0,0,0,0,0,0,0,0,0,0,0,0,0,0,0,0,0,0,1,0,1,0,1,0,0
93376580,before,2026-06-04 09:02:48,2026-06-04 09:02:00,2026-06-04 08:45:00,0.28040016160768755,0.8235294117647058,1,0,0,0,0,0,0,0,0,0,0,0,0,0,1,1,1,0,0,0,1,0,0,0,0,0,0,0,0,0,0,0,0,0,0,1,0,1,0,0,0,0
93376580,after,2026-06-04 09:02:48,2026-06-04 09:02:00,2026-06-04 09:35:00,0.1983352622799818,0.7647058823529411,1,0,0,0,0,0,0,0,0,0,0,0,0,0,1,0,1,0,0,0,1,0,0,0,0,0,0,0,0,0,0,0,0,0,0,1,0,0,0,0,0,0
93377409,before,2026-06-04 10:05:50,2026-06-04 10:05:00,2026-06-04 09:37:00,0.16123710616317177,0.7647058823529411,1,0,0,0,0,0,0,0,0,0,0,0,0,0,1,0,1,1,0,0,1,0,0,0,0,1,0,0,0,0,0,0,0,0,1,0,0,0,0,0,0,0
93377409,after,2026-06-04 10:05:50,2026-06-04 10:05:00,2026-06-04 10:39:00,0.14845856052102982,0.9411764705882353,1,1,0,0,0,0,0,0,0,0,0,0,0,0,1,1,1,0,0,0,1,1,0,0,0,0,0,0,0,0,0,0,0,0,1,0,0,0,0,0,0,0
93404708,before,2026-06-05 07:16:51,2026-06-05 07:16:00,2026-06-05 07:05:00,0.14169682239134646,1.0,0,0,0,0,0,0,0,0,0,0,0,0,0,0,0,0,0,0,0,0,0,0,0,0,0,0,0,0,0,0,0,0,0,0,0,1,0,0,0,0,0,0
93404708,after,2026-06-05 07:16:51,2026-06-05 07:16:00,2026-06-05 07:49:00,0.11814482205560475,1.0,0,0,0,0,0,0,0,0,0,0,0,0,0,0,0,0,0,0,0,0,0,0,0,0,0,0,0,0,0,0,0,0,0,0,0,0,0,0,0,0,0,0
93411173,before,2026-06-05 14:55:49,2026-06-05 14:55:00,2026-06-05 14:30:00,0.2088829557531747,0.8823529411764706,0,1,0,0,0,0,0,0,0,0,0,0,0,0,0,0,0,0,0,0,0,1,0,0,0,0,0,0,0,0,0,0,0,0,1,1,0,1,0,1,0,0
93411173,after,2026-06-05 14:55:49,2026-06-05 14:55:00,2026-06-05 15:11:00,0.3261446054150032,1.0,0,0,0,0,0,0,0,0,0,0,0,0,0,0,0,0,0,0,0,0,0,0,0,0,0,0,0,0,0,0,0,0,0,0,1,0,0,0,0,0,0,0
93443489,before,2026-06-08 08:38:58,2026-06-08 08:38:00,2026-06-08 08:35:00,0.4155877503232669,0.9411764705882353,0,0,1,1,0,0,1,1,0,0,1,1,0,0,0,0,0,1,0,0,0,0,1,1,0,0,0,0,0,0,0,0,0,0,0,1,0,0,0,0,0,0
93443489,after,2026-06-08 08:38:58,2026-06-08 08:38:00,2026-06-08 09:36:00,1.7984948675252497,0.9411764705882353,0,0,1,1,0,0,1,1,0,0,1,0,0,0,0,0,0,0,0,0,0,0,1,1,0,0,0,0,0,0,0,0,0,0,0,0,0,0,0,0,0,0
93461391,before,2026-06-08 18:18:03,2026-06-08 18:18:00,2026-06-08 18:09:00,0.2426060623349084,0.8235294117647058,0,0,1,0,0,0,1,0,0,0,0,0,0,0,0,0,0,0,0,0,0,0,1,0,0,0,0,0,0,0,0,0,0,0,0,0,0,0,0,0,0,0
93461391,after,2026-06-08 18:18:03,2026-06-08 18:18:00,2026-06-08 20:13:00,0.3510638344499541,0.7647058823529411,0,0,1,0,0,0,1,0,0,0,0,0,0,0,0,0,0,0,0,0,0,0,1,0,0,0,0,1,0,0,0,0,0,0,0,0,0,0,0,0,0,0
93474519,before,2026-06-09 10:32:19,2026-06-09 10:32:00,2026-06-09 10:03:00,0.13886686982644947,1.0,0,0,0,0,0,0,0,0,0,0,0,0,0,0,0,0,0,0,0,0,0,0,0,0,0,0,0,0,0,0,0,0,0,0,0,0,0,0,0,0,0,0
93474519,after,2026-06-09 10:32:19,2026-06-09 10:32:00,2026-06-09 11:03:00,0.13645870920772882,0.9411764705882353,0,0,0,0,0,0,0,0,0,0,0,0,0,0,0,0,0,1,0,0,0,0,0,0,0,0,0,0,0,0,0,0,0,0,0,0,0,0,0,0,0,0
93510992,before,2026-06-10 08:02:18,2026-06-10 08:02:00,2026-06-10 07:57:00,0.07028167925635685,0.9411764705882353,0,0,0,0,0,0,0,0,0,0,0,0,0,0,1,0,0,0,0,0,0,0,0,0,0,0,0,0,0,0,0,0,0,0,0,0,0,0,0,0,0,0
93510992,after,2026-06-10 08:02:18,2026-06-10 08:02:00,2026-06-10 08:06:00,0.08799548626432055,1.0,0,0,0,0,0,0,0,0,0,0,0,0,0,0,1,1,0,0,0,0,0,0,0,0,0,0,0,0,0,0,0,0,0,0,0,0,0,0,0,0,0,0
93557927,before,2026-06-11 09:36:08,2026-06-11 09:36:00,2026-06-11 09:34:00,0.15737468326238155,0.9411764705882353,0,0,0,0,0,0,0,0,0,0,0,0,0,0,0,0,0,0,0,0,0,0,0,0,0,0,1,0,0,0,0,0,0,0,0,0,0,0,0,0,0,0
93557927,after,2026-06-11 09:36:08,2026-06-11 09:36:00,2026-06-11 10:10:00,0.23944052969182247,0.9411764705882353,0,0,0,0,0,0,0,0,0,0,0,0,0,0,0,0,0,0,0,0,0,0,0,0,0,0,1,0,0,0,0,0,0,0,0,1,0,0,0,0,0,0
93598278,before,2026-06-12 08:17:41,2026-06-12 08:17:00,2026-06-12 08:14:00,0.23475260906454604,0.9411764705882353,0,0,0,0,0,0,0,0,0,0,0,0,0,0,1,0,0,0,0,0,0,0,0,0,0,0,0,0,0,0,0,0,0,0,0,0,0,0,0,0,0,0
93598278,after,2026-06-12 08:17:41,2026-06-12 08:17:00,2026-06-12 08:23:00,0.2434154966866365,1.0,0,0,0,0,0,0,0,0,0,0,0,0,0,0,1,1,0,0,0,0,0,0,0,0,0,0,0,0,0,0,0,0,0,0,0,0,0,0,0,0,0,0
93609754,before,2026-06-12 17:23:16,2026-06-12 17:23:00,2026-06-12 15:56:00,0.44673957264799796,1.0,0,0,1,1,0,0,1,1,0,0,0,0,0,0,0,0,0,0,0,0,0,0,1,1,0,0,0,0,0,0,0,0,0,0,0,0,0,0,0,0,0,0
93609754,after,2026-06-12 17:23:16,2026-06-12 17:23:00,2026-06-12 17:33:00,0.16358604858149423,1.0,0,0,1,1,0,0,1,1,0,0,0,0,0,0,0,0,0,0,0,0,0,0,1,1,0,0,0,0,0,0,0,0,0,0,0,0,0,0,0,0,0,0
93631282,before,2026-06-15 08:44:57,2026-06-15 08:44:00,2026-06-15 08:40:00,0.2862269520851912,0.8235294117647058,0,0,1,0,0,0,1,0,0,0,0,0,0,0,0,0,0,0,0,0,0,0,1,0,0,0,0,0,0,0,0,0,0,0,0,1,0,0,0,0,0,0
93631282,after,2026-06-15 08:44:57,2026-06-15 08:44:00,2026-06-15 08:56:00,0.491855589993779,0.8235294117647058,0,0,1,0,0,0,1,0,0,0,0,0,0,0,0,0,0,0,0,0,0,0,1,0,0,0,0,0,0,0,0,0,0,0,0,0,0,0,0,0,0,0
93650934,before,2026-06-15 16:30:46,2026-06-15 16:30:00,2026-06-15 16:24:00,0.13756187848066684,0.9411764705882353,0,0,0,0,0,0,0,0,0,0,0,0,0,0,0,0,0,0,0,0,0,0,0,0,1,0,0,0,0,0,0,0,0,0,1,0,1,0,1,0,0,0
93650934,after,2026-06-15 16:30:46,2026-06-15 16:30:00,2026-06-15 17:17:00,0.2480681558240226,0.8823529411764706,0,0,0,0,0,0,0,0,0,0,0,0,0,0,0,1,0,0,0,0,0,0,0,0,1,0,0,0,0,0,0,0,0,0,1,0,1,0,1,0,0,0
93681010,before,2026-06-16 13:18:40,2026-06-16 13:18:00,2026-06-16 13:12:00,0.11464238962596951,1.0,0,0,0,0,0,0,0,0,0,0,0,0,0,0,0,0,0,0,0,0,0,0,0,0,0,0,0,0,0,0,0,0,0,0,0,0,0,0,0,0,0,0
93681010,after,2026-06-16 13:18:40,2026-06-16 13:18:00,2026-06-16 13:42:00,0.128540321425074,1.0,0,0,0,0,0,0,0,0,0,0,0,0,0,0,0,0,0,0,0,0,0,0,0,0,0,0,0,0,0,0,0,0,0,0,0,0,0,0,0,0,0,0
93682742,before,2026-06-16 15:06:09,2026-06-16 15:06:00,2026-06-16 14:57:00,0.19568343409340166,1.0,0,0,0,0,0,0,0,0,0,0,0,0,0,0,0,0,0,0,0,0,0,0,0,0,0,0,0,0,0,0,0,0,0,0,0,0,0,0,0,0,0,0
93682742,after,2026-06-16 15:06:09,2026-06-16 15:06:00,2026-06-16 15:20:00,0.21821875345517056,0.9411764705882353,0,0,0,0,0,0,0,0,0,0,0,0,0,0,0,0,0,0,0,0,0,0,0,0,0,0,0,1,0,0,0,0,0,0,0,1,0,0,0,0,0,0
93700747,before,2026-06-17 08:49:19,2026-06-17 08:49:00,2026-06-17 08:35:00,0.2564741882441152,0.8823529411764706,1,0,0,0,0,0,0,0,0,0,0,0,0,0,0,0,0,0,0,0,1,0,0,0,0,0,0,0,0,0,0,0,0,0,0,1,0,0,0,0,0,0
93700747,after,2026-06-17 08:49:19,2026-06-17 08:49:00,2026-06-17 09:49:00,0.2515106845816035,0.9411764705882353,1,1,0,0,0,1,0,0,0,0,0,0,0,0,0,0,0,0,0,0,1,1,0,0,0,0,0,0,0,0,0,0,0,0,0,0,0,0,0,0,0,0
93757800,before,2026-06-18 18:09:38,2026-06-18 18:09:00,2026-06-18 18:03:00,0.07450815538654221,1.0,0,0,0,0,0,0,0,0,0,0,0,0,0,0,0,0,0,0,0,0,0,0,0,0,0,0,0,0,0,0,0,0,0,0,0,0,0,0,0,0,0,0
93757800,after,2026-06-18 18:09:38,2026-06-18 18:09:00,2026-06-18 18:11:00,0.1431971791545752,1.0,0,0,0,0,0,0,0,0,0,0,0,0,0,0,0,0,0,0,0,0,0,0,0,0,0,0,0,0,0,0,0,0,0,0,0,0,0,0,0,0,0,0
93776205,before,2026-06-19 08:32:37,2026-06-19 08:32:00,2026-06-19 08:30:00,0.34119031080327067,0.8235294117647058,1,0,0,0,1,0,0,0,0,0,0,0,0,0,0,0,0,0,0,0,1,0,0,0,0,0,0,0,0,0,0,0,0,0,0,1,0,1,0,1,0,0
93776205,after,2026-06-19 08:32:37,2026-06-19 08:32:00,2026-06-19 08:48:00,0.26980504942125044,0.9411764705882353,1,1,0,0,1,0,0,0,0,0,0,0,0,0,0,0,0,0,0,0,1,1,0,0,0,0,0,0,0,0,0,0,0,0,0,0,0,0,0,0,0,0
93798546,before,2026-06-22 08:28:11,2026-06-22 08:28:00,2026-06-22 08:22:00,0.08501968920189579,1.0,0,0,0,0,0,0,0,0,0,0,0,0,0,0,0,0,0,0,0,0,0,0,0,0,0,0,0,0,0,0,0,0,0,0,0,0,0,0,0,0,0,0
93798546,after,2026-06-22 08:28:11,2026-06-22 08:28:00,2026-06-22 09:44:00,0.24579196894739885,1.0,0,0,0,0,0,0,0,0,0,0,0,0,0,0,0,0,0,0,0,0,0,0,0,0,0,0,0,0,0,0,0,0,0,0,0,0,0,0,0,0,0,0
93832434,before,2026-06-23 06:39:04,2026-06-23 06:39:00,2026-06-23 06:23:00,0.14066322235240356,0.8235294117647058,0,0,1,0,0,0,0,0,0,0,0,0,0,0,0,0,0,0,0,0,0,0,1,0,0,0,0,1,0,0,0,0,0,0,0,0,0,0,0,0,0,0
93832434,after,2026-06-23 06:39:04,2026-06-23 06:39:00,2026-06-23 06:41:00,0.5562147634533312,0.8823529411764706,0,0,1,0,0,0,0,0,0,0,0,0,0,0,0,0,0,0,0,0,0,0,1,0,0,0,0,0,0,0,0,0,0,0,0,0,0,0,0,0,0,0
93873774,before,2026-06-23 21:06:17,2026-06-23 21:06:00,2026-06-23 20:58:00,0.14129712834426006,1.0,0,0,0,0,0,0,0,0,0,0,0,0,0,0,0,0,0,0,0,0,0,0,0,0,0,0,0,0,0,0,0,0,0,0,0,0,0,0,0,0,0,0
93873774,after,2026-06-23 21:06:17,2026-06-23 21:06:00,2026-06-23 21:11:00,0.12695188441875532,1.0,0,0,0,0,0,0,0,0,0,0,0,0,0,0,0,0,0,0,0,0,0,0,0,0,0,0,0,0,0,0,0,0,0,0,0,0,0,0,0,0,0,0
93909211,before,2026-06-24 10:08:33,2026-06-24 10:08:00,2026-06-24 10:04:00,0.10384033109413904,0.9411764705882353,0,0,0,0,0,0,0,0,0,0,0,0,0,0,1,0,0,0,0,0,0,0,0,0,0,0,0,0,0,0,0,0,0,0,0,0,0,0,0,0,0,0
93909211,after,2026-06-24 10:08:33,2026-06-24 10:08:00,2026-06-24 10:45:00,0.20333389928296242,0.8235294117647058,0,1,0,0,0,0,0,0,0,0,0,0,0,0,1,0,0,0,0,0,0,1,0,0,0,0,0,0,0,0,0,0,0,0,0,1,0,1,0,0,0,0
93935706,before,2026-06-24 16:41:19,2026-06-24 16:41:00,2026-06-24 16:39:00,0.28557811029962626,0.8235294117647058,0,1,0,0,0,1,0,0,0,0,0,0,0,0,0,0,0,0,0,0,0,1,0,0,0,0,0,0,0,0,0,0,0,0,0,0,0,0,0,0,0,0
93935706,after,2026-06-24 16:41:19,2026-06-24 16:41:00,2026-06-24 16:44:00,0.18589543463154906,1.0,0,0,0,0,0,0,0,0,0,0,0,0,0,0,0,0,0,0,0,0,0,0,0,0,0,0,0,0,0,0,0,0,0,0,0,0,0,0,0,0,0,0
93990129,before,2026-06-25 07:19:16,2026-06-25 07:19:00,2026-06-25 07:17:00,0.1035198898451228,0.8823529411764706,0,0,0,1,0,0,0,1,0,0,0,0,0,0,0,0,0,0,0,0,0,0,0,0,0,0,0,0,0,0,0,0,0,0,0,0,0,0,0,0,0,0
93990129,after,2026-06-25 07:19:16,2026-06-25 07:19:00,2026-06-25 07:39:00,0.11898525784000497,0.9411764705882353,0,0,0,0,0,0,0,0,0,0,0,0,0,0,0,0,0,0,0,0,0,0,0,0,0,0,0,1,0,0,0,0,0,0,0,0,0,0,0,0,0,0
94051620,before,2026-06-25 19:46:01,2026-06-25 19:46:00,2026-06-25 18:12:00,0.5354872495851953,1.0,0,0,1,1,0,0,1,1,0,0,0,0,0,0,0,0,1,1,0,0,0,0,1,1,0,0,0,0,0,0,0,0,0,0,0,0,0,0,0,0,0,0
94051620,after,2026-06-25 19:46:01,2026-06-25 19:46:00,2026-06-25 21:03:00,0.46405449206284854,0.9411764705882353,0,0,1,1,0,0,1,1,0,0,0,0,0,0,0,1,1,1,0,0,0,0,1,1,0,0,0,0,0,0,0,0,0,0,0,0,0,0,0,0,0,0
94074059,before,2026-06-26 14:36:53,2026-06-26 14:36:00,2026-06-26 14:25:00,0.1179047639239381,1.0,0,0,0,0,0,0,0,0,0,0,0,0,0,0,0,0,0,0,0,0,0,0,0,0,0,0,0,0,0,0,0,0,0,0,0,1,0,0,0,0,0,0
94074059,after,2026-06-26 14:36:53,2026-06-26 14:36:00,2026-06-26 14:38:00,0.21759245847661424,1.0,0,0,0,0,0,0,0,0,0,0,0,0,0,0,0,0,0,0,0,0,0,0,0,0,0,0,0,0,0,0,0,0,0,0,0,0,0,0,0,0,0,0
94116926,before,2026-06-29 14:55:16,2026-06-29 14:55:00,2026-06-29 14:45:00,0.11912176482501445,1.0,0,0,0,0,0,0,0,0,0,0,0,0,0,0,0,0,0,0,0,0,0,0,0,0,0,0,0,0,0,0,0,0,0,0,1,1,0,1,0,0,0,0
94116926,after,2026-06-29 14:55:16,2026-06-29 14:55:00,2026-06-29 14:59:00,0.2136366819368359,1.0,0,0,0,0,0,0,0,0,0,0,0,0,0,0,0,0,0,0,0,0,0,0,0,0,0,0,0,0,0,0,0,0,0,0,1,0,0,0,0,0,0,0
94147775,before,2026-06-30 07:15:05,2026-06-30 07:15:00,2026-06-30 07:00:00,0.14757496755820487,0.9411764705882353,0,0,0,0,0,0,0,0,0,0,0,0,0,0,0,0,0,0,0,0,0,0,0,0,0,1,0,0,0,0,0,0,0,0,1,1,1,1,0,1,0,1
94147775,after,2026-06-30 07:15:05,2026-06-30 07:15:00,2026-06-30 07:19:00,0.1560905896400155,0.8823529411764706,0,1,0,0,0,0,0,0,0,0,0,0,0,0,0,0,0,0,0,0,0,1,0,0,0,0,0,0,0,0,0,0,0,0,1,0,1,0,0,0,0,0
94199359,before,2026-07-01 17:01:51,2026-07-01 17:01:00,2026-07-01 16:48:00,0.6676142793930309,0.8235294117647058,1,0,0,0,0,0,0,0,0,0,0,0,0,0,0,0,1,0,0,0,1,0,0,0,0,0,0,0,0,0,0,0,0,0,0,0,0,0,0,0,0,0
94199359,after,2026-07-01 17:01:51,2026-07-01 17:01:00,2026-07-01 17:35:00,0.42635212608486195,0.8823529411764706,1,1,0,0,0,1,0,0,0,1,0,0,0,0,0,0,1,1,0,0,1,1,0,0,0,0,0,0,0,0,0,0,0,0,0,1,0,0,0,0,0,0
94223505,before,2026-07-02 16:13:42,2026-07-02 16:13:00,2026-07-02 16:07:00,0.4054403887250707,1.0,0,0,0,0,0,0,0,0,0,0,0,0,0,0,0,0,0,0,0,0,0,0,0,0,0,0,0,0,0,0,0,0,0,0,0,0,0,0,0,0,0,0
94223505,after,2026-07-02 16:13:42,2026-07-02 16:13:00,2026-07-02 16:15:00,0.23145385558162967,1.0,0,0,0,0,0,0,0,0,0,0,0,0,0,0,0,0,0,0,0,0,0,0,0,0,0,0,0,0,0,0,0,0,0,0,0,1,0,1,0,0,0,0
94240579,before,2026-07-03 06:32:03,2026-07-03 06:32:00,2026-07-03 06:16:00,0.13793671750806244,0.9411764705882353,0,0,0,0,0,0,0,0,0,0,0,0,0,0,0,1,0,0,0,0,0,0,0,0,0,0,0,0,0,0,0,0,0,0,0,0,0,0,0,0,0,0
94240579,after,2026-07-03 06:32:03,2026-07-03 06:32:00,2026-07-03 06:38:00,0.04804753218865216,0.9411764705882353,0,0,0,0,0,0,0,0,0,0,0,0,0,0,0,1,0,0,0,0,0,0,0,0,0,0,0,0,0,0,0,0,0,0,0,0,0,0,0,0,0,0
94241160,before,2026-07-03 08:08:26,2026-07-03 08:08:00,2026-07-03 07:58:00,0.07275332359777804,0.7647058823529411,0,1,0,0,0,1,0,0,0,0,0,0,0,0,0,0,0,0,0,0,0,1,0,0,1,0,0,0,0,0,0,0,0,0,0,0,0,0,0,0,0,0
94241160,after,2026-07-03 08:08:26,2026-07-03 08:08:00,2026-07-03 08:32:00,0.25213360246718813,0.9411764705882353,0,0,0,0,0,0,0,0,0,0,0,0,0,0,0,0,0,0,0,0,0,0,0,0,1,0,0,0,0,0,0,0,0,0,0,0,0,0,0,0,0,0
94258974,before,2026-07-06 06:37:10,2026-07-06 06:37:00,2026-07-06 06:33:00,0.33822569769293237,0.7647058823529411,1,0,0,0,1,0,0,0,0,0,0,0,0,0,0,1,0,0,0,0,1,0,0,0,0,0,0,0,0,0,0,0,0,0,0,0,0,0,0,0,0,0
94258974,after,2026-07-06 06:37:10,2026-07-06 06:37:00,2026-07-06 06:57:00,0.2203553744179314,0.9411764705882353,1,1,0,0,1,0,0,0,0,0,0,0,0,0,0,0,0,0,0,0,1,1,0,0,0,0,0,0,0,0,0,0,0,0,0,0,0,0,0,0,0,0
94289139,before,2026-07-07 08:30:02,2026-07-07 08:30:00,2026-07-07 08:05:00,0.241144639664951,0.8823529411764706,0,0,0,0,0,0,0,0,0,0,0,0,0,0,0,1,0,0,0,0,0,0,0,0,1,0,0,0,0,0,0,0,0,0,1,1,1,0,1,0,0,0
94289139,after,2026-07-07 08:30:02,2026-07-07 08:30:00,2026-07-07 09:24:00,0.16904241142272922,0.9411764705882353,0,0,0,0,0,0,0,0,0,0,0,0,0,0,0,0,0,0,0,0,0,0,0,0,1,0,0,0,0,0,0,0,0,0,1,0,1,0,1,0,0,0
94291110,before,2026-07-07 10:41:18,2026-07-07 10:41:00,2026-07-07 10:29:00,0.20998770802894676,0.9411764705882353,0,0,0,0,0,0,0,0,0,0,0,0,0,0,0,1,0,0,0,0,0,0,0,0,0,0,0,0,0,0,0,0,0,0,0,0,0,0,0,0,0,0
94291110,after,2026-07-07 10:41:18,2026-07-07 10:41:00,2026-07-07 12:07:00,0.1989593753117934,1.0,0,0,0,0,0,0,0,0,0,0,0,0,0,0,0,0,0,0,0,0,0,0,0,0,0,0,0,0,0,0,0,0,0,0,0,0,0,0,0,0,0,0
94292496,before,2026-07-07 11:45:26,2026-07-07 11:45:00,2026-07-07 10:55:00,0.12753060973224195,1.0,0,0,0,0,0,0,0,0,0,0,0,0,0,0,0,0,0,0,0,0,0,0,0,0,0,0,0,0,0,0,0,0,0,0,1,1,1,0,0,0,0,0
94292496,after,2026-07-07 11:45:26,2026-07-07 11:45:00,2026-07-07 11:58:00,0.10555114693577779,1.0,0,0,0,0,0,0,0,0,0,0,0,0,0,0,0,0,0,0,0,0,0,0,0,0,0,0,0,0,0,0,0,0,0,0,1,0,1,0,0,0,0,0
94339039,before,2026-07-08 08:08:25,2026-07-08 08:08:00,2026-07-08 07:10:00,0.3595055867786385,0.8235294117647058,0,1,0,0,0,0,0,0,0,0,0,0,0,0,0,0,0,0,0,0,0,1,0,0,1,0,0,0,0,0,0,0,0,0,0,1,0,0,0,0,0,0
94339039,after,2026-07-08 08:08:25,2026-07-08 08:08:00,2026-07-08 09:15:00,0.34426016024704303,0.7647058823529411,0,1,0,0,0,1,0,0,0,0,0,0,0,0,0,0,0,0,0,0,0,1,0,0,1,0,0,0,0,0,0,0,0,0,0,1,0,1,0,0,0,0
94351863,before,2026-07-08 14:04:59,2026-07-08 14:04:00,2026-07-08 14:02:00,0.08229962689107809,0.9411764705882353,0,0,0,0,0,0,0,0,0,0,0,0,0,0,1,0,0,0,0,0,0,0,0,0,0,0,0,0,0,0,0,0,0,0,0,0,0,0,0,0,0,0
94351863,after,2026-07-08 14:04:59,2026-07-08 14:04:00,2026-07-08 14:24:00,0.08520741276754629,0.8823529411764706,0,0,0,0,0,0,0,0,0,0,0,0,0,0,1,0,0,0,0,0,0,0,0,0,0,0,0,1,0,0,0,0,0,0,0,0,0,0,0,0,0,0
94375434,before,2026-07-09 07:39:07,2026-07-09 07:39:00,2026-07-09 07:36:00,0.129258795166803,1.0,0,0,0,0,0,0,0,0,0,0,0,0,0,0,0,0,0,0,0,0,0,0,0,0,0,0,0,0,0,0,0,0,0,0,0,0,0,0,0,0,0,0
94375434,after,2026-07-09 07:39:07,2026-07-09 07:39:00,2026-07-09 07:56:00,0.168326621413606,0.9411764705882353,0,0,0,0,0,0,0,0,0,0,0,0,0,0,0,0,0,0,0,0,0,0,0,0,0,1,0,0,0,0,0,0,0,0,0,0,0,0,0,0,0,0
94382823,before,2026-07-09 10:15:32,2026-07-09 10:15:00,2026-07-09 10:06:00,0.34000529459419154,0.7058823529411765,0,0,1,0,0,0,1,0,0,0,0,0,0,0,0,1,0,1,0,0,0,0,1,0,0,0,0,0,0,0,0,0,0,0,1,0,1,0,0,0,0,0
94382823,after,2026-07-09 10:15:32,2026-07-09 10:15:00,2026-07-09 11:14:00,0.18466230577774426,0.8235294117647058,0,0,1,0,0,0,1,0,0,0,0,0,0,0,0,0,0,0,0,0,0,0,1,0,0,0,0,0,0,0,0,0,0,0,1,0,1,0,0,0,0,0
94425120,before,2026-07-10 08:49:00,2026-07-10 08:49:00,2026-07-10 08:47:00,0.04602486735918205,1.0,0,0,0,0,0,0,0,0,0,0,0,0,0,0,0,0,0,0,0,0,0,0,0,0,0,0,0,0,0,0,0,0,0,0,0,0,0,0,0,0,0,0
94425120,after,2026-07-10 08:49:00,2026-07-10 08:49:00,2026-07-10 09:31:00,0.14466802873266868,1.0,0,0,0,0,0,0,0,0,0,0,0,0,0,0,0,0,0,0,0,0,0,0,0,0,0,0,0,0,0,0,0,0,0,0,0,0,0,0,0,0,0,0
94467306,before,2026-07-13 08:16:27,2026-07-13 08:16:00,2026-07-13 08:01:00,0.4814910961620981,0.9411764705882353,0,0,0,0,0,0,0,0,0,0,0,0,0,0,0,1,1,1,0,0,0,0,0,0,0,0,0,0,0,0,0,0,0,0,0,0,0,0,0,0,0,0
94467306,after,2026-07-13 08:16:27,2026-07-13 08:16:00,2026-07-13 08:50:00,0.3388365082175546,0.8823529411764706,0,0,0,0,0,0,0,0,0,0,0,0,0,0,0,1,1,0,0,0,0,0,0,0,0,0,0,0,0,0,0,0,0,0,0,1,0,0,0,0,0,0
94482317,before,2026-07-13 15:43:27,2026-07-13 15:43:00,2026-07-13 15:28:00,0.14973559552197763,1.0,0,0,0,0,0,0,0,0,0,0,0,0,0,0,0,0,0,0,0,0,0,0,0,0,0,0,0,0,0,0,0,0,0,0,0,0,0,0,0,0,0,0
94482317,after,2026-07-13 15:43:27,2026-07-13 15:43:00,2026-07-13 15:59:00,0.2047830172888743,0.9411764705882353,0,0,0,0,0,0,0,0,0,0,0,0,0,0,0,1,0,0,0,0,0,0,0,0,0,0,0,0,0,0,0,0,0,0,0,0,0,0,0,0,0,0
94517647,before,2026-07-14 07:51:04,2026-07-14 07:51:00,2026-07-14 07:11:00,0.3823082472517297,0.9411764705882353,0,0,1,1,0,0,0,1,0,0,0,0,0,0,0,0,0,0,0,0,0,0,1,1,0,0,0,0,0,0,0,0,0,0,0,0,0,0,0,0,0,0
94517647,after,2026-07-14 07:51:04,2026-07-14 07:51:00,2026-07-14 09:23:00,0.325201922303291,0.9411764705882353,0,0,1,1,0,0,0,1,0,0,0,0,0,0,0,0,0,0,0,0,0,0,1,1,0,0,0,0,0,0,0,0,0,0,0,0,0,0,0,0,0,0
94518850,before,2026-07-14 08:30:53,2026-07-14 08:30:00,2026-07-14 08:04:00,0.1666591199986364,1.0,0,0,0,0,0,0,0,0,0,0,0,0,0,0,0,0,0,0,0,0,0,0,0,0,0,0,0,0,0,0,0,0,0,0,1,0,1,0,1,0,0,0
94518850,after,2026-07-14 08:30:53,2026-07-14 08:30:00,2026-07-14 09:10:00,0.2543857089202511,1.0,0,0,0,0,0,0,0,0,0,0,0,0,0,0,0,0,0,0,0,0,0,0,0,0,0,0,0,0,0,0,0,0,0,0,1,1,1,0,1,0,0,0
94571902,before,2026-07-15 08:31:12,2026-07-15 08:31:00,2026-07-15 07:35:00,0.23839286185057237,0.7058823529411765,0,0,0,1,0,0,0,0,0,0,0,0,0,0,0,1,0,1,0,0,0,0,0,1,0,0,1,0,0,0,0,0,0,0,0,1,0,0,0,0,0,0
94571902,after,2026-07-15 08:31:12,2026-07-15 08:31:00,2026-07-15 08:33:00,0.22005899040182295,0.8235294117647058,0,0,0,0,0,0,0,0,0,0,0,0,0,0,0,1,0,0,0,0,0,0,0,0,0,1,1,0,0,0,0,0,0,0,0,0,0,0,0,0,0,0
94588522,before,2026-07-15 15:13:35,2026-07-15 15:13:00,2026-07-15 15:11:00,0.19241865240430306,0.9411764705882353,0,0,0,0,0,0,0,0,0,0,0,0,0,0,0,0,0,0,0,0,0,0,0,0,0,0,0,1,0,0,0,0,0,0,0,0,0,0,0,0,0,0
94588522,after,2026-07-15 15:13:35,2026-07-15 15:13:00,2026-07-15 15:28:00,0.1433406542720384,0.9411764705882353,0,0,0,0,0,0,0,0,0,0,0,0,0,0,0,0,0,0,0,0,0,0,0,0,0,0,0,1,0,0,0,0,0,0,0,0,0,0,0,0,0,0
94627775,before,2026-07-16 08:45:23,2026-07-16 08:45:00,2026-07-16 08:34:00,0.22524269167894942,0.8235294117647058,1,0,0,0,1,0,0,0,0,0,0,0,0,0,0,0,0,0,0,0,1,0,0,0,0,0,0,0,0,0,0,0,0,0,1,0,1,0,0,0,0,0
94627775,after,2026-07-16 08:45:23,2026-07-16 08:45:00,2026-07-16 09:03:00,0.20496585902878772,0.9411764705882353,1,1,0,0,1,0,0,0,0,0,0,0,0,0,0,0,0,0,0,0,1,1,0,0,0,0,0,0,0,0,0,0,0,0,1,0,1,0,0,0,0,0
94694698,before,2026-07-17 09:35:22,2026-07-17 09:35:00,2026-07-17 09:29:00,0.13418948673723013,1.0,0,0,0,0,0,0,0,0,0,0,0,0,0,0,0,0,0,0,0,0,0,0,0,0,0,0,0,0,0,0,0,0,0,0,1,0,0,0,0,0,0,0
94694698,after,2026-07-17 09:35:22,2026-07-17 09:35:00,2026-07-17 10:04:00,0.28377287190894995,0.8235294117647058,0,1,0,0,0,1,0,0,0,0,0,0,0,0,0,0,0,0,0,0,0,1,0,0,0,0,0,0,0,0,0,0,0,0,1,0,0,0,0,0,0,0
94754184,before,2026-07-20 11:10:48,2026-07-20 11:10:00,2026-07-20 11:08:00,0.08858069364911737,0.9411764705882353,0,0,0,0,0,0,0,0,0,0,0,0,0,0,1,0,0,0,0,0,0,0,0,0,0,0,0,0,0,0,0,0,0,0,1,0,0,0,0,0,0,0
94754184,after,2026-07-20 11:10:48,2026-07-20 11:10:00,2026-07-20 11:44:00,0.2098649907795513,0.9411764705882353,0,0,0,0,0,0,0,0,0,0,0,0,0,0,1,0,0,0,0,0,0,0,0,0,0,0,0,0,0,0,0,0,0,0,1,0,0,0,0,0,0,0
94775324,before,2026-07-20 17:51:46,2026-07-20 17:51:00,2026-07-20 17:34:00,0.06921595949846805,0.8823529411764706,0,0,0,0,0,0,0,0,0,0,0,0,1,0,0,0,0,0,0,0,0,0,0,0,0,1,0,0,0,0,0,0,0,0,0,0,0,0,0,0,0,0
94775324,after,2026-07-20 17:51:46,2026-07-20 17:51:00,2026-07-20 17:54:00,0.31807989952749627,0.9411764705882353,0,0,0,0,0,0,0,0,0,0,0,0,1,0,0,0,0,0,0,0,0,0,0,0,0,0,0,0,0,0,0,0,0,0,0,0,0,0,0,0,0,0
94810342,before,2026-07-21 09:41:33,2026-07-21 09:41:00,2026-07-21 09:31:00,0.0889892523082955,1.0,0,0,0,0,0,0,0,0,0,0,0,0,0,0,0,0,0,0,0,0,0,0,0,0,0,0,0,0,0,0,0,0,0,0,0,0,0,0,0,0,0,0
94810342,after,2026-07-21 09:41:33,2026-07-21 09:41:00,2026-07-21 09:57:00,0.11106825996005018,1.0,0,0,0,0,0,0,0,0,0,0,0,0,0,0,0,0,0,0,0,0,0,0,0,0,0,0,0,0,0,0,0,0,0,0,0,0,0,0,0,0,0,0
94842197,before,2026-07-21 19:41:05,2026-07-21 19:41:00,2026-07-21 19:31:00,0.056248628224538126,1.0,0,0,0,0,0,0,0,0,0,0,0,0,0,0,0,0,0,0,0,0,0,0,0,0,0,0,0,0,0,0,0,0,0,0,0,0,0,0,0,0,0,0
94842197,after,2026-07-21 19:41:05,2026-07-21 19:41:00,2026-07-21 19:51:00,0.16977072357085704,1.0,0,0,0,0,0,0,0,0,0,0,0,0,0,0,0,0,0,0,0,0,0,0,0,0,0,0,0,0,0,0,0,0,0,0,0,0,0,0,0,0,0,0
94864297,after,2026-07-22 07:00:59,2026-07-22 07:00:00,2026-07-22 07:10:00,0.11141065471798278,1.0,0,0,0,0,0,0,0,0,0,0,0,0,0,0,0,0,0,0,0,0,0,0,0,0,0,0,0,0,0,0,0,0,0,0,1,1,1,0,1,0,1,0
94908427,before,2026-07-22 22:54:35,2026-07-22 22:54:00,2026-07-22 22:52:00,0.16210580312455555,0.8235294117647058,0,0,0,1,0,0,0,0,0,0,0,0,0,0,0,0,0,0,0,0,0,0,0,1,0,0,1,0,0,0,0,0,0,0,0,0,0,0,0,0,0,0
94908427,after,2026-07-22 22:54:35,2026-07-22 22:54:00,2026-07-22 22:56:00,0.04359023264882485,0.9411764705882353,0,0,0,0,0,0,0,0,0,0,0,0,0,0,0,0,0,0,0,0,0,0,0,0,0,0,1,0,0,0,0,0,0,0,0,0,0,0,0,0,0,0
94927689,before,2026-07-23 07:48:08,2026-07-23 07:48:00,2026-07-23 07:12:00,0.1370273502924827,1.0,0,0,0,0,0,0,0,0,0,0,0,0,0,0,0,0,0,0,0,0,0,0,0,0,0,0,0,0,0,0,0,0,0,0,0,0,0,0,0,0,0,0
94927689,after,2026-07-23 07:48:08,2026-07-23 07:48:00,2026-07-23 08:05:00,0.10778402681146088,0.9411764705882353,0,0,0,0,0,0,0,0,0,0,0,0,0,0,0,0,0,0,0,0,0,0,0,0,0,0,0,1,0,0,0,0,0,0,0,1,0,0,0,0,0,0
94942223,before,2026-07-23 12:20:23,2026-07-23 12:20:00,2026-07-23 11:54:00,0.20204527054345106,0.9411764705882353,0,0,0,0,0,0,0,0,0,0,0,0,0,0,1,1,1,0,0,0,0,0,0,0,0,0,0,0,0,0,0,0,0,0,1,0,0,0,0,0,0,0
94942223,after,2026-07-23 12:20:23,2026-07-23 12:20:00,2026-07-23 12:46:00,0.1392878057103649,0.8235294117647058,0,1,0,0,0,0,0,0,0,0,0,0,0,0,1,1,1,0,0,0,0,1,0,0,0,0,0,0,0,0,0,0,0,0,1,0,0,0,0,0,0,0
94986774,before,2026-07-24 08:50:08,2026-07-24 08:50:00,2026-07-24 08:26:00,0.17291474114910452,0.9411764705882353,0,0,0,0,0,0,0,0,0,0,0,0,0,0,0,1,0,0,0,0,0,0,0,0,0,0,0,0,0,0,0,0,0,0,1,0,0,0,0,0,0,0
94986774,after,2026-07-24 08:50:08,2026-07-24 08:50:00,2026-07-24 09:10:00,0.2398609365667032,0.8823529411764706,0,1,0,0,0,0,0,0,0,0,0,0,0,0,0,0,0,0,0,0,0,1,0,0,0,0,0,0,0,0,0,0,0,0,1,1,0,0,0,0,0,0
94991858,before,2026-07-24 10:35:14,2026-07-24 10:35:00,2026-07-24 10:22:00,0.1376362603329323,0.8823529411764706,1,1,0,0,1,1,0,0,1,0,0,0,0,0,0,0,0,0,0,0,1,0,0,0,0,0,0,0,0,0,0,0,0,0,1,0,0,0,0,0,0,0
94991858,after,2026-07-24 10:35:14,2026-07-24 10:35:00,2026-07-24 11:30:00,0.31832474522268084,0.8823529411764706,1,1,0,0,1,1,0,0,1,0,0,0,0,0,0,0,0,1,0,0,1,1,0,0,0,0,0,0,0,0,0,0,0,0,1,1,0,1,0,1,0,0
95047920,before,2026-07-27 07:18:11,2026-07-27 07:18:00,2026-07-27 07:10:00,0.2958659242848263,0.9411764705882353,0,0,1,1,0,0,1,0,0,0,0,0,0,0,0,0,0,0,0,0,0,0,1,1,0,0,0,0,0,0,0,0,0,0,0,1,0,0,0,0,0,0
95047920,after,2026-07-27 07:18:11,2026-07-27 07:18:00,2026-07-27 08:30:00,0.19412303385755067,0.8235294117647058,0,0,1,0,0,0,1,0,0,0,0,0,0,0,0,0,0,0,0,0,0,0,1,0,0,0,0,0,0,0,0,0,0,0,0,1,0,1,0,1,0,0
95072289,before,2026-07-27 16:33:09,2026-07-27 16:33:00,2026-07-27 16:31:00,0.1823747670776473,0.9411764705882353,0,0,0,0,0,0,0,0,0,0,0,0,0,0,0,0,0,0,0,0,0,0,0,0,0,0,1,0,0,0,0,0,0,0,0,0,0,0,0,0,0,0
95072289,after,2026-07-27 16:33:09,2026-07-27 16:33:00,2026-07-27 17:01:00,0.29174237388360186,0.9411764705882353,0,0,0,0,0,0,0,0,0,0,0,0,0,0,0,0,0,0,0,0,0,0,0,0,0,0,1,0,0,0,0,0,0,0,0,0,0,0,0,0,0,0
95107372,before,2026-07-28 07:47:22,2026-07-28 07:47:00,2026-07-28 07:44:00,0.114092057599916,0.9411764705882353,0,0,0,0,0,0,0,0,0,0,0,0,0,0,0,0,0,0,0,0,0,0,0,0,0,1,0,0,0,0,0,0,0,0,0,0,0,0,0,0,0,0
95107372,after,2026-07-28 07:47:22,2026-07-28 07:47:00,2026-07-28 08:22:00,0.18654190824230255,1.0,0,0,0,0,0,0,0,0,0,0,0,0,0,0,0,0,0,0,0,0,0,0,0,0,0,0,0,0,0,0,0,0,0,0,0,0,0,0,0,0,0,0
95168933,before,2026-07-29 07:20:48,2026-07-29 07:20:00,2026-07-29 07:10:00,0.0608542717803379,1.0,0,0,0,0,0,0,0,0,0,0,0,0,0,0,0,0,0,0,0,0,0,0,0,0,0,0,0,0,0,0,0,0,0,0,1,1,0,0,0,0,0,0
95168933,after,2026-07-29 07:20:48,2026-07-29 07:20:00,2026-07-29 07:22:00,0.2110076979104342,1.0,0,0,0,0,0,0,0,0,0,0,0,0,0,0,0,0,0,0,0,0,0,0,0,0,0,0,0,0,0,0,0,0,0,0,1,0,0,0,0,0,0,0
95248660,before,2026-07-29 23:00:54,2026-07-29 23:00:00,2026-07-29 22:58:00,0.884763150567598,0.7647058823529411,0,0,1,0,0,0,1,0,0,0,0,0,0,0,0,0,0,0,0,0,0,0,1,0,0,0,0,1,0,0,0,0,0,0,1,0,1,0,1,0,1,0
95248660,after,2026-07-29 23:00:54,2026-07-29 23:00:00,2026-07-29 23:03:00,0.8359550101266314,0.8235294117647058,0,0,1,0,0,0,1,0,0,0,0,0,0,0,0,0,0,0,0,0,0,0,1,0,0,0,0,0,0,0,0,0,0,0,1,0,1,0,1,0,1,0
95298275,before,2026-07-30 12:32:41,2026-07-30 12:32:00,2026-07-30 11:51:00,0.29533503297207814,1.0,0,0,0,0,0,0,0,0,0,0,0,0,0,0,0,0,0,0,0,0,0,0,0,0,0,0,1,1,0,0,0,0,0,0,0,0,0,0,0,0,0,0
95298275,after,2026-07-30 12:32:41,2026-07-30 12:32:00,2026-07-30 12:59:00,0.19925218244885376,1.0,0,0,0,0,0,0,0,0,0,0,0,0,0,0,0,0,0,0,0,0,0,0,0,0,0,0,1,1,0,0,0,0,0,0,0,0,0,0,0,0,0,0
95369124,before,2026-07-31 07:51:51,2026-07-31 07:51:00,2026-07-31 07:48:00,0.33876841682163195,0.8235294117647058,0,0,0,1,0,0,0,0,0,0,0,0,0,0,0,0,0,0,0,0,0,0,0,1,0,0,1,0,0,0,0,0,0,0,0,0,0,0,0,0,0,0
95369124,after,2026-07-31 07:51:51,2026-07-31 07:51:00,2026-07-31 08:48:00,0.22594037706753556,1.0,0,0,0,0,0,0,0,0,0,0,0,0,0,0,0,0,0,0,0,0,0,0,0,0,0,0,1,1,0,0,0,0,0,0,0,0,0,0,0,0,0,0
95443868,before,2026-08-03 08:03:06,2026-08-03 08:03:00,2026-08-03 07:58:00,0.2373463817313969,0.8235294117647058,0,0,0,1,0,0,0,1,0,0,0,0,0,0,0,0,0,0,0,0,0,0,0,1,0,0,0,0,0,0,0,0,0,0,0,0,0,0,0,0,0,0
95443868,after,2026-08-03 08:03:06,2026-08-03 08:03:00,2026-08-03 08:09:00,0.18856885614011343,0.9411764705882353,0,0,0,0,0,0,0,0,0,0,0,0,0,0,0,0,0,0,0,0,0,0,0,0,0,0,0,1,0,0,0,0,0,0,0,0,0,0,0,0,0,0
95511070,before,2026-08-04 08:06:17,2026-08-04 08:06:00,2026-08-04 08:04:00,0.06080926009847414,0.9411764705882353,0,0,0,0,0,0,0,0,0,0,0,0,0,0,0,1,0,0,0,0,0,0,0,0,0,0,1,1,0,0,0,0,0,0,0,0,0,0,0,0,0,0
95511070,after,2026-08-04 08:06:17,2026-08-04 08:06:00,2026-08-04 08:42:00,0.18919577873556423,0.9411764705882353,0,0,0,0,0,0,0,0,0,0,0,0,0,0,0,0,0,0,0,0,0,0,0,0,0,0,1,0,0,0,0,0,0,0,0,0,0,0,0,0,0,0
95576013,before,2026-08-04 21:47:35,2026-08-04 21:47:00,2026-08-04 21:41:00,0.2535033865635186,1.0,0,0,0,0,0,0,0,0,0,0,0,0,0,0,0,0,0,0,0,0,0,0,0,0,0,0,0,0,0,0,0,0,0,0,0,0,0,0,0,0,0,0
95576013,after,2026-08-04 21:47:35,2026-08-04 21:47:00,2026-08-04 22:56:00,0.25197713244314446,0.8235294117647058,0,0,0,1,0,0,0,1,0,0,0,0,0,0,0,0,0,0,0,0,0,0,0,1,0,0,0,0,0,0,0,0,0,0,0,0,0,0,0,0,0,0
95598021,before,2026-08-05 07:50:18,2026-08-05 07:50:00,2026-08-05 07:45:00,0.2074844787041173,0.8235294117647058,0,0,1,0,0,0,1,0,0,0,0,0,0,0,0,0,0,0,0,0,0,0,1,0,0,0,0,0,0,0,0,0,0,0,1,1,0,1,0,0,0,0
95598021,after,2026-08-05 07:50:18,2026-08-05 07:50:00,2026-08-05 07:53:00,0.2453207757419698,0.8235294117647058,0,0,1,0,0,0,1,0,0,0,0,0,0,0,0,0,0,0,0,0,0,0,1,0,0,0,0,0,0,0,0,0,0,0,1,0,0,0,0,0,0,0
95612645,before,2026-08-05 11:44:22,2026-08-05 11:44:00,2026-08-05 10:56:00,0.24721188053095636,0.8235294117647058,1,0,0,0,1,0,0,0,0,0,0,0,0,0,1,1,1,1,0,0,1,0,0,0,0,0,0,0,0,0,0,0,0,0,0,0,0,0,0,0,0,0
95612645,after,2026-08-05 11:44:22,2026-08-05 11:44:00,2026-08-05 12:08:00,0.3010746877778329,0.8823529411764706,1,1,0,0,1,1,0,0,0,0,0,0,0,0,1,0,1,0,0,0,1,1,0,0,0,0,0,0,0,0,0,0,0,0,0,0,0,0,0,0,0,0
95709969,before,2026-08-06 07:35:50,2026-08-06 07:35:00,2026-08-06 07:24:00,0.27189907665518603,1.0,0,0,0,0,0,0,0,0,0,0,0,0,0,0,0,0,0,0,0,0,0,0,0,0,0,0,0,0,0,0,0,0,0,0,1,0,0,0,0,0,0,0
95709969,after,2026-08-06 07:35:50,2026-08-06 07:35:00,2026-08-06 08:17:00,0.21833947903454645,1.0,0,0,0,0,0,0,0,0,0,0,0,0,0,0,0,0,0,0,0,0,0,0,0,0,0,0,0,0,0,0,0,0,0,0,1,0,0,0,0,0,0,0
95773198,before,2026-08-06 20:23:51,2026-08-06 20:23:00,2026-08-06 20:18:00,0.15585888669643325,0.7647058823529411,0,0,1,0,0,0,1,0,0,0,0,0,0,0,0,0,0,0,0,0,0,0,1,0,0,0,0,1,0,0,0,0,0,0,0,0,0,0,0,0,0,0
95773198,after,2026-08-06 20:23:51,2026-08-06 20:23:00,2026-08-06 20:25:00,0.1407034331346113,0.8235294117647058,0,0,1,0,0,0,1,0,0,0,0,0,0,0,0,0,0,0,0,0,0,0,1,0,0,0,0,0,0,0,0,0,0,0,0,1,0,0,0,0,0,0
95800620,before,2026-08-07 08:08:00,2026-08-07 08:08:00,2026-08-07 08:02:00,0.15476591530520717,0.8235294117647058,0,0,0,1,0,0,0,0,0,0,0,0,0,0,0,0,0,0,0,0,0,0,0,1,0,0,1,0,0,0,0,0,0,0,0,0,0,0,0,0,0,0
95800620,after,2026-08-07 08:08:00,2026-08-07 08:08:00,2026-08-07 08:29:00,0.23524097431563712,0.8235294117647058,0,0,0,1,0,0,0,0,0,0,0,0,0,0,0,0,0,0,0,0,0,0,0,1,0,0,1,0,0,0,0,0,0,0,0,0,0,0,0,0,0,0
95918631,before,2026-08-10 07:10:04,2026-08-10 07:10:00,2026-08-10 07:01:00,0.15015311394816383,0.9411764705882353,0,0,0,0,0,0,0,0,0,0,0,0,0,0,0,0,0,0,0,0,0,0,0,0,0,1,0,0,0,0,0,0,0,0,1,0,0,0,0,0,0,0
95918631,after,2026-08-10 07:10:04,2026-08-10 07:10:00,2026-08-10 07:55:00,0.17911169727038687,0.9411764705882353,0,0,0,0,0,0,0,0,0,0,0,0,0,0,0,0,0,0,0,0,0,0,0,0,0,1,0,0,0,0,0,0,0,0,1,1,0,0,0,0,0,0
96004348,before,2026-08-11 07:58:04,2026-08-11 07:58:00,2026-08-11 07:49:00,0.11455091376097364,1.0,0,0,0,0,0,0,0,0,0,0,0,0,0,0,0,0,0,0,0,0,0,0,0,0,0,0,0,0,0,0,0,0,0,0,0,0,0,0,0,0,0,0
96004348,after,2026-08-11 07:58:04,2026-08-11 07:58:00,2026-08-11 08:08:00,0.16820298880644333,1.0,0,0,0,0,0,0,0,0,0,0,0,0,0,0,0,0,0,0,0,0,0,0,0,0,0,0,0,0,0,0,0,0,0,0,0,0,0,0,0,0,0,0
96024216,before,2026-08-11 11:51:13,2026-08-11 11:51:00,2026-08-11 11:34:00,0.28672376079437517,1.0,0,0,0,0,0,0,0,0,0,0,0,0,0,0,0,0,0,0,0,0,0,0,0,0,1,1,0,0,0,0,0,0,0,0,0,0,0,0,0,0,0,0
96024216,after,2026-08-11 11:51:13,2026-08-11 11:51:00,2026-08-11 12:49:00,0.3041894826819829,0.8823529411764706,0,0,0,0,0,0,0,0,0,0,0,0,0,0,0,1,0,0,0,0,0,0,0,0,1,0,0,0,0,0,0,0,0,0,0,0,0,0,0,0,0,0
96113042,before,2026-08-12 15:00:05,2026-08-12 15:00:00,2026-08-12 14:49:00,0.12806124096715707,1.0,0,0,0,0,0,0,0,0,0,0,0,0,0,0,1,1,0,0,0,0,0,0,0,0,0,0,0,0,0,0,0,0,0,0,1,0,1,0,1,0,1,0
96113042,after,2026-08-12 15:00:05,2026-08-12 15:00:00,2026-08-12 15:14:00,0.19202967679272856,0.9411764705882353,0,0,0,0,0,0,0,0,0,0,0,0,0,0,1,0,0,0,0,0,0,0,0,0,0,0,0,0,0,0,0,0,0,0,1,0,1,0,1,0,1,0
96202433,before,2026-08-13 08:13:29,2026-08-13 08:13:00,2026-08-13 07:32:00,0.20482233335830638,0.9411764705882353,1,1,0,0,1,1,0,0,0,0,0,0,0,0,0,0,0,0,0,0,1,0,0,0,0,0,0,0,0,0,0,0,0,0,0,0,0,0,0,0,0,0
96202433,after,2026-08-13 08:13:29,2026-08-13 08:13:00,2026-08-13 08:18:00,0.22103167561934248,0.8235294117647058,1,0,0,0,1,0,0,0,0,0,0,0,0,0,0,0,0,0,0,0,1,0,0,0,0,0,0,0,0,0,0,0,0,0,0,0,0,0,0,0,0,0
96325914,before,2026-08-14 08:00:52,2026-08-14 08:00:00,2026-08-14 07:17:00,0.2067461054439068,0.7647058823529411,1,0,0,0,1,0,0,0,0,0,0,0,0,0,0,0,1,0,0,0,0,0,0,0,0,1,0,0,0,0,0,0,0,0,1,0,1,0,1,0,1,0
96325914,after,2026-08-14 08:00:52,2026-08-14 08:00:00,2026-08-14 08:58:00,0.31829286611966956,0.8235294117647058,1,0,0,0,1,0,0,0,0,0,0,0,0,0,0,0,1,0,0,0,0,0,0,0,0,0,0,0,0,0,0,0,0,0,1,0,1,0,1,0,1,0
96332229,before,2026-08-14 08:50:02,2026-08-14 08:50:00,2026-08-14 08:39:00,0.13391801677026025,0.8235294117647058,0,1,0,0,0,1,0,0,0,0,0,0,0,0,0,0,0,0,0,0,0,1,0,0,0,0,0,0,0,0,0,0,0,0,1,0,0,0,0,0,0,0
96332229,after,2026-08-14 08:50:02,2026-08-14 08:50:00,2026-08-14 08:54:00,0.3362410712163458,0.8235294117647058,0,1,0,0,0,1,0,0,0,0,0,0,0,0,0,0,0,0,0,0,0,1,0,0,0,0,0,0,0,0,0,0,0,0,1,0,0,0,0,0,0,0
96391293,before,2026-08-17 07:49:26,2026-08-17 07:49:00,2026-08-17 07:45:00,0.12746069038668692,1.0,0,0,0,0,0,0,0,0,0,0,0,0,0,0,0,0,0,0,0,0,0,0,0,0,1,1,0,0,0,0,0,0,0,0,0,1,0,1,0,0,0,0
96391293,after,2026-08-17 07:49:26,2026-08-17 07:49:00,2026-08-17 07:53:00,0.23543572708002142,0.9411764705882353,0,0,0,0,0,0,0,0,0,0,0,0,0,0,0,0,0,0,0,0,0,0,0,0,1,0,0,0,0,0,0,0,0,0,0,0,0,0,0,0,0,0
96484066,before,2026-08-18 06:00:51,2026-08-18 06:00:00,2026-08-18 05:26:00,0.2220363358234246,1.0,0,0,0,0,0,0,0,0,0,0,0,0,0,0,0,0,0,0,0,0,0,0,0,0,0,0,0,0,0,0,0,0,0,0,1,0,1,0,1,0,1,0
96484066,after,2026-08-18 06:00:51,2026-08-18 06:00:00,2026-08-18 06:08:00,0.23816952695173974,1.0,0,0,0,0,0,0,0,0,0,0,0,0,0,0,0,0,0,0,0,0,0,0,0,0,0,0,0,0,0,0,0,0,0,0,1,0,1,0,1,0,1,0
96566692,before,2026-08-19 08:06:43,2026-08-19 08:06:00,2026-08-19 08:04:00,0.1456193702896139,1.0,0,0,0,0,0,0,0,0,0,0,0,0,0,0,0,0,0,0,0,0,0,0,0,0,0,0,0,0,0,0,0,0,0,0,0,0,0,0,0,0,0,0
96566692,after,2026-08-19 08:06:43,2026-08-19 08:06:00,2026-08-19 09:46:00,0.2684285904821955,1.0,0,0,0,0,0,0,0,0,0,0,0,0,0,0,0,0,0,0,0,0,0,0,0,0,0,0,0,0,0,0,0,0,0,0,0,0,0,0,0,0,0,0
96653069,before,2026-08-20 08:03:17,2026-08-20 08:03:00,2026-08-20 07:56:00,0.1725891922608495,0.9411764705882353,0,0,0,0,0,0,0,0,0,0,0,0,0,0,1,0,0,0,0,0,0,0,0,0,0,0,0,0,0,0,0,0,0,0,0,0,0,0,0,0,0,0
96653069,after,2026-08-20 08:03:17,2026-08-20 08:03:00,2026-08-20 08:10:00,0.10583848789499843,0.9411764705882353,0,0,0,0,0,0,0,0,0,0,0,0,0,0,1,0,0,0,0,0,0,0,0,0,0,0,0,0,0,0,0,0,0,0,0,1,0,0,0,0,0,0
96756936,before,2026-08-21 08:11:26,2026-08-21 08:11:00,2026-08-21 08:02:00,0.07561184778920313,0.7058823529411765,0,0,0,1,0,0,0,1,0,0,0,0,0,0,0,0,0,1,0,0,0,0,0,1,0,0,1,0,0,0,0,0,0,0,0,0,0,0,0,0,0,0
96756936,after,2026-08-21 08:11:26,2026-08-21 08:11:00,2026-08-21 08:27:00,0.21790597966093936,0.9411764705882353,0,0,0,0,0,0,0,0,0,0,0,0,0,0,0,0,0,0,0,0,0,0,0,0,0,0,1,0,0,0,0,0,0,0,0,0,0,0,0,0,0,0
96882975,before,2026-08-24 07:34:43,2026-08-24 07:34:00,2026-08-24 07:06:00,0.2451467290013237,0.9411764705882353,0,0,1,1,0,0,1,1,0,0,0,0,0,0,0,0,1,1,1,0,0,0,1,1,0,0,0,0,0,0,0,0,0,0,0,0,0,0,0,0,0,0
96882975,after,2026-08-24 07:34:43,2026-08-24 07:34:00,2026-08-24 08:30:00,0.3232583482982549,0.9411764705882353,0,0,1,1,0,0,1,1,0,0,0,0,0,0,0,0,1,1,1,0,0,0,1,1,0,0,0,0,0,0,0,0,0,0,0,1,0,1,0,1,0,0
97042659,before,2026-08-25 08:04:19,2026-08-25 08:04:00,2026-08-25 07:54:00,0.14855472225044095,0.9411764705882353,0,0,0,0,0,0,0,0,0,0,0,0,0,0,0,0,0,0,0,0,0,0,0,0,0,1,0,0,0,0,0,0,0,0,0,0,0,0,0,0,0,0
97042659,after,2026-08-25 08:04:19,2026-08-25 08:04:00,2026-08-25 08:48:00,0.3671486363323963,1.0,0,0,0,0,0,0,0,0,0,0,0,0,0,0,0,0,0,0,0,0,0,0,0,0,0,0,0,0,0,0,0,0,0,0,0,0,0,0,0,0,0,0
97143853,before,2026-08-25 20:27:24,2026-08-25 20:27:00,2026-08-25 19:55:00,0.1994084428190336,1.0,0,0,0,0,0,0,0,0,0,0,0,0,0,0,1,1,0,0,0,0,0,0,0,0,0,0,0,0,0,0,0,0,0,0,0,1,0,0,0,0,0,0
97143853,after,2026-08-25 20:27:24,2026-08-25 20:27:00,2026-08-25 20:41:00,0.12500116189596552,0.8823529411764706,0,0,0,0,0,0,0,0,0,0,0,0,0,0,1,0,0,0,0,0,0,0,0,0,0,1,0,0,0,0,0,0,0,0,0,0,0,0,0,0,0,0
97182841,before,2026-08-26 07:57:51,2026-08-26 07:57:00,2026-08-26 07:55:00,0.022449395849028407,1.0,0,0,0,0,0,0,0,0,0,0,0,0,0,0,1,1,0,0,0,0,0,0,0,0,0,0,0,0,0,0,0,0,0,0,0,1,0,0,0,0,0,0
97182841,after,2026-08-26 07:57:51,2026-08-26 07:57:00,2026-08-26 08:21:00,0.15073839161407063,0.9411764705882353,0,0,0,0,0,0,0,0,0,0,0,0,0,0,1,0,0,0,0,0,0,0,0,0,0,0,0,0,0,0,0,0,0,0,0,0,0,0,0,0,0,0
97352852,before,2026-08-27 11:17:10,2026-08-27 11:17:00,2026-08-27 11:13:00,0.23421000636179198,1.0,0,0,0,0,0,0,0,0,0,0,0,0,0,0,0,0,0,0,0,0,0,0,0,0,0,0,0,0,0,0,0,0,0,0,0,0,0,0,0,0,0,0
97352852,after,2026-08-27 11:17:10,2026-08-27 11:17:00,2026-08-27 11:26:00,0.16140311570697327,1.0,0,0,0,0,0,0,0,0,0,0,0,0,0,0,0,0,0,0,0,0,0,0,0,0,0,0,0,0,0,0,0,0,0,0,0,0,0,0,0,0,0,0
97451919,before,2026-08-28 08:18:43,2026-08-28 08:18:00,2026-08-28 08:16:00,0.0912558355328587,1.0,0,0,0,0,0,0,0,0,0,0,0,0,0,0,0,0,0,0,0,0,0,0,0,0,0,0,0,0,0,0,0,0,0,0,0,0,0,0,0,0,0,0
97451919,after,2026-08-28 08:18:43,2026-08-28 08:18:00,2026-08-28 08:29:00,0.2076593568008285,1.0,0,0,0,0,0,0,0,0,0,0,0,0,0,0,0,0,0,0,0,0,0,0,0,0,0,0,0,0,0,0,0,0,0,0,0,0,0,0,0,0,0,0
97638884,before,2026-08-31 08:03:50,2026-08-31 08:03:00,2026-08-31 07:57:00,0.13062619323780628,0.7647058823529411,0,1,0,0,0,1,0,0,0,0,0,0,0,0,0,0,0,0,0,0,0,1,0,0,1,0,0,0,0,0,0,0,0,0,0,0,0,0,0,0,0,0
97638884,after,2026-08-31 08:03:50,2026-08-31 08:03:00,2026-08-31 08:19:00,0.24182420303103996,0.8235294117647058,0,1,0,0,0,0,0,0,0,0,0,0,0,0,0,0,0,0,0,0,0,1,0,0,1,0,0,0,0,0,0,0,0,0,0,0,0,0,0,0,0,0
97800092,before,2026-09-01 09:00:02,2026-09-01 09:00:00,2026-09-01 08:52:00,0.365127335544446,0.7647058823529411,0,0,1,0,0,0,0,0,0,0,0,0,0,1,1,0,0,0,0,0,0,0,1,0,0,0,0,0,0,0,0,0,0,0,1,0,1,0,1,0,1,0
97800092,after,2026-09-01 09:00:02,2026-09-01 09:00:00,2026-09-01 09:07:00,0.2238063731177667,0.8235294117647058,0,0,1,0,0,0,0,0,0,0,0,0,0,0,1,0,0,0,0,0,0,0,1,0,0,0,0,0,0,0,0,0,0,0,1,0,1,0,1,0,1,0
97982386,before,2026-09-02 09:04:25,2026-09-02 09:04:00,2026-09-02 08:22:00,0.4077802240185488,0.7647058823529411,0,0,1,0,0,0,1,0,0,0,0,0,0,0,1,1,1,0,0,0,0,0,1,0,0,0,0,0,0,0,0,0,0,0,0,0,0,0,0,0,0,0
97982386,after,2026-09-02 09:04:25,2026-09-02 09:04:00,2026-09-02 09:30:00,0.16155365278629102,0.7647058823529411,0,0,1,0,0,0,1,0,0,0,0,0,0,0,1,1,1,0,0,0,0,0,1,0,0,0,0,0,0,0,0,0,0,0,0,1,0,1,0,1,0,0
98070555,before,2026-09-02 18:21:55,2026-09-02 18:21:00,2026-09-02 18:16:00,0.21657431922316633,1.0,0,0,1,1,0,0,1,1,0,0,0,0,0,0,0,0,0,0,0,0,0,0,1,1,0,0,0,0,0,0,0,0,0,0,0,0,0,0,0,0,0,0
98070555,after,2026-09-02 18:21:55,2026-09-02 18:21:00,2026-09-02 18:23:00,0.3882170936094764,0.7647058823529411,0,0,1,0,0,0,1,0,0,0,0,0,0,0,0,0,0,0,0,0,0,0,1,0,0,0,0,1,0,0,0,0,0,0,0,0,0,0,0,0,0,0
98161217,before,2026-09-03 08:48:56,2026-09-03 08:48:00,2026-09-03 08:33:00,0.22623086636232986,0.7647058823529411,0,1,0,0,0,0,0,0,0,0,0,0,0,0,0,1,0,1,0,0,0,1,0,0,0,0,0,0,0,0,0,0,0,0,0,0,0,0,0,0,0,0
98161217,after,2026-09-03 08:48:56,2026-09-03 08:48:00,2026-09-03 08:53:00,0.17545299791125474,0.9411764705882353,0,0,0,0,0,0,0,0,0,0,0,0,0,0,0,0,0,0,0,0,0,0,0,0,0,1,0,0,0,0,0,0,0,0,0,0,0,0,0,0,0,0
98188192,before,2026-09-03 12:36:09,2026-09-03 12:36:00,2026-09-03 12:10:00,0.1710658277174698,0.9411764705882353,0,0,0,0,0,0,0,0,0,0,0,0,0,0,0,0,0,0,0,0,0,0,0,0,1,0,0,0,0,0,0,0,0,0,0,1,0,0,0,0,0,0
98188192,after,2026-09-03 12:36:09,2026-09-03 12:36:00,2026-09-03 12:51:00,0.426548943723444,0.9411764705882353,0,0,0,0,0,0,0,0,0,0,0,0,0,0,0,0,0,0,0,0,0,0,0,0,1,0,0,0,0,0,0,0,0,0,0,0,0,0,0,0,0,0
98366050,before,2026-09-04 15:43:11,2026-09-04 15:43:00,2026-09-04 15:41:00,0.5137170932565889,1.0,0,0,0,0,0,0,0,0,0,0,0,0,0,0,0,0,0,0,0,0,0,0,0,0,0,0,0,0,0,0,0,0,0,0,0,0,0,0,0,0,0,0
98366050,after,2026-09-04 15:43:11,2026-09-04 15:43:00,2026-09-04 17:18:00,1.120507017169131,1.0,0,0,0,0,0,0,0,0,0,0,0,0,0,0,0,0,0,0,0,0,0,0,0,0,0,0,0,0,0,0,0,0,0,0,0,0,0,0,0,0,0,0
98440487,before,2026-09-07 10:01:54,2026-09-07 10:01:00,2026-09-07 09:50:00,0.1258707684434885,0.8823529411764706,0,0,0,0,0,0,0,0,0,0,0,0,0,0,0,1,1,0,0,0,0,0,0,0,0,0,0,0,0,0,0,0,0,0,0,1,0,0,0,0,0,0
98440487,after,2026-09-07 10:01:54,2026-09-07 10:01:00,2026-09-07 10:38:00,0.15838343814391442,0.8823529411764706,0,0,0,0,0,0,0,0,0,0,0,0,0,0,0,1,1,0,0,0,0,0,0,0,0,0,0,0,0,0,0,0,0,0,0,0,0,0,0,0,0,0
99000862,before,2026-09-08 20:07:06,2026-09-08 20:07:00,2026-09-08 20:04:00,0.16236726569886592,0.8235294117647058,0,1,0,0,0,1,0,0,0,0,0,0,0,0,0,0,0,0,0,0,0,1,0,0,0,0,0,0,0,0,0,0,0,0,0,0,0,0,0,0,0,0
99000862,after,2026-09-08 20:07:06,2026-09-08 20:07:00,2026-09-08 21:00:00,0.38220280991855854,1.0,0,0,0,0,0,0,0,0,0,0,0,0,0,0,0,0,0,0,0,0,0,0,0,0,0,0,0,0,0,0,0,0,0,0,0,1,0,1,0,1,0,1
99208828,before,2026-09-09 16:01:58,2026-09-09 16:01:00,2026-09-09 15:46:00,0.3891457641032896,0.9411764705882353,1,1,0,0,1,1,0,0,0,0,0,0,0,0,0,0,1,1,0,0,0,1,0,0,0,0,0,0,0,0,0,0,0,0,0,0,0,0,0,0,0,0
99208828,after,2026-09-09 16:01:58,2026-09-09 16:01:00,2026-09-09 16:04:00,0.3256554256273468,0.7647058823529411,1,0,0,0,1,0,0,0,0,0,0,0,0,0,0,0,1,0,0,0,0,0,0,0,0,1,0,0,0,0,0,0,0,0,0,0,0,0,0,0,0,0
99615317,before,2026-09-10 22:27:09,2026-09-10 22:27:00,2026-09-10 22:23:00,0.3537586174634344,0.8235294117647058,0,1,0,0,0,0,0,0,0,0,0,0,0,0,0,0,0,0,0,0,0,1,0,0,0,0,0,0,1,0,0,0,0,0,0,0,0,0,0,0,0,0
99615317,after,2026-09-10 22:27:09,2026-09-10 22:27:00,2026-09-10 22:57:00,0.5177911123555803,0.8823529411764706,0,0,0,0,0,0,0,0,0,0,0,0,0,0,0,1,0,0,0,0,0,0,0,0,0,0,0,0,1,0,0,0,0,0,0,0,0,0,0,0,0,0
99738973,before,2026-09-11 07:57:55,2026-09-11 07:57:00,2026-09-11 07:40:00,0.13494623252987056,1.0,0,0,0,0,0,0,0,0,0,0,0,0,0,0,0,0,0,0,0,0,0,0,0,0,0,0,0,0,0,0,0,0,0,0,0,1,0,0,0,0,0,0
99738973,after,2026-09-11 07:57:55,2026-09-11 07:57:00,2026-09-11 07:59:00,0.16086594557484846,1.0,0,0,0,0,0,0,0,0,0,0,0,0,0,0,0,0,0,0,0,0,0,0,0,0,0,0,0,0,0,0,0,0,0,0,0,0,0,0,0,0,0,0
99754992,before,2026-09-11 18:20:15,2026-09-11 18:20:00,2026-09-11 18:06:00,0.2532184521622607,1.0,0,0,0,0,0,0,0,0,0,0,0,0,0,0,0,0,0,0,0,0,0,0,0,0,0,0,0,0,0,0,0,0,0,0,1,0,0,0,0,0,0,0
99754992,after,2026-09-11 18:20:15,2026-09-11 18:20:00,2026-09-11 19:13:00,0.21258075179151834,1.0,0,0,0,0,0,0,0,0,0,0,0,0,0,0,0,0,0,0,0,0,0,0,0,0,0,0,0,0,0,0,0,0,0,0,1,0,0,0,0,0,0,0
100126875,before,2026-09-15 08:52:49,2026-09-15 08:52:00,2026-09-15 08:45:00,0.21357995544646402,0.9411764705882353,0,0,0,0,0,0,0,0,0,0,0,0,0,0,1,1,0,0,0,0,0,0,0,0,0,1,0,0,0,0,0,0,0,0,0,1,0,1,0,0,0,0
100126875,after,2026-09-15 08:52:49,2026-09-15 08:52:00,2026-09-15 08:54:00,0.13448815302079903,1.0,0,0,0,0,0,0,0,0,0,0,0,0,0,0,1,1,0,0,0,0,0,0,0,0,0,0,0,0,0,0,0,0,0,0,0,0,0,0,0,0,0,0
100453335,before,2026-09-16 09:36:42,2026-09-16 09:36:00,2026-09-16 09:32:00,0.0969838877328335,0.8823529411764706,0,0,0,1,0,0,0,0,0,0,0,0,0,0,0,0,0,0,0,0,0,0,0,0,0,0,1,0,0,0,0,0,0,0,0,0,0,0,0,0,0,0
100453335,after,2026-09-16 09:36:42,2026-09-16 09:36:00,2026-09-16 09:38:00,0.11185411455977487,0.9411764705882353,0,0,0,0,0,0,0,0,0,0,0,0,0,0,0,0,0,0,0,0,0,0,0,0,0,0,1,0,0,0,0,0,0,0,0,0,0,0,0,0,0,0
100653865,before,2026-09-17 06:00:33,2026-09-17 06:00:00,2026-09-17 05:17:00,0.2894990077973884,1.0,0,0,0,0,0,0,0,0,0,0,0,0,0,0,0,0,0,0,0,0,0,0,0,0,0,0,0,0,0,0,0,0,0,0,1,0,1,0,1,0,1,0
100653865,after,2026-09-17 06:00:33,2026-09-17 06:00:00,2026-09-17 06:02:00,0.2096974516298216,1.0,0,0,0,0,0,0,0,0,0,0,0,0,0,0,0,0,0,0,0,0,0,0,0,0,0,0,0,0,0,0,0,0,0,0,1,0,1,0,1,0,1,0
100675478,before,2026-09-17 09:20:36,2026-09-17 09:20:00,2026-09-17 09:17:00,0.23245453548044032,0.8235294117647058,0,0,0,1,0,0,0,0,0,0,0,0,0,0,1,0,0,0,0,0,0,0,0,1,0,0,0,0,0,0,0,0,0,0,1,0,0,0,0,0,0,0
100675478,after,2026-09-17 09:20:36,2026-09-17 09:20:00,2026-09-17 09:38:00,0.24164536700910913,0.8235294117647058,0,0,0,1,0,0,0,0,0,0,0,0,0,0,1,0,0,0,0,0,0,0,0,1,0,0,0,0,0,0,0,0,0,0,1,0,0,0,0,0,0,0
100829495,before,2026-09-17 16:21:20,2026-09-17 16:21:00,2026-09-17 16:17:00,0.2203789093691833,1.0,0,0,0,0,0,0,0,0,0,0,0,0,0,0,0,0,0,0,0,0,0,0,0,0,0,0,0,0,0,0,0,0,0,0,0,0,0,0,0,0,0,0
100829495,after,2026-09-17 16:21:20,2026-09-17 16:21:00,2026-09-17 16:23:00,0.24041352540083213,1.0,0,0,0,0,0,0,0,0,0,0,0,0,0,0,0,0,0,0,0,0,0,0,0,0,0,0,0,0,0,0,0,0,0,0,0,0,0,0,0,0,0,0
00983845,before,2026-09-18 06:25:04,2026-09-18 06:25:00,2026-09-18 06:11:00,0.2887716039525247,1.0,0,0,0,0,0,0,0,0,0,0,0,0,0,0,0,0,0,0,0,0,0,0,0,0,0,0,0,0,0,0,0,0,0,0,1,0,0,0,0,0,0,0
