entry_timestamp,tickets,near_miss_rank,near_miss_timestamp,state_distance,minutes_from_entry,entry_m1_body_abs,near_miss_m1_body_abs,entry_m1_body_ratio,near_miss_m1_body_ratio,entry_m1_range_expansion,near_miss_m1_range_expansion,entry_m1_atr_ratio,near_miss_m1_atr_ratio,entry_m1_velocity_5,near_miss_m1_velocity_5,entry_m1_ema9_20_spread,near_miss_m1_ema9_20_spread,entry_m1_vwap_dist,near_miss_m1_vwap_dist,entry_hour_sin,near_miss_hour_sin,entry_hour_cos,near_miss_hour_cos
2025-09-25 19:32:00,36094988,1,2025-09-25 20:05:00,0.7938005962495043,33.0,0.207,0.21,0.1468085,0.15555556,1.2051282,1.5340909,0.0003647864,0.0002859646,-0.68763727,-0.112399966,-0.5458412,-0.40224758,-4.3556137,-7.2997165,-0.92050487,-0.85491186,0.39073113,0.51877326
2025-09-25 19:32:00,36094988,2,2025-09-25 20:02:00,0.8042572343820064,30.0,0.207,0.19,0.1468085,0.23170732,1.2051282,1.0018326,0.0003647864,0.0002693047,-0.68763727,0.0069606556,-0.5458412,-0.374915,-4.3556137,-6.893962,-0.92050487,-0.8616292,0.39073113,0.5075384
2025-09-25 19:32:00,36094988,3,2025-09-25 20:04:00,0.9852806457689599,32.0,0.207,0.44,0.1468085,0.3548387,1.2051282,1.4090909,0.0003647864,0.0002801606,-0.68763727,-0.42069265,-0.5458412,-0.40852094,-4.3556137,-7.6367745,-0.92050487,-0.8571673,0.39073113,0.5150381
2025-09-25 19:43:00,36095791,1,2025-09-25 20:43:00,0.786297109348237,60.0,0.04,0.02,0.06745362,0.025641026,0.5342342,0.5217391,0.00031686213,0.00038184263,1.3824408,0.74230194,-0.16181587,0.10238926,-3.5741398,-0.96890044,-0.90069824,-0.75756496,0.43444526,0.65275973
2025-09-25 19:43:00,36095791,2,2025-09-25 20:56:00,0.7918790171319834,73.0,0.04,0.02,0.06745362,0.037037037,0.5342342,0.62900406,0.00031686213,0.00029192853,1.3824408,0.93141496,-0.16181587,0.1316341,-3.5741398,-0.77703667,-0.90069824,-0.7193398,0.43444526,0.6946584
2025-09-25 19:43:00,36095791,3,2025-09-25 20:44:00,0.8625396294530884,61.0,0.04,0.05,0.06745362,0.083333336,0.5342342,0.41666666,0.00031686213,0.0003660095,1.3824408,0.60634923,-0.16181587,0.12188383,-3.5741398,-0.8714467,-0.90069824,-0.7547096,0.43444526,0.656059
2025-09-26 18:47:00,36148327,1,2025-09-26 18:20:00,0.6870177928051182,-27.0,0.057,0.2,0.046721313,0.18181819,1.0041152,0.81572115,0.0003818,0.00042164774,0.27044636,0.47304827,-0.11498163,-0.23098186,16.418478,14.32387,-0.97904545,-0.9961947,0.20364176,0.087155744
2025-09-26 18:47:00,36148327,2,2025-09-26 20:02:00,0.7031656709231203,75.0,0.057,0.207,0.046721313,0.1656,1.0041152,1.0638298,0.0003818,0.0003226126,0.27044636,0.5664981,-0.11498163,-0.16001624,16.418478,16.60042,-0.97904545,-0.8616292,0.20364176,0.5075384
2025-09-26 18:47:00,36148327,3,2025-09-26 18:16:00,0.8271550943693079,-31.0,0.057,0.07,0.046721313,0.06603774,1.0041152,0.76258993,0.0003818,0.00046718004,0.27044636,-0.39130998,-0.11498163,-0.3240481,16.418478,12.553563,-0.97904545,-0.9975641,0.20364176,0.06975647
2025-09-29 08:46:00,36168589;36168590,1,2025-09-29 09:34:00,0.5464023395912101,48.0,2.1,2.27,0.77205884,0.85018724,1.2881838,1.2544045,0.0005285144,0.0005411398,0.745801,0.56195897,-0.21897683,-0.07953633,9.746102,12.065373,0.7489557,0.59482276,-0.66262007,-0.80385685
2025-09-29 08:46:00,36168589;36168590,2,2025-09-29 08:34:00,0.761237884033222,-12.0,2.1,2.1,0.77205884,0.8467742,1.2881838,1.5437286,0.0005285144,0.00050927966,0.745801,0.7017691,-0.21897683,0.14711182,9.746102,10.383325,0.7489557,0.78260815,-0.66262007,-0.62251467
2025-09-29 08:46:00,36168589;36168590,3,2025-09-29 09:39:00,0.7952698320908215,53.0,2.1,1.98,0.77205884,0.78571427,1.2881838,1.1839323,0.0005285144,0.00052080594,0.745801,0.95088255,-0.21897683,0.1545265,9.746102,13.346505,0.7489557,0.5771452,-0.66262007,-0.81664157
2025-09-30 11:20:00,36227385;36227388,1,2025-09-30 11:30:00,0.6569574520236916,10.0,3.7,4.22,0.902439,0.8389662,1.5953307,1.6956009,0.0006825591,0.0008591862,-2.0785468,-1.8598821,-0.8535142,-0.9739107,-7.6043606,-8.523435,0.17364818,0.13052619,-0.9848077,-0.9914449
2025-09-30 11:20:00,36227385;36227388,2,2025-09-30 11:07:00,1.0175698109473923,-13.0,3.7,2.57,0.902439,0.7581121,1.5953307,1.7234367,0.0006825591,0.00060043373,-2.0785468,-2.4462216,-0.8535142,-0.5946453,-7.6043606,-5.581597,0.17364818,0.2292004,-0.9848077,-0.97337925
2025-09-30 11:20:00,36227385;36227388,3,2025-09-30 11:22:00,1.1494742896303414,2.0,3.7,3.68,0.902439,0.86588234,1.5953307,1.534296,0.0006825591,0.00072323775,-2.0785468,-3.6302576,-0.8535142,-1.1098859,-7.6043606,-8.767477,0.17364818,0.1650476,-0.9848077,-0.9862856
2025-09-30 11:25:00,36228676,1,2025-09-30 12:26:00,0.900207023020221,61.0,3.03,3.5,0.74814814,0.8045977,1.2945501,1.4054928,0.0008724991,0.00087759586,-0.7850031,-0.6384555,-1.1134063,-0.9212294,-6.6223593,-13.313751,0.15212339,-0.11320321,-0.98836154,-0.9935719
2025-09-30 11:25:00,36228676,2,2025-09-30 12:21:00,1.0099295248968838,56.0,3.03,2.12,0.74814814,0.69508195,1.2945501,1.0166667,0.0008724991,0.00094941177,-0.7850031,-0.3406064,-1.1134063,-0.999475,-6.6223593,-11.859147,0.15212339,-0.091501616,-0.98836154,-0.9958049
2025-09-30 11:25:00,36228676,3,2025-09-30 11:13:00,1.040921396642661,-12.0,3.03,3.477,0.74814814,0.7413646,1.2945501,1.8611112,0.0008724991,0.00070204766,-0.7850031,-0.64512736,-1.1134063,-0.9714327,-6.6223593,-6.4227805,0.15212339,0.20364176,-0.98836154,-0.97904545
2025-10-01 09:25:00,36274877,1,2025-10-01 07:41:00,0.913598366730636,-104.0,1.49,0.94,0.8563218,0.8173913,1.3282443,1.3939394,0.00036849122,0.00024757392,0.66840124,0.29311994,-1.0671238,-0.8343662,-4.3738637,-5.1666894,0.62592345,0.9044551,-0.77988446,-0.42656875
2025-10-01 09:25:00,36274877,2,2025-10-01 09:15:00,1.1591009071581282,-10.0,1.49,1.07,0.8563218,0.7086093,1.3282443,1.148289,0.00036849122,0.00031816927,0.66840124,-0.64351016,-1.0671238,-0.8622895,-4.3738637,-4.101613,0.62592345,0.6593458,-0.77988446,-0.7518398
2025-10-01 09:25:00,36274877,3,2025-10-01 10:03:00,1.2148091438271948,38.0,1.49,1.37,0.8563218,0.8404908,1.3282443,1.0830564,0.00036849122,0.00039778303,0.66840124,1.1266133,-1.0671238,-0.40182877,-4.3738637,-1.8297476,0.62592345,0.48862123,-0.77988446,-0.872496
2025-10-01 11:28:00,36283671,1,2025-10-01 11:11:00,1.1181332873901992,-17.0,0.65,1.18,0.6372549,0.5959596,0.52040815,1.074044,0.00048627736,0.0004501993,-0.51767886,0.2630143,1.3058578,1.4139434,14.416817,11.6064005,0.1391731,0.21217768,-0.99026805,-0.9772311
2025-10-01 11:28:00,36283671,2,2025-10-01 11:29:00,1.1629779816774246,1.0,0.65,1.33,0.6372549,0.9047619,0.52040815,0.79891306,0.00048627736,0.00047867844,-0.51767886,-0.42408216,1.3058578,1.1656028,14.416817,13.916291,0.1391731,0.13485093,-0.99026805,-0.9908659
2025-10-01 11:28:00,36283671,3,2025-10-01 11:00:00,1.2135240267085727,-28.0,0.65,0.94,0.6372549,0.6666667,0.52040815,0.8980892,0.00048627736,0.0004297012,-0.51767886,0.6959406,1.3058578,1.1232541,14.416817,8.995865,0.1391731,0.25881904,-0.99026805,-0.9659258
2025-10-02 08:13:00,36322976,1,2025-10-02 08:16:00,0.7438260813175687,3.0,0.49,0.403,0.42350906,0.39509803,1.3375722,1.1227298,0.0002211433,0.00021733365,0.054946266,1.0110878,1.1803733,1.1236321,6.4872756,6.7566004,0.8362861,0.82903755,-0.54829323,-0.5591929
2025-10-02 08:13:00,36322976,2,2025-10-02 08:18:00,0.8596803268580486,5.0,0.49,0.25,0.42350906,0.23518345,1.3375722,1.1055642,0.0002211433,0.00023262984,0.054946266,0.066679634,1.1803733,0.97042924,6.4872756,6.185072,0.8362861,0.8241262,-0.54829323,-0.56640625
2025-10-02 08:13:00,36322976,3,2025-10-02 09:21:00,0.8695055143540896,68.0,0.49,0.42,0.42350906,0.36206895,1.3375722,0.9707113,0.0002211433,0.00028758438,0.054946266,-0.080816254,1.1803733,0.944705,6.4872756,8.216681,0.8362861,0.639439,-0.54829323,-0.7688418
2025-10-02 15:17:00,36334931,1,2025-10-02 15:44:00,0.9303421237690803,27.0,1.03,1.08,0.5943451,0.75524473,1.151495,0.82970697,0.00040563475,0.00047049607,-3.1555543,-2.868526,-0.30656847,-0.06623217,8.824673,7.0786223,-0.75756496,-0.82903755,-0.65275973,-0.5591929
2025-10-02 15:17:00,36334931,2,2025-10-02 13:49:00,0.9420062738382909,-88.0,1.03,0.747,0.5943451,0.7622449,1.151495,0.99492383,0.00040563475,0.00028586097,-3.1555543,-3.2078905,-0.30656847,-0.26632804,8.824673,10.769873,-0.75756496,-0.4578739,-0.65275973,-0.88901716
2025-10-02 15:17:00,36334931,3,2025-10-02 16:38:00,1.0912884080641552,81.0,1.03,1.06,0.5943451,0.4753363,1.151495,1.347432,0.00040563475,0.00062201737,-3.1555543,-2.4694884,-0.30656847,-0.13659856,8.824673,6.197428,-0.75756496,-0.9366722,-0.65275973,-0.3502074
2025-10-02 15:23:00,36335183;36335196,1,2025-10-02 15:48:00,0.9842198548992576,25.0,0.04,0.157,0.02048131,0.11742707,1.097191,0.775747,0.00045323948,0.000471717,0.60240334,0.79710317,-0.75139326,-0.28432193,7.5254607,7.202506,-0.77439266,-0.83867055,-0.63270533,-0.54463905
2025-10-02 15:23:00,36335183;36335196,2,2025-10-02 15:55:00,0.9876772906544623,32.0,0.04,0.13,0.02048131,0.09352518,1.097191,0.8769716,0.00045323948,0.00043142386,0.60240334,-0.18509264,-0.75139326,-0.32378125,7.5254607,7.3344564,-0.77439266,-0.85491186,-0.63270533,-0.51877326
2025-10-02 15:23:00,36335183;36335196,3,2025-10-02 15:51:00,1.0189944001651183,28.0,0.04,0.08,0.02048131,0.0776699,1.097191,0.64984226,0.00045323948,0.00044472975,0.60240334,0.8206865,-0.75139326,-0.32208872,7.5254607,7.3016214,-0.77439266,-0.8457278,-0.63270533,-0.5336145
2025-10-02 16:13:00,36337657,1,2025-10-02 16:15:00,0.18530743190922605,2.0,0.77,0.86,0.712963,0.7288136,0.66522944,0.72682476,0.00040557524,0.0003971323,1.527134,1.384966,1.066887,1.12821,13.142404,13.202958,-0.89297897,-0.89687276,-0.45009845,-0.4422887
2025-10-02 16:13:00,36337657,2,2025-10-02 16:06:00,0.8058086422586614,-7.0,0.77,0.92,0.712963,0.5654579,0.66522944,1.0146555,0.00040557524,0.00042693393,1.527134,1.5239375,1.066887,0.9993222,13.142404,11.128726,-0.89297897,-0.87881714,-0.45009845,-0.47715876
2025-10-02 16:13:00,36337657,3,2025-10-02 16:26:00,0.9917435833650314,13.0,0.77,0.947,0.712963,0.72290075,0.66522944,0.95725244,0.00040557524,0.00037770567,1.527134,0.4782966,1.066887,0.75462544,13.142404,14.013674,-0.89297897,-0.9170601,-0.45009845,-0.39874908
2025-10-03 10:17:00,36368405,1,2025-10-03 09:43:00,0.5838923676912725,-34.0,0.65,0.62,0.7647059,0.7848101,0.7532122,0.7979798,0.00031793234,0.00030350115,-0.8748322,-0.42689696,-0.071761794,0.18966568,3.7063239,5.2531633,0.43444526,0.56280494,-0.90069824,-0.82658976
2025-10-03 10:17:00,36368405,2,2025-10-03 09:58:00,0.7897173966134513,-19.0,0.65,0.49,0.7647059,0.74242425,0.7532122,0.556962,0.00031793234,0.00030087278,-0.8748322,0.0775489,-0.071761794,-0.2556897,3.7063239,3.6641307,0.43444526,0.5075384,-0.90069824,-0.8616292
2025-10-03 10:17:00,36368405,3,2025-10-03 09:00:00,0.9126723958647595,-77.0,0.65,0.33,0.7647059,0.6,0.7532122,0.48672566,0.00031793234,0.00031121087,-0.8748322,-1.0336072,-0.071761794,-0.07614454,3.7063239,1.9142871,0.43444526,0.70710677,-0.90069824,-0.70710677
2025-10-03 18:18:00,36383087,1,2025-10-03 18:13:00,0.45488896823391833,-5.0,0.19,0.26,0.12179487,0.1780822,0.789274,0.76180536,0.0005450737,0.0005911175,0.22229235,0.5277717,0.20280722,0.0035290255,6.737151,6.074302,-0.9969173,-0.9983917,0.0784591,0.056692787
2025-10-03 18:18:00,36383087,2,2025-10-03 17:58:00,0.5137990094353603,-20.0,0.19,0.027,0.12179487,0.020930232,0.789274,0.60379124,0.0005450737,0.0005875853,0.22229235,0.29405764,0.20280722,0.21161562,6.737151,5.969747,-0.9969173,-0.9999619,0.0784591,-0.008726535
2025-10-03 18:18:00,36383087,3,2025-10-03 18:16:00,0.6717879352282554,-2.0,0.19,0.21,0.12179487,0.15441176,0.789274,0.71900606,0.0005450737,0.000563219,0.22229235,1.1806686,0.20280722,0.19182229,6.737151,6.9328475,-0.9969173,-0.9975641,0.0784591,0.06975647
2025-10-06 12:14:00,36414174,1,2025-10-06 13:04:00,0.47099086422127784,50.0,0.47,0.47,0.51086956,0.44761905,0.7829787,0.9051724,0.00034428,0.00031963567,-0.28728747,-0.07144259,0.20596331,0.22471991,14.998161,13.772932,-0.06104854,-0.27563736,-0.9981348,-0.9612617
2025-10-06 12:14:00,36414174,2,2025-10-06 12:56:00,0.6058574110405672,42.0,0.47,0.39,0.51086956,0.4642857,0.7829787,0.69622874,0.00034428,0.0003221076,-0.28728747,0.19696113,0.20596331,-0.0077324123,14.998161,13.284021,-0.06104854,-0.2419219,-0.9981348,-0.9702957
2025-10-06 12:14:00,36414174,3,2025-10-06 13:25:00,0.6900830781821962,71.0,0.47,0.607,0.51086956,0.48174602,0.7829787,0.9097473,0.00034428,0.00038029917,-0.28728747,-0.10478662,0.20596331,0.19357724,14.998161,10.300704,-0.06104854,-0.36243805,-0.9981348,-0.93200785
2025-10-06 14:10:00,36416362,1,2025-10-06 14:14:00,0.8164292917234807,4.0,1.71,2.337,0.8300971,0.88623434,1.8125825,2.0763779,0.0003517936,0.0003978666,-1.6746618,-1.385178,-0.69376737,-1.0177729,9.247045,7.802402,-0.53729963,-0.551937,-0.8433914,-0.83388585
2025-10-06 14:10:00,36416362,2,2025-10-06 12:47:00,0.9036719798066946,-83.0,1.71,1.78,0.8300971,0.9270833,1.8125825,1.443609,0.0003517936,0.00033189583,-1.6746618,-1.591935,-0.69376737,-0.88930887,9.247045,10.140233,-0.53729963,-0.20364176,-0.8433914,-0.97904545
2025-10-06 14:10:00,36416362,3,2025-10-06 14:52:00,0.9444888832778411,42.0,1.71,2.24,0.8300971,0.7044025,1.8125825,1.9313695,0.0003517936,0.00044350783,-1.6746618,-1.7833303,-0.69376737,-0.4643528,9.247045,3.664093,-0.53729963,-0.6819984,-0.8433914,-0.7313537
2025-10-07 08:47:00,36450406,1,2025-10-07 09:38:00,0.596331790041101,51.0,0.64,0.59,0.3575419,0.29994917,1.1699346,1.3518901,0.0004248545,0.00037258217,-0.029705038,-0.3793863,-0.5335467,-0.38128948,-2.6164687,-2.8437347,0.7460574,0.58070296,-0.6658817,-0.8141155
2025-10-07 08:47:00,36450406,2,2025-10-07 09:49:00,0.687866593710642,62.0,0.64,0.65,0.3575419,0.41401273,1.1699346,1.0161812,0.0004248545,0.0004238171,-0.029705038,0.5960981,-0.5335467,-0.61263746,-2.6164687,-4.457217,0.7460574,0.5409745,-0.6658817,-0.841039
2025-10-07 08:47:00,36450406,3,2025-10-07 08:50:00,0.7391217507255595,3.0,0.64,0.86,0.3575419,0.49142858,1.1699346,1.1784512,0.0004248545,0.00040735677,-0.029705038,0.6629298,-0.5335467,-0.37094256,-2.6164687,-2.4815385,0.7460574,0.7372773,-0.6658817,-0.6755902
2025-10-07 08:53:00,36450588,1,2025-10-07 09:08:00,0.490760136379892,15.0,0.48,0.3,0.27745664,0.19480519,1.0880504,0.941896,0.0004255362,0.00041654866,0.64044094,0.29079872,-0.2619294,-0.1684434,-1.9914271,-2.1018147,0.72837096,0.6819984,-0.685183,-0.7313537
2025-10-07 08:53:00,36450588,2,2025-10-07 08:57:00,0.7880779248442806,4.0,0.48,0.21,0.27745664,0.14893617,1.0880504,0.94949496,0.0004255362,0.00041860688,0.64044094,0.7292686,-0.2619294,0.09764105,-1.9914271,-1.5534096,0.72837096,0.7163019,-0.685183,-0.69779044
2025-10-07 08:53:00,36450588,3,2025-10-07 09:10:00,0.8292764248417425,17.0,0.48,0.2,0.27745664,0.13157895,1.0880504,0.9879753,0.0004255362,0.0004110867,0.64044094,1.3072975,-0.2619294,-0.030404279,-1.9914271,-1.6264539,0.72837096,0.6755902,-0.685183,-0.7372773
2025-10-07 09:17:00,36451248,1,2025-10-07 09:29:00,0.395560042701838,12.0,0.5,0.44,0.47619048,0.54320985,0.7368421,0.58483756,0.00036532615,0.0003613864,0.21410927,-0.041883826,0.098395586,0.08788608,-1.965847,-1.3836628,0.65275973,0.6122173,-0.75756496,-0.7906896
2025-10-07 09:17:00,36451248,2,2025-10-07 09:12:00,0.4674702966829114,-5.0,0.5,0.34,0.47619048,0.43589744,0.7368421,0.5131579,0.00036532615,0.0003871436,0.21410927,-0.05866228,0.098395586,-0.01167694,-1.965847,-2.0797262,0.65275973,0.6691306,-0.75756496,-0.7431448
2025-10-07 09:17:00,36451248,3,2025-10-07 09:16:00,0.48004623902190185,-1.0,0.5,0.64,0.47619048,0.43537414,0.7368421,1.0208334,0.00036532615,0.00037300034,0.21410927,0.3246614,0.098395586,0.116959855,-1.965847,-1.5875906,0.65275973,0.656059,-0.75756496,-0.7547096
2025-10-08 12:19:00,36508294,1,2025-10-08 12:03:00,0.4604765864062515,-16.0,0.16,0.1,0.21052632,0.14285715,0.6386555,0.50179213,0.00030626584,0.00037929587,-0.49352443,-0.659605,-0.39510348,-0.37567538,17.03702,14.82708,-0.082808204,-0.013089595,-0.9965655,-0.99991435
2025-10-08 12:19:00,36508294,2,2025-10-08 12:29:00,0.6215743895167307,10.0,0.16,0.05,0.21052632,0.09259259,0.6386555,0.58064514,0.00030626584,0.00026273227,-0.49352443,-0.2829137,-0.39510348,-0.23188938,17.03702,19.988333,-0.082808204,-0.12619896,-0.9965655,-0.99200493
2025-10-08 12:19:00,36508294,3,2025-10-08 12:27:00,0.6920039361352575,8.0,0.16,0.17,0.21052632,0.25,0.6386555,0.7010309,0.00030626584,0.00027547788,-0.49352443,0.27877814,-0.39510348,-0.19221991,17.03702,19.598156,-0.082808204,-0.117537394,-0.9965655,-0.99306846
2025-10-08 12:36:00,36508676,1,2025-10-08 11:03:00,0.9546679571177438,-93.0,1.6,2.36,0.754717,0.7919463,1.9449542,1.9866667,0.00035516033,0.0004225824,0.29307127,0.6160222,-0.60224545,-0.25605333,13.97976,12.507829,-0.15643446,0.2461533,-0.98768836,-0.9692309
2025-10-08 12:36:00,36508676,2,2025-10-08 13:24:00,1.193875411752751,48.0,1.6,1.79,0.754717,0.89814353,1.9449542,1.504151,0.00035516033,0.00038413654,0.29307127,0.6243996,-0.60224545,-0.18687706,13.97976,17.181078,-0.15643446,-0.35836795,-0.98768836,-0.9335804
2025-10-08 12:36:00,36508676,3,2025-10-08 12:02:00,1.2048679103247135,-34.0,1.6,2.66,0.754717,0.8986486,1.9449542,2.1218638,0.00035516033,0.00039514413,0.29307127,-0.84004146,-0.60224545,-0.39719826,13.97976,14.194654,-0.15643446,-0.008726535,-0.98768836,-0.9999619
2025-10-08 12:42:00,36508993,1,2025-10-08 11:06:00,1.0954960887135492,-96.0,2.27,2.25,0.91902834,0.98253274,1.9,1.4135803,0.0003841425,0.00044298611,2.1137486,1.9957538,0.40154287,0.11728329,15.63611,14.3818245,-0.18223552,0.23344536,-0.9832549,-0.9723699
2025-10-08 12:42:00,36508993,2,2025-10-08 11:20:00,1.4990897451349237,-82.0,2.27,1.49,0.91902834,0.8563218,1.9,1.1877133,0.0003841425,0.00038271127,2.1137486,1.0999724,0.40154287,0.23911855,15.63611,16.42742,-0.18223552,0.17364818,-0.9832549,-0.9848077
2025-10-08 12:42:00,36508993,3,2025-10-08 10:42:00,1.506171472806518,-120.0,2.27,2.72,0.91902834,0.964539,1.9,2.2834008,0.0003841425,0.00039449742,2.1137486,0.55879724,0.40154287,0.12336203,15.63611,16.354849,-0.18223552,0.33380687,-0.9832549,-0.9426415
2025-10-09 14:04:00,36561296,1,2025-10-09 14:06:00,0.7448784244463833,2.0,1.073,1.49,0.59944135,0.70616114,1.8144957,1.8672566,0.00031485385,0.00033246801,-1.870863,-2.4855182,0.5574584,0.3021584,11.199536,11.636966,-0.5150381,-0.52249855,-0.8571673,-0.85264015
2025-10-09 14:04:00,36561296,2,2025-10-09 15:02:00,1.0082422079347884,58.0,1.073,1.17,0.59944135,0.5763547,1.8144957,1.7058823,0.00031485385,0.0003459822,-1.870863,-2.3819244,0.5574584,0.024577834,11.199536,9.898008,-0.5150381,-0.71325046,-0.8571673,-0.70090926
2025-10-09 14:04:00,36561296,3,2025-10-09 12:08:00,1.2304427494724475,-116.0,1.073,1.16,0.59944135,0.6137566,1.8144957,2.0543478,0.00031485385,0.0003334322,-1.870863,-1.074703,0.5574584,0.079060614,11.199536,9.734853,-0.5150381,-0.034899496,-0.8571673,-0.99939084
2025-10-09 14:19:00,36562289,1,2025-10-09 14:22:00,0.8019290963961085,3.0,1.02,0.863,0.5340314,0.6795276,1.2111604,0.8912281,0.00036305154,0.00035110358,-1.5649451,-1.209195,-0.915104,-1.0444279,6.4754744,5.9562154,-0.5699968,-0.58070296,-0.8216469,-0.8141155
2025-10-09 14:19:00,36562289,2,2025-10-09 14:14:00,0.8107609177782797,-5.0,1.02,0.66,0.5340314,0.515625,1.2111604,0.8797251,0.00036305154,0.00033256784,-1.5649451,-1.2211818,-0.915104,-0.6084281,6.4754744,8.817202,-0.5699968,-0.551937,-0.8216469,-0.83388585
2025-10-09 14:19:00,36562289,3,2025-10-09 14:20:00,0.8513142485509665,1.0,1.02,0.49,0.5340314,0.40495867,1.2111604,0.8156387,0.00036305154,0.00035857796,-1.5649451,-1.7968253,-0.915104,-0.98271334,6.4754744,6.2137356,-0.5699968,-0.57357645,-0.8216469,-0.81915206
2025-10-09 14:42:00,36562770,1,2025-10-09 14:40:00,0.6157449335855145,-2.0,0.0,0.12,0.0,0.102564104,0.74311924,0.9957447,0.00031910857,0.0003335704,1.06218,1.3056446,1.0159264,0.8901876,11.880611,10.804024,-0.64944804,-0.64278764,-0.76040596,-0.76604444
2025-10-09 14:42:00,36562770,2,2025-10-09 15:54:00,0.8607403013664021,72.0,0.0,0.05,0.0,0.04901961,0.74311924,0.669511,0.00031910857,0.00045855716,1.06218,0.51725835,1.0159264,0.72295994,11.880611,10.372901,-0.64944804,-0.85264015,-0.76040596,-0.52249855
2025-10-09 14:42:00,36562770,3,2025-10-09 14:51:00,0.9291100111890487,9.0,0.0,0.01,0.0,0.009433962,0.74311924,0.9953052,0.00031910857,0.0003070189,1.06218,0.7568043,1.0159264,1.4882346,11.880611,15.189525,-0.64944804,-0.67880076,-0.76040596,-0.7343225
2025-10-10 19:29:00,36640713,1,2025-10-10 19:32:00,0.6792805955777562,3.0,0.48,0.793,0.30379745,0.37761906,0.3781261,0.629025,0.0009846648,0.00092689035,1.0310099,0.82740784,-0.27045327,-0.013363281,1.1671641,1.4071792,-0.9255405,-0.92050487,0.3786486,0.39073113
2025-10-10 19:29:00,36640713,2,2025-10-10 19:34:00,0.8556186890948987,5.0,0.48,0.47,0.30379745,0.3811841,0.3781261,0.3823256,0.0009846648,0.00087618886,1.0310099,0.5470226,-0.27045327,0.16014838,1.1671641,1.8473948,-0.9255405,-0.9170601,0.3786486,0.39874908
2025-10-10 19:29:00,36640713,3,2025-10-10 20:15:00,0.922894657582856,46.0,0.48,0.45,0.30379745,0.21256495,0.3781261,0.61900586,0.0009846648,0.00080105616,1.0310099,1.7785685,-0.27045327,-0.23828974,1.1671641,-0.9364486,-0.9255405,-0.8314696,0.3786486,0.55557024
2025-10-13 15:38:00,36682106,1,2025-10-13 15:39:00,0.4902288597928476,1.0,0.02,0.0,0.011173184,0.0,0.74583334,1.0020618,0.00052626064,0.0005312215,-2.0266206,-1.7538311,0.23412164,0.09768573,9.719875,9.635526,-0.8141155,-0.81664157,-0.58070296,-0.5771452
2025-10-13 15:38:00,36682106,2,2025-10-13 15:45:00,1.0152322703135217,7.0,0.02,0.0,0.011173184,0.0,0.74583334,0.77707005,0.00052626064,0.00056738046,-2.0266206,-0.9507899,0.23412164,-0.2008997,9.719875,8.723646,-0.8141155,-0.8314696,-0.58070296,-0.55557024
2025-10-13 15:38:00,36682106,3,2025-10-13 14:05:00,1.2886339476855553,-93.0,0.02,0.31,0.011173184,0.19135803,0.74583334,1.0125,0.00052626064,0.00038607777,-2.0266206,-1.5432861,0.23412164,-0.08627379,9.719875,14.398418,-0.8141155,-0.51877326,-0.58070296,-0.85491186
2025-10-14 10:42:00,36725889,1,2025-10-14 10:51:00,0.6155700350123502,9.0,0.9,0.813,0.36290324,0.4184251,0.76708937,0.5997839,0.00084867404,0.0007676502,0.106581315,0.61614716,0.34532014,0.1444478,-2.996684,-3.5367603,0.33380687,0.29654157,-0.9426415,-0.95501995
2025-10-14 10:42:00,36725889,2,2025-10-14 10:56:00,0.736742691608815,14.0,0.9,1.087,0.36290324,0.4348,0.76708937,0.907441,0.00084867404,0.00070381764,0.106581315,0.8737886,0.34532014,0.38115954,-2.996684,-2.9535735,0.33380687,0.27563736,-0.9426415,-0.9612617
2025-10-14 10:42:00,36725889,3,2025-10-14 10:37:00,0.7675958602083421,-5.0,0.9,0.873,0.36290324,0.27002785,0.76708937,1.0,0.00084867404,0.0008073179,0.106581315,0.909027,0.34532014,0.46133336,-2.996684,-3.3068938,0.33380687,0.35429105,-0.9426415,-0.9351352
2025-10-14 10:52:00,36726171,1,2025-10-14 10:14:00,0.7630700828295683,-38.0,2.689,2.51,0.657618,0.7530753,1.2622318,1.0821428,0.0007832155,0.00090993225,1.2071161,1.1154567,0.2337212,0.13337411,-2.7306209,-7.1296315,0.2923717,0.4461978,-0.9563047,-0.89493436
2025-10-14 10:52:00,36726171,2,2025-10-14 10:54:00,0.7983192756526244,2.0,2.689,1.773,0.657618,0.6549686,1.2622318,0.9151454,0.0007832155,0.00074410404,1.2071161,0.8756226,0.2337212,0.33325502,-2.7306209,-3.226946,0.2923717,0.28401536,-0.9563047,-0.95881975
2025-10-14 10:52:00,36726171,3,2025-10-14 11:04:00,0.9399656394001997,12.0,2.689,3.36,0.657618,0.7133758,1.2622318,1.7096189,0.0007832155,0.0007318813,1.2071161,0.96021307,0.2337212,0.4946084,-2.7306209,-2.371756,0.2923717,0.2419219,-0.9563047,-0.9702957
2025-10-15 09:35:00,36768836,1,2025-10-15 09:40:00,0.4422081289648867,5.0,0.36,0.43,0.2,0.2601331,1.0256411,0.9868657,0.00042551366,0.00040695578,-0.5049088,0.0117318,-0.04705173,-0.12457476,7.5633535,7.847482,0.59130967,0.57357645,-0.8064446,-0.81915206
2025-10-15 09:35:00,36768836,2,2025-10-15 09:30:00,0.44909788560806474,-5.0,0.36,0.27,0.2,0.15697674,1.0256411,1.0299401,0.00042551366,0.00041772434,-0.5049088,0.045707855,-0.04705173,0.059788834,7.5633535,8.282691,0.59130967,0.6087614,-0.8064446,-0.7933533
2025-10-15 09:35:00,36768836,3,2025-10-15 09:33:00,0.7035766810644033,-2.0,0.36,0.19,0.2,0.08520179,1.0256411,1.3117647,0.00042551366,0.0004301222,-0.5049088,-0.016648058,-0.04705173,-0.024567844,7.5633535,7.7705126,0.59130967,0.5983246,-0.8064446,-0.8012538
2025-10-16 13:15:00,36829765,1,2025-10-16 13:17:00,0.7315355883048175,2.0,1.86,2.76,0.9117647,1.0,1.02,1.2574031,0.0004572338,0.00049708254,0.48502314,0.65018404,0.3522697,0.4366216,7.889524,7.373159,-0.32143947,-0.32969064,-0.9469301,-0.944089
2025-10-16 13:15:00,36829765,2,2025-10-16 13:44:00,1.0851431588029443,29.0,1.86,1.56,0.9117647,0.98922,1.02,1.446789,0.0004572338,0.00034165545,0.48502314,0.3729381,0.3522697,-0.08158208,7.889524,9.907173,-0.32143947,-0.43837115,-0.9469301,-0.89879405
2025-10-16 13:15:00,36829765,3,2025-10-16 13:38:00,1.1145902222624895,23.0,1.86,0.92,0.9117647,0.8363636,1.02,1.0328639,0.0004572338,0.0003963987,0.48502314,0.23814985,0.3522697,-0.22058325,7.889524,8.036093,-0.32143947,-0.41469324,-0.9469301,-0.9099613
2025-10-16 13:23:00,36829878,1,2025-10-16 13:52:00,0.8204101235361053,29.0,0.353,0.52,0.65009207,0.62650603,0.30250695,0.7614679,0.00039259924,0.00034345314,-0.1441979,0.10094088,0.429465,0.5726648,9.558263,11.1968775,-0.35429105,-0.46947157,-0.9351352,-0.88294756
2025-10-16 13:23:00,36829878,2,2025-10-16 14:16:00,0.9705622947023789,53.0,0.353,0.58,0.65009207,0.7631579,0.30250695,0.58914727,0.00039259924,0.00030861876,-0.1441979,-0.85543025,0.429465,0.38970384,9.558263,13.763098,-0.35429105,-0.5591929,-0.9351352,-0.82903755
2025-10-16 13:23:00,36829878,3,2025-10-16 14:13:00,1.010939135851867,50.0,0.353,0.68,0.65009207,0.5811966,0.30250695,0.80136985,0.00039259924,0.00033134597,-0.1441979,-0.35563838,0.429465,0.57585615,9.558263,13.322102,-0.35429105,-0.54829323,-0.9351352,-0.8362861
2025-10-16 13:29:00,36829995,1,2025-10-16 13:37:00,0.5368769424824671,8.0,0.27,0.08,0.16294508,0.07692308,0.9727033,0.97652584,0.00041179234,0.00040700383,0.410857,0.07539727,-0.038669936,-0.2536278,8.209304,7.3315115,-0.3786486,-0.41071886,-0.9255405,-0.91176206
2025-10-16 13:29:00,36829995,2,2025-10-16 13:42:00,0.5811877499498196,13.0,0.27,0.15,0.16294508,0.20833333,0.9727033,0.6605505,0.00041179234,0.00034900368,0.410857,0.31109384,-0.038669936,-0.1514421,8.209304,8.840635,-0.3786486,-0.4305111,-0.9255405,-0.90258527
2025-10-16 13:29:00,36829995,3,2025-10-16 13:40:00,0.6254530773948741,11.0,0.27,0.11,0.16294508,0.16845329,0.9727033,0.5990826,0.00041179234,0.0003715463,0.410857,0.26040444,-0.038669936,-0.12514146,8.209304,8.843954,-0.3786486,-0.42261827,-0.9255405,-0.9063078
2025-10-17 13:15:00,36893509,1,2025-10-17 13:21:00,0.722500289071791,6.0,2.417,2.32,0.79323924,0.6559231,1.5121588,1.8,0.0005066295,0.00049143605,-0.39905226,-0.7552711,-0.055656847,-0.09532415,-4.0602455,-4.2736893,-0.32143947,-0.34611705,-0.9469301,-0.93819135
2025-10-17 13:15:00,36893509,2,2025-10-17 12:44:00,0.9121271489752011,-31.0,2.417,2.663,0.79323924,0.7550326,1.5121588,1.3185047,0.0005066295,0.00062125246,-0.39905226,-0.9644263,-0.055656847,0.35546303,-4.0602455,-2.7948108,-0.32143947,-0.190809,-0.9469301,-0.98162717
2025-10-17 13:15:00,36893509,3,2025-10-17 12:49:00,0.9126057758530517,-26.0,2.417,1.84,0.79323924,0.72156864,1.5121588,1.0311363,0.0005066295,0.00060117716,-0.39905226,-0.23769228,-0.055656847,-0.08505081,-4.0602455,-3.1120646,-0.32143947,-0.21217768,-0.9469301,-0.9772311
2025-10-17 15:37:00,36902372,1,2025-10-17 16:16:00,0.8856661126065035,39.0,0.134,0.67,0.03412274,0.15850484,0.79518074,1.0079886,0.0011619406,0.001032715,1.8827146,1.7089274,0.42612994,0.14542605,-5.7389894,-5.4007354,-0.811574,-0.89879405,-0.5842497,-0.43837115
2025-10-17 15:37:00,36902372,2,2025-10-17 15:49:00,0.9872754262358868,12.0,0.134,0.204,0.03412274,0.10084034,0.79518074,0.6111782,0.0011619406,0.0009307459,1.8827146,1.1333684,0.42612994,0.7249836,-5.7389894,-6.3904166,-0.811574,-0.841039,-0.5842497,-0.5409745
2025-10-17 15:37:00,36902372,3,2025-10-17 15:48:00,1.0436103935250263,11.0,0.134,0.39,0.03412274,0.18055555,0.79518074,0.63529414,0.0011619406,0.00096623006,1.8827146,1.1660883,0.42612994,0.7304063,-5.7389894,-6.128332,-0.811574,-0.83867055,-0.5842497,-0.54463905
2025-10-20 11:47:00,36954767,1,2025-10-20 11:45:00,0.2431572642571815,-2.0,1.16,1.136,0.50877196,0.5391552,1.2561984,1.1608815,0.00045290677,0.00046253105,-0.26963997,-0.4772054,-0.27522144,-0.23860544,4.4477897,4.733574,0.056692787,0.065403126,-0.9983917,-0.99785894
2025-10-20 11:47:00,36954767,2,2025-10-20 11:43:00,0.5246293731128813,-4.0,1.16,0.91,0.50877196,0.48404256,1.2561984,1.0561798,0.00045290677,0.00045658663,-0.26963997,-0.66844726,-0.27522144,-0.104562394,4.4477897,5.173244,0.056692787,0.07410849,-0.9983917,-0.9972502
2025-10-20 11:47:00,36954767,3,2025-10-20 12:21:00,0.5600948826326545,34.0,1.16,0.85,0.50877196,0.48295453,1.2561984,1.3134328,0.00045290677,0.00037156077,-0.26963997,-0.5633292,-0.27522144,-0.4312828,4.4477897,1.5290941,0.056692787,-0.091501616,-0.9983917,-0.9958049
2025-10-21 10:23:00,36997575,1,2025-10-21 10:17:00,0.42548932518990856,-6.0,0.63,0.347,0.18694362,0.12710623,1.3072149,1.1818181,0.0005899687,0.0005899173,-0.8466542,-0.8923103,-0.52521265,-0.6885606,-6.2942805,-5.9502234,0.41071886,0.43444526,-0.91176206,-0.90069824
2025-10-21 10:23:00,36997575,2,2025-10-21 10:14:00,0.6092516336968693,-9.0,0.63,0.79,0.18694362,0.2996965,1.3072149,1.1460869,0.0005899687,0.0006100296,-0.8466542,-0.42390388,-0.52521265,-0.65158904,-6.2942805,-5.887729,0.41071886,0.4461978,-0.91176206,-0.89493436
2025-10-21 10:23:00,36997575,3,2025-10-21 10:10:00,0.7196587280340552,-13.0,0.63,0.64,0.18694362,0.29767442,1.3072149,0.9598214,0.0005899687,0.0006455569,-0.8466542,-1.0510772,-0.52521265,-0.514093,-6.2942805,-4.964639,0.41071886,0.4617486,-0.91176206,-0.8870108
2025-10-21 10:42:00,36998918,1,2025-10-21 10:44:00,0.6777104792192152,2.0,0.54,0.444,0.15711376,0.07115385,1.0098428,1.3192389,0.0011416649,0.001216265,0.6084861,0.49727356,-1.5373447,-1.3542243,-8.124616,-8.552871,0.33380687,0.32556817,-0.9426415,-0.94551855
2025-10-21 10:42:00,36998918,2,2025-10-21 10:45:00,0.9423525803466966,3.0,0.54,1.64,0.15711376,0.23262411,1.0098428,1.2411972,0.0011416649,0.0012460523,0.6084861,0.64195675,-1.5373447,-1.2297516,-8.124616,-7.9929256,0.33380687,0.32143947,-0.9426415,-0.9469301
2025-10-21 10:42:00,36998918,3,2025-10-21 10:49:00,1.2373631658706146,7.0,0.54,0.11,0.15711376,0.021400778,1.0098428,0.9049296,0.0011416649,0.0011768563,0.6084861,0.59455127,-1.5373447,-0.8473754,-8.124616,-8.072686,0.33380687,0.3048643,-0.9426415,-0.9523958
2025-10-21 13:56:00,37005647,1,2025-10-21 12:57:00,0.4943902626899869,-59.0,1.32,1.2,0.606339,0.5504587,0.88857144,0.848249,0.00066883024,0.000674097,-0.65679324,-0.90745586,-0.30690452,-0.26272342,-20.815111,-18.99979,-0.4848096,-0.2461533,-0.8746197,-0.9692309
2025-10-21 13:56:00,37005647,2,2025-10-21 13:53:00,0.5583632381489999,-3.0,1.32,1.81,0.606339,0.70703125,0.88857144,0.9757957,0.00066883024,0.00067725254,-0.65679324,-0.97108746,-0.30690452,-0.18925358,-20.815111,-20.457184,-0.4848096,-0.47331968,-0.8746197,-0.8808907
2025-10-21 13:56:00,37005647,3,2025-10-21 12:58:00,0.578770052561198,-58.0,1.32,1.767,0.606339,0.6910442,0.88857144,1.0132753,0.00066883024,0.0006690339,-0.65679324,-0.6963684,-0.30690452,-0.3392712,-20.815111,-19.726402,-0.4848096,-0.25038,-0.8746197,-0.96814764
2025-10-22 10:02:00,37045628,1,2025-10-22 08:27:00,1.4483786081564982,-95.0,2.64,1.48,0.40677965,0.4059243,2.066879,1.4672033,0.0007518601,0.0006437994,-2.4929008,-2.1128223,0.14964487,0.512072,15.510962,16.513416,0.49242356,0.8012538,-0.8703557,-0.5983246
2025-10-22 10:02:00,37045628,2,2025-10-22 08:26:00,1.5726928809020457,-96.0,2.64,3.0,0.40677965,0.6535948,2.066879,1.8470825,0.0007518601,0.0006253471,-2.4929008,-1.9967586,0.14964487,0.7473529,15.510962,17.587578,0.49242356,0.80385685,-0.8703557,-0.59482276
2025-10-22 10:02:00,37045628,3,2025-10-22 08:31:00,1.575328880227413,-91.0,2.64,1.78,0.40677965,0.4764454,2.066879,1.6432813,0.0007518601,0.0006509478,-2.4929008,-0.7609899,0.14964487,0.15083621,15.510962,15.971543,0.49242356,0.7906896,-0.8703557,-0.6122173
2025-10-23 08:30:00,37082195,1,2025-10-23 08:29:00,0.734724814076617,-1.0,1.23,0.85,0.8310811,0.93406594,0.7064439,0.43436754,0.0004700968,0.00047856,2.018323,1.5589716,-0.3198756,-0.4903129,1.7511002,1.1037058,0.7933533,0.79600203,-0.6087614,-0.605294
2025-10-23 08:30:00,37082195,2,2025-10-23 07:39:00,0.8144110139192386,-51.0,1.23,0.82,0.8310811,0.87234044,0.7064439,0.58566976,0.0004700968,0.00043405755,2.018323,1.7419928,-0.3198756,0.07693683,1.7511002,0.4818627,0.7933533,0.90814316,-0.6087614,-0.41865975
2025-10-23 08:30:00,37082195,3,2025-10-23 07:37:00,1.038086409988022,-53.0,1.23,1.31,0.8310811,0.7237569,0.7064439,1.222973,0.0004700968,0.00043788468,2.018323,2.1842077,-0.3198756,-0.07524706,1.7511002,1.3122326,0.7933533,0.91176206,-0.6087614,-0.41071886
2025-10-24 19:34:00,37145681,1,2025-10-24 19:36:00,0.7967254378927728,2.0,0.95,1.06,0.42986426,0.56084657,1.1275511,0.9426434,0.0005375862,0.0005284858,-1.709681,-1.0573179,0.46212524,0.24206509,16.331621,16.385056,-0.9170601,-0.9135454,0.39874908,0.40673664
2025-10-24 19:34:00,37145681,2,2025-10-24 19:38:00,0.8454992333122234,4.0,0.95,0.97,0.42986426,0.50259066,1.1275511,0.9821883,0.0005375862,0.00051492185,-1.709681,-0.8597795,0.46212524,0.14175351,16.331621,16.562397,-0.9170601,-0.9099613,0.39874908,0.41469324
2025-10-24 19:34:00,37145681,3,2025-10-24 19:37:00,1.021192275469842,3.0,0.95,0.56,0.42986426,0.3478261,1.1275511,0.8029925,0.0005375862,0.000518487,-1.709681,-0.67173004,0.46212524,0.21654356,16.331621,16.94009,-0.9170601,-0.91176206,0.39874908,0.41071886
2025-10-27 08:13:00,37162697,1,2025-10-27 08:24:00,0.6184417694464325,11.0,0.3,0.39,0.46153846,0.5,0.4347826,0.527027,0.00040136935,0.00036560342,1.888013,2.307405,1.121835,1.3920786,-2.0397909,0.5273543,0.8362861,0.809017,-0.54829323,-0.58778524
2025-10-27 08:13:00,37162697,2,2025-10-27 08:16:00,0.9287845399800665,3.0,0.3,0.18,0.46153846,0.24423338,0.4347826,0.53992677,0.00040136935,0.00037357723,1.888013,1.255137,1.121835,1.1591201,-2.0397909,-2.341171,0.8362861,0.82903755,-0.54829323,-0.5591929
2025-10-27 08:13:00,37162697,3,2025-10-27 08:26:00,1.0674943430347195,13.0,0.3,0.547,0.46153846,0.43412697,0.4347826,0.9032258,0.00040136935,0.0003794366,1.888013,2.36445,1.121835,1.4904785,-2.0397909,1.6398103,0.8362861,0.80385685,-0.54829323,-0.59482276
2025-10-28 12:52:00,37217619,1,2025-10-28 12:53:00,0.7303513179767367,1.0,0.42,0.04,0.14685315,0.019900497,1.1342455,0.80303633,0.0007441711,0.00072777644,-1.0770849,-1.0837467,0.32438084,0.2835851,-19.724854,-20.1317,-0.22495106,-0.2292004,-0.97437006,-0.97337925
2025-10-28 12:52:00,37217619,2,2025-10-28 11:00:00,0.9218209627705697,-112.0,0.42,0.196,0.14685315,0.0741301,1.1342455,0.97313213,0.0007441711,0.0006820985,-1.0770849,-0.7717862,0.32438084,0.07955976,-19.724854,-17.857779,-0.22495106,0.25881904,-0.97437006,-0.9659258
2025-10-28 12:52:00,37217619,3,2025-10-28 12:40:00,0.9362531726354992,-12.0,0.42,0.6,0.14685315,0.23622048,1.1342455,0.980695,0.0007441711,0.0007508965,-1.0770849,-0.1433571,0.32438084,-0.010845944,-19.724854,-20.983892,-0.22495106,-0.17364818,-0.97437006,-0.9848077
2025-10-30 09:44:00,37296835,1,2025-10-30 09:27:00,0.6402151521566697,-17.0,0.03,0.2,0.025210084,0.073800735,0.3789809,0.6532482,0.0008480537,0.00093248294,-0.5240249,-1.0559957,-0.18063039,-0.15283182,3.1340833,3.0296943,0.5591929,0.61909395,-0.82903755,-0.78531694
2025-10-30 09:44:00,37296835,2,2025-10-30 09:00:00,0.812322066316803,-44.0,0.03,0.01,0.025210084,0.004484305,0.3789809,0.6610345,0.0008480537,0.00081498706,-0.5240249,-0.47365293,-0.18063039,0.19872849,3.1340833,4.657177,0.5591929,0.70710677,-0.82903755,-0.70710677
2025-10-30 09:44:00,37296835,3,2025-10-30 09:10:00,0.9148795268408513,-34.0,0.03,0.27,0.025210084,0.10671937,0.3789809,0.7934766,0.0008480537,0.00083653646,-0.5240249,-0.68145263,-0.18063039,0.12750189,3.1340833,4.712988,0.5591929,0.6755902,-0.82903755,-0.7372773
2025-11-03 18:38:00,37386001,1,2025-11-03 18:36:00,0.6103215537965365,-2.0,2.494,3.154,0.61824495,0.69121194,1.3076175,1.5457317,0.000838052,0.0008064651,-0.28857234,-0.25669152,-0.9846906,-1.075254,1.140485,0.71653324,-0.9862856,-0.98768836,0.1650476,0.15643446
2025-11-03 18:38:00,37386001,2,2025-11-03 19:13:00,0.6899666561860951,35.0,2.494,2.18,0.61824495,0.59400547,1.3076175,1.1566341,0.000838052,0.0008076036,-0.28857234,-0.35066116,-0.9846906,-0.6482062,1.140485,-0.9930909,-0.9862856,-0.9496991,0.1650476,0.31316382
2025-11-03 18:38:00,37386001,3,2025-11-03 19:00:00,0.8454153719738995,22.0,2.494,2.58,0.61824495,0.80124223,1.3076175,1.0512569,0.000838052,0.0008072475,-0.28857234,-0.4370005,-0.9846906,-0.8307371,1.140485,0.24777693,-0.9862856,-0.9659258,0.1650476,0.25881904
2025-11-04 10:09:00,37400976,1,2025-11-04 10:14:00,0.47660872305080204,5.0,0.05,0.15,0.041666668,0.09202454,0.58636695,0.76471967,0.0005093521,0.0005390065,0.49895936,0.040493898,0.6574423,0.593374,-0.79211545,-0.7067525,0.46561453,0.4461978,-0.88498765,-0.89493436
2025-11-04 10:09:00,37400976,2,2025-11-04 10:32:00,0.5232373441089425,23.0,0.05,0.13,0.041666668,0.1,0.58636695,0.62801933,0.0005093521,0.000535311,0.49895936,0.18246394,0.6574423,0.80034167,-0.79211545,2.439921,0.46561453,0.37460658,-0.88498765,-0.92718387
2025-11-04 10:09:00,37400976,3,2025-11-04 09:44:00,0.5288858072064878,-25.0,0.05,0.05,0.041666668,0.03649635,0.58636695,0.64775413,0.0005093521,0.0005331986,0.49895936,1.0087615,0.6574423,0.60908073,-0.79211545,-4.2914467,0.46561453,0.5591929,-0.88498765,-0.82903755
2025-11-05 09:55:00,37442389,1,2025-11-05 10:25:00,0.438002682989198,30.0,0.07,0.09,0.06140351,0.09090909,0.7284345,0.74520135,0.00042431682,0.00040792974,-0.66509277,-0.43896878,-0.10920502,-0.28048342,14.283735,12.067983,0.51877326,0.40274668,-0.85491186,-0.91531146
2025-11-05 09:55:00,37442389,2,2025-11-05 09:18:00,0.6890137805254094,-37.0,0.07,0.31,0.06140351,0.18902439,0.7284345,0.87935656,0.00042431682,0.000473728,-0.66509277,-0.37263122,-0.10920502,-0.18388073,14.283735,11.751406,0.51877326,0.64944804,-0.85491186,-0.76040596
2025-11-05 09:55:00,37442389,3,2025-11-05 09:54:00,0.7266799546623249,-1.0,0.07,0.23,0.06140351,0.12637363,0.7284345,1.126935,0.00042431682,0.00043465348,-0.66509277,-0.27825272,-0.10920502,-0.04037012,14.283735,14.031033,0.51877326,0.52249855,-0.85491186,-0.85264015
2025-11-06 12:42:00,37477144,1,2025-11-06 12:11:00,0.41244277800078355,-31.0,0.49,0.66,0.60493827,0.62917066,0.90351367,0.9623853,0.000250656,0.00030435,-0.6662519,-0.78625464,-0.08857049,-0.10401165,22.277246,19.323042,-0.18223552,-0.04797813,-0.9832549,-0.9988484
2025-11-06 12:42:00,37477144,2,2025-11-06 12:36:00,0.44051170755625657,-6.0,0.49,0.61,0.60493827,0.57009345,0.90351367,0.93449783,0.000250656,0.0002941871,-0.6662519,-0.31348255,-0.08857049,-0.04265297,22.277246,19.137835,-0.18223552,-0.15643446,-0.9832549,-0.98768836
2025-11-06 12:42:00,37477144,3,2025-11-06 12:51:00,0.5046089654306113,9.0,0.49,0.38,0.60493827,0.63018245,0.90351367,0.77307695,0.000250656,0.00025059478,-0.6662519,-0.564092,-0.08857049,-0.35802117,22.277246,21.14364,-0.18223552,-0.22069743,-0.9832549,-0.97534233
2025-11-07 11:18:00,37507379,1,2025-11-07 11:17:00,0.5780349877034261,-1.0,0.38,0.41,0.40860215,0.5540541,0.6435986,0.5121107,0.00035677222,0.00036640666,-0.44752392,-0.4630387,0.40030468,0.437064,8.91875,8.419024,0.18223552,0.18652403,-0.9832549,-0.9824504
2025-11-07 11:18:00,37507379,2,2025-11-07 11:41:00,0.5991971421870592,23.0,0.38,0.32,0.40860215,0.516129,0.6435986,0.53913045,0.00035677222,0.00033007536,-0.44752392,0.08314106,0.40030468,0.3090734,8.91875,9.304772,0.18223552,0.082808204,-0.9832549,-0.9965655
2025-11-07 11:18:00,37507379,3,2025-11-07 12:09:00,0.7840299126326948,51.0,0.38,0.42,0.40860215,0.36300778,0.6435986,1.0376681,0.00035677222,0.00030748057,-0.44752392,-0.90053624,0.40030468,0.43762076,8.91875,9.662124,0.18223552,-0.039259817,-0.9832549,-0.999229
2025-11-10 10:42:00,37542639,1,2025-11-10 10:59:00,0.4458348087622027,17.0,0.21,0.15,0.21649484,0.18987341,0.76984125,0.63709676,0.00035000406,0.00031547222,-0.7992749,-1.2368784,-0.12190101,-0.21205822,19.964725,21.377419,0.33380687,0.2630312,-0.9426415,-0.9647873
2025-11-10 10:42:00,37542639,2,2025-11-10 10:26:00,0.6179577528685644,-16.0,0.21,0.17,0.21649484,0.16037735,0.76984125,0.8249027,0.00035000406,0.00036388874,-0.7992749,-0.13490966,-0.12190101,-0.3301586,19.964725,18.958496,0.33380687,0.39874908,-0.9426415,-0.9170601
2025-11-10 10:42:00,37542639,3,2025-11-10 10:44:00,0.6423267844876605,2.0,0.21,0.18,0.21649484,0.31578946,0.76984125,0.47302905,0.00035000406,0.0003220872,-0.7992749,-0.68581164,-0.12190101,-0.25339386,19.964725,21.145523,0.33380687,0.32556817,-0.9426415,-0.94551855
2025-11-10 11:00:00,37542995,1,2025-11-10 10:44:00,0.5304203641191226,-16.0,0.26,0.18,0.27659574,0.31578946,0.789916,0.47302905,0.000309397,0.0003220872,-0.6900293,-0.68581164,-0.23547105,-0.25339386,21.954578,21.145523,0.25881904,0.32556817,-0.9659258,-0.94551855
2025-11-10 11:00:00,37542995,2,2025-11-10 10:59:00,0.5510662928661474,-1.0,0.26,0.15,0.27659574,0.18987341,0.789916,0.63709676,0.000309397,0.00031547222,-0.6900293,-1.2368784,-0.23547105,-0.21205822,21.954578,21.377419,0.25881904,0.2630312,-0.9659258,-0.9647873
2025-11-10 11:00:00,37542995,3,2025-11-10 10:25:00,0.683624471379663,-35.0,0.26,0.26,0.27659574,0.33333334,0.789916,0.5864662,0.000309397,0.00037185292,-0.6900293,-1.2409474,-0.23547105,-0.30208924,21.954578,18.671497,0.25881904,0.40274668,-0.9659258,-0.91531146
2025-11-10 11:22:00,37543683,1,2025-11-10 10:11:00,0.7893446079945811,-71.0,1.72,1.42,0.9717514,0.8875,0.880597,0.99378884,0.00045437372,0.0004125434,1.3219488,1.3617423,-0.016681978,0.26500705,15.825173,18.594088,0.1650476,0.4578739,-0.9862856,-0.88901716
2025-11-10 11:22:00,37543683,2,2025-11-10 12:28:00,0.9090931744851585,66.0,1.72,1.29,0.9717514,0.8232291,0.880597,0.97329193,0.00045437372,0.0004380985,1.3219488,0.5708137,-0.016681978,0.06681429,15.825173,14.627626,0.1650476,-0.12186934,-0.9862856,-0.99254614
2025-11-10 11:22:00,37543683,3,2025-11-10 10:50:00,0.9290287485344288,-32.0,1.72,1.27,0.9717514,0.9007092,0.880597,1.1190476,0.00045437372,0.0003458195,1.3219488,1.4680262,-0.016681978,0.225565,15.825173,21.644384,0.1650476,0.3007058,-0.9862856,-0.95371693
2025-11-12 10:19:00,37610153,1,2025-11-12 10:18:00,0.5275129237665319,-1.0,0.17,0.24,0.17525773,0.26666668,0.751938,0.65217394,0.00034288302,0.00035115515,-0.03536171,-0.56625557,1.2409068,1.3041047,1.1059282,1.157387,0.42656875,0.4305111,-0.9044551,-0.90258527
2025-11-12 10:19:00,37610153,2,2025-11-12 10:20:00,0.6651684844001303,1.0,0.17,0.29,0.17525773,0.25663716,0.751938,0.875969,0.00034288302,0.00033797842,-0.03536171,-0.83233124,1.2409068,1.1526685,1.1059282,0.9987869,0.42656875,0.42261827,-0.9044551,-0.9063078
2025-11-12 10:19:00,37610153,3,2025-11-12 09:36:00,0.8141691711346601,-43.0,0.17,0.237,0.17525773,0.1896,0.751938,0.9578544,0.00034288302,0.00044040984,-0.03536171,0.29955468,1.2409068,0.99442023,1.1059282,-3.714263,0.42656875,0.58778524,-0.9044551,-0.809017
2025-11-14 11:12:00,37701576,1,2025-11-14 11:13:00,0.684786785216542,1.0,0.61,1.05,0.23282443,0.4054054,1.2780488,1.2392344,0.00056392944,0.0005678136,-1.0404491,-1.0288606,-0.18605366,-0.17230324,-3.826604,-3.355595,0.20791169,0.20364176,-0.9781476,-0.97904545
2025-11-14 11:12:00,37701576,2,2025-11-14 11:51:00,0.8386654455262179,39.0,0.61,0.57,0.23282443,0.23076923,1.2780488,1.0669546,0.00056392944,0.000620113,-1.0404491,-2.0847092,-0.18605366,-0.12969373,-3.826604,-2.7509208,0.20791169,0.039259817,-0.9781476,-0.999229
2025-11-14 11:12:00,37701576,3,2025-11-14 11:53:00,0.8752473268798714,41.0,0.61,0.67,0.23282443,0.1722365,1.2780488,1.5345168,0.00056392944,0.0006479865,-1.0404491,-1.8775471,-0.18605366,-0.41031227,-3.826604,-3.2286754,0.20791169,0.030538512,-0.9781476,-0.9995336
2025-11-17 09:17:00,37748984,1,2025-11-17 08:51:00,0.71183791176139,-26.0,2.16,2.47,0.98630136,0.94274807,0.93991417,1.0135397,0.0006007371,0.00064496056,0.97211605,0.049654853,-0.23779245,-0.1846712,-10.091279,-9.641772,0.65275973,0.7343225,-0.75756496,-0.67880076
2025-11-17 09:17:00,37748984,2,2025-11-17 09:18:00,0.8646630743646081,1.0,2.16,2.81,0.98630136,0.89776355,0.93991417,1.3433477,0.0006007371,0.000612496,0.97211605,1.3186405,-0.23779245,-0.10133576,-10.091279,-8.751894,0.65275973,0.64944804,-0.75756496,-0.76040596
2025-11-17 09:17:00,37748984,3,2025-11-17 09:21:00,1.1054893936089256,4.0,2.16,1.85,0.98630136,0.94871795,0.93991417,0.8369099,0.0006007371,0.0005962986,0.97211605,2.1100543,-0.23779245,0.2261945,-10.091279,-8.864447,0.65275973,0.639439,-0.75756496,-0.7688418
2025-11-18 08:48:00,37791981,1,2025-11-18 07:36:00,0.7883475533961072,-72.0,0.49,0.36,0.25,0.16216215,1.0481284,0.86549705,0.0005067614,0.0005898203,-1.7967501,-1.7789072,0.523076,0.35595495,-3.6691725,-7.1681695,0.7431448,0.9135454,-0.6691306,-0.40673664
2025-11-18 08:48:00,37791981,2,2025-11-18 08:58:00,0.9620638171360157,10.0,0.49,0.22,0.25,0.10246856,1.0481284,1.1481284,0.0005067614,0.00050960324,-1.7967501,-1.7335225,0.523076,0.04236826,-3.6691725,-4.1481156,0.7431448,0.71325046,-0.6691306,-0.70090926
2025-11-18 08:48:00,37791981,3,2025-11-18 09:54:00,1.1120276331574006,66.0,0.49,0.56,0.25,0.27722773,1.0481284,0.98536587,0.0005067614,0.00049631286,-1.7967501,-1.6325929,0.523076,-0.08263496,-3.6691725,-7.233236,0.7431448,0.52249855,-0.6691306,-0.85264015
2025-11-19 12:12:00,37836776,1,2025-11-19 11:29:00,0.5646073986159021,-43.0,1.74,1.64,0.80930233,0.84102565,1.1405835,1.1538461,0.0004496374,0.00041065508,2.0285032,2.0072868,0.74124545,0.4417267,6.7300367,6.9153333,-0.052335955,0.13485093,-0.9986295,-0.9908659
2025-11-19 12:12:00,37836776,2,2025-11-19 12:09:00,0.7267963940459878,-3.0,1.74,2.0,0.80930233,0.82304525,1.1405835,1.265625,0.0004496374,0.00046788508,2.0285032,2.6667562,0.74124545,0.4183477,6.7300367,5.393557,-0.052335955,-0.039259817,-0.9986295,-0.999229
2025-11-19 12:12:00,37836776,3,2025-11-19 12:42:00,0.8062912817871236,30.0,1.74,1.83,0.80930233,0.9104478,1.1405835,1.3673469,0.0004496374,0.00041285393,2.0285032,2.4261317,0.74124545,0.4521039,6.7300367,9.28697,-0.052335955,-0.18223552,-0.9986295,-0.9832549
2025-11-20 08:09:00,37874673,1,2025-11-20 08:14:00,0.49851217753109567,5.0,0.647,0.63,0.38443255,0.3559322,1.0129402,1.0464085,0.0004398333,0.00042508118,-0.39096305,-0.88047355,-0.8519353,-1.0639436,-5.9885283,-7.011131,0.8457278,0.83388585,-0.5336145,-0.551937
2025-11-20 08:09:00,37874673,2,2025-11-20 06:48:00,0.7256424312060535,-81.0,0.647,0.68,0.38443255,0.3756906,1.0129402,0.8807786,0.0004398333,0.0005716059,-0.39096305,-0.81709236,-0.8519353,-0.7384231,-5.9885283,-6.2982306,0.8457278,0.9781476,-0.5336145,-0.20791169
2025-11-20 08:09:00,37874673,3,2025-11-20 08:32:00,0.7463967965601689,23.0,0.647,0.57,0.38443255,0.31491712,1.0129402,0.94025975,0.0004398333,0.00043795482,-0.39096305,-0.7519175,-0.8519353,-0.4553752,-5.9885283,-6.6550126,0.8457278,0.7880108,-0.5336145,-0.6156615
2025-11-21 13:14:00,37928869,1,2025-11-21 13:10:00,1.0375001796739736,-4.0,4.673,4.03,0.82227695,0.733661,1.9610076,2.4092104,0.00078701467,0.0007300445,-1.9153838,-1.0732356,-0.8280681,-0.7592501,-5.0378103,-4.7571235,-0.31730467,-0.3007058,-0.94832367,-0.95371693
2025-11-21 13:14:00,37928869,2,2025-11-21 13:05:00,1.113150703613705,-9.0,4.673,4.7,0.82227695,0.9894737,1.9610076,2.3091881,0.00078701467,0.0005918672,-1.9153838,-2.0925205,-0.8280681,-0.47692794,-5.0378103,-4.5889263,-0.31730467,-0.27982903,-0.94832367,-0.96004987
2025-11-21 13:14:00,37928869,3,2025-11-21 12:43:00,1.5598919047180608,-31.0,4.673,2.94,0.82227695,0.69503546,1.9610076,1.8154507,0.00078701467,0.00064612157,-1.9153838,-2.456597,-0.8280681,-0.2441864,-5.0378103,-2.0980628,-0.31730467,-0.18652403,-0.94832367,-0.9824504
2025-11-24 13:01:00,37964561,1,2025-11-24 12:59:00,0.584165357743781,-2.0,1.2,0.89,0.6451613,0.5329341,1.0362117,0.9408451,0.00045631654,0.0004657858,0.57034063,0.40611872,0.36148053,0.17441136,8.8091955,7.407751,-0.2630312,-0.25460196,-0.9647873,-0.96704596
2025-11-24 13:01:00,37964561,2,2025-11-24 14:18:00,0.682514217734099,77.0,1.2,1.03,0.6451613,0.73571426,1.0362117,1.0486891,0.00045631654,0.00034346947,0.57034063,0.39366832,0.36148053,0.3707271,8.8091955,6.9983716,-0.2630312,-0.56640625,-0.9647873,-0.8241262
2025-11-24 13:01:00,37964561,3,2025-11-24 12:55:00,0.693504587123954,-6.0,1.2,1.3,0.6451613,0.7386364,1.0362117,1.0897833,0.00045631654,0.00046190296,0.57034063,0.87746423,0.36148053,0.0161347,8.8091955,7.776588,-0.2630312,-0.23768589,-0.9647873,-0.9713421
2025-11-26 09:36:00,38045554,1,2025-11-26 09:38:00,0.416145600597886,2.0,0.8,0.72,0.29850745,0.25468695,1.5718476,1.5793296,0.00042204012,0.0004650646,-2.2770293,-2.3734093,-0.9255498,-1.1383129,-0.5393697,-1.8219855,0.58778524,0.58070296,-0.809017,-0.8141155
2025-11-26 09:36:00,38045554,2,2025-11-26 09:16:00,0.8202355692306514,-20.0,0.8,0.85,0.29850745,0.4722222,1.5718476,1.3090909,0.00042204012,0.0003645064,-2.2770293,-2.2973285,-0.9255498,-0.933594,-0.5393697,1.9964397,0.58778524,0.656059,-0.809017,-0.7547096
2025-11-26 09:36:00,38045554,3,2025-11-26 09:58:00,0.9091554570705006,22.0,0.8,0.57,0.29850745,0.32947975,1.5718476,1.3410853,0.00042204012,0.000385084,-2.2770293,-2.5163171,-0.9255498,-0.44549462,-0.5393697,-2.5964866,0.58778524,0.5075384,-0.809017,-0.8616292
2025-11-27 08:09:00,38119105,1,2025-11-27 08:10:00,0.5130715648022245,1.0,0.3,0.36,0.36585367,0.4556962,0.8913044,0.89772725,0.00024215231,0.00023846448,0.10939568,-0.46458566,0.16580378,0.17151952,-2.783563,-3.1635814,0.8457278,0.8433914,-0.5336145,-0.53729963
2025-11-27 08:09:00,38119105,2,2025-11-27 08:30:00,0.523228012429386,21.0,0.3,0.46,0.36585367,0.45544556,0.8913044,0.9950739,0.00024215231,0.0002371132,0.10939568,-0.37578005,0.16580378,0.21445784,-2.783563,-2.639866,0.8457278,0.7933533,-0.5336145,-0.6087614
2025-11-27 08:09:00,38119105,3,2025-11-27 08:08:00,0.6183256044014671,-1.0,0.3,0.5,0.36585367,0.5208333,0.8913044,0.93203884,0.00024215231,0.00024560804,0.10939568,0.37262383,0.16580378,0.10671695,-2.783563,-3.0635393,0.8457278,0.8480481,-0.5336145,-0.52991927
2025-11-27 11:02:00,38122859,1,2025-11-27 10:14:00,0.8280739897065535,-48.0,1.75,1.74,0.6481481,0.59385663,2.638007,2.3070867,0.00031233087,0.00033593088,1.6440902,1.0523506,0.30009636,0.12633134,4.9071827,2.4482653,0.25038,0.4461978,-0.96814764,-0.89493436
2025-11-27 11:02:00,38122859,2,2025-11-27 11:05:00,1.0788588404094912,3.0,1.75,1.45,0.6481481,0.6223176,2.638007,1.9804505,0.00031233087,0.00034414412,1.6440902,1.4710549,0.30009636,0.4649853,4.9071827,4.6313324,0.25038,0.23768589,-0.96814764,-0.9713421
2025-11-27 11:02:00,38122859,3,2025-11-27 12:52:00,1.285224775610834,110.0,1.75,1.7,0.6481481,0.70247936,2.638007,2.104348,0.00031233087,0.00033591723,1.6440902,1.0237544,0.30009636,0.5835721,4.9071827,1.4918039,0.25038,-0.22495106,-0.96814764,-0.97437006
2025-12-01 12:14:00,38185142,1,2025-12-01 11:17:00,0.4712074157162873,-57.0,0.93,1.06,0.7380952,0.74647886,0.91073364,0.8800744,0.0003488859,0.00042573016,0.5194009,0.591133,0.9294159,1.0768723,8.912792,9.232122,-0.06104854,0.18652403,-0.9981348,-0.9824504
2025-12-01 12:14:00,38185142,2,2025-12-01 11:09:00,0.5462865529181611,-65.0,0.93,1.0,0.7380952,0.6896552,0.91073364,0.8388776,0.0003488859,0.00040689958,0.5194009,0.15620586,0.9294159,0.909045,8.912792,7.6203747,-0.06104854,0.22069743,-0.9981348,-0.97534233
2025-12-01 12:14:00,38185142,3,2025-12-01 11:24:00,0.5521700539728458,-50.0,0.93,1.12,0.7380952,0.67592037,0.91073364,1.0865574,0.0003488859,0.00039498686,0.5194009,0.2500565,0.9294159,0.85528415,8.912792,10.182537,-0.06104854,0.15643446,-0.9981348,-0.98768836
2025-12-02 11:32:00,38220734,1,2025-12-02 11:21:00,0.5684792330888137,-11.0,0.24,0.45,0.25531915,0.3846154,0.68115944,0.74285716,0.00033885564,0.00037321373,-0.5601163,-0.6168475,0.40434766,0.25579602,-2.6733954,-3.4582062,0.12186934,0.1693495,-0.99254614,-0.98555607
2025-12-02 11:32:00,38220734,2,2025-12-02 11:19:00,0.6828846948244656,-13.0,0.24,0.13,0.25531915,0.1092437,0.68115944,0.75555557,0.00033885564,0.00038413363,-0.5601163,-1.0195526,0.40434766,0.28452766,-2.6733954,-3.634259,0.12186934,0.17794354,-0.99254614,-0.9840407
2025-12-02 11:32:00,38220734,3,2025-12-02 11:36:00,0.7034381547978713,4.0,0.24,0.07,0.25531915,0.11111111,0.68115944,0.47727272,0.00033885564,0.0003059196,-0.5601163,-0.20939466,0.40434766,0.27765775,-2.6733954,-2.9979875,0.12186934,0.104528464,-0.99254614,-0.9945219
2025-12-03 09:33:00,38258178,1,2025-12-03 10:16:00,1.0701651493353301,43.0,2.35,1.33,0.89694655,0.7112299,1.7219849,1.6622223,0.00041102618,0.0003117968,-1.1972152,-1.547548,0.0030618876,-0.24314135,-5.388972,-6.2981977,0.5983246,0.43837115,-0.8012538,-0.89879405
2025-12-03 09:33:00,38258178,2,2025-12-03 09:22:00,1.1798220154518224,-11.0,2.35,1.65,0.89694655,0.70212764,1.7219849,1.5645806,0.00041102618,0.00039987313,-1.1972152,-0.011885151,0.0030618876,-0.06323065,-5.388972,-4.6220965,0.5983246,0.63607824,-0.8012538,-0.77162457
2025-12-03 09:33:00,38258178,3,2025-12-03 10:46:00,1.2385763777917205,73.0,2.35,1.72,0.89694655,0.6515151,1.7219849,1.3333334,0.00041102618,0.00043003703,-1.1972152,-1.183652,0.0030618876,0.117255144,-5.388972,-5.8962493,0.5983246,0.31730467,-0.8012538,-0.94832367
2025-12-04 13:18:00,38293895,1,2025-12-04 13:29:00,0.6784356818618075,11.0,0.24,0.32,0.17518248,0.22377622,1.1913043,1.2767857,0.0002870653,0.00027595073,-1.2192913,-0.41416493,0.17465186,-0.030985717,2.5070987,2.636531,-0.33380687,-0.3786486,-0.9426415,-0.9255405
2025-12-04 13:18:00,38293895,2,2025-12-04 13:27:00,0.7638972028938256,9.0,0.24,0.04,0.17518248,0.037037037,1.1913043,1.0046512,0.0002870653,0.00028139504,-1.2192913,-0.651543,0.17465186,-0.002486506,2.5070987,2.5470805,-0.33380687,-0.37055743,-0.9426415,-0.9288095
2025-12-04 13:18:00,38293895,3,2025-12-04 13:24:00,0.7694280603626367,6.0,0.24,0.29,0.17518248,0.30208334,1.1913043,0.8,0.0002870653,0.00029711454,-1.2192913,-1.1378328,0.17465186,0.17037205,2.5070987,2.8426642,-0.33380687,-0.35836795,-0.9426415,-0.9335804
2025-12-05 15:06:00,38327555,1,2025-12-05 15:47:00,2.0402422418547737,41.0,1.63,1.35,0.84324884,0.813253,2.287574,2.1558442,0.00023407802,0.00023300892,4.6582885,2.3655834,1.12752,0.33052397,12.421183,11.033185,-0.7253744,-0.8362861,-0.68835455,-0.54829323
2025-12-05 15:06:00,38327555,2,2025-12-05 15:08:00,2.0447055959089178,2.0,1.63,0.94,0.84324884,0.54651165,2.287574,1.8425281,0.00023407802,0.00025946784,4.6582885,2.434181,1.12752,1.2885766,12.421183,10.776742,-0.7253744,-0.7313537,-0.68835455,-0.6819984
2025-12-05 15:06:00,38327555,3,2025-12-05 14:18:00,2.0974694175768125,-48.0,1.63,0.83,0.84324884,0.65873015,2.287574,1.4237288,0.00023407802,0.00020884226,4.6582885,4.023884,1.12752,0.3146005,12.421183,10.86105,-0.7253744,-0.56640625,-0.68835455,-0.8241262
2025-12-08 16:57:00,38381092,1,2025-12-08 16:09:00,0.6258892264443928,-48.0,1.82,1.86,0.58899677,0.66738427,2.0130293,2.0954888,0.00050254236,0.00043777094,-0.090044305,-0.17370749,-0.5143146,-0.48072815,-4.602571,-0.42077413,-0.9624552,-0.88498765,-0.27144045,-0.46561453
2025-12-08 16:57:00,38381092,2,2025-12-08 16:56:00,0.6643560386860818,-1.0,1.82,1.49,0.58899677,0.4950166,2.0130293,1.9609121,0.00050254236,0.00048382703,-0.090044305,-0.8266148,-0.5143146,-0.41404352,-4.602571,-3.8789651,-0.9624552,-0.9612617,-0.27144045,-0.27563736
2025-12-08 16:57:00,38381092,3,2025-12-08 16:21:00,0.8992777472538709,-36.0,1.82,1.817,0.58899677,0.51914287,2.0130293,1.6470588,0.00050254236,0.0004757081,-0.090044305,0.0749124,-0.5143146,-0.28231364,-4.602571,0.16093604,-0.9624552,-0.90814316,-0.27144045,-0.41865975
2025-12-09 10:35:00,38394143,1,2025-12-09 10:34:00,0.5677342587160946,-1.0,0.42,0.51,0.5753425,0.53125,0.46645367,0.6134185,0.0003529068,0.00036658513,0.69155663,1.4097046,-0.39232245,-0.4172634,-5.8425,-5.3929815,0.36243805,0.3665012,-0.93200785,-0.9304176
2025-12-09 10:35:00,38394143,2,2025-12-09 10:39:00,0.6265598822698728,4.0,0.42,0.54,0.5753425,0.56842107,0.46645367,0.7169811,0.0003529068,0.00033118582,0.69155663,0.30337733,-0.39232245,-0.13643149,-5.8425,-5.6173935,0.36243805,0.34611705,-0.93200785,-0.93819135
2025-12-09 10:35:00,38394143,3,2025-12-09 10:32:00,0.6733874324563317,-3.0,0.42,0.65,0.5753425,0.6372549,0.46645367,0.6517572,0.0003529068,0.0003748148,0.69155663,-0.038296197,-0.39232245,-0.53334403,-5.8425,-5.121163,0.36243805,0.37460658,-0.93200785,-0.92718387
2025-12-09 20:33:00,38422656,1,2025-12-09 21:09:00,0.6503524742631808,36.0,0.52,0.69,0.3151515,0.43670887,1.0621178,1.2295719,0.0004097376,0.00034640782,0.15082805,0.22664315,-0.6711481,-0.5492947,5.5878296,3.7622194,-0.78531694,-0.67880076,0.61909395,0.7343225
2025-12-09 20:33:00,38422656,2,2025-12-09 20:56:00,0.6759018642537019,23.0,0.52,0.54,0.3151515,0.36486486,1.0621178,1.2032521,0.0004097376,0.00034772741,0.15082805,-0.36237985,-0.6711481,-0.38146374,5.5878296,5.7007647,-0.78531694,-0.7193398,0.61909395,0.6946584
2025-12-09 20:33:00,38422656,3,2025-12-09 20:55:00,0.7141718108738406,22.0,0.52,0.34,0.3151515,0.265625,1.0621178,1.0406504,0.0004097376,0.0003474513,0.15082805,-0.5953963,-0.6711481,-0.4132987,5.5878296,5.355224,-0.78531694,-0.72236395,0.61909395,0.69151306
2025-12-10 12:33:00,38441014,1,2025-12-10 13:29:00,0.6401419845714932,56.0,0.95,0.92,0.7251908,0.73015875,1.3717277,1.1402715,0.0002542828,0.0002880118,-0.093706205,-0.38093436,-0.030889263,-0.23853785,-11.011445,-12.169143,-0.14349262,-0.3786486,-0.9896514,-0.9255405
2025-12-10 12:33:00,38441014,2,2025-12-10 13:26:00,0.658179829294212,53.0,0.95,1.19,0.7251908,0.8321678,1.3717277,1.2694186,0.0002542828,0.00029264338,-0.093706205,-0.39112726,-0.030889263,-0.21172695,-11.011445,-11.333933,-0.14349262,-0.3665012,-0.9896514,-0.9304176
2025-12-10 12:33:00,38441014,3,2025-12-10 13:56:00,0.8020179515252617,83.0,0.95,0.88,0.7251908,0.6567164,1.3717277,1.3814433,0.0002542828,0.00026513392,-0.093706205,-0.51284575,-0.030889263,-0.3091938,-11.011445,-13.328735,-0.14349262,-0.4848096,-0.9896514,-0.8746197
2025-12-10 14:17:00,38443239,1,2025-12-10 14:25:00,0.5058138361779633,8.0,0.63,0.517,0.4064516,0.3976923,1.8343195,1.8309859,0.00022791653,0.00020476784,1.5270995,0.9196404,0.4813958,0.646328,-12.261895,-13.145279,-0.56280494,-0.59130967,-0.82658976,-0.8064446
2025-12-10 14:17:00,38443239,2,2025-12-10 14:16:00,1.0165587203151654,-1.0,0.63,0.86,0.4064516,0.6515151,1.8343195,1.5621302,0.00022791653,0.00021705657,1.5270995,1.4060167,0.4813958,0.4428209,-12.261895,-13.571089,-0.56280494,-0.5591929,-0.82658976,-0.82903755
2025-12-10 14:17:00,38443239,3,2025-12-10 14:52:00,1.2054582258562747,35.0,0.63,0.343,0.4064516,0.44545454,1.8343195,1.1,0.00022791653,0.0001670773,1.5270995,1.5731982,0.4813958,0.40414575,-12.261895,-13.933694,-0.56280494,-0.6819984,-0.82658976,-0.7313537
2025-12-10 16:17:00,38448404,1,2025-12-10 16:44:00,0.6272396980283803,27.0,1.95,1.77,0.82978725,0.93157893,1.2051282,1.2721795,0.00038995143,0.0003868767,1.3010162,0.83086807,-0.01582296,0.1762937,-4.197072,-3.1722279,-0.90069824,-0.94551855,-0.43444526,-0.32556817
2025-12-10 16:17:00,38448404,2,2025-12-10 17:06:00,0.8211869887181058,49.0,1.95,1.43,0.82978725,0.7900553,1.2051282,1.0936556,0.00038995143,0.00040598487,1.3010162,0.3752271,-0.01582296,-0.07366051,-4.197072,-2.1367788,-0.90069824,-0.9723699,-0.43444526,-0.23344536
2025-12-10 16:17:00,38448404,3,2025-12-10 17:07:00,0.9281665555006887,50.0,1.95,2.32,0.82978725,0.82857144,1.2051282,1.6918429,0.00038995143,0.0004243598,1.3010162,1.3174102,-0.01582296,0.09425703,-4.197072,-0.7577066,-0.90069824,-0.97337925,-0.43444526,-0.2292004
2025-12-10 16:31:00,38449900,1,2025-12-10 16:37:00,0.28856855331942605,6.0,0.53,0.37,0.239819,0.1957672,1.2886298,1.2570668,0.00039147,0.0003815942,-0.66948247,-0.51201046,0.22339648,0.10870473,-4.846845,-5.059394,-0.9255405,-0.9351352,-0.3786486,-0.35429105
2025-12-10 16:31:00,38449900,2,2025-12-10 16:34:00,0.7593228880044061,3.0,0.53,0.3,0.239819,0.23255815,1.2886298,0.857998,0.00039147,0.00038104196,-0.66948247,-0.1769204,0.22339648,0.21030077,-4.846845,-4.4697223,-0.9255405,-0.9304176,-0.3786486,-0.3665012
2025-12-10 16:31:00,38449900,3,2025-12-10 16:21:00,0.8218615649083117,-10.0,0.53,0.61,0.239819,0.2824074,1.2886298,1.0854272,0.00039147,0.00040634867,-0.66948247,-1.0325433,0.22339648,-0.20930168,-4.846845,-6.1548157,-0.9255405,-0.90814316,-0.3786486,-0.41865975
2025-12-11 09:32:00,38487563,1,2025-12-11 09:33:00,0.5306569188343436,1.0,0.23,0.36,0.29113925,0.29752067,0.70535713,1.0083333,0.00032445556,0.0003218165,0.42413947,0.76683354,1.050465,1.0633818,-7.274278,-7.5982075,0.60181504,0.5983246,-0.7986355,-0.8012538
2025-12-11 09:32:00,38487563,2,2025-12-11 09:29:00,0.8185293641592768,-3.0,0.23,0.44,0.29113925,0.3188406,0.70535713,1.0387655,0.00032445556,0.0003479395,0.42413947,0.9687488,1.050465,0.7455852,-7.274278,-8.120589,0.60181504,0.6122173,-0.7986355,-0.7906896
2025-12-11 09:32:00,38487563,3,2025-12-11 10:49:00,0.8870094106904526,77.0,0.23,0.48,0.29113925,0.44444445,0.70535713,0.89626557,0.00032445556,0.00029340832,0.42413947,0.7676361,1.050465,1.0170355,-7.274278,-4.3883753,0.60181504,0.3048643,-0.7986355,-0.9523958
2025-12-11 13:09:00,38492680,1,2025-12-11 12:50:00,0.9450170444183552,-19.0,1.16,0.8,0.74358976,0.6722689,1.3276596,1.0227761,0.00030624063,0.00031699185,2.7355545,2.414173,1.4658262,1.0860765,2.6779087,-1.1255767,-0.29654157,-0.21643962,-0.95501995,-0.976296
2025-12-11 13:09:00,38492680,2,2025-12-11 13:06:00,0.9461312866027841,-3.0,1.16,0.94,0.74358976,0.6184211,1.3276596,1.278923,0.00030624063,0.00029399677,2.7355545,3.4471982,1.4658262,1.0689023,2.6779087,0.76077443,-0.29654157,-0.28401536,-0.95501995,-0.95881975
2025-12-11 13:09:00,38492680,3,2025-12-11 13:08:00,1.09607267361364,-1.0,1.16,1.0,0.74358976,0.5076142,1.3276596,1.6765957,0.00030624063,0.00030148603,2.7355545,3.1563718,1.4658262,1.311524,2.6779087,1.7738676,-0.29654157,-0.2923717,-0.95501995,-0.9563047
2025-12-12 11:25:00,38528027,1,2025-12-12 10:27:00,0.5579002758922944,-58.0,0.45,0.48,0.4368932,0.45714286,0.6313209,0.8171206,0.00036752335,0.00027507287,1.265632,1.178853,0.40699512,0.28171083,10.843957,10.371187,0.15212339,0.39474386,-0.98836154,-0.91879123
2025-12-12 11:25:00,38528027,2,2025-12-12 11:31:00,0.6109570507044702,6.0,0.45,0.27,0.4368932,0.4376013,0.6313209,0.45703703,0.00036752335,0.0003109163,1.265632,0.81633395,0.40699512,0.60855186,10.843957,13.620955,0.15212339,0.12619896,-0.98836154,-0.99200493
2025-12-12 11:25:00,38528027,3,2025-12-12 11:30:00,0.6420337450143756,5.0,0.45,0.24,0.4368932,0.38709676,0.6313209,0.4386275,0.00036752335,0.00032380543,1.265632,0.69040567,0.40699512,0.5757165,10.843957,12.872502,0.15212339,0.13052619,-0.98836154,-0.9914449
2025-12-15 12:29:00,38568721,1,2025-12-15 12:13:00,0.4567455745675095,-16.0,0.72,0.52,0.6185567,0.7027027,0.84043324,0.6666667,0.00031115278,0.00029825076,1.0202563,1.0720946,-0.051617295,0.007903971,12.629611,13.514687,-0.12619896,-0.056692787,-0.99200493,-0.9983917
2025-12-15 12:29:00,38568721,2,2025-12-15 13:08:00,0.7086093027296769,39.0,0.72,0.35,0.6185567,0.49295774,0.84043324,0.6522738,0.00031115278,0.00027226342,1.0202563,0.7609899,-0.051617295,-0.18357949,12.629611,11.126555,-0.12619896,-0.2923717,-0.99200493,-0.9563047
2025-12-15 12:29:00,38568721,3,2025-12-15 13:54:00,0.7335263289046838,85.0,0.72,0.52,0.6185567,0.5591398,0.84043324,0.80068874,0.00031115278,0.00029030698,1.0202563,1.0552171,-0.051617295,0.05672091,12.629611,8.332049,-0.12619896,-0.47715876,-0.99200493,-0.87881714
2025-12-15 15:00:00,38570537,1,2025-12-15 14:56:00,0.5228440896150691,-4.0,0.2,0.14,0.22988506,0.15384616,0.9775281,1.0769231,0.00021921014,0.00021727021,0.17858335,0.6995237,0.6528462,0.78716403,11.280645,11.352675,-0.70710677,-0.6946584,-0.70710677,-0.7193398
2025-12-15 15:00:00,38570537,2,2025-12-15 14:54:00,0.5398919894934299,-6.0,0.2,0.09,0.22988506,0.12162162,0.9775281,0.9736842,0.00021921014,0.00022096072,0.17858335,0.55230176,0.6528462,0.8111961,11.280645,11.628506,-0.70710677,-0.68835455,-0.70710677,-0.7253744
2025-12-15 15:00:00,38570537,3,2025-12-15 14:31:00,0.635880312819841,-29.0,0.2,0.21,0.22988506,0.28493893,0.9775281,0.7520408,0.00021921014,0.00026091642,0.17858335,-0.24721871,0.6528462,0.56350696,11.280645,8.140491,-0.70710677,-0.6122173,-0.70710677,-0.7906896
2025-12-16 08:41:00,38612361,1,2025-12-16 08:27:00,0.9289479538903866,-14.0,0.35,0.28,0.21472393,0.18543047,0.8274112,1.0449827,0.00054575945,0.00030424644,0.89123106,0.13811235,-0.9734938,-0.91541314,-9.707494,-12.718019,0.76323247,0.8012538,-0.646124,-0.5983246
2025-12-16 08:41:00,38612361,2,2025-12-16 08:40:00,0.9644748766106709,-1.0,0.35,0.47,0.21472393,0.43925235,0.8274112,0.5431472,0.00054575945,0.00055838254,0.89123106,0.6490807,-0.9734938,-1.0667429,-9.707494,-9.387452,0.76323247,0.76604444,-0.646124,-0.64278764
2025-12-16 08:41:00,38612361,3,2025-12-16 08:36:00,1.1522915526063175,-5.0,0.35,0.82,0.21472393,0.33606556,0.8274112,1.3785311,0.00054575945,0.0005504008,0.89123106,0.837388,-0.9734938,-1.3313482,-9.707494,-10.677354,0.76323247,0.777146,-0.646124,-0.6293204
2025-12-17 08:21:00,38648802,1,2025-12-17 08:23:00,0.4486896945965431,2.0,0.6,0.76,0.5263158,0.608,0.91566265,1.004016,0.00032637635,0.00031930875,0.65052336,0.8236249,0.68159336,0.8276901,10.768138,12.0945,0.81664157,0.811574,-0.5771452,-0.5842497
2025-12-17 08:21:00,38648802,2,2025-12-17 08:46:00,0.4560733810564691,25.0,0.6,0.69,0.5263158,0.52272725,0.91566265,0.73130196,0.00032637635,0.0004068539,0.65052336,0.79875296,0.68159336,0.8200151,10.768138,10.961239,0.81664157,0.7489557,-0.5771452,-0.66262007
2025-12-17 08:21:00,38648802,3,2025-12-17 08:42:00,0.5017353753873407,21.0,0.6,0.81,0.5263158,0.43085107,0.91566265,1.0415512,0.00032637635,0.00040781786,0.65052336,0.7746445,0.68159336,0.7128983,10.768138,9.857292,0.81664157,0.76040596,-0.5771452,-0.64944804
2025-12-17 09:38:00,38650723,1,2025-12-17 10:00:00,0.786483482509351,22.0,1.92,1.67,0.7529412,0.81463414,1.8478261,1.5630957,0.00038496256,0.00035943897,1.2717358,1.1697884,-0.79157287,-0.43643042,4.9267464,3.8513503,0.58070296,0.5,-0.8141155,-0.8660254
2025-12-17 09:38:00,38650723,2,2025-12-17 10:28:00,1.1856730789407333,50.0,1.92,1.67,0.7529412,0.5318471,1.8478261,1.8690476,0.00038496256,0.0004386357,1.2717358,0.6593862,-0.79157287,-0.53227544,4.9267464,-0.39801592,0.58070296,0.39073113,-0.8141155,-0.92050487
2025-12-17 09:38:00,38650723,3,2025-12-17 10:26:00,1.3742360409230034,48.0,1.92,1.73,0.7529412,0.8277512,1.8478261,1.2440476,0.00038496256,0.00040898743,1.2717358,0.21497123,-0.79157287,-0.6326481,4.9267464,-0.27691075,0.58070296,0.39874908,-0.8141155,-0.9170601
2025-12-18 08:05:00,38683859,1,2025-12-18 08:11:00,1.1677922516814632,6.0,0.85,0.613,0.49707603,0.46793893,2.25,1.5411764,0.00022090806,0.0002339903,1.7759025,1.3044282,0.85602164,0.7930994,-0.13982075,1.0807608,0.85491186,0.841039,-0.51877326,-0.5409745
2025-12-18 08:05:00,38683859,2,2025-12-18 08:07:00,1.1737758230525306,2.0,0.85,0.78,0.49707603,0.45614034,2.25,2.0515897,0.00022090806,0.0002315575,1.7759025,0.16944937,0.85602164,0.6908301,-0.13982075,-0.81006014,0.85491186,0.8503522,-0.51877326,-0.52621394
2025-12-18 08:05:00,38683859,3,2025-12-18 08:13:00,1.2886359878601257,8.0,0.85,1.417,0.49707603,0.7885364,2.25,2.0420454,0.00022090806,0.00023954886,1.7759025,2.445377,0.85602164,0.96804464,-0.13982075,2.502186,0.85491186,0.8362861,-0.51877326,-0.54829323
2025-12-18 10:02:00,38686016,1,2025-12-18 09:57:00,0.4994772468882298,-5.0,0.25,0.26,0.34246576,0.3880597,0.9864865,0.943662,0.00019772173,0.00020406839,0.14006113,-0.36189038,-0.102549054,-0.30254766,-0.54585284,-0.66371495,0.49242356,0.5112931,-0.8703557,-0.8594064
2025-12-18 10:02:00,38686016,2,2025-12-18 10:01:00,0.5084213246562647,-1.0,0.25,0.28,0.34246576,0.3255814,0.9864865,1.2112676,0.00019772173,0.0001999592,0.14006113,0.6693438,-0.102549054,-0.06642686,-0.54585284,-0.21709034,0.49242356,0.4962165,-0.8703557,-0.8681988
2025-12-18 10:02:00,38686016,3,2025-12-18 10:24:00,0.5094268825484107,22.0,0.25,0.29,0.34246576,0.25663716,0.9864865,1.1649485,0.00019772173,0.00024363423,0.14006113,0.33164993,-0.102549054,-0.1841033,-0.54585284,-1.9166129,0.49242356,0.40673664,-0.8703557,-0.9135454
2025-12-19 10:43:00,38720385,1,2025-12-19 10:44:00,0.3524644607762724,1.0,0.22,0.23,0.29333332,0.37096775,0.7109005,0.6458333,0.0002779819,0.00026835012,-1.6132371,-1.386807,-0.021794092,-0.077505976,2.4054697,2.670034,0.32969064,0.32556817,-0.944089,-0.94551855
2025-12-19 10:43:00,38720385,2,2025-12-19 10:04:00,0.5149823330006288,-39.0,0.22,0.31,0.29333332,0.29807693,0.7109005,0.9369369,0.0002779819,0.00030637626,-1.6132371,-1.615454,-0.021794092,-0.16140611,2.4054697,0.653006,0.32969064,0.4848096,-0.944089,-0.8746197
2025-12-19 10:43:00,38720385,3,2025-12-19 11:58:00,0.537165770519935,75.0,0.22,0.18,0.29333332,0.30508474,0.7109005,0.5496041,0.0002779819,0.0002533749,-1.6132371,-1.5964168,-0.021794092,0.05440202,2.4054697,2.6938448,0.32969064,0.008726535,-0.944089,-0.9999619
2025-12-19 14:42:00,38723027,1,2025-12-19 13:44:00,0.638384709883605,-58.0,0.18,0.37,0.20454545,0.24390244,1.0666667,1.1865467,0.00019916239,0.00030274736,1.148832,1.53991,-0.16003788,-0.31779757,3.0512426,1.8331043,-0.64944804,-0.43837115,-0.76040596,-0.89879405
2025-12-19 14:42:00,38723027,2,2025-12-19 15:58:00,0.7346297997637012,76.0,0.18,0.17,0.20454545,0.123188406,1.0666667,1.1548117,0.00019916239,0.00030390342,1.148832,0.7150764,-0.16003788,-0.22551744,3.0512426,0.9155742,-0.64944804,-0.8616292,-0.76040596,-0.5075384
2025-12-19 14:42:00,38723027,3,2025-12-19 15:19:00,0.7586971705902549,37.0,0.18,0.16,0.20454545,0.16048144,1.0666667,0.68522334,0.00019916239,0.0003020481,1.148832,1.4389108,-0.16003788,-0.18586811,3.0512426,1.0163538,-0.64944804,-0.76323247,-0.76040596,-0.646124
2025-12-22 08:17:00,38755615,1,2025-12-22 07:55:00,0.8423976268497922,-22.0,1.697,1.29,0.9026596,0.94160587,1.8103033,1.4497354,0.00028389512,0.00026126156,-0.05365077,-0.31330997,0.63503677,0.9484943,19.370483,21.051277,0.82658976,0.87672675,-0.56280494,-0.48098877
2025-12-22 08:17:00,38755615,2,2025-12-22 06:43:00,0.968825372104618,-94.0,1.697,1.51,0.9026596,0.87283236,1.8103033,1.5467143,0.00028389512,0.00028554891,-0.05365077,-0.54240644,0.63503677,0.40262702,19.370483,15.283039,0.82658976,0.9824504,-0.56280494,-0.18652403
2025-12-22 08:17:00,38755615,3,2025-12-22 07:11:00,1.0657359634411017,-66.0,1.697,1.27,0.9026596,0.91366905,1.8103033,1.4685684,0.00028389512,0.0002655666,-0.05365077,1.1050446,0.63503677,0.6012379,19.370483,20.130644,0.82658976,0.9523958,-0.56280494,-0.3048643
2025-12-22 12:07:00,38759834,1,2025-12-22 12:10:00,0.7857841824078506,3.0,0.15,0.317,0.29013538,0.30190477,0.41409692,0.84,0.0003048908,0.0003034708,1.6190352,1.2924165,0.17129898,0.3899021,14.542598,15.08822,-0.030538512,-0.043619387,-0.9995336,-0.99904823
2025-12-22 12:07:00,38759834,2,2025-12-22 10:45:00,0.9391770755367768,-82.0,0.15,0.21,0.29013538,0.20588236,0.41409692,0.68,0.0003048908,0.00036058493,1.6190352,0.9231417,0.17129898,0.18761156,14.542598,18.194382,-0.030538512,0.32143947,-0.9995336,-0.9469301
2025-12-22 12:07:00,38759834,3,2025-12-22 12:14:00,0.9450395491055225,7.0,0.15,0.077,0.29013538,0.1375,0.41409692,0.44853824,0.0003048908,0.0002905486,1.6190352,1.2558923,0.17129898,0.6028345,14.542598,16.707987,-0.030538512,-0.06104854,-0.9995336,-0.9981348
2025-12-23 11:53:00,38786971,1,2025-12-23 11:54:00,0.5618721344584376,1.0,0.6,0.53,0.68728524,0.55789477,0.8475728,0.9405941,0.00024926363,0.0002466003,-1.5459502,-1.4544106,0.31062683,0.15285692,10.038787,9.694275,0.030538512,0.026176948,-0.9995336,-0.99965733
2025-12-23 11:53:00,38786971,2,2025-12-23 10:46:00,0.6772697001948442,-67.0,0.6,0.693,0.68728524,0.76744187,0.8475728,0.9470372,0.00024926363,0.00023385344,-1.5459502,-1.5991458,0.31062683,0.11846305,10.038787,7.035171,0.030538512,0.31730467,-0.9995336,-0.94832367
2025-12-23 11:53:00,38786971,3,2025-12-23 11:19:00,0.7040364997346167,-34.0,0.6,0.86,0.68728524,0.71251035,0.8475728,1.0241833,0.00024926363,0.00025031195,-1.5459502,-0.74787754,0.31062683,0.20158632,10.038787,8.376829,0.030538512,0.17794354,-0.9995336,-0.9840407
2025-12-23 17:38:00,38800885,1,2025-12-23 17:39:00,0.9831228309607034,1.0,3.38,2.53,0.5168196,0.52708334,1.5802827,1.0946409,0.0010518784,0.0010530741,0.7978897,1.3374764,-0.80524594,-0.6823082,-4.9356556,-4.3689485,-0.9953962,-0.9958049,-0.09584575,-0.091501616
2025-12-23 17:38:00,38800885,2,2025-12-23 17:46:00,1.0019195792104414,8.0,3.38,2.99,0.5168196,0.52640843,1.5802827,1.132941,0.0010518784,0.0010820879,0.7978897,-0.0684444,-0.80524594,-0.584474,-4.9356556,-4.8186464,-0.9953962,-0.9981348,-0.09584575,-0.06104854
2025-12-23 17:38:00,38800885,3,2025-12-23 17:41:00,1.1541265015800428,3.0,3.38,4.55,0.5168196,0.7102716,1.5802827,1.4156907,0.0010518784,0.0010484685,0.7978897,0.22474405,-0.80524594,-0.53309906,-4.9356556,-4.9630284,-0.9953962,-0.9965655,-0.09584575,-0.082808204
2025-12-29 06:11:00,81950224,1,2025-12-29 05:47:00,0.49587318189866153,-24.0,0.71,0.88,0.58677685,0.56774193,0.5831325,0.8192389,0.00044782422,0.00048713357,1.1670085,1.1684742,0.64963675,0.48966277,2.2910023,1.895542,0.9988484,0.9983917,-0.04797813,0.056692787
2025-12-29 06:11:00,81950224,2,2025-12-29 05:30:00,0.8524585855152044,-41.0,0.71,0.57,0.58677685,0.41911766,0.5831325,0.7195767,0.00044782422,0.0004893873,1.1670085,0.92383295,0.64963675,0.90510106,2.2910023,0.5820564,0.9988484,0.9914449,-0.04797813,0.13052619
2025-12-29 06:11:00,81950224,3,2025-12-29 05:44:00,0.8688133182341203,-27.0,0.71,0.83,0.58677685,0.4940476,0.5831325,0.8879493,0.00044782422,0.00049519044,1.1670085,1.0830356,0.64963675,0.28148177,2.2910023,0.64294875,0.9988484,0.9975641,-0.04797813,0.06975647
2025-12-30 07:20:00,81979298,1,2025-12-30 07:25:00,0.5257351465772722,5.0,0.43,0.51,0.671875,0.68,0.5765766,0.7246377,0.00029782968,0.0002573994,0.91594404,0.7301543,0.34049082,0.57769144,10.77634,13.124318,0.9396926,0.93200785,-0.34202015,-0.36243805
2025-12-30 07:20:00,81979298,2,2025-12-30 06:23:00,0.7476113990203266,-57.0,0.43,0.93,0.671875,0.7322835,0.5765766,0.7167043,0.00029782968,0.0004491729,0.91594404,0.9743672,0.34049082,0.52495265,10.77634,9.2058935,0.9396926,0.99496853,-0.34202015,-0.10018806
2025-12-30 07:20:00,81979298,3,2025-12-30 07:17:00,0.8659832677410911,-3.0,0.43,0.89,0.671875,0.76724136,0.5765766,1.0,0.00029782968,0.00031354843,0.91594404,1.2651005,0.34049082,0.18598017,10.77634,9.594594,0.9396926,0.944089,-0.34202015,-0.32969064
2025-12-30 12:12:00,81983513,1,2025-12-30 13:23:00,0.8086018874966142,71.0,1.46,1.27,0.5488722,0.5852535,1.52,1.528169,0.00043216345,0.0003772298,1.979814,1.5319313,1.3789667,1.1611949,7.7276173,12.407619,-0.052335955,-0.35429105,-0.9986295,-0.9351352
2025-12-30 12:12:00,81983513,2,2025-12-30 10:48:00,0.8508985700804901,-84.0,1.46,1.07,0.5488722,0.52528226,1.52,1.277116,0.00043216345,0.00039371627,1.979814,1.9668617,1.3789667,1.3947375,7.7276173,12.940431,-0.052335955,0.309017,-0.9986295,-0.95105654
2025-12-30 12:12:00,81983513,3,2025-12-30 13:28:00,1.034289006734018,76.0,1.46,0.93,0.5488722,0.5344828,1.52,1.2,0.00043216345,0.0004011132,1.979814,2.2871003,1.3789667,1.1696894,7.7276173,13.879488,-0.052335955,-0.37460658,-0.9986295,-0.92718387
2026-01-02 09:31:00,82028698,1,2026-01-02 08:58:00,0.90100670426371,-33.0,1.04,0.78,0.5024155,0.5735294,1.6781516,1.3418846,0.00032955426,0.00025494068,0.78310627,1.1194435,0.45378426,0.49928334,12.385371,18.12047,0.605294,0.71325046,-0.79600203,-0.70090926
2026-01-02 09:31:00,82028698,2,2026-01-02 09:29:00,0.9151074636983831,-2.0,1.04,1.53,0.5024155,0.5953307,1.6781516,2.0835023,0.00032955426,0.00032210417,0.78310627,1.4604326,0.45378426,0.33508962,12.385371,13.131886,0.605294,0.6122173,-0.79600203,-0.7906896
2026-01-02 09:31:00,82028698,3,2026-01-02 10:17:00,0.931199947180941,46.0,1.04,1.35,0.5024155,0.45302013,1.6781516,1.7126436,0.00032955426,0.00040860695,0.78310627,0.061533887,0.45378426,0.17151134,12.385371,7.350437,0.605294,0.43444526,-0.79600203,-0.90069824
2026-01-05 11:12:00,82061725,1,2026-01-05 11:09:00,0.308075132505945,-3.0,0.737,0.6,0.5264286,0.46153846,0.99892974,0.9342436,0.0003554002,0.0003633472,0.43730444,0.31125268,-0.19322567,-0.12157883,10.995121,11.362372,0.20791169,0.22069743,-0.9781476,-0.97534233
2026-01-05 11:12:00,82061725,2,2026-01-05 11:40:00,0.5209351965748098,28.0,0.737,0.5,0.5264286,0.46296296,0.99892974,0.7854546,0.0003554002,0.00037132084,0.43730444,0.535493,-0.19322567,-0.10447141,10.995121,12.920045,0.20791169,0.087155744,-0.9781476,-0.9961947
2026-01-05 11:12:00,82061725,3,2026-01-05 10:57:00,0.5747837861582007,-15.0,0.737,0.963,0.5264286,0.642,0.99892974,0.9493671,0.0003554002,0.00035904115,0.43730444,0.9215646,-0.19322567,-0.17114332,10.995121,12.05576,0.20791169,0.27144045,-0.9781476,-0.9624552
2026-01-06 08:52:00,82095097,1,2026-01-06 08:50:00,0.7285105037503214,-2.0,0.0,0.24,0.0,0.105726875,1.2232162,0.9906175,0.0005282778,0.00049853337,-2.1309268,-1.5113608,-1.2772027,-1.1608297,1.058144,2.3455226,0.7313537,0.7372773,-0.6819984,-0.6755902
2026-01-06 08:52:00,82095097,2,2026-01-06 08:49:00,1.1337717137005012,-3.0,0.0,0.64,0.0,0.2601626,1.2232162,1.1276644,0.0005282778,0.0004977656,-2.1309268,-1.5543627,-1.2772027,-1.135036,1.058144,2.192458,0.7313537,0.7402181,-0.6819984,-0.6723668
2026-01-06 08:52:00,82095097,3,2026-01-06 09:01:00,1.2995302233795512,9.0,0.0,0.04,0.0,0.025316456,1.2232162,0.5540943,0.0005282778,0.0005365655,-2.1309268,-1.1009376,-1.2772027,-1.4555027,1.058144,-0.8370746,0.7313537,0.7040147,-0.6819984,-0.71018535
2026-01-07 16:04:00,82147110,1,2026-01-07 16:03:00,0.4262443503324504,-1.0,1.22,1.03,0.49392712,0.47247708,1.3416622,1.2037548,0.00048475328,0.00047919207,0.27830803,0.7740222,-0.50164104,-0.53927314,-8.54382,-8.09645,-0.8746197,-0.872496,-0.4848096,-0.48862123
2026-01-07 16:04:00,82147110,2,2026-01-07 15:05:00,0.630215512723531,-59.0,1.22,1.59,0.49392712,0.5781818,1.3416622,1.2971698,0.00048475328,0.00045864843,0.27830803,0.43625748,-0.50164104,-0.696846,-8.54382,-9.510571,-0.8746197,-0.72236395,-0.4848096,-0.69151306
2026-01-07 16:04:00,82147110,3,2026-01-07 14:57:00,0.7005216950823095,-67.0,1.22,0.9,0.49392712,0.38626608,1.3416622,1.1887755,0.00048475328,0.0004361264,0.27830803,-0.020605385,-0.50164104,-0.4173655,-8.54382,-8.495668,-0.8746197,-0.69779044,-0.4848096,-0.7163019
2026-01-08 09:05:00,82169230,1,2026-01-08 08:42:00,1.1003621294236086,-23.0,5.73,5.11,0.9153355,0.807267,2.644698,2.4220395,0.0006892983,0.000682517,-2.341157,-1.5012869,0.1464584,-0.2870051,-7.894725,-7.5910764,0.69151306,0.76040596,-0.72236395,-0.64944804
2026-01-08 09:05:00,82169230,2,2026-01-08 09:46:00,1.7722299312875966,41.0,5.73,4.077,0.9153355,0.8730193,2.644698,2.1275628,0.0006892983,0.00054656103,-2.341157,-1.518138,0.1464584,0.7653812,-7.894725,-3.7566354,0.69151306,0.551937,-0.72236395,-0.83388585
2026-01-08 09:05:00,82169230,3,2026-01-08 10:49:00,2.143905751864275,104.0,5.73,3.327,0.9153355,0.9532951,2.644698,2.0511312,0.0006892983,0.00044902693,-2.341157,-2.025198,0.1464584,-0.51250905,-7.894725,-5.8185897,0.69151306,0.3048643,-0.72236395,-0.9523958
2026-01-09 09:03:00,82199073,1,2026-01-09 09:05:00,0.2446996386950011,2.0,0.28,0.29,0.22950819,0.23015873,0.85314685,0.8811189,0.00035894895,0.00036119737,1.4380208,1.3564026,0.3096555,0.4559216,2.041307,2.4090362,0.69779044,0.69151306,-0.7163019,-0.72236395
2026-01-09 09:03:00,82199073,2,2026-01-09 09:18:00,0.6378177131311727,15.0,0.28,0.27,0.22950819,0.17088607,0.85314685,1.0031747,0.00035894895,0.00034837297,1.4380208,0.9377706,0.3096555,0.03996258,2.041307,1.8206438,0.69779044,0.64944804,-0.7163019,-0.76040596
2026-01-09 09:03:00,82199073,3,2026-01-09 10:54:00,0.812120108214287,111.0,0.28,0.15,0.22950819,0.15463917,0.85314685,0.88990825,0.00035894895,0.00029817416,1.4380208,1.1171988,0.3096555,0.2598768,2.041307,4.2291327,0.69779044,0.28401536,-0.7163019,-0.95881975
2026-01-12 07:30:00,82241706,1,2026-01-12 07:54:00,0.8233335000025015,24.0,1.26,0.87,0.47908744,0.51785713,2.1295547,1.6884422,0.00031889157,0.00029089555,-0.6726968,-1.1065029,-0.039786093,0.044528566,-0.85721475,-1.9486581,0.9238795,0.87881714,-0.38268343,-0.47715876
2026-01-12 07:30:00,82241706,2,2026-01-12 07:32:00,0.840788684263904,2.0,1.26,0.8,0.47908744,0.35714287,2.1295547,1.7431906,0.00031889157,0.00033733764,-0.6726968,-0.9021101,-0.039786093,-0.1862325,-0.85721475,-1.3076727,0.9238795,0.92050487,-0.38268343,-0.39073113
2026-01-12 07:30:00,82241706,3,2026-01-12 07:34:00,1.2292637027128492,4.0,1.26,1.52,0.47908744,0.61538464,2.1295547,1.7963636,0.00031889157,0.00036385952,-0.6726968,-1.9319501,-0.039786093,-0.33617422,-0.85721475,-1.9350107,0.9238795,0.9170601,-0.38268343,-0.39874908
2026-01-12 11:25:00,82462486,1,2026-01-12 11:20:00,0.8392539545622542,-5.0,0.05,0.17,0.1,0.10967742,0.28628686,0.79835176,0.00040419877,0.00042809095,-0.3563271,-0.06116212,-0.42582542,-0.5251543,5.6237197,5.6715336,0.15212339,0.17364818,-0.98836154,-0.9848077
2026-01-12 11:25:00,82462486,2,2026-01-12 10:32:00,0.9715356833166594,-53.0,0.05,0.09,0.1,0.06521739,0.28628686,0.76243097,0.00040419877,0.00040190428,-0.3563271,-0.27154514,-0.42582542,-0.09301838,5.6237197,5.537622,0.15212339,0.37460658,-0.98836154,-0.92718387
2026-01-12 11:25:00,82462486,3,2026-01-12 11:23:00,0.9963950341020901,-2.0,0.05,0.3,0.1,0.2027027,0.28628686,0.7622972,0.00040419877,0.00043498244,-0.3563271,0.39139277,-0.42582542,-0.5076862,5.6237197,4.758136,0.15212339,0.16074257,-0.98836154,-0.98699635
2026-01-12 14:11:00,82465593,1,2026-01-12 14:06:00,0.6762115194717123,-5.0,0.43,0.23,0.2721519,0.18548387,1.3277311,1.0122449,0.0002715595,0.00029117908,0.072167255,-0.2467885,-0.05099061,0.084499426,13.409864,12.471369,-0.5409745,-0.52249855,-0.841039,-0.85264015
2026-01-12 14:11:00,82465593,2,2026-01-12 14:14:00,0.7070806116206738,3.0,0.43,0.2,0.2721519,0.18691589,1.3277311,0.93449783,0.0002715595,0.0002601809,0.072167255,-0.016738672,-0.05099061,-0.102853164,13.409864,13.940698,-0.5409745,-0.551937,-0.841039,-0.83388585
2026-01-12 14:11:00,82465593,3,2026-01-12 14:10:00,0.7427524952153548,-1.0,0.43,0.48,0.2721519,0.3902439,1.3277311,1.0336134,0.0002715595,0.00026600948,0.072167255,-0.5075745,-0.05099061,-0.043506075,13.409864,13.331508,-0.5409745,-0.53729963,-0.841039,-0.8433914
2026-01-13 12:44:00,82494965,1,2026-01-13 12:07:00,0.3703581587857168,-37.0,1.53,1.56,0.9622642,0.9689441,1.3607188,1.298387,0.0002896778,0.00032398818,0.11280562,0.31381643,-0.24331072,-0.15807815,1.0561637,2.898573,-0.190809,-0.030538512,-0.98162717,-0.9995336
2026-01-13 12:44:00,82494965,2,2026-01-13 12:48:00,0.6715805954575893,4.0,1.53,1.167,0.9622642,0.9644628,1.3607188,1.0079134,0.0002896778,0.00029589958,0.11280562,-0.29240584,-0.24331072,-0.1677552,1.0561637,-0.41076657,-0.190809,-0.20791169,-0.98162717,-0.9781476
2026-01-13 12:44:00,82494965,3,2026-01-13 14:13:00,0.802192178057943,89.0,1.53,1.24,0.9622642,1.0,1.3607188,1.3333334,0.0002896778,0.00022156983,0.11280562,0.20663059,-0.24331072,0.03845343,1.0561637,-1.7281332,-0.190809,-0.54829323,-0.98162717,-0.8362861
2026-01-14 06:29:00,82523311,1,2026-01-14 05:54:00,1.2585799331742265,-35.0,1.56,0.893,0.9285714,0.7548605,1.1428572,0.8828358,0.00031114675,0.00035817947,-1.9983736,-1.7346584,-0.5706681,-0.030071257,4.2704325,6.5803537,0.99200493,0.99965733,-0.12619896,0.026176948
2026-01-14 06:29:00,82523311,2,2026-01-14 08:22:00,1.4399019561088442,113.0,1.56,1.477,0.9285714,0.72048783,1.1428572,1.3712375,0.00031114675,0.00033136722,-1.9983736,-1.8225335,-0.5706681,-0.14749122,4.2704325,10.74037,0.99200493,0.8141155,-0.12619896,-0.58070296
2026-01-14 06:29:00,82523311,3,2026-01-14 06:32:00,1.5069394235069429,3.0,1.56,2.13,0.9285714,0.9770642,1.1428572,1.3667711,0.00031114675,0.00034734086,-1.9983736,0.08727853,-0.5706681,-0.5514375,4.2704325,5.26506,0.99200493,0.99026805,-0.12619896,-0.1391731
2026-01-15 09:19:00,82564751,1,2026-01-15 09:22:00,0.4335140758051334,3.0,1.13,1.09,0.63022864,0.59660643,0.8876238,0.9044554,0.0004941781,0.0005011365,0.8870928,0.36816326,1.2615985,1.1264753,2.3367844,1.9398943,0.646124,0.63607824,-0.76323247,-0.77162457
2026-01-15 09:19:00,82564751,2,2026-01-15 09:16:00,0.8613785245302001,-3.0,1.13,0.76,0.63022864,0.46826863,0.8876238,0.79228705,0.0004941781,0.0005103416,0.8870928,0.06381363,1.2615985,1.2919192,2.3367844,1.4531833,0.646124,0.656059,-0.76323247,-0.7547096
2026-01-15 09:19:00,82564751,3,2026-01-15 09:07:00,0.873345612909581,-12.0,1.13,0.923,0.63022864,0.49095744,0.8876238,0.9543147,0.0004941781,0.00052317826,0.8870928,0.3585749,1.2615985,0.9550257,2.3367844,-0.9295837,0.646124,0.685183,-0.76323247,-0.72837096
2026-01-16 09:03:00,82596177,1,2026-01-16 10:41:00,1.162951545892356,98.0,1.51,1.92,0.85795456,0.8135593,1.0741532,1.22693,0.00039169478,0.00043728208,-1.30161,-1.9414134,0.6845284,0.19034655,3.60954,1.2917635,0.69779044,0.33791673,-0.7163019,-0.941176
2026-01-16 09:03:00,82596177,2,2026-01-16 10:23:00,1.2516746183698184,80.0,1.51,1.79,0.85795456,0.6937984,1.0741532,1.6807817,0.00039169478,0.00039015943,-1.30161,-1.25756,0.6845284,0.78057206,3.60954,1.7675447,0.69779044,0.41071886,-0.7163019,-0.91176206
2026-01-16 09:03:00,82596177,3,2026-01-16 11:03:00,1.2806197110969233,120.0,1.51,1.75,0.85795456,0.75757575,1.0741532,1.3430233,0.00039169478,0.00039834148,-1.30161,-0.68659115,0.6845284,0.19853507,3.60954,2.0713196,0.69779044,0.2461533,-0.7163019,-0.9692309
2026-01-16 14:48:00,82600157,1,2026-01-16 14:43:00,0.7630769573957611,-5.0,1.64,1.72,0.74208146,0.9247312,1.5136986,1.3285714,0.00032285345,0.0003231115,0.10742007,0.18784149,0.8863983,1.0181346,6.6690617,6.582461,-0.6691306,-0.65275973,-0.7431448,-0.75756496
2026-01-16 14:48:00,82600157,2,2026-01-16 14:33:00,0.9824859563679162,-15.0,1.64,0.88,0.74208146,0.57894737,1.5136986,1.1471698,0.00032285345,0.0003083666,0.10742007,0.281372,0.8863983,1.0169852,6.6690617,4.695193,-0.6691306,-0.61909395,-0.7431448,-0.78531694
2026-01-16 14:48:00,82600157,3,2026-01-16 13:29:00,1.0347024914809269,-79.0,1.64,0.94,0.74208146,0.5672903,1.5136986,1.3256,0.00032285345,0.00026926675,0.10742007,-0.33839473,0.8863983,1.0242352,6.6690617,4.850467,-0.6691306,-0.3786486,-0.7431448,-0.9255405
2026-01-20 09:00:00,82667342,1,2026-01-20 08:57:00,0.41756970738142585,-3.0,0.617,0.75,0.2628888,0.35211268,1.2048255,1.0923077,0.00045715927,0.00043685007,2.0476851,2.1860244,1.3762497,1.2886865,16.412277,16.45465,0.70710677,0.7163019,-0.70710677,-0.69779044
2026-01-20 09:00:00,82667342,2,2026-01-20 08:58:00,0.5860904806729308,-2.0,0.617,0.28,0.2628888,0.14242116,1.2048255,1.0092403,0.00045715927,0.00043546964,2.0476851,1.9932531,1.3762497,1.2969514,16.412277,16.294233,0.70710677,0.71325046,-0.70710677,-0.70090926
2026-01-20 09:00:00,82667342,3,2026-01-20 07:50:00,1.0049481209498707,-70.0,0.617,0.687,0.2628888,0.31227273,1.2048255,1.3538462,0.00045715927,0.0003620413,2.0476851,2.0700412,1.3762497,0.9443735,16.412277,11.742647,0.70710677,0.8870108,-0.70710677,-0.4617486
2026-01-22 09:25:00,82775023,1,2026-01-22 10:19:00,0.7507655647372727,54.0,1.71,1.81,0.8028169,0.8872549,1.089514,1.0174564,0.00047662068,0.00040825977,2.0600991,2.233429,1.0080518,1.0584112,12.429842,17.942276,0.62592345,0.42656875,-0.77988446,-0.9044551
2026-01-22 09:25:00,82775023,2,2026-01-22 09:26:00,1.065246438181553,1.0,1.71,1.08,0.8028169,0.556701,1.089514,0.9872773,0.00047662068,0.00047117975,2.0600991,2.5713332,1.0080518,1.14171,12.429842,13.0002365,0.62592345,0.62251467,-0.77988446,-0.78260815
2026-01-22 09:25:00,82775023,3,2026-01-22 08:49:00,1.0655159213569811,-36.0,1.71,1.77,0.8028169,0.7375,1.089514,1.3079019,0.00047662068,0.00043915797,2.0600991,2.833194,1.0080518,1.0247713,12.429842,4.3554354,0.62592345,0.7402181,-0.77988446,-0.6723668
2026-01-23 09:00:00,82824133,1,2026-01-23 09:01:00,0.5484246859368123,1.0,0.32,0.15,0.18079096,0.08108108,1.1530944,1.1490684,0.00032481525,0.000328245,-2.1102,-2.5425644,0.13534848,-0.033795483,6.6775475,6.675259,0.70710677,0.7040147,-0.70710677,-0.71018535
2026-01-23 09:00:00,82824133,2,2026-01-23 08:37:00,0.5488906315532379,-23.0,0.32,0.08,0.18079096,0.062992126,1.1530944,1.1981132,0.00032481525,0.0002594975,-2.1102,-1.8424393,0.13534848,0.07603456,6.6775475,6.24471,0.70710677,0.77439266,-0.70710677,-0.63270533
2026-01-23 09:00:00,82824133,3,2026-01-23 08:38:00,0.6227963965084157,-22.0,0.32,0.07,0.18079096,0.06930693,1.1530944,0.9528302,0.00032481525,0.0002555094,-2.1102,-1.950103,0.13534848,0.004589945,6.6775475,6.427039,0.70710677,0.77162457,-0.70710677,-0.63607824
2026-01-26 11:00:00,82913535,1,2026-01-26 11:09:00,0.6124943961376662,9.0,1.08,0.803,0.5966851,0.5818841,0.99450547,0.679301,0.00040846757,0.0004553013,-1.4625002,-1.4539648,-0.10313742,0.0878109,10.507431,10.069489,0.25881904,0.22069743,-0.9659258,-0.97534233
2026-01-26 11:00:00,82913535,2,2026-01-26 11:08:00,0.6129539606244685,8.0,1.08,0.99,0.5966851,0.5103093,0.99450547,0.8732838,0.00040846757,0.00046940005,-1.4625002,-1.2301571,-0.10313742,0.16887507,10.507431,10.106994,0.25881904,0.22495106,-0.9659258,-0.97437006
2026-01-26 11:00:00,82913535,3,2026-01-26 10:59:00,0.7561655393751556,-1.0,1.08,0.72,0.5966851,0.5,0.99450547,0.7346939,0.00040846757,0.00041213518,-1.4625002,-0.7770201,-0.10313742,-0.0025753367,10.507431,10.957976,0.25881904,0.2630312,-0.9659258,-0.9647873
2026-01-28 09:01:00,83084849,1,2026-01-28 08:41:00,0.7768373343678681,-20.0,1.04,0.96,0.25,0.24742268,1.4369602,1.0601093,0.0005799525,0.0006374763,1.22549,1.3926419,0.13801122,0.4140203,17.36414,15.886927,0.7040147,0.76323247,-0.71018535,-0.646124
2026-01-28 09:01:00,83084849,2,2026-01-28 09:33:00,0.788007202040684,32.0,1.04,0.54,0.25,0.1534091,1.4369602,1.3037037,0.0005799525,0.00058438117,1.22549,0.7612767,0.13801122,-0.14870685,17.36414,15.558426,0.7040147,0.5983246,-0.71018535,-0.8012538
2026-01-28 09:01:00,83084849,3,2026-01-28 09:38:00,0.9162220489676264,37.0,1.04,0.54,0.25,0.20769231,1.4369602,0.9122807,0.0005799525,0.00057467265,1.22549,1.1373049,0.13801122,0.22375765,17.36414,16.81162,0.7040147,0.58070296,-0.71018535,-0.8141155
2026-01-30 06:37:00,83314376,1,2026-01-30 06:42:00,1.038820560756524,5.0,2.91,2.97,0.55640537,0.40965518,0.5082604,0.70456755,0.0021742329,0.0021900986,-2.0428767,-2.0895305,-0.15053026,-0.66361976,-11.384377,-13.254026,0.98699635,0.9832549,-0.16074257,-0.18223552
2026-01-30 06:37:00,83314376,2,2026-01-30 06:41:00,1.6299245089737302,4.0,2.91,4.15,0.55640537,0.34184515,0.5082604,1.1556401,0.0021742329,0.0022492735,-2.0428767,-1.5256898,-0.15053026,-0.5382814,-11.384377,-12.689652,0.98699635,0.9840407,-0.16074257,-0.17794354
2026-01-30 06:37:00,83314376,3,2026-01-30 06:38:00,1.6391608906902424,1.0,2.91,5.57,0.55640537,0.69625,0.5082604,0.77745384,0.0021742329,0.0021315117,-2.0428767,-1.8706896,-0.15053026,-0.24183123,-11.384377,-12.130158,0.98699635,0.9862856,-0.16074257,-0.1650476
2026-02-02 22:25:00,83511633,1,2026-02-02 22:24:00,0.9546823692563086,-1.0,2.94,3.94,0.6419214,0.67697597,0.5824379,0.7325362,0.0015838322,0.001631212,2.1002398,1.0910118,-0.16256292,-0.2987579,-3.220213,-3.6197789,-0.40274668,-0.40673664,0.91531146,0.9135454
2026-02-02 22:25:00,83511633,2,2026-02-02 23:43:00,1.0231582918696813,78.0,2.94,2.74,0.6419214,0.5892473,0.5824379,0.64551955,0.0015838322,0.0017245142,2.1002398,1.9050903,-0.16256292,0.25381523,-3.220213,1.2097596,-0.40274668,-0.07410849,0.91531146,0.9972502
2026-02-02 22:25:00,83511633,3,2026-02-02 22:36:00,1.1707661108876968,11.0,2.94,4.27,0.6419214,0.7290422,0.5824379,0.9165884,0.0015838322,0.0015090109,2.1002398,2.1650612,-0.16256292,0.24117106,-3.220213,-2.7954326,-0.40274668,-0.35836795,0.91531146,0.9335804
2026-02-03 14:00:00,83541051,1,2026-02-03 14:24:00,1.033393773380084,24.0,5.28,5.34,0.88294315,0.93356645,1.6964539,1.4818653,0.00084011676,0.00096725626,-3.457802,-2.4468822,-0.84839326,-0.9298263,19.584417,13.906925,-0.5,-0.58778524,-0.8660254,-0.809017
2026-02-03 14:00:00,83541051,2,2026-02-03 12:00:00,1.1601694383171723,-120.0,5.28,6.35,0.88294315,0.7878412,1.6964539,1.7579062,0.00084011676,0.0010357905,-3.457802,-3.915146,-0.84839326,-0.8296865,19.584417,19.598146,-0.5,1.2246469e-16,-0.8660254,-1.0
2026-02-03 14:00:00,83541051,3,2026-02-03 15:22:00,1.3762828739585853,82.0,5.28,6.82,0.88294315,0.8447913,1.6964539,1.5876106,0.00084011676,0.0010859565,-3.457802,-3.9813802,-0.84839326,-0.6799446,19.584417,14.2474985,-0.5,-0.77162457,-0.8660254,-0.63607824
2026-02-04 19:42:00,83699779,1,2026-02-04 20:47:00,0.42974757048559376,65.0,1.06,0.953,0.1980198,0.18649706,0.55043703,0.52890337,0.001835106,0.0018533126,-1.6259645,-1.6568772,-0.27906615,-0.3107306,-12.731458,-11.711051,-0.90258527,-0.7460574,0.4305111,0.6658817
2026-02-04 19:42:00,83699779,2,2026-02-04 20:27:00,0.4873396064547946,45.0,1.06,1.087,0.1980198,0.22093496,0.55043703,0.7219369,0.001835106,0.0017623331,-1.6259645,-1.9381053,-0.27906615,-0.29706287,-12.731458,-13.124354,-0.90258527,-0.8012538,0.4305111,0.5983246
2026-02-04 19:42:00,83699779,3,2026-02-04 20:38:00,1.1260302976393683,56.0,1.06,1.793,0.1980198,0.24585219,0.55043703,0.82560706,0.001835106,0.00205129,-1.6259645,-1.6177921,-0.27906615,0.117932126,-12.731458,-9.938812,-0.90258527,-0.77162457,0.4305111,0.63607824
2026-02-05 17:27:00,83821484,1,2026-02-05 18:39:00,0.7698195174628766,72.0,7.67,7.27,0.8503326,0.88014525,0.9874111,0.98333335,0.0018963036,0.0018326136,2.2657,1.7656753,-0.010000153,-0.28140754,-6.045206,-6.3904057,-0.9896514,-0.98555607,-0.14349262,0.1693495
2026-02-05 17:27:00,83821484,2,2026-02-05 17:24:00,1.2462278023171762,-3.0,7.67,7.52,0.8503326,0.87645686,0.9874111,0.9624229,0.0018963036,0.0019535092,2.2657,0.74396026,-0.010000153,-0.42745227,-6.045206,-7.2945123,-0.9896514,-0.98768836,-0.14349262,-0.15643446
2026-02-05 17:27:00,83821484,3,2026-02-05 19:06:00,1.268696627525275,99.0,7.67,6.84,0.8503326,0.6902119,0.9874111,1.1990321,0.0018963036,0.0018045955,2.2657,1.3070618,-0.010000153,0.16176465,-6.045206,-6.92762,-0.9896514,-0.95881975,-0.14349262,0.28401536
2026-02-06 07:30:00,83897665,1,2026-02-06 08:20:00,1.3861227188017666,50.0,0.53,1.08,0.30994153,0.56842107,0.46341464,0.5184175,0.00084951095,0.00081293075,2.863451,2.0190876,0.27272293,0.7060698,15.804735,17.056767,0.9238795,0.81915206,-0.38268343,-0.57357645
2026-02-06 07:30:00,83897665,2,2026-02-06 07:29:00,1.4508985240931271,-1.0,0.53,0.05,0.30994153,0.034013607,0.46341464,0.398374,0.00084951095,0.0008870703,2.863451,4.289005,0.27272293,0.13702378,15.804735,15.014121,0.9238795,0.9255405,-0.38268343,-0.3786486
2026-02-06 07:30:00,83897665,3,2026-02-06 07:41:00,1.4658198108956106,11.0,0.53,0.75,0.30994153,0.34293553,0.46341464,0.6366812,0.00084951095,0.00078986865,2.863451,0.7714571,0.27272293,0.22853512,15.804735,16.419228,0.9238795,0.9044551,-0.38268343,-0.42656875
2026-02-06 09:16:00,83915642,1,2026-02-06 09:34:00,0.9285712255879549,18.0,4.77,5.22,0.9408284,0.7721894,0.7196593,1.0370485,0.0014754169,0.0015368712,-0.71386504,-0.7188812,-0.40358654,-0.4776718,13.260168,9.684258,0.656059,0.59482276,-0.7547096,-0.80385685
2026-02-06 09:16:00,83915642,2,2026-02-06 10:09:00,1.0955794022122374,53.0,4.77,4.093,0.9408284,0.7583843,0.7196593,0.8337067,0.0014754169,0.0013697416,-0.71386504,-0.41700947,-0.40358654,-0.11576492,13.260168,9.273372,0.656059,0.46561453,-0.7547096,-0.88498765
2026-02-06 09:16:00,83915642,3,2026-02-06 09:53:00,1.1683135944086884,37.0,4.77,3.77,0.9408284,0.83964366,0.7196593,0.7558923,0.0014754169,0.0012476642,-0.71386504,-1.2936547,-0.40358654,-0.05527809,13.260168,10.508163,0.656059,0.52621394,-0.7547096,-0.8503522
2026-02-06 15:34:00,83923769,1,2026-02-06 15:35:00,0.8503295902907727,1.0,1.77,1.4,0.43488944,0.54901963,1.2149254,0.76119405,0.00087603723,0.0008510236,1.38345,1.3860661,-0.40058616,-0.35107306,18.467882,18.635752,-0.80385685,-0.8064446,-0.59482276,-0.59130967
2026-02-06 15:34:00,83923769,2,2026-02-06 15:38:00,1.1106912912982114,4.0,1.77,1.37,0.43488944,0.4892857,1.2149254,1.0017889,0.00087603723,0.0007585592,1.38345,0.07289038,-0.40058616,-0.20069394,18.467882,20.90599,-0.80385685,-0.8141155,-0.59482276,-0.58070296
2026-02-06 15:34:00,83923769,3,2026-02-06 14:55:00,1.1977246271470638,-39.0,1.77,1.11,0.43488944,0.27475247,1.2149254,1.1649365,0.00087603723,0.0007805467,1.38345,1.5293826,-0.40058616,0.111213826,18.467882,22.624233,-0.80385685,-0.69151306,-0.59482276,-0.72236395
2026-02-09 12:04:00,83980760,1,2026-02-09 11:04:00,2.1828999872558033,-60.0,1.28,3.67,0.19104478,0.5076072,2.4860854,1.9417214,0.0006545997,0.00078375684,2.7728398,2.088994,0.42648542,0.22293866,6.181473,-0.015860101,-0.017452406,0.2419219,-0.9998477,-0.9702957
2026-02-09 12:04:00,83980760,2,2026-02-09 11:06:00,2.2486608436092386,-58.0,1.28,0.69,0.19104478,0.15065502,2.4860854,1.1421447,0.0006545997,0.0008030166,2.7728398,2.8220885,0.42648542,0.54390657,6.181473,0.6734408,-0.017452406,0.23344536,-0.9998477,-0.9723699
2026-02-09 12:04:00,83980760,3,2026-02-09 11:49:00,2.3101368471169432,-15.0,1.28,2.1,0.19104478,0.25392985,2.4860854,2.9119718,0.0006545997,0.00072622084,2.7728398,-0.3696809,0.42648542,0.44988498,6.181473,3.700842,-0.017452406,0.04797813,-0.9998477,-0.9988484
2026-02-11 17:40:00,84397864,1,2026-02-11 18:27:00,0.7796312528105299,47.0,5.893,6.21,0.7357054,0.7056818,1.3049853,1.4848561,0.0012857723,0.0013556003,-3.6887932,-3.1162364,-0.8746976,-0.5808564,-2.6583855,-2.2412586,-0.9961947,-0.99306846,-0.087155744,0.117537394
2026-02-11 17:40:00,84397864,2,2026-02-11 17:42:00,1.3626056022871578,2.0,5.893,8.04,0.7357054,0.8007968,1.3049853,1.4764706,0.0012857723,0.0013213528,-3.6887932,-3.5522447,-0.8746976,-1.2007638,-2.6583855,-3.9129655,-0.9961947,-0.9969173,-0.087155744,-0.0784591
2026-02-11 17:40:00,84397864,3,2026-02-11 17:39:00,1.5745532609163113,-1.0,5.893,6.7,0.7357054,0.77726215,1.3049853,1.5583477,0.0012857723,0.001261076,-3.6887932,-1.6028059,-0.8746976,-0.6859149,-2.6583855,-1.786,-0.9961947,-0.9958049,-0.087155744,-0.091501616
2026-02-12 07:06:00,84448544,1,2026-02-12 07:04:00,0.583596078455455,-2.0,0.99,1.18,0.5857988,0.6378378,0.9465136,1.0361243,0.00041663073,0.00042310636,0.90152276,0.43932658,-0.46552834,-0.726584,-2.3948305,-3.0991461,0.95881975,0.9612617,-0.28401536,-0.27563736
2026-02-12 07:06:00,84448544,2,2026-02-12 07:14:00,0.6198259018756331,8.0,0.99,0.75,0.5857988,0.51831377,0.9465136,0.9275641,0.00041663073,0.00033597762,0.90152276,0.25311705,-0.46552834,-0.34920397,-2.3948305,-4.2422,0.95881975,0.94832367,-0.28401536,-0.31730467
2026-02-12 07:06:00,84448544,3,2026-02-12 07:08:00,0.8205287201761363,2.0,0.99,0.67,0.5857988,0.62616825,0.9465136,0.622093,0.00041663073,0.00040433087,0.90152276,0.03424306,-0.46552834,-0.48223534,-2.3948305,-3.8136127,0.95881975,0.9563047,-0.28401536,-0.2923717
2026-02-12 11:04:00,84480811,1,2026-02-12 11:56:00,0.8008877788272943,52.0,0.17,0.22,0.10625,0.121816166,1.081081,1.0791754,0.00037482745,0.00046299378,1.4482868,0.9336232,0.87900186,0.49540377,1.4325956,1.3679819,0.2419219,0.017452406,-0.9702957,-0.9998477
2026-02-12 11:04:00,84480811,2,2026-02-12 11:57:00,0.9818335236721903,53.0,0.17,0.22,0.10625,0.18965517,1.081081,0.69315803,0.00037482745,0.00044625512,1.4482868,0.9907089,0.87900186,0.54606366,1.4325956,1.5291775,0.2419219,0.013089595,-0.9702957,-0.99991435
2026-02-12 11:04:00,84480811,3,2026-02-12 12:10:00,1.052376117564853,66.0,0.17,0.24,0.10625,0.17142858,1.081081,0.70528966,0.00037482745,0.0004563527,1.4482868,0.8506124,0.87900186,1.175603,1.4325956,5.034458,0.2419219,-0.043619387,-0.9702957,-0.99904823
2026-02-12 13:12:00,84496990,1,2026-02-12 13:48:00,0.7376657807278073,36.0,3.49,2.76,0.95095366,0.9787234,1.7149533,1.6395348,0.00047977976,0.00038832895,-2.3263233,-2.5149333,-0.79576766,-0.563435,0.39874884,-2.8568943,-0.309017,-0.4539905,-0.95105654,-0.8910065
2026-02-12 13:12:00,84496990,2,2026-02-12 13:32:00,0.8726048392576143,20.0,3.49,3.23,0.95095366,0.94721407,1.7149533,1.7609088,0.00047977976,0.000448845,-2.3263233,-1.1224685,-0.79576766,-0.692436,0.39874884,-1.1030085,-0.309017,-0.39073113,-0.95105654,-0.92050487
2026-02-12 13:12:00,84496990,3,2026-02-12 11:30:00,0.8809284687561819,-102.0,3.49,3.307,0.95095366,0.99698526,1.7149533,1.8650548,0.00047977976,0.0004171325,-2.3263233,-2.7178757,-0.79576766,-0.52506787,0.39874884,-1.362852,-0.309017,0.13052619,-0.95105654,-0.9914449
2026-02-13 09:18:00,84665776,1,2026-02-13 09:45:00,0.5693366275714528,27.0,0.583,0.76,0.2512931,0.34126627,0.5994832,0.76793104,0.00078343,0.0006760194,0.0334732,0.0835938,0.15674968,0.04825938,-0.19781524,-0.9367357,0.64944804,0.55557024,-0.76040596,-0.8314696
2026-02-13 09:18:00,84665776,2,2026-02-13 09:57:00,0.7967272521929504,39.0,0.583,0.39,0.2512931,0.16525424,0.5994832,0.8123924,0.00078343,0.000660543,0.0334732,-0.6507383,0.15674968,0.026220703,-0.19781524,-0.7721428,0.64944804,0.5112931,-0.76040596,-0.8594064
2026-02-13 09:18:00,84665776,3,2026-02-13 09:32:00,0.8523199311436012,14.0,0.583,0.71,0.2512931,0.38797814,0.5994832,0.61173326,0.00078343,0.0006752967,0.0334732,0.18537085,0.15674968,-0.22257918,-0.19781524,-1.5170186,0.64944804,0.60181504,-0.76040596,-0.7986355
2026-02-13 13:12:00,84675020,1,2026-02-13 13:11:00,0.9605285771196246,-1.0,2.56,2.14,0.5366876,0.56020945,1.7189189,1.6016772,0.0006224321,0.0005968814,1.6368669,0.3435827,0.2639186,0.121792644,4.2668605,3.6047869,-0.309017,-0.3048643,-0.95105654,-0.9523958
2026-02-13 13:12:00,84675020,2,2026-02-13 13:07:00,0.9794844675485037,-5.0,2.56,2.05,0.5366876,0.56786704,1.7189189,1.3199269,0.0006224321,0.00060903153,1.6368669,0.9611547,0.2639186,-0.051510982,4.2668605,2.7184346,-0.309017,-0.28819627,-0.95105654,-0.9575714
2026-02-13 13:12:00,84675020,3,2026-02-13 11:39:00,1.0064315412872686,-93.0,2.56,2.214,0.5366876,0.3823834,1.7189189,1.7376951,0.0006224321,0.0007358386,1.6368669,1.1236697,0.2639186,0.054774657,4.2668605,5.9874744,-0.309017,0.091501616,-0.95105654,-0.9958049
2026-02-17 12:21:00,84803733,1,2026-02-17 11:44:00,0.4344716030784148,-37.0,0.94,0.99,0.394958,0.4177215,0.9814433,0.97873217,0.0005035219,0.00053103775,-0.6135363,-0.1723363,-0.38719612,-0.48702976,-4.7845645,-5.893364,-0.091501616,0.06975647,-0.9958049,-0.9975641
2026-02-17 12:21:00,84803733,2,2026-02-17 11:43:00,0.531998792359024,-38.0,0.94,1.26,0.394958,0.45652175,0.9814433,1.1397893,0.0005035219,0.0005347052,-0.6135363,-1.0001043,-0.38719612,-0.442006,-4.7845645,-5.488394,-0.091501616,0.07410849,-0.9958049,-0.9972502
2026-02-17 12:21:00,84803733,3,2026-02-17 11:40:00,0.5359494286114227,-41.0,0.94,0.61,0.394958,0.30964467,0.9814433,0.8491379,0.0005035219,0.00056894775,-0.6135363,-0.50749564,-0.38719612,-0.47073898,-4.7845645,-5.222409,-0.091501616,0.087155744,-0.9958049,-0.9961947
2026-02-18 05:30:00,84858142,1,2026-02-18 05:14:00,0.7790364091523971,-16.0,1.393,2.0,0.45080906,0.4267122,1.564557,1.7043636,0.0005068281,0.0005771584,0.2133797,0.04950569,0.66191083,1.0488058,8.761892,7.748091,0.9914449,0.9799247,0.13052619,0.19936794
2026-02-18 05:30:00,84858142,2,2026-02-18 05:33:00,0.7923003721422853,3.0,1.393,1.79,0.45080906,0.6236934,1.564557,1.3831326,0.0005068281,0.00051217084,0.2133797,-0.23903668,0.66191083,0.6400744,8.761892,8.6144905,0.9914449,0.99306846,0.13052619,0.117537394
2026-02-18 05:30:00,84858142,3,2026-02-18 04:37:00,0.8536812927140923,-53.0,1.393,1.23,0.45080906,0.356212,1.564557,1.5635047,0.0005068281,0.00056304224,0.2133797,0.89002454,0.66191083,0.45976275,8.761892,4.7382283,0.9914449,0.9351352,0.13052619,0.35429105
2026-02-19 22:18:00,84960053,1,2026-02-19 23:06:00,0.5650844867624808,48.0,0.06,0.01,0.04347826,0.005586592,0.975265,1.2260274,0.0003381116,0.00034843892,-1.2929505,-1.1101016,0.74529207,0.6717386,-3.1241689,-1.2500964,-0.4305111,-0.23344536,0.90258527,0.9723699
2026-02-19 22:18:00,84960053,2,2026-02-19 23:07:00,0.6891862794945658,49.0,0.06,0.15,0.04347826,0.12531328,0.975265,0.8519573,0.0003381116,0.0003406771,-1.2929505,-0.63533324,0.74529207,0.6498573,-3.1241689,-1.2011311,-0.4305111,-0.2292004,0.90258527,0.97337925
2026-02-19 22:18:00,84960053,3,2026-02-19 22:19:00,0.8181551050332919,1.0,0.06,0.3,0.04347826,0.22058824,0.975265,0.96113074,0.0003381116,0.0003334237,-1.2929505,-0.60741806,0.74529207,0.67895246,-3.1241689,-3.0099578,-0.4305111,-0.42656875,0.90258527,0.9044551
2026-02-20 05:54:00,84971230,1,2026-02-20 05:26:00,0.5392659696449265,-28.0,0.01,0.1,0.0055555557,0.051282052,1.2040133,0.98734176,0.0003805152,0.00048169334,0.1788759,0.033238858,-0.452424,-0.33848357,-1.9479476,-1.0000999,0.99965733,0.9890159,0.026176948,0.14780942
2026-02-20 05:54:00,84971230,2,2026-02-20 04:50:00,0.5883151055162309,-64.0,0.01,0.143,0.0055555557,0.06383929,1.2040133,1.034642,0.0003805152,0.00045086685,0.1788759,-0.025298703,-0.452424,-0.46666774,-1.9479476,-0.80078083,0.99965733,0.95371693,0.026176948,0.3007058
2026-02-20 05:54:00,84971230,3,2026-02-20 04:51:00,0.6653804920821158,-63.0,0.01,0.05,0.0055555557,0.020576132,1.2040133,1.1224018,0.0003805152,0.00045338777,0.1788759,-0.5075656,-0.452424,-0.42323545,-1.9479476,-0.75504625,0.99965733,0.95501995,0.026176948,0.29654157
2026-02-23 09:30:00,85066329,1,2026-02-23 11:25:00,2.128156406253084,115.0,4.823,6.04,0.90657896,0.9853181,4.2390437,3.1844156,0.00033203568,0.0005076355,-3.3552685,-3.2154264,-0.49007505,-0.45588002,-1.1959591,-9.25929,0.6087614,0.15212339,-0.7933533,-0.98836154
2026-02-23 09:30:00,85066329,2,2026-02-23 09:31:00,2.7319955665604176,1.0,4.823,2.0,0.90657896,0.44642857,4.2390437,3.4107347,0.00033203568,0.00037028058,-3.3552685,-2.3682945,-0.49007505,-0.5562721,-1.1959591,-0.002653449,0.6087614,0.605294,-0.7933533,-0.79600203
2026-02-23 09:30:00,85066329,3,2026-02-23 11:30:00,2.7934996395655647,120.0,4.823,4.11,0.90657896,0.606463,4.2390437,3.322059,0.00033203568,0.00055934367,-3.3552685,-1.0325923,-0.49007505,-0.90942436,-1.1959591,-9.35339,0.6087614,0.13052619,-0.7933533,-0.9914449
2026-02-23 11:21:00,85084978,1,2026-02-23 10:17:00,0.7369856575529715,-64.0,0.52,0.577,0.29714286,0.24172601,0.9020619,0.87164503,0.0004422062,0.0005852343,-0.6559643,-0.7991381,0.0725345,-0.027652033,-6.7764945,-2.415951,0.1693495,0.43444526,-0.98555607,-0.90069824
2026-02-23 11:21:00,85084978,2,2026-02-23 11:24:00,0.8534249900497344,3.0,0.52,0.19,0.29714286,0.107344635,0.9020619,0.9194805,0.0004422062,0.0004541956,-0.6559643,-0.9563533,0.0725345,-0.17642097,-6.7764945,-7.777225,0.1693495,0.15643446,-0.98555607,-0.98768836
2026-02-23 11:21:00,85084978,3,2026-02-23 11:14:00,0.8656444827214962,-7.0,0.52,0.14,0.29714286,0.10218978,0.9020619,0.7061856,0.0004422062,0.00051062927,-0.6559643,-1.0257158,0.0725345,0.05120233,-6.7764945,-6.191501,0.1693495,0.19936794,-0.98555607,-0.9799247
2026-02-23 15:02:00,85182793,1,2026-02-23 15:03:00,0.8622959959159602,1.0,0.84,1.54,0.30545455,0.44252872,1.8707483,2.148148,0.00034523234,0.00036890924,1.5627625,1.0050472,-0.083209425,-0.06858088,1.0682548,0.2941345,-0.71325046,-0.7163019,-0.70090926,-0.69779044
2026-02-23 15:02:00,85182793,2,2026-02-23 15:04:00,0.8845359858150913,2.0,0.84,1.38,0.30545455,0.50735295,1.8707483,1.6790123,0.00034523234,0.0003801702,1.5627625,1.3527652,-0.083209425,0.016142037,1.0682548,0.9994009,-0.71325046,-0.7193398,-0.70090926,-0.6946584
2026-02-23 15:02:00,85182793,3,2026-02-23 13:51:00,1.19277176332207,-71.0,0.84,1.73,0.30545455,0.4458763,1.8707483,2.076532,0.00034523234,0.00044044433,1.5627625,1.4927669,-0.083209425,0.3833098,1.0682548,2.3728945,-0.71325046,-0.46561453,-0.70090926,-0.88498765
2026-02-24 10:04:00,85342738,1,2026-02-24 10:05:00,0.34101058264779893,1.0,0.09,0.19,0.05064716,0.09405941,0.9825823,1.0466322,0.00045135064,0.00044700157,-1.6970423,-1.28944,-0.017236125,-0.040723637,-8.309641,-8.294039,0.4848096,0.48098877,-0.8746197,-0.87672675
2026-02-24 10:04:00,85342738,2,2026-02-24 10:03:00,0.553558150131253,-1.0,0.09,0.03,0.05064716,0.023255814,0.9825823,0.7247191,0.00045135064,0.0004596205,-1.6970423,-1.165689,-0.017236125,0.027645843,-8.309641,-8.120865,0.4848096,0.48862123,-0.8746197,-0.872496
2026-02-24 10:04:00,85342738,3,2026-02-24 10:47:00,0.6070342562920381,43.0,0.09,0.19,0.05064716,0.080168776,0.9825823,0.9404762,0.00045135064,0.00053811265,-1.6970423,-1.2495105,-0.017236125,0.03017507,-8.309641,-4.5637636,0.4848096,0.31316382,-0.8746197,-0.9496991
2026-02-24 15:11:00,85385479,1,2026-02-24 15:06:00,0.9502930445023565,-5.0,1.96,1.51,0.59938836,0.4824281,1.8370787,1.7733711,0.0003413189,0.00033164409,-1.2243767,-0.11079534,-0.6078623,-0.769358,-9.012312,-8.037135,-0.7402181,-0.7253744,-0.6723668,-0.68835455
2026-02-24 15:11:00,85385479,2,2026-02-24 14:52:00,1.0785899677113746,-19.0,1.96,2.05,0.59938836,0.6972789,1.8370787,2.1721463,0.0003413189,0.0002937223,-1.2243767,-1.8033918,-0.6078623,-0.13126999,-9.012312,-7.8734927,-0.7402181,-0.6819984,-0.6723668,-0.7313537
2026-02-24 15:11:00,85385479,3,2026-02-24 15:12:00,1.1021544190759576,1.0,1.96,1.4,0.59938836,0.5190953,1.8370787,1.5151685,0.0003413189,0.00035431035,-1.2243767,-2.4907222,-0.6078623,-0.7368781,-9.012312,-9.471785,-0.7402181,-0.7431448,-0.6723668,-0.6691306
2026-02-24 15:21:00,85396743,1,2026-02-24 15:18:00,1.2917403269346883,-3.0,3.33,4.333,0.6235955,0.72737956,2.3892617,2.9272728,0.00061783835,0.00045666136,-3.8278391,-3.837279,-1.5385504,-1.1760342,-9.363963,-10.861699,-0.7688418,-0.76040596,-0.639439,-0.64944804
2026-02-24 15:21:00,85396743,2,2026-02-24 16:49:00,1.7456078839807967,88.0,3.33,5.267,0.6235955,0.64255214,2.3892617,2.2124157,0.00061783835,0.000929772,-3.8278391,-3.4014704,-1.5385504,-0.97638226,-9.363963,-10.348482,-0.7688418,-0.9523958,-0.639439,-0.3048643
2026-02-24 15:21:00,85396743,3,2026-02-24 16:50:00,1.7483653122059446,89.0,3.33,5.0,0.6235955,0.70621467,2.3892617,1.8680738,0.00061783835,0.00096280815,-3.8278391,-3.9164896,-1.5385504,-1.1619717,-9.363963,-10.9204035,-0.7688418,-0.95371693,-0.639439,-0.3007058
2026-02-25 07:59:00,85640223,1,2026-02-25 08:00:00,0.5983915368960236,1.0,0.25,0.45,0.25252524,0.39370078,0.98507464,1.1373135,0.00025668283,0.00025408255,0.9322511,1.0480361,-0.03417442,0.037586004,10.107629,10.522132,0.8681988,0.8660254,-0.4962165,-0.5
2026-02-25 07:59:00,85640223,2,2026-02-25 07:55:00,0.6294428015090332,-4.0,0.25,0.24,0.25252524,0.2264151,0.98507464,1.0392157,0.00025668283,0.0002457859,0.9322511,0.22773445,-0.03417442,-0.27915493,10.107629,9.849829,0.8681988,0.87672675,-0.4962165,-0.48098877
2026-02-25 07:59:00,85640223,3,2026-02-25 07:46:00,0.6972830089597488,-13.0,0.25,0.33,0.25252524,0.25384617,0.98507464,0.9489051,0.00025668283,0.00030530873,0.9322511,0.20220089,-0.03417442,0.257336,10.107629,9.619565,0.8681988,0.89493436,-0.4962165,-0.4461978
2026-02-25 11:35:00,85668110,1,2026-02-25 11:32:00,0.32665481974320837,-3.0,0.65,0.6,0.4779412,0.41958043,0.88111436,0.9030628,0.00033966097,0.00035153495,1.0597457,1.1065217,0.83713984,0.7160658,10.392059,8.95453,0.10886688,0.12186934,-0.99405634,-0.99254614
2026-02-25 11:35:00,85668110,2,2026-02-25 11:37:00,0.4759714828136908,2.0,0.65,0.7,0.4779412,0.37433156,0.88111436,1.0108109,0.00033966097,0.0003450627,1.0597457,1.2773887,0.83713984,0.9226122,10.392059,10.337208,0.10886688,0.10018806,-0.99405634,-0.99496853
2026-02-25 11:35:00,85668110,3,2026-02-25 11:36:00,0.5486863839113115,1.0,0.65,0.99,0.4779412,0.495,0.88111436,1.1672016,0.00033966097,0.00034283122,1.0597457,1.3697165,0.83713984,0.92328006,10.392059,10.84808,0.10886688,0.104528464,-0.99405634,-0.9945219
2026-02-25 12:03:00,85668988,1,2026-02-25 12:05:00,1.1071631295845044,2.0,1.9,1.15,0.54285717,0.41516244,2.121212,1.5649718,0.00035719803,0.00044190182,-1.8580942,-1.6247085,-1.0989866,-1.1052433,3.1208558,1.7874742,-0.013089595,-0.021814885,-0.99991435,-0.999762
2026-02-25 12:03:00,85668988,2,2026-02-25 13:10:00,1.1902355445083626,67.0,1.9,1.93,0.54285717,0.595679,2.121212,1.6322418,0.00035719803,0.0004160572,-1.8580942,-2.044628,-1.0989866,-0.6079157,3.1208558,2.7616968,-0.013089595,-0.3007058,-0.99991435,-0.95371693
2026-02-25 12:03:00,85668988,3,2026-02-25 10:26:00,1.2291337665770954,-97.0,1.9,2.51,0.54285717,0.69722223,2.121212,1.7433414,0.00035719803,0.0003936942,-1.8580942,-1.9746525,-1.0989866,-0.71460384,3.1208558,3.9557276,-0.013089595,0.39874908,-0.99991435,-0.9170601
2026-02-25 16:23:00,85704475,1,2026-02-25 16:32:00,0.5376440741485652,9.0,1.7,1.25,0.7296137,0.63131315,1.1095238,1.0531915,0.0004058969,0.00038553838,-0.27541608,-0.14498173,0.32455224,0.15222336,4.873991,5.0235276,-0.91176206,-0.92718387,-0.41071886,-0.37460658
2026-02-25 16:23:00,85704475,2,2026-02-25 16:34:00,0.6469555447892616,11.0,1.7,2.01,0.7296137,0.73357666,1.1095238,1.4574468,0.0004058969,0.00039295334,-0.27541608,-0.4316936,0.32455224,0.1452491,4.873991,4.619383,-0.91176206,-0.9304176,-0.41071886,-0.3665012
2026-02-25 16:23:00,85704475,3,2026-02-25 16:21:00,0.6644691513588242,-2.0,1.7,1.43,0.7296137,0.57894737,1.1095238,1.1761905,0.0004058969,0.0003907041,-0.27541608,0.14306676,0.32455224,0.41237128,4.873991,5.008419,-0.91176206,-0.90814316,-0.41071886,-0.41865975
2026-02-26 08:05:00,85787460,1,2026-02-26 08:01:00,0.7761126842397603,-4.0,1.67,1.167,0.9488636,0.9725,1.460581,1.1782032,0.00027426332,0.0002176326,0.49149027,1.2121097,-0.18362837,-0.17741491,8.131523,10.7293415,0.85491186,0.8638355,-0.51877326,-0.503774
2026-02-26 08:05:00,85787460,2,2026-02-26 07:24:00,0.7865278390807615,-41.0,1.67,2.1,0.9488636,0.96330273,1.460581,1.744,0.00027426332,0.0002998389,0.49149027,-0.070650905,-0.18362837,0.06102155,8.131523,7.810499,0.85491186,0.9335804,-0.51877326,-0.35836795
2026-02-26 08:05:00,85787460,3,2026-02-26 09:11:00,0.9787565559056883,66.0,1.67,1.68,0.9488636,0.8704663,1.460581,1.1133544,0.00027426332,0.00038878937,0.49149027,0.8315856,-0.18362837,0.12937964,8.131523,6.1644225,0.85491186,0.6723668,-0.51877326,-0.7402181
2026-02-26 11:31:00,85827276,1,2026-02-26 10:10:00,0.8602092883609729,-81.0,2.02,1.85,0.36396396,0.4214123,2.4183006,2.0338197,0.0005417327,0.0004942496,-2.4879932,-2.2673402,-0.7560236,-0.8307554,-2.1041255,-0.029767027,0.12619896,0.4617486,-0.99200493,-0.8870108
2026-02-26 11:31:00,85827276,2,2026-02-26 11:03:00,1.214597273569141,-28.0,2.02,1.69,0.36396396,0.46944445,2.4183006,1.9961187,0.0005417327,0.0004194948,-2.4879932,-1.8859897,-0.7560236,-0.2809946,-2.1041255,-1.1213517,0.12619896,0.2461533,-0.99200493,-0.9692309
2026-02-26 11:31:00,85827276,3,2026-02-26 10:24:00,1.3476217320390558,-67.0,2.02,1.27,0.36396396,0.25298804,2.4183006,2.1840332,0.0005417327,0.00046612264,-2.4879932,-1.2950976,-0.7560236,-0.33515617,-2.1041255,0.095691495,0.12619896,0.40673664,-0.99200493,-0.9135454
2026-02-26 13:27:00,85833216,1,2026-02-26 13:26:00,0.723834492576152,-1.0,0.77,1.13,0.42307693,0.5885417,1.2953737,1.4600761,0.00031851462,0.0003159585,0.52694124,0.24419414,-0.62236106,-0.6843662,-0.25233203,0.23378408,-0.37055743,-0.3665012,-0.9288095,-0.9304176
2026-02-26 13:27:00,85833216,2,2026-02-26 13:29:00,0.8102707387363188,2.0,0.77,0.84,0.42307693,0.4375,1.2953737,1.1851852,0.00031851462,0.00033340923,0.52694124,-0.5500163,-0.62236106,-0.7755907,-0.25233203,-2.015376,-0.37055743,-0.3786486,-0.9288095,-0.9255405
2026-02-26 13:27:00,85833216,3,2026-02-26 13:41:00,1.1823840197391273,14.0,0.77,1.4,0.42307693,0.60949063,1.2953737,1.001526,0.00031851462,0.00042239382,0.52694124,1.1020594,-0.62236106,-0.9661994,-0.25233203,-3.0371926,-0.37055743,-0.42656875,-0.9288095,-0.9044551
2026-02-26 15:59:00,85865765,1,2026-02-26 16:04:00,0.4968570836763214,5.0,0.14,0.21,0.10294118,0.13815789,0.86707044,0.92205036,0.00031725637,0.00039587272,-0.060842913,0.28765196,-0.14824998,0.07324426,-1.178134,-0.65634215,-0.8638355,-0.8746197,-0.503774,-0.4848096
2026-02-26 15:59:00,85865765,2,2026-02-26 16:58:00,0.7251599843371045,59.0,0.14,0.1,0.10294118,0.06535948,0.86707044,0.7083333,0.00031725637,0.00047933916,-0.060842913,0.024214257,-0.14824998,-0.14174831,-1.178134,-4.9667425,-0.8638355,-0.96363044,-0.503774,-0.26723838
2026-02-26 15:59:00,85865765,3,2026-02-26 14:37:00,0.7374209024398938,-82.0,0.14,0.06,0.10294118,0.054545455,0.86707044,0.76655054,0.00031725637,0.0003315851,-0.060842913,0.011659646,-0.14824998,-0.10645989,-1.178134,-5.974476,-0.8638355,-0.63270533,-0.503774,-0.77439266
2026-02-27 06:54:00,85935017,1,2026-02-27 06:53:00,0.6787743994662607,-1.0,0.667,0.387,0.5210937,0.35833332,1.1096662,0.9362809,0.0002777116,0.00028014023,0.5620004,0.6053575,0.7351649,0.70109236,3.5963104,3.087788,0.9723699,0.97337925,-0.23344536,-0.2292004
2026-02-27 06:54:00,85935017,2,2026-02-27 06:56:00,0.8487239798919494,2.0,0.667,0.32,0.5210937,0.34408602,1.1096662,0.84162897,0.0002777116,0.00026351478,0.5620004,0.13162394,0.7351649,0.7190437,3.5963104,3.5905538,0.9723699,0.9702957,-0.23344536,-0.2419219
2026-02-27 06:54:00,85935017,3,2026-02-27 06:48:00,0.8813525112102144,-6.0,0.667,1.04,0.5210937,0.65948004,1.1096662,1.3671435,0.0002777116,0.00027783672,0.5620004,0.8969894,0.7351649,0.4174221,3.5963104,2.5444942,0.9723699,0.9781476,-0.23344536,-0.20791169
2026-02-27 09:56:00,85942844,1,2026-02-27 10:19:00,0.808674176039372,23.0,1.8,2.49,0.80717486,0.88706803,1.3639144,1.0986302,0.0003448904,0.00046830467,-2.0907538,-1.6856598,-0.85346544,-0.92210746,-0.15098247,-2.355929,0.5150381,0.42656875,-0.8571673,-0.9044551
2026-02-27 09:56:00,85942844,2,2026-02-27 10:30:00,0.992252172484582,34.0,1.8,2.27,0.80717486,0.8194946,1.3639144,1.0492424,0.0003448904,0.00047810053,-2.0907538,-1.6964456,-0.85346544,-0.48031062,-0.15098247,-3.3867853,0.5150381,0.38268343,-0.8571673,-0.9238795
2026-02-27 09:56:00,85942844,3,2026-02-27 11:00:00,1.1472310587187031,64.0,1.8,2.25,0.80717486,0.89641434,1.3639144,1.6733333,0.0003448904,0.00036304072,-2.0907538,-1.9691412,-0.85346544,-0.4236789,-0.15098247,-5.6817555,0.5150381,0.25881904,-0.8571673,-0.9659258
2026-02-27 12:46:00,85948772,1,2026-02-27 12:44:00,0.4105787341973008,-2.0,0.33,0.14,0.17277487,0.084337346,1.4360902,1.328,0.00027219905,0.0002599638,0.34743577,0.4158443,0.36945668,0.30096677,-2.9617317,-3.9112267,-0.19936794,-0.190809,-0.9799247,-0.98162717
2026-02-27 12:46:00,85948772,2,2026-02-27 12:45:00,0.6419151370462459,-1.0,0.33,0.57,0.17277487,0.33529413,1.4360902,1.36,0.00027219905,0.00026480836,0.34743577,0.53211004,0.36945668,0.32403743,-2.9617317,-3.4422603,-0.19936794,-0.19509032,-0.9799247,-0.98078525
2026-02-27 12:46:00,85948772,3,2026-02-27 12:38:00,0.8674897670436842,-8.0,0.33,0.327,0.17277487,0.18934569,1.4360902,1.288806,0.00027219905,0.0002856573,0.34743577,-0.57461363,0.36945668,0.03968573,-2.9617317,-4.7581196,-0.19936794,-0.1650476,-0.9799247,-0.9862856
2026-02-27 17:00:00,86000608,1,2026-02-27 16:58:00,0.6197549891270285,-2.0,0.82,0.503,0.27242523,0.1665563,0.7931489,0.74384236,0.000856945,0.00090765883,1.340588,1.6105869,0.2604189,0.022662062,7.4708447,6.7930937,-0.9659258,-0.96363044,-0.25881904,-0.26723838
2026-02-27 17:00:00,86000608,2,2026-02-27 17:53:00,0.629863828614654,53.0,0.82,0.93,0.27242523,0.2792793,0.7931489,0.7107791,0.000856945,0.0009531825,1.340588,0.929473,0.2604189,0.04049666,7.4708447,6.607093,-0.9659258,-0.9995336,-0.25881904,-0.030538512
2026-02-27 17:00:00,86000608,3,2026-02-27 17:03:00,0.792435460013285,3.0,0.82,0.62,0.27242523,0.1707989,0.7931489,1.0083333,0.000856945,0.00082843,1.340588,1.5762248,0.2604189,0.614799,7.4708447,8.920252,-0.9659258,-0.9692309,-0.25881904,-0.2461533
2026-02-27 17:18:00,86011644,1,2026-02-27 17:12:00,0.6080158907294851,-6.0,2.97,2.373,0.72439027,0.634492,1.1388888,1.0040269,0.0006918366,0.00077443646,0.6415736,0.4126764,0.34686798,0.25801927,10.075381,8.731527,-0.9832549,-0.9781476,-0.18223552,-0.20791169
2026-02-27 17:18:00,86011644,2,2026-02-27 17:05:00,0.7954293846158572,-13.0,2.97,2.38,0.72439027,0.6296296,1.1388888,1.0299728,0.0006918366,0.00081596244,0.6415736,0.6660535,0.34686798,0.65895534,10.075381,8.422702,-0.9832549,-0.9713421,-0.18223552,-0.23768589
2026-02-27 17:18:00,86011644,3,2026-02-27 18:56:00,0.8107264038097046,98.0,2.97,3.4,0.72439027,0.8133971,1.1388888,1.2822086,0.0006918366,0.00072628964,0.6415736,0.65379107,0.34686798,0.49793717,10.075381,10.493621,-0.9832549,-0.9702957,-0.18223552,0.2419219
2026-02-27 17:27:00,86014472,1,2026-02-27 17:08:00,0.6651905356351292,-19.0,0.23,0.157,0.119170986,0.05286195,0.63907284,0.8092643,0.00063804386,0.000761187,-0.7889994,-1.0889312,0.68122554,0.52719647,11.781684,8.557653,-0.9896514,-0.97437006,-0.14349262,-0.22495106
2026-02-27 17:27:00,86014472,2,2026-02-27 17:19:00,1.0393730014358202,-8.0,0.23,0.5,0.119170986,0.28248587,0.63907284,0.49166667,0.00063804386,0.0006666731,-0.7889994,0.09758215,0.68122554,0.36161724,11.781684,10.299082,-0.9896514,-0.9840407,-0.14349262,-0.17794354
2026-02-27 17:27:00,86014472,3,2026-02-27 19:10:00,1.0453707619438306,103.0,0.23,0.607,0.119170986,0.24674797,0.63907284,0.5736271,0.00063804386,0.0007422493,-0.7889994,0.03160132,0.68122554,0.5838415,11.781684,11.610931,-0.9896514,-0.95371693,-0.14349262,0.3007058
2026-03-02 09:32:00,86155613,1,2026-03-02 09:31:00,0.7175250148865563,-1.0,1.08,0.49,0.3195266,0.153125,1.6356158,1.548512,0.00048282678,0.0004715457,0.72376627,0.73699427,0.7257574,0.78400046,11.485183,12.208414,0.60181504,0.605294,-0.7986355,-0.79600203
2026-03-02 09:32:00,86155613,2,2026-03-02 09:27:00,0.7999756385017364,-5.0,1.08,1.07,0.3195266,0.3962963,1.6356158,1.2857143,0.00048282678,0.0004733731,0.72376627,0.003928078,0.7257574,0.8265454,11.485183,11.093097,0.60181504,0.61909395,-0.7986355,-0.78531694
2026-03-02 09:32:00,86155613,3,2026-03-02 09:30:00,0.8872351744918315,-2.0,1.08,1.81,0.3195266,0.5312592,1.6356158,1.6486814,0.00048282678,0.00046211455,0.72376627,0.69177467,0.7257574,0.7751577,11.485183,12.28499,0.60181504,0.6087614,-0.7986355,-0.7933533
2026-03-02 10:37:00,86161488,1,2026-03-02 10:52:00,0.4815031791361848,15.0,2.29,2.327,0.71339566,0.69050443,1.0126183,1.0029762,0.0006244359,0.0006435145,-0.15991223,-0.80969924,0.16812105,0.12654276,15.63523,14.380637,0.35429105,0.2923717,-0.9351352,-0.9563047
2026-03-02 10:37:00,86161488,2,2026-03-02 11:14:00,0.6881434639319839,37.0,2.29,2.73,0.71339566,0.75,1.0126183,0.9642384,0.0006244359,0.0007082688,-0.15991223,0.5819577,0.16812105,0.20090526,15.63523,13.624522,0.35429105,0.19936794,-0.9351352,-0.9799247
2026-03-02 10:37:00,86161488,3,2026-03-02 11:06:00,0.7964486142277478,29.0,2.29,2.33,0.71339566,0.5724816,1.0126183,1.061693,0.0006244359,0.0007018214,-0.15991223,-0.46902117,0.16812105,-0.10807162,15.63523,13.219686,0.35429105,0.23344536,-0.9351352,-0.9723699
2026-03-02 14:46:00,86192606,1,2026-03-02 14:47:00,5.82861317622961,1.0,12.81,5.45,0.8672986,0.6064315,6.0907216,3.6458418,0.0006569511,0.0007286891,-5.4249578,-3.4451277,-0.53005564,-0.65565795,3.0526814,4.135554,-0.66262007,-0.6658817,-0.7489557,-0.7460574
2026-03-02 14:46:00,86192606,2,2026-03-02 15:39:00,7.45146973438144,53.0,12.81,5.54,0.8672986,0.865625,6.0907216,2.9024944,0.0006569511,0.0005426383,-5.4249578,-0.15030846,-0.53005564,0.19760923,3.0526814,9.634717,-0.66262007,-0.81664157,-0.7489557,-0.5771452
2026-03-02 14:46:00,86192606,3,2026-03-02 16:09:00,7.771150872773284,83.0,12.81,5.21,0.8672986,0.4503025,6.0907216,3.1785715,0.0006569511,0.0008018131,-5.4249578,0.27709553,-0.53005564,0.7669482,3.0526814,7.7587695,-0.66262007,-0.88498765,-0.7489557,-0.46561453
2026-03-03 07:57:00,86558318,1,2026-03-03 08:28:00,0.6470127345731378,31.0,0.15,0.07,0.054945055,0.025454545,1.0243902,1.0128913,0.0004953434,0.00056128734,0.6736294,0.91404694,-0.5138507,-0.18246387,3.6455317,1.640416,0.872496,0.7986355,-0.48862123,-0.60181504
2026-03-03 07:57:00,86558318,2,2026-03-03 07:58:00,0.7862088503964814,1.0,0.15,0.44,0.054945055,0.11111111,1.0243902,1.4859287,0.0004953434,0.0005126506,0.6736294,0.45085973,-0.5138507,-0.44075277,3.6455317,3.6656275,0.872496,0.8703557,-0.48862123,-0.49242356
2026-03-03 07:57:00,86558318,3,2026-03-03 08:07:00,1.0056284257447163,10.0,0.15,0.04,0.054945055,0.016413623,1.0243902,0.7429878,0.0004953434,0.0006089427,0.6736294,-0.5300616,-0.5138507,-0.50926286,3.6455317,1.4759965,0.872496,0.8503522,-0.48862123,-0.52621394
2026-03-03 12:45:00,86624724,1,2026-03-03 12:40:00,0.6164329849355301,-5.0,2.53,2.57,0.53488374,0.47592592,0.65512466,0.75630254,0.00139967,0.0015716751,-0.2972608,-0.06524835,-0.2665253,-0.44576445,-9.200594,-8.026571,-0.19509032,-0.17364818,-0.98078525,-0.9848077
2026-03-03 12:45:00,86624724,2,2026-03-03 12:44:00,0.6863452682009951,-1.0,2.53,2.6,0.53488374,0.6615776,0.65512466,0.54432136,0.00139967,0.0014375289,-0.2972608,0.38044235,-0.2665253,-0.2617742,-9.200594,-8.646993,-0.19509032,-0.190809,-0.98078525,-0.98162717
2026-03-03 12:45:00,86624724,3,2026-03-03 12:51:00,0.7979317594908522,6.0,2.53,2.187,0.53488374,0.41816443,0.65512466,0.8671143,0.00139967,0.001296406,-0.2972608,0.3676866,-0.2665253,-0.1482933,-9.200594,-9.489876,-0.19509032,-0.22069743,-0.98078525,-0.97534233
2026-03-03 16:46:00,86716303,1,2026-03-03 17:41:00,1.3208081251056993,55.0,16.52,15.0,0.8867418,0.85812354,2.242282,1.9240507,0.0018677436,0.0020087506,-1.2990434,-0.24065018,-0.73992234,-0.69778514,-13.59767,-14.464629,-0.94832367,-0.9965655,-0.31730467,-0.082808204
2026-03-03 16:46:00,86716303,2,2026-03-03 16:08:00,1.323694306489308,-38.0,16.52,16.013,0.8867418,0.8114833,2.242282,2.210609,0.0018677436,0.0020872292,-1.2990434,-2.7578063,-0.73992234,-1.021075,-13.59767,-11.227632,-0.94832367,-0.88294756,-0.31730467,-0.46947157
2026-03-03 16:46:00,86716303,3,2026-03-03 17:31:00,1.6668331908994165,45.0,16.52,15.76,0.8867418,0.7368962,2.242282,3.1040637,0.0018677436,0.0017333145,-1.2990434,-0.581442,-0.73992234,-0.57544,-13.59767,-14.775957,-0.94832367,-0.99200493,-0.31730467,-0.12619896
2026-03-04 09:45:00,86773790,1,2026-03-04 08:45:00,1.0224670693750626,-60.0,0.447,0.13,0.06225627,0.027083334,1.7292871,1.3407822,0.0009959926,0.0007731615,0.039004117,-0.293268,0.3277984,0.17087787,-0.31180015,2.384413,0.55557024,0.7518398,-0.8314696,-0.6593458
2026-03-04 09:45:00,86773790,2,2026-03-04 09:59:00,1.52038119112987,14.0,0.447,0.35,0.06225627,0.10971787,1.7292871,0.96127766,0.0009959926,0.0008211687,0.039004117,1.1099906,0.3277984,0.5285432,-0.31180015,1.5221132,0.55557024,0.503774,-0.8314696,-0.8638355
2026-03-04 09:45:00,86773790,3,2026-03-04 08:39:00,1.5686627532116828,-66.0,0.447,1.05,0.06225627,0.25547445,1.7292871,1.2416918,0.0009959926,0.0006756811,0.039004117,-0.81733,0.3277984,0.2544049,-0.31180015,2.9563575,0.55557024,0.7688418,-0.8314696,-0.639439
2026-03-04 13:12:00,86784552,1,2026-03-04 13:11:00,1.0581058533353305,-1.0,2.38,2.63,0.35416666,0.33430788,2.8414376,3.4964445,0.0007091848,0.00066451856,1.8405721,1.5043169,0.9516212,0.94061923,10.838837,10.909818,-0.309017,-0.3048643,-0.95105654,-0.9523958
2026-03-04 13:12:00,86784552,2,2026-03-04 13:10:00,1.2521139143968165,-2.0,2.38,1.92,0.35416666,0.25565913,2.8414376,3.3377779,0.0007091848,0.00059876754,1.8405721,3.02864,0.9516212,1.0096798,10.838837,12.993491,-0.309017,-0.3007058,-0.95105654,-0.95371693
2026-03-04 13:12:00,86784552,3,2026-03-04 13:13:00,1.6202325013579189,1.0,2.38,0.99,0.35416666,0.198,2.8414376,2.008032,0.0007091848,0.00072748965,1.8405721,1.6340791,0.9516212,0.91999185,10.838837,10.170833,-0.309017,-0.31316382,-0.95105654,-0.9496991
2026-03-05 09:02:00,86894280,1,2026-03-05 09:01:00,0.6943861610230996,-1.0,3.22,2.27,0.49160305,0.38409474,1.9969512,1.9966216,0.0007266862,0.0006842768,-2.0637443,-2.326453,-1.2487417,-1.2385465,-6.5538707,-6.0680046,0.70090926,0.7040147,-0.71325046,-0.71018535
2026-03-05 09:02:00,86894280,2,2026-03-05 09:00:00,0.718738533850066,-2.0,3.22,2.44,0.49160305,0.4647619,1.9969512,1.9626168,0.0007266862,0.0006489864,-2.0637443,-2.8283312,-1.2487417,-1.286093,-6.5538707,-7.223536,0.70090926,0.70710677,-0.71325046,-0.70710677
2026-03-05 09:02:00,86894280,3,2026-03-05 09:08:00,1.4208601001859513,6.0,3.22,2.07,0.49160305,0.34731543,1.9969512,1.4483596,0.0007266862,0.00078451436,-2.0637443,-1.3472692,-1.2487417,-0.877319,-6.5538707,-6.156014,0.70090926,0.6819984,-0.71325046,-0.7313537
2026-03-05 21:20:00,87000308,1,2026-03-05 21:19:00,0.4629405550177865,-1.0,1.733,1.19,0.37029913,0.31648937,1.0434783,0.8875251,0.00091000984,0.000908724,-0.16469854,0.008677821,0.46675432,0.5313644,-13.028227,-12.710187,-0.64278764,-0.646124,0.76604444,0.76323247
2026-03-05 21:20:00,87000308,2,2026-03-05 21:36:00,0.578189382471071,16.0,1.733,2.157,0.37029913,0.4814732,1.0434783,1.0228311,0.00091000984,0.00094821403,-0.16469854,0.16203564,0.46675432,0.46393964,-13.028227,-10.93092,-0.64278764,-0.58778524,0.76604444,0.809017
2026-03-05 21:20:00,87000308,3,2026-03-05 21:24:00,0.5988729194357332,4.0,1.733,2.25,0.37029913,0.47974414,1.0434783,1.1057409,0.00091000984,0.0009262033,-0.16469854,-0.27251846,0.46675432,0.27121407,-13.028227,-12.6434,-0.64278764,-0.6293204,0.76604444,0.777146
2026-03-06 07:23:00,87025580,1,2026-03-06 07:20:00,0.8830665325082202,-3.0,0.21,0.32,0.40384614,0.47761193,0.39649257,0.5,0.00028794535,0.0003024511,-1.8884856,-1.1980854,-0.29675665,0.12795484,14.858062,15.630897,0.9351352,0.9396926,-0.35429105,-0.34202015
2026-03-06 07:23:00,87025580,2,2026-03-06 07:24:00,0.8843868881031567,1.0,0.21,0.5,0.40384614,0.5494506,0.39649257,0.69386196,0.00028794535,0.00028043526,-1.8884856,-1.1674852,-0.29675665,-0.36764166,14.858062,15.616918,0.9351352,0.9335804,-0.35429105,-0.35836795
2026-03-06 07:23:00,87025580,3,2026-03-06 07:12:00,1.165310422707608,-11.0,0.21,0.337,0.40384614,0.5129376,0.39649257,0.48666668,0.00028794535,0.00034068472,-1.8884856,-0.914887,-0.29675665,0.23684981,14.858062,14.240641,0.9351352,0.95105654,-0.35429105,-0.309017
2026-03-06 10:19:00,87031092,1,2026-03-06 09:41:00,0.6659560430258096,-38.0,0.59,0.607,0.45736435,0.4194886,0.5863636,0.8175141,0.0004347519,0.00044227825,0.65681714,0.37543613,-0.26316425,-0.034234963,0.42236763,3.19868,0.42656875,0.5699968,-0.9044551,-0.8216469
2026-03-06 10:19:00,87031092,2,2026-03-06 10:47:00,0.6856417878963316,28.0,0.59,0.64,0.45736435,0.36363637,0.5863636,0.7457627,0.0004347519,0.0004894723,0.65681714,0.47146517,-0.26316425,0.03748234,0.42236763,0.5213782,0.42656875,0.31316382,-0.9044551,-0.9496991
2026-03-06 10:19:00,87031092,3,2026-03-06 11:44:00,0.8052110745768651,85.0,0.59,0.4,0.45736435,0.3539823,0.5863636,0.4226669,0.0004347519,0.0005324187,0.65681714,0.7651516,-0.26316425,-0.15607022,0.42236763,-2.2875009,0.42656875,0.06975647,-0.9044551,-0.9975641
2026-03-09 09:09:00,87193343,1,2026-03-09 09:07:00,0.7861513001721925,-2.0,2.3,2.31,0.46653143,0.56479216,1.0324607,0.8505771,0.000992657,0.0009818866,1.498973,0.5699264,0.3638498,0.3006827,7.2197137,7.4923673,0.67880076,0.685183,-0.7343225,-0.72837096
2026-03-09 09:09:00,87193343,2,2026-03-09 09:01:00,0.9530043864495564,-8.0,2.3,2.82,0.46653143,0.6143791,1.0324607,0.8218442,0.000992657,0.0009893257,1.498973,0.5776712,0.3638498,0.47330576,7.2197137,7.1617126,0.67880076,0.7040147,-0.7343225,-0.71018535
2026-03-09 09:09:00,87193343,3,2026-03-09 09:08:00,1.0736586693878176,-1.0,2.3,1.43,0.46653143,0.239531,1.0324607,1.2415514,0.000992657,0.0009946172,1.498973,0.9995158,0.3638498,0.3663702,7.2197137,7.66295,0.67880076,0.6819984,-0.7343225,-0.7313537
2026-03-09 10:55:00,87220510,1,2026-03-09 10:56:00,0.46712070224984387,1.0,0.94,1.14,0.30322582,0.32022473,1.0708117,1.2297064,0.00064562575,0.000649259,-0.13980052,-0.6828497,-0.46574402,-0.42305323,0.8443373,1.182974,0.27982903,0.27563736,-0.96004987,-0.9612617
2026-03-09 10:55:00,87220510,2,2026-03-09 11:41:00,0.4922388390336672,46.0,0.94,0.92,0.30322582,0.30564785,1.0708117,1.0011642,0.00064562575,0.0006878238,-0.13980052,-0.48239046,-0.46574402,-0.2887792,0.8443373,-0.15400152,0.27982903,0.082808204,-0.96004987,-0.9965655
2026-03-09 10:55:00,87220510,3,2026-03-09 10:18:00,0.5195594909610306,-37.0,0.94,1.04,0.30322582,0.2905028,1.0708117,0.99582756,0.00064562575,0.00073589745,-0.13980052,-0.24791943,-0.46574402,-0.22671852,0.8443373,1.0931623,0.27982903,0.4305111,-0.96004987,-0.90258527
2026-03-09 14:32:00,87303856,1,2026-03-09 14:33:00,0.29068063913836745,1.0,2.843,3.1,0.87208587,0.9144543,0.82951653,0.86259544,0.0007828016,0.0007749985,0.18333946,0.4137663,-0.30671117,-0.35176203,-2.2998657,-3.1650553,-0.6156615,-0.61909395,-0.7880108,-0.78531694
2026-03-09 14:32:00,87303856,2,2026-03-09 14:50:00,0.6447569687740765,18.0,2.843,2.61,0.87208587,0.85855263,0.82951653,0.9339478,0.0007828016,0.00061901915,0.18333946,0.012706154,-0.30671117,-0.04845036,-2.2998657,-3.140684,-0.6156615,-0.6755902,-0.7880108,-0.7372773
2026-03-09 14:32:00,87303856,3,2026-03-09 16:12:00,0.8831992970024546,100.0,2.843,2.66,0.87208587,0.8109756,0.82951653,1.0412699,0.0007828016,0.00067008816,0.18333946,0.10928119,-0.30671117,-0.526548,-2.2998657,-0.5977718,-0.6156615,-0.8910065,-0.7880108,-0.4539905
2026-03-10 09:45:00,87433721,1,2026-03-10 09:19:00,0.9261668932382,-26.0,0.41,0.82,0.640625,0.58156025,0.3267807,0.65429235,0.00039542714,0.00040297062,-1.3290782,-0.92988765,-0.10591116,0.2902408,8.632211,9.654872,0.55557024,0.646124,-0.8314696,-0.76323247
2026-03-10 09:45:00,87433721,2,2026-03-10 11:19:00,0.9577386745082151,94.0,0.41,0.7,0.640625,0.5072464,0.3267807,0.4742268,0.00039542714,0.00048890646,-1.3290782,-1.520308,-0.10591116,0.17243558,8.632211,7.61899,0.55557024,0.17794354,-0.8314696,-0.9840407
2026-03-10 09:45:00,87433721,3,2026-03-10 09:59:00,1.019980940237092,14.0,0.41,0.65,0.640625,0.48872182,0.3267807,0.81595093,0.00039542714,0.00034018178,-1.3290782,-0.8522018,-0.10591116,-0.14201245,8.632211,9.0662985,0.55557024,0.503774,-0.8314696,-0.8638355
2026-03-10 10:43:00,87436917,1,2026-03-10 10:42:00,0.6136421953277457,-1.0,1.86,1.99,0.82300884,0.6885813,0.8375023,1.0248227,0.0005214937,0.0005282159,1.6042305,1.7197903,0.6960536,0.5850802,6.1105933,5.33907,0.32969064,0.33380687,-0.944089,-0.9426415
2026-03-10 10:43:00,87436917,2,2026-03-10 11:10:00,0.8693135757068219,27.0,1.86,2.28,0.82300884,0.9382716,0.8375023,1.029661,0.0005214937,0.00051895995,1.6042305,1.7996973,0.6960536,0.32366353,6.1105933,8.202141,0.32969064,0.21643962,-0.944089,-0.976296
2026-03-10 10:43:00,87436917,3,2026-03-10 10:45:00,1.103111074719758,2.0,1.86,1.23,0.82300884,0.5565611,0.8375023,0.874036,0.0005214937,0.0005098676,1.6042305,1.2163553,0.6960536,0.85206705,6.1105933,6.298479,0.32969064,0.32143947,-0.944089,-0.9469301
2026-03-10 11:14:00,87455839,1,2026-03-10 10:45:00,0.6336151306867966,-29.0,1.27,1.23,0.48846152,0.5565611,0.9811321,0.874036,0.0005240009,0.0005098676,1.3253922,1.2163553,0.552971,0.85206705,8.571123,6.298479,0.19936794,0.32143947,-0.9799247,-0.9469301
2026-03-10 11:14:00,87455839,2,2026-03-10 10:47:00,0.6950514388191094,-27.0,1.27,1.05,0.48846152,0.47945204,0.9811321,0.8800482,0.0005240009,0.00050301733,1.3253922,0.90640044,0.552971,0.8934594,8.571123,6.4657116,0.19936794,0.31316382,-0.9799247,-0.9496991
2026-03-10 11:14:00,87455839,3,2026-03-10 10:48:00,0.7856359066492263,-26.0,1.27,1.15,0.48846152,0.45816734,0.9811321,0.9986075,0.0005240009,0.0005016099,1.3253922,0.6237937,0.552971,0.9106065,8.571123,6.926629,0.19936794,0.309017,-0.9799247,-0.95105654
2026-03-11 10:08:00,87634841,1,2026-03-11 09:09:00,0.49122000121521203,-59.0,1.01,1.01,0.41735536,0.45495495,1.2703412,1.2231405,0.00042880065,0.00039350506,2.147919,1.9632461,0.26394922,0.4104372,-1.6129457,-0.6361447,0.46947157,0.67880076,-0.88294756,-0.7343225
2026-03-11 10:08:00,87634841,2,2026-03-11 10:51:00,0.7258304694021244,43.0,1.01,1.59,0.41735536,0.511254,1.2703412,1.089317,0.00042880065,0.0005403496,2.147919,2.065774,0.26394922,0.10310504,-1.6129457,-2.5875883,0.46947157,0.29654157,-0.88294756,-0.95501995
2026-03-11 10:08:00,87634841,3,2026-03-11 10:05:00,0.7823412255826002,-3.0,1.01,1.23,0.41735536,0.40728477,1.2703412,1.606383,0.00042880065,0.0004176944,2.147919,1.3857393,0.26394922,0.114261575,-1.6129457,-1.8691462,0.46947157,0.48098877,-0.88294756,-0.87672675
2026-03-11 12:39:00,87640068,1,2026-03-11 13:16:00,1.0494524122107785,37.0,0.64,0.44,0.28107157,0.278481,1.0468966,1.0128205,0.00042395803,0.00033638367,-0.73578626,0.446459,0.9979167,0.6269718,-3.2901745,-3.6299162,-0.1693495,-0.32556817,-0.98555607,-0.94551855
2026-03-11 12:39:00,87640068,2,2026-03-11 12:41:00,1.0903160964783425,2.0,0.64,0.45,0.28107157,0.2866242,1.0468966,0.7218391,0.00042395803,0.0004295612,-0.73578626,0.6585724,0.9979167,1.0657192,-3.2901745,-1.9086664,-0.1693495,-0.17794354,-0.98555607,-0.9840407
2026-03-11 12:39:00,87640068,3,2026-03-11 13:18:00,1.098294970688561,39.0,0.64,0.5,0.28107157,0.41322315,1.0468966,0.7908497,0.00042395803,0.00032320054,-0.73578626,-0.13703516,0.9979167,0.54405254,-3.2901745,-4.156399,-0.1693495,-0.33380687,-0.98555607,-0.9426415
2026-03-12 09:41:00,87715345,1,2026-03-12 09:35:00,1.0199573723894857,-6.0,1.05,0.49,0.39179105,0.2951807,1.4725275,0.9851632,0.00038712836,0.000391458,2.2853627,2.3447046,1.3194822,1.039284,5.875239,3.6530263,0.5699968,0.59130967,-0.8216469,-0.8064446
2026-03-12 09:41:00,87715345,2,2026-03-12 08:49:00,1.1816673200588768,-52.0,1.05,1.69,0.39179105,0.55775577,1.4725275,1.5074627,0.00038712836,0.00044213294,2.2853627,1.3862647,1.3194822,1.0585394,5.875239,0.9801954,0.5699968,0.7402181,-0.8216469,-0.6723668
2026-03-12 09:41:00,87715345,3,2026-03-12 08:46:00,1.1899199649045515,-55.0,1.05,1.42,0.39179105,0.43030304,1.4725275,1.5566038,0.00038712836,0.00046341703,2.2853627,1.0716943,1.3194822,1.0173761,5.875239,0.485183,0.5699968,0.7489557,-0.8216469,-0.66262007
2026-03-12 11:02:00,87725200,1,2026-03-12 13:01:00,1.5372581321277423,119.0,0.83,1.21,0.17773019,0.39711192,2.1940334,1.6927778,0.00045664006,0.0003795204,3.407833,2.8435307,1.0643363,0.70426285,12.596323,14.888235,0.25038,-0.2630312,-0.96814764,-0.9647873
2026-03-12 11:02:00,87725200,2,2026-03-12 12:33:00,1.562400166978766,91.0,0.83,0.68,0.17773019,0.29565218,2.1940334,1.3855422,0.00045664006,0.00040426577,3.407833,2.6574495,1.0643363,0.86304307,12.596323,12.286975,0.25038,-0.14349262,-0.96814764,-0.9896514
2026-03-12 11:02:00,87725200,3,2026-03-12 12:29:00,1.705952059997496,87.0,0.83,0.71,0.17773019,0.21005917,2.1940334,2.0672784,0.00045664006,0.00038696465,3.407833,2.338372,1.0643363,0.1740097,12.596323,10.462328,0.25038,-0.12619896,-0.96814764,-0.99200493
2026-03-12 13:51:00,87728679,1,2026-03-12 14:06:00,0.5247190599142427,15.0,0.06,0.02,0.046765395,0.033333335,0.66476685,0.4063664,0.0003657411,0.00029999335,-0.52074814,-0.7077551,0.061431374,-0.06912542,11.113535,12.461253,-0.46561453,-0.52249855,-0.88498765,-0.85264015
2026-03-12 13:51:00,87728679,2,2026-03-12 14:29:00,0.630064042649507,38.0,0.06,0.1,0.046765395,0.13157895,0.66476685,0.54480284,0.0003657411,0.00029173118,-0.52074814,-0.37734294,0.061431374,-0.19545381,11.113535,10.715766,-0.46561453,-0.605294,-0.88498765,-0.79600203
2026-03-12 13:51:00,87728679,3,2026-03-12 14:49:00,0.7091313140776667,58.0,0.06,0.14,0.046765395,0.14583333,0.66476685,0.53932583,0.0003657411,0.00035714146,-0.52074814,0.03244042,0.061431374,0.15518728,11.113535,9.039616,-0.46561453,-0.6723668,-0.88498765,-0.7402181
2026-03-12 13:54:00,87728889,1,2026-03-12 13:55:00,0.38983672072738856,1.0,0.54,0.37,0.3115984,0.2846154,0.9292225,0.71625346,0.00035713188,0.00034952737,-1.0974401,-1.2924674,-0.1910058,-0.2353706,9.851438,10.245953,-0.47715876,-0.48098877,-0.87881714,-0.87672675
2026-03-12 13:54:00,87728889,2,2026-03-12 14:54:00,0.500468776217942,60.0,0.54,0.45,0.3115984,0.29032257,0.9292225,0.94512194,0.00035713188,0.00034124023,-1.0974401,-0.71316737,-0.1910058,-0.09248018,9.851438,8.711684,-0.47715876,-0.68835455,-0.87881714,-0.7253744
2026-03-12 13:54:00,87728889,3,2026-03-12 14:52:00,0.5055481910068625,58.0,0.54,0.48,0.3115984,0.28742516,0.9292225,0.95977014,0.00035713188,0.00035842994,-1.0974401,-1.2715429,-0.1910058,-0.00010840569,9.851438,8.679446,-0.47715876,-0.6819984,-0.87881714,-0.7313537
2026-03-12 18:26:00,87764166,1,2026-03-12 17:57:00,0.7559112617932936,-29.0,0.71,0.49,0.2119403,0.17902814,0.75027996,0.68425,0.0008846219,0.0007658563,0.02203644,-0.23877609,-0.14071265,-0.5224199,-6.679852,-5.5302887,-0.9935719,-0.99991435,0.11320321,-0.013089595
2026-03-12 18:26:00,87764166,2,2026-03-12 18:00:00,0.7894593456803471,-26.0,0.71,1.09,0.2119403,0.34309095,0.75027996,0.8415894,0.0008846219,0.0007404762,0.02203644,0.26785514,-0.14071265,-0.3539406,-6.679852,-5.062955,-0.9935719,-1.0,0.11320321,-1.8369701e-16
2026-03-12 18:26:00,87764166,3,2026-03-12 18:23:00,0.8731627939802513,-3.0,0.71,0.62,0.2119403,0.22064057,0.75027996,0.5890985,0.0008846219,0.00095633307,0.02203644,1.1558667,-0.14071265,-0.30966133,-6.679852,-6.299982,-0.9935719,-0.99496853,0.11320321,0.10018806
2026-03-13 08:37:00,87966615,1,2026-03-13 08:43:00,0.6041551762428307,6.0,0.67,0.52,0.29515418,0.18309858,1.3352941,1.4575315,0.00036229668,0.00039282363,-0.14050029,0.0049851937,0.120804414,-0.108769685,-0.12712404,-0.7603779,0.77439266,0.75756496,-0.63270533,-0.65275973
2026-03-13 08:37:00,87966615,2,2026-03-13 09:14:00,0.6456718409848976,37.0,0.67,0.86,0.29515418,0.31272727,1.3352941,1.2257633,0.00036229668,0.00047966538,-0.14050029,-0.7922466,0.120804414,0.23427625,-0.12712404,-0.8595337,0.77439266,0.66262007,-0.63270533,-0.7489557
2026-03-13 08:37:00,87966615,3,2026-03-13 08:41:00,0.8400661697059155,4.0,0.67,0.54,0.29515418,0.34615386,1.3352941,0.852459,0.00036229668,0.0003752533,-0.14050029,-0.12523766,0.120804414,-0.08106396,-0.12712404,-0.6071262,0.77439266,0.76323247,-0.63270533,-0.646124
2026-03-13 13:14:00,88014898,1,2026-03-13 12:39:00,0.755457046610559,-35.0,2.57,2.23,0.9081272,0.87795275,1.3940886,1.3092784,0.000424879,0.00045119564,1.3034161,0.40496445,0.16314985,-0.009856142,-2.8215508,-3.8527563,-0.31730467,-0.1693495,-0.94832367,-0.98555607
2026-03-13 13:14:00,88014898,2,2026-03-13 14:18:00,0.9560338096439553,64.0,2.57,2.2,0.9081272,0.8058608,1.3940886,1.2522936,0.000424879,0.00046630704,1.3034161,1.9073668,0.16314985,-0.20772691,-2.8215508,-1.8856276,-0.31730467,-0.56640625,-0.94832367,-0.8241262
2026-03-13 13:14:00,88014898,3,2026-03-13 12:33:00,1.034253675202722,-41.0,2.57,3.04,0.9081272,0.7774936,1.3940886,1.6100473,0.000424879,0.00047864704,1.3034161,0.19706486,0.16314985,0.14066331,-2.8215508,-4.063005,-0.31730467,-0.14349262,-0.94832367,-0.9896514
2026-03-13 13:36:00,88015942,1,2026-03-13 13:38:00,1.0306081246741403,2.0,1.2,1.5,0.60913706,0.7246377,0.97283953,1.0024213,0.00048486167,0.00047897222,-1.3846929,-0.03284579,-0.93729377,-0.8790144,-5.881344,-5.29277,-0.40673664,-0.41469324,-0.9135454,-0.9099613
2026-03-13 13:36:00,88015942,2,2026-03-13 12:25:00,1.1506668850400603,-71.0,1.2,1.29,0.60913706,0.5145592,0.97283953,1.0971553,0.00048486167,0.00047000957,-1.3846929,-1.7824295,-0.93729377,-0.33510822,-5.881344,-5.790267,-0.40673664,-0.10886688,-0.9135454,-0.99405634
2026-03-13 13:36:00,88015942,3,2026-03-13 12:26:00,1.1755219600443056,-70.0,1.2,0.85,0.60913706,0.4473684,0.97283953,0.87759817,0.00048486167,0.00046301918,-1.3846929,-1.197454,-0.93729377,-0.3827273,-5.881344,-5.367134,-0.40673664,-0.11320321,-0.9135454,-0.9935719
2026-03-16 07:46:00,88144292,1,2026-03-16 07:52:00,0.6450850064700845,6.0,0.6,0.72,0.8450704,0.9113924,0.5318352,0.60536397,0.00031026322,0.00027054746,-0.636115,-1.2753721,-1.0016168,-1.230512,5.2460904,4.268675,0.89493436,0.88294756,-0.4461978,-0.46947157
2026-03-16 07:46:00,88144292,2,2026-03-16 07:50:00,0.8882985587590833,4.0,0.6,0.72,0.8450704,0.9350649,0.5318352,0.5900383,0.00031026322,0.00027629256,-0.636115,-1.7395334,-1.0016168,-1.1972634,5.2460904,4.5964003,0.89493436,0.8870108,-0.4461978,-0.4617486
2026-03-16 07:46:00,88144292,3,2026-03-16 07:41:00,1.152237032291686,-5.0,0.6,1.24,0.8450704,0.93939394,0.5318352,0.99622643,0.00031026322,0.0003296937,-0.636115,-1.5476559,-1.0016168,-0.73570883,5.2460904,5.5549455,0.89493436,0.9044551,-0.4461978,-0.42656875
2026-03-16 11:07:00,88154082,1,2026-03-16 10:59:00,0.49363038645890045,-8.0,3.26,3.68,0.8337596,0.7880086,1.3989266,1.538715,0.0006975221,0.0006481523,-0.06800043,-0.07414364,-0.14293069,-0.32605517,-3.5433085,-4.6617827,0.2292004,0.2630312,-0.97337925,-0.9647873
2026-03-16 11:07:00,88154082,2,2026-03-16 11:13:00,0.5871990180653701,6.0,3.26,2.81,0.8337596,0.7205128,1.3989266,1.25,0.0006975221,0.00068232656,-0.06800043,0.06454689,-0.14293069,-0.012052582,-3.5433085,-3.9734087,0.2292004,0.20364176,-0.97337925,-0.97904545
2026-03-16 11:07:00,88154082,3,2026-03-16 10:56:00,0.6724578933220462,-11.0,3.26,3.88,0.8337596,0.9086651,1.3989266,1.3729904,0.0006975221,0.00062119,-0.06800043,-0.4058796,-0.14293069,-0.3966025,-3.5433085,-3.8052936,0.2292004,0.27563736,-0.97337925,-0.9612617
2026-03-16 14:10:00,88163179,1,2026-03-16 13:25:00,0.8279839808755123,-45.0,1.2,1.41,0.5633803,0.52416354,1.031477,0.97287524,0.00044993468,0.00055932795,1.1204864,1.7719997,0.664552,0.4975797,-2.6898909,-7.5385656,-0.53729963,-0.36243805,-0.8433914,-0.93200785
2026-03-16 14:10:00,88163179,2,2026-03-16 13:36:00,0.8492357614860079,-34.0,1.2,1.0,0.5633803,0.42372882,1.031477,0.9402391,0.00044993468,0.00054752687,1.1204864,0.4907157,0.664552,0.6397765,-2.6898909,-6.469419,-0.53729963,-0.40673664,-0.8433914,-0.9135454
2026-03-16 14:10:00,88163179,3,2026-03-16 14:18:00,0.8775276854140357,8.0,1.2,1.033,0.5633803,0.5675824,1.031477,0.91,0.00044993468,0.0004615655,1.1204864,0.32596353,0.664552,1.0423789,-2.6898909,0.11799982,-0.53729963,-0.56640625,-0.8433914,-0.8241262
2026-03-16 14:42:00,88172039,1,2026-03-16 14:40:00,0.6157699627946999,-2.0,0.26,0.5,0.29988465,0.45045045,0.36451545,0.4657017,0.00043859825,0.00047643413,0.14403449,0.19657975,0.7316052,0.81859964,5.9370613,5.61806,-0.64944804,-0.64278764,-0.76040596,-0.76604444
2026-03-16 14:42:00,88172039,2,2026-03-16 15:39:00,0.8881417797648689,57.0,0.26,0.76,0.29988465,0.34234235,0.36451545,0.6945096,0.00043859825,0.0006429427,0.14403449,0.02478162,0.7316052,0.8149338,5.9370613,4.867921,-0.64944804,-0.81664157,-0.76040596,-0.5771452
2026-03-16 14:42:00,88172039,3,2026-03-16 14:38:00,0.9229307072522769,-4.0,0.26,0.1,0.29988465,0.07936508,0.36451545,0.5264257,0.00043859825,0.0004858991,0.14403449,0.15586135,0.7316052,0.9360895,5.9370613,5.246685,-0.64944804,-0.63607824,-0.76040596,-0.77162457
2026-03-17 11:20:00,88320644,1,2026-03-17 11:51:00,0.6959993735378242,31.0,1.19,0.98,0.5776699,0.69014084,0.9975787,0.7759563,0.00039578282,0.00040169127,2.0862882,1.6436096,0.32136765,0.18681495,3.7933733,2.709113,0.17364818,0.039259817,-0.9848077,-0.999229
2026-03-17 11:20:00,88320644,2,2026-03-17 10:29:00,0.7343923430307644,-51.0,1.19,0.81,0.5776699,0.5225806,0.9975787,1.0472972,0.00039578282,0.00039591567,2.0862882,2.5579638,0.32136765,0.4350498,3.7933733,-0.9581236,0.17364818,0.38671097,-0.9848077,-0.922201
2026-03-17 11:20:00,88320644,3,2026-03-17 11:22:00,0.8329215442046976,2.0,1.19,1.59,0.5776699,0.5408163,0.9975787,1.4237288,0.00039578282,0.00040279672,2.0862882,2.1626296,0.32136765,0.58775336,3.7933733,4.7873616,0.17364818,0.1650476,-0.9848077,-0.9862856
2026-03-17 16:10:00,88335699,1,2026-03-17 16:26:00,0.8422609511822883,16.0,0.05,0.31,0.0390625,0.15270936,0.600939,0.85835093,0.00045425218,0.0005114336,-1.27326,-1.7940732,0.13734046,-0.14506443,-0.87207794,-1.0205373,-0.8870108,-0.9170601,-0.4617486,-0.39874908
2026-03-17 16:10:00,88335699,2,2026-03-17 16:11:00,0.8641110043488681,1.0,0.05,0.44,0.0390625,0.2037037,0.600939,0.96644294,0.00045425218,0.0004526136,-1.27326,-1.3617033,0.13734046,0.07860314,-0.87207794,-1.0538123,-0.8870108,-0.88901716,-0.4617486,-0.4578739
2026-03-17 16:10:00,88335699,3,2026-03-17 17:17:00,0.9993200219527818,67.0,0.05,0.31,0.0390625,0.13735047,0.600939,0.8003546,0.00045425218,0.0006761851,-1.27326,-0.57216465,0.13734046,0.020046582,-0.87207794,-0.5549174,-0.8870108,-0.9824504,-0.4617486,-0.18652403
2026-03-18 12:31:00,88511817,1,2026-03-18 12:27:00,0.5048134882976386,-4.0,0.0,0.11,0.0,0.05612245,0.75242716,0.97512436,0.00049016485,0.0005093039,-0.35966572,0.023598341,0.40703827,0.4932994,-0.16539478,0.06102998,-0.13485093,-0.117537394,-0.9908659,-0.99306846
2026-03-18 12:31:00,88511817,2,2026-03-18 12:13:00,0.6800632501592105,-18.0,0.0,0.19,0.0,0.11445783,0.75242716,0.772093,0.00049016485,0.00048328558,-0.35966572,-0.7840312,0.40703827,0.16033813,-0.16539478,-1.8234605,-0.13485093,-0.056692787,-0.9908659,-0.9983917
2026-03-18 12:31:00,88511817,3,2026-03-18 12:45:00,0.7533187478926796,14.0,0.0,0.06,0.0,0.08695652,0.75242716,0.36898395,0.00049016485,0.00038645705,-0.35966572,-0.17620608,0.40703827,0.3266185,-0.16539478,0.46879342,-0.13485093,-0.19509032,-0.9908659,-0.98078525
2026-03-18 16:30:00,88577933,1,2026-03-18 16:36:00,0.8517334123011864,6.0,3.19,4.28,0.62919134,0.6903226,0.8373245,0.96348095,0.0013342336,0.0014720669,0.51186466,0.9948705,0.0039258716,-0.029757988,-17.407387,-15.4985,-0.9238795,-0.9335804,-0.38268343,-0.35836795
2026-03-18 16:30:00,88577933,2,2026-03-18 16:55:00,0.9115804618916669,25.0,3.19,4.36,0.62919134,0.71710527,0.8373245,0.87149715,0.0013342336,0.0014132316,0.51186466,0.06536441,0.0039258716,0.1348926,-17.407387,-14.190872,-0.9238795,-0.96004987,-0.38268343,-0.27982903
2026-03-18 16:30:00,88577933,3,2026-03-18 16:39:00,0.9216160334694129,9.0,3.19,2.47,0.62919134,0.52109706,0.8373245,0.76637024,0.0013342336,0.0014555646,0.51186466,1.4157714,0.0039258716,0.06799852,-17.407387,-15.484414,-0.9238795,-0.93819135,-0.38268343,-0.34611705
2026-03-23 08:13:00,89517529,1,2026-03-23 07:16:00,0.650145419420595,-57.0,1.21,1.37,0.61421317,0.56846476,0.45549133,0.6163683,0.001002385,0.0010294173,-0.7569503,-1.084527,0.5196641,0.48390654,-7.8423314,-11.657766,0.8362861,0.94551855,-0.54829323,-0.32556817
2026-03-23 08:13:00,89517529,2,2026-03-23 07:23:00,0.7569823224947185,-50.0,1.21,1.19,0.61421317,0.54587156,0.45549133,0.6844584,0.001002385,0.0008990441,-0.7569503,-0.37435192,0.5196641,0.5119878,-7.8423314,-11.797239,0.8362861,0.9351352,-0.54829323,-0.35429105
2026-03-23 08:13:00,89517529,3,2026-03-23 08:15:00,0.7786546929578755,2.0,1.21,1.93,0.61421317,0.5778443,0.45549133,0.7952381,0.001002385,0.0010054825,-0.7569503,-0.3775759,0.5196641,0.34089708,-7.8423314,-8.507385,0.8362861,0.8314696,-0.54829323,-0.55557024
2026-03-23 10:06:00,89770716,1,2026-03-23 10:04:00,0.6713191596698156,-2.0,4.33,4.847,0.37272963,0.3214191,0.84089756,0.9885284,0.0034871094,0.0035817688,-2.4517016,-2.1204753,-0.729068,-0.47609943,-13.497688,-12.36946,0.47715876,0.4848096,-0.87881714,-0.8746197
2026-03-23 10:06:00,89770716,2,2026-03-23 10:03:00,1.421939882368588,-3.0,4.33,2.357,0.37272963,0.20590548,0.84089756,0.7298055,0.0034871094,0.0035764151,-2.4517016,-2.2862813,-0.729068,-0.36834908,-13.497688,-12.101322,0.47715876,0.48862123,-0.87881714,-0.872496
2026-03-23 10:06:00,89770716,3,2026-03-23 10:13:00,1.8390054269683507,7.0,4.33,3.54,0.37272963,0.28342673,0.84089756,0.871294,0.0034871094,0.0040486283,-2.4517016,-1.1787709,-0.729068,-1.0868527,-13.497688,-13.448381,0.47715876,0.45009845,-0.87881714,-0.89297897
2026-03-23 16:23:00,89797106,1,2026-03-23 16:19:00,0.9766273583222952,-4.0,3.81,3.0,0.5763994,0.4153399,0.63680154,0.6599361,0.002611807,0.0025463006,-1.2044054,-0.8201517,-0.5869231,-0.2551863,7.154964,8.850099,-0.91176206,-0.9044551,-0.41071886,-0.42656875
2026-03-23 16:23:00,89797106,2,2026-03-23 17:52:00,1.0600967788151296,89.0,3.81,4.17,0.5763994,0.53667957,0.63680154,0.80895364,0.002611807,0.0023295183,-1.2044054,-1.148657,-0.5869231,-0.46329656,7.154964,10.860055,-0.91176206,-0.99939084,-0.41071886,-0.034899496
2026-03-23 16:23:00,89797106,3,2026-03-23 16:27:00,1.070279554169991,4.0,3.81,4.43,0.5763994,0.8113553,0.63680154,0.51195496,0.002611807,0.0025465577,-1.2044054,-1.3151302,-0.5869231,-0.87226737,7.154964,6.3545647,-0.91176206,-0.91879123,-0.41071886,-0.39474386
2026-03-24 11:47:00,90052400,1,2026-03-24 11:46:00,0.562256757966142,-1.0,1.51,2.01,0.30753565,0.43412527,1.0413574,0.98197246,0.0011266004,0.0011278773,-0.133031,-0.22557034,0.04654098,-0.012504092,5.886372,5.5898604,0.056692787,0.06104854,-0.9983917,-0.9981348
2026-03-24 11:47:00,90052400,2,2026-03-24 10:30:00,0.6539979917097922,-77.0,1.51,1.44,0.30753565,0.31324777,1.0413574,1.0753217,0.0011266004,0.0012156084,-0.133031,0.07830848,0.04654098,-0.14103128,5.886372,8.12408,0.056692787,0.38268343,-0.9983917,-0.9238795
2026-03-24 11:47:00,90052400,3,2026-03-24 11:44:00,0.7712798471896035,-3.0,1.51,2.08,0.30753565,0.43333334,1.0413574,0.9948186,0.0011266004,0.0011644192,-0.133031,-0.84598833,0.04654098,-0.0406554,5.886372,4.7257013,0.056692787,0.06975647,-0.9983917,-0.9975641
2026-03-24 12:52:00,90054432,1,2026-03-24 13:27:00,0.5052674321019828,35.0,0.08,0.17,0.03743566,0.05685619,0.62122095,0.7716129,0.00079994265,0.0008698826,-0.29447818,-0.47539446,0.31434336,0.12726326,10.520596,11.754621,-0.22495106,-0.37055743,-0.97437006,-0.9288095
2026-03-24 12:52:00,90054432,2,2026-03-24 12:50:00,0.607775760171552,-2.0,0.08,0.29,0.03743566,0.11026616,0.62122095,0.73289675,0.00079994265,0.0008264692,-0.29447818,0.33694834,0.31434336,0.47667027,10.520596,10.744401,-0.22495106,-0.21643962,-0.97437006,-0.976296
2026-03-24 12:52:00,90054432,3,2026-03-24 12:24:00,0.6164643425235127,-28.0,0.08,0.167,0.03743566,0.070464134,0.62122095,0.56028366,0.00079994265,0.0009950807,-0.29447818,-0.21351247,0.31434336,0.32107437,10.520596,7.6547017,-0.22495106,-0.104528464,-0.97437006,-0.9945219
2026-03-24 15:58:00,90080406,1,2026-03-24 16:00:00,0.9274044187420873,2.0,2.46,2.17,0.67955804,0.4568421,0.59948665,0.79318696,0.0016392613,0.001567259,-0.8601188,-0.60470253,-0.06372937,-0.11543091,-0.5064012,-1.1404551,-0.8616292,-0.8660254,-0.5075384,-0.5
2026-03-24 15:58:00,90080406,2,2026-03-24 15:06:00,1.0424053880950295,-52.0,2.46,1.847,0.67955804,0.54855955,0.59948665,0.56889415,0.0016392613,0.0014133363,-0.8601188,-0.9876886,-0.06372937,-0.30251133,-0.5064012,3.517557,-0.8616292,-0.7253744,-0.5075384,-0.68835455
2026-03-24 15:58:00,90080406,3,2026-03-24 17:51:00,1.0484583302579165,113.0,2.46,2.37,0.67955804,0.51221097,0.59948665,0.75499713,0.0016392613,0.0015333182,-0.8601188,-1.0080196,-0.06372937,0.0363383,-0.5064012,1.9445813,-0.8616292,-0.999229,-0.5075384,-0.039259817
2026-03-24 16:11:00,90081363,1,2026-03-24 16:21:00,1.0193557740952077,10.0,1.28,1.07,0.24568138,0.21572581,0.7120891,0.7519139,0.001747938,0.001536787,-2.009614,-0.89710486,-0.4261015,-0.18278717,-2.5584426,-1.8739525,-0.88901716,-0.90814316,-0.4578739,-0.41865975
2026-03-24 16:11:00,90081363,2,2026-03-24 16:13:00,1.0993637762679,2.0,1.28,1.0,0.24568138,0.18060322,0.7120891,0.8393845,0.001747938,0.0017393942,-2.009614,-0.49281338,-0.4261015,-0.33517322,-2.5584426,-1.5514778,-0.88901716,-0.89297897,-0.4578739,-0.45009845
2026-03-24 16:11:00,90081363,3,2026-03-24 16:22:00,1.1681191077774018,11.0,1.28,0.84,0.24568138,0.12280702,0.7120891,1.0369135,0.001747938,0.0015390405,-2.009614,-1.0297058,-0.4261015,-0.20708749,-2.5584426,-2.0045147,-0.88901716,-0.9099613,-0.4578739,-0.41469324
2026-03-25 08:35:00,90188256,1,2026-03-25 09:12:00,0.7597300918869321,37.0,0.87,0.963,0.21820918,0.25748664,1.394056,1.0135502,0.00075559015,0.0008601035,-0.47383907,-0.19366221,-1.0498923,-1.0101751,0.1988833,-1.9394157,0.77988446,0.6691306,-0.62592345,-0.7431448
2026-03-25 08:35:00,90188256,2,2026-03-25 09:05:00,1.1085284364482424,30.0,0.87,0.64,0.21820918,0.20447284,1.394056,0.92058825,0.00075559015,0.0007731082,-0.47383907,-1.5095652,-1.0498923,-0.81764185,0.1988833,-0.6998766,0.77988446,0.69151306,-0.62592345,-0.72236395
2026-03-25 08:35:00,90188256,3,2026-03-25 08:25:00,1.137515379124391,-10.0,0.87,0.597,0.21820918,0.2985,1.394056,0.9942829,0.00075559015,0.00046660184,-0.47383907,-0.76565486,-1.0498923,-1.0124544,0.1988833,4.9828963,0.77988446,0.8064446,-0.62592345,-0.59130967
2026-03-25 11:00:00,90192607,1,2026-03-25 10:57:00,0.47819153692930466,-3.0,1.917,2.007,0.57567567,0.6238732,1.0729821,1.0365716,0.00066950277,0.0006649894,-1.7670771,-1.4857674,-0.9466871,-0.70181954,-4.1414614,-3.4168708,0.25881904,0.27144045,-0.9659258,-0.9624552
2026-03-25 11:00:00,90192607,2,2026-03-25 10:49:00,0.587438840184089,-11.0,1.917,2.05,0.57567567,0.48122066,1.0729821,1.2246658,0.00066950277,0.00076107366,-1.7670771,-2.089776,-0.9466871,-0.81133896,-4.1414614,-3.0129206,0.25881904,0.3048643,-0.9659258,-0.9523958
2026-03-25 11:00:00,90192607,3,2026-03-25 10:59:00,0.9087267414230231,-1.0,1.917,0.95,0.57567567,0.54913294,1.0729821,0.6070175,0.00066950277,0.0006648506,-1.7670771,-1.7758842,-0.9466871,-0.9547166,-4.1414614,-4.814908,0.25881904,0.2630312,-0.9659258,-0.9647873
2026-03-25 11:38:00,90194077,1,2026-03-25 12:25:00,0.8481476967786528,47.0,1.93,2.06,0.34464285,0.34738618,1.8064516,2.0458858,0.00088668993,0.00080374855,-1.3979431,-2.1165001,0.05792966,-0.23293269,1.5517906,0.94679385,0.09584575,-0.10886688,-0.9953962,-0.99405634
2026-03-25 11:38:00,90194077,2,2026-03-25 11:40:00,0.9911727475904403,2.0,1.93,1.96,0.34464285,0.4516129,1.8064516,1.3237761,0.00088668993,0.0009354198,-1.3979431,-0.69345766,0.05792966,0.13188466,1.5517906,2.637532,0.09584575,0.087155744,-0.9953962,-0.9961947
2026-03-25 11:38:00,90194077,3,2026-03-25 12:39:00,1.136513096340616,61.0,1.93,1.94,0.34464285,0.4340045,1.8064516,1.5656743,0.00088668993,0.0007446053,-1.3979431,-0.8878047,0.05792966,-0.4502681,1.5517906,0.26092854,0.09584575,-0.1693495,-0.9953962,-0.98555607
2026-03-26 10:48:00,90297337,1,2026-03-26 10:43:00,0.7996735541682605,-5.0,3.5,4.37,0.85784316,0.8077634,1.0174564,1.3195122,0.0010089385,0.0010263422,0.2802512,-0.21652472,0.43048674,0.5487618,-9.227695,-9.427693,0.309017,0.32969064,-0.95105654,-0.944089
2026-03-26 10:48:00,90297337,2,2026-03-26 09:59:00,0.8109876039484817,-49.0,3.5,3.23,0.85784316,0.7340909,1.0174564,1.0045662,0.0010089385,0.0010814234,0.2802512,0.23455265,0.43048674,0.77799886,-9.227695,-9.781071,0.309017,0.503774,-0.95105654,-0.8638355
2026-03-26 10:48:00,90297337,3,2026-03-26 10:58:00,0.9234195763611861,10.0,3.5,3.87,0.85784316,0.8113208,1.0174564,1.2579114,0.0010089385,0.0009567055,0.2802512,0.4081561,0.43048674,-0.06466862,-9.227695,-9.61189,0.309017,0.26723838,-0.95105654,-0.96363044
2026-03-26 13:49:00,90303019,1,2026-03-26 15:09:00,0.7794563730310361,80.0,4.4,5.43,0.92050207,0.9208072,0.98688966,1.0464951,0.0011797493,0.0011153012,2.243673,2.2787435,-0.18161142,-0.21107064,-7.082282,-7.395319,-0.4578739,-0.7343225,-0.88901716,-0.67880076
2026-03-26 13:49:00,90303019,2,2026-03-26 15:10:00,0.8778891437757231,81.0,4.4,4.81,0.92050207,0.82081914,0.98688966,1.039929,0.0011797493,0.0011287505,2.243673,2.8317618,-0.18161142,0.06387244,-7.082282,-6.285022,-0.4578739,-0.7372773,-0.88901716,-0.6755902
2026-03-26 13:49:00,90303019,3,2026-03-26 12:55:00,1.0106555229005223,-54.0,4.4,4.84,0.92050207,0.9817444,0.98688966,1.1756289,0.0011797493,0.001057957,2.243673,1.3201116,-0.18161142,-0.15204386,-7.082282,-11.956468,-0.4578739,-0.23768589,-0.88901716,-0.9713421
2026-03-27 10:43:00,90367910,1,2026-03-27 11:18:00,1.1661738113147195,35.0,3.75,4.63,0.99469495,0.82092196,1.7058823,1.6860987,0.00056988647,0.0007181274,-2.7781692,-1.9259588,-0.45107976,-0.3844443,7.9039683,3.5761516,0.32969064,0.18223552,-0.944089,-0.9832549
2026-03-27 10:43:00,90367910,2,2026-03-27 09:47:00,1.4320882515443314,-56.0,3.75,3.44,0.99469495,0.9247312,1.7058823,1.4144486,0.00056988647,0.00065695145,-2.7781692,-1.5421469,-0.45107976,0.05509506,7.9039683,12.943875,0.32969064,0.54829323,-0.944089,-0.8362861
2026-03-27 10:43:00,90367910,3,2026-03-27 10:53:00,1.4513971909631818,10.0,3.75,2.07,0.99469495,0.76383764,1.7058823,1.2935561,0.00056988647,0.0005341843,-2.7781692,-2.336714,-0.45107976,-0.4571118,7.9039683,8.141432,0.32969064,0.28819627,-0.944089,-0.9575714
2026-03-27 17:23:00,90383944,1,2026-03-27 17:11:00,0.6489311183288619,-12.0,2.16,2.25,0.627907,0.5555556,0.56393445,0.78185326,0.0014307662,0.0013384523,-1.5258738,-1.8738796,0.7835706,0.9883341,4.325703,3.1444287,-0.98699635,-0.9772311,-0.16074257,-0.21217768
2026-03-27 17:23:00,90383944,2,2026-03-27 18:37:00,1.2546753419501178,74.0,2.16,2.413,0.627907,0.64226776,0.56393445,0.5689407,0.0014307662,0.0015995163,-1.5258738,-1.8750911,0.7835706,0.38718206,4.325703,12.876826,-0.98699635,-0.98699635,-0.16074257,0.16074257
2026-03-27 17:23:00,90383944,3,2026-03-27 17:31:00,1.2818936639831677,8.0,2.16,2.46,0.627907,0.55194074,0.56393445,0.7465662,0.0014307662,0.0012972893,-1.5258738,-1.5871177,0.7835706,0.051741675,4.325703,3.8541415,-0.98699635,-0.99200493,-0.16074257,-0.12619896
2026-03-30 10:30:00,90446737,1,2026-03-30 12:15:00,0.8022679535960049,105.0,0.273,0.3,0.13514851,0.16042781,0.6121212,0.67266184,0.0007615171,0.0006192142,-1.599879,-1.3834426,-0.6675426,-0.7202271,11.412062,14.127874,0.38268343,-0.065403126,-0.9238795,-0.99785894
2026-03-30 10:30:00,90446737,2,2026-03-30 10:00:00,0.9254605952455595,-30.0,0.273,0.25,0.13514851,0.0877193,0.6121212,0.9612142,0.0007615171,0.00070515537,-1.599879,-1.1044909,-0.6675426,-0.41004995,11.412062,15.982712,0.38268343,0.5,-0.9238795,-0.8660254
2026-03-30 10:30:00,90446737,3,2026-03-30 12:14:00,0.9426304239751206,104.0,0.273,0.41,0.13514851,0.23295455,0.6121212,0.6200458,0.0007615171,0.0006351262,-1.599879,-0.9212618,-0.6675426,-0.6655606,11.412062,13.68872,0.38268343,-0.06104854,-0.9238795,-0.9981348
2026-03-30 14:14:00,90450144,1,2026-03-30 14:18:00,0.5883328826266276,4.0,2.417,1.95,0.80379117,0.72761196,1.2052104,1.0333526,0.00058522256,0.0006061128,1.3817068,1.3554119,0.6143712,0.83845717,16.96227,16.896463,-0.551937,-0.56640625,-0.83388585,-0.8241262
2026-03-30 14:14:00,90450144,2,2026-03-30 14:23:00,0.6412020341865653,9.0,2.417,2.65,0.80379117,0.7870508,1.2052104,1.1210254,0.00058522256,0.00074377103,1.3817068,0.96467835,0.6143712,0.79168814,16.96227,14.648623,-0.551937,-0.5842497,-0.83388585,-0.811574
2026-03-30 14:14:00,90450144,3,2026-03-30 14:26:00,0.8900682943876076,12.0,2.417,2.21,0.80379117,0.8804781,1.2052104,0.882715,0.00058522256,0.000696234,1.3817068,0.5820949,0.6143712,0.6935236,16.96227,14.544733,-0.551937,-0.59482276,-0.83388585,-0.80385685
2026-03-30 14:52:00,90468624,1,2026-03-30 14:53:00,1.4993841338374319,1.0,5.75,6.54,0.7133995,0.94277066,1.8875878,1.5623873,0.0011951687,0.0012197283,1.7139148,0.2074431,1.6741595,1.5790681,15.061193,13.602821,-0.6819984,-0.685183,-0.7313537,-0.72837096
2026-03-30 14:52:00,90468624,2,2026-03-30 14:51:00,1.9713677689498705,-1.0,5.75,2.91,0.7133995,0.45826772,1.8875878,1.5191388,0.0011951687,0.0011531614,1.7139148,1.1395872,1.6741595,1.6073973,15.061193,14.5619335,-0.6819984,-0.67880076,-0.7313537,-0.7343225
2026-03-30 14:52:00,90468624,3,2026-03-30 14:19:00,2.2379302453985668,-33.0,5.75,3.473,0.7133995,0.67176014,1.8875878,1.9594467,0.0011951687,0.00064366474,1.7139148,1.7345663,1.6741595,0.9410751,15.061193,17.053576,-0.6819984,-0.5699968,-0.7313537,-0.8216469
2026-03-31 08:16:00,90670870,1,2026-03-31 09:10:00,1.1048034812445964,54.0,4.11,4.63,0.9256757,0.89728683,1.7411765,1.4021739,0.00070751883,0.00082333595,-0.32587147,-1.4414502,-1.0515398,-0.8744316,1.0143864,1.5216534,0.82903755,0.6755902,-0.5591929,-0.7372773
2026-03-31 08:16:00,90670870,2,2026-03-31 06:27:00,1.24282786714071,-109.0,4.11,4.37,0.9256757,0.7199341,1.7411765,1.7748538,0.00070751883,0.0008983466,-0.32587147,-0.4367265,-1.0515398,-0.7675461,1.0143864,3.2756732,0.82903755,0.99306846,-0.5591929,-0.117537394
2026-03-31 08:16:00,90670870,3,2026-03-31 09:49:00,1.3044836811887912,93.0,4.11,3.4,0.9256757,0.85,1.7411765,1.5968064,0.00070751883,0.0006111236,-0.32587147,-0.8756081,-1.0515398,-0.45474005,1.0143864,0.33071083,0.82903755,0.5409745,-0.5591929,-0.841039
2026-03-31 15:00:00,90689174,1,2026-03-31 15:35:00,0.5731705430490455,35.0,2.96,3.07,0.8942598,0.8647887,0.9198277,0.83825266,0.0008458338,0.00096231955,0.34058294,0.81631446,-0.08106293,0.0600885,6.585436,5.583062,-0.70710677,-0.8064446,-0.70710677,-0.59130967
2026-03-31 15:00:00,90689174,2,2026-03-31 15:59:00,1.061118326334188,59.0,2.96,2.01,0.8942598,0.8445378,0.9198277,0.8380282,0.0008458338,0.0007267283,0.34058294,-0.08724255,-0.08106293,-0.5062111,6.585436,4.638614,-0.70710677,-0.8638355,-0.70710677,-0.503774
2026-03-31 15:00:00,90689174,3,2026-03-31 15:27:00,1.1102841634445526,27.0,2.96,3.38,0.8942598,0.6983471,0.9198277,0.9151933,0.0008458338,0.0010593715,0.34058294,-0.1918444,-0.08106293,-0.31097516,6.585436,3.738262,-0.70710677,-0.78531694,-0.70710677,-0.61909395
2026-03-31 20:13:00,90724112,1,2026-03-31 20:30:00,0.8075195701338674,17.0,3.28,3.45,0.6051661,0.625,0.97745717,1.1769723,0.0013322756,0.0011006745,-0.76329744,-0.3322668,0.17662257,0.1730347,10.640414,13.914519,-0.8362861,-0.7933533,0.54829323,0.6087614
2026-03-31 20:13:00,90724112,2,2026-03-31 20:08:00,0.8411020309677227,-5.0,3.28,4.37,0.6051661,0.669219,0.97745717,1.089241,0.0013322756,0.0012910292,-0.76329744,-0.5618214,0.17662257,0.46593696,10.640414,11.829152,-0.8362861,-0.8480481,0.54829323,0.52991927
2026-03-31 20:13:00,90724112,3,2026-03-31 20:00:00,0.8759163812476818,-13.0,3.28,2.9,0.6051661,0.5114638,0.97745717,0.79746836,0.0013322756,0.0012815497,-0.76329744,0.16319293,0.17662257,0.38514796,10.640414,10.700531,-0.8362861,-0.8660254,0.54829323,0.5
2026-04-01 07:08:00,90765592,1,2026-04-01 07:09:00,0.5926036689438762,1.0,0.46,0.77,0.35384616,0.47239265,0.8049536,0.99390244,0.00045701145,0.00044932315,0.3914543,0.08896789,-0.87627393,-0.8524759,-5.922558,-6.3676243,0.9563047,0.95501995,-0.2923717,-0.29654157
2026-04-01 07:08:00,90765592,2,2026-04-01 06:55:00,0.7617623697975424,-13.0,0.46,0.44,0.35384616,0.35772356,0.8049536,0.79534435,0.00045701145,0.0004085873,0.3914543,-0.55401725,-0.87627393,-0.64735955,-5.922558,-4.61402,0.9563047,0.9713421,-0.2923717,-0.23768589
2026-04-01 07:08:00,90765592,3,2026-04-01 07:26:00,0.7820712046054507,18.0,0.46,0.96,0.35384616,0.5169628,0.8049536,0.92618454,0.00045701145,0.00046866297,0.3914543,0.5435654,-0.87627393,-0.7650886,-5.922558,-8.876101,0.9563047,0.9304176,-0.2923717,-0.3665012
2026-04-01 13:01:00,90783770,1,2026-04-01 14:06:00,0.717815310261218,65.0,0.43,0.42,0.2028302,0.15730338,0.96583146,1.0013126,0.0005717801,0.0006500562,1.4810863,1.7013874,0.12836877,0.38952255,8.345397,11.514856,-0.2630312,-0.52249855,-0.9647873,-0.85264015
2026-04-01 13:01:00,90783770,2,2026-04-01 13:21:00,0.7380664005142459,20.0,0.43,0.49,0.2028302,0.14,0.96583146,1.2455516,0.0005717801,0.00059047656,1.4810863,1.0081996,0.12836877,-0.12517828,8.345397,6.825739,-0.2630312,-0.34611705,-0.9647873,-0.93819135
2026-04-01 13:01:00,90783770,3,2026-04-01 12:47:00,0.7815635893304913,-14.0,0.43,0.13,0.2028302,0.058558557,0.96583146,0.7126806,0.0005717801,0.0006255514,1.4810863,0.99881905,0.12836877,0.12168309,8.345397,7.0882034,-0.2630312,-0.20364176,-0.9647873,-0.97904545
2026-04-02 14:51:00,90900649,1,2026-04-02 13:26:00,1.1639864829956295,-85.0,2.85,3.69,0.84821427,0.7235294,0.8019093,1.2484701,0.0009398865,0.0009712115,1.9030908,1.651662,-0.8284917,-0.6361711,-15.537147,-13.225968,-0.67880076,-0.3665012,-0.7343225,-0.9304176
2026-04-02 14:51:00,90900649,2,2026-04-02 13:28:00,1.2178207941821724,-83.0,2.85,2.66,0.84821427,0.6258823,0.8019093,1.0403917,0.0009398865,0.0009344162,1.9030908,2.2786925,-0.8284917,-0.4629955,-15.537147,-14.362248,-0.67880076,-0.37460658,-0.7343225,-0.92718387
2026-04-02 14:51:00,90900649,3,2026-04-02 15:05:00,1.225715899875103,14.0,2.85,3.13,0.84821427,0.7097506,0.8019093,1.1671298,0.0009398865,0.0009296699,1.9030908,1.611103,-0.8284917,-0.244591,-15.537147,-15.358641,-0.67880076,-0.72236395,-0.7343225,-0.69151306
2026-04-02 20:40:00,90927563,1,2026-04-02 20:59:00,0.6861719918881125,19.0,2.83,3.047,0.8372781,0.9068452,1.0838544,0.99703264,0.00073573564,0.0007037575,0.5249049,0.003974157,-0.6781072,-0.3930385,-2.7798338,-4.383098,-0.76604444,-0.71018535,0.64278764,0.7040147
2026-04-02 20:40:00,90927563,2,2026-04-02 19:31:00,1.0119484865380979,-69.0,2.83,3.06,0.8372781,0.91343284,1.0838544,0.9752547,0.00073573564,0.00087946956,0.5249049,0.642629,-0.6781072,-0.19764844,-2.7798338,-2.3043845,-0.76604444,-0.922201,0.64278764,0.38671097
2026-04-02 20:40:00,90927563,3,2026-04-02 20:41:00,1.0959259121672957,1.0,2.83,2.46,0.8372781,0.68907565,1.0838544,1.0613943,0.00073573564,0.0007375965,0.5249049,1.8142408,-0.6781072,-0.48651236,-2.7798338,-2.0554473,-0.76604444,-0.76323247,0.64278764,0.646124
2026-04-02 21:05:00,90928037,1,2026-04-02 20:45:00,0.22611242317121416,-20.0,2.34,2.25,0.8239437,0.8064516,0.86585367,0.8294931,0.00070906355,0.0006958963,1.4244967,1.342126,-0.08825324,-0.0318178,-2.7809048,-1.5836916,-0.69151306,-0.7518398,0.72236395,0.6593458
2026-04-02 21:05:00,90928037,2,2026-04-02 21:21:00,0.7592954589837929,16.0,2.34,1.92,0.8239437,0.85333335,0.86585367,0.88010955,0.00070906355,0.0005841829,1.4244967,0.72692585,-0.08825324,0.17721245,-2.7809048,-2.4921043,-0.69151306,-0.639439,0.72236395,0.7688418
2026-04-02 21:05:00,90928037,3,2026-04-02 20:41:00,0.9165773387604336,-24.0,2.34,2.46,0.8239437,0.68907565,0.86585367,1.0613943,0.00070906355,0.0007375965,1.4244967,1.8142408,-0.08825324,-0.48651236,-2.7809048,-2.0554473,-0.69151306,-0.76323247,0.72236395,0.646124
2026-04-06 09:32:00,90964953,1,2026-04-06 08:32:00,0.9227297334064347,-60.0,2.213,2.65,0.65667653,0.7910448,1.5504946,1.3346614,0.0005233719,0.0006099854,0.57547385,0.021073913,-0.14455372,-0.2800076,9.113603,11.705113,0.60181504,0.7880108,-0.7986355,-0.6156615
2026-04-06 09:32:00,90964953,2,2026-04-06 09:30:00,0.9264161566559377,-2.0,2.213,1.42,0.65667653,0.61206895,1.5504946,1.0674028,0.0005233719,0.00052605977,0.57547385,0.8706622,-0.14455372,-0.25974247,9.113603,8.5979595,0.60181504,0.6087614,-0.7986355,-0.7933533
2026-04-06 09:32:00,90964953,3,2026-04-06 09:17:00,0.9306998405236622,-15.0,2.213,2.18,0.65667653,0.62285715,1.5504946,1.3084112,0.0005233719,0.0005750194,0.57547385,-0.27249548,-0.14455372,0.2309892,9.113603,8.69313,0.60181504,0.65275973,-0.7986355,-0.75756496
2026-04-06 13:38:00,90967915,1,2026-04-06 13:25:00,0.6829571665334273,-13.0,2.083,2.13,1.0,0.9395677,1.1229111,0.99714094,0.0004525178,0.000518571,-1.0021726,-0.44825345,-0.20018278,-0.42687595,19.860897,17.07081,-0.41469324,-0.36243805,-0.9099613,-0.93200785
2026-04-06 13:38:00,90967915,2,2026-04-06 13:36:00,0.8374140762943587,-2.0,2.083,2.0,1.0,0.8,1.1229111,1.347709,0.0004525178,0.0004700472,-1.0021726,-0.9530683,-0.20018278,-0.18263765,19.860897,17.99861,-0.41469324,-0.40673664,-0.9099613,-0.9135454
2026-04-06 13:38:00,90967915,3,2026-04-06 13:55:00,0.9095768789117915,17.0,2.083,2.94,1.0,0.9735099,1.1229111,1.3245614,0.0004525178,0.00056337594,-1.0021726,-0.60923237,-0.20018278,0.06773491,19.860897,15.879226,-0.41469324,-0.48098877,-0.9099613,-0.87672675
2026-04-06 15:20:00,90970712,1,2026-04-06 15:29:00,0.7366517051437544,9.0,0.21,0.53,0.12650603,0.2488263,0.7048832,0.6553846,0.00055066164,0.0006737694,0.2020886,0.6011438,-1.0576534,-1.09098,8.297577,4.667337,-0.76604444,-0.7906896,-0.64278764,-0.6122173
2026-04-06 15:20:00,90970712,2,2026-04-06 15:30:00,0.807413008083485,10.0,0.21,0.48,0.12650603,0.26519337,0.7048832,0.5569231,0.00055066164,0.0006534193,0.2020886,0.69537365,-1.0576534,-1.0120155,8.297577,4.6448584,-0.76604444,-0.7933533,-0.64278764,-0.6087614
2026-04-06 15:20:00,90970712,3,2026-04-06 16:12:00,0.9800447891943173,52.0,0.21,0.11,0.12650603,0.053140096,0.7048832,0.92348874,0.00055066164,0.00069419865,0.2020886,0.37640747,-1.0576534,-0.6502986,8.297577,4.9887366,-0.76604444,-0.8910065,-0.64278764,-0.4539905
2026-04-07 09:04:00,91022147,1,2026-04-07 09:01:00,0.25648608879091533,-3.0,0.74,0.86,0.17745803,0.16226415,1.3133858,1.3984169,0.00076776487,0.0008103567,0.02525509,-0.037219338,0.27585152,0.37981382,-1.6652365,-1.5441432,0.6946584,0.7040147,-0.7193398,-0.71018535
2026-04-07 09:04:00,91022147,2,2026-04-07 09:14:00,0.431390008654436,10.0,0.74,1.023,0.17745803,0.2648201,1.3133858,1.232217,0.00076776487,0.000737277,0.02525509,-0.060445175,0.27585152,0.36709142,-1.6652365,-0.73172325,0.6946584,0.66262007,-0.7193398,-0.7489557
2026-04-07 09:04:00,91022147,3,2026-04-07 09:38:00,0.7016762633444859,34.0,0.74,0.29,0.17745803,0.09437032,1.3133858,1.0726004,0.00076776487,0.00067026203,0.02525509,0.31166345,0.27585152,0.13075934,-1.6652365,-1.1712835,0.6946584,0.58070296,-0.7193398,-0.8141155
2026-04-07 11:02:00,91024794,1,2026-04-07 11:04:00,1.1121438502376266,2.0,3.007,3.753,0.690788,0.7311514,2.144335,2.5285714,0.0005162245,0.0006881832,2.8213158,2.4570951,0.35974434,0.77233243,0.43756,1.5922116,0.25038,0.2419219,-0.96814764,-0.9702957
2026-04-07 11:02:00,91024794,2,2026-04-07 11:13:00,1.316721358473989,11.0,3.007,2.927,0.690788,0.61272764,2.144335,1.7434306,0.0005162245,0.00071712455,2.8213158,2.1463032,0.35974434,0.89514494,0.43756,3.2564716,0.25038,0.20364176,-0.96814764,-0.97904545
2026-04-07 11:02:00,91024794,3,2026-04-07 11:05:00,1.3877210218688687,3.0,3.007,2.62,0.690788,0.5758242,2.144335,2.2249389,0.0005162245,0.000709247,2.8213158,1.2977358,0.35974434,0.7493768,0.43756,0.8183114,0.25038,0.23768589,-0.96814764,-0.9713421
2026-04-07 16:21:00,91045329,1,2026-04-07 16:19:00,0.38966702537041237,-2.0,1.84,1.93,0.6807251,0.62459546,0.84640676,0.9128508,0.0007141628,0.00073757704,-1.0834996,-1.4310642,-0.20314595,-0.081838325,-0.96590567,-1.1310544,-0.90814316,-0.9044551,-0.41865975,-0.42656875
2026-04-07 16:21:00,91045329,2,2026-04-07 16:12:00,0.503241850039094,-9.0,1.84,1.873,0.6807251,0.6228799,0.84640676,0.8275767,0.0007141628,0.00080954295,-1.0834996,-1.5415864,-0.20314595,-0.06401171,-0.96590567,-0.6654163,-0.90814316,-0.8910065,-0.41865975,-0.4539905
2026-04-07 16:21:00,91045329,3,2026-04-07 16:22:00,0.7547183307277779,1.0,1.84,1.95,0.6807251,0.69222575,0.84640676,0.90578777,0.0007141628,0.00070611085,-1.0834996,0.006085584,-0.20314595,-0.15209486,-0.96590567,-0.39453453,-0.90814316,-0.9099613,-0.41865975,-0.41469324
2026-04-08 08:51:00,91124606,1,2026-04-08 08:31:00,1.2065274278589433,-20.0,1.19,0.94,0.4375,0.376,0.98550725,1.3623978,0.00055245607,0.0004418482,3.3898487,2.4340582,1.4812847,1.1175779,10.483403,5.919786,0.7343225,0.7906896,-0.67880076,-0.6122173
2026-04-08 08:51:00,91124606,2,2026-04-08 08:09:00,1.2326331363795031,-42.0,1.19,0.78,0.4375,0.39593908,0.98550725,0.9314421,0.00055245607,0.00046719582,3.3898487,3.6978657,1.4812847,0.9439794,10.483403,2.8749921,0.7343225,0.8457278,-0.67880076,-0.5336145
2026-04-08 08:51:00,91124606,3,2026-04-08 08:29:00,1.2824572298413845,-22.0,1.19,0.92,0.4375,0.40707964,0.98550725,1.1863517,0.00055245607,0.0004470125,3.3898487,2.4064274,1.4812847,0.9398908,10.483403,5.4217625,0.7343225,0.79600203,-0.67880076,-0.605294
2026-04-08 18:32:00,91162669,1,2026-04-08 18:26:00,0.4998723771420554,-6.0,1.1,1.06,0.35598704,0.31268436,0.83176315,0.76523703,0.00088790327,0.0009535636,-0.76784116,-0.46768555,0.29238817,0.5250227,-9.975665,-9.067104,-0.99026805,-0.9935719,0.1391731,0.11320321
2026-04-08 18:32:00,91162669,2,2026-04-08 18:29:00,0.7431067245109506,-3.0,1.1,0.6,0.35598704,0.25641027,0.83176315,0.5282167,0.00088790327,0.000922461,-0.76784116,-0.42425218,0.29238817,0.44157183,-9.975665,-9.559915,-0.99026805,-0.99200493,0.1391731,0.12619896
2026-04-08 18:32:00,91162669,3,2026-04-08 18:45:00,0.8690334110997217,13.0,1.1,1.49,0.35598704,0.48534203,0.83176315,0.9967533,0.00088790327,0.00070851896,-0.76784116,-1.3593292,0.29238817,0.389406,-9.975665,-11.425082,-0.99026805,-0.98078525,0.1391731,0.19509032
2026-04-09 08:36:00,91200522,1,2026-04-09 09:37:00,0.6213913649182744,61.0,2.61,2.76,0.6881097,0.59354836,1.7560185,1.6717598,0.0005619826,0.0006286007,-1.8787446,-1.5987705,-0.08907527,-0.1771487,0.65388936,-0.65519375,0.777146,0.5842497,-0.6293204,-0.811574
2026-04-09 08:36:00,91200522,2,2026-04-09 09:14:00,1.0771705163141112,38.0,2.61,3.08,0.6881097,0.6511628,1.7560185,1.7294333,0.0005619826,0.00062939344,-1.8787446,-1.2390347,-0.08907527,0.47569627,0.65388936,1.2103807,0.777146,0.66262007,-0.6293204,-0.7489557
2026-04-09 08:36:00,91200522,3,2026-04-09 07:31:00,1.157402587597103,-65.0,2.61,1.373,0.6881097,0.6697561,1.7560185,1.9617225,0.0005619826,0.00029444403,-1.8787446,-2.232749,-0.08907527,-0.26829872,0.65388936,0.6487424,0.777146,0.922201,-0.6293204,-0.38671097
2026-04-09 09:07:00,91202282,1,2026-04-09 08:23:00,0.8135382650277,-44.0,2.09,1.77,0.7655678,0.8592233,0.9446367,1.0024331,0.0006403155,0.0004692433,2.1092732,1.5482444,0.631955,0.43392193,2.8702145,2.9154828,0.685183,0.811574,-0.72837096,-0.5842497
2026-04-09 09:07:00,91202282,2,2026-04-09 10:08:00,0.8360685263477026,61.0,2.09,2.8,0.7655678,0.89171976,0.9446367,1.0194805,0.0006403155,0.0007161257,2.1092732,2.6515353,0.631955,0.65998507,2.8702145,2.577671,0.685183,0.46947157,-0.72837096,-0.88294756
2026-04-09 09:07:00,91202282,3,2026-04-09 10:06:00,0.8603963678446743,59.0,2.09,2.36,0.7655678,0.69822484,0.9446367,1.1405432,0.0006403155,0.0006990696,2.1092732,2.1589408,0.631955,0.24916995,2.8702145,0.7165629,0.685183,0.47715876,-0.72837096,-0.87881714
2026-04-09 11:06:00,91206718,1,2026-04-09 11:30:00,0.7998954910758318,24.0,0.883,1.03,0.6624156,0.6912752,0.4856102,0.6983829,0.0005809647,0.00047784238,-1.6263262,-2.2873635,0.26909676,-0.02840713,1.6774918,2.1840901,0.23344536,0.13052619,-0.9723699,-0.9914449
2026-04-09 11:06:00,91206718,2,2026-04-09 10:45:00,0.8132743523892898,-21.0,0.883,0.77,0.6624156,0.6695652,0.4856102,0.37766832,0.0005809647,0.0006760796,-1.6263262,-2.1361945,0.26909676,0.6860118,1.6774918,2.0597324,0.23344536,0.32143947,-0.9723699,-0.9469301
2026-04-09 11:06:00,91206718,3,2026-04-09 11:07:00,0.8809364967885934,1.0,0.883,1.07,0.6624156,0.5144231,0.4856102,0.7898234,0.0005809647,0.0005708059,-1.6263262,-0.89682454,0.26909676,0.26437137,1.6774918,2.120284,0.23344536,0.2292004,-0.9723699,-0.97337925
2026-04-09 16:53:00,91227583,1,2026-04-09 16:55:00,0.6258884807453122,2.0,1.38,0.89,0.4876325,0.41395348,0.8274854,0.62865496,0.0008018194,0.00079141656,-2.484479,-2.152177,0.17024155,-0.020193117,8.8226795,9.663526,-0.9575714,-0.96004987,-0.28819627,-0.27982903
2026-04-09 16:53:00,91227583,2,2026-04-09 18:04:00,0.8758145298096893,71.0,1.38,1.32,0.4876325,0.433213,0.8274854,1.0434932,0.0008018194,0.00070926227,-2.484479,-1.7436793,0.17024155,0.3771625,8.8226795,9.15497,-0.9575714,-0.9998477,-0.28819627,0.017452406
2026-04-09 16:53:00,91227583,3,2026-04-09 18:05:00,0.9940862355173569,72.0,1.38,1.05,0.4876325,0.38645566,0.8274854,0.93047947,0.0008018194,0.00069919287,-2.484479,-1.4711593,0.17024155,0.2986897,8.8226795,9.589644,-0.9575714,-0.999762,-0.28819627,0.021814885
2026-04-10 08:14:00,91267065,1,2026-04-10 08:15:00,0.36292138872989116,1.0,0.49,0.66,0.47572815,0.55,0.5411085,0.63041764,0.0003627858,0.00035483256,-1.3263667,-1.0835375,-0.24728702,-0.24774438,-0.1874164,0.21094684,0.83388585,0.8314696,-0.551937,-0.55557024
2026-04-10 08:14:00,91267065,2,2026-04-10 06:29:00,0.7668213047637931,-105.0,0.49,0.61,0.47572815,0.54464287,0.5411085,0.6720672,0.0003627858,0.00035719696,-1.3263667,-1.3715857,-0.24728702,-0.13592304,-0.1874164,-1.567975,0.83388585,0.99200493,-0.551937,-0.12619896
2026-04-10 08:14:00,91267065,3,2026-04-10 09:41:00,0.8699707046333182,87.0,0.49,0.59,0.47572815,0.45038167,0.5411085,0.5167653,0.0003627858,0.0005103498,-1.3263667,-1.8800317,-0.24728702,-0.45631832,-0.1874164,-2.854313,0.83388585,0.5699968,-0.551937,-0.8216469
2026-04-10 08:30:00,91267485,1,2026-04-10 08:27:00,1.0726741413926486,-3.0,2.44,1.52,0.9138577,0.83516484,1.9777777,1.4501992,0.00034435568,0.00032122468,-0.89082986,-0.61444306,0.12433192,0.27452916,-0.025680557,2.0332594,0.7933533,0.8012538,-0.6087614,-0.5983246
2026-04-10 08:30:00,91267485,2,2026-04-10 07:30:00,1.1631438981858484,-60.0,2.44,1.263,0.9138577,0.9474869,1.9777777,1.6385987,0.00034435568,0.00024998622,-0.89082986,-1.2281444,0.12433192,-0.11177571,-0.025680557,4.997057,0.7933533,0.9238795,-0.6087614,-0.38268343
2026-04-10 08:30:00,91267485,3,2026-04-10 08:45:00,1.3177221030959396,15.0,2.44,2.24,0.9138577,0.8028674,1.9777777,1.3160378,0.00034435568,0.00046100057,-0.89082986,-0.06828905,0.12433192,0.26118806,-0.025680557,2.3267217,0.7933533,0.7518398,-0.6087614,-0.6593458
2026-04-10 14:42:00,91276550,1,2026-04-10 14:56:00,0.578442973848223,14.0,0.22,0.007,0.12571429,0.004,1.1146497,1.1315875,0.00031737267,0.00037906607,-0.64861655,-0.3360936,0.42068028,0.513832,3.1410022,4.630305,-0.64944804,-0.6946584,-0.76040596,-0.7193398
2026-04-10 14:42:00,91276550,2,2026-04-10 15:04:00,0.5871934538990861,22.0,0.22,0.24,0.12571429,0.121212125,1.1146497,1.0153847,0.00031737267,0.00042864494,-0.64861655,0.02447873,0.42068028,0.41721785,3.1410022,4.3922443,-0.64944804,-0.7193398,-0.76040596,-0.6946584
2026-04-10 14:42:00,91276550,3,2026-04-10 14:27:00,0.6153987588749517,-15.0,0.22,0.21,0.12571429,0.11666667,1.1146497,1.1464968,0.00031737267,0.00034828627,-0.64861655,0.10860005,0.42068028,0.6004458,3.1410022,1.8368939,-0.64944804,-0.5983246,-0.76040596,-0.8012538
2026-04-13 09:00:00,91352434,1,2026-04-13 07:45:00,0.6580374789919995,-75.0,0.7,0.45,0.30837005,0.24064171,1.0939759,1.1130953,0.00047166727,0.00037733323,3.9092922,3.6395936,0.8403408,0.76203465,21.049738,22.788298,0.70710677,0.89687276,-0.70710677,-0.4422887
2026-04-13 09:00:00,91352434,2,2026-04-13 08:59:00,0.9199241018450279,-1.0,0.7,0.737,0.30837005,0.39202127,1.0939759,0.9193154,0.00047166727,0.00047109852,3.9092922,2.7218235,0.8403408,0.7317162,21.049738,20.784103,0.70710677,0.71018535,-0.70710677,-0.7040147
2026-04-13 09:00:00,91352434,3,2026-04-13 10:05:00,1.0320129831655134,65.0,0.7,0.7,0.30837005,0.39106146,1.0939759,0.8972431,0.00047166727,0.00050575135,3.9092922,4.7461014,0.8403408,1.2366403,21.049738,21.049862,0.70710677,0.48098877,-0.70710677,-0.87672675
2026-04-13 11:14:00,91356501,1,2026-04-13 10:31:00,0.5693296380648479,-43.0,1.08,0.8,0.5966851,0.5970149,0.7211155,0.8145897,0.00048135605,0.00043463652,0.81167656,1.2497027,-0.037948433,0.14962848,19.844738,21.318554,0.19936794,0.3786486,-0.9799247,-0.9255405
2026-04-13 11:14:00,91356501,2,2026-04-13 10:18:00,0.6655809719536289,-56.0,1.08,1.02,0.5966851,0.61445785,0.7211155,0.55333334,0.00048135605,0.0005603982,0.81167656,1.0717605,-0.037948433,-0.10832674,19.844738,15.626236,0.19936794,0.4305111,-0.9799247,-0.90258527
2026-04-13 11:14:00,91356501,3,2026-04-13 11:12:00,0.6660105518812852,-2.0,1.08,0.9,0.5966851,0.70866144,0.7211155,0.47299814,0.00048135605,0.0005009464,0.81167656,0.3753497,-0.037948433,-0.084525324,19.844738,18.373854,0.19936794,0.20791169,-0.9799247,-0.9781476
2026-04-13 18:37:00,91397685,1,2026-04-13 19:11:00,0.5187986001438938,34.0,1.24,1.08,0.47382498,0.3941606,1.1579646,1.2454545,0.0005921773,0.00058229634,2.7343442,2.5044942,0.264049,0.40698978,3.561312,5.476619,-0.98699635,-0.9523958,0.16074257,0.3048643
2026-04-13 18:37:00,91397685,2,2026-04-13 18:38:00,0.8421573270247872,1.0,1.24,1.7,0.47382498,0.6640625,1.1579646,1.0778947,0.0005921773,0.00058846956,2.7343442,3.0678031,0.264049,0.447544,3.561312,4.1979923,-0.98699635,-0.9862856,0.16074257,0.1650476
2026-04-13 18:37:00,91397685,3,2026-04-13 19:10:00,0.9443337618730462,33.0,1.24,0.71,0.47382498,0.42771083,1.1579646,0.75454545,0.0005921773,0.000582551,2.7343442,1.9071156,0.264049,0.30907434,3.561312,5.06981,-0.98699635,-0.95371693,0.16074257,0.3007058
2026-04-14 09:44:00,91431248,1,2026-04-14 09:31:00,0.7652621811887441,-13.0,0.823,0.66,0.56254274,0.4177215,1.1029024,1.0095847,0.0003289767,0.000352237,0.45903924,1.1077819,0.46173862,0.30032334,1.8082181,1.0974259,0.5591929,0.605294,-0.82903755,-0.79600203
2026-04-14 09:44:00,91431248,2,2026-04-14 10:49:00,0.9513616672387233,65.0,0.823,1.39,0.56254274,0.540856,1.1029024,1.1602709,0.0003289767,0.0005495904,0.45903924,0.9318626,0.46173862,0.19730604,1.8082181,4.015141,0.5591929,0.3048643,-0.82903755,-0.9523958
2026-04-14 09:44:00,91431248,3,2026-04-14 09:06:00,0.991379211473521,-38.0,0.823,1.2,0.56254274,0.7407407,1.1029024,0.8301307,0.0003289767,0.00047132708,0.45903924,0.06678124,0.46173862,0.31339207,1.8082181,0.31219772,0.5591929,0.68835455,-0.82903755,-0.7253744
2026-04-14 15:20:00,91448019,1,2026-04-14 15:29:00,0.4433476027420891,9.0,0.71,1.06,0.32718894,0.37588653,0.984127,1.1533742,0.0005376615,0.0005882696,0.3964966,0.6132521,-0.53681374,-0.4832035,0.02978257,-0.9624586,-0.76604444,-0.7906896,-0.64278764,-0.6122173
2026-04-14 15:20:00,91448019,2,2026-04-14 15:19:00,0.48332200390948066,-1.0,0.71,0.53,0.32718894,0.30113637,0.984127,0.7702407,0.0005376615,0.0005439457,0.3964966,0.863083,-0.53681374,-0.57406056,0.02978257,0.3145814,-0.76604444,-0.76323247,-0.64278764,-0.646124
2026-04-14 15:20:00,91448019,3,2026-04-14 15:30:00,0.681338959382473,10.0,0.71,0.48,0.32718894,0.18181819,0.984127,1.0666667,0.0005376615,0.00058573915,0.3964966,0.8199205,-0.53681374,-0.41249,0.02978257,-0.78234744,-0.76604444,-0.7933533,-0.64278764,-0.6087614
2026-04-14 20:38:00,91488864,1,2026-04-14 20:28:00,0.6730363621968015,-10.0,0.293,0.683,0.45285934,0.4889048,0.26680413,0.58451885,0.0005072791,0.00053963804,-0.15219016,-0.5653673,0.65247184,0.7068099,19.8026,17.535418,-0.77162457,-0.7986355,0.63607824,0.60181504
2026-04-14 20:38:00,91488864,2,2026-04-14 20:46:00,0.7317984953304911,8.0,0.293,0.46,0.45285934,0.4509804,0.26680413,0.43965518,0.0005072791,0.00050207815,-0.15219016,-0.32527602,0.65247184,1.0440978,19.8026,22.20818,-0.77162457,-0.7489557,0.63607824,0.66262007
2026-04-14 20:38:00,91488864,3,2026-04-14 20:45:00,1.0529436542431239,7.0,0.293,0.21,0.45285934,0.23333333,0.26680413,0.38793105,0.0005072791,0.0005245294,-0.15219016,-0.32596675,0.65247184,1.045937,19.8026,21.093622,-0.77162457,-0.7518398,0.63607824,0.6593458
2026-04-15 09:13:00,91515698,1,2026-04-15 09:30:00,0.511273985745831,17.0,0.07,0.06,0.057377048,0.03529412,0.71828085,0.99706745,0.00043770584,0.00041323132,-0.090110466,0.015078632,-0.4190997,-0.5265928,-7.9224834,-9.345507,0.6658817,0.6087614,-0.7460574,-0.7933533
2026-04-15 09:13:00,91515698,2,2026-04-15 09:12:00,0.5877406981050248,-1.0,0.07,0.28,0.057377048,0.20482808,0.71828085,0.8048278,0.00043770584,0.00045188755,-0.090110466,-0.27562496,-0.4190997,-0.38936248,-7.9224834,-7.655696,0.6658817,0.6691306,-0.7460574,-0.7431448
2026-04-15 09:13:00,91515698,3,2026-04-15 10:53:00,0.6799621576927241,100.0,0.07,0.03,0.057377048,0.019354839,0.71828085,0.78342175,0.00043770584,0.0004974803,-0.090110466,0.15467152,-0.4190997,-0.38895628,-7.9224834,-9.027599,0.6658817,0.28819627,-0.7460574,-0.9575714
2026-04-15 16:00:00,91531357,1,2026-04-15 16:06:00,0.5794543742995374,6.0,0.22,0.43,0.12888108,0.17842324,0.9933081,1.201995,0.00040812924,0.0004920487,-0.58564514,-0.20149165,0.10623493,-0.05251369,-5.073479,-4.2029657,-0.8660254,-0.87881714,-0.5,-0.47715876
2026-04-15 16:00:00,91531357,2,2026-04-15 16:05:00,0.5873301945525315,5.0,0.22,0.233,0.12888108,0.12802199,0.9933081,0.9528796,0.00040812924,0.0004913228,-0.58564514,0.123939194,0.10623493,-0.041096993,-5.073479,-4.040835,-0.8660254,-0.87672675,-0.5,-0.48098877
2026-04-15 16:00:00,91531357,3,2026-04-15 15:40:00,0.6102522403751636,-20.0,0.22,0.55,0.12888108,0.21016431,0.9933081,1.1977117,0.00040812924,0.00047521605,-0.58564514,-0.1880049,0.10623493,0.02850751,-5.073479,-3.7445016,-0.8660254,-0.81915206,-0.5,-0.57357645
2026-04-16 09:43:00,91585973,1,2026-04-16 09:44:00,0.8739079639523212,1.0,0.82,0.95,0.14721723,0.19,2.5906978,2.1565669,0.00053516665,0.0005718458,1.9254353,1.1629784,0.25280407,0.2938444,0.37862858,-0.0063655255,0.56280494,0.5591929,-0.82658976,-0.82903755
2026-04-16 09:43:00,91585973,2,2026-04-16 08:52:00,1.272188800977664,-51.0,0.82,0.92,0.14721723,0.19380662,2.5906978,2.6616204,0.00053516665,0.0004162334,1.9254353,0.6269873,0.25280407,-0.2179656,0.37862858,2.8172703,0.56280494,0.7313537,-0.82658976,-0.6819984
2026-04-16 09:43:00,91585973,3,2026-04-16 09:52:00,1.4303740801263427,9.0,0.82,0.36,0.14721723,0.07272727,2.5906978,2.0509634,0.00053516665,0.00056376023,1.9254353,1.6641102,0.25280407,0.9257903,0.37862858,2.3019035,0.56280494,0.52991927,-0.82658976,-0.8480481
2026-04-16 15:36:00,91596159,1,2026-04-16 14:59:00,0.946896728080502,-37.0,1.317,0.88,0.6519802,0.6197183,1.1068493,0.84953636,0.00046171973,0.00035910174,2.7812812,1.9752555,0.22411469,0.5348228,0.14981772,0.8714677,-0.809017,-0.7040147,-0.58778524,-0.71018535
2026-04-16 15:36:00,91596159,2,2026-04-16 16:39:00,1.0520109445932029,63.0,1.317,1.29,0.6519802,0.507874,1.1068493,1.1067538,0.00046171973,0.00056088675,2.7812812,1.6347723,0.22411469,0.266777,0.14981772,0.31395334,-0.809017,-0.93819135,-0.58778524,-0.34611705
2026-04-16 15:36:00,91596159,3,2026-04-16 16:17:00,1.0622196948337663,41.0,1.317,1.52,0.6519802,0.6255144,1.1068493,1.0496761,0.00046171973,0.00043297434,2.7812812,1.3466265,0.22411469,0.04395562,0.14981772,-0.13581216,-0.809017,-0.90069824,-0.58778524,-0.43444526
2026-04-17 08:14:00,91645065,1,2026-04-17 07:39:00,0.695216968244218,-35.0,0.17,0.087,0.3148148,0.33461538,0.36400405,0.26804122,0.00028588006,0.00021149481,1.2229202,2.06241,0.9838753,1.005402,11.007167,8.829823,0.83388585,0.90814316,-0.551937,-0.41865975
2026-04-17 08:14:00,91645065,2,2026-04-17 06:54:00,0.9917561310245987,-80.0,0.17,0.193,0.3148148,0.386,0.36400405,0.53763443,0.00028588006,0.00022710465,1.2229202,1.480866,0.9838753,0.61086154,11.007167,6.5299525,0.83388585,0.9723699,-0.551937,-0.23344536
2026-04-17 08:14:00,91645065,3,2026-04-17 08:13:00,1.0741742027022805,-1.0,0.17,0.577,0.3148148,0.4151079,0.36400405,0.9093883,0.00028588006,0.00029924038,1.2229202,1.9194707,0.9838753,0.88438934,11.007167,10.382345,0.83388585,0.8362861,-0.551937,-0.54829323
2026-04-17 13:51:00,91655142,1,2026-04-17 13:06:00,0.6010797536809246,-45.0,1.49,1.17,0.62083334,0.54418606,1.6438357,1.5412186,0.00035423716,0.00031843298,0.20053361,0.31470165,-0.31504837,-0.5120241,-2.5034099,-0.49107558,-0.46561453,-0.28401536,-0.88498765,-0.95881975
2026-04-17 13:51:00,91655142,2,2026-04-17 13:59:00,0.6399435478337719,8.0,1.49,2.07,0.62083334,0.6720779,1.6438357,1.9743589,0.00035423716,0.00036864702,0.20053361,0.15869369,-0.31504837,-0.28152242,-2.5034099,-2.4342554,-0.46561453,-0.4962165,-0.88498765,-0.8681988
2026-04-17 13:51:00,91655142,3,2026-04-17 13:38:00,0.6564302798881864,-13.0,1.49,1.12,0.62083334,0.6363636,1.6438357,1.3538462,0.00035423716,0.00029820975,0.20053361,0.37121904,-0.31504837,-0.55322206,-2.5034099,-2.0537817,-0.46561453,-0.41469324,-0.88498765,-0.9099613
2026-04-20 08:41:00,91740834,1,2026-04-20 10:12:00,0.6931681702924053,91.0,0.87,0.8,0.33461538,0.25641027,1.163311,1.1818181,0.00047201363,0.00055059866,-0.5571209,-0.26895094,0.5420097,0.48636213,3.5130115,3.8131313,0.76323247,0.4539905,-0.646124,-0.8910065
2026-04-20 08:41:00,91740834,2,2026-04-20 09:05:00,0.7338953768216566,24.0,0.87,1.1,0.33461538,0.43824703,1.163311,1.0913043,0.00047201363,0.0006079327,-0.5571209,-0.11674944,0.5420097,0.3217835,3.5130115,2.2871306,0.76323247,0.69151306,-0.646124,-0.72236395
2026-04-20 08:41:00,91740834,3,2026-04-20 10:07:00,0.8047119470067319,86.0,0.87,0.9,0.33461538,0.30612245,1.163311,1.2564102,0.00047201363,0.000542491,-0.5571209,-0.5304838,0.5420097,0.8899629,3.5130115,4.179091,0.76323247,0.47331968,-0.646124,-0.8808907
2026-04-20 18:25:00,91776198,1,2026-04-20 18:27:00,0.8206529488945066,2.0,1.76,1.79,0.64,0.5927152,0.7994186,0.83425415,0.0007704771,0.0007667881,1.5562979,2.3814309,0.044858247,0.39860153,2.4261653,3.655697,-0.99405634,-0.99306846,0.10886688,0.117537394
2026-04-20 18:25:00,91776198,2,2026-04-20 17:19:00,0.8218544202188005,-66.0,1.76,1.3,0.64,0.63106793,0.7994186,0.658147,0.0007704771,0.00066509907,1.5562979,1.2050699,0.044858247,-0.07935366,2.4261653,7.226738,-0.99405634,-0.9840407,0.10886688,-0.17794354
2026-04-20 18:25:00,91776198,3,2026-04-20 18:26:00,1.0424955379523893,1.0,1.76,2.88,0.64,0.6824645,0.7994186,1.1657459,0.0007704771,0.00077773334,1.5562979,2.3193254,0.044858247,0.22135398,2.4261653,3.156334,-0.99405634,-0.9935719,0.10886688,0.11320321
2026-04-21 07:24:00,91797166,1,2026-04-21 06:38:00,0.6657601124301054,-46.0,0.4,0.84,0.4494382,0.5060241,0.7416667,0.96231884,0.0002949774,0.000332077,-1.6762825,-1.3121445,-0.3634978,-0.3769508,-14.763392,-12.084029,0.9335804,0.9862856,-0.35836795,-0.1650476
2026-04-21 07:24:00,91797166,2,2026-04-21 06:37:00,0.6799856614357942,-47.0,0.4,0.74,0.4494382,0.48366013,0.7416667,0.8869565,0.0002949774,0.0003309436,-1.6762825,-1.0770676,-0.3634978,-0.31551063,-14.763392,-11.645573,0.9335804,0.98699635,-0.35836795,-0.16074257
2026-04-21 07:24:00,91797166,3,2026-04-21 08:21:00,0.7337808461949514,57.0,0.4,0.51,0.4494382,0.44347826,0.7416667,0.8041958,0.0002949774,0.00033133267,-1.6762825,-0.9896047,-0.3634978,-0.100180715,-14.763392,-14.676456,0.9335804,0.81664157,-0.35836795,-0.5771452
2026-04-21 10:42:00,91806444,1,2026-04-21 10:35:00,0.564315948475281,-7.0,0.81,0.53,0.51691127,0.4732143,0.9949206,0.6706587,0.0003566884,0.00038595323,-1.0201261,-1.0117282,-0.104087055,-0.047356427,-10.85666,-10.609108,0.33380687,0.36243805,-0.9426415,-0.93200785
2026-04-21 10:42:00,91806444,2,2026-04-21 10:34:00,0.6595684468620312,-8.0,0.81,0.63,0.51691127,0.5163934,0.9949206,0.7134503,0.0003566884,0.00039757811,-1.0201261,-0.40343916,-0.104087055,0.023666516,-10.85666,-10.049424,0.33380687,0.3665012,-0.9426415,-0.9304176
2026-04-21 10:42:00,91806444,3,2026-04-21 10:33:00,0.8032993308092718,-9.0,0.81,1.267,0.51691127,0.6541043,0.9949206,1.1327485,0.0003566884,0.00040858935,-1.0201261,-1.6365074,-0.104087055,0.07604084,-10.85666,-10.151767,0.33380687,0.37055743,-0.9426415,-0.9288095
2026-04-21 17:01:00,91824729,1,2026-04-21 17:00:00,0.9930367123461346,-1.0,2.96,2.21,0.50254667,0.53640777,1.732353,1.2117647,0.0007907774,0.00075626426,-2.889619,-2.791878,-0.3317639,-0.10379651,-4.36386,-3.7458255,-0.96704596,-0.9659258,-0.25460196,-0.25881904
2026-04-21 17:01:00,91824729,2,2026-04-21 17:24:00,1.0298578010952086,23.0,2.96,2.7,0.50254667,0.5532787,1.732353,1.8805395,0.0007907774,0.0006455191,-2.889619,-1.7267077,-0.3317639,-0.5730895,-4.36386,-6.118943,-0.96704596,-0.98768836,-0.25460196,-0.15643446
2026-04-21 17:01:00,91824729,3,2026-04-21 16:07:00,1.0504124066419536,-54.0,2.96,3.78,0.50254667,0.59621453,1.732353,2.1310925,0.0007907774,0.00070118066,-2.889619,-2.2833934,-0.3317639,-0.37484968,-4.36386,-6.756909,-0.96704596,-0.8808907,-0.25460196,-0.47331968
2026-04-22 08:22:00,91863976,1,2026-04-22 08:23:00,1.2914710153416205,1.0,0.83,0.11,0.32677165,0.05699482,1.6821193,1.2491909,0.00048219046,0.00047665255,4.1469345,3.900563,1.796908,1.9320918,11.246975,11.301245,0.8141155,0.811574,-0.58070296,-0.5842497
2026-04-22 08:22:00,91863976,2,2026-04-22 08:21:00,1.9255232359986147,-1.0,0.83,1.56,0.32677165,0.6166008,1.6821193,2.1810346,0.00048219046,0.00047841508,4.1469345,6.0778127,1.796908,1.6007175,11.246975,11.008958,0.8141155,0.81664157,-0.58070296,-0.5771452
2026-04-22 08:22:00,91863976,3,2026-04-22 08:20:00,2.1957095014392576,-2.0,0.83,1.977,0.32677165,0.6770548,1.6821193,2.5172415,0.00048219046,0.00047458507,4.1469345,5.227575,1.796908,1.3331845,11.246975,10.3982,0.8141155,0.81915206,-0.58070296,-0.57357645
2026-04-22 15:29:00,91873683,1,2026-04-22 15:26:00,1.1338362428605604,-3.0,4.193,3.16,0.97670627,0.92941177,2.2535434,1.8630137,0.000462991,0.0004112549,3.1199899,3.191049,0.52866656,0.07057853,2.7320623,1.5157318,-0.7906896,-0.78260815,-0.6122173,-0.62251467
2026-04-22 15:29:00,91873683,2,2026-04-22 13:35:00,1.9446532729707249,-114.0,4.193,2.13,0.97670627,0.6719243,2.2535434,2.1862068,0.000462991,0.00035391707,3.1199899,2.0666263,0.52866656,0.7451304,2.7320623,3.743665,-0.7906896,-0.40274668,-0.6122173,-0.91531146
2026-04-22 15:29:00,91873683,3,2026-04-22 15:02:00,2.147778051733099,-27.0,4.193,2.02,0.97670627,0.64951766,2.2535434,1.94375,0.000462991,0.00038426122,3.1199899,2.3044565,0.52866656,-0.12817134,2.7320623,1.3041986,-0.7906896,-0.71325046,-0.6122173,-0.70090926
2026-04-23 08:30:00,91919177,1,2026-04-23 07:44:00,0.7080769327306713,-46.0,0.12,0.04,0.12903225,0.026972353,0.85714287,0.93182534,0.00028800816,0.000306052,-0.4869982,-0.2918557,-0.2635296,-0.52854496,-9.710475,-12.369626,0.7933533,0.89879405,-0.6087614,-0.43837115
2026-04-23 08:30:00,91919177,2,2026-04-23 08:26:00,0.7229311996697076,-4.0,0.12,0.08,0.12903225,0.072072074,0.85714287,1.0521327,0.00028800816,0.00027675251,-0.4869982,-0.9673881,-0.2635296,0.07105501,-9.710475,-9.619163,0.7933533,0.80385685,-0.6087614,-0.59482276
2026-04-23 08:30:00,91919177,3,2026-04-23 08:42:00,0.7545628944189127,12.0,0.12,0.09,0.12903225,0.04761905,0.85714287,0.9379653,0.00028800816,0.00051792595,-0.4869982,-0.37366492,-0.2635296,-0.35534555,-9.710475,-6.5878725,0.7933533,0.76040596,-0.6087614,-0.64944804
2026-04-23 20:58:00,91954421,1,2026-04-23 20:57:00,1.3263331318782232,-1.0,1.57,0.44,0.4025641,0.099322796,0.59090906,0.67121214,0.0015633283,0.0016169943,2.6785417,2.4157243,0.26522458,0.11768475,-1.6944698,-1.8758795,-0.71325046,-0.7163019,0.70090926,0.69779044
2026-04-23 20:58:00,91954421,2,2026-04-23 21:01:00,1.4693976825547486,3.0,1.57,0.93,0.4025641,0.21678321,0.59090906,0.6584804,0.0015633283,0.0014549198,2.6785417,1.1528068,0.26522458,0.66802365,-1.6944698,-0.999595,-0.71325046,-0.7040147,0.70090926,0.71018535
2026-04-23 20:58:00,91954421,3,2026-04-23 21:00:00,1.633328568883002,2.0,1.57,0.23,0.4025641,0.0626703,0.59090906,0.5433013,0.0015633283,0.0014962695,2.6785417,1.8804636,0.26522458,0.5614957,-1.6944698,-1.1127774,-0.71325046,-0.70710677,0.70090926,0.70710677
2026-04-24 11:25:00,91973017,1,2026-04-24 12:11:00,0.6520321507302483,46.0,0.65,0.52,0.38011697,0.43333334,0.89528793,0.7164179,0.00044172956,0.000367841,-0.4776605,-0.45197356,0.5283092,0.25094613,3.1983411,3.4201083,0.15212339,-0.04797813,-0.98836154,-0.9988484
2026-04-24 11:25:00,91973017,2,2026-04-24 12:09:00,0.6782977285543198,44.0,0.65,0.76,0.38011697,0.41758242,0.89528793,1.0865672,0.00044172956,0.00039069858,-0.4776605,-0.99857646,0.5283092,0.29575107,3.1983411,2.678369,0.15212339,-0.039259817,-0.98836154,-0.999229
2026-04-24 11:25:00,91973017,3,2026-04-24 11:03:00,0.6859735570085245,-22.0,0.65,0.62,0.38011697,0.4217687,0.89528793,1.0243902,0.00044172956,0.00040893504,-0.4776605,-1.3143861,0.5283092,0.40344515,3.1983411,1.701046,0.15212339,0.2461533,-0.98836154,-0.9692309
2026-04-24 16:32:00,91984519,1,2026-04-24 15:43:00,0.7686151504130624,-49.0,2.103,2.36,0.52575,0.6259947,1.7316017,1.7293578,0.00061853416,0.00053610647,-1.4298661,-1.8051115,-0.6321262,-0.47101995,0.785983,4.9603176,-0.92718387,-0.82658976,-0.37460658,-0.56280494
2026-04-24 16:32:00,91984519,2,2026-04-24 16:34:00,0.8644640256751759,2.0,2.103,2.18,0.52575,0.6123595,1.7316017,1.2737031,0.00061853416,0.00063006795,-1.4298661,-0.90627944,-0.6321262,-0.7037596,0.785983,1.1199594,-0.92718387,-0.9304176,-0.37460658,-0.3665012
2026-04-24 16:32:00,91984519,3,2026-04-24 16:28:00,1.0931388619556666,-4.0,2.103,2.32,0.52575,0.75816995,1.7316017,1.3246753,0.00061853416,0.0005635349,-1.4298661,-1.2210139,-0.6321262,-0.5793545,0.785983,1.5838797,-0.92718387,-0.92050487,-0.37460658,-0.39073113
2026-04-27 06:37:00,92024986,1,2026-04-27 07:08:00,0.696917097458717,31.0,0.29,0.27,0.2457627,0.3,0.99159664,0.7929515,0.0003086834,0.00029526834,1.7428102,1.5261713,0.79903096,0.5268207,18.091131,21.396004,0.98699635,0.9563047,-0.16074257,-0.2923717
2026-04-27 06:37:00,92024986,2,2026-04-27 07:09:00,0.8282130349687978,32.0,0.29,0.13,0.2457627,0.14285715,0.99159664,0.85046726,0.0003086834,0.00028793546,1.7428102,1.1976839,0.79903096,0.5372654,18.091131,21.84924,0.98699635,0.95501995,-0.16074257,-0.29654157
2026-04-27 06:37:00,92024986,3,2026-04-27 06:58:00,0.9802839384761101,21.0,0.29,0.31,0.2457627,0.3483146,0.99159664,0.66171,0.0003086834,0.00031613323,1.7428102,1.0309514,0.79903096,0.45572254,18.091131,19.233234,0.98699635,0.96814764,-0.16074257,-0.25038
2026-04-27 11:51:00,92029007,1,2026-04-27 10:13:00,0.7676492109270068,-98.0,0.93,1.22,0.5470588,0.6009852,1.0759493,0.9902439,0.00035684672,0.00042845783,-0.94575536,-0.7175643,0.48514804,0.3746118,4.1794286,6.8967757,0.039259817,0.45009845,-0.999229,-0.89297897
2026-04-27 11:51:00,92029007,2,2026-04-27 11:52:00,0.7925795092832659,1.0,0.93,0.57,0.5470588,0.41007194,1.0759493,0.90849674,0.00035684672,0.0003524782,-0.94575536,-1.6682765,0.48514804,0.38298172,4.1794286,3.8529468,0.039259817,0.034899496,-0.999229,-0.99939084
2026-04-27 11:51:00,92029007,3,2026-04-27 11:50:00,0.8123599612516093,-1.0,0.93,1.08,0.5470588,0.5869565,1.0759493,1.164557,0.00035684672,0.00035647614,-0.94575536,0.19050461,0.48514804,0.5671893,4.1794286,4.691598,0.039259817,0.043619387,-0.999229,-0.99904823
2026-04-28 09:04:00,92067522,1,2026-04-28 09:56:00,0.49458592571124627,52.0,1.36,1.36,0.59130436,0.56666666,0.777421,0.85561496,0.0006889394,0.0006566858,-0.99060005,-0.6219351,-0.45741135,-0.31818023,-12.565291,-12.058651,0.6946584,0.5150381,-0.7193398,-0.8571673
2026-04-28 09:04:00,92067522,2,2026-04-28 09:49:00,0.6287090298474105,45.0,1.36,1.08,0.59130436,0.5775401,0.777421,0.6964618,0.0006889394,0.00065899256,-0.99060005,-1.7454811,-0.45741135,-0.50461316,-12.565291,-13.13435,0.6946584,0.5409745,-0.7193398,-0.841039
2026-04-28 09:04:00,92067522,3,2026-04-28 09:38:00,0.7344472292755473,34.0,1.36,1.78,0.59130436,0.63345194,0.777421,1.0144404,0.0006889394,0.000625739,-0.99060005,-1.7300481,-0.45741135,-0.4450949,-12.565291,-13.280233,0.6946584,0.58070296,-0.7193398,-0.8141155
2026-04-28 19:35:00,92099847,1,2026-04-28 19:22:00,1.072094792578339,-13.0,1.03,1.41,0.87288135,0.6619718,0.6361186,1.002353,0.0004365333,0.000511709,-0.8701451,-0.5289471,-0.10067608,-0.23102087,-14.450365,-12.338369,-0.91531146,-0.9366722,0.40274668,0.3502074
2026-04-28 19:35:00,92099847,2,2026-04-28 19:45:00,1.0759659466320854,10.0,1.03,1.65,0.87288135,0.9939759,0.6361186,0.9229914,0.0004365333,0.00041741398,-0.8701451,0.062704556,-0.10067608,0.19138598,-14.450365,-12.884968,-0.91531146,-0.89687276,0.40274668,0.4422887
2026-04-28 19:35:00,92099847,3,2026-04-28 19:30:00,1.166704823649313,-5.0,1.03,1.57,0.87288135,0.8395722,0.6361186,1.0080862,0.0004365333,0.00048299573,-0.8701451,0.44276944,-0.10067608,0.07211513,-14.450365,-12.357035,-0.91531146,-0.9238795,0.40274668,0.38268343
2026-04-29 09:00:00,92117158,1,2026-04-29 08:36:00,0.8979399915348439,-24.0,0.82,0.447,0.4079602,0.36048388,1.2010756,1.1324201,0.000399448,0.00032631963,-3.5391457,-2.4257338,-0.97650677,-1.1182138,-2.4085996,-0.23945273,0.70710677,0.777146,-0.70710677,-0.6293204
2026-04-29 09:00:00,92117158,2,2026-04-29 08:35:00,0.9811975288027669,-25.0,0.82,0.21,0.4079602,0.21363173,1.2010756,0.8977169,0.000399448,0.00033063142,-3.5391457,-3.5477114,-0.97650677,-1.0173646,-2.4085996,0.038148977,0.70710677,0.77988446,-0.70710677,-0.62592345
2026-04-29 09:00:00,92117158,3,2026-04-29 08:58:00,1.0207318992299874,-2.0,0.82,0.93,0.4079602,0.47521716,1.2010756,1.1266551,0.000399448,0.00040436647,-3.5391457,-4.5499573,-0.97650677,-0.5368798,-2.4085996,-1.3202878,0.70710677,0.71325046,-0.70710677,-0.70090926
2026-04-29 13:38:00,92125361,1,2026-04-29 13:43:00,1.5624335893989731,5.0,3.03,2.33,0.9351852,0.9628099,1.9002932,1.7472924,0.0004237764,0.00039924172,-2.674725,-1.305129,0.56829625,-0.1611025,-7.075003,-8.7668085,-0.41469324,-0.43444526,-0.9099613,-0.90069824
2026-04-29 13:38:00,92125361,2,2026-04-29 15:22:00,1.6480378977841719,104.0,3.03,3.07,0.9351852,0.83651227,1.9002932,1.6494381,0.0004237764,0.00048389318,-2.674725,-0.66971385,0.56829625,0.31777152,-7.075003,-6.416507,-0.41469324,-0.77162457,-0.9099613,-0.63607824
2026-04-29 13:38:00,92125361,3,2026-04-29 15:12:00,1.6769278129966834,94.0,3.03,2.04,0.9351852,0.6559486,1.9002932,1.8134111,0.0004237764,0.0004455998,-2.674725,-1.8785702,0.56829625,0.0075835567,-7.075003,-8.784865,-0.41469324,-0.7431448,-0.9099613,-0.6691306
2026-04-30 13:58:00,92181621,1,2026-04-30 13:56:00,0.40462807760840513,-2.0,0.73,0.78,0.46496814,0.4642857,0.8509485,0.86821705,0.00046255172,0.0004774188,-0.97017694,-0.55120677,-0.15184855,0.026672255,23.186028,22.971798,-0.49242356,-0.4848096,-0.8703557,-0.8746197
2026-04-30 13:58:00,92181621,2,2026-04-30 12:22:00,0.8312727345444014,-96.0,0.73,0.59,0.46496814,0.37579617,0.8509485,0.84182304,0.00046255172,0.0004373014,-0.97017694,-0.5052299,-0.15184855,-0.027140258,23.186028,19.962374,-0.49242356,-0.09584575,-0.8703557,-0.9953962
2026-04-30 13:58:00,92181621,3,2026-04-30 13:12:00,0.843379596013421,-46.0,0.73,0.77,0.46496814,0.49044585,0.8509485,0.85956746,0.00046255172,0.00044530383,-0.97017694,-0.6616147,-0.15184855,0.32520407,23.186028,22.181,-0.49242356,-0.309017,-0.8703557,-0.95105654
2026-05-01 09:16:00,92218142,1,2026-05-01 09:15:00,0.40638079324044807,-1.0,0.75,0.99,0.5681818,0.65562916,0.72727275,0.81182796,0.00036712253,0.00037323253,-1.1012671,-0.8967328,-1.0100716,-0.97169256,-12.533306,-11.921452,0.656059,0.6593458,-0.7547096,-0.7518398
2026-05-01 09:16:00,92218142,2,2026-05-01 09:18:00,0.5068994274419777,2.0,0.75,0.88,0.5681818,0.6891151,0.72727275,0.8401316,0.00036712253,0.0003584844,-1.1012671,-1.2856323,-1.0100716,-1.0479919,-12.533306,-13.153282,0.656059,0.64944804,-0.7547096,-0.76040596
2026-05-01 09:16:00,92218142,3,2026-05-01 09:12:00,0.5592312685354103,-4.0,0.75,0.81,0.5681818,0.6585366,0.72727275,0.6595174,0.00036712253,0.0003974154,-1.1012671,-0.50854886,-1.0100716,-0.97802174,-12.533306,-11.098145,0.656059,0.6691306,-0.7547096,-0.7431448
2026-05-04 08:18:00,92274667,1,2026-05-04 07:25:00,1.1920866495694147,-53.0,0.28,0.38,0.093333334,0.2,1.8404908,1.3254273,0.00039830612,0.00036335172,-1.4512559,-1.0867118,-0.6502044,-0.30586904,-3.968206,0.016846055,0.8241262,0.93200785,-0.56640625,-0.36243805
2026-05-04 08:18:00,92274667,2,2026-05-04 07:26:00,1.2956270979861326,-52.0,0.28,0.02,0.093333334,0.0116959065,1.8404908,1.1928846,0.00039830612,0.00036389835,-1.4512559,-1.1387396,-0.6502044,-0.33342642,-3.968206,0.010196509,0.8241262,0.9304176,-0.56640625,-0.3665012
2026-05-04 08:18:00,92274667,3,2026-05-04 07:50:00,1.3125345053327533,-28.0,0.28,0.313,0.093333334,0.21482499,1.8404908,1.1294574,0.00039830612,0.00030736616,-1.4512559,-1.0076274,-0.6502044,-0.4926344,-3.968206,-1.2018137,0.8241262,0.8870108,-0.56640625,-0.4617486
2026-05-04 13:52:00,92286476,1,2026-05-04 13:39:00,0.8794018211513169,-13.0,0.0,0.08,0.0,0.032,0.4376013,0.7800312,0.0007599655,0.000991691,0.16433646,0.4557968,1.0472183,0.85952294,-7.535423,-7.4256,-0.46947157,-0.41865975,-0.88294756,-0.90814316
2026-05-04 13:52:00,92286476,2,2026-05-04 13:41:00,0.9094760975624907,-11.0,0.0,0.03,0.0,0.011235955,0.4376013,0.8330733,0.0007599655,0.00097077334,0.16433646,0.73849326,1.0472183,1.0119351,-7.535423,-6.678405,-0.46947157,-0.42656875,-0.88294756,-0.9044551
2026-05-04 13:52:00,92286476,3,2026-05-04 15:25:00,0.96688955032412,93.0,0.0,0.09,0.0,0.051136363,0.4376013,0.79047835,0.0007599655,0.0006634802,0.16433646,-0.33953795,1.0472183,1.1135929,-7.535423,-4.5212975,-0.46947157,-0.77988446,-0.88294756,-0.62592345
2026-05-04 20:24:00,92319804,1,2026-05-04 20:13:00,0.6762656521939845,-11.0,1.04,0.85,0.72727275,0.5555556,0.4939551,0.5368421,0.00068690703,0.0006988299,-0.24758384,-0.19928156,0.8702289,0.96537495,-12.71356,-13.921196,-0.809017,-0.8362861,0.58778524,0.54829323
2026-05-04 20:24:00,92319804,2,2026-05-04 20:17:00,0.9119763390636222,-7.0,1.04,1.65,0.72727275,0.6547619,0.4939551,0.8842105,0.00068690703,0.00066490856,-0.24758384,0.46540448,0.8702289,0.8002156,-12.71356,-14.440833,-0.809017,-0.82658976,0.58778524,0.56280494
2026-05-04 20:24:00,92319804,3,2026-05-04 20:10:00,1.1175414640306982,-14.0,1.04,1.39,0.72727275,0.5582329,0.4939551,0.73701346,0.00068690703,0.0007551154,-0.24758384,0.9280058,0.8702289,0.9340279,-12.71356,-12.952695,-0.809017,-0.8433914,0.58778524,0.53729963
2026-05-05 06:17:00,92331897,1,2026-05-05 06:16:00,0.43974469315107784,-1.0,0.1,0.22,0.094339624,0.20183486,1.0241545,1.0480769,0.0002680672,0.0002707449,1.1170423,1.3418819,0.10859685,0.053258166,10.167142,9.949419,0.9972502,0.9975641,-0.07410849,-0.06975647
2026-05-05 06:17:00,92331897,2,2026-05-05 05:01:00,0.864516395402551,-76.0,0.1,0.06,0.094339624,0.03508772,1.0241545,1.14,0.0002680672,0.00037240365,1.1170423,1.2537173,0.10859685,0.47586593,10.167142,8.5790615,0.9972502,0.96704596,-0.07410849,0.25460196
2026-05-05 06:17:00,92331897,3,2026-05-05 06:14:00,0.8921103988852386,-3.0,0.1,0.31,0.094339624,0.3069307,1.0241545,0.9099099,0.0002680672,0.000279571,1.1170423,0.9136633,0.10859685,-0.10571495,10.167142,9.421286,0.9972502,0.9981348,-0.07410849,-0.06104854
2026-05-05 13:41:00,92342438,1,2026-05-05 13:40:00,0.4736115045335931,-1.0,1.21,1.5,0.7076023,0.7853403,0.9661017,1.0852273,0.0003986523,0.00039961873,-1.7478559,-1.4132162,-0.118494496,-0.015572405,3.9532712,4.639625,-0.42656875,-0.42261827,-0.9044551,-0.9063078
2026-05-05 13:41:00,92342438,2,2026-05-05 13:42:00,0.5983299130645341,1.0,1.21,1.68,0.7076023,0.74336284,0.9661017,1.2216216,0.0003986523,0.00040580737,-1.7478559,-2.0427706,-0.118494496,-0.28107104,3.9532712,2.9819367,-0.42656875,-0.4305111,-0.9044551,-0.90258527
2026-05-05 13:41:00,92342438,3,2026-05-05 12:19:00,0.758034016578776,-82.0,1.21,0.97,0.7076023,0.62580645,0.9661017,0.82666665,0.0003986523,0.00042678692,-1.7478559,-1.5019987,-0.118494496,-0.03320108,3.9532712,7.5381536,-0.42656875,-0.082808204,-0.9044551,-0.9965655
2026-05-06 08:30:00,92396538,1,2026-05-06 08:20:00,0.6088624372481254,-10.0,0.68,0.54,0.5483871,0.4390244,0.82666665,0.7569231,0.00037006798,0.0003865889,-2.010594,-1.6571479,-0.10852071,0.11786853,20.208323,20.410057,0.7933533,0.81915206,-0.6087614,-0.57357645
2026-05-06 08:30:00,92396538,2,2026-05-06 07:54:00,0.8041139297519849,-36.0,0.68,0.47,0.5483871,0.5529412,0.82666665,0.5345912,0.00037006798,0.0003657898,-2.010594,-1.4583883,-0.10852071,0.19555756,20.208323,21.027767,0.7933533,0.87881714,-0.6087614,-0.47715876
2026-05-06 08:30:00,92396538,3,2026-05-06 07:45:00,0.8192170603166113,-45.0,0.68,0.71,0.5483871,0.57258064,0.82666665,0.75609756,0.00037006798,0.00036491672,-2.010594,-0.908062,-0.10852071,-0.17688808,20.208323,20.66019,0.7933533,0.89687276,-0.6087614,-0.4422887
2026-05-06 12:41:00,92408965,1,2026-05-06 12:38:00,0.6439184001027809,-3.0,0.937,1.21,0.3208904,0.37116563,0.9717138,1.0482315,0.0006614657,0.00069920014,-0.14049749,0.684058,0.5308856,0.6208943,19.456694,19.096748,-0.17794354,-0.1650476,-0.9840407,-0.9862856
2026-05-06 12:41:00,92408965,2,2026-05-06 14:01:00,0.7652307406846033,80.0,0.937,1.42,0.3208904,0.43030304,0.9717138,0.9065934,0.0006614657,0.0007252292,-0.14049749,-0.14901301,0.5308856,0.7082529,19.456694,19.963228,-0.17794354,-0.503774,-0.9840407,-0.8638355
2026-05-06 12:41:00,92408965,3,2026-05-06 14:07:00,0.7842493695586987,86.0,0.937,1.06,0.3208904,0.33021808,0.9717138,0.85714287,0.0006614657,0.0007049057,-0.14049749,-0.030076768,0.5308856,0.1903468,19.456694,19.514687,-0.17794354,-0.52621394,-0.9840407,-0.8503522
2026-05-07 07:56:00,92461110,1,2026-05-07 07:54:00,0.1559936699430098,-2.0,0.25,0.23,0.20491803,0.17733231,0.9799197,1.0132812,0.00027811548,0.0002942918,-0.26804104,-0.23882224,-0.3012688,-0.24709833,-5.041437,-4.6199822,0.8746197,0.87881714,-0.4848096,-0.47715876
2026-05-07 07:56:00,92461110,2,2026-05-07 07:53:00,0.36604622101499,-3.0,0.25,0.36,0.20491803,0.28346458,0.9799197,0.9921875,0.00027811548,0.0002956625,-0.26804104,-0.47540072,-0.3012688,-0.21085759,-5.041437,-4.394332,0.8746197,0.8808907,-0.4848096,-0.47331968
2026-05-07 07:56:00,92461110,3,2026-05-07 07:31:00,0.49722421063372596,-25.0,0.25,0.11,0.20491803,0.09821428,0.9799197,0.9032258,0.00027811548,0.0003011348,-0.26804104,-0.028281536,-0.3012688,-0.29859507,-5.041437,-3.6419046,0.8746197,0.922201,-0.4848096,-0.38671097
2026-05-07 19:37:00,92535886,1,2026-05-07 19:56:00,0.5019089150624336,19.0,0.45,0.64,0.20737328,0.30769232,0.72696817,0.82051283,0.00065891567,0.00056399574,0.66266453,0.60901904,0.044632055,0.044018544,-3.9984741,-5.054977,-0.91176206,-0.8746197,0.41071886,0.4848096
2026-05-07 19:37:00,92535886,2,2026-05-07 20:17:00,0.7407924283991028,40.0,0.45,0.26,0.20737328,0.18439716,0.72696817,0.56626505,0.00065891567,0.00052937184,0.66266453,-0.03605683,0.044632055,-0.09055379,-3.9984741,-5.7330976,-0.91176206,-0.82658976,0.41071886,0.56280494
2026-05-07 19:37:00,92535886,3,2026-05-07 19:50:00,0.8101679838131298,13.0,0.45,0.53,0.20737328,0.3045977,0.72696817,0.642422,0.00065891567,0.0005834293,0.66266453,1.116237,0.044632055,-0.3251423,-3.9984741,-5.7805705,-0.91176206,-0.8870108,0.41071886,0.4617486
2026-05-08 09:30:00,92561346,1,2026-05-08 08:51:00,0.8648828838180278,-39.0,0.46,0.42,0.1614035,0.19090909,1.3834951,1.030445,0.0005651345,0.00046553975,2.1906548,2.625413,0.698171,0.99969614,7.6743264,8.090402,0.6087614,0.7343225,-0.7933533,-0.67880076
2026-05-08 09:30:00,92561346,2,2026-05-08 09:28:00,1.014652379747896,-2.0,0.46,0.91,0.1614035,0.33579335,1.3834951,1.315534,0.0005651345,0.0005241105,2.1906548,1.4766526,0.698171,0.35808194,7.6743264,6.6169252,0.6087614,0.6156615,-0.7933533,-0.7880108
2026-05-08 09:30:00,92561346,3,2026-05-08 11:23:00,1.1606710757516698,113.0,0.46,0.43,0.1614035,0.1814346,1.3834951,1.0821918,0.0005651345,0.0005084681,2.1906548,2.7877395,0.698171,1.0055273,7.6743264,2.6927,0.6087614,0.16074257,-0.7933533,-0.98699635
2026-05-11 07:03:00,92611594,1,2026-05-11 07:01:00,0.39525262917080733,-2.0,0.29,0.27,0.14871795,0.14438502,1.0773481,1.1402439,0.00039894175,0.00039610965,-0.19830883,0.35616183,-1.0537846,-1.0418086,-6.4281497,-5.7430716,0.9624552,0.9647873,-0.27144045,-0.2630312
2026-05-11 07:03:00,92611594,2,2026-05-11 07:26:00,0.7480868798677494,23.0,0.29,0.16,0.14871795,0.11940298,1.0773481,0.8121212,0.00039894175,0.00042602592,-0.19830883,-0.05524684,-1.0537846,-0.6898381,-6.4281497,-7.352548,0.9624552,0.9304176,-0.27144045,-0.3665012
2026-05-11 07:03:00,92611594,3,2026-05-11 07:00:00,0.8578359932223102,-3.0,0.29,0.23,0.14871795,0.20175439,1.0773481,0.69512194,0.00039894175,0.0003958113,-0.19830883,0.65342206,-1.0537846,-1.1036718,-6.4281497,-5.630057,0.9624552,0.9659258,-0.27144045,-0.25881904
2026-05-11 15:38:00,92626347,1,2026-05-11 15:33:00,0.47829656619858163,-5.0,1.21,1.24,0.54333186,0.45090908,0.5799479,0.7482993,0.0007224903,0.0007580501,0.6837435,0.8908676,1.468559,1.5293591,5.512642,4.655841,-0.8141155,-0.8012538,-0.58070296,-0.5983246
2026-05-11 15:38:00,92626347,2,2026-05-11 15:35:00,0.5396019452805366,-3.0,1.21,1.54,0.54333186,0.48734176,0.5799479,0.85986394,0.0007224903,0.0007425481,0.6837435,0.7805134,1.468559,1.4074905,5.512642,4.473752,-0.8141155,-0.8064446,-0.58070296,-0.59130967
2026-05-11 15:38:00,92626347,3,2026-05-11 15:37:00,0.6748707345471195,-1.0,1.21,1.05,0.54333186,0.37366548,0.5799479,0.7317708,0.0007224903,0.00074140204,0.6837435,0.6517774,1.468559,1.4728727,5.512642,5.721992,-0.8141155,-0.811574,-0.58070296,-0.5842497
2026-05-12 05:30:00,92649888,1,2026-05-12 06:11:00,0.4845207858664157,41.0,0.02,0.13,0.016528925,0.117117114,0.52838427,0.5285714,0.00049652153,0.00047165752,-1.1887691,-1.022582,-0.31162262,-0.29302076,-8.307636,-7.2916903,0.9914449,0.9988484,0.13052619,-0.04797813
2026-05-12 05:30:00,92649888,2,2026-05-12 05:22:00,0.6092309050558455,-8.0,0.02,0.2,0.016528925,0.11627907,0.52838427,0.81710213,0.00049652153,0.00053436984,-1.1887691,-1.0334134,-0.31162262,-0.27420738,-8.307636,-8.125433,0.9914449,0.9862856,0.13052619,0.1650476
2026-05-12 05:30:00,92649888,3,2026-05-12 06:06:00,0.7198880364265415,36.0,0.02,0.14,0.016528925,0.085365854,0.52838427,0.67489713,0.00049652153,0.0005221215,-1.1887691,-0.7734682,-0.31162262,-0.028865209,-8.307636,-5.7389536,0.9914449,0.99965733,0.13052619,-0.026176948
2026-05-12 13:41:00,92660254,1,2026-05-12 13:34:00,1.0978906377763256,-7.0,1.02,0.42,0.42323652,0.21538462,1.1288056,1.054054,0.0005564281,0.00048149386,-2.7875195,-3.5358732,-1.2934505,-1.0111488,-12.646347,-12.133379,-0.42656875,-0.39874908,-0.9044551,-0.9170601
2026-05-12 13:41:00,92660254,2,2026-05-12 15:28:00,1.4218714335723832,107.0,1.02,0.96,0.42323652,0.50793654,1.1288056,0.77459013,0.0005564281,0.0005537761,-2.7875195,-2.122459,-1.2934505,-0.7408863,-12.646347,-7.7486167,-0.42656875,-0.7880108,-0.9044551,-0.6156615
2026-05-12 13:41:00,92660254,3,2026-05-12 13:32:00,1.4430320205403888,-9.0,1.02,1.11,0.42323652,0.6342857,1.1288056,1.0028653,0.0005564281,0.00045089907,-2.7875195,-1.8841764,-1.2934505,-0.6681994,-12.646347,-11.40275,-0.42656875,-0.39073113,-0.9044551,-0.92050487
2026-05-13 08:32:00,92699406,1,2026-05-13 08:33:00,0.4620471178533924,1.0,0.15,0.3,0.05319149,0.10869565,1.9315069,1.8157895,0.0003990216,0.00041252398,-1.211187,-0.6761408,-0.85962915,-0.85934645,-5.2402673,-5.228979,0.7880108,0.78531694,-0.6156615,-0.61909395
2026-05-13 08:32:00,92699406,2,2026-05-13 07:01:00,1.2795782359377104,-91.0,0.15,0.18,0.05319149,0.09625668,1.9315069,1.4236772,0.0003990216,0.00032304775,-1.211187,-0.32300285,-0.85962915,-1.1385341,-5.2402673,-8.101845,0.7880108,0.9647873,-0.6156615,-0.2630312
2026-05-13 08:32:00,92699406,3,2026-05-13 10:10:00,1.28303461110764,98.0,0.15,0.72,0.05319149,0.2028169,1.9315069,1.4314516,0.0003990216,0.0005227524,-1.211187,-0.6880733,-0.85962915,-0.7687673,-5.2402673,-3.2074122,0.7880108,0.4617486,-0.6156615,-0.8870108
2026-05-13 13:32:00,92704162,1,2026-05-13 14:01:00,0.4915558199055208,29.0,0.26,0.14,0.14285715,0.097222224,0.96042216,0.84705883,0.00041920145,0.00034308806,-0.8986294,-1.0059106,-0.40298918,-0.4040184,-2.9027462,-6.1972694,-0.39073113,-0.503774,-0.92050487,-0.8638355
2026-05-13 13:32:00,92704162,2,2026-05-13 13:54:00,0.6192511326205072,22.0,0.26,0.35,0.14285715,0.19337016,0.96042216,1.1830065,0.00041920145,0.00037185062,-0.8986294,-0.32646668,-0.40298918,-0.37955487,-2.9027462,-5.0264635,-0.39073113,-0.47715876,-0.92050487,-0.87881714
2026-05-13 13:32:00,92704162,3,2026-05-13 14:05:00,0.6952941764856461,33.0,0.26,0.19,0.14285715,0.16814159,0.96042216,0.6807229,0.00041920145,0.00034682633,-0.8986294,-0.5959484,-0.40298918,-0.50649136,-2.9027462,-6.7504325,-0.39073113,-0.51877326,-0.92050487,-0.85491186
2026-05-13 16:16:00,92707912,1,2026-05-13 16:24:00,0.7378696229605511,8.0,0.99,0.75,0.7734375,0.625,0.61985475,0.60301507,0.0005112105,0.00048292457,0.68837893,0.56478167,0.50605667,0.78041834,-5.1728354,-3.542412,-0.89879405,-0.9135454,-0.43837115,-0.40673664
2026-05-13 16:16:00,92707912,2,2026-05-13 17:43:00,0.8151549754544002,87.0,0.99,1.52,0.7734375,0.7562189,0.61985475,0.9284065,0.0005112105,0.00055490347,0.68837893,0.48441944,0.50605667,0.548063,-5.1728354,-4.0369506,-0.89879405,-0.9972502,-0.43837115,-0.07410849
2026-05-13 16:16:00,92707912,3,2026-05-13 16:13:00,0.972077072921652,-3.0,0.99,1.14,0.7734375,0.5846154,0.61985475,0.9512195,0.0005112105,0.00052640954,0.68837893,0.060778342,0.50605667,0.44314227,-5.1728354,-5.2129045,-0.89879405,-0.89297897,-0.43837115,-0.45009845
2026-05-13 16:27:00,92708453,1,2026-05-13 16:20:00,0.6156408118120033,-7.0,0.13,0.24,0.077844314,0.16438356,0.83709276,0.7070218,0.00046992116,0.0005203008,0.57131916,0.8889063,0.82211345,0.5622804,-3.5419884,-3.7558727,-0.91879123,-0.9063078,-0.39474386,-0.42261827
2026-05-13 16:27:00,92708453,2,2026-05-13 17:39:00,0.8335603456008074,72.0,0.13,0.19,0.077844314,0.1027027,0.83709276,0.85450345,0.00046992116,0.0005785427,0.57131916,-0.35039032,0.82211345,0.75996953,-3.5419884,-4.284285,-0.91879123,-0.9958049,-0.39474386,-0.091501616
2026-05-13 16:27:00,92708453,3,2026-05-13 16:21:00,0.8350296783030262,-6.0,0.13,0.387,0.077844314,0.20051813,0.83709276,0.94840294,0.00046992116,0.0005124827,0.57131916,1.4500843,0.82211345,0.64792204,-3.5419884,-3.6708627,-0.91879123,-0.90814316,-0.39474386,-0.41865975
2026-05-14 07:37:00,92749649,1,2026-05-14 07:34:00,0.44024837772062897,-3.0,0.4,0.14,0.11788977,0.05283019,1.1482234,1.08451,0.00065904245,0.00068587315,1.8202198,2.2537167,2.1728816,2.1169422,6.09855,5.2591496,0.91176206,0.9170601,-0.41071886,-0.39874908
2026-05-14 07:37:00,92749649,2,2026-05-14 07:31:00,0.6219459780675359,-6.0,0.4,0.37,0.11788977,0.22289157,1.1482234,0.899729,0.00065904245,0.0006273779,1.8202198,1.5321357,2.1728816,2.1468356,6.09855,4.018077,0.91176206,0.922201,-0.41071886,-0.38671097
2026-05-14 07:37:00,92749649,3,2026-05-14 07:36:00,0.7882881575246498,-1.0,0.4,0.777,0.11788977,0.29101124,1.1482234,1.0037594,0.00065904245,0.0006543812,1.8202198,2.3223503,2.1728816,2.2226596,6.09855,6.034377,0.91176206,0.9135454,-0.41071886,-0.40673664
2026-05-14 14:27:00,92755985,1,2026-05-14 16:05:00,0.966735111028944,98.0,0.33,0.597,0.21470396,0.3030457,1.0188929,0.9800995,0.00037571916,0.0005427659,-3.1440456,-2.9037142,-0.7460307,-0.52702093,-2.7479897,0.7094506,-0.5983246,-0.87672675,-0.8012538,-0.48098877
2026-05-14 14:27:00,92755985,2,2026-05-14 16:21:00,1.108511824983139,114.0,0.33,0.927,0.21470396,0.2869969,1.0188929,1.2876221,0.00037571916,0.00058905926,-3.1440456,-3.5348148,-0.7460307,-0.7326819,-2.7479897,-1.2352916,-0.5983246,-0.90814316,-0.8012538,-0.41865975
2026-05-14 14:27:00,92755985,3,2026-05-14 15:47:00,1.2416623769298145,80.0,0.33,0.87,0.21470396,0.35655737,1.0188929,0.8561404,0.00037571916,0.0006286911,-3.1440456,-2.7726374,-0.7460307,-0.4235657,-2.7479897,1.0832027,-0.5983246,-0.8362861,-0.8012538,-0.54829323
2026-05-15 06:52:00,92794484,1,2026-05-15 06:51:00,0.6439939808075493,-1.0,0.43,0.25,0.24157304,0.18518518,1.088685,0.82568806,0.00037865233,0.00037814007,1.2530823,0.6073784,0.23200636,0.1936182,-5.697503,-5.901653,0.97437006,0.97534233,-0.22495106,-0.22069743
2026-05-15 06:52:00,92794484,2,2026-05-15 06:42:00,0.7222764857840082,-10.0,0.43,0.3,0.24157304,0.22556391,1.088685,0.78466076,0.00037865233,0.00043304646,1.2530823,1.9512789,0.23200636,0.103012785,-5.697503,-5.1648827,0.97437006,0.9832549,-0.22495106,-0.18223552
2026-05-15 06:52:00,92794484,3,2026-05-15 06:39:00,0.8288329256218901,-13.0,0.43,0.42,0.24157304,0.25454545,1.088685,0.9375,0.00037865233,0.0004683066,1.2530823,1.503827,0.23200636,-0.23274854,-5.697503,-5.085013,0.97437006,0.98555607,-0.22495106,-0.1693495
2026-05-15 14:15:00,92816284,1,2026-05-15 14:10:00,0.6054461514405575,-5.0,1.68,1.23,0.8704663,0.778481,0.6369637,0.46676514,0.0007082617,0.0007265333,0.61532944,0.7147111,0.3223033,0.11221704,-7.793389,-8.252985,-0.55557024,-0.53729963,-0.8314696,-0.8433914
2026-05-15 14:15:00,92816284,2,2026-05-15 14:18:00,0.7014195741826097,3.0,1.68,2.37,0.8704663,0.89772725,0.6369637,0.89038783,0.0007082617,0.0006961266,0.61532944,0.028313907,0.3223033,0.23224255,-7.793389,-7.892334,-0.55557024,-0.56640625,-0.8314696,-0.8241262
2026-05-15 14:15:00,92816284,3,2026-05-15 15:54:00,0.9106866403511217,99.0,1.68,2.26,0.8704663,0.80714285,0.6369637,0.90614885,0.0007082617,0.00069054984,0.61532944,0.88738674,0.3223033,0.2700207,-7.793389,-10.7528,-0.55557024,-0.85264015,-0.8314696,-0.52249855
2026-05-18 09:44:00,92863125,1,2026-05-18 08:51:00,0.45573743907072295,-53.0,1.02,1.03,0.5151515,0.51758796,0.66554624,0.6815069,0.00070316193,0.00070210284,-0.93112594,-0.7125254,-0.20470425,-0.37660283,2.180161,2.9024882,0.5591929,0.7343225,-0.82903755,-0.67880076
2026-05-18 09:44:00,92863125,2,2026-05-18 08:42:00,0.601911353077624,-62.0,1.02,1.47,0.5151515,0.5326087,0.66554624,0.8518519,0.00070316193,0.0007682065,-0.93112594,-1.1586016,-0.20470425,-0.15182693,2.180161,3.1401312,0.5591929,0.76040596,-0.82903755,-0.64944804
2026-05-18 09:44:00,92863125,3,2026-05-18 09:15:00,0.6585064626089109,-29.0,1.02,0.85,0.5151515,0.44270834,0.66554624,0.63787377,0.00070316193,0.00069157034,-0.93112594,-0.16572139,-0.20470425,-0.06704055,2.180161,2.7199717,0.5591929,0.6593458,-0.82903755,-0.7518398
2026-05-18 16:08:00,92873305,1,2026-05-18 15:42:00,1.115321737158829,-26.0,4.62,4.91,0.8635514,0.83931625,1.7892977,1.8690096,0.00085327803,0.0007671792,0.3745535,0.5483662,0.074031346,0.7399282,7.8216987,7.884082,-0.88294756,-0.8241262,-0.46947157,-0.56640625
2026-05-18 16:08:00,92873305,2,2026-05-18 16:39:00,1.1514027534070983,31.0,4.62,5.68,0.8635514,0.982699,1.7892977,1.7839506,0.00085327803,0.00077577063,0.3745535,-0.45344877,0.074031346,0.43422782,7.8216987,10.515147,-0.88294756,-0.93819135,-0.46947157,-0.34611705
2026-05-18 16:08:00,92873305,3,2026-05-18 16:34:00,1.2347497691302594,26.0,4.62,4.74,0.8635514,0.7913189,1.7892977,1.9385114,0.00085327803,0.0007403168,0.3745535,1.1742171,0.074031346,0.6588525,7.8216987,11.639381,-0.88294756,-0.9304176,-0.46947157,-0.3665012
2026-05-18 17:35:00,92878258,1,2026-05-18 18:06:00,0.8325581119142771,31.0,1.89,1.53,0.39457202,0.3167702,1.5230525,1.2677165,0.00089082215,0.0009881195,-3.0005202,-2.6328077,-0.8950657,-0.6455545,1.742268,-1.4526187,-0.99405634,-0.99965733,-0.10886688,0.026176948
2026-05-18 17:35:00,92878258,2,2026-05-18 17:38:00,1.0569389462771401,3.0,1.89,1.2,0.39457202,0.27972028,1.5230525,1.3640699,0.00089082215,0.00093555864,-3.0005202,-1.835524,-0.8950657,-1.0871555,1.742268,1.3432186,-0.99405634,-0.9953962,-0.10886688,-0.09584575
2026-05-18 17:35:00,92878258,3,2026-05-18 17:06:00,1.2503868263901083,-29.0,1.89,3.56,0.39457202,0.55219483,1.5230525,1.7100796,0.00089082215,0.00091104984,-3.0005202,-2.7117689,-0.8950657,-0.6889118,1.742268,4.9200883,-0.99405634,-0.9723699,-0.10886688,-0.23344536
2026-05-19 06:40:00,92901499,1,2026-05-19 06:16:00,0.8779734030013628,-24.0,0.56,0.91,0.4028777,0.52,0.9114754,0.7847534,0.00039683882,0.00050589326,2.550703,2.3694289,0.52336776,0.12563929,-6.071325,-5.9950814,0.9848077,0.9975641,-0.17364818,-0.06975647
2026-05-19 06:40:00,92901499,2,2026-05-19 08:12:00,1.1650533223214123,92.0,0.56,0.19,0.4028777,0.1826923,0.9114754,0.6910299,0.00039683882,0.0003745062,2.550703,2.0264678,0.52336776,0.56335896,-6.071325,-8.9590225,0.9848077,0.83867055,-0.17364818,-0.54463905
2026-05-19 06:40:00,92901499,3,2026-05-19 08:11:00,1.288559680253878,91.0,0.56,1.16,0.4028777,0.49361703,0.9114754,1.4285715,0.00039683882,0.00038569747,2.550703,1.6139805,0.52336776,0.46691698,-6.071325,-8.592523,0.9848077,0.841039,-0.17364818,-0.5409745
2026-05-19 10:09:00,92905766,1,2026-05-19 10:49:00,0.6284643781125173,40.0,0.46,0.59,0.2139535,0.22605364,0.9706546,1.1863636,0.00052733696,0.0005851278,2.5534735,3.1988072,0.43670082,0.39960477,-1.4702084,-1.1827651,0.46561453,0.3048643,-0.88498765,-0.9523958
2026-05-19 10:09:00,92905766,2,2026-05-19 10:10:00,0.9073339118349278,1.0,0.46,0.28,0.2139535,0.08982997,0.9706546,1.4072235,0.00052733696,0.0005385412,2.5534735,2.0352235,0.43670082,0.53288627,-1.4702084,-1.3135324,0.46561453,0.4617486,-0.88498765,-0.8870108
2026-05-19 10:09:00,92905766,3,2026-05-19 10:58:00,1.082672925993257,49.0,0.46,0.82,0.2139535,0.2760943,0.9706546,1.125,0.00052733696,0.00063284644,2.5534735,2.746055,0.43670082,1.0012839,-1.4702084,0.80973613,0.46561453,0.26723838,-0.88498765,-0.96363044
2026-05-20 09:00:00,92943988,1,2026-05-20 08:59:00,0.24743269380502927,-1.0,0.263,0.323,0.15682767,0.20838709,0.6721443,0.62124246,0.0005508352,0.00056439714,0.53702176,0.37637267,0.11590033,0.07182168,-1.4808526,-1.5526274,0.70710677,0.71018535,-0.70710677,-0.7040147
2026-05-20 09:00:00,92943988,2,2026-05-20 10:28:00,0.8081218244749844,88.0,0.263,0.08,0.15682767,0.062992126,0.6721443,0.5631929,0.0005508352,0.0005577912,0.53702176,0.79625565,0.11590033,0.2740586,-1.4808526,1.956176,0.70710677,0.39073113,-0.70710677,-0.92050487
2026-05-20 09:00:00,92943988,3,2026-05-20 09:23:00,0.8270162807251025,23.0,0.263,0.593,0.15682767,0.252663,0.6721443,0.8503623,0.0005508352,0.00061495067,0.53702176,-0.2035233,0.11590033,0.35530624,-1.4808526,-0.547975,0.70710677,0.63270533,-0.70710677,-0.77439266
2026-05-21 09:39:00,92991008,1,2026-05-21 08:39:00,0.4522929341827484,-60.0,0.4,0.49,0.1923077,0.22374429,0.98578197,0.99319726,0.00053242093,0.00059308845,-0.16588967,-0.30923298,-0.340854,-0.353142,-5.0633917,-6.4630566,0.5771452,0.7688418,-0.81664157,-0.639439
2026-05-21 09:39:00,92991008,2,2026-05-21 10:15:00,0.558227842716655,36.0,0.4,0.36,0.1923077,0.19812879,0.98578197,0.7731915,0.00053242093,0.0005302742,-0.16588967,-0.51312643,-0.340854,-0.2589064,-5.0633917,-7.972186,0.5771452,0.4422887,-0.81664157,-0.89687276
2026-05-21 09:39:00,92991008,3,2026-05-21 10:11:00,0.5605531400041389,32.0,0.4,0.223,0.1923077,0.091769546,0.98578197,0.9818182,0.00053242093,0.00056216394,-0.16588967,0.21638887,-0.340854,-0.27206457,-5.0633917,-7.2235503,0.5771452,0.4578739,-0.81664157,-0.88901716
2026-05-22 07:41:00,93028917,1,2026-05-22 07:59:00,0.9453308166787888,18.0,0.59,0.45,0.49579832,0.6164383,0.88148147,0.705314,0.00030014283,0.00024823603,-2.4514892,-1.8598347,-0.5787188,-0.16755664,-2.5400734,-1.9252514,0.9044551,0.8681988,-0.42656875,-0.4962165
2026-05-22 07:41:00,93028917,2,2026-05-22 07:38:00,0.9890215329460339,-3.0,0.59,0.8,0.49579832,0.6896552,0.88148147,0.8854962,0.00030014283,0.00028940628,-2.4514892,-2.686835,-0.5787188,-0.1662575,-2.5400734,-1.7901782,0.9044551,0.9099613,-0.42656875,-0.41469324
2026-05-22 07:41:00,93028917,3,2026-05-22 07:39:00,0.9899212175890069,-2.0,0.59,0.58,0.49579832,0.3358425,0.88148147,1.2792592,0.00030014283,0.00029594675,-2.4514892,-2.3658998,-0.5787188,-0.27105662,-2.5400734,-1.3137726,0.9044551,0.90814316,-0.42656875,-0.41865975
2026-05-22 08:36:00,93029514,1,2026-05-22 09:57:00,0.5696509267451243,81.0,0.14,0.14,0.17283951,0.1627907,0.46285716,0.6209386,0.00040278662,0.00038054775,-0.92108464,-0.8999494,0.32324803,0.25967366,-0.35372445,-0.91360223,0.777146,0.5112931,-0.6293204,-0.8594064
2026-05-22 08:36:00,93029514,2,2026-05-22 09:39:00,0.7637581530069312,63.0,0.14,0.18,0.17283951,0.20689656,0.46285716,0.4878049,0.00040278662,0.00047127597,-0.92108464,-0.051587604,0.32324803,0.425298,-0.35372445,-1.4695107,0.777146,0.5771452,-0.6293204,-0.81664157
2026-05-22 08:36:00,93029514,3,2026-05-22 09:54:00,0.7881424095122647,78.0,0.14,0.01,0.17283951,0.011494253,0.46285716,0.5304878,0.00040278662,0.00039292002,-0.92108464,-1.0067,0.32324803,0.3952617,-0.35372445,-1.2210058,0.777146,0.52249855,-0.6293204,-0.85264015
2026-05-22 15:30:00,93037747,1,2026-05-22 15:31:00,0.6533387406136804,1.0,1.34,1.05,0.6979167,0.55851066,0.70718235,0.69244933,0.00060218066,0.00058872264,-2.0861208,-1.5624062,-0.19012295,-0.25012475,-1.3574048,-0.9696291,-0.7933533,-0.79600203,-0.6087614,-0.605294
2026-05-22 15:30:00,93037747,2,2026-05-22 16:26:00,0.799497390222638,56.0,1.34,1.21,0.6979167,0.54751134,0.70718235,0.9444444,0.00060218066,0.0005381248,-2.0861208,-1.853351,-0.19012295,-0.27983078,-1.3574048,-1.2006332,-0.7933533,-0.9170601,-0.6087614,-0.39874908
2026-05-22 15:30:00,93037747,3,2026-05-22 16:22:00,0.8634086577580594,52.0,1.34,1.27,0.6979167,0.7426901,0.70718235,0.7066116,0.00060218066,0.0005995102,-2.0861208,-1.3785709,-0.19012295,0.19012366,-1.3574048,0.11097975,-0.7933533,-0.9099613,-0.6087614,-0.41469324
2026-05-25 09:09:00,93064584,1,2026-05-25 09:10:00,0.43688265827786493,1.0,0.13,0.26,0.14606741,0.24074075,0.58360654,0.72727275,0.00034971233,0.00034201395,-0.77262974,-0.6166395,-0.5318929,-0.56168145,-7.869937,-8.218711,0.67880076,0.6755902,-0.7343225,-0.7372773
2026-05-25 09:09:00,93064584,2,2026-05-25 08:55:00,0.44508597661904037,-14.0,0.13,0.16,0.14606741,0.18181819,0.58360654,0.64,0.00034971233,0.0003746753,-0.77262974,-0.39855653,-0.5318929,-0.7140619,-7.869937,-6.6515565,0.67880076,0.72236395,-0.7343225,-0.69151306
2026-05-25 09:09:00,93064584,3,2026-05-25 08:54:00,0.7540204512985993,-15.0,0.13,0.29,0.14606741,0.2248062,0.58360654,0.80124223,0.00034971233,0.0003886277,-0.77262974,-1.5143746,-0.5318929,-0.7007992,-7.869937,-6.398738,0.67880076,0.7253744,-0.7343225,-0.68835455
2026-05-25 15:59:00,93070782,1,2026-05-25 16:00:00,0.6257783147496521,1.0,0.37,0.43,0.33944955,0.29054055,1.0686275,1.4509804,0.00030083308,0.00030246814,0.77878773,0.6587012,0.4324746,0.43128145,2.4621525,2.7071326,-0.8638355,-0.8660254,-0.503774,-0.5
2026-05-25 15:59:00,93070782,2,2026-05-25 15:55:00,0.6495080260664626,-4.0,0.37,0.49,0.33944955,0.48514852,1.0686275,0.9308756,0.00030083308,0.00030635946,0.77878773,0.35739785,0.4324746,0.41401142,2.4621525,2.0316873,-0.8638355,-0.85491186,-0.503774,-0.51877326
2026-05-25 15:59:00,93070782,3,2026-05-25 17:28:00,0.8137825419544917,89.0,0.37,0.24,0.33944955,0.3116883,1.0686275,0.76237625,0.00030083308,0.0002458917,0.77878773,0.6675582,0.4324746,0.5581466,2.4621525,4.691017,-0.8638355,-0.99026805,-0.503774,-0.1391731
2026-05-26 08:40:00,93086094,1,2026-05-26 09:46:00,0.9407987697899457,66.0,2.03,1.78,0.98067635,0.872549,1.483871,1.3246753,0.000362002,0.0003768749,-0.54852587,-0.6616075,0.64927894,0.21994527,-6.514957,-5.2741604,0.76604444,0.551937,-0.64278764,-0.83388585
2026-05-26 08:40:00,93086094,2,2026-05-26 08:32:00,1.0533629311744854,-8.0,2.03,1.667,0.98067635,0.8505102,1.483871,1.4306569,0.000362002,0.00034095068,-0.54852587,0.5975072,0.64927894,0.3689427,-6.514957,-8.21842,0.76604444,0.7880108,-0.64278764,-0.6156615
2026-05-26 08:40:00,93086094,3,2026-05-26 09:14:00,1.1464872671581716,34.0,2.03,2.25,0.98067635,0.8122744,1.483871,1.7151703,0.000362002,0.00037456254,-0.54852587,0.5537309,0.64927894,0.38356778,-6.514957,-5.594706,0.76604444,0.66262007,-0.64278764,-0.7489557
2026-05-26 13:48:00,93091481,1,2026-05-26 14:07:00,0.3785580468491511,19.0,0.56,0.42,0.4028777,0.42424244,0.77437323,0.7407407,0.0004169545,0.00033267293,0.560753,0.6430142,0.23219308,0.07061807,-1.0076419,-0.6500363,-0.4539905,-0.52621394,-0.8910065,-0.8503522
2026-05-26 13:48:00,93091481,2,2026-05-26 14:02:00,0.8288744521725988,14.0,0.56,0.333,0.4028777,0.3872093,0.77437323,0.56765676,0.0004169545,0.0003493877,0.560753,-0.27146888,0.23219308,-0.057809062,-1.0076419,-1.2340136,-0.4539905,-0.5075384,-0.8910065,-0.8616292
2026-05-26 13:48:00,93091481,3,2026-05-26 12:28:00,0.8525653718003968,-80.0,0.56,0.72,0.4028777,0.47368422,0.77437323,0.90207714,0.0004169545,0.00042002107,0.560753,1.1572571,0.23219308,0.23149118,-1.0076419,-5.730003,-0.4539905,-0.12186934,-0.8910065,-0.99254614
2026-05-26 15:35:00,93095183,1,2026-05-26 15:43:00,0.9089385936074479,8.0,3.81,4.56,0.8581081,0.7728813,1.8309278,2.2912621,0.0006896006,0.00069535064,1.3535633,1.5719792,-0.31966147,-0.23028338,-7.122881,-6.9875193,-0.8064446,-0.82658976,-0.59130967,-0.56280494
2026-05-26 15:35:00,93095183,2,2026-05-26 15:36:00,1.269431665410648,1.0,3.81,2.32,0.8581081,0.7532467,1.8309278,1.2701031,0.0006896006,0.00069059513,1.3535633,1.480818,-0.31966147,-0.27197284,-7.122881,-7.8704224,-0.8064446,-0.809017,-0.59130967,-0.58778524
2026-05-26 15:35:00,93095183,3,2026-05-26 16:38:00,1.369615206577517,63.0,3.81,3.54,0.8581081,0.8309859,1.8309278,1.6290631,0.0006896006,0.0006315067,1.3535633,0.56306595,-0.31966147,0.29373497,-7.122881,-1.157547,-0.8064446,-0.9366722,-0.59130967,-0.3502074
2026-05-27 09:21:00,93121138,1,2026-05-27 09:31:00,0.6858572238717611,10.0,0.89,1.057,0.5048213,0.44599158,0.71959186,0.9512342,0.00057895976,0.00062481826,-1.7734236,-1.0409367,-0.73741573,-0.818055,-6.27448,-7.077972,0.639439,0.605294,-0.7688418,-0.79600203
2026-05-27 09:21:00,93121138,2,2026-05-27 09:33:00,0.7020226654043573,12.0,0.89,0.95,0.5048213,0.42986426,0.71959186,0.8649706,0.00057895976,0.0006566905,-1.7734236,-1.0635093,-0.73741573,-0.90180844,-6.27448,-7.786361,0.639439,0.5983246,-0.7688418,-0.8012538
2026-05-27 09:21:00,93121138,3,2026-05-27 08:46:00,0.9353348460059759,-35.0,0.89,0.9,0.5048213,0.53892213,0.71959186,0.6587771,0.00057895976,0.00056817476,-1.7734236,-2.401605,-0.73741573,-1.2363387,-6.27448,-6.242353,0.639439,0.7489557,-0.7688418,-0.66262007
2026-05-27 14:50:00,93131167,1,2026-05-27 14:21:00,0.5863698920670044,-29.0,2.033,2.0,0.8132,0.7613247,1.0638298,1.0424603,0.00064006,0.00071919506,-1.4782766,-1.141239,-0.045486335,-0.18773432,-18.491377,-14.797389,-0.6755902,-0.5771452,-0.7372773,-0.81664157
2026-05-27 14:50:00,93131167,2,2026-05-27 15:13:00,0.7991329171590006,23.0,2.033,2.767,0.8132,0.74582213,1.0638298,1.2264463,0.00064006,0.00065783795,-1.4782766,-1.5887645,-0.045486335,-0.38696468,-18.491377,-20.181208,-0.6755902,-0.7460574,-0.7372773,-0.6658817
2026-05-27 14:50:00,93131167,3,2026-05-27 15:09:00,0.9453539913897344,19.0,2.033,2.013,0.8132,0.69413793,1.0638298,0.9586777,0.00064006,0.0006819,-1.4782766,-0.40362692,-0.045486335,-0.26418474,-18.491377,-18.719763,-0.6755902,-0.7343225,-0.7372773,-0.67880076
2026-05-28 07:11:00,93169426,1,2026-05-28 08:15:00,0.6654888661692753,64.0,1.52,1.583,0.6666667,0.69429827,0.93061227,1.130672,0.00065699033,0.00056409446,1.1330769,1.3748306,0.4895544,0.31184572,-12.37422,-13.610035,0.9523958,0.8314696,-0.3048643,-0.55557024
2026-05-28 07:11:00,93169426,2,2026-05-28 08:25:00,0.8773898396215442,74.0,1.52,1.613,0.6666667,0.8314433,0.93061227,0.8758465,0.00065699033,0.0005190721,1.1330769,1.2645602,0.4895544,0.37132654,-12.37422,-13.664981,0.9523958,0.8064446,-0.3048643,-0.59130967
2026-05-28 07:11:00,93169426,3,2026-05-28 07:07:00,0.9006493850207363,-4.0,1.52,1.72,0.6666667,0.6692607,0.93061227,0.95539033,0.00065699033,0.0007033265,1.1330769,1.9811277,0.4895544,0.06410681,-12.37422,-12.1504,0.9523958,0.9575714,-0.3048643,-0.28819627
2026-05-28 17:04:00,93184362,1,2026-05-28 16:36:00,0.9279849447867885,-28.0,2.5,2.0,0.70621467,0.591716,1.1766661,1.0974026,0.0007791983,0.00083058525,-2.5130467,-2.1924264,-0.122073635,-0.56663203,5.7683506,5.2279243,-0.9702957,-0.9335804,-0.2419219,-0.35836795
2026-05-28 17:04:00,93184362,2,2026-05-28 17:03:00,1.1444437911301797,-1.0,2.5,1.4,0.70621467,0.62780267,1.1766661,0.76409113,0.0007791983,0.000776422,-2.5130467,-1.6191704,-0.122073635,0.04475269,5.7683506,6.535587,-0.9702957,-0.9692309,-0.2419219,-0.2461533
2026-05-28 17:04:00,93184362,3,2026-05-28 16:35:00,1.168228834876654,-29.0,2.5,1.54,0.70621467,0.5,1.1766661,1.0,0.0007791983,0.0008360531,-2.5130467,-2.6474135,-0.122073635,-0.49904382,5.7683506,4.6445274,-0.9702957,-0.93200785,-0.2419219,-0.36243805
2026-05-28 20:45:00,93199497,1,2026-05-28 20:42:00,0.8924490482486119,-3.0,0.05,0.0,0.08928572,0.0,0.33136094,0.5406838,0.00035840672,0.0004107329,-0.50789726,0.14592701,-0.0631329,-0.06414109,49.413975,43.230698,-0.7518398,-0.76040596,0.6593458,0.64944804
2026-05-28 20:45:00,93199497,2,2026-05-28 21:28:00,1.0527351508419436,43.0,0.05,0.08,0.08928572,0.093023255,0.33136094,0.46361187,0.00035840672,0.00040712944,-0.50789726,-1.3026166,-0.0631329,-0.39660516,49.413975,42.87255,-0.7518398,-0.6156615,0.6593458,0.7880108
2026-05-28 20:45:00,93199497,3,2026-05-28 22:14:00,1.064930618918693,89.0,0.05,0.15,0.08928572,0.21037868,0.33136094,0.63097346,0.00035840672,0.0003070541,-0.50789726,-0.6080549,-0.0631329,-0.46274495,49.413975,49.81243,-0.7518398,-0.4461978,0.6593458,0.89493436
2026-05-29 09:09:00,93210316,1,2026-05-29 09:06:00,0.6184745678847468,-3.0,0.52,0.46,0.3312102,0.22222222,0.71040726,0.89032257,0.0005200908,0.00056357466,-0.43417004,-0.18060826,0.9978783,1.1976947,6.2190676,6.6242695,0.67880076,0.68835455,-0.7343225,-0.7253744
2026-05-29 09:09:00,93210316,2,2026-05-29 09:07:00,0.7562742503161386,-2.0,0.52,0.96,0.3312102,0.50526315,0.71040726,0.8172043,0.0005200908,0.0005534584,-0.43417004,-0.30790907,0.9978783,1.153355,6.2190676,6.3749666,0.67880076,0.685183,-0.7343225,-0.72837096
2026-05-29 09:09:00,93210316,3,2026-05-29 08:59:00,0.8229268820846833,-10.0,0.52,0.22,0.3312102,0.16176471,0.71040726,0.7234042,0.0005200908,0.00045280883,-0.43417004,-0.4796945,0.9978783,0.7102114,6.2190676,4.754218,0.67880076,0.71018535,-0.7343225,-0.7040147
2026-05-29 21:01:00,93235333,1,2026-05-29 21:00:00,0.6954896003358512,-1.0,0.18,0.13,0.118421055,0.11111111,0.9559748,0.7358491,0.00036966908,0.00037239084,0.83780354,-0.047183484,-0.84634703,-0.89460355,16.129642,16.251722,-0.7040147,-0.70710677,0.71018535,0.70710677
2026-05-29 21:01:00,93235333,2,2026-05-29 21:02:00,0.8381540529616418,1.0,0.18,0.33,0.118421055,0.29464287,0.9559748,0.7044025,0.00036966908,0.00036085618,0.83780354,0.3226278,-0.84634703,-0.82576686,16.129642,16.362019,-0.7040147,-0.70090926,0.71018535,0.71325046
2026-05-29 21:01:00,93235333,3,2026-05-29 20:37:00,0.8952817190617545,-24.0,0.18,0.39,0.118421055,0.21428572,0.9559748,0.9430052,0.00036966908,0.0004557875,0.83780354,-0.17803892,-0.84634703,-0.6291025,16.129642,16.570179,-0.7040147,-0.77439266,0.71018535,0.63270533
2026-06-01 11:07:00,93252299,1,2026-06-01 11:09:00,0.41427827330804007,2.0,2.97,3.01,0.7941176,0.73414636,1.4695481,1.611002,0.00056239427,0.0005755082,-1.3164215,-1.0012627,-0.21111299,-0.29686776,-9.921316,-10.901949,0.2292004,0.22069743,-0.97337925,-0.97534233
2026-06-01 11:07:00,93252299,2,2026-06-01 11:04:00,0.5589390104024166,-3.0,2.97,3.14,0.7941176,0.8746518,1.4695481,1.4282873,0.00056239427,0.0005272995,-1.3164215,-1.3114527,-0.21111299,0.0678674,-9.921316,-10.898614,0.2292004,0.2419219,-0.97337925,-0.9702957
2026-06-01 11:07:00,93252299,3,2026-06-01 11:16:00,0.7263016505827705,9.0,2.97,2.71,0.7941176,0.7265416,1.4695481,1.7031964,0.00056239427,0.0005479388,-1.3164215,-0.6783174,-0.21111299,-0.39167234,-9.921316,-11.983691,0.2292004,0.190809,-0.97337925,-0.98162717
2026-06-01 16:40:00,93277546,1,2026-06-01 16:19:00,1.1367856216708367,-21.0,0.58,0.36,0.09747899,0.11214953,1.1001202,0.69330454,0.0013014491,0.0012405069,1.2076427,1.5968949,-0.27067685,-0.813334,-6.762164,-4.9629183,-0.9396926,-0.9044551,-0.34202015,-0.42656875
2026-06-01 16:40:00,93277546,2,2026-06-01 16:46:00,1.2133852994303669,6.0,0.58,0.77,0.09747899,0.25353968,1.1001202,0.6910125,0.0013014491,0.0011146397,1.2076427,0.20482141,-0.27067685,-0.3124311,-6.762164,-8.7933,-0.9396926,-0.94832367,-0.34202015,-0.31730467
2026-06-01 16:40:00,93277546,3,2026-06-01 16:49:00,1.2248909639747094,9.0,0.58,0.31,0.09747899,0.06275304,1.1001202,1.1569086,0.0013014491,0.0010456808,1.2076427,-0.23549777,-0.27067685,-0.31441697,-6.762164,-9.481761,-0.9396926,-0.9523958,-0.34202015,-0.3048643
2026-06-02 16:27:00,93309253,1,2026-06-02 16:42:00,0.7022835058647116,15.0,0.94,1.38,0.6184211,0.66346157,0.7360775,0.9162996,0.000523315,0.0006381134,1.5619235,1.3336523,-0.42874622,-0.14855428,2.5261786,1.2876371,-0.91879123,-0.9426415,-0.39474386,-0.33380687
2026-06-02 16:27:00,93309253,2,2026-06-02 16:18:00,0.8599242746137398,-9.0,0.94,0.7,0.6184211,0.45454547,0.7360775,0.58003765,0.000523315,0.0005949214,1.5619235,0.81154156,-0.42874622,-0.4764388,2.5261786,2.568405,-0.91879123,-0.90258527,-0.39474386,-0.4305111
2026-06-02 16:27:00,93309253,3,2026-06-02 17:33:00,0.9425817703873589,66.0,0.94,1.42,0.6184211,0.5338346,0.7360775,0.9204152,0.000523315,0.00065481,1.5619235,1.5852426,-0.42874622,-0.2766989,2.5261786,-3.0410542,-0.91879123,-0.99306846,-0.39474386,-0.117537394
2026-06-03 07:31:00,93345132,1,2026-06-03 07:33:00,0.701412865256182,2.0,0.63,0.67,0.5625,0.50757575,0.9294606,1.0954357,0.0002916837,0.00029924107,-3.094146,-3.503043,-1.4098423,-1.7449938,-1.3538136,-3.0216563,0.922201,0.91879123,-0.38671097,-0.39474386
2026-06-03 07:31:00,93345132,2,2026-06-03 07:22:00,1.2761871966912803,-9.0,0.63,0.59,0.5625,0.6884481,0.9294606,0.63955224,0.0002916837,0.00032644416,-3.094146,-2.8301737,-1.4098423,-0.75745595,-1.3538136,1.9711565,0.922201,0.9366722,-0.38671097,-0.3502074
2026-06-03 07:31:00,93345132,3,2026-06-03 07:41:00,1.2821689878752238,10.0,0.63,0.96,0.5625,0.6442953,0.9294606,1.159533,0.0002916837,0.00034278462,-3.094146,-1.4545895,-1.4098423,-1.5935764,-1.3538136,-3.691566,0.922201,0.9044551,-0.38671097,-0.42656875
2026-06-03 18:19:00,93360769,1,2026-06-03 18:11:00,0.5948675717599069,-8.0,2.86,2.33,0.7606383,0.73968256,1.46875,1.5594059,0.00061128056,0.0005888802,1.1763834,0.48448423,-0.4977205,-0.42139408,-4.7777267,-4.504574,-0.9965655,-0.9988484,0.082808204,0.04797813
2026-06-03 18:19:00,93360769,2,2026-06-03 18:30:00,0.7385579772937861,11.0,2.86,2.73,0.7606383,0.8173653,1.46875,1.1202415,0.00061128056,0.0006611054,1.1763834,0.65000516,-0.4977205,-0.6255104,-4.7777267,-6.084955,-0.9965655,-0.9914449,0.082808204,0.13052619
2026-06-03 18:19:00,93360769,3,2026-06-03 18:28:00,0.8188635990482812,9.0,2.86,3.31,0.7606383,0.88573724,1.46875,1.3483673,0.00061128056,0.00063155394,1.1763834,0.93707985,-0.4977205,-0.841238,-4.7777267,-6.673714,-0.9965655,-0.99254614,0.082808204,0.12186934
2026-06-04 09:02:00,93376580,1,2026-06-04 10:19:00,0.9214325109478788,77.0,2.94,2.93,0.8305085,0.8798799,1.9344262,1.4866072,0.00045168388,0.00050589594,2.262214,2.3933752,-0.18622883,-0.20385551,5.568445,2.5796251,0.70090926,0.42656875,-0.71325046,-0.9044551
2026-06-04 09:02:00,93376580,2,2026-06-04 10:39:00,1.2812348802546343,97.0,2.94,1.93,0.8305085,0.63278687,1.9344262,1.6991644,0.00045168388,0.0004462894,2.262214,1.6503369,-0.18622883,-0.06036214,5.568445,2.2810032,0.70090926,0.34611705,-0.71325046,-0.93819135
2026-06-04 09:02:00,93376580,3,2026-06-04 08:32:00,1.340446854310764,-30.0,2.94,1.97,0.8305085,0.6024465,1.9344262,2.2867134,0.00045168388,0.0003974281,2.262214,1.6477827,-0.18622883,-0.49312752,5.568445,7.658268,0.70090926,0.7880108,-0.71325046,-0.6156615
2026-06-04 10:05:00,93377409,1,2026-06-04 11:30:00,0.8604542507774009,85.0,3.04,3.07,0.8042328,0.82972974,2.2170088,1.9386953,0.0004736425,0.00048424085,1.1477585,1.6702871,-0.12693729,-0.27566576,3.6571794,0.42876545,0.48098877,0.13052619,-0.87672675,-0.9914449
2026-06-04 10:05:00,93377409,2,2026-06-04 09:37:00,1.0028374911261773,-28.0,3.04,3.08,0.8042328,0.8484849,2.2170088,2.022284,0.0004736425,0.0004983997,1.1477585,0.8611704,-0.12693729,0.4377163,3.6571794,5.1211457,0.48098877,0.5842497,-0.87672675,-0.811574
2026-06-04 10:05:00,93377409,3,2026-06-04 10:40:00,1.023089446089328,35.0,3.04,3.45,0.8042328,0.7752809,2.2170088,2.4791086,0.0004736425,0.00048594843,1.1477585,-0.06454604,-0.12693729,-0.12661825,3.6571794,0.49090123,0.48098877,0.34202015,-0.87672675,-0.9396926
2026-06-05 07:16:00,93404708,1,2026-06-05 07:36:00,0.6895145944725432,20.0,0.4,0.23,0.27027026,0.21100917,1.0571429,0.71009773,0.0003319006,0.00033099466,0.9158697,1.293019,-0.2210496,-0.3507471,-9.097428,-9.9372835,0.94551855,0.9135454,-0.32556817,-0.40673664
2026-06-05 07:16:00,93404708,2,2026-06-05 06:38:00,0.804641592280479,-38.0,0.4,0.35,0.27027026,0.2536232,1.0571429,0.9616725,0.0003319006,0.00041266714,0.9158697,0.09825036,-0.2210496,0.07135806,-9.097428,-8.687908,0.94551855,0.9862856,-0.32556817,-0.1650476
2026-06-05 07:16:00,93404708,3,2026-06-05 07:17:00,0.8049940566741046,1.0,0.4,0.77,0.27027026,0.3948718,1.0571429,1.3879004,0.0003319006,0.00033949505,0.9158697,1.3726716,-0.2210496,-0.10882005,-9.097428,-8.346864,0.94551855,0.944089,-0.32556817,-0.32969064
2026-06-05 14:55:00,93411173,1,2026-06-05 13:25:00,1.1141681667766645,-90.0,1.0,0.56,0.5813953,0.54901963,1.2600733,1.1657143,0.00044953878,0.00023595293,2.522086,1.736207,0.9680223,0.7522079,8.415058,12.417316,-0.69151306,-0.36243805,-0.72236395,-0.93200785
2026-06-05 14:55:00,93411173,2,2026-06-05 14:51:00,1.306455760681328,-4.0,1.0,1.13,0.5813953,0.8432836,1.2600733,1.0677291,0.00044953878,0.0003192878,2.522086,2.334375,0.9680223,0.4959549,8.415058,9.114744,-0.69151306,-0.67880076,-0.72236395,-0.7343225
2026-06-05 14:55:00,93411173,3,2026-06-05 14:30:00,1.3431876026662983,-25.0,1.0,0.85,0.5813953,0.5629139,1.2600733,1.1570882,0.00044953878,0.00034857154,2.522086,2.9934757,0.9680223,0.17632887,8.415058,7.330076,-0.69151306,-0.6087614,-0.72236395,-0.7933533
2026-06-08 08:38:00,93443489,1,2026-06-08 08:36:00,3.999979629927162,-2.0,6.06,4.06,0.4704969,0.669967,4.495637,2.1759427,0.0010856244,0.0009527298,-6.122935,-4.9210935,-1.8044243,-1.3464198,-10.262641,-9.595316,0.77162457,0.777146,-0.63607824,-0.6293204
2026-06-08 08:38:00,93443489,2,2026-06-08 08:31:00,4.180486124188027,-7.0,6.06,8.493,0.4704969,0.7355157,4.495637,4.475581,0.0010856244,0.00069293426,-6.122935,-2.320867,-1.8044243,-0.13863415,-10.262641,-6.5566573,0.77162457,0.7906896,-0.63607824,-0.6122173
2026-06-08 08:38:00,93443489,3,2026-06-08 08:14:00,5.238985170516843,-24.0,6.06,3.59,0.4704969,0.87560976,4.495637,2.4332345,0.0010856244,0.00048597425,-6.122935,-2.389591,-1.8044243,-0.48183534,-10.262641,-8.29491,0.77162457,0.83388585,-0.63607824,-0.551937
2026-06-08 18:18:00,93461391,1,2026-06-08 17:52:00,0.8022218165061845,-26.0,3.13,3.32,0.93154764,0.87830687,1.1914893,1.0403192,0.0006604177,0.0008474456,-1.7653838,-1.3402318,-0.2093078,0.076853216,2.4744081,2.0751884,-0.9969173,-0.99939084,0.0784591,-0.034899496
2026-06-08 18:18:00,93461391,2,2026-06-08 16:51:00,0.9568631962328036,-87.0,3.13,3.7,0.93154764,0.7962126,1.1914893,1.2837017,0.0006604177,0.00084603444,-1.7653838,-1.9196113,-0.2093078,-0.22216934,2.4744081,3.8274338,-0.9969173,-0.95501995,0.0784591,-0.29654157
2026-06-08 18:18:00,93461391,3,2026-06-08 18:15:00,1.0025141567752152,-3.0,3.13,2.03,0.93154764,0.84583336,1.1914893,0.89385474,0.0006604177,0.00065968704,-1.7653838,-1.0899705,-0.2093078,-0.008424438,2.4744081,3.307016,-0.9969173,-0.99785894,0.0784591,0.065403126
2026-06-09 10:32:00,93474519,1,2026-06-09 11:01:00,0.6923456763611288,29.0,2.45,1.65,0.87188613,0.76036865,1.4484537,1.3647798,0.00048203644,0.00042730052,-1.3280196,-1.4718581,-0.12709989,-0.21246223,-2.0401206,-3.4052806,0.37460658,0.25460196,-0.92718387,-0.96704596
2026-06-09 10:32:00,93474519,2,2026-06-09 11:05:00,0.824184117013752,33.0,2.45,1.89,0.87188613,0.7777778,1.4484537,1.2689295,0.00048203644,0.00048330377,-1.3280196,-1.6464765,-0.12709989,-0.45339787,-2.0401206,-3.8721156,0.37460658,0.23768589,-0.92718387,-0.9713421
2026-06-09 10:32:00,93474519,3,2026-06-09 09:54:00,0.8858386579620876,-38.0,2.45,1.72,0.87188613,0.8113208,1.4484537,1.0707071,0.00048203644,0.00046492062,-1.3280196,-1.2253847,-0.12709989,-0.1767422,-2.0401206,2.0421152,0.37460658,0.52249855,-0.92718387,-0.85264015
2026-06-10 08:02:00,93510992,1,2026-06-10 07:59:00,0.6230238764357423,-3.0,0.85,0.57,0.7657658,0.61290324,0.8161765,0.6863469,0.0003509636,0.00035794068,0.054611266,0.006692512,-0.0517339,-0.0821356,-19.07266,-18.45844,0.8616292,0.8681988,-0.5075384,-0.4962165
2026-06-10 08:02:00,93510992,2,2026-06-10 07:54:00,0.6980267467262715,-8.0,0.85,0.69,0.7657658,0.6448598,0.8161765,0.8014981,0.0003509636,0.00036320227,0.054611266,0.6397708,-0.0517339,-0.26696628,-19.07266,-18.364626,0.8616292,0.87881714,-0.5075384,-0.47715876
2026-06-10 08:02:00,93510992,3,2026-06-10 07:58:00,0.885084198545667,-4.0,0.85,1.17,0.7657658,0.6964286,0.8161765,1.2173913,0.0003509636,0.0003681011,0.054611266,0.81986487,-0.0517339,-0.10536058,-19.07266,-17.579367,0.8616292,0.8703557,-0.5075384,-0.49242356
2026-06-11 09:36:00,93557927,1,2026-06-11 08:25:00,0.6105007754013415,-71.0,0.24,0.373,0.12834224,0.1587234,0.8201754,0.9791667,0.0006393445,0.000639052,-0.5706144,-0.8839814,-0.22133286,-0.12532642,3.7476075,1.8476809,0.58778524,0.8064446,-0.809017,-0.59130967
2026-06-11 09:36:00,93557927,2,2026-06-11 09:33:00,0.6332380244579232,-3.0,0.24,0.25,0.12834224,0.12886597,0.8201754,0.7854251,0.0006393445,0.0006616585,-0.5706144,-1.2018217,-0.22133286,0.06388989,3.7476075,4.6790643,0.58778524,0.5983246,-0.809017,-0.8012538
2026-06-11 09:36:00,93557927,3,2026-06-11 08:15:00,0.7471240689905978,-81.0,0.24,0.58,0.12834224,0.24680851,0.8201754,0.9306931,0.0006393445,0.00065166695,-0.5706144,-0.74147063,-0.22133286,-0.2838991,3.7476075,1.9667923,0.58778524,0.8314696,-0.809017,-0.55557024
2026-06-12 08:17:00,93598278,1,2026-06-12 08:45:00,0.8879844610418676,28.0,1.07,0.84,0.540404,0.37168142,1.0050762,0.87766993,0.00050396123,0.000664544,2.1752748,1.9906573,-0.42914465,-0.66417205,-7.0735855,-7.1888433,0.82658976,0.7518398,-0.56280494,-0.6593458
2026-06-12 08:17:00,93598278,2,2026-06-12 08:16:00,0.8913010718556227,-1.0,1.07,0.56,0.540404,0.4028777,1.0050762,0.6967419,0.00050396123,0.00050623016,2.1752748,1.4810733,-0.42914465,-0.4784907,-7.0735855,-6.57955,0.82658976,0.82903755,-0.56280494,-0.5591929
2026-06-12 08:17:00,93598278,3,2026-06-12 07:57:00,0.9883778124866818,-20.0,1.07,1.1,0.540404,0.5116279,1.0050762,1.1227154,0.00050396123,0.0004351101,2.1752748,0.8059167,-0.42914465,-0.37435386,-7.0735855,-5.7338076,0.82658976,0.872496,-0.56280494,-0.48862123
2026-06-12 17:23:00,93609754,1,2026-06-12 17:34:00,1.0995960729383372,11.0,1.47,0.77,0.3878628,0.44508672,0.97680414,0.4458763,0.001041876,0.00093401497,-2.7091713,-2.1119337,-0.34847817,-0.5353599,-3.5595076,-4.346503,-0.98699635,-0.9935719,-0.16074257,-0.11320321
2026-06-12 17:23:00,93609754,2,2026-06-12 17:46:00,1.104282284154233,23.0,1.47,1.11,0.3878628,0.578125,0.97680414,0.55331415,0.001041876,0.0009340074,-2.7091713,-2.11661,-0.34847817,-0.3310886,-3.5595076,-4.0431843,-0.98699635,-0.9981348,-0.16074257,-0.06104854
2026-06-12 17:23:00,93609754,3,2026-06-12 17:44:00,1.1469913542088404,21.0,1.47,2.49,0.3878628,0.52310926,0.97680414,1.2727273,0.001041876,0.0010013419,-2.7091713,-1.7046604,-0.34847817,-0.21785519,-3.5595076,-3.8693616,-0.98699635,-0.9975641,-0.16074257,-0.06975647
2026-06-15 08:44:00,93631282,1,2026-06-15 08:56:00,0.6454876118743759,12.0,2.187,2.07,0.88794154,0.92825115,0.97874033,0.84150946,0.0005418794,0.0005914762,-2.5604005,-1.8562806,-1.3686012,-1.3600732,3.5657394,0.40934145,0.7547096,0.7193398,-0.656059,-0.6946584
2026-06-15 08:44:00,93631282,2,2026-06-15 08:47:00,0.7239615569050102,3.0,2.187,2.01,0.88794154,0.7613636,0.97874033,1.0057143,0.0005418794,0.00058781134,-2.5604005,-1.8927597,-1.3686012,-1.5400417,3.5657394,2.906919,0.7547096,0.7460574,-0.656059,-0.6658817
2026-06-15 08:44:00,93631282,3,2026-06-15 08:52:00,0.9581491342803551,8.0,2.187,2.7,0.88794154,0.7826087,0.97874033,1.3092979,0.0005418794,0.00057602127,-2.5604005,-1.6836464,-1.3686012,-1.4311374,3.5657394,1.2588164,0.7547096,0.7313537,-0.656059,-0.6819984
2026-06-15 16:30:00,93650934,1,2026-06-15 16:21:00,0.7546904756953744,-9.0,0.85,0.42,0.2631579,0.17819262,1.3410836,1.0122397,0.0005590859,0.0005448837,-0.17668177,0.18848483,0.649918,0.8382645,14.1630745,14.43989,-0.9238795,-0.90814316,-0.38268343,-0.41865975
2026-06-15 16:30:00,93650934,2,2026-06-15 14:43:00,0.8114053329627705,-107.0,0.85,0.81,0.2631579,0.29241878,1.3410836,1.5178082,0.0005590859,0.0004478079,-0.17668177,-0.2621387,0.649918,0.7798099,14.1630745,15.242106,-0.9238795,-0.65275973,-0.38268343,-0.75756496
2026-06-15 16:30:00,93650934,3,2026-06-15 16:25:00,0.8532187467284872,-5.0,0.85,1.03,0.2631579,0.41869918,1.3410836,1.0474771,0.0005590859,0.0005702309,-0.17668177,0.27391586,0.649918,0.8388146,14.1630745,14.169038,-0.9238795,-0.91531146,-0.38268343,-0.40274668
2026-06-16 13:18:00,93681010,1,2026-06-16 13:19:00,0.4096893697875624,1.0,0.19,0.13,0.30645162,0.22807017,0.7209302,0.6627907,0.0002478699,0.00023954366,-0.84485537,-0.45153862,0.20064439,0.17570204,19.713215,20.222424,-0.33380687,-0.33791673,-0.9426415,-0.941176
2026-06-16 13:18:00,93681010,2,2026-06-16 14:04:00,0.4742608519003513,46.0,0.19,0.28,0.30645162,0.3043478,0.7209302,0.94358975,0.0002478699,0.00024106343,-0.84485537,-0.90660083,0.20064439,0.28580776,19.713215,20.41832,-0.33380687,-0.5150381,-0.9426415,-0.8571673
2026-06-16 13:18:00,93681010,3,2026-06-16 13:21:00,0.6061219319337046,3.0,0.19,0.16,0.30645162,0.21333334,0.7209302,0.89285713,0.0002478699,0.00023633474,-0.84485537,-1.0324522,0.20064439,-0.05298124,19.713215,19.382496,-0.33380687,-0.34611705,-0.9426415,-0.93819135
2026-06-16 15:06:00,93682742,1,2026-06-16 14:56:00,0.5395429911062679,-10.0,0.51,0.66,0.39534885,0.5,0.69541776,0.8627451,0.00044791048,0.00038943862,-0.46319005,-0.6391026,-0.019293116,-0.033731107,5.767597,7.4891844,-0.7253744,-0.6946584,-0.68835455,-0.7193398
2026-06-16 15:06:00,93682742,2,2026-06-16 16:43:00,0.777325340373995,97.0,0.51,0.7,0.39534885,0.42424244,0.69541776,0.6666667,0.00044791048,0.0005719703,-0.46319005,-0.427204,-0.019293116,-0.18024233,5.767597,3.381599,-0.7253744,-0.944089,-0.68835455,-0.32969064
2026-06-16 15:06:00,93682742,3,2026-06-16 14:54:00,0.8251846682420824,-12.0,0.51,0.41,0.39534885,0.25308642,0.69541776,0.972973,0.00044791048,0.0004043254,-0.46319005,0.15960366,-0.019293116,-0.074158795,5.767597,7.0611124,-0.7253744,-0.68835455,-0.68835455,-0.7253744
2026-06-17 08:49:00,93700747,1,2026-06-17 08:48:00,0.46052687435965173,-1.0,0.99,1.25,0.70714283,0.79113925,0.8974359,1.0128205,0.0003725426,0.00037642912,2.1559076,2.2690423,0.77399987,0.62630016,-1.2360173,-1.824206,0.7402181,0.7431448,-0.6723668,-0.6691306
2026-06-17 08:49:00,93700747,2,2026-06-17 10:00:00,0.752500897624966,71.0,0.99,0.75,0.70714283,0.5952381,0.8974359,0.99604744,0.0003725426,0.0003280275,2.1559076,1.5905684,0.77399987,0.82662785,-1.2360173,-1.2680742,0.7402181,0.5,-0.6723668,-0.8660254
2026-06-17 08:49:00,93700747,3,2026-06-17 09:57:00,0.9798223058633848,68.0,0.99,1.0,0.70714283,0.7407407,0.8974359,1.042471,0.0003725426,0.00034033222,2.1559076,0.9364868,0.77399987,0.6901903,-1.2360173,-2.393941,0.7402181,0.5112931,-0.6723668,-0.8594064
2026-06-18 18:09:00,93757800,1,2026-06-18 18:03:00,0.37175497130056967,-6.0,0.45,0.28,0.18442623,0.109375,0.94941634,0.9606004,0.00071138114,0.0007619569,1.1898103,1.0586604,0.5165819,0.6202126,-9.205326,-9.014152,-0.999229,-0.99991435,0.039259817,0.013089595
2026-06-18 18:09:00,93757800,2,2026-06-18 18:10:00,0.6826910352741963,1.0,0.45,0.07,0.18442623,0.034653466,0.94941634,0.808,0.00071138114,0.00069450476,1.1898103,0.80911154,0.5165819,0.5380568,-9.205326,-9.4470415,-0.999229,-0.99904823,0.039259817,0.043619387
2026-06-18 18:09:00,93757800,3,2026-06-18 17:40:00,0.8506548992680038,-29.0,0.45,0.51,0.18442623,0.14447592,0.94941634,1.0861539,0.00071138114,0.0008494474,1.1898103,0.42924234,0.5165819,0.21118148,-9.205326,-8.721882,-0.999229,-0.9961947,0.039259817,-0.087155744
2026-06-19 08:32:00,93776205,1,2026-06-19 09:54:00,0.7821137204426303,82.0,0.54,0.52,0.28125,0.32298136,0.85144126,0.7235955,0.00064015645,0.00060162786,1.9701197,1.5676017,0.93226254,0.8201272,-11.854291,-7.528091,0.7880108,0.52249855,-0.6156615,-0.85264015
2026-06-19 08:32:00,93776205,2,2026-06-19 08:50:00,0.8660933304267815,18.0,0.54,0.37,0.28125,0.25874126,0.85144126,0.62995595,0.00064015645,0.00055275817,1.9701197,1.1237532,0.93226254,0.65292645,-11.854291,-13.658655,0.7880108,0.7372773,-0.6156615,-0.6755902
2026-06-19 08:32:00,93776205,3,2026-06-19 08:58:00,0.9542832405943755,26.0,0.54,0.31,0.28125,0.30392158,0.85144126,0.45842695,0.00064015645,0.0005736859,1.9701197,1.4912616,0.93226254,0.5573931,-11.854291,-12.654522,0.7880108,0.71325046,-0.6156615,-0.70090926
2026-06-22 08:28:00,93798546,1,2026-06-22 08:27:00,0.25869470104586506,-1.0,0.077,0.09,0.077,0.1125,0.61349696,0.4733728,0.00036934446,0.00037937792,0.6743054,0.654567,0.9393522,0.96613526,5.877669,5.795518,0.7986355,0.8012538,-0.60181504,-0.5983246
2026-06-22 08:28:00,93798546,2,2026-06-22 08:19:00,0.6482935861631889,-9.0,0.077,0.1,0.077,0.0591716,0.61349696,0.9768786,0.00036934446,0.00043419603,0.6743054,0.98456883,0.9393522,1.0046307,5.877669,4.6709957,0.7986355,0.8216469,-0.60181504,-0.5699968
2026-06-22 08:28:00,93798546,3,2026-06-22 08:24:00,0.6566153168020936,-4.0,0.077,0.19,0.077,0.13380282,0.61349696,0.8279883,0.00036934446,0.00039655314,0.6743054,-0.07829505,0.9393522,0.9338277,5.877669,4.9961433,0.7986355,0.809017,-0.60181504,-0.58778524
2026-06-23 06:39:00,93832434,1,2026-06-23 06:40:00,0.9498389701552707,1.0,2.58,2.17,0.8113208,0.89669424,1.2254335,0.95841587,0.00065289123,0.0006499294,-2.167519,-1.05271,-0.2582292,-0.28041708,-12.140932,-11.22817,0.98555607,0.9848077,-0.1693495,-0.17364818
2026-06-23 06:39:00,93832434,2,2026-06-23 08:26:00,0.9649287764854919,107.0,2.58,2.04,0.8113208,0.7208481,1.2254335,1.2042553,0.00065289123,0.0006082641,-2.167519,-1.4744473,-0.2582292,-0.38626987,-12.140932,-13.250288,0.98555607,0.80385685,-0.1693495,-0.59482276
2026-06-23 06:39:00,93832434,3,2026-06-23 05:35:00,1.0749220663333006,-64.0,2.58,2.1,0.8113208,0.7894737,1.2254335,1.5070821,0.00065289123,0.0005728247,-2.167519,-2.3101983,-0.2582292,0.1878818,-12.140932,-7.8485026,0.98555607,0.99405634,-0.1693495,0.10886688
2026-06-23 21:06:00,93873774,1,2026-06-23 20:52:00,0.9116763628238603,-14.0,0.63,0.71,0.8076923,0.7473684,0.5631769,0.7509881,0.00036954807,0.00036103837,-1.6325285,-1.4531255,-0.532953,-0.029316498,-3.6376836,-1.6183861,-0.68835455,-0.7313537,0.7253744,0.6819984
2026-06-23 21:06:00,93873774,2,2026-06-23 21:10:00,0.9217091779792195,4.0,0.63,0.737,0.8076923,0.69072163,0.5631769,0.7703971,0.00036954807,0.00037028582,-1.6325285,-1.2459494,-0.532953,-0.9635292,-3.6376836,-5.277449,-0.68835455,-0.6755902,0.7253744,0.7372773
2026-06-23 21:06:00,93873774,3,2026-06-23 21:56:00,1.0582282988149612,50.0,0.63,0.81,0.8076923,0.78640777,0.5631769,0.699966,0.00036954807,0.0003874667,-1.6325285,-1.0098209,-0.532953,-0.85211736,-3.6376836,-11.053172,-0.68835455,-0.5150381,0.7253744,0.8571673
2026-06-24 10:08:00,93909211,1,2026-06-24 10:48:00,0.5864929977436314,40.0,1.0,0.75,0.46794572,0.38265306,0.8331384,0.97029704,0.00063835795,0.0005217234,0.99627095,0.93885857,-0.089408085,-0.064874984,2.6771152,0.85191303,0.46947157,0.309017,-0.88294756,-0.95105654
2026-06-24 10:08:00,93909211,2,2026-06-24 09:54:00,0.5926786888528439,-14.0,1.0,1.01,0.46794572,0.510101,0.8331384,0.7983871,0.00063835795,0.0006972181,0.99627095,0.26295578,-0.089408085,0.04134777,2.6771152,3.4062443,0.46947157,0.52249855,-0.88294756,-0.85264015
2026-06-24 10:08:00,93909211,3,2026-06-24 10:04:00,0.6127937048697845,-4.0,1.0,1.28,0.46794572,0.6037736,0.8331384,0.8265107,0.00063835795,0.00066372607,0.99627095,0.932701,-0.089408085,-0.28133303,2.6771152,2.0934598,0.46947157,0.4848096,-0.88294756,-0.8746197
2026-06-24 16:41:00,93935706,1,2026-06-24 16:49:00,0.6493558228404176,8.0,1.437,1.27,0.299375,0.3175,0.8525755,0.6962576,0.0015640982,0.0015369772,1.6368805,1.2196279,1.1375918,1.4316276,-9.306037,-7.1018205,-0.941176,-0.9523958,-0.33791673,-0.3048643
2026-06-24 16:41:00,93935706,2,2026-06-24 16:46:00,0.7609930924389261,5.0,1.437,1.21,0.299375,0.19267516,0.8525755,1.0931245,0.0015640982,0.0015817665,1.6368805,1.6485534,1.1375918,1.4434949,-9.306037,-7.4353886,-0.941176,-0.94832367,-0.33791673,-0.31730467
2026-06-24 16:41:00,93935706,3,2026-06-24 16:53:00,0.8916624768734144,12.0,1.437,1.82,0.299375,0.35,0.8525755,0.9051349,0.0015640982,0.0016404355,1.6368805,2.0032358,1.1375918,1.5401115,-9.306037,-4.7605734,-0.941176,-0.9575714,-0.33791673,-0.28819627
2026-06-25 07:19:00,93990129,1,2026-06-25 07:17:00,0.6138185853625492,-2.0,0.91,1.25,0.37916666,0.5186722,1.0480349,1.0455531,0.0006322042,0.0006474024,-0.9358011,-1.1773143,-0.30875897,-0.16873828,0.44664848,0.20899788,0.941176,0.944089,-0.33791673,-0.32969064
2026-06-25 07:19:00,93990129,2,2026-06-25 08:22:00,0.7246768107668141,63.0,0.91,1.17,0.37916666,0.48547718,1.0480349,1.1756097,0.0006322042,0.0005717443,-0.9358011,-1.349744,-0.30875897,-0.45200625,0.44664848,1.1387956,0.941176,0.8141155,-0.33791673,-0.58070296
2026-06-25 07:19:00,93990129,3,2026-06-25 07:44:00,0.7954353921408026,25.0,0.91,1.13,0.37916666,0.43129772,1.0480349,1.235849,0.0006322042,0.0005896197,-0.9358011,-0.37844,-0.30875897,-0.66502666,0.44664848,0.21702227,0.941176,0.89879405,-0.33791673,-0.43837115
2026-06-25 19:46:00,94051620,1,2026-06-25 21:03:00,2.2273665440399406,77.0,7.223,4.9,0.9438129,0.8249158,3.5512762,3.7358491,0.00065135764,0.0005012611,-2.8283086,-3.1787786,-1.0014566,-0.019074047,9.152925,13.418943,-0.89493436,-0.69779044,0.4461978,0.7163019
2026-06-25 19:46:00,94051620,2,2026-06-25 18:12:00,2.317618929255698,-94.0,7.223,7.8,0.9438129,0.9936306,3.5512762,2.5433338,0.00065135764,0.00092958205,-2.8283086,-2.7390826,-1.0014566,-0.20102742,9.152925,3.101458,-0.89493436,-0.9986295,0.4461978,0.052335955
2026-06-25 19:46:00,94051620,3,2026-06-25 17:54:00,3.1596166822029517,-112.0,7.223,4.98,0.9438129,0.7929936,3.5512762,2.248076,0.00065135764,0.0009104913,-2.8283086,-0.963163,-1.0014566,-0.26083657,9.152925,5.179252,-0.89493436,-0.99965733,0.4461978,-0.026176948
2026-06-26 14:36:00,94074059,1,2026-06-26 14:11:00,0.3642086296961256,-25.0,0.7,0.71,0.530303,0.5966387,0.81733745,0.7906977,0.00044156495,0.00042762855,-0.4805618,-0.17890693,0.3068784,0.276142,17.92015,18.430223,-0.6293204,-0.5409745,-0.777146,-0.841039
2026-06-26 14:36:00,94074059,2,2026-06-26 14:26:00,0.5293275629318305,-10.0,0.7,0.59,0.530303,0.4796748,0.81733745,0.76875,0.00044156495,0.00046602954,-0.4805618,0.14296332,0.3068784,0.17785928,17.92015,16.990137,-0.6293204,-0.59482276,-0.777146,-0.80385685
2026-06-26 14:36:00,94074059,3,2026-06-26 14:07:00,0.5532957733022801,-29.0,0.7,0.43,0.530303,0.44791666,0.81733745,0.7356322,0.00044156495,0.0004216497,-0.4805618,-0.9538736,0.3068784,0.40411758,17.92015,19.169708,-0.6293204,-0.52621394,-0.777146,-0.8503522
2026-06-29 14:55:00,94116926,1,2026-06-29 14:46:00,0.6108114775089759,-9.0,0.65,1.22,0.69148934,0.73939395,0.58566976,0.8208955,0.00044196323,0.00047142652,1.4794137,1.0983609,0.5771779,0.4622147,-11.118745,-11.189049,-0.69151306,-0.66262007,-0.72236395,-0.7489557
2026-06-29 14:55:00,94116926,2,2026-06-29 14:44:00,0.7526226630281909,-11.0,0.65,1.18,0.69148934,0.8137931,0.58566976,0.72139305,0.00044196323,0.0005014454,1.4794137,0.99829006,0.5771779,0.37770113,-11.118745,-11.076609,-0.69151306,-0.656059,-0.72236395,-0.7547096
2026-06-29 14:55:00,94116926,3,2026-06-29 14:59:00,0.9156438349997231,4.0,0.65,0.67,0.69148934,0.5114504,0.58566976,0.8111455,0.00044196323,0.00046724192,1.4794137,1.7957145,0.5771779,0.85003453,-11.118745,-9.0366125,-0.69151306,-0.7040147,-0.72236395,-0.71018535
2026-06-30 07:15:00,94147775,1,2026-06-30 06:59:00,0.5805840730223772,-16.0,0.57,0.72,0.30927834,0.41618496,1.023889,1.0984128,0.00046873593,0.00048640196,1.788463,1.4395933,0.42143187,0.6045888,-4.767897,-5.8138175,0.9469301,0.96704596,-0.32143947,-0.25460196
2026-06-30 07:15:00,94147775,2,2026-06-30 07:19:00,0.716046384428054,4.0,0.57,0.87,0.30927834,0.4507772,1.023889,1.0654154,0.00046873593,0.0004548079,1.788463,1.5987691,0.42143187,0.68943876,-4.767897,-3.6338522,0.9469301,0.941176,-0.32143947,-0.33791673
2026-06-30 07:15:00,94147775,3,2026-06-30 06:49:00,0.7689259000302013,-26.0,0.57,0.7,0.30927834,0.46357617,1.023889,0.89085543,0.00046873593,0.0004973675,1.788463,1.4242738,0.42143187,0.2730312,-4.767897,-7.537348,0.9469301,0.9772311,-0.32143947,-0.21217768
2026-07-01 17:01:00,94199359,1,2026-07-01 17:35:00,1.586147777967203,34.0,9.89,9.39,0.80734694,0.8759328,2.3355577,2.6934674,0.0016168716,0.0011603321,1.8453188,2.2264297,0.8533448,0.5994784,15.282691,22.216759,-0.96704596,-0.99405634,-0.25460196,-0.10886688
2026-07-01 17:01:00,94199359,2,2026-07-01 16:23:00,1.6432545569039612,-38.0,9.89,10.04,0.80734694,0.94095594,2.3355577,2.7219388,0.0016168716,0.0010891408,1.8453188,1.9711702,0.8533448,0.6868187,15.282691,10.925654,-0.96704596,-0.91176206,-0.25460196,-0.41071886
2026-07-01 17:01:00,94199359,3,2026-07-01 16:39:00,1.6892591797736796,-22.0,9.89,9.13,0.80734694,0.82475156,2.3355577,2.1005692,0.0016168716,0.0013892477,1.8453188,3.7105868,0.8533448,1.317421,15.282691,12.971834,-0.96704596,-0.93819135,-0.25460196,-0.34611705
2026-07-02 16:13:00,94223505,1,2026-07-02 16:07:00,0.8697836260803352,-6.0,0.26,0.73,0.094545454,0.15145229,0.5795574,0.90262175,0.0013350504,0.0015189935,1.047969,0.4744518,0.10862877,0.12964313,9.902754,8.3220215,-0.89297897,-0.8808907,-0.45009845,-0.47331968
2026-07-02 16:13:00,94223505,2,2026-07-02 16:04:00,0.9492933289254254,-9.0,0.26,0.67,0.094545454,0.1459695,0.5795574,0.92727274,0.0013350504,0.0015336673,1.047969,1.7821927,0.10862877,0.06379892,9.902754,8.639295,-0.89297897,-0.8746197,-0.45009845,-0.4848096
2026-07-02 16:13:00,94223505,3,2026-07-02 17:00:00,1.0121621247556285,47.0,0.26,0.46,0.094545454,0.18473895,0.5795574,0.58450705,0.0013350504,0.0010685445,1.047969,0.7443409,0.10862877,0.3712766,9.902754,13.812385,-0.89297897,-0.9659258,-0.45009845,-0.25881904
2026-07-03 06:32:00,94240579,1,2026-07-03 06:36:00,0.5498876304709612,4.0,1.14,1.18,0.6826347,0.6178011,1.6213592,1.7850467,0.00034049537,0.00037029007,0.1053743,0.56202644,-0.2057198,-0.0413244,10.250384,9.173115,0.99026805,0.98768836,-0.1391731,-0.15643446
2026-07-03 06:32:00,94240579,2,2026-07-03 06:35:00,0.6489817370334028,3.0,1.14,0.88,0.6826347,0.556962,1.6213592,1.4766355,0.00034049537,0.0003635267,0.1053743,0.31576428,-0.2057198,0.0063830577,10.250384,10.13228,0.99026805,0.98836154,-0.1391731,-0.15212339
2026-07-03 06:32:00,94240579,3,2026-07-03 06:37:00,0.7557471378033088,5.0,1.14,0.9,0.6826347,0.51428574,1.6213592,1.5283843,0.00034049537,0.0003736616,0.1053743,0.42242688,-0.2057198,-0.013945983,10.250384,9.639686,0.99026805,0.98699635,-0.1391731,-0.16074257
2026-07-03 08:08:00,94241160,1,2026-07-03 07:13:00,1.196986658773044,-55.0,0.09,0.06,0.07438017,0.1,1.0476191,0.62827224,0.00030052333,0.0002749728,2.4913712,2.0020905,0.78473055,0.23063804,9.881605,9.364756,0.8480481,0.9496991,-0.52991927,-0.31316382
2026-07-03 08:08:00,94241160,2,2026-07-03 07:59:00,1.1983392097907295,-9.0,0.09,0.29,0.07438017,0.27884614,1.0476191,1.0246305,0.00030052333,0.00026240177,2.4913712,2.7086906,0.78473055,0.21050218,9.881605,9.76889,0.8480481,0.8681988,-0.52991927,-0.4962165
2026-07-03 08:08:00,94241160,3,2026-07-03 08:35:00,1.2527608611027006,27.0,0.09,0.27,0.07438017,0.15697674,1.0476191,1.2198582,0.00030052333,0.00043072744,2.4913712,1.5057364,0.78473055,0.28445634,9.881605,5.4617953,0.8480481,0.77988446,-0.52991927,-0.62592345
2026-07-06 06:37:00,94258974,1,2026-07-06 06:36:00,0.9806844885853955,-1.0,1.58,1.41,0.9461078,0.8867925,1.0245398,1.006329,0.00042543592,0.00042659452,1.9452127,0.61877465,0.102061816,-0.085165866,-7.0931163,-8.02966,0.98699635,0.98768836,-0.16074257,-0.15643446
2026-07-06 06:37:00,94258974,2,2026-07-06 07:14:00,1.1315189909131023,37.0,1.58,1.1,0.9461078,0.8208955,1.0245398,0.9403509,0.00042543592,0.00035644995,1.9452127,0.9568302,0.102061816,-0.23878413,-7.0931163,-11.1216135,0.98699635,0.94832367,-0.16074257,-0.31730467
2026-07-06 06:37:00,94258974,3,2026-07-06 06:38:00,1.209088978104285,1.0,1.58,2.08,0.9461078,0.9497717,1.0245398,1.2844574,0.00042543592,0.0004327887,1.9452127,0.3216274,0.102061816,0.10989271,-7.0931163,-8.122022,0.98699635,0.9862856,-0.16074257,-0.1650476
2026-07-07 08:30:00,94289139,1,2026-07-07 08:58:00,0.4230743104771351,28.0,0.58,0.61,0.464,0.40666667,0.672043,0.79787236,0.00043562212,0.00052477216,1.0899404,1.2471933,0.34062362,0.34831035,-6.5897746,-5.949331,0.7933533,0.71325046,-0.6087614,-0.70090926
2026-07-07 08:30:00,94289139,2,2026-07-07 09:24:00,0.460094489546277,54.0,0.58,0.57,0.464,0.49565217,0.672043,0.6590258,0.00043562212,0.00044650788,1.0899404,1.4871033,0.34062362,0.2806391,-6.5897746,-5.913484,0.7933533,0.6293204,-0.6087614,-0.777146
2026-07-07 08:30:00,94289139,3,2026-07-07 09:38:00,0.6446894783220636,68.0,0.58,0.61,0.464,0.442029,0.672043,0.88461536,0.00043562212,0.00039637325,1.0899404,0.71498185,0.34062362,0.45734775,-6.5897746,-5.273512,0.7933533,0.58070296,-0.6087614,-0.8141155
2026-07-07 10:41:00,94291110,1,2026-07-07 11:08:00,0.5902234742323927,27.0,0.29,0.41,0.3580247,0.34745762,0.58064514,0.66855526,0.00036672404,0.00042146648,-0.73316073,0.005746538,0.13909929,0.2164601,-5.1714625,-4.052124,0.33791673,0.22495106,-0.941176,-0.97437006
2026-07-07 10:41:00,94291110,2,2026-07-07 09:40:00,0.8231338777994273,-61.0,0.29,0.24,0.3580247,0.26373628,0.58064514,0.5967213,0.00036672404,0.0003733076,-0.73316073,0.0064893686,0.13909929,0.39308652,-5.1714625,-5.9235864,0.33791673,0.57357645,-0.941176,-0.81915206
2026-07-07 10:41:00,94291110,3,2026-07-07 09:32:00,0.8813828104073653,-69.0,0.29,0.63,0.3580247,0.44680852,0.58064514,0.9306931,0.00036672404,0.00041895267,-0.73316073,-0.79811114,0.13909929,0.37666506,-5.1714625,-5.7931376,0.33791673,0.60181504,-0.941176,-0.7986355
2026-07-07 11:45:00,94292496,1,2026-07-07 12:03:00,0.6271847556532812,18.0,1.28,1.04,0.748538,0.62650603,1.1438127,1.0246913,0.0004584847,0.0004410314,-0.38542715,-0.3407564,-0.52985996,-0.6581138,-2.549061,-5.508787,0.065403126,-0.013089595,-0.99785894,-0.99991435
2026-07-07 11:45:00,94292496,2,2026-07-07 10:59:00,0.6531640680128888,-46.0,1.28,1.1,0.748538,0.7746479,1.1438127,0.87116563,0.0004584847,0.00042694085,-0.38542715,-0.7152647,-0.52985996,-0.5555371,-2.549061,-5.665367,0.065403126,0.2630312,-0.99785894,-0.9647873
2026-07-07 11:45:00,94292496,3,2026-07-07 11:46:00,0.7673511592505337,1.0,1.28,1.3,0.748538,0.8666667,1.1438127,1.010101,0.0004584847,0.00045181424,-0.38542715,-1.2433947,-0.52985996,-0.60355556,-2.549061,-3.2807288,0.065403126,0.06104854,-0.99785894,-0.9981348
2026-07-08 08:08:00,94339039,1,2026-07-08 09:14:00,1.5129055648004799,66.0,0.26,0.22,0.18309858,0.10628019,0.86850154,1.1436464,0.00042931555,0.00049511343,3.6749752,2.87578,0.9433958,0.1962323,10.388775,6.5037985,0.8480481,0.66262007,-0.52991927,-0.7489557
2026-07-08 08:08:00,94339039,2,2026-07-08 06:28:00,1.6422497027055332,-100.0,0.26,0.27,0.18309858,0.19285715,0.86850154,0.82840234,0.00042931555,0.00046827956,3.6749752,1.4942532,0.9433958,0.73566395,10.388775,10.183061,0.8480481,0.99254614,-0.52991927,-0.12186934
2026-07-08 08:08:00,94339039,3,2026-07-08 07:10:00,1.7331153041601555,-58.0,0.26,0.45,0.18309858,0.48387095,0.86850154,0.6572438,0.00042931555,0.00036120732,3.6749752,3.7889886,0.9433958,0.16962488,10.388775,10.748518,0.8480481,0.95371693,-0.52991927,-0.3007058
2026-07-08 14:04:00,94351863,1,2026-07-08 14:02:00,0.3150154264816208,-2.0,3.31,3.11,0.97640115,0.98417723,1.540909,1.4528736,0.0006150993,0.00057158177,-0.30081853,-0.3754724,-0.0571327,-0.17766517,-19.194435,-20.49577,-0.5150381,-0.5075384,-0.8571673,-0.8616292
2026-07-08 14:04:00,94351863,2,2026-07-08 14:24:00,0.7268763481882597,20.0,3.31,2.87,0.97640115,0.894081,1.540909,1.2417794,0.0006150993,0.00063457014,-0.30081853,-0.6264005,-0.0571327,-0.25290152,-19.194435,-19.280329,-0.5150381,-0.58778524,-0.8571673,-0.809017
2026-07-08 14:04:00,94351863,3,2026-07-08 14:13:00,0.9835086536305198,9.0,3.31,2.75,0.97640115,0.9649123,1.540909,1.1538461,0.0006150993,0.00060768094,-0.30081853,-0.2599829,-0.0571327,-0.50256,-19.194435,-20.161285,-0.5150381,-0.54829323,-0.8571673,-0.8362861
2026-07-09 07:39:00,94375434,1,2026-07-09 06:50:00,0.6181786097298295,-49.0,0.34,0.33,0.272,0.21153846,1.0964912,1.0684931,0.00032971034,0.0003818685,-0.63454044,-0.21278338,0.5413673,0.31622592,-5.444329,-6.493295,0.90814316,0.976296,-0.41865975,-0.21643962
2026-07-09 07:39:00,94375434,2,2026-07-09 07:38:00,0.6433554698883701,-1.0,0.34,0.54,0.272,0.33333334,1.0964912,1.4210526,0.00032971034,0.00033143687,-0.63454044,-1.0917673,0.5413673,0.5211734,-5.444329,-5.711797,0.90814316,0.9099613,-0.41865975,-0.41469324
2026-07-09 07:39:00,94375434,3,2026-07-09 07:56:00,0.6790706576791444,17.0,0.34,0.48,0.272,0.3178808,1.0964912,0.9378882,0.00032971034,0.00038863125,-0.63454044,0.025337368,0.5413673,0.31497565,-5.444329,-4.744934,0.90814316,0.8746197,-0.41865975,-0.4848096
2026-07-09 10:15:00,94382823,1,2026-07-09 11:14:00,0.5951324330522942,59.0,2.36,1.99,0.921875,0.876652,1.3264248,1.2681564,0.0004862428,0.00044759695,-2.0458527,-2.4271286,-0.16053759,-0.027343908,13.321118,15.008793,0.4422887,0.19936794,-0.89687276,-0.9799247
2026-07-09 10:15:00,94382823,2,2026-07-09 10:13:00,0.9723687794861178,-2.0,2.36,2.01,0.921875,0.9013453,1.3264248,1.2219179,0.0004862428,0.0004900853,-2.0458527,-0.82041585,-0.16053759,0.10321621,13.321118,14.419689,0.4422887,0.45009845,-0.89687276,-0.89297897
2026-07-09 10:15:00,94382823,3,2026-07-09 11:36:00,1.0296652252954046,81.0,2.36,1.65,0.921875,0.79710144,1.3264248,1.1311475,0.0004862428,0.0004888625,-2.0458527,-1.8406575,-0.16053759,0.1578017,13.321118,16.381062,0.4422887,0.104528464,-0.89687276,-0.9945219
2026-07-10 08:49:00,94425120,1,2026-07-10 08:47:00,0.35093067250727333,-2.0,0.98,0.87,0.547486,0.47540984,0.83255816,0.8861985,0.00051201717,0.00050588173,-0.3896392,-0.14908335,-0.36042273,-0.2821011,-4.8995576,-4.923713,0.7402181,0.7460574,-0.6723668,-0.6658817
2026-07-10 08:49:00,94425120,2,2026-07-10 09:35:00,0.546529815718036,46.0,0.98,0.8,0.547486,0.5797101,0.83255816,0.8961039,0.00051201717,0.00040548237,-0.3896392,-0.53361905,-0.36042273,-0.5553904,-4.8995576,-4.0004926,0.7402181,0.59130967,-0.6723668,-0.8064446
2026-07-10 08:49:00,94425120,3,2026-07-10 08:50:00,0.6881534547555183,1.0,0.98,1.18,0.547486,0.5,0.83255816,1.0875576,0.00051201717,0.00051630265,-0.3896392,-1.1400251,-0.36042273,-0.2916991,-4.8995576,-4.261236,0.7402181,0.7372773,-0.6723668,-0.6755902
2026-07-13 08:16:00,94467306,1,2026-07-13 09:33:00,2.233311983335025,77.0,3.75,2.87,0.82417583,0.82,2.054176,1.6279069,0.00060384907,0.00059292966,-2.073417,0.69808435,1.2501582,0.7920496,-2.2361233,-4.051993,0.82903755,0.5983246,-0.5591929,-0.8012538
2026-07-13 08:16:00,94467306,2,2026-07-13 08:21:00,2.3394690944276064,5.0,3.75,1.87,0.82417583,0.77916664,2.054176,1.0835215,0.00060384907,0.0005570251,-2.073417,-0.86152023,1.2501582,0.5048438,-2.2361233,-3.2587183,0.82903755,0.81664157,-0.5591929,-0.5771452
2026-07-13 08:16:00,94467306,3,2026-07-13 08:47:00,2.356727886530664,31.0,3.75,3.02,0.82417583,0.74384236,2.054176,1.4763637,0.00060384907,0.0006284702,-2.073417,-0.9955402,1.2501582,0.0016332343,-2.2361233,-4.099768,0.82903755,0.7460574,-0.5591929,-0.6658817
2026-07-13 15:43:00,94482317,1,2026-07-13 14:44:00,0.5430360616564817,-59.0,0.98,0.8,0.42982456,0.39215687,1.2425069,1.1428572,0.00048672082,0.000469862,0.3288394,0.62302876,0.28287998,0.41086018,-2.8501341,-1.1973908,-0.82658976,-0.656059,-0.56280494,-0.7547096
2026-07-13 15:43:00,94482317,2,2026-07-13 15:39:00,0.5673582107680865,-4.0,0.98,0.97,0.42982456,0.5300546,1.2425069,1.0054945,0.00048672082,0.0004939698,0.3288394,0.0,0.28287998,0.29378197,-2.8501341,-2.654627,-0.82658976,-0.81664157,-0.56280494,-0.5771452
2026-07-13 15:43:00,94482317,3,2026-07-13 16:32:00,0.651025160753708,49.0,0.98,1.14,0.42982456,0.56435645,1.2425069,1.2059702,0.00048672082,0.0004995543,0.3288394,0.13305427,0.28287998,0.1391284,-2.8501341,-2.184998,-0.82658976,-0.92718387,-0.56280494,-0.37460658
2026-07-14 07:51:00,94517647,1,2026-07-14 07:12:00,0.9830978481153261,-39.0,1.16,0.78,0.58,0.52,1.6,1.1583011,0.00033261164,0.0003380466,-3.0916111,-2.292171,-0.2288352,-0.3438998,7.6901317,6.32108,0.88498765,0.95105654,-0.46561453,-0.309017
2026-07-14 07:51:00,94517647,2,2026-07-14 07:11:00,1.1520227207010918,-40.0,1.16,0.75,0.58,0.46296296,1.6,1.2509652,0.00033261164,0.00033525852,-3.0916111,-1.835372,-0.2288352,-0.20462611,7.6901317,6.7788677,0.88498765,0.9523958,-0.46561453,-0.3048643
2026-07-14 07:51:00,94517647,3,2026-07-14 09:20:00,1.189615415255719,89.0,1.16,1.42,0.58,0.6666667,1.6,1.6447877,0.00033261164,0.00035520038,-3.0916111,-1.8172301,-0.2288352,-0.25001252,7.6901317,12.633122,0.88498765,0.64278764,-0.46561453,-0.76604444
2026-07-14 08:30:00,94518850,1,2026-07-14 09:11:00,0.5523581536873243,41.0,0.33,0.59,0.2682927,0.32960895,1.1336405,1.2971015,0.00032008515,0.00038842094,1.4601914,1.4684856,0.24110402,0.29644474,11.867196,14.510909,0.7933533,0.6723668,-0.6087614,-0.7402181
2026-07-14 08:30:00,94518850,2,2026-07-14 08:02:00,0.6313891013682325,-28.0,0.33,0.55,0.2682927,0.2606635,1.1336405,1.4452055,0.00032008515,0.00037456214,1.4601914,1.8059247,0.24110402,0.28081557,11.867196,9.789369,0.7933533,0.8616292,-0.6087614,-0.5075384
2026-07-14 08:30:00,94518850,3,2026-07-14 08:29:00,0.6583371144950452,-1.0,0.33,0.58,0.2682927,0.38926175,1.1336405,1.4326923,0.00032008515,0.00032114968,1.4601914,1.455192,0.24110402,0.22507934,11.867196,12.179651,0.7933533,0.79600203,-0.6087614,-0.605294
2026-07-15 08:31:00,94571902,1,2026-07-15 10:28:00,1.3487014591306765,117.0,0.5,0.15,0.13157895,0.044247787,2.7436824,2.438849,0.00040510806,0.00044338047,-1.2942479,-2.5399683,-0.734916,-1.0184087,-10.49378,-8.86925,0.7906896,0.39073113,-0.6122173,-0.92050487
2026-07-15 08:31:00,94571902,2,2026-07-15 10:24:00,1.4772090949867998,113.0,0.5,0.35,0.13157895,0.13779527,2.7436824,1.931559,0.00040510806,0.00037590542,-1.2942479,-1.2222182,-0.734916,-0.6066291,-10.49378,-7.8137736,0.7906896,0.40673664,-0.6122173,-0.9135454
2026-07-15 08:31:00,94571902,3,2026-07-15 08:33:00,1.5683827486573974,2.0,0.5,1.85,0.13157895,0.39529914,2.7436824,3.2164948,0.00040510806,0.00047940505,-1.2942479,-0.64777267,-0.734916,-0.4929648,-10.49378,-8.354553,0.7906896,0.78531694,-0.6122173,-0.61909395
2026-07-15 15:13:00,94588522,1,2026-07-15 15:28:00,0.3313408493275674,15.0,0.0,0.03,0.0,0.028037382,0.88,0.7303754,0.00038954956,0.0003840795,-0.77568454,-0.9414008,0.09149741,-0.0048609576,1.6455886,1.8724917,-0.7460574,-0.7880108,-0.6658817,-0.6156615
2026-07-15 15:13:00,94588522,2,2026-07-15 15:24:00,0.61384575444107,11.0,0.0,0.18,0.0,0.12587413,0.88,0.9346405,0.00038954956,0.00039049253,-0.77568454,-0.39942592,0.09149741,0.2541938,1.6455886,2.6497269,-0.7460574,-0.777146,-0.6658817,-0.6293204
2026-07-15 15:13:00,94588522,3,2026-07-15 15:25:00,0.6542718466074029,12.0,0.0,0.0,0.0,0.0,0.88,0.90784985,0.00038954956,0.00038612276,-0.77568454,0.109002165,0.09149741,0.23459466,1.6455886,2.6564753,-0.7460574,-0.77988446,-0.6658817,-0.62592345
2026-07-16 08:45:00,94627775,1,2026-07-16 09:03:00,0.6146749670454822,18.0,2.08,1.66,0.75636363,0.67479676,1.3221154,1.255102,0.0005277811,0.0005264516,1.3439682,1.9926484,0.1426543,0.21986707,-3.2570202,-2.832393,0.7518398,0.69779044,-0.6593458,-0.7163019
2026-07-16 08:45:00,94627775,2,2026-07-16 08:37:00,0.8000076541379931,-8.0,2.08,2.43,0.75636363,0.68838525,1.3221154,1.765,0.0005277811,0.0005294432,1.3439682,1.5745058,0.1426543,0.02314874,-3.2570202,-4.057981,0.7518398,0.77439266,-0.6593458,-0.63270533
2026-07-16 08:45:00,94627775,3,2026-07-16 08:46:00,0.8002602963438713,1.0,2.08,1.32,0.75636363,0.67346936,1.3221154,0.9423077,0.0005277811,0.00052497635,1.3439682,1.5122697,0.1426543,0.18772456,-3.2570202,-3.884793,0.7518398,0.7489557,-0.6593458,-0.66262007
2026-07-17 09:35:00,94694698,1,2026-07-17 08:54:00,1.0812555306749307,-41.0,2.36,2.25,0.9957806,0.78397214,1.0748299,1.1189084,0.00062904955,0.00066063204,0.31758943,0.022770854,0.84527504,0.6428306,7.090908,1.1328471,0.59130967,0.7253744,-0.8064446,-0.68835455
2026-07-17 09:35:00,94694698,2,2026-07-17 09:36:00,1.1838311138130324,1.0,2.36,1.96,0.9957806,0.79352224,1.0748299,1.0334728,0.00062904955,0.00062846,0.31758943,-0.9461425,0.84527504,0.6953045,7.090908,6.37065,0.59130967,0.58778524,-0.8064446,-0.809017
2026-07-17 09:35:00,94694698,3,2026-07-17 09:27:00,1.2441930413297118,-8.0,2.36,2.5,0.9957806,0.75301206,1.0748299,1.4921348,0.00062904955,0.00062808,0.31758943,0.15904064,0.84527504,1.1996695,7.090908,7.215676,0.59130967,0.61909395,-0.8064446,-0.78531694
2026-07-20 11:10:00,94754184,1,2026-07-20 11:44:00,0.6902515525386829,34.0,0.77,0.8,0.616,0.5839416,0.8278146,0.8896104,0.0005238342,0.00042578447,-1.5624563,-1.1620562,0.35522532,0.04687236,4.655569,6.652138,0.21643962,0.06975647,-0.976296,-0.9975641
2026-07-20 11:10:00,94754184,2,2026-07-20 11:09:00,0.8451823966452986,-1.0,0.77,0.69,0.616,0.46938777,0.8278146,0.87761194,0.0005238342,0.0005403147,-1.5624563,-2.5005999,0.35522532,0.40976548,4.655569,4.1562424,0.21643962,0.22069743,-0.976296,-0.97534233
2026-07-20 11:10:00,94754184,3,2026-07-20 11:29:00,0.869943851525519,19.0,0.77,0.77,0.616,0.5923077,0.8278146,0.74712646,0.0005238342,0.00053930416,-1.5624563,-0.3226463,0.35522532,0.36280665,4.655569,5.7905545,0.21643962,0.13485093,-0.976296,-0.9908659
2026-07-20 17:51:00,94775324,1,2026-07-20 17:48:00,0.31717378550215347,-3.0,0.56,0.67,0.37583894,0.42948717,0.8688047,0.909621,0.00049966085,0.00050227746,1.1922033,1.4392712,0.79700375,0.6974156,-0.17659353,-0.4549543,-0.999229,-0.9986295,-0.039259817,-0.052335955
2026-07-20 17:51:00,94775324,2,2026-07-20 17:42:00,0.4443712386050667,-9.0,0.56,0.4,0.37583894,0.2877698,0.8688047,0.77437323,0.00049966085,0.00047362913,1.1922033,0.9321512,0.79700375,0.7966595,-0.17659353,-1.7771922,-0.999229,-0.9969173,-0.039259817,-0.0784591
2026-07-20 17:51:00,94775324,3,2026-07-20 17:36:00,0.48031907953746616,-15.0,0.56,0.67,0.37583894,0.35263157,0.8688047,1.091954,0.00049966085,0.000486592,1.1922033,0.87150764,0.79700375,0.8711357,-0.17659353,-1.9145745,-0.999229,-0.9945219,-0.039259817,-0.104528464
2026-07-21 09:41:00,94810342,1,2026-07-21 09:38:00,0.3979229281057265,-3.0,0.52,0.4,0.3190184,0.2857143,1.0653595,0.83832335,0.00045513114,0.00048153647,0.29125613,0.20389125,0.54523194,0.5546294,21.253637,20.423155,0.5699968,0.58070296,-0.8216469,-0.8141155
2026-07-21 09:41:00,94810342,2,2026-07-21 09:32:00,0.4732041702663669,-9.0,0.52,0.34,0.3190184,0.22818792,1.0653595,0.89221555,0.00045513114,0.00045053684,0.29125613,0.076312155,0.54523194,0.5896555,21.253637,20.916039,0.5699968,0.60181504,-0.8216469,-0.7986355
2026-07-21 09:41:00,94810342,3,2026-07-21 09:36:00,0.5228286948770571,-5.0,0.52,0.88,0.3190184,0.36363637,1.0653595,1.3444444,0.00045513114,0.00046157814,0.29125613,0.46807227,0.54523194,0.515932,21.253637,20.853542,0.5699968,0.58778524,-0.8216469,-0.809017
2026-07-21 19:41:00,94842197,1,2026-07-21 20:02:00,0.27439515101824336,21.0,0.4,0.29,0.33333334,0.33333334,0.9876543,0.87,0.00032680662,0.00028040467,-0.49566695,-0.560671,-0.52760625,-0.5596381,17.177988,16.638292,-0.9044551,-0.8616292,0.42656875,0.5075384
2026-07-21 19:41:00,94842197,2,2026-07-21 19:36:00,0.45865343407102804,-5.0,0.4,0.48,0.33333334,0.3902439,0.9876543,1.0123457,0.00032680662,0.00029540222,-0.49566695,-0.3405937,-0.52760625,-0.34102103,17.177988,19.6289,-0.9044551,-0.9135454,0.42656875,0.40673664
2026-07-21 19:41:00,94842197,3,2026-07-21 20:11:00,0.47889522783508476,30.0,0.4,0.35,0.33333334,0.3398058,0.9876543,1.0842105,0.00032680662,0.00028235003,-0.49566695,-0.3828036,-0.52760625,-0.28527635,17.177988,16.429976,-0.9044551,-0.841039,0.42656875,0.5409745
2026-07-22 07:00:00,94864297,1,2026-07-22 06:45:00,0.4770984731028808,-15.0,0.33,0.36,0.5322581,0.5538462,0.63917524,0.44067797,0.000285582,0.0003750346,-0.07629589,-0.077416115,-0.8113782,-0.6567581,12.571485,11.732427,0.9659258,0.98078525,-0.25881904,-0.19509032
2026-07-22 07:00:00,94864297,2,2026-07-22 06:41:00,0.5674337762924037,-19.0,0.33,0.34,0.5322581,0.45945945,0.63917524,0.48366013,0.000285582,0.0003973,-0.07629589,-0.32277647,-0.8113782,-0.67095697,12.571485,11.0895,0.9659258,0.9840407,-0.25881904,-0.17794354
2026-07-22 07:00:00,94864297,3,2026-07-22 06:51:00,0.600749313114582,-9.0,0.33,0.43,0.5322581,0.44329897,0.63917524,0.7293233,0.000285582,0.00034026706,-0.07629589,-0.64014226,-0.8113782,-0.6602603,12.571485,11.783911,0.9659258,0.97534233,-0.25881904,-0.22069743
2026-07-22 22:54:00,94908427,1,2026-07-22 22:56:00,0.443454320122105,2.0,0.8,0.88,0.5298013,0.556962,1.3187773,1.3112034,0.0003204933,0.00035124473,-2.0541005,-1.7092232,-0.39289927,-0.61117506,1.6490109,0.9452687,-0.28401536,-0.27563736,0.95881975,0.9612617
2026-07-22 22:54:00,94908427,2,2026-07-22 22:14:00,0.8221948305418574,-40.0,0.8,0.69,0.5298013,0.47260273,1.3187773,1.631285,0.0003204933,0.00026455728,-2.0541005,-1.3257593,-0.39289927,-0.38039213,1.6490109,4.352428,-0.28401536,-0.4461978,0.95881975,0.89493436
2026-07-22 22:54:00,94908427,3,2026-07-22 22:11:00,0.9606465951278581,-43.0,0.8,0.5,0.5298013,0.5681818,1.3187773,0.98324025,0.0003204933,0.00027156045,-2.0541005,-1.1577463,-0.39289927,-0.25345227,1.6490109,4.9254937,-0.28401536,-0.4578739,0.95881975,0.88901716
2026-07-23 07:48:00,94927689,1,2026-07-23 06:57:00,0.7857653041457315,-51.0,1.0,1.01,0.85470086,0.74264705,1.0833334,1.3465346,0.00028617235,0.00029008058,0.19489135,-0.42628258,-0.8326698,-0.8202699,-1.4396499,-1.0498275,0.8910065,0.9692309,-0.4539905,-0.2461533
2026-07-23 07:48:00,94927689,2,2026-07-23 06:53:00,0.8240136090012495,-55.0,1.0,0.72,0.85470086,0.6605505,1.0833334,1.0792079,0.00028617235,0.0003141046,0.19489135,0.12347083,-0.8326698,-0.8412941,-1.4396499,-0.03759712,0.8910065,0.97337925,-0.4539905,-0.2292004
2026-07-23 07:48:00,94927689,3,2026-07-23 06:59:00,0.9407001560575649,-49.0,1.0,0.72,0.85470086,0.7058824,1.0833334,0.99029124,0.00028617235,0.0002939754,0.19489135,-0.75048447,-0.8326698,-0.7217308,-1.4396499,-0.7621413,0.8910065,0.96704596,-0.4539905,-0.25460196
2026-07-23 12:20:00,94942223,1,2026-07-23 12:46:00,0.5237784700438178,26.0,2.07,1.92,0.8214286,0.81702125,1.7201365,1.7028985,0.0004100442,0.00038007507,1.2560518,1.780294,0.16300978,0.018813118,-13.064702,-15.51151,-0.087155744,-0.19936794,-0.9961947,-0.9799247
2026-07-23 12:20:00,94942223,2,2026-07-23 11:55:00,0.7761314881461163,-25.0,2.07,2.19,0.8214286,0.8233083,1.7201365,1.3536896,0.0004100442,0.0004761599,1.2560518,1.7549208,0.16300978,-0.042457066,-13.064702,-13.789371,-0.087155744,0.021814885,-0.9961947,-0.999762
2026-07-23 12:20:00,94942223,3,2026-07-23 13:33:00,0.8228889018333354,73.0,2.07,2.39,0.8214286,0.8786765,1.7201365,1.7548387,0.0004100442,0.00043155043,1.2560518,0.41368362,0.16300978,0.07581207,-13.064702,-15.472772,-0.087155744,-0.39474386,-0.9961947,-0.91879123
2026-07-24 08:50:00,94986774,1,2026-07-24 08:49:00,0.8285999333753042,-1.0,0.36,0.27,0.46153846,0.26213592,0.3768116,0.49758455,0.00046213533,0.0004827445,1.788998,1.3113506,0.021416968,-0.011113625,-5.5080805,-5.0946517,0.7372773,0.7402181,-0.6755902,-0.6723668
2026-07-24 08:50:00,94986774,2,2026-07-24 09:10:00,1.0833226244107914,20.0,0.36,0.2,0.46153846,0.2173913,0.3768116,0.5714286,0.00046213533,0.0003941603,1.788998,1.2977712,0.021416968,0.2281876,-5.5080805,-6.361667,0.7372773,0.6755902,-0.6755902,-0.7372773
2026-07-24 08:50:00,94986774,3,2026-07-24 07:24:00,1.139245242346872,-86.0,0.36,0.19,0.46153846,0.31666666,0.3768116,0.6217617,0.00046213533,0.0002479162,1.788998,1.801861,0.021416968,0.022622205,-5.5080805,-10.931536,0.7372773,0.9335804,-0.6755902,-0.35836795
2026-07-24 10:35:00,94991858,1,2026-07-24 10:10:00,1.0704430991728815,-25.0,2.84,2.28,1.0,0.88372093,1.4791666,1.3196931,0.00048081612,0.00050821697,2.5038726,3.560277,0.92535645,1.1361774,8.138166,4.1538405,0.36243805,0.4617486,-0.93200785,-0.8870108
2026-07-24 10:35:00,94991858,2,2026-07-24 11:43:00,1.3059308204733626,68.0,2.84,1.28,1.0,0.93430656,1.4791666,1.0916334,0.00048081612,0.00034526398,2.5038726,2.0644453,0.92535645,1.079856,8.138166,11.306216,0.36243805,0.07410849,-0.93200785,-0.9972502
2026-07-24 10:35:00,94991858,3,2026-07-24 10:36:00,1.3394279371337756,1.0,2.84,2.57,1.0,1.0,1.4791666,1.3385416,0.00048081612,0.0004920507,2.5038726,0.581938,0.92535645,0.8723933,8.138166,6.73796,0.36243805,0.35836795,-0.93200785,-0.9335804
2026-07-27 07:18:00,95047920,1,2026-07-27 06:22:00,0.6801654462933094,-56.0,1.38,1.44,0.8263473,0.8,1.4778761,1.2121212,0.0002964611,0.00038082156,-2.178879,-1.9647528,-0.46782327,-0.4366628,-9.6421585,-6.5912805,0.9426415,0.9953962,-0.33380687,-0.09584575
2026-07-27 07:18:00,95047920,2,2026-07-27 06:29:00,0.9314995544455091,-49.0,1.38,1.58,0.8263473,0.82722515,1.4778761,1.3642857,0.0002964611,0.00037931502,-2.178879,-2.3420491,-0.46782327,-0.98425895,-9.6421585,-8.766655,0.9426415,0.99200493,-0.33380687,-0.12619896
2026-07-27 07:18:00,95047920,3,2026-07-27 06:00:00,1.035202923008436,-78.0,1.38,1.95,0.8263473,0.9027778,1.4778761,1.8075314,0.0002964611,0.00032487858,-2.178879,-2.0528333,-0.46782327,-0.7568374,-9.6421585,-5.439861,0.9426415,1.0,-0.33380687,6.123234e-17
2026-07-27 16:33:00,95072289,1,2026-07-27 15:20:00,1.2552868413589762,-73.0,1.65,1.91,0.3409091,0.42350334,2.155902,2.1527445,0.00069397397,0.00051894045,-2.1665335,-1.5286882,-0.614762,-1.2056413,-6.048978,-5.5635557,-0.9288095,-0.76604444,-0.37055743,-0.64278764
2026-07-27 16:33:00,95072289,2,2026-07-27 16:32:00,1.2632804688254489,-1.0,1.65,0.8,0.3409091,0.24615385,2.155902,1.4476615,0.00069397397,0.0006557745,-2.1665335,-1.8955089,-0.614762,-0.5826072,-6.048978,-5.8069987,-0.9288095,-0.92718387,-0.37055743,-0.37460658
2026-07-27 16:33:00,95072289,3,2026-07-27 17:01:00,1.4350113855287743,28.0,1.65,1.24,0.3409091,0.32207793,2.155902,1.3676732,0.00069397397,0.0007921252,-2.1665335,-2.0860436,-0.614762,-1.0224526,-6.048978,-6.2940493,-0.9288095,-0.96704596,-0.37055743,-0.25460196
2026-07-28 07:47:00,95107372,1,2026-07-28 08:22:00,0.551322219292138,35.0,0.22,0.28,0.275,0.35,0.84656084,0.7373272,0.00025195806,0.00030949854,0.6178879,0.38358933,0.28836444,0.094123974,-6.5759797,-7.59293,0.89297897,0.8141155,-0.45009845,-0.58070296
2026-07-28 07:47:00,95107372,2,2026-07-28 07:03:00,0.6113882562265823,-44.0,0.22,0.2,0.275,0.1980198,0.84656084,0.88596493,0.00025195806,0.00030520267,0.6178879,0.47746453,0.28836444,0.053932868,-6.5759797,-4.3128057,0.89297897,0.9624552,-0.45009845,-0.27144045
2026-07-28 07:47:00,95107372,3,2026-07-28 07:43:00,0.684341969174743,-4.0,0.22,0.16,0.275,0.32,0.84656084,0.52910054,0.00025195806,0.0002636006,0.6178879,0.6094022,0.28836444,0.007943334,-6.5759797,-6.6747036,0.89297897,0.90069824,-0.45009845,-0.43444526
2026-07-29 07:20:00,95168933,1,2026-07-29 07:10:00,0.490453289618026,-10.0,0.31,0.4,0.28440368,0.36363637,0.9954338,1.1398964,0.00026635505,0.00026144247,0.18671043,0.41837206,-0.53640425,-0.6991648,-1.6768143,-0.7536081,0.9396926,0.95371693,-0.34202015,-0.3007058
2026-07-29 07:20:00,95168933,2,2026-07-29 07:14:00,0.5281191638538838,-6.0,0.31,0.37,0.28440368,0.42528737,0.9954338,0.9830508,0.00026635505,0.0002546452,0.18671043,0.21477468,-0.53640425,-0.5357269,-1.6768143,-0.8488536,0.9396926,0.94832367,-0.34202015,-0.31730467
2026-07-29 07:20:00,95168933,3,2026-07-29 06:47:00,0.6816048664943624,-33.0,0.31,0.18,0.28440368,0.17475729,0.9954338,0.8442623,0.00026635505,0.0003229403,0.18671043,0.038461603,-0.53640425,-0.37340546,-1.6768143,1.5776397,0.9396926,0.97904545,-0.34202015,-0.20364176
2026-07-29 23:00:00,95248660,1,2026-07-29 22:57:00,1.5219154832296733,-3.0,2.85,3.54,0.8769231,0.64014465,0.8196721,1.2683486,0.001156237,0.0011886758,-3.5988464,-2.770897,-1.5271682,-1.0463365,2.6591902,4.378612,-0.25881904,-0.27144045,0.9659258,0.9624552
2026-07-29 23:00:00,95248660,2,2026-07-29 22:55:00,1.7759488230305958,-5.0,2.85,3.34,0.8769231,0.7167382,0.8196721,1.0688074,0.001156237,0.0011429181,-3.5988464,-2.1392264,-1.5271682,-0.7590609,2.6591902,6.328785,-0.25881904,-0.27982903,0.9659258,0.96004987
2026-07-29 23:00:00,95248660,3,2026-07-29 23:01:00,1.8426921373524172,1.0,2.85,4.09,0.8769231,0.6828047,0.8196721,1.3785961,0.001156237,0.0011783063,-3.5988464,-1.7042881,-1.5271682,-1.504616,2.6591902,3.4142334,-0.25881904,-0.25460196,0.9659258,0.96704596
2026-07-30 12:32:00,95298275,1,2026-07-30 12:58:00,0.43738642992397025,26.0,0.69,0.39,0.4509804,0.43333334,0.72511846,0.57877815,0.00056302414,0.0004642351,-2.6745515,-2.4852223,-0.017045837,-0.025001146,1.2704391,1.9190794,-0.1391731,-0.25038,-0.99026805,-0.96814764
2026-07-30 12:32:00,95298275,2,2026-07-30 11:52:00,0.600641394622295,-40.0,0.69,0.68,0.4509804,0.55737704,0.72511846,0.5661253,0.00056302414,0.00063797605,-2.6745515,-2.3799345,-0.017045837,0.05361806,1.2704391,1.0342218,-0.1391731,0.034899496,-0.99026805,-0.99939084
2026-07-30 12:32:00,95298275,3,2026-07-30 12:59:00,0.7527546466196097,27.0,0.69,0.33,0.4509804,0.28695652,0.72511846,0.7744108,0.00056302414,0.00045133565,-2.6745515,-2.5456512,-0.017045837,-0.14557941,1.2704391,1.7106094,-0.1391731,-0.25460196,-0.99026805,-0.96704596
2026-07-31 07:51:00,95369124,1,2026-07-31 08:48:00,0.9840808748410121,57.0,0.12,0.23,0.115384616,0.2072072,0.9904762,0.70253164,0.00027999133,0.00035147477,-2.8833373,-2.6188092,-0.6461984,-1.0500606,-11.960324,-9.58626,0.88498765,0.7431448,-0.46561453,-0.6691306
2026-07-31 07:51:00,95369124,2,2026-07-31 09:37:00,1.1776335524230097,106.0,0.12,0.04,0.115384616,0.026845638,0.9904762,0.86627907,0.00027999133,0.00045471927,-2.8833373,-2.5826313,-0.6461984,-0.5210741,-11.960324,-4.4625635,0.88498765,0.5842497,-0.46561453,-0.811574
2026-07-31 07:51:00,95369124,3,2026-07-31 07:49:00,1.268887877546585,-2.0,0.12,0.09,0.115384616,0.12,0.9904762,0.7009346,0.00027999133,0.0002483194,-2.8833373,-1.5900201,-0.6461984,-0.1450042,-11.960324,-11.169902,0.88498765,0.88901716,-0.46561453,-0.4578739
2026-08-03 08:03:00,95443868,1,2026-08-03 08:06:00,0.7585043768124899,3.0,1.08,1.04,0.80597013,0.920354,1.121339,0.94166666,0.00032991625,0.00035336308,-1.0812275,-1.5608618,-1.0439537,-1.2824897,2.4423597,-0.23225294,0.8594064,0.85264015,-0.5112931,-0.52249855
2026-08-03 08:03:00,95443868,2,2026-08-03 07:58:00,0.8319369794590604,-5.0,1.08,1.04,0.80597013,0.81889766,1.121339,1.1493213,0.00032991625,0.00028936574,-1.0812275,-1.4532721,-1.0439537,-0.55884075,2.4423597,4.04811,0.8594064,0.8703557,-0.5112931,-0.49242356
2026-08-03 08:03:00,95443868,3,2026-08-03 08:10:00,0.9353887354330319,7.0,1.08,0.76,0.80597013,0.6229508,1.121339,0.9348659,0.00032991625,0.00035454816,-1.0812275,-1.0766095,-1.0439537,-1.333549,2.4423597,-0.6464138,0.8594064,0.8433914,-0.5112931,-0.53729963
2026-08-04 08:06:00,95511070,1,2026-08-04 08:42:00,0.526002141776987,36.0,0.98,1.12,0.6853147,0.7044025,1.0751879,1.0635451,0.00032164127,0.0004091716,-0.37497246,-0.35509717,-0.112039775,-0.313848,4.8612204,2.274971,0.85264015,0.76040596,-0.52249855,-0.64944804
2026-08-04 08:06:00,95511070,2,2026-08-04 08:04:00,0.5775707134796177,-2.0,0.98,1.14,0.6853147,0.80851066,1.0751879,1.0804597,0.00032164127,0.00031888334,-0.37497246,-0.69469357,-0.112039775,0.05936282,4.8612204,4.868394,0.85264015,0.8571673,-0.52249855,-0.5150381
2026-08-04 08:06:00,95511070,3,2026-08-04 09:21:00,0.6947356981587975,75.0,0.98,1.1,0.6853147,0.57894737,1.0751879,1.2218649,0.00032164127,0.0003732358,-0.37497246,-0.55390024,-0.112039775,-0.028651947,4.8612204,3.8336105,0.85264015,0.639439,-0.52249855,-0.7688418
2026-08-04 21:47:00,95576013,1,2026-08-04 21:44:00,0.6957069611484857,-3.0,0.09,0.32,0.07317073,0.20915033,0.84827584,1.0851064,0.0003699272,0.00036164754,-1.3594908,-1.770152,-1.6331776,-1.6120359,3.6534219,4.278438,-0.54829323,-0.5591929,0.8362861,0.82903755
2026-08-04 21:47:00,95576013,2,2026-08-04 21:48:00,0.7268351256957336,1.0,0.09,0.26,0.07317073,0.17218544,0.84827584,1.0413793,0.0003699272,0.00036993375,-1.3594908,-0.57026666,-1.6331776,-1.5677658,3.6534219,3.8682795,-0.54829323,-0.54463905,0.8362861,0.83867055
2026-08-04 21:47:00,95576013,3,2026-08-04 21:46:00,0.8568337534475046,-1.0,0.09,0.26,0.07317073,0.13402061,0.84827584,1.337931,0.0003699272,0.0003751727,-1.3594908,-1.824369,-1.6331776,-1.6256351,3.6534219,3.5995374,-0.54829323,-0.551937,0.8362861,0.83388585
2026-08-05 07:50:00,95598021,1,2026-08-05 07:53:00,0.6163240014869874,3.0,1.45,1.04,0.8333333,0.7819549,1.4089069,1.0769231,0.00031680267,0.00031834375,-1.3672426,-1.1249415,-0.74355704,-0.7455641,22.784853,22.682768,0.8870108,0.8808907,-0.4617486,-0.47331968
2026-08-05 07:50:00,95598021,2,2026-08-05 07:41:00,1.0558263652710311,-9.0,1.45,1.06,0.8333333,0.89830506,1.4089069,0.85818183,0.00031680267,0.0003385011,-1.3672426,-0.6929401,-0.74355704,-0.5881927,22.784853,23.64655,0.8870108,0.9044551,-0.4617486,-0.42656875
2026-08-05 07:50:00,95598021,3,2026-08-05 07:39:00,1.168179723063774,-11.0,1.45,0.9,0.8333333,0.64285713,1.4089069,1.0181818,0.00031680267,0.00034224123,-1.3672426,-2.1131437,-0.74355704,-0.4987825,22.784853,22.766241,0.8870108,0.90814316,-0.4617486,-0.41865975
2026-08-05 11:44:00,95612645,1,2026-08-05 11:46:00,0.8516144605146938,2.0,2.33,2.47,0.80344826,0.82608694,2.3966942,2.1588447,0.00038010266,0.0004181366,1.4333767,0.48824698,-0.11927553,-0.07618861,24.288689,20.317863,0.06975647,0.06104854,-0.9975641,-0.9981348
2026-08-05 11:44:00,95612645,2,2026-08-05 10:56:00,1.2666114678868272,-48.0,2.33,3.03,0.80344826,0.9774194,2.3966942,1.8618618,0.00038010266,0.000414399,1.4333767,1.186832,-0.11927553,0.18400756,24.288689,25.164434,0.06975647,0.27563736,-0.9975641,-0.9612617
2026-08-05 11:44:00,95612645,3,2026-08-05 12:08:00,1.5866546951673808,24.0,2.33,1.51,0.80344826,0.54121864,2.3966942,2.121673,0.00038010266,0.0003906441,1.4333767,1.9784098,-0.11927553,0.51910084,24.288689,22.764828,0.06975647,-0.034899496,-0.9975641,-0.99939084
2026-08-06 07:35:00,95709969,1,2026-08-06 07:34:00,0.8282190225666203,-1.0,1.8,1.6,0.8910891,0.7305936,1.141243,1.2372881,0.0004958509,0.00049573596,1.458799,0.67776066,-0.7164641,-0.79312015,-9.826743,-10.758954,0.91531146,0.9170601,-0.40274668,-0.39874908
2026-08-06 07:35:00,95709969,2,2026-08-06 07:37:00,0.9807455049606301,2.0,1.8,1.15,0.8910891,0.8455882,1.141243,0.71391076,0.0004958509,0.00049632794,1.458799,0.9552577,-0.7164641,-0.4111964,-9.826743,-8.577097,0.91531146,0.91176206,-0.40274668,-0.41071886
2026-08-06 07:35:00,95709969,3,2026-08-06 06:35:00,1.1202295133334816,-60.0,1.8,2.18,0.8910891,0.89711934,1.141243,1.0362474,0.0004958509,0.0005672304,1.458799,0.07851569,-0.7164641,-0.68232983,-9.826743,-6.1477757,0.91531146,0.98836154,-0.40274668,-0.15212339
2026-08-06 20:23:00,95773198,1,2026-08-06 20:35:00,0.2701113936471299,12.0,0.7,0.61,0.5426357,0.5980392,0.80877745,0.74725276,0.00041155962,0.0003901492,-0.5330951,-0.58629376,-0.060392853,-0.0033554458,-14.205196,-13.752782,-0.811574,-0.77988446,0.5842497,0.62592345
2026-08-06 20:23:00,95773198,2,2026-08-06 20:34:00,0.5647649213645692,11.0,0.7,0.37,0.5426357,0.45679012,0.80877745,0.552901,0.00041155962,0.00040171025,-0.5330951,-0.37574884,-0.060392853,0.0003203847,-14.205196,-13.690648,-0.811574,-0.78260815,0.5842497,0.62251467
2026-08-06 20:23:00,95773198,3,2026-08-06 20:50:00,0.6038013612381861,27.0,0.7,0.6,0.5426357,0.53571427,0.80877745,1.032258,0.00041155962,0.00032930842,-0.5330951,-0.12170594,-0.060392853,0.11734031,-14.205196,-15.369132,-0.811574,-0.7372773,0.5842497,0.6755902
2026-08-07 08:08:00,95800620,1,2026-08-07 08:07:00,0.3732330385615677,-1.0,0.53,0.42,0.30635837,0.27631578,1.3359073,1.2307693,0.00037248633,0.00036988064,-1.0959977,-0.72939914,-0.35553417,-0.23896588,7.095627,7.4273777,0.8480481,0.8503522,-0.52991927,-0.52621394
2026-08-07 08:08:00,95800620,2,2026-08-07 08:29:00,0.8226550095364606,21.0,0.53,0.51,0.30635837,0.38636363,1.3359073,0.8918919,0.00037248633,0.00039526192,-1.0959977,-0.81859577,-0.35553417,-0.2079072,7.095627,7.9336166,0.8480481,0.79600203,-0.52991927,-0.605294
2026-08-07 08:08:00,95800620,3,2026-08-07 08:03:00,0.8765682508525046,-5.0,0.53,0.28,0.30635837,0.23140496,1.3359073,1.1308411,0.00037248633,0.00032433055,-1.0959977,-1.9379405,-0.35553417,-0.09213166,7.095627,9.53628,0.8480481,0.8594064,-0.52991927,-0.5112931
2026-08-10 07:10:00,95918631,1,2026-08-10 07:49:00,0.5579067703589213,39.0,1.0,0.98,0.5952381,0.5632184,1.0769231,1.137255,0.00039213683,0.00040270155,1.0194876,1.4782333,-0.0014931269,0.04152403,-0.66656655,2.9591594,0.95371693,0.88901716,-0.3007058,-0.4578739
2026-08-10 07:10:00,95918631,2,2026-08-10 06:52:00,0.7306947916278368,-18.0,1.0,0.55,0.5952381,0.47826087,1.0769231,0.9623431,0.00039213683,0.00033141833,1.0194876,0.85775703,-0.0014931269,0.28335762,-0.66656655,-1.2844266,0.95371693,0.97437006,-0.3007058,-0.22495106
2026-08-10 07:10:00,95918631,3,2026-08-10 06:47:00,0.7413534627209615,-23.0,1.0,1.23,0.5952381,0.68715084,1.0769231,1.3458647,0.00039213683,0.00034322753,1.0194876,0.37719426,-0.0014931269,0.010942944,-0.66656655,-2.080136,0.95371693,0.97904545,-0.3007058,-0.20364176
2026-08-11 07:58:00,96004348,1,2026-08-11 07:59:00,0.4476125592841827,1.0,0.07,0.1,0.05035971,0.075187966,0.8501529,0.88372093,0.00045655353,0.000445502,-0.24857247,-0.886485,-0.8940056,-0.87224793,-4.24941,-4.3343983,0.8703557,0.8681988,-0.49242356,-0.4962165
2026-08-11 07:58:00,96004348,2,2026-08-11 08:25:00,0.5415833799944021,27.0,0.07,0.01,0.05035971,0.0074626864,0.8501529,0.71466666,0.00045655353,0.00045223604,-0.24857247,-0.45252168,-0.8940056,-1.0244068,-4.24941,-7.967314,0.8703557,0.8064446,-0.49242356,-0.59130967
2026-08-11 07:58:00,96004348,3,2026-08-11 08:24:00,0.6431545228376725,26.0,0.07,0.16,0.05035971,0.07511737,0.8501529,1.136,0.00045655353,0.0004635821,-0.24857247,-0.30410537,-0.8940056,-1.047707,-4.24941,-7.773705,0.8703557,0.809017,-0.49242356,-0.58778524
2026-08-11 11:51:00,96024216,1,2026-08-11 11:52:00,0.9191238346536462,1.0,1.56,0.96,0.59090906,0.4528302,1.9340659,1.5531136,0.00036800726,0.0003764209,0.65206194,0.17003857,0.9075448,0.82131034,-11.876256,-12.238993,0.039259817,0.034899496,-0.999229,-0.99939084
2026-08-11 11:51:00,96024216,2,2026-08-11 12:23:00,1.0621655142664201,32.0,1.56,1.43,0.59090906,0.5416667,1.9340659,1.6977491,0.00036800726,0.00039037608,0.65206194,0.3631747,0.9075448,0.31488433,-11.876256,-12.03902,0.039259817,-0.10018806,-0.999229,-0.99496853
2026-08-11 11:51:00,96024216,3,2026-08-11 13:11:00,1.2077618967359798,80.0,1.56,1.69,0.59090906,0.6869919,1.9340659,1.9919028,0.00036800726,0.0003552148,0.65206194,1.2097045,0.9075448,0.29404378,-11.876256,-11.159533,0.039259817,-0.3048643,-0.999229,-0.9523958
2026-08-12 15:00:00,96113042,1,2026-08-12 14:59:00,0.7134516768923546,-1.0,1.0,0.89,0.8333333,0.8317757,1.1059908,1.0490196,0.00027594954,0.0002761931,-1.1497366,-0.13945521,0.115687415,0.20856047,10.532558,11.377906,-0.70710677,-0.7040147,-0.70710677,-0.71018535
2026-08-12 15:00:00,96113042,2,2026-08-12 14:05:00,0.7770533432137391,-55.0,1.0,1.34,0.8333333,0.7657143,1.1059908,1.1475409,0.00027594954,0.00035528428,-1.1497366,-1.0401187,0.115687415,-0.20687596,10.532558,7.604915,-0.70710677,-0.51877326,-0.70710677,-0.85491186
2026-08-12 15:00:00,96113042,3,2026-08-12 13:34:00,0.906541383689316,-86.0,1.0,0.91,0.8333333,0.728,1.1059908,0.97276264,0.00027594954,0.0003340769,-1.1497366,-1.9312743,0.115687415,0.10112969,10.532558,12.788244,-0.70710677,-0.39874908,-0.70710677,-0.9170601
2026-08-13 08:13:00,96202433,1,2026-08-13 07:33:00,0.9435768188961536,-40.0,0.64,0.42,0.44444445,0.46153846,0.90851736,0.61904764,0.00044164242,0.00035504266,1.8887466,0.9924769,0.2985269,0.4886358,-6.564082,-9.794124,0.8362861,0.91879123,-0.54829323,-0.39474386
2026-08-13 08:13:00,96202433,2,2026-08-13 07:29:00,1.0112987423560593,-44.0,0.64,0.88,0.44444445,0.68217057,0.90851736,0.7987616,0.00044164242,0.0003860883,1.8887466,1.8433337,0.2985269,0.18793045,-6.564082,-9.544499,0.8362861,0.9255405,-0.54829323,-0.3786486
2026-08-13 08:13:00,96202433,3,2026-08-13 08:18:00,1.0776965795093232,5.0,0.64,0.69,0.44444445,0.46938777,0.90851736,0.71359223,0.00044164242,0.0004696608,1.8887466,1.0448037,0.2985269,0.83013755,-6.564082,-5.0458307,0.8362861,0.8241262,-0.54829323,-0.56640625
2026-08-14 08:00:00,96325914,1,2026-08-14 08:39:00,1.219527336064946,39.0,1.37,1.99,0.76111114,0.5236842,2.384106,2.345679,0.00023023681,0.00050784816,2.23855,2.5325685,0.24045186,0.19784968,-0.8896104,-1.7877598,0.8660254,0.7688418,-0.5,-0.639439
2026-08-14 08:00:00,96325914,2,2026-08-14 08:37:00,1.2687605062914304,37.0,1.37,1.91,0.76111114,0.59874606,2.384106,2.254417,0.00023023681,0.00047991678,2.23855,2.599864,0.24045186,-0.22960736,-0.8896104,-3.3876708,0.8660254,0.77439266,-0.5,-0.63270533
2026-08-14 08:00:00,96325914,3,2026-08-14 07:17:00,1.5104923029443296,-43.0,1.37,1.22,0.76111114,0.7093023,2.384106,1.4891775,0.00023023681,0.00028734867,2.23855,1.6729842,0.24045186,0.41461256,-0.8896104,-0.8508899,0.8660254,0.944089,-0.5,-0.32969064
2026-08-14 08:50:00,96332229,1,2026-08-14 08:51:00,0.7268760380543725,1.0,2.85,3.44,0.8742331,0.8797954,1.4173913,1.7,0.000516996,0.00054423756,2.8362007,2.3949041,0.37280652,0.5849543,-1.2990004,0.19478832,0.7372773,0.7343225,-0.6755902,-0.67880076
2026-08-14 08:50:00,96332229,2,2026-08-14 09:45:00,1.1376803001862017,55.0,2.85,1.88,0.8742331,0.9894737,1.4173913,1.3333334,0.000516996,0.00036661132,2.8362007,2.1089377,0.37280652,0.20605962,-1.2990004,3.6346366,0.7372773,0.55557024,-0.6755902,-0.8314696
2026-08-14 08:50:00,96332229,3,2026-08-14 10:26:00,1.3999899131604396,96.0,2.85,1.54,0.8742331,0.9221557,1.4173913,1.1360544,0.000516996,0.00039520857,2.8362007,1.9204898,0.37280652,0.17491376,-1.2990004,4.148094,0.7372773,0.39874908,-0.6755902,-0.9170601
2026-08-17 07:49:00,96391293,1,2026-08-17 08:25:00,0.6162129965556324,36.0,0.03,0.13,0.021582734,0.0726257,0.97202796,1.0981596,0.0003541629,0.00043453366,0.8284687,1.4136807,0.6963694,0.55963343,1.6775122,0.79142857,0.88901716,0.8064446,-0.4578739,-0.59130967
2026-08-17 07:49:00,96391293,2,2026-08-17 06:42:00,0.6228925458841844,-67.0,0.03,0.02,0.021582734,0.016,0.97202796,0.78369904,0.0003541629,0.00038324948,0.8284687,1.2289559,0.6963694,0.57361346,1.6775122,0.68635315,0.88901716,0.9832549,-0.4578739,-0.18223552
2026-08-17 07:49:00,96391293,3,2026-08-17 07:00:00,0.6950167450459407,-49.0,0.03,0.08,0.021582734,0.08,0.97202796,0.8,0.0003541629,0.00032323317,0.8284687,1.3299229,0.6963694,0.4526705,1.6775122,1.9739108,0.88901716,0.9659258,-0.4578739,-0.25881904
2026-08-18 06:00:00,96484066,1,2026-08-18 05:26:00,0.6961197772218336,-34.0,0.56,0.54,0.53846157,0.4864865,0.7027027,0.5522388,0.00040058105,0.00045584055,1.1348017,0.627569,0.3026886,0.029646799,-8.377737,-6.806989,1.0,0.9890159,6.123234e-17,0.14780942
2026-08-18 06:00:00,96484066,2,2026-08-18 05:28:00,0.7220339438398832,-32.0,0.56,0.4,0.53846157,0.39215687,0.7027027,0.5746479,0.00040058105,0.00042488397,1.1348017,0.98876715,0.3026886,0.07756144,-8.377737,-7.735879,1.0,0.99026805,6.123234e-17,0.1391731
2026-08-18 06:00:00,96484066,3,2026-08-18 06:15:00,0.866487316881973,15.0,0.56,0.83,0.53846157,0.54605263,0.7027027,0.84444445,0.00040058105,0.00041599575,1.1348017,-0.016385391,0.3026886,0.1862306,-8.377737,-6.738476,1.0,0.99785894,6.123234e-17,-0.065403126
2026-08-19 08:06:00,96566692,1,2026-08-19 08:05:00,0.5713851825502925,-1.0,0.35,0.49,0.24822696,0.352518,1.1848739,1.3969849,0.00030857025,0.00030733642,-1.2450457,-0.89069664,0.09824841,0.15254268,-0.32437778,-0.1316243,0.85264015,0.85491186,-0.52249855,-0.51877326
2026-08-19 08:06:00,96566692,2,2026-08-19 08:32:00,0.9548356641249841,26.0,0.35,0.07,0.24822696,0.040935673,1.1848739,1.1362126,0.00030857025,0.000440352,-1.2450457,-1.0256162,0.09824841,-0.01641854,-0.32437778,-3.6894343,0.85264015,0.7880108,-0.52249855,-0.6156615
2026-08-19 08:06:00,96566692,3,2026-08-19 08:39:00,1.0346451032505355,33.0,0.35,0.79,0.24822696,0.28519857,1.1848739,1.3611794,0.00030857025,0.00057679904,-1.2450457,-0.8350137,0.09824841,-0.23371905,-0.32437778,-2.8931954,0.85264015,0.7688418,-0.52249855,-0.639439
2026-08-20 08:03:00,96653069,1,2026-08-20 07:56:00,0.6276126378679157,-7.0,0.33,0.26,0.2704918,0.19259259,0.94208497,1.1020408,0.00030454953,0.00029082134,0.63629574,-0.038294174,-0.04332837,0.07586969,-7.1896744,-7.5564094,0.8594064,0.8746197,-0.5112931,-0.4848096
2026-08-20 08:03:00,96653069,2,2026-08-20 07:54:00,0.6385628611348895,-9.0,0.33,0.31,0.2704918,0.3690476,0.94208497,0.6693227,0.00030454953,0.0002916014,0.63629574,1.008118,-0.04332837,0.066187695,-7.1896744,-7.0725822,0.8594064,0.87881714,-0.5112931,-0.47715876
2026-08-20 08:03:00,96653069,3,2026-08-20 07:10:00,0.6825592156731569,-53.0,0.33,0.25,0.2704918,0.23364486,0.94208497,0.80451125,0.00030454953,0.0003214679,0.63629574,0.8647365,-0.04332837,-0.18637209,-7.1896744,-2.4864311,0.8594064,0.95371693,-0.5112931,-0.3007058
2026-08-21 08:11:00,96756936,1,2026-08-21 08:12:00,1.1999756581294696,1.0,1.08,0.46,0.48214287,0.2987013,1.792,1.1937984,0.00032783733,0.00032869005,-2.347215,-2.307697,-0.91292214,-0.961882,5.515036,5.343198,0.841039,0.83867055,-0.5409745,-0.54463905
2026-08-21 08:11:00,96756936,2,2026-08-21 08:03:00,1.223630880015073,-8.0,1.08,0.57,0.48214287,0.40714285,1.792,1.0852714,0.00032783733,0.00030699922,-2.347215,-2.6061885,-0.91292214,-0.73269796,5.515036,7.1092324,0.841039,0.8594064,-0.5409745,-0.5112931
2026-08-21 08:11:00,96756936,3,2026-08-21 08:04:00,1.3925847817070824,-7.0,1.08,0.48,0.48214287,0.4,1.792,0.9677419,0.00032783733,0.00030393977,-2.347215,-2.6684759,-0.91292214,-0.82913715,5.515036,7.42368,0.841039,0.8571673,-0.5409745,-0.5150381
2026-08-24 07:34:00,96882975,1,2026-08-24 07:06:00,1.3797908822353673,-28.0,4.31,4.19,0.88501024,0.8363274,2.4049382,2.686327,0.0005036366,0.0004993218,-2.969843,-1.391266,-0.22228014,-0.66532606,1.4204454,2.4981527,0.9170601,0.95881975,-0.39874908,-0.28401536
2026-08-24 07:34:00,96882975,2,2026-08-24 07:01:00,1.4258718961595287,-33.0,4.31,3.07,0.88501024,0.87215906,2.4049382,2.0766962,0.0005036366,0.00042156153,-2.969843,-1.7336919,-0.22228014,-0.6250317,1.4204454,4.6692038,0.9170601,0.9647873,-0.39874908,-0.2630312
2026-08-24 07:34:00,96882975,3,2026-08-24 05:40:00,1.5139652725392732,-114.0,4.31,5.03,0.88501024,0.8232406,2.4049382,1.9427663,0.0005036366,0.00072670646,-2.969843,-1.9700463,-0.22228014,-0.033802103,1.4204454,5.91426,0.9170601,0.9961947,-0.39874908,0.087155744
2026-08-25 08:04:00,97042659,1,2026-08-25 07:57:00,0.6501240319943516,-7.0,0.38,0.43,0.21468927,0.27044025,0.9971831,0.9380531,0.0004186387,0.00039885417,1.0014051,0.34143433,-0.038694665,-0.2753623,-13.392646,-15.069797,0.8571673,0.872496,-0.5150381,-0.48862123
2026-08-25 08:04:00,97042659,2,2026-08-25 07:05:00,0.6764225779333295,-59.0,0.38,0.23,0.21468927,0.18110237,0.9971831,0.77675843,0.0004186387,0.00044771237,1.0014051,0.6168551,-0.038694665,-0.14443369,-13.392646,-10.490188,0.8571673,0.96004987,-0.5150381,-0.27982903
2026-08-25 08:04:00,97042659,3,2026-08-25 07:11:00,0.7570848360359506,-53.0,0.38,0.48,0.21468927,0.30769232,0.9971831,0.98734176,0.0004186387,0.00039663768,1.0014051,0.4949375,-0.038694665,0.23019762,-13.392646,-11.316464,0.8571673,0.9523958,-0.5150381,-0.3048643
2026-08-25 20:27:00,97143853,1,2026-08-25 19:44:00,0.6245595940293771,-43.0,1.56,1.38,0.67826086,0.7419355,1.0926366,0.9946524,0.0004582464,0.00044172956,-1.0252076,-0.5119231,0.048222106,0.23466764,-0.19734253,1.2691325,-0.8012538,-0.89879405,0.5983246,0.43837115
2026-08-25 20:27:00,97143853,2,2026-08-25 19:46:00,0.7319972604968356,-41.0,1.56,1.99,0.67826086,0.7991968,1.0926366,1.3315508,0.0004582464,0.0004424598,-1.0252076,-0.7400744,0.048222106,0.16467647,-0.19734253,0.56864434,-0.8012538,-0.89493436,0.5983246,0.4461978
2026-08-25 20:27:00,97143853,3,2026-08-25 20:41:00,0.7629744015248823,14.0,1.56,1.41,0.67826086,0.6527778,1.0926366,1.1428572,0.0004582464,0.0004324386,-1.0252076,-0.21922731,0.048222106,0.36335802,-0.19734253,0.26686248,-0.8012538,-0.76323247,0.5983246,0.646124
2026-08-26 07:57:00,97182841,1,2026-08-26 07:55:00,0.3762209914237331,-2.0,0.69,0.79,0.6571429,0.7383177,0.95022625,0.9385965,0.00024502262,0.00025167206,0.8530897,0.59081775,-0.07154475,-0.15387666,-9.213921,-9.102244,0.872496,0.87672675,-0.48862123,-0.48098877
2026-08-26 07:57:00,97182841,2,2026-08-26 07:56:00,0.5111724409250343,-1.0,0.69,0.47,0.6571429,0.56626505,0.95022625,0.75113124,0.00024502262,0.00024643732,0.8530897,1.1366229,-0.07154475,-0.07995696,-9.213921,-8.716966,0.872496,0.8746197,-0.48862123,-0.4848096
2026-08-26 07:57:00,97182841,3,2026-08-26 07:25:00,0.8209364791632728,-32.0,0.69,0.94,0.6571429,0.8034188,0.95022625,1.1878172,0.00024502262,0.0002534326,0.8530897,0.52697146,-0.07154475,-0.292377,-9.213921,-7.820078,0.872496,0.93200785,-0.48862123,-0.36243805
2026-08-27 11:17:00,97352852,1,2026-08-27 11:00:00,0.5752859181367447,-17.0,0.45,0.47,0.39130434,0.28658536,0.92741936,1.1349481,0.00032663145,0.0003830501,1.0305611,1.2201766,0.52894855,0.5220693,-7.228257,-9.042682,0.18652403,0.25881904,-0.9824504,-0.9659258
2026-08-27 11:17:00,97352852,2,2026-08-27 11:03:00,0.6507116223335991,-14.0,0.45,0.66,0.39130434,0.4852941,0.92741936,0.8690096,0.00032663145,0.0004149624,1.0305611,1.2613969,0.52894855,0.8033553,-7.228257,-6.0796065,0.18652403,0.2461533,-0.9824504,-0.9692309
2026-08-27 11:17:00,97352852,3,2026-08-27 11:19:00,0.8828666008795438,2.0,0.45,0.9,0.39130434,0.5294118,0.92741936,1.2830188,0.00032663145,0.00032993808,1.0305611,0.45417312,0.52894855,0.5603795,-7.228257,-7.165373,0.18652403,0.17794354,-0.9824504,-0.9840407
2026-08-28 08:18:00,97451919,1,2026-08-28 08:17:00,0.3040376365654075,-1.0,0.72,0.77,0.59504133,0.6363636,0.93436295,0.93436295,0.0002855895,0.0002871193,-0.11468028,-0.4715717,-0.48562706,-0.53634524,-5.4138317,-6.0243683,0.8241262,0.82658976,-0.56640625,-0.56280494
2026-08-28 08:18:00,97451919,2,2026-08-28 08:13:00,0.5071415298507962,-5.0,0.72,0.51,0.59504133,0.51,0.93436295,0.7782101,0.0002855895,0.00029144547,-0.11468028,0.29965958,-0.48562706,-0.53824955,-5.4138317,-5.243471,0.8241262,0.8362861,-0.56640625,-0.54829323
2026-08-28 08:18:00,97451919,3,2026-08-28 07:46:00,0.5452628449091127,-32.0,0.72,0.75,0.59504133,0.53956836,0.93436295,1.1779661,0.0002855895,0.00027988016,-0.11468028,-0.05462159,-0.48562706,-0.6367804,-5.4138317,-6.627934,0.8241262,0.89493436,-0.56640625,-0.4461978
2026-08-31 08:03:00,97638884,1,2026-08-31 06:27:00,0.77825472618914,-96.0,1.57,1.87,0.5432526,0.584375,1.6561605,1.6161616,0.00044405778,0.0005903261,0.46819815,0.2601046,0.75137466,0.72036827,-6.3570395,-4.5043607,0.8594064,0.99306846,-0.5112931,-0.117537394
2026-08-31 08:03:00,97638884,2,2026-08-31 06:24:00,0.9898121012520268,-99.0,1.57,1.65,0.5432526,0.5030488,1.6561605,1.5508274,0.00044405778,0.00061789656,0.46819815,-0.25935417,0.75137466,0.88018495,-6.3570395,-3.6607566,0.8594064,0.9945219,-0.5112931,-0.104528464
2026-08-31 08:03:00,97638884,3,2026-08-31 07:57:00,1.102181653709289,-6.0,1.57,2.14,0.5432526,0.76156586,1.6561605,1.6726191,0.00044405778,0.00039732963,0.46819815,0.8764437,0.75137466,0.39297822,-6.3570395,-8.783071,0.8594064,0.872496,-0.5112931,-0.48862123
2026-09-01 09:00:00,97800092,1,2026-09-01 08:59:00,0.7934645448423002,-1.0,2.04,2.1,0.8,0.73170733,1.0782241,1.2135307,0.0005256231,0.0005216378,-1.2812412,-0.3409531,0.43577215,0.64372563,-1.0500443,-0.18782465,0.70710677,0.71018535,-0.70710677,-0.7040147
2026-09-01 09:00:00,97800092,2,2026-09-01 08:52:00,1.2522541828804423,-8.0,2.04,1.67,0.8,0.6301887,1.0782241,1.0291262,0.0005256231,0.00057623023,-1.2812412,-0.7384448,0.43577215,1.0589353,-1.0500443,-0.22600915,0.70710677,0.7313537,-0.70710677,-0.6819984
2026-09-01 09:00:00,97800092,3,2026-09-01 08:14:00,1.2862602093906204,-46.0,2.04,0.93,0.8,0.6458333,1.0782241,1.0786517,0.0005256231,0.00033872575,-1.2812412,-0.9463688,0.43577215,0.38007462,-1.0500443,-8.854875,0.70710677,0.83388585,-0.70710677,-0.551937
2026-09-02 09:04:00,97982386,1,2026-09-02 09:47:00,1.0158553933749852,43.0,3.1,3.18,0.8659218,0.9578313,1.8941799,1.5125284,0.0005177972,0.0005631131,-0.9435965,-1.9193385,-0.034650315,0.09915606,3.0988157,3.4474814,0.6946584,0.54829323,-0.7193398,-0.8362861
2026-09-02 09:04:00,97982386,2,2026-09-02 10:07:00,1.1129543000580877,63.0,3.1,3.1,0.8659218,0.8093995,1.8941799,1.915,0.0005177972,0.00055517076,-0.9435965,0.44586316,-0.034650315,0.20191164,3.0988157,4.1164236,0.6946584,0.47331968,-0.7193398,-0.8808907
2026-09-02 09:04:00,97982386,3,2026-09-02 09:19:00,1.299668202137105,15.0,3.1,4.56,0.8659218,0.97228146,1.8941799,2.048035,0.0005177972,0.0006250854,-0.9435965,-0.36237612,-0.034650315,0.42675933,3.0988157,5.3480186,0.6946584,0.646124,-0.7193398,-0.76323247
2026-09-02 18:21:00,98070555,1,2026-09-02 18:01:00,0.9440028568415054,-20.0,2.78,2.49,0.8881789,0.778125,1.1811321,1.4446952,0.00057664624,0.0005815654,-1.5011342,-0.65646243,-1.0112838,-0.83441615,13.858284,17.27652,-0.9958049,-0.99999046,0.091501616,0.004363309
2026-09-02 18:21:00,98070555,2,2026-09-02 18:16:00,1.1088236173326653,-5.0,2.78,1.96,0.8881789,0.702509,1.1811321,1.0072203,0.00057664624,0.00064526475,-1.5011342,-1.4289879,-1.0112838,-0.58725965,13.858284,13.821033,-0.9958049,-0.9975641,0.091501616,0.06975647
2026-09-02 18:21:00,98070555,3,2026-09-02 18:23:00,1.1153247117794522,2.0,2.78,2.75,0.8881789,0.7033248,1.1811321,1.4644195,0.00057664624,0.0005838213,-1.5011342,-0.37245348,-1.0112838,-1.0121553,13.858284,14.466461,-0.9958049,-0.99496853,0.091501616,0.10018806
2026-09-03 08:48:00,98161217,1,2026-09-03 08:47:00,0.8459503959003387,-1.0,3.72,3.04,0.9587629,0.781491,1.2700491,1.3917711,0.00063092983,0.0006093724,1.1799831,0.7781524,0.3417035,0.24891376,7.2091756,6.037979,0.7431448,0.7460574,-0.6691306,-0.6658817
2026-09-03 08:48:00,98161217,2,2026-09-03 08:49:00,0.956024990353898,1.0,3.72,2.93,0.9587629,0.9669967,1.2700491,0.9774194,0.00063092983,0.0006344305,1.1799831,2.1463861,0.3417035,0.5155943,7.2091756,8.175217,0.7431448,0.7402181,-0.6691306,-0.6723668
2026-09-03 08:48:00,98161217,3,2026-09-03 08:45:00,1.0507585954812135,-3.0,3.72,2.27,0.9587629,0.8901961,1.2700491,0.91234344,0.00063092983,0.0005956636,1.1799831,1.4773216,0.3417035,0.23001225,7.2091756,7.438969,0.7431448,0.7518398,-0.6691306,-0.6593458
2026-09-03 12:36:00,98188192,1,2026-09-03 12:10:00,0.6621459218225592,-26.0,0.93,0.7,0.5923567,0.52238804,0.95151514,0.85623,0.00041235494,0.00046709643,1.7214081,1.2682042,0.1926387,0.47238436,9.493786,9.715416,-0.15643446,-0.043619387,-0.98768836,-0.99904823
2026-09-03 12:36:00,98188192,2,2026-09-03 11:34:00,0.7734472102085052,-62.0,0.93,1.1,0.5923567,0.49327356,0.95151514,0.94692147,0.00041235494,0.00054401363,1.7214081,1.1803082,0.1926387,0.34489524,9.493786,8.298032,-0.15643446,0.11320321,-0.98768836,-0.9935719
2026-09-03 12:36:00,98188192,3,2026-09-03 10:57:00,0.9584282829224917,-99.0,0.93,0.6,0.5923567,0.5263158,0.95151514,0.5968586,0.00041235494,0.00046278824,1.7214081,1.4734625,0.1926387,0.2526431,9.493786,6.003655,-0.15643446,0.27144045,-0.98768836,-0.9624552
2026-09-04 15:43:00,98366050,1,2026-09-04 15:44:00,1.1826994308980505,1.0,1.37,2.42,0.24954462,0.5127119,0.73790324,0.6344086,0.002311633,0.002224225,1.1151537,0.8898547,-1.4729514,-1.3817277,-6.4934354,-6.9632874,-0.82658976,-0.82903755,-0.56280494,-0.5591929
2026-09-04 15:43:00,98366050,2,2026-09-04 15:41:00,1.2081913378214992,-2.0,1.37,2.74,0.24954462,0.37027028,0.73790324,0.99462366,0.002311633,0.0024550345,1.1151537,0.48573822,-1.4729514,-1.7602466,-6.4934354,-6.9815273,-0.82658976,-0.8216469,-0.56280494,-0.5699968
2026-09-04 15:43:00,98366050,3,2026-09-04 15:51:00,1.2657841063611042,8.0,1.37,0.66,0.24954462,0.14410481,0.73790324,0.57610065,0.002311633,0.0020086886,1.1151537,0.73359114,-1.4729514,-0.9997057,-6.4934354,-7.874525,-0.82658976,-0.8457278,-0.56280494,-0.5336145
2026-09-07 10:01:00,98440487,1,2026-09-07 10:45:00,0.9627794763372524,44.0,2.27,2.04,0.84074074,0.83950615,1.8815331,1.3206521,0.00040365537,0.00046031352,0.69898427,0.50902855,-0.47173786,-0.40186426,-6.783981,-4.892522,0.4962165,0.32143947,-0.8681988,-0.9469301
2026-09-07 10:01:00,98440487,2,2026-09-07 10:36:00,0.9902569795651287,35.0,2.27,2.14,0.84074074,0.856,1.8815331,1.347709,0.00040365537,0.0004890413,0.69898427,0.6463413,-0.47173786,-0.2548924,-6.783981,-3.9474652,0.4962165,0.35836795,-0.8681988,-0.9335804
2026-09-07 10:01:00,98440487,3,2026-09-07 10:38:00,1.189046203841542,37.0,2.27,2.05,0.84074074,0.79457366,1.8815331,1.3402598,0.00040365537,0.00048705473,0.69898427,0.023349136,-0.47173786,-0.12244559,-6.783981,-4.346496,0.4962165,0.3502074,-0.8681988,-0.9366722
2026-09-08 20:07:00,99000862,1,2026-09-08 19:32:00,0.8544989347090628,-35.0,0.38,0.37,0.28787878,0.19892474,0.704,0.9276808,0.00049793406,0.0005461762,1.7251322,0.9831815,0.877193,0.6432179,-2.409982,-4.7047663,-0.8503522,-0.92050487,0.52621394,0.39073113
2026-09-08 20:07:00,99000862,2,2026-09-08 19:34:00,0.9539731673578994,-33.0,0.38,0.31,0.28787878,0.23308271,0.704,0.7074468,0.00049793406,0.0005027122,1.7251322,0.5205631,0.877193,0.6996271,-2.409982,-5.287236,-0.8503522,-0.9170601,0.52621394,0.39874908
2026-09-08 20:07:00,99000862,3,2026-09-08 19:30:00,1.19649972552947,-37.0,0.38,0.7,0.28787878,0.44025156,0.704,0.73103446,0.00049793406,0.00054651103,1.7251322,0.5955064,0.877193,0.49804506,-2.409982,-5.1154246,-0.8503522,-0.9238795,0.52621394,0.38268343
2026-09-09 16:01:00,99208828,1,2026-09-09 14:52:00,1.007319043951101,-69.0,4.6,4.02,0.7641196,0.95486933,3.372549,3.189394,0.00048479915,0.00048362816,2.6882014,2.616893,0.81315565,0.6490122,7.5394816,10.527791,-0.8681988,-0.6819984,-0.4962165,-0.7313537
2026-09-09 16:01:00,99208828,2,2026-09-09 16:04:00,2.0444311647165043,3.0,4.6,2.3,0.7641196,0.54761904,3.372549,2.683706,0.00048479915,0.00052969326,2.6882014,1.5172703,0.81315565,1.0308207,7.5394816,6.9531283,-0.8681988,-0.8746197,-0.4962165,-0.4848096
2026-09-09 16:01:00,99208828,3,2026-09-09 16:20:00,2.093365876714042,19.0,4.6,4.13,0.7641196,0.82107353,3.372549,2.2256637,0.00048479915,0.00053785136,2.6882014,1.7594554,0.81315565,1.2690123,7.5394816,11.681269,-0.8681988,-0.9063078,-0.4962165,-0.42261827
2026-09-10 22:27:00,99615317,1,2026-09-10 22:28:00,1.2360564887112986,1.0,1.05,0.77,0.73272854,0.42400882,0.66296554,0.9174034,0.0006096308,0.0005959386,2.4197345,2.4438906,0.5417938,0.69523627,-19.59353,-19.731485,-0.39474386,-0.39073113,0.91879123,0.92050487
2026-09-10 22:27:00,99615317,2,2026-09-10 22:23:00,1.325461465466275,-4.0,1.05,0.86,0.73272854,0.67876875,0.66296554,0.504379,0.0006096308,0.0006069267,2.4197345,1.5123012,0.5417938,-0.1563932,-19.59353,-21.868563,-0.39474386,-0.41071886,0.91879123,0.91176206
2026-09-10 22:27:00,99615317,3,2026-09-10 22:29:00,1.40520248622289,2.0,1.05,2.38,0.73272854,0.8981132,0.66296554,1.2260004,0.0006096308,0.0005980753,2.4197345,1.7063761,0.5417938,0.68381214,-19.59353,-20.596079,-0.39474386,-0.38671097,0.91879123,0.922201
2026-09-11 07:57:00,99738973,1,2026-09-11 08:18:00,0.6221175922316714,21.0,1.097,1.011,0.8329537,0.69724137,0.6084546,0.6860658,0.00048223409,0.0005219284,-0.08230551,-0.20374663,0.85103977,0.6639538,5.76917,5.84619,0.872496,0.8241262,-0.48862123,-0.56640625
2026-09-11 07:57:00,99738973,2,2026-09-11 08:52:00,0.7013381682699928,55.0,1.097,1.63,0.8329537,0.8956044,0.6084546,0.62435675,0.00048223409,0.00060845894,-0.08230551,0.25715292,0.85103977,0.9037818,5.76917,8.499006,0.872496,0.7313537,-0.48862123,-0.6819984
2026-09-11 07:57:00,99738973,3,2026-09-11 08:24:00,0.7053082350529661,27.0,1.097,0.678,0.8329537,0.7541713,0.6084546,0.41882133,0.00048223409,0.00047542862,-0.08230551,-0.5479925,0.85103977,0.63301975,5.76917,7.4057007,0.872496,0.809017,-0.48862123,-0.58778524
2026-09-11 18:20:00,99754992,1,2026-09-11 18:59:00,0.738345267859971,39.0,0.467,0.46,0.38916665,0.34664658,0.4921058,0.64308214,0.00064210204,0.0005234213,-0.053553533,-0.743995,-0.7569654,-0.6378223,6.8145204,9.3355,-0.9961947,-0.96704596,0.087155744,0.25460196
2026-09-11 18:20:00,99754992,2,2026-09-11 18:07:00,0.7664419865167346,-13.0,0.467,0.77,0.38916665,0.4375,0.4921058,0.58853036,0.00064210204,0.0006927919,-0.053553533,-0.9780791,-0.7569654,-0.5978576,6.8145204,8.4559145,-0.9961947,-0.9995336,0.087155744,0.030538512
2026-09-11 18:20:00,99754992,3,2026-09-11 17:36:00,0.9974583001921973,-44.0,0.467,0.48,0.38916665,0.20689656,0.4921058,0.68125093,0.00064210204,0.0008072367,-0.053553533,-0.58668107,-0.7569654,-0.90717256,6.8145204,8.332894,-0.9961947,-0.9945219,0.087155744,-0.104528464
2026-09-15 08:52:00,100126875,1,2026-09-15 09:23:00,0.5477294296336777,31.0,0.69,0.65,0.289551,0.3051643,1.1047752,1.1430105,0.0004778117,0.00043818538,-0.52607495,-0.8511445,0.015997756,-0.18607417,-1.2939126,-4.4431243,0.7313537,0.63270533,-0.6819984,-0.77439266
2026-09-15 08:52:00,100126875,2,2026-09-15 09:22:00,0.6839190794345037,30.0,0.69,0.68,0.289551,0.38857144,1.1047752,1.0648007,0.0004778117,0.00043376896,-0.52607495,-0.54122984,0.015997756,-0.23838869,-1.2939126,-4.867203,0.7313537,0.63607824,-0.6819984,-0.77162457
2026-09-15 08:52:00,100126875,3,2026-09-15 09:27:00,0.7337907151026971,35.0,0.69,0.42,0.289551,0.2559415,1.1047752,0.9678561,0.0004778117,0.0004251283,-0.52607495,-0.6214918,0.015997756,-0.276871,-1.2939126,-5.5293555,0.7313537,0.61909395,-0.6819984,-0.78531694
2026-09-16 09:36:00,100453335,1,2026-09-16 08:12:00,0.6893932343348486,-84.0,0.25,0.26,0.12195122,0.17218544,1.3442622,1.3422222,0.00038044728,0.0003165882,-0.686767,-0.59936464,-0.26299393,-0.06821777,9.20929,11.47595,0.58778524,0.83867055,-0.809017,-0.54463905
2026-09-16 09:36:00,100453335,2,2026-09-16 09:31:00,1.0192544666466155,-5.0,0.25,0.46,0.12195122,0.3026316,1.3442622,0.96202534,0.00038044728,0.00038865642,-0.686767,-0.27359235,-0.26299393,-0.017192341,9.20929,9.747585,0.58778524,0.605294,-0.809017,-0.79600203
2026-09-16 09:36:00,100453335,3,2026-09-16 09:22:00,1.1125936769211502,-14.0,0.25,0.19,0.12195122,0.08755761,1.3442622,1.2089137,0.00038044728,0.00042969547,-0.686767,0.6560947,-0.26299393,0.09644696,9.20929,9.746446,0.58778524,0.63607824,-0.809017,-0.77162457
2026-09-17 06:00:00,100653865,1,2026-09-17 05:17:00,0.9963276123444363,-43.0,0.07,0.13,0.03763441,0.06666667,0.73663366,0.70397115,0.00062661653,0.00070128066,0.3805955,0.9479244,-0.89191943,-1.382984,-4.8954554,-1.3879893,1.0,0.9824504,6.123234e-17,0.18652403
2026-09-17 06:00:00,100653865,2,2026-09-17 05:03:00,1.1343005745299952,-57.0,0.07,0.04,0.03763441,0.02,0.73663366,0.90293455,0.00062661653,0.0005647916,0.3805955,-0.38714233,-0.89191943,-1.1687254,-4.8954554,2.9970279,1.0,0.9692309,6.123234e-17,0.2461533
2026-09-17 06:00:00,100653865,3,2026-09-17 05:57:00,1.228558468859638,-3.0,0.07,0.38,0.03763441,0.27737227,0.73663366,0.5792812,0.00062661653,0.00060374313,0.3805955,-0.7356827,-0.89191943,-1.0561581,-4.8954554,-4.8646426,1.0,0.99991435,6.123234e-17,0.013089595
2026-09-17 09:20:00,100675478,1,2026-09-17 09:18:00,0.5465189455995046,-2.0,0.88,0.58,0.460733,0.39455783,0.86621314,0.6666667,0.0005195353,0.00053701893,-2.0690665,-1.7384609,0.28292343,0.436218,6.9526434,6.2322025,0.64278764,0.64944804,-0.76604444,-0.76040596
2026-09-17 09:20:00,100675478,2,2026-09-17 09:37:00,0.6699564011377397,17.0,0.88,0.87,0.460733,0.58389264,0.86621314,0.7842105,0.0005195353,0.000494323,-2.0690665,-2.4362912,0.28292343,0.51792294,6.9526434,8.11028,0.64278764,0.5842497,-0.76604444,-0.811574
2026-09-17 09:20:00,100675478,3,2026-09-17 09:41:00,0.8309729746828005,21.0,0.88,1.05,0.460733,0.54404145,0.86621314,0.9460784,0.0005195353,0.00048174572,-2.0690665,-1.6868474,0.28292343,-0.15529394,6.9526434,7.0644283,0.64278764,0.5699968,-0.76604444,-0.8216469
2026-09-17 16:21:00,100829495,1,2026-09-17 17:05:00,0.6356389425399008,44.0,1.21,0.74,0.46007603,0.44311377,0.76342523,0.5210608,0.0007909501,0.0007303768,1.0435985,0.8304574,0.41563913,0.27835646,16.728489,15.186093,-0.90814316,-0.9713421,-0.41865975,-0.23768589
2026-09-17 16:21:00,100829495,2,2026-09-17 15:57:00,0.7780300830174091,-24.0,1.21,0.84,0.46007603,0.38181818,0.76342523,0.730897,0.0007909501,0.00070865406,1.0435985,0.26471734,0.41563913,0.60054046,16.728489,18.952347,-0.90814316,-0.8594064,-0.41865975,-0.5112931
2026-09-17 16:21:00,100829495,3,2026-09-17 17:04:00,0.8043595713861067,43.0,1.21,1.36,0.46007603,0.63849765,0.76342523,0.6604651,0.0007909501,0.0007570284,1.0435985,1.0761745,0.41563913,0.24605595,16.728489,14.907037,-0.90814316,-0.9702957,-0.41865975,-0.2419219
2026-09-18 06:25:00,00983845,1,2026-09-18 04:49:00,1.324875048761225,-96.0,0.92,1.53,0.9787234,0.8095238,0.3560606,0.8513514,0.000593674,0.0005195192,-0.48561293,-0.517929,-1.255404,-1.0212903,-5.8715296,-2.2019265,0.99405634,0.9523958,-0.10886688,0.3048643
2026-09-18 06:25:00,00983845,2,2026-09-18 06:26:00,1.3890664458133022,1.0,0.92,0.73,0.9787234,0.71568626,0.3560606,0.42411643,0.000593674,0.0005681679,-0.48561293,-1.928494,-1.255404,-1.3149989,-5.8715296,-6.4090176,0.99405634,0.9935719,-0.10886688,-0.11320321
2026-09-18 06:25:00,00983845,3,2026-09-18 06:13:00,1.7292414178605922,-12.0,0.92,1.41,0.9787234,0.7921348,0.3560606,0.81093395,0.000593674,0.0004966513,-0.48561293,-0.41217855,-1.255404,-0.42320013,-5.8715296,-1.9097632,0.99405634,0.9983917,-0.10886688,-0.056692787
