trade_ticket,trade_time,trade_direction,control_time,clock_event,state_similarity,state_difference,market_difference,event_difference,candidate_hidden_condition
36094988,2025-09-25 19:32:56,Buy,2025-09-25 22:32:00,M30 phase 2,1.3877391077710861,trades_session_before Δz=3.99; trades_today_before Δz=2.05; h1_price_ema20 Δz=1.08; cooldown_log_seconds Δz=0.93,m1_return_5 Δ=0.000131172; m1_ema20_dist Δ=0.479,"event_any, event_count","event_any, event_count"
36095791,2025-09-25 19:43:46,Sell,2025-09-25 20:43:00,M30 phase 13,1.5144085189297742,cooldown_log_seconds Δz=4.73; trades_session_before Δz=1.99; trades_today_before Δz=1.03; m15_price_ema20 Δz=0.24,m1_return_5 Δ=0.000154712; m1_ema20_dist Δ=0.126,same measured event flags,no isolated measured clock/event condition
36148327,2025-09-26 18:47:57,Buy,2025-09-26 18:17:00,M30 phase 17,0.103598621898906,m1_ema20_dist Δz=0.21; m1_atr_ratio Δz=0.18; m1_return_5 Δz=0.18; m15_price_ema20 Δz=0.11,m1_return_5 Δ=-0.000196154; m1_ema20_dist Δ=0.289,same measured event flags,no isolated measured clock/event condition
36168589,2025-09-29 08:46:42,Buy,2025-09-29 08:16:00,M30 phase 16,0.26136762726059487,m15_price_ema20 Δz=0.57; m1_ema20_dist Δz=0.51; m1_range Δz=0.46; m1_atr_ratio Δz=0.14,m1_return_5 Δ=7.98e-09; m1_ema20_dist Δ=0.696,same measured event flags,no isolated measured clock/event condition
36168590,2025-09-29 08:46:47,Buy,2025-09-29 08:16:00,M30 phase 16,0.26136762726059487,m15_price_ema20 Δz=0.57; m1_ema20_dist Δz=0.51; m1_range Δz=0.46; m1_atr_ratio Δz=0.14,m1_return_5 Δ=7.98e-09; m1_ema20_dist Δ=0.696,same measured event flags,no isolated measured clock/event condition
36227385,2025-09-30 11:20:52,Sell,2025-09-30 10:50:00,M30 phase 20,0.430412189647175,m1_range Δz=0.86; h1_price_ema20 Δz=0.79; m1_return_5 Δz=0.68; m15_price_ema20 Δz=0.52,m1_return_5 Δ=-0.000744295; m1_ema20_dist Δ=-0.264,same measured event flags,no isolated measured clock/event condition
36227388,2025-09-30 11:20:57,Sell,2025-09-30 10:50:00,M30 phase 20,0.430412189647175,m1_range Δz=0.86; h1_price_ema20 Δz=0.79; m1_return_5 Δz=0.68; m15_price_ema20 Δz=0.52,m1_return_5 Δ=-0.000744295; m1_ema20_dist Δ=-0.264,same measured event flags,no isolated measured clock/event condition
36228676,2025-09-30 11:25:56,Sell,2025-09-30 11:55:00,M30 phase 25,1.4179823758880334,trades_prev_hour Δz=3.57; cooldown_log_seconds Δz=2.00; trades_session_before Δz=1.99; m15_price_ema20 Δz=1.13,m1_return_5 Δ=9.57499e-05; m1_ema20_dist Δ=-0.944,"event_any, event_count","event_any, event_count"
36274877,2025-10-01 09:25:14,Buy,2025-10-01 07:25:00,M30 phase 25,0.17551116736951503,m1_ema20_dist Δz=0.36; m15_price_ema20 Δz=0.35; m1_atr_ratio Δz=0.25; m1_return_5 Δz=0.20,m1_return_5 Δ=0.00022046; m1_ema20_dist Δ=-0.484,"event_any, event_count","event_any, event_count"
36283671,2025-10-01 11:28:02,Sell,2025-10-01 10:58:00,M30 phase 28,0.6151037301021091,m15_price_ema20 Δz=1.80; h1_price_ema20 Δz=0.97; m1_return_5 Δz=0.39; m1_ema20_dist Δz=0.37,m1_return_5 Δ=0.000426375; m1_ema20_dist Δ=0.5,same measured event flags,no isolated measured clock/event condition
36322976,2025-10-02 08:13:35,Buy,2025-10-02 07:43:00,M30 phase 13,0.5525182211992087,m1_ema20_dist Δz=1.85; m15_price_ema20 Δz=0.31; m1_range Δz=0.29; m1_atr_ratio Δz=0.18,m1_return_5 Δ=-5.96209e-06; m1_ema20_dist Δ=2.51,same measured event flags,no isolated measured clock/event condition
36334931,2025-10-02 15:17:55,Buy,2025-10-02 13:47:00,M30 phase 17,0.48490390195691097,m1_ema20_dist Δz=1.36; m1_return_5 Δz=0.79; h1_price_ema20 Δz=0.32; m1_range Δz=0.30,m1_return_5 Δ=-0.000868767; m1_ema20_dist Δ=-1.84,"event_any, event_count","event_any, event_count"
36335183,2025-10-02 15:23:08,Buy,2025-10-02 14:53:00,M30 phase 23,1.6484756679405197,cooldown_log_seconds Δz=3.66; trades_prev_hour Δz=3.57; trades_session_before Δz=1.99; trades_today_before Δz=1.03,m1_return_5 Δ=0.000458457; m1_ema20_dist Δ=-1.22,same measured event flags,no isolated measured clock/event condition
36335196,2025-10-02 15:23:37,Buy,2025-10-02 14:53:00,M30 phase 23,1.6484756679405197,cooldown_log_seconds Δz=3.66; trades_prev_hour Δz=3.57; trades_session_before Δz=1.99; trades_today_before Δz=1.03,m1_return_5 Δ=0.000458457; m1_ema20_dist Δ=-1.22,same measured event flags,no isolated measured clock/event condition
36337657,2025-10-02 16:13:13,Sell,2025-10-02 15:43:00,M30 phase 13,1.0959335660514122,m1_ema20_dist Δz=2.88; m1_return_5 Δz=2.06; cooldown_log_seconds Δz=0.96; m1_range Δz=0.94,m1_return_5 Δ=0.00226668; m1_ema20_dist Δ=3.9,event_count,event_count
36368405,2025-10-03 10:17:25,Buy,2025-10-03 09:47:00,M30 phase 17,0.23975154759445097,m1_ema20_dist Δz=0.57; m1_range Δz=0.44; m1_return_5 Δz=0.34; h1_price_ema20 Δz=0.22,m1_return_5 Δ=0.000374845; m1_ema20_dist Δ=0.772,"event_any, event_count","event_any, event_count"
36383087,2025-10-03 18:18:08,Buy,2025-10-03 22:18:00,M30 phase 18,0.7000102987061765,trades_session_before Δz=1.99; trades_today_before Δz=1.03; m1_atr_ratio Δz=0.58; cooldown_log_seconds Δz=0.52,m1_return_5 Δ=0.000314109; m1_ema20_dist Δ=0.314,same measured event flags,no isolated measured clock/event condition
36414174,2025-10-06 12:14:39,Sell,2025-10-06 10:44:00,M30 phase 14,0.19517921388658227,m1_atr_ratio Δz=0.41; m15_price_ema20 Δz=0.36; m1_return_5 Δz=0.30; m1_range Δz=0.25,m1_return_5 Δ=0.000330529; m1_ema20_dist Δ=0.0221,same measured event flags,no isolated measured clock/event condition
36416362,2025-10-06 14:10:55,Sell,2025-10-06 13:40:00,M30 phase 10,0.8386566744265747,m1_ema20_dist Δz=2.69; m1_return_5 Δz=1.02; cooldown_log_seconds Δz=0.30; h1_price_ema20 Δz=0.18,m1_return_5 Δ=-0.00112163; m1_ema20_dist Δ=-3.65,"event_any, event_count","event_any, event_count"
36450406,2025-10-07 08:47:44,Sell,2025-10-07 08:17:00,M30 phase 17,0.2040058783699944,m1_ema20_dist Δz=0.53; m15_price_ema20 Δz=0.37; m1_atr_ratio Δz=0.24; m1_range Δz=0.15,m1_return_5 Δ=-6.55618e-05; m1_ema20_dist Δ=0.714,"event_any, event_count","event_any, event_count"
36450588,2025-10-07 08:53:49,Sell,2025-10-07 07:53:00,M30 phase 23,2.5317608626562613,active_positions_before_candidate Δz=7.45; trades_prev_hour Δz=3.57; trades_session_before Δz=1.99; m15_price_ema20 Δz=1.54,m1_return_5 Δ=0.000481336; m1_ema20_dist Δ=-0.381,"event_any, event_count","event_any, event_count"
36451248,2025-10-07 09:17:36,Buy,2025-10-07 09:47:00,M30 phase 17,1.2479165162897659,trades_prev_hour Δz=3.57; trades_session_before Δz=1.99; trades_today_before Δz=1.03; m15_price_ema20 Δz=0.62,m1_return_5 Δ=-0.000206457; m1_ema20_dist Δ=0.235,same measured event flags,no isolated measured clock/event condition
36508294,2025-10-08 12:19:47,Sell,2025-10-08 10:49:00,M30 phase 19,0.309850339531171,m1_ema20_dist Δz=0.84; m15_price_ema20 Δz=0.61; m1_atr_ratio Δz=0.17; m1_return_5 Δz=0.15,m1_return_5 Δ=-0.000168469; m1_ema20_dist Δ=-1.13,event_count,event_count
36508676,2025-10-08 12:36:16,Buy,2025-10-08 10:06:00,M30 phase 6,1.8619958749177763,cooldown_log_seconds Δz=4.60; trades_prev_hour Δz=3.57; trades_session_before Δz=1.99; seconds_since_last_entry Δz=1.26,m1_return_5 Δ=-0.000213444; m1_ema20_dist Δ=-0.605,same measured event flags,no isolated measured clock/event condition
36508993,2025-10-08 12:42:32,Buy,2025-10-08 09:42:00,M30 phase 12,2.8485224688888255,trades_prev_hour Δz=7.14; cooldown_log_seconds Δz=4.88; trades_session_before Δz=3.99; trades_today_before Δz=2.05,m1_return_5 Δ=0.00044783; m1_ema20_dist Δ=0.509,event_count,event_count
36561296,2025-10-09 14:04:35,Sell,2025-10-09 13:04:00,M30 phase 4,0.4832995135475074,m1_ema20_dist Δz=1.14; m1_return_5 Δz=0.81; m15_price_ema20 Δz=0.77; m1_range Δz=0.40,m1_return_5 Δ=-0.000890916; m1_ema20_dist Δ=-1.55,"event_any, event_count","event_any, event_count"
36562289,2025-10-09 14:19:30,Buy,2025-10-09 15:19:00,M30 phase 19,1.7535135497775325,trades_session_before Δz=3.99; trades_prev_hour Δz=3.57; trades_today_before Δz=2.05; m1_ema20_dist Δz=1.32,m1_return_5 Δ=-0.000921759; m1_ema20_dist Δ=-1.79,"event_any, event_count","event_any, event_count"
36562770,2025-10-09 14:42:13,Buy,2025-10-09 15:12:00,M30 phase 12,1.0074146612070582,m1_ema20_dist Δz=2.23; trades_session_before Δz=1.99; trades_today_before Δz=1.03; m15_price_ema20 Δz=0.98,m1_return_5 Δ=0.000757128; m1_ema20_dist Δ=3.03,same measured event flags,no isolated measured clock/event condition
36640713,2025-10-10 19:29:10,Buy,2025-10-10 18:59:00,M30 phase 29,0.49410843376416413,m15_price_ema20 Δz=1.13; m1_ema20_dist Δz=0.85; m1_return_5 Δz=0.64; m1_range Δz=0.62,m1_return_5 Δ=0.000708704; m1_ema20_dist Δ=1.15,"event_any, event_count","event_any, event_count"
36682106,2025-10-13 15:38:45,Sell,2025-10-13 13:08:00,M30 phase 8,0.352546003372088,m1_return_5 Δz=1.00; m1_atr_ratio Δz=0.37; h1_price_ema20 Δz=0.34; m1_ema20_dist Δz=0.33,m1_return_5 Δ=-0.00110221; m1_ema20_dist Δ=-0.443,same measured event flags,no isolated measured clock/event condition
36725889,2025-10-14 10:42:54,Sell,2025-10-14 10:12:00,M30 phase 12,0.3458390600281198,m15_price_ema20 Δz=0.71; m1_ema20_dist Δz=0.63; m1_return_5 Δz=0.59; m1_range Δz=0.43,m1_return_5 Δ=0.000647874; m1_ema20_dist Δ=0.852,"event_any, event_count","event_any, event_count"
36726171,2025-10-14 10:52:46,Sell,2025-10-14 11:52:00,M30 phase 22,0.8337517768833785,trades_session_before Δz=1.99; cooldown_log_seconds Δz=1.55; trades_today_before Δz=1.03; m15_price_ema20 Δz=0.55,m1_return_5 Δ=-0.000590082; m1_ema20_dist Δ=0.299,event_count,event_count
36768836,2025-10-15 09:35:08,Buy,2025-10-15 09:05:00,M30 phase 5,0.15869022394799862,m1_return_5 Δz=0.47; m15_price_ema20 Δz=0.23; m1_atr_ratio Δz=0.16; m1_ema20_dist Δz=0.05,m1_return_5 Δ=-0.000515119; m1_ema20_dist Δ=0.0737,same measured event flags,no isolated measured clock/event condition
36829765,2025-10-16 13:15:47,Sell,2025-10-16 16:45:00,M30 phase 15,2.053051491224625,trades_session_before Δz=5.98; trades_today_before Δz=3.08; cooldown_log_seconds Δz=1.65; seconds_since_last_entry Δz=1.25,m1_return_5 Δ=-0.000479657; m1_ema20_dist Δ=-0.533,"event_any, event_count","event_any, event_count"
36829878,2025-10-16 13:23:12,Buy,2025-10-16 14:23:00,M30 phase 23,1.7329085400058553,trades_session_before Δz=3.99; trades_prev_hour Δz=3.57; trades_today_before Δz=2.05; cooldown_log_seconds Δz=1.69,m1_return_5 Δ=-0.000278131; m1_ema20_dist Δ=-0.496,same measured event flags,no isolated measured clock/event condition
36829995,2025-10-16 13:29:09,Buy,2025-10-16 14:29:00,M30 phase 29,1.3576841922896756,trades_prev_hour Δz=3.57; cooldown_log_seconds Δz=2.03; trades_session_before Δz=1.99; trades_today_before Δz=1.03,m1_return_5 Δ=0.000354648; m1_ema20_dist Δ=0.165,"event_any, event_count","event_any, event_count"
36893509,2025-10-17 13:15:10,Buy,2025-10-17 14:45:00,M30 phase 15,1.3549788418499233,m1_return_5 Δz=2.27; cooldown_log_seconds Δz=2.14; trades_session_before Δz=1.99; m1_atr_ratio Δz=1.63,m1_return_5 Δ=0.00250452; m1_ema20_dist Δ=0.876,event_count,event_count
36902372,2025-10-17 15:37:18,Sell,2025-10-17 15:07:00,M30 phase 7,0.5451097779384189,m1_return_5 Δz=1.30; m1_ema20_dist Δz=0.82; m15_price_ema20 Δz=0.70; m1_range Δz=0.70,m1_return_5 Δ=-0.00142602; m1_ema20_dist Δ=1.11,"event_any, event_count","event_any, event_count"
36954767,2025-10-20 11:47:26,Sell,2025-10-20 08:17:00,M30 phase 17,0.1566943565265693,m1_return_5 Δz=0.34; m1_ema20_dist Δz=0.29; seconds_since_last_entry Δz=0.18; m1_range Δz=0.16,m1_return_5 Δ=-0.000370163; m1_ema20_dist Δ=-0.398,same measured event flags,no isolated measured clock/event condition
36997575,2025-10-21 10:23:43,Buy,2025-10-21 07:23:00,M30 phase 23,0.24979264503334286,m1_atr_ratio Δz=0.66; m1_range Δz=0.46; m1_return_5 Δz=0.22; seconds_since_last_entry Δz=0.15,m1_return_5 Δ=-0.000241419; m1_ema20_dist Δ=0.0179,same measured event flags,no isolated measured clock/event condition
36998918,2025-10-21 10:42:21,Buy,2025-10-21 11:42:00,M30 phase 12,0.978146872962549,trades_session_before Δz=1.99; m15_price_ema20 Δz=1.48; m1_ema20_dist Δz=1.20; h1_price_ema20 Δz=1.19,m1_return_5 Δ=0.000299051; m1_ema20_dist Δ=-1.63,"event_any, event_count","event_any, event_count"
37005647,2025-10-21 13:56:35,Sell,2025-10-21 13:26:00,M30 phase 26,0.8594973481870953,m1_return_5 Δz=2.18; m1_ema20_dist Δz=1.43; m1_range Δz=1.30; m1_atr_ratio Δz=0.54,m1_return_5 Δ=-0.00239641; m1_ema20_dist Δ=-1.94,same measured event flags,no isolated measured clock/event condition
37045628,2025-10-22 10:02:29,Sell,2025-10-22 08:32:00,M30 phase 2,0.41502935450155276,m1_range Δz=0.88; m1_return_5 Δz=0.86; h1_price_ema20 Δz=0.57; m15_price_ema20 Δz=0.31,m1_return_5 Δ=-0.000947877; m1_ema20_dist Δ=0.378,"event_count, clock_h1_post120","event_count, clock_h1_post120"
37082195,2025-10-23 08:30:44,Buy,2025-10-23 08:00:00,M30 phase 0,0.28315558992332424,m1_return_5 Δz=0.91; m1_range Δz=0.29; m1_ema20_dist Δz=0.21; m1_atr_ratio Δz=0.10,m1_return_5 Δ=0.000998614; m1_ema20_dist Δ=0.289,clock_h1_post120,clock_h1_post120
37145681,2025-10-24 19:34:45,Sell,2025-10-24 19:04:00,M30 phase 4,0.20276232648975406,m1_return_5 Δz=0.63; m1_atr_ratio Δz=0.25; m1_range Δz=0.15; m15_price_ema20 Δz=0.11,m1_return_5 Δ=-0.000693031; m1_ema20_dist Δ=-0.015,"event_any, event_count","event_any, event_count"
37162697,2025-10-27 08:13:05,Buy,2025-10-27 07:43:00,M30 phase 13,0.8821403633481913,m1_ema20_dist Δz=2.57; m1_return_5 Δz=1.54; m15_price_ema20 Δz=0.54; m1_atr_ratio Δz=0.19,m1_return_5 Δ=0.00170106; m1_ema20_dist Δ=3.48,"event_any, event_count","event_any, event_count"
37217619,2025-10-28 12:52:18,Sell,2025-10-28 10:52:00,M30 phase 22,0.4229460316709308,m1_return_5 Δz=1.01; h1_price_ema20 Δz=0.76; m15_price_ema20 Δz=0.66; m1_range Δz=0.29,m1_return_5 Δ=-0.00111382; m1_ema20_dist Δ=0.0588,same measured event flags,no isolated measured clock/event condition
37296835,2025-10-30 09:44:53,Buy,2025-10-30 08:44:00,M30 phase 14,0.3709872612326145,m1_range Δz=0.99; m15_price_ema20 Δz=0.55; m1_return_5 Δz=0.40; m1_ema20_dist Δz=0.36,m1_return_5 Δ=-0.000441677; m1_ema20_dist Δ=-0.489,same measured event flags,no isolated measured clock/event condition
37386001,2025-11-03 18:38:37,Buy,2025-11-03 18:08:00,M30 phase 8,0.5428097900485863,m1_ema20_dist Δz=1.21; m15_price_ema20 Δz=1.11; m1_range Δz=0.88; m1_atr_ratio Δz=0.23,m1_return_5 Δ=8.37789e-06; m1_ema20_dist Δ=-1.64,same measured event flags,no isolated measured clock/event condition
37400976,2025-11-04 10:09:22,Sell,2025-11-04 07:09:00,M30 phase 9,0.34134827818417846,m1_ema20_dist Δz=1.07; m1_return_5 Δz=0.25; m1_atr_ratio Δz=0.23; m15_price_ema20 Δz=0.21,m1_return_5 Δ=0.000271743; m1_ema20_dist Δ=1.45,"event_any, event_count","event_any, event_count"
37442389,2025-11-05 09:55:47,Buy,2025-11-05 08:55:00,M30 phase 25,0.20513802337712267,m1_ema20_dist Δz=0.48; m1_return_5 Δz=0.41; h1_price_ema20 Δz=0.27; m15_price_ema20 Δz=0.18,m1_return_5 Δ=-0.000446088; m1_ema20_dist Δ=0.653,same measured event flags,no isolated measured clock/event condition
37477144,2025-11-06 12:42:44,Buy,2025-11-06 11:12:00,M30 phase 12,0.19461457338879287,h1_price_ema20 Δz=0.36; m1_ema20_dist Δz=0.36; m15_price_ema20 Δz=0.34; m1_atr_ratio Δz=0.26,m1_return_5 Δ=-2.47191e-05; m1_ema20_dist Δ=-0.482,same measured event flags,no isolated measured clock/event condition
37507379,2025-11-07 11:18:04,Sell,2025-11-07 10:18:00,M30 phase 18,0.25470649376150145,m1_ema20_dist Δz=0.65; m1_return_5 Δz=0.56; m15_price_ema20 Δz=0.17; m1_range Δz=0.07,m1_return_5 Δ=-0.000611343; m1_ema20_dist Δ=-0.887,same measured event flags,no isolated measured clock/event condition
37542639,2025-11-10 10:42:17,Sell,2025-11-10 07:42:00,M30 phase 12,0.2630473450639712,h1_price_ema20 Δz=0.62; m1_ema20_dist Δz=0.52; m1_return_5 Δz=0.25; m1_atr_ratio Δz=0.23,m1_return_5 Δ=-0.000272271; m1_ema20_dist Δ=-0.7,"event_any, event_count","event_any, event_count"
37542995,2025-11-10 11:00:16,Buy,2025-11-10 12:00:00,M30 phase 0,1.7978336094899792,trades_session_before Δz=3.99; trades_prev_hour Δz=3.57; cooldown_log_seconds Δz=2.28; trades_today_before Δz=2.05,m1_return_5 Δ=-0.000343301; m1_ema20_dist Δ=-0.979,same measured event flags,no isolated measured clock/event condition
37543683,2025-11-10 11:22:51,Buy,2025-11-10 11:52:00,M30 phase 22,0.6724284018832927,trades_session_before Δz=1.99; trades_today_before Δz=1.03; m1_return_5 Δz=0.39; m15_price_ema20 Δz=0.35,m1_return_5 Δ=0.000434377; m1_ema20_dist Δ=0.401,"event_any, event_count","event_any, event_count"
37610153,2025-11-12 10:19:02,Buy,2025-11-12 09:49:00,M30 phase 19,0.5578943373933977,m1_ema20_dist Δz=1.30; h1_price_ema20 Δz=0.81; m15_price_ema20 Δz=0.76; m1_return_5 Δz=0.71,m1_return_5 Δ=0.000777125; m1_ema20_dist Δ=1.76,"event_any, event_count","event_any, event_count"
37701576,2025-11-14 11:12:06,Sell,2025-11-14 09:12:00,M30 phase 12,0.13595850569538534,m1_range Δz=0.33; h1_price_ema20 Δz=0.21; m15_price_ema20 Δz=0.18; m1_atr_ratio Δz=0.15,m1_return_5 Δ=-2.57487e-05; m1_ema20_dist Δ=-0.0699,"event_any, event_count","event_any, event_count"
37748984,2025-11-17 09:17:27,Buy,2025-11-17 08:47:00,M30 phase 17,0.3771181923529104,m1_return_5 Δz=1.00; m1_ema20_dist Δz=0.50; h1_price_ema20 Δz=0.49; m15_price_ema20 Δz=0.43,m1_return_5 Δ=-0.00109647; m1_ema20_dist Δ=-0.678,"event_any, event_count","event_any, event_count"
37791981,2025-11-18 08:48:04,Sell,2025-11-18 08:18:00,M30 phase 18,0.40419126995431454,m15_price_ema20 Δz=0.95; m1_return_5 Δz=0.92; m1_ema20_dist Δz=0.42; m1_range Δz=0.20,m1_return_5 Δ=-0.00100941; m1_ema20_dist Δ=-0.568,"event_any, event_count","event_any, event_count"
37836776,2025-11-19 12:12:16,Sell,2025-11-19 10:42:00,M30 phase 12,0.26672004751380923,m15_price_ema20 Δz=0.65; h1_price_ema20 Δz=0.42; m1_return_5 Δz=0.32; m1_atr_ratio Δz=0.26,m1_return_5 Δ=0.00035747; m1_ema20_dist Δ=-0.0219,event_count,event_count
37874673,2025-11-20 08:09:10,Sell,2025-11-20 07:39:00,M30 phase 9,0.2914932483019062,m1_ema20_dist Δz=0.88; m1_range Δz=0.30; m1_return_5 Δz=0.28; m1_atr_ratio Δz=0.19,m1_return_5 Δ=0.000311191; m1_ema20_dist Δ=-1.19,same measured event flags,no isolated measured clock/event condition
37928869,2025-11-21 13:14:11,Sell,2025-11-21 16:14:00,M30 phase 14,1.1993721405246696,trades_session_before Δz=1.99; cooldown_log_seconds Δz=1.85; m1_range Δz=1.59; seconds_since_last_entry Δz=1.34,m1_return_5 Δ=-0.00113356; m1_ema20_dist Δ=-1.72,"event_any, event_count","event_any, event_count"
37964561,2025-11-24 13:01:04,Buy,2025-11-24 17:01:00,M30 phase 1,1.3865665530385294,seconds_since_last_entry Δz=3.47; cooldown_log_seconds Δz=2.30; trades_session_before Δz=1.99; trades_today_before Δz=1.03,m1_return_5 Δ=-0.000242519; m1_ema20_dist Δ=0.903,same measured event flags,no isolated measured clock/event condition
38045554,2025-11-26 09:36:48,Buy,2025-11-26 08:36:00,M30 phase 6,0.393377886095599,m15_price_ema20 Δz=1.19; m1_ema20_dist Δz=0.64; m1_range Δz=0.16; seconds_since_last_entry Δz=0.05,m1_return_5 Δ=-4.78339e-05; m1_ema20_dist Δ=-0.863,"event_any, event_count","event_any, event_count"
38119105,2025-11-27 08:09:07,Sell,2025-11-27 07:09:00,M30 phase 9,0.5201057028213517,m1_ema20_dist Δz=1.53; m15_price_ema20 Δz=0.71; m1_range Δz=0.49; h1_price_ema20 Δz=0.24,m1_return_5 Δ=0.000205741; m1_ema20_dist Δ=2.08,"event_any, event_count","event_any, event_count"
38122859,2025-11-27 11:02:26,Sell,2025-11-27 10:02:00,M30 phase 2,0.361373602222067,m1_range Δz=0.80; m1_ema20_dist Δz=0.69; m1_return_5 Δz=0.54; cooldown_log_seconds Δz=0.35,m1_return_5 Δ=0.00059794; m1_ema20_dist Δ=0.93,"event_any, event_count","event_any, event_count"
38185142,2025-12-01 12:14:10,Sell,2025-12-01 10:44:00,M30 phase 14,0.2063171299510847,m1_ema20_dist Δz=0.64; m1_return_5 Δz=0.25; h1_price_ema20 Δz=0.12; m1_atr_ratio Δz=0.08,m1_return_5 Δ=0.000275541; m1_ema20_dist Δ=0.869,same measured event flags,no isolated measured clock/event condition
38220734,2025-12-02 11:32:10,Sell,2025-12-02 08:02:00,M30 phase 2,0.10769257996423404,m1_atr_ratio Δz=0.24; seconds_since_last_entry Δz=0.18; cooldown_log_seconds Δz=0.12; h1_price_ema20 Δz=0.12,m1_return_5 Δ=-6.64944e-05; m1_ema20_dist Δ=0.129,"event_any, event_count, clock_h1_post120","event_any, event_count, clock_h1_post120"
38258178,2025-12-03 09:33:51,Buy,2025-12-03 09:03:00,M30 phase 3,0.2982177092054382,m1_ema20_dist Δz=0.76; m1_range Δz=0.48; m15_price_ema20 Δz=0.34; m1_return_5 Δz=0.31,m1_return_5 Δ=-0.000345229; m1_ema20_dist Δ=-1.03,"event_any, event_count","event_any, event_count"
38293895,2025-12-04 13:18:01,Sell,2025-12-04 17:18:00,M30 phase 18,0.9539591317600536,trades_session_before Δz=1.99; cooldown_log_seconds Δz=1.60; m1_ema20_dist Δz=1.23; seconds_since_last_entry Δz=1.22,m1_return_5 Δ=-0.000378432; m1_ema20_dist Δ=-1.67,same measured event flags,no isolated measured clock/event condition
38327555,2025-12-05 15:06:32,Buy,2025-12-05 13:06:00,M30 phase 6,0.7924149673413091,m1_ema20_dist Δz=2.43; m1_return_5 Δz=1.11; m1_range Δz=0.58; m15_price_ema20 Δz=0.12,m1_return_5 Δ=0.0012265; m1_ema20_dist Δ=3.3,"event_any, event_count","event_any, event_count"
38381092,2025-12-08 16:57:55,Sell,2025-12-08 16:27:00,M30 phase 27,0.39354200169776216,m15_price_ema20 Δz=0.93; m1_return_5 Δz=0.74; m1_range Δz=0.66; m1_ema20_dist Δz=0.13,m1_return_5 Δ=0.000810235; m1_ema20_dist Δ=-0.178,"event_any, event_count","event_any, event_count"
38394143,2025-12-09 10:35:42,Buy,2025-12-09 08:05:00,M30 phase 5,0.3506773925068734,m1_ema20_dist Δz=1.07; m1_return_5 Δz=0.42; m1_atr_ratio Δz=0.30; cooldown_log_seconds Δz=0.14,m1_return_5 Δ=0.000463865; m1_ema20_dist Δ=1.45,same measured event flags,no isolated measured clock/event condition
38422656,2025-12-09 20:33:05,Buy,2025-12-09 20:03:00,M30 phase 3,0.16574146836915535,m15_price_ema20 Δz=0.46; m1_return_5 Δz=0.29; m1_atr_ratio Δz=0.17; m1_range Δz=0.06,m1_return_5 Δ=0.000315748; m1_ema20_dist Δ=0.0256,same measured event flags,no isolated measured clock/event condition
38441014,2025-12-10 12:33:15,Buy,2025-12-10 11:03:00,M30 phase 3,0.14312101168226277,h1_price_ema20 Δz=0.33; m1_ema20_dist Δz=0.24; m15_price_ema20 Δz=0.24; seconds_since_last_entry Δz=0.08,m1_return_5 Δ=-3.57188e-05; m1_ema20_dist Δ=-0.33,same measured event flags,no isolated measured clock/event condition
38443239,2025-12-10 14:17:30,Sell,2025-12-10 13:47:00,M30 phase 17,0.42618304621575476,cooldown_log_seconds Δz=1.11; m1_ema20_dist Δz=0.73; m1_range Δz=0.43; m15_price_ema20 Δz=0.34,m1_return_5 Δ=0.00036248; m1_ema20_dist Δ=0.991,"event_any, event_count","event_any, event_count"
38448404,2025-12-10 16:17:48,Buy,2025-12-10 15:47:00,M30 phase 17,0.4746172834258525,m1_ema20_dist Δz=1.27; m1_range Δz=0.60; m1_return_5 Δz=0.58; m1_atr_ratio Δz=0.44,m1_return_5 Δ=0.000638615; m1_ema20_dist Δ=1.73,same measured event flags,no isolated measured clock/event condition
38449900,2025-12-10 16:31:07,Sell,2025-12-10 15:01:00,M30 phase 1,0.9280412823355885,trades_session_before Δz=1.99; m1_ema20_dist Δz=1.75; cooldown_log_seconds Δz=1.14; trades_today_before Δz=1.03,m1_return_5 Δ=-0.00072839; m1_ema20_dist Δ=-2.37,"event_count, clock_h1_post120","event_count, clock_h1_post120"
38487563,2025-12-11 09:32:30,Buy,2025-12-11 08:02:00,M30 phase 2,0.3787173605185529,m1_ema20_dist Δz=1.16; m15_price_ema20 Δz=0.49; h1_price_ema20 Δz=0.30; m1_atr_ratio Δz=0.15,m1_return_5 Δ=0.000154245; m1_ema20_dist Δ=1.57,"event_any, event_count, clock_h1_post120","event_any, event_count, clock_h1_post120"
38492680,2025-12-11 13:09:27,Buy,2025-12-11 17:09:00,M30 phase 9,0.7509555801106689,trades_session_before Δz=1.99; trades_today_before Δz=1.03; m1_ema20_dist Δz=0.92; m1_return_5 Δz=0.74,m1_return_5 Δ=-0.000813772; m1_ema20_dist Δ=1.24,same measured event flags,no isolated measured clock/event condition
38528027,2025-12-12 11:25:01,Sell,2025-12-12 10:25:00,M30 phase 25,0.29755090042800175,m1_ema20_dist Δz=0.67; m1_return_5 Δz=0.50; m15_price_ema20 Δz=0.42; m1_range Δz=0.32,m1_return_5 Δ=0.000554042; m1_ema20_dist Δ=0.911,same measured event flags,no isolated measured clock/event condition
38568721,2025-12-15 12:29:18,Sell,2025-12-15 10:29:00,M30 phase 29,0.11307665035847346,m1_return_5 Δz=0.28; m1_ema20_dist Δz=0.20; m1_range Δz=0.13; seconds_since_last_entry Δz=0.10,m1_return_5 Δ=0.000308349; m1_ema20_dist Δ=-0.274,same measured event flags,no isolated measured clock/event condition
38570537,2025-12-15 15:00:14,Sell,2025-12-15 14:30:00,M30 phase 0,0.20142404591832133,cooldown_log_seconds Δz=0.41; m1_range Δz=0.39; m15_price_ema20 Δz=0.26; m1_ema20_dist Δz=0.26,m1_return_5 Δ=-9.90983e-05; m1_ema20_dist Δ=-0.35,clock_h1_post120,clock_h1_post120
38612361,2025-12-16 08:41:45,Sell,2025-12-16 07:11:00,M30 phase 11,0.26489900085884593,m15_price_ema20 Δz=0.58; m1_atr_ratio Δz=0.55; m1_return_5 Δz=0.28; m1_ema20_dist Δz=0.25,m1_return_5 Δ=0.000309357; m1_ema20_dist Δ=-0.333,same measured event flags,no isolated measured clock/event condition
38648802,2025-12-17 08:21:41,Buy,2025-12-17 07:51:00,M30 phase 21,0.1751783987848172,m1_return_5 Δz=0.46; m1_ema20_dist Δz=0.24; h1_price_ema20 Δz=0.22; m1_range Δz=0.17,m1_return_5 Δ=0.000505661; m1_ema20_dist Δ=-0.323,same measured event flags,no isolated measured clock/event condition
38650723,2025-12-17 09:38:06,Sell,2025-12-17 12:38:00,M30 phase 8,0.789257204454467,trades_session_before Δz=1.99; trades_today_before Δz=1.03; h1_price_ema20 Δz=0.87; m15_price_ema20 Δz=0.69,m1_return_5 Δ=0.0007305; m1_ema20_dist Δ=-0.0629,same measured event flags,no isolated measured clock/event condition
38683859,2025-12-18 08:05:45,Buy,2025-12-18 07:35:00,M30 phase 5,0.2889244206677376,m1_ema20_dist Δz=0.89; m1_range Δz=0.29; m15_price_ema20 Δz=0.27; m1_return_5 Δz=0.22,m1_return_5 Δ=0.00024236; m1_ema20_dist Δ=1.2,event_count,event_count
38686016,2025-12-18 10:02:33,Sell,2025-12-18 09:32:00,M30 phase 2,0.41838937913764956,m1_ema20_dist Δz=1.32; m1_return_5 Δz=0.48; cooldown_log_seconds Δz=0.25; m1_range Δz=0.23,m1_return_5 Δ=-0.000523918; m1_ema20_dist Δ=-1.78,"event_any, event_count, clock_h1_post120","event_any, event_count, clock_h1_post120"
38720385,2025-12-19 10:43:53,Buy,2025-12-19 08:13:00,M30 phase 13,0.20924831045867695,m1_ema20_dist Δz=0.49; m15_price_ema20 Δz=0.39; h1_price_ema20 Δz=0.21; m1_range Δz=0.20,m1_return_5 Δ=-0.000138123; m1_ema20_dist Δ=0.661,"event_any, event_count","event_any, event_count"
38723027,2025-12-19 14:42:44,Sell,2025-12-19 13:42:00,M30 phase 12,0.1534781264197204,m1_atr_ratio Δz=0.28; m1_range Δz=0.27; cooldown_log_seconds Δz=0.26; m1_return_5 Δz=0.20,m1_return_5 Δ=-0.000221354; m1_ema20_dist Δ=0.0623,"event_any, event_count","event_any, event_count"
38755615,2025-12-22 08:17:51,Buy,2025-12-22 07:17:00,M30 phase 17,0.2556963415277503,m1_ema20_dist Δz=0.72; m1_range Δz=0.42; m15_price_ema20 Δz=0.23; m1_return_5 Δz=0.15,m1_return_5 Δ=-0.000160848; m1_ema20_dist Δ=-0.97,"event_any, event_count","event_any, event_count"
38759834,2025-12-22 12:07:54,Sell,2025-12-22 09:37:00,M30 phase 7,0.4249318980202852,cooldown_log_seconds Δz=0.89; m15_price_ema20 Δz=0.81; m1_ema20_dist Δz=0.55; m1_range Δz=0.39,m1_return_5 Δ=0.00038255; m1_ema20_dist Δ=0.741,same measured event flags,no isolated measured clock/event condition
38786971,2025-12-23 11:53:01,Buy,2025-12-23 11:23:00,M30 phase 23,0.25026338071579685,m1_ema20_dist Δz=0.73; m1_return_5 Δz=0.33; m15_price_ema20 Δz=0.29; m1_range Δz=0.13,m1_return_5 Δ=-0.000365147; m1_ema20_dist Δ=-0.992,"event_any, event_count","event_any, event_count"
38800885,2025-12-23 17:38:24,Buy,2025-12-23 16:38:00,M30 phase 8,0.876375716757988,m15_price_ema20 Δz=1.97; m1_range Δz=1.59; m1_atr_ratio Δz=1.18; m1_return_5 Δz=1.02,m1_return_5 Δ=0.00112744; m1_ema20_dist Δ=0.0098,same measured event flags,no isolated measured clock/event condition
81950224,2025-12-29 06:11:17,Buy,2025-12-29 05:41:00,M30 phase 11,0.3039462419640657,m1_range Δz=0.69; h1_price_ema20 Δz=0.55; m1_ema20_dist Δz=0.43; m1_return_5 Δz=0.34,m1_return_5 Δ=0.00037657; m1_ema20_dist Δ=0.579,"event_any, event_count","event_any, event_count"
81979298,2025-12-30 07:20:44,Sell,2025-12-30 10:20:00,M30 phase 20,0.9068621426561322,trades_session_before Δz=1.99; cooldown_log_seconds Δz=1.57; seconds_since_last_entry Δz=1.13; trades_today_before Δz=1.03,m1_return_5 Δ=-0.00032002; m1_ema20_dist Δ=-1.06,event_count,event_count
81983513,2025-12-30 12:12:46,Buy,2025-12-30 10:42:00,M30 phase 12,0.26506127140116775,m1_range Δz=0.69; m1_ema20_dist Δz=0.40; m15_price_ema20 Δz=0.34; cooldown_log_seconds Δz=0.28,m1_return_5 Δ=8.29097e-05; m1_ema20_dist Δ=0.542,"event_any, event_count","event_any, event_count"
82028698,2026-01-02 09:31:50,Buy,2026-01-02 08:31:00,M30 phase 1,0.17098706430098257,m1_range Δz=0.46; m15_price_ema20 Δz=0.31; h1_price_ema20 Δz=0.18; m1_return_5 Δz=0.05,m1_return_5 Δ=5.94065e-05; m1_ema20_dist Δ=-0.0433,same measured event flags,no isolated measured clock/event condition
82061725,2026-01-05 11:12:23,Buy,2026-01-05 08:42:00,M30 phase 12,0.20035865377662374,m1_range Δz=0.38; m15_price_ema20 Δz=0.34; h1_price_ema20 Δz=0.30; m1_return_5 Δz=0.29,m1_return_5 Δ=0.000323248; m1_ema20_dist Δ=-0.0158,same measured event flags,no isolated measured clock/event condition
82095097,2026-01-06 08:52:50,Buy,2026-01-06 07:22:00,M30 phase 22,0.7746688552667734,m1_ema20_dist Δz=2.11; m1_return_5 Δz=0.96; m1_range Δz=0.94; m15_price_ema20 Δz=0.75,m1_return_5 Δ=-0.00105281; m1_ema20_dist Δ=-2.86,"event_any, event_count","event_any, event_count"
82147110,2026-01-07 16:04:17,Sell,2026-01-07 15:04:00,M30 phase 4,0.31667110440403656,m1_ema20_dist Δz=1.00; m1_return_5 Δz=0.37; m15_price_ema20 Δz=0.22; m1_atr_ratio Δz=0.10,m1_return_5 Δ=0.000406986; m1_ema20_dist Δ=1.36,"event_any, event_count","event_any, event_count"
82169230,2026-01-08 09:05:21,Buy,2026-01-08 08:35:00,M30 phase 5,0.42772318564673895,m1_return_5 Δz=0.90; m1_range Δz=0.81; m1_ema20_dist Δz=0.61; m15_price_ema20 Δz=0.48,m1_return_5 Δ=-0.000994305; m1_ema20_dist Δ=-0.827,event_count,event_count
82199073,2026-01-09 09:03:58,Sell,2026-01-09 08:03:00,M30 phase 3,0.2564710080680519,m1_return_5 Δz=0.52; m1_ema20_dist Δz=0.46; m15_price_ema20 Δz=0.41; m1_atr_ratio Δz=0.33,m1_return_5 Δ=0.000567942; m1_ema20_dist Δ=-0.629,same measured event flags,no isolated measured clock/event condition
82241706,2026-01-12 07:30:37,Buy,2026-01-12 07:00:00,M30 phase 0,0.24906102612548267,m1_range Δz=0.71; m1_return_5 Δz=0.35; m1_atr_ratio Δz=0.22; m15_price_ema20 Δz=0.20,m1_return_5 Δ=0.00038688; m1_ema20_dist Δ=0.26,"event_any, event_count, clock_h1_post120","event_any, event_count, clock_h1_post120"
82462486,2026-01-12 11:25:57,Buy,2026-01-12 09:25:00,M30 phase 25,0.29847489684339734,cooldown_log_seconds Δz=0.57; m1_return_5 Δz=0.54; m1_ema20_dist Δz=0.40; m15_price_ema20 Δz=0.40,m1_return_5 Δ=-0.000593885; m1_ema20_dist Δ=-0.543,same measured event flags,no isolated measured clock/event condition
82465593,2026-01-12 14:11:18,Sell,2026-01-12 13:11:00,M30 phase 11,0.31261594995077824,m1_range Δz=0.63; m1_ema20_dist Δz=0.57; m1_return_5 Δz=0.43; cooldown_log_seconds Δz=0.35,m1_return_5 Δ=0.000470505; m1_ema20_dist Δ=0.774,event_count,event_count
82494965,2026-01-13 12:44:06,Sell,2026-01-13 12:14:00,M30 phase 14,0.20084891257373116,m1_ema20_dist Δz=0.46; m15_price_ema20 Δz=0.43; m1_range Δz=0.29; m1_return_5 Δz=0.07,m1_return_5 Δ=7.62039e-05; m1_ema20_dist Δ=-0.621,"event_any, event_count","event_any, event_count"
82523311,2026-01-14 06:29:14,Buy,2026-01-14 05:59:00,M30 phase 29,0.5184570671200833,m1_ema20_dist Δz=1.49; m1_return_5 Δz=0.80; m15_price_ema20 Δz=0.51; m1_range Δz=0.32,m1_return_5 Δ=-0.000879671; m1_ema20_dist Δ=-2.02,event_count,event_count
82564751,2026-01-15 09:19:50,Sell,2026-01-15 08:49:00,M30 phase 19,0.454114283217043,m15_price_ema20 Δz=1.14; m1_return_5 Δz=0.80; m1_ema20_dist Δz=0.62; m1_atr_ratio Δz=0.26,m1_return_5 Δ=-0.000876545; m1_ema20_dist Δ=0.841,"event_any, event_count","event_any, event_count"
82596177,2026-01-16 09:03:56,Buy,2026-01-16 08:33:00,M30 phase 3,0.4154557182795179,m15_price_ema20 Δz=1.06; m1_ema20_dist Δz=0.69; h1_price_ema20 Δz=0.50; m1_range Δz=0.38,m1_return_5 Δ=0.000172897; m1_ema20_dist Δ=0.939,event_count,event_count
82600157,2026-01-16 14:48:59,Sell,2026-01-16 13:48:00,M30 phase 18,0.2904694706321361,m15_price_ema20 Δz=0.74; m1_range Δz=0.56; m1_atr_ratio Δz=0.30; cooldown_log_seconds Δz=0.18,m1_return_5 Δ=-0.000171514; m1_ema20_dist Δ=-0.00823,"event_any, event_count","event_any, event_count"
82667342,2026-01-20 09:00:31,Buy,2026-01-20 08:00:00,M30 phase 0,0.3740727429307218,m15_price_ema20 Δz=0.84; h1_price_ema20 Δz=0.67; m1_return_5 Δz=0.48; m1_ema20_dist Δz=0.46,m1_return_5 Δ=0.000525753; m1_ema20_dist Δ=0.628,same measured event flags,no isolated measured clock/event condition
82775023,2026-01-22 09:25:06,Buy,2026-01-22 08:55:00,M30 phase 25,0.5827855776900392,m1_ema20_dist Δz=1.35; m1_return_5 Δz=1.05; m15_price_ema20 Δz=0.90; h1_price_ema20 Δz=0.56,m1_return_5 Δ=-0.00115755; m1_ema20_dist Δ=-1.83,event_count,event_count
82824133,2026-01-23 09:00:21,Buy,2026-01-23 08:00:00,M30 phase 0,0.3339421015020172,m1_ema20_dist Δz=0.90; m1_range Δz=0.56; m1_return_5 Δz=0.33; m1_atr_ratio Δz=0.27,m1_return_5 Δ=-0.000360209; m1_ema20_dist Δ=-1.22,"event_any, event_count","event_any, event_count"
82913535,2026-01-26 11:00:40,Buy,2026-01-26 07:30:00,M30 phase 0,0.20246717719765714,h1_price_ema20 Δz=0.45; m1_return_5 Δz=0.44; m1_range Δz=0.19; seconds_since_last_entry Δz=0.18,m1_return_5 Δ=-0.000484659; m1_ema20_dist Δ=-0.122,"event_any, event_count, clock_h1_post120","event_any, event_count, clock_h1_post120"
83084849,2026-01-28 09:01:54,Buy,2026-01-28 07:01:00,M30 phase 1,0.294373311863345,m1_return_5 Δz=0.89; m1_ema20_dist Δz=0.28; m1_range Δz=0.26; h1_price_ema20 Δz=0.24,m1_return_5 Δ=0.000982342; m1_ema20_dist Δ=0.383,same measured event flags,no isolated measured clock/event condition
83314376,2026-01-30 06:37:54,Buy,2026-01-30 06:07:00,M30 phase 7,1.0062869899549298,m1_return_5 Δz=2.25; m1_range Δz=2.06; m1_atr_ratio Δz=1.35; m1_ema20_dist Δz=1.00,m1_return_5 Δ=0.0024826; m1_ema20_dist Δ=1.36,"event_any, event_count","event_any, event_count"
83511633,2026-02-02 22:25:35,Buy,2026-02-02 19:55:00,M30 phase 25,0.6290235112589403,m1_atr_ratio Δz=1.60; m1_return_5 Δz=1.30; m1_ema20_dist Δz=0.48; m1_range Δz=0.36,m1_return_5 Δ=0.00142894; m1_ema20_dist Δ=0.656,"event_any, event_count","event_any, event_count"
83541051,2026-02-03 14:00:26,Buy,2026-02-03 13:30:00,M30 phase 0,0.817469388127959,m1_return_5 Δz=2.28; m1_ema20_dist Δz=1.57; m15_price_ema20 Δz=0.48; m1_range Δz=0.26,m1_return_5 Δ=-0.00250601; m1_ema20_dist Δ=-2.13,clock_h1_post120,clock_h1_post120
83699779,2026-02-04 19:42:53,Sell,2026-02-04 18:12:00,M30 phase 12,0.6672427663163957,m1_return_5 Δz=1.36; m1_atr_ratio Δz=1.25; m1_range Δz=1.01; h1_price_ema20 Δz=0.70,m1_return_5 Δ=-0.00149206; m1_ema20_dist Δ=-0.868,"event_any, event_count","event_any, event_count"
83821484,2026-02-05 17:27:12,Buy,2026-02-05 16:27:00,M30 phase 27,0.5943652319363658,m1_return_5 Δz=1.98; m1_atr_ratio Δz=0.41; m1_ema20_dist Δz=0.30; m1_range Δz=0.22,m1_return_5 Δ=0.00217541; m1_ema20_dist Δ=-0.406,event_count,event_count
83897665,2026-02-06 07:30:33,Sell,2026-02-06 07:00:00,M30 phase 0,0.5862763072919958,m1_return_5 Δz=1.97; m1_atr_ratio Δz=0.35; m1_ema20_dist Δz=0.33; cooldown_log_seconds Δz=0.03,m1_return_5 Δ=0.00217098; m1_ema20_dist Δ=0.449,"event_any, event_count, clock_h1_post120","event_any, event_count, clock_h1_post120"
83915642,2026-02-06 09:16:42,Sell,2026-02-06 08:46:00,M30 phase 16,0.6689956097181423,m1_ema20_dist Δz=1.80; h1_price_ema20 Δz=0.88; m1_return_5 Δz=0.80; m1_range Δz=0.59,m1_return_5 Δ=-0.000877474; m1_ema20_dist Δ=-2.44,same measured event flags,no isolated measured clock/event condition
83923769,2026-02-06 15:34:06,Sell,2026-02-06 13:04:00,M30 phase 4,0.4114890776905084,m1_ema20_dist Δz=0.85; m1_range Δz=0.79; m1_return_5 Δz=0.62; cooldown_log_seconds Δz=0.38,m1_return_5 Δ=0.000687708; m1_ema20_dist Δ=-1.16,"event_any, event_count","event_any, event_count"
83980760,2026-02-09 12:04:32,Buy,2026-02-09 09:04:00,M30 phase 4,0.2753543770132949,m15_price_ema20 Δz=0.56; m1_range Δz=0.42; h1_price_ema20 Δz=0.38; m1_atr_ratio Δz=0.36,m1_return_5 Δ=0.000121669; m1_ema20_dist Δ=0.445,event_count,event_count
84397864,2026-02-11 17:40:50,Buy,2026-02-11 15:10:00,M30 phase 10,1.3716309287526232,m1_return_5 Δz=3.25; m15_price_ema20 Δz=2.52; m1_atr_ratio Δz=1.52; h1_price_ema20 Δz=1.41,m1_return_5 Δ=-0.00357459; m1_ema20_dist Δ=-0.769,event_count,event_count
84448544,2026-02-12 07:06:33,Buy,2026-02-12 10:36:00,M30 phase 6,0.7460784998253157,trades_session_before Δz=1.99; trades_today_before Δz=1.03; cooldown_log_seconds Δz=1.01; seconds_since_last_entry Δz=0.51,m1_return_5 Δ=0.00052903; m1_ema20_dist Δ=-0.103,"event_any, event_count","event_any, event_count"
84480811,2026-02-12 11:04:59,Sell,2026-02-12 10:34:00,M30 phase 4,0.4585865703048489,m1_ema20_dist Δz=1.47; m1_return_5 Δz=0.57; m15_price_ema20 Δz=0.14; h1_price_ema20 Δz=0.11,m1_return_5 Δ=0.000628109; m1_ema20_dist Δ=1.99,same measured event flags,no isolated measured clock/event condition
84496990,2026-02-12 13:12:51,Buy,2026-02-12 15:12:00,M30 phase 12,0.8254157702009636,trades_session_before Δz=1.99; m1_ema20_dist Δz=1.17; trades_today_before Δz=1.03; m1_return_5 Δz=0.88,m1_return_5 Δ=-0.000968654; m1_ema20_dist Δ=-1.58,"event_any, event_count","event_any, event_count"
84665776,2026-02-13 09:18:26,Buy,2026-02-13 08:18:00,M30 phase 18,0.5909091804191435,m1_ema20_dist Δz=1.28; m1_atr_ratio Δz=0.87; m15_price_ema20 Δz=0.83; m1_return_5 Δz=0.69,m1_return_5 Δ=0.000763545; m1_ema20_dist Δ=1.73,"event_any, event_count","event_any, event_count"
84675020,2026-02-13 13:12:08,Sell,2026-02-13 17:12:00,M30 phase 12,0.814536818691875,trades_session_before Δz=1.99; trades_today_before Δz=1.03; m15_price_ema20 Δz=1.00; m1_atr_ratio Δz=0.90,m1_return_5 Δ=0.000685256; m1_ema20_dist Δ=0.768,"event_any, event_count","event_any, event_count"
84803733,2026-02-17 12:21:33,Sell,2026-02-17 11:21:00,M30 phase 21,0.2194013114219346,m1_return_5 Δz=0.54; m1_range Δz=0.30; m1_ema20_dist Δz=0.26; m15_price_ema20 Δz=0.25,m1_return_5 Δ=0.000594288; m1_ema20_dist Δ=-0.346,"event_any, event_count","event_any, event_count"
84858142,2026-02-18 05:30:40,Sell,2026-02-18 05:00:00,M30 phase 0,0.32373525066029807,m1_return_5 Δz=0.78; m1_range Δz=0.65; m15_price_ema20 Δz=0.45; m1_ema20_dist Δz=0.13,m1_return_5 Δ=-0.000862184; m1_ema20_dist Δ=-0.181,clock_h1_post120,clock_h1_post120
84960053,2026-02-19 22:18:35,Buy,2026-02-19 20:48:00,M30 phase 18,0.25983657182139897,m1_ema20_dist Δz=0.43; m1_range Δz=0.43; h1_price_ema20 Δz=0.42; m1_atr_ratio Δz=0.37,m1_return_5 Δ=-0.000376898; m1_ema20_dist Δ=0.588,"event_any, event_count","event_any, event_count"
84971230,2026-02-20 05:54:53,Sell,2026-02-20 05:24:00,M30 phase 24,0.23523428462998788,m1_ema20_dist Δz=0.68; m1_atr_ratio Δz=0.30; m1_range Δz=0.25; m15_price_ema20 Δz=0.20,m1_return_5 Δ=0.000132106; m1_ema20_dist Δ=-0.918,same measured event flags,no isolated measured clock/event condition
85066329,2026-02-23 09:30:45,Sell,2026-02-23 07:30:00,M30 phase 0,0.7553082650488012,m1_ema20_dist Δz=1.87; m1_range Δz=1.50; m15_price_ema20 Δz=0.66; m1_return_5 Δz=0.65,m1_return_5 Δ=-0.000717631; m1_ema20_dist Δ=-2.54,"event_any, event_count","event_any, event_count"
85084978,2026-02-23 11:21:20,Buy,2026-02-23 10:51:00,M30 phase 21,0.1807113713867804,m1_atr_ratio Δz=0.36; h1_price_ema20 Δz=0.36; cooldown_log_seconds Δz=0.24; m15_price_ema20 Δz=0.21,m1_return_5 Δ=5.84674e-05; m1_ema20_dist Δ=0.104,same measured event flags,no isolated measured clock/event condition
85182793,2026-02-23 15:02:41,Sell,2026-02-23 14:02:00,M30 phase 2,0.4477320130998157,m15_price_ema20 Δz=1.07; m1_ema20_dist Δz=0.93; h1_price_ema20 Δz=0.49; m1_return_5 Δz=0.29,m1_return_5 Δ=0.000321451; m1_ema20_dist Δ=-1.25,same measured event flags,no isolated measured clock/event condition
85342738,2026-02-24 10:04:42,Buy,2026-02-24 09:04:00,M30 phase 4,0.1473036705817081,m15_price_ema20 Δz=0.41; h1_price_ema20 Δz=0.23; m1_ema20_dist Δz=0.17; m1_atr_ratio Δz=0.08,m1_return_5 Δ=4.51285e-05; m1_ema20_dist Δ=-0.234,"event_any, event_count","event_any, event_count"
85385479,2026-02-24 15:11:40,Sell,2026-02-24 13:41:00,M30 phase 11,0.2518202760151414,m1_range Δz=0.54; m1_atr_ratio Δz=0.49; cooldown_log_seconds Δz=0.26; m15_price_ema20 Δz=0.25,m1_return_5 Δ=-0.000186835; m1_ema20_dist Δ=-0.336,"event_any, event_count","event_any, event_count"
85396743,2026-02-24 15:21:50,Buy,2026-02-24 16:21:00,M30 phase 21,1.2139231563216077,m1_ema20_dist Δz=2.30; m1_return_5 Δz=2.06; trades_session_before Δz=1.99; cooldown_log_seconds Δz=1.58,m1_return_5 Δ=-0.00226825; m1_ema20_dist Δ=-3.11,same measured event flags,no isolated measured clock/event condition
85640223,2026-02-25 07:59:03,Sell,2026-02-25 07:29:00,M30 phase 29,0.14772692629840212,m1_atr_ratio Δz=0.33; m1_ema20_dist Δz=0.29; m1_range Δz=0.16; m1_return_5 Δz=0.15,m1_return_5 Δ=-0.00016982; m1_ema20_dist Δ=-0.395,same measured event flags,no isolated measured clock/event condition
85668110,2026-02-25 11:35:37,Sell,2026-02-25 11:05:00,M30 phase 5,0.3969206634772995,m1_ema20_dist Δz=0.96; m15_price_ema20 Δz=0.67; m1_range Δz=0.64; m1_return_5 Δz=0.24,m1_return_5 Δ=-0.00026679; m1_ema20_dist Δ=1.3,event_count,event_count
85668988,2026-02-25 12:03:39,Buy,2026-02-25 10:03:00,M30 phase 3,1.3473357004486897,trades_prev_hour Δz=3.57; trades_session_before Δz=1.99; cooldown_log_seconds Δz=1.62; trades_today_before Δz=1.03,m1_return_5 Δ=8.64883e-05; m1_ema20_dist Δ=-0.899,event_count,event_count
85704475,2026-02-25 16:23:24,Sell,2026-02-25 15:53:00,M30 phase 23,0.33757555018635943,m1_ema20_dist Δz=1.08; m1_return_5 Δz=0.32; m1_range Δz=0.24; m15_price_ema20 Δz=0.15,m1_return_5 Δ=0.00035312; m1_ema20_dist Δ=1.46,"event_any, event_count","event_any, event_count"
85787460,2026-02-26 08:05:35,Buy,2026-02-26 07:35:00,M30 phase 5,0.08017169030651185,m1_range Δz=0.21; m15_price_ema20 Δz=0.17; seconds_since_last_entry Δz=0.03; cooldown_log_seconds Δz=0.02,m1_return_5 Δ=7.74293e-06; m1_ema20_dist Δ=0.00058,"event_any, event_count","event_any, event_count"
85827276,2026-02-26 11:31:35,Buy,2026-02-26 11:01:00,M30 phase 1,0.4151613297031918,m1_return_5 Δz=0.84; m1_range Δz=0.75; m15_price_ema20 Δz=0.60; m1_ema20_dist Δz=0.49,m1_return_5 Δ=-0.000919811; m1_ema20_dist Δ=-0.669,"event_count, clock_h1_post120","event_count, clock_h1_post120"
85833216,2026-02-26 13:27:11,Buy,2026-02-26 15:57:00,M30 phase 27,0.7056420391517925,trades_session_before Δz=1.99; trades_today_before Δz=1.03; h1_price_ema20 Δz=0.65; m15_price_ema20 Δz=0.52,m1_return_5 Δ=0.000282322; m1_ema20_dist Δ=-0.28,"event_any, event_count","event_any, event_count"
85865765,2026-02-26 15:59:18,Sell,2026-02-26 14:29:00,M30 phase 29,0.45317696189137785,m15_price_ema20 Δz=1.24; cooldown_log_seconds Δz=0.69; m1_range Δz=0.45; m1_ema20_dist Δz=0.42,m1_return_5 Δ=3.29013e-05; m1_ema20_dist Δ=0.574,same measured event flags,no isolated measured clock/event condition
85935017,2026-02-27 06:54:59,Sell,2026-02-27 06:24:00,M30 phase 24,0.1612271129121069,m1_ema20_dist Δz=0.35; m15_price_ema20 Δz=0.30; m1_atr_ratio Δz=0.19; m1_return_5 Δz=0.18,m1_return_5 Δ=-0.000195068; m1_ema20_dist Δ=0.48,"event_any, event_count","event_any, event_count"
85942844,2026-02-27 09:56:14,Sell,2026-02-27 07:56:00,M30 phase 26,0.35244121862712346,cooldown_log_seconds Δz=0.86; m1_range Δz=0.52; h1_price_ema20 Δz=0.42; m1_atr_ratio Δz=0.39,m1_return_5 Δ=-0.000346408; m1_ema20_dist Δ=-0.115,"event_any, event_count","event_any, event_count"
85948772,2026-02-27 12:46:26,Buy,2026-02-27 11:46:00,M30 phase 16,0.15127002717889243,cooldown_log_seconds Δz=0.33; m15_price_ema20 Δz=0.21; m1_return_5 Δz=0.21; m1_ema20_dist Δz=0.18,m1_return_5 Δ=-0.000229738; m1_ema20_dist Δ=-0.243,"event_any, event_count","event_any, event_count"
86000608,2026-02-27 17:00:40,Sell,2026-02-27 16:00:00,M30 phase 0,0.7151426758666385,m1_atr_ratio Δz=1.43; m15_price_ema20 Δz=1.26; h1_price_ema20 Δz=1.12; m1_return_5 Δz=0.91,m1_return_5 Δ=0.000998387; m1_ema20_dist Δ=0.118,same measured event flags,no isolated measured clock/event condition
86011644,2026-02-27 17:18:57,Sell,2026-02-27 13:18:00,M30 phase 18,1.208432572595173,m15_price_ema20 Δz=2.63; trades_session_before Δz=1.99; h1_price_ema20 Δz=1.56; m1_range Δz=1.05,m1_return_5 Δ=-0.00106293; m1_ema20_dist Δ=-0.449,"event_any, event_count","event_any, event_count"
86014472,2026-02-27 17:27:11,Buy,2026-02-27 17:57:00,M30 phase 27,1.301231305643466,trades_prev_hour Δz=3.57; trades_session_before Δz=1.99; cooldown_log_seconds Δz=1.13; trades_today_before Δz=1.03,m1_return_5 Δ=-0.000239166; m1_ema20_dist Δ=0.346,"event_any, event_count","event_any, event_count"
86155613,2026-03-02 09:32:11,Buy,2026-03-02 09:02:00,M30 phase 2,0.25518032562130594,m1_range Δz=0.57; m15_price_ema20 Δz=0.50; m1_return_5 Δz=0.39; m1_ema20_dist Δz=0.23,m1_return_5 Δ=0.000427868; m1_ema20_dist Δ=0.312,"event_any, event_count, clock_h1_post120","event_any, event_count, clock_h1_post120"
86161488,2026-03-02 10:37:17,Sell,2026-03-02 12:37:00,M30 phase 7,0.8378829504785321,trades_session_before Δz=1.99; m15_price_ema20 Δz=1.65; trades_today_before Δz=1.03; cooldown_log_seconds Δz=0.46,m1_return_5 Δ=0.000352057; m1_ema20_dist Δ=-0.618,"event_any, event_count","event_any, event_count"
86192606,2026-03-02 14:46:12,Sell,2026-03-02 16:16:00,M30 phase 16,1.3046389379675556,m1_range Δz=3.14; trades_session_before Δz=1.99; m1_ema20_dist Δz=1.78; m1_return_5 Δz=1.04,m1_return_5 Δ=-0.00114309; m1_ema20_dist Δ=-2.42,"event_any, event_count","event_any, event_count"
86558318,2026-03-03 07:57:14,Buy,2026-03-03 07:27:00,M30 phase 27,0.6101326465588208,m1_ema20_dist Δz=2.06; m1_range Δz=0.33; m15_price_ema20 Δz=0.31; m1_return_5 Δz=0.09,m1_return_5 Δ=-0.000101926; m1_ema20_dist Δ=-2.79,"event_any, event_count","event_any, event_count"
86624724,2026-03-03 12:45:26,Buy,2026-03-03 12:15:00,M30 phase 15,0.3500799119401736,m1_atr_ratio Δz=0.95; m1_return_5 Δz=0.51; m15_price_ema20 Δz=0.44; m1_range Δz=0.27,m1_return_5 Δ=-0.000561308; m1_ema20_dist Δ=-0.234,same measured event flags,no isolated measured clock/event condition
86716303,2026-03-03 16:46:45,Buy,2026-03-03 14:16:00,M30 phase 16,0.9729019764401501,m1_atr_ratio Δz=2.45; m1_range Δz=1.53; m15_price_ema20 Δz=1.11; m1_return_5 Δz=0.99,m1_return_5 Δ=-0.00109082; m1_ema20_dist Δ=-0.472,"event_any, event_count","event_any, event_count"
86773790,2026-03-04 09:45:10,Buy,2026-03-04 08:45:00,M30 phase 15,0.36749105583761293,m1_range Δz=0.97; m1_atr_ratio Δz=0.56; m1_ema20_dist Δz=0.42; m15_price_ema20 Δz=0.33,m1_return_5 Δ=0.000265541; m1_ema20_dist Δ=0.573,"event_any, event_count","event_any, event_count"
86784552,2026-03-04 13:12:36,Buy,2026-03-04 16:12:00,M30 phase 12,0.8541663519808217,trades_session_before Δz=1.99; m1_range Δz=1.42; m15_price_ema20 Δz=1.19; trades_today_before Δz=1.03,m1_return_5 Δ=-0.000302708; m1_ema20_dist Δ=-0.438,same measured event flags,no isolated measured clock/event condition
86894280,2026-03-05 09:02:29,Sell,2026-03-05 08:32:00,M30 phase 2,0.7908637369590055,m1_range Δz=1.81; m15_price_ema20 Δz=1.34; m1_ema20_dist Δz=0.92; m1_atr_ratio Δz=0.91,m1_return_5 Δ=-0.000764235; m1_ema20_dist Δ=-1.24,"event_count, clock_h1_post120","event_count, clock_h1_post120"
87000308,2026-03-05 21:20:01,Sell,2026-03-05 20:50:00,M30 phase 20,0.288921222839511,m1_return_5 Δz=0.70; m15_price_ema20 Δz=0.50; m1_ema20_dist Δz=0.34; m1_range Δz=0.29,m1_return_5 Δ=-0.000775931; m1_ema20_dist Δ=0.466,same measured event flags,no isolated measured clock/event condition
87025580,2026-03-06 07:23:56,Buy,2026-03-06 09:53:00,M30 phase 23,0.887735387196625,trades_session_before Δz=1.99; m1_range Δz=1.28; m15_price_ema20 Δz=1.10; cooldown_log_seconds Δz=1.05,m1_return_5 Δ=0.000268946; m1_ema20_dist Δ=-0.106,same measured event flags,no isolated measured clock/event condition
87031092,2026-03-06 10:19:20,Buy,2026-03-06 09:19:00,M30 phase 19,0.28493621227956223,m1_range Δz=0.69; m1_ema20_dist Δz=0.40; cooldown_log_seconds Δz=0.32; m15_price_ema20 Δz=0.29,m1_return_5 Δ=-0.00029686; m1_ema20_dist Δ=-0.538,same measured event flags,no isolated measured clock/event condition
87193343,2026-03-09 09:09:59,Buy,2026-03-09 08:39:00,M30 phase 9,0.5501103044797394,m1_return_5 Δz=1.25; m15_price_ema20 Δz=0.90; m1_range Δz=0.75; h1_price_ema20 Δz=0.61,m1_return_5 Δ=0.0013727; m1_ema20_dist Δ=-0.734,same measured event flags,no isolated measured clock/event condition
87220510,2026-03-09 10:55:33,Buy,2026-03-09 12:55:00,M30 phase 25,0.7134688613834625,trades_session_before Δz=1.99; trades_today_before Δz=1.03; m1_return_5 Δz=0.85; m1_atr_ratio Δz=0.52,m1_return_5 Δ=-0.000935242; m1_ema20_dist Δ=-0.0644,same measured event flags,no isolated measured clock/event condition
87303856,2026-03-09 14:32:49,Buy,2026-03-09 14:02:00,M30 phase 2,0.1853970271009782,m1_return_5 Δz=0.61; m1_range Δz=0.12; cooldown_log_seconds Δz=0.11; m1_atr_ratio Δz=0.10,m1_return_5 Δ=0.000673441; m1_ema20_dist Δ=0.0299,clock_h1_post120,clock_h1_post120
87433721,2026-03-10 09:45:41,Sell,2026-03-10 07:45:00,M30 phase 15,0.24133354058884546,m1_ema20_dist Δz=0.48; m15_price_ema20 Δz=0.43; h1_price_ema20 Δz=0.38; m1_atr_ratio Δz=0.30,m1_return_5 Δ=-0.000120543; m1_ema20_dist Δ=0.654,"event_any, event_count","event_any, event_count"
87436917,2026-03-10 10:43:46,Sell,2026-03-10 10:13:00,M30 phase 13,0.5918601372390547,m1_ema20_dist Δz=1.67; m1_return_5 Δz=0.90; cooldown_log_seconds Δz=0.57; m15_price_ema20 Δz=0.52,m1_return_5 Δ=0.000988039; m1_ema20_dist Δ=2.27,same measured event flags,no isolated measured clock/event condition
87455839,2026-03-10 11:14:56,Sell,2026-03-10 11:44:00,M30 phase 14,0.6710948757101411,trades_session_before Δz=1.99; trades_today_before Δz=1.03; m1_range Δz=0.47; cooldown_log_seconds Δz=0.34,m1_return_5 Δ=-6.48678e-05; m1_ema20_dist Δ=0.243,same measured event flags,no isolated measured clock/event condition
87634841,2026-03-11 10:08:12,Sell,2026-03-11 09:08:00,M30 phase 8,0.151192341919784,m1_range Δz=0.38; m1_return_5 Δz=0.24; m1_ema20_dist Δz=0.21; m1_atr_ratio Δz=0.10,m1_return_5 Δ=0.000264045; m1_ema20_dist Δ=-0.289,"event_any, event_count","event_any, event_count"
87640068,2026-03-11 12:39:31,Buy,2026-03-11 11:09:00,M30 phase 9,0.3827906981899538,m1_return_5 Δz=0.92; cooldown_log_seconds Δz=0.86; h1_price_ema20 Δz=0.23; m1_ema20_dist Δz=0.20,m1_return_5 Δ=-0.00101477; m1_ema20_dist Δ=0.273,same measured event flags,no isolated measured clock/event condition
87715345,2026-03-12 09:41:54,Buy,2026-03-12 08:41:00,M30 phase 11,0.4486029834757047,m15_price_ema20 Δz=1.05; m1_ema20_dist Δz=0.82; m1_range Δz=0.54; h1_price_ema20 Δz=0.42,m1_return_5 Δ=0.000324257; m1_ema20_dist Δ=1.12,event_count,event_count
87725200,2026-03-12 11:02:44,Buy,2026-03-12 12:32:00,M30 phase 2,0.7242766881531478,trades_session_before Δz=1.99; trades_today_before Δz=1.03; m1_range Δz=0.79; m15_price_ema20 Δz=0.72,m1_return_5 Δ=0.000245727; m1_ema20_dist Δ=0.268,"event_count, clock_h1_post120","event_count, clock_h1_post120"
87728679,2026-03-12 13:51:53,Buy,2026-03-12 13:21:00,M30 phase 21,0.2953340590162808,m1_ema20_dist Δz=0.73; m15_price_ema20 Δz=0.60; m1_return_5 Δz=0.34; cooldown_log_seconds Δz=0.15,m1_return_5 Δ=-0.000371736; m1_ema20_dist Δ=0.987,same measured event flags,no isolated measured clock/event condition
87728889,2026-03-12 13:54:26,Buy,2026-03-12 14:54:00,M30 phase 24,1.1404886405169847,cooldown_log_seconds Δz=3.22; trades_session_before Δz=1.99; trades_today_before Δz=1.03; m1_ema20_dist Δz=0.33,m1_return_5 Δ=-0.000148475; m1_ema20_dist Δ=-0.453,"event_any, event_count","event_any, event_count"
87764166,2026-03-12 18:26:23,Buy,2026-03-12 22:26:00,M30 phase 26,0.7421464158362018,trades_session_before Δz=1.99; trades_today_before Δz=1.03; h1_price_ema20 Δz=0.92; m1_atr_ratio Δz=0.61,m1_return_5 Δ=-0.000631242; m1_ema20_dist Δ=0.0323,"event_any, event_count","event_any, event_count"
87966615,2026-03-13 08:37:52,Sell,2026-03-13 08:07:00,M30 phase 7,0.14451302298219107,m1_ema20_dist Δz=0.32; m1_atr_ratio Δz=0.22; m1_range Δz=0.21; m15_price_ema20 Δz=0.20,m1_return_5 Δ=-0.000141012; m1_ema20_dist Δ=-0.432,same measured event flags,no isolated measured clock/event condition
88014898,2026-03-13 13:14:10,Buy,2026-03-13 16:44:00,M30 phase 14,1.3854194745919128,trades_session_before Δz=3.99; trades_today_before Δz=2.05; h1_price_ema20 Δz=1.05; m1_ema20_dist Δz=0.74,m1_return_5 Δ=-5.32319e-05; m1_ema20_dist Δ=0.996,event_count,event_count
88015942,2026-03-13 13:36:51,Sell,2026-03-13 14:36:00,M30 phase 6,0.9121291475022804,trades_session_before Δz=1.99; m1_ema20_dist Δz=1.73; trades_today_before Δz=1.03; m1_return_5 Δz=1.02,m1_return_5 Δ=-0.00111867; m1_ema20_dist Δ=-2.34,"event_any, event_count","event_any, event_count"
88144292,2026-03-16 07:46:16,Sell,2026-03-16 07:16:00,M30 phase 16,0.8103349296015543,m1_ema20_dist Δz=2.71; m1_range Δz=0.45; m15_price_ema20 Δz=0.42; m1_return_5 Δz=0.38,m1_return_5 Δ=-0.000418248; m1_ema20_dist Δ=-3.67,"event_any, event_count","event_any, event_count"
88154082,2026-03-16 11:07:53,Sell,2026-03-16 10:37:00,M30 phase 7,0.2763595587791025,m1_ema20_dist Δz=0.70; h1_price_ema20 Δz=0.34; m1_return_5 Δz=0.33; m1_range Δz=0.27,m1_return_5 Δ=0.000362249; m1_ema20_dist Δ=0.947,"event_any, event_count","event_any, event_count"
88163179,2026-03-16 14:10:40,Sell,2026-03-16 13:10:00,M30 phase 10,0.6456987214995016,m15_price_ema20 Δz=1.72; m1_range Δz=0.95; h1_price_ema20 Δz=0.72; m1_return_5 Δz=0.49,m1_return_5 Δ=-0.000538966; m1_ema20_dist Δ=0.353,"event_any, event_count","event_any, event_count"
88172039,2026-03-16 14:42:45,Sell,2026-03-16 15:42:00,M30 phase 12,0.6872342907964464,trades_session_before Δz=1.99; trades_today_before Δz=1.03; m1_atr_ratio Δz=0.51; cooldown_log_seconds Δz=0.45,m1_return_5 Δ=-2.44736e-05; m1_ema20_dist Δ=0.356,same measured event flags,no isolated measured clock/event condition
88320644,2026-03-17 11:20:44,Buy,2026-03-17 10:50:00,M30 phase 20,0.35266781595910096,m1_ema20_dist Δz=0.83; m1_return_5 Δz=0.75; h1_price_ema20 Δz=0.35; m1_range Δz=0.32,m1_return_5 Δ=0.000830381; m1_ema20_dist Δ=1.12,"event_any, event_count","event_any, event_count"
88335699,2026-03-17 16:10:39,Buy,2026-03-17 15:40:00,M30 phase 10,0.2693939038807189,m15_price_ema20 Δz=0.73; m1_range Δz=0.45; h1_price_ema20 Δz=0.30; m1_return_5 Δz=0.20,m1_return_5 Δ=0.000224546; m1_ema20_dist Δ=0.0352,"event_any, event_count","event_any, event_count"
88511817,2026-03-18 12:31:31,Buy,2026-03-18 12:01:00,M30 phase 1,0.2682575381502569,m15_price_ema20 Δz=0.55; m1_ema20_dist Δz=0.55; m1_range Δz=0.36; m1_atr_ratio Δz=0.33,m1_return_5 Δ=-0.000106083; m1_ema20_dist Δ=0.748,clock_h1_post120,clock_h1_post120
88577933,2026-03-18 16:30:56,Sell,2026-03-18 15:30:00,M30 phase 0,0.39847555432906456,h1_price_ema20 Δz=0.90; m1_ema20_dist Δz=0.76; m1_range Δz=0.54; m1_atr_ratio Δz=0.29,m1_return_5 Δ=0.000234346; m1_ema20_dist Δ=1.03,"event_any, event_count","event_any, event_count"
89517529,2026-03-23 08:13:59,Sell,2026-03-23 07:43:00,M30 phase 13,0.26231460726048594,m1_return_5 Δz=0.84; h1_price_ema20 Δz=0.28; m1_ema20_dist Δz=0.13; m1_atr_ratio Δz=0.12,m1_return_5 Δ=-0.000925154; m1_ema20_dist Δ=0.174,same measured event flags,no isolated measured clock/event condition
89770716,2026-03-23 10:06:57,Buy,2026-03-23 09:06:00,M30 phase 6,1.874272016360437,m1_atr_ratio Δz=4.45; trades_prev_hour Δz=3.57; m1_return_5 Δz=2.54; m1_ema20_dist Δz=1.30,m1_return_5 Δ=-0.0027937; m1_ema20_dist Δ=1.76,event_count,event_count
89797106,2026-03-23 16:23:44,Sell,2026-03-23 17:53:00,M30 phase 23,0.7965209711207776,trades_session_before Δz=1.99; cooldown_log_seconds Δz=1.08; trades_today_before Δz=1.03; m1_atr_ratio Δz=0.89,m1_return_5 Δ=-0.000336486; m1_ema20_dist Δ=-0.849,"event_any, event_count","event_any, event_count"
90052400,2026-03-24 11:47:16,Buy,2026-03-24 10:47:00,M30 phase 17,0.3115252655424573,m1_ema20_dist Δz=0.67; m1_range Δz=0.60; m15_price_ema20 Δz=0.50; m1_return_5 Δz=0.24,m1_return_5 Δ=0.0002609; m1_ema20_dist Δ=0.908,"event_any, event_count","event_any, event_count"
90054432,2026-03-24 12:52:17,Sell,2026-03-24 09:52:00,M30 phase 22,1.1347250728260179,cooldown_log_seconds Δz=2.10; trades_session_before Δz=1.99; m1_atr_ratio Δz=1.65; m1_range Δz=1.21,m1_return_5 Δ=-0.000904635; m1_ema20_dist Δ=-0.0793,event_count,event_count
90080406,2026-03-24 15:58:26,Buy,2026-03-24 14:28:00,M30 phase 28,0.4660725663588379,m15_price_ema20 Δz=1.37; cooldown_log_seconds Δz=0.49; h1_price_ema20 Δz=0.40; m1_ema20_dist Δz=0.36,m1_return_5 Δ=-0.000162677; m1_ema20_dist Δ=0.494,"event_any, event_count","event_any, event_count"
90081363,2026-03-24 16:11:15,Buy,2026-03-24 15:41:00,M30 phase 11,1.4917382986149081,trades_prev_hour Δz=3.57; cooldown_log_seconds Δz=2.03; trades_session_before Δz=1.99; m1_range Δz=1.67,m1_return_5 Δ=0.000948336; m1_ema20_dist Δ=1.26,same measured event flags,no isolated measured clock/event condition
90188256,2026-03-25 08:35:47,Buy,2026-03-25 07:35:00,M30 phase 5,0.47164253890285085,m15_price_ema20 Δz=1.15; m1_atr_ratio Δz=0.92; m1_ema20_dist Δz=0.63; m1_return_5 Δz=0.28,m1_return_5 Δ=0.000311101; m1_ema20_dist Δ=-0.854,"event_any, event_count","event_any, event_count"
90192607,2026-03-25 11:00:18,Sell,2026-03-25 10:00:00,M30 phase 0,0.31865467488380894,m1_ema20_dist Δz=0.69; m1_return_5 Δz=0.64; cooldown_log_seconds Δz=0.42; m15_price_ema20 Δz=0.25,m1_return_5 Δ=-0.000706686; m1_ema20_dist Δ=-0.93,"event_any, event_count","event_any, event_count"
90194077,2026-03-25 11:38:04,Buy,2026-03-25 12:38:00,M30 phase 8,0.7098310094761092,trades_session_before Δz=1.99; trades_today_before Δz=1.03; m1_return_5 Δz=0.71; m15_price_ema20 Δz=0.45,m1_return_5 Δ=-0.000785966; m1_ema20_dist Δ=0.199,"event_any, event_count","event_any, event_count"
90297337,2026-03-26 10:48:11,Buy,2026-03-26 10:18:00,M30 phase 18,0.45756967942163107,m1_range Δz=0.97; m1_ema20_dist Δz=0.76; m15_price_ema20 Δz=0.75; m1_return_5 Δz=0.65,m1_return_5 Δ=0.0007124; m1_ema20_dist Δ=1.03,same measured event flags,no isolated measured clock/event condition
90303019,2026-03-26 13:49:34,Buy,2026-03-26 13:19:00,M30 phase 19,0.5076088063714643,m1_range Δz=1.35; m1_return_5 Δz=0.75; m1_atr_ratio Δz=0.67; m1_ema20_dist Δz=0.41,m1_return_5 Δ=0.000825205; m1_ema20_dist Δ=-0.552,"event_any, event_count","event_any, event_count"
90367910,2026-03-27 10:43:56,Buy,2026-03-27 07:13:00,M30 phase 13,0.677804210932834,m1_return_5 Δz=1.53; m1_ema20_dist Δz=1.28; m1_range Δz=0.98; m15_price_ema20 Δz=0.57,m1_return_5 Δ=-0.00168448; m1_ema20_dist Δ=-1.74,"event_any, event_count","event_any, event_count"
90383944,2026-03-27 17:23:51,Buy,2026-03-27 16:53:00,M30 phase 23,0.5179609892017205,m15_price_ema20 Δz=1.36; m1_range Δz=0.85; m1_atr_ratio Δz=0.77; h1_price_ema20 Δz=0.16,m1_return_5 Δ=9.123e-06; m1_ema20_dist Δ=0.173,"event_any, event_count","event_any, event_count"
90446737,2026-03-30 10:30:21,Sell,2026-03-30 10:00:00,M30 phase 0,0.24011620546930357,m15_price_ema20 Δz=0.63; m1_return_5 Δz=0.40; m1_range Δz=0.34; m1_atr_ratio Δz=0.14,m1_return_5 Δ=-0.000438621; m1_ema20_dist Δ=-0.0501,"event_any, event_count, clock_h1_post120","event_any, event_count, clock_h1_post120"
90450144,2026-03-30 14:14:39,Buy,2026-03-30 13:44:00,M30 phase 14,0.3596949996899374,m1_ema20_dist Δz=1.16; m1_range Δz=0.33; m1_atr_ratio Δz=0.22; m1_return_5 Δz=0.19,m1_return_5 Δ=0.000206623; m1_ema20_dist Δ=1.57,event_count,event_count
90468624,2026-03-30 14:52:48,Sell,2026-03-30 14:22:00,M30 phase 22,1.0282107699890035,m1_ema20_dist Δz=1.99; m1_range Δz=1.59; m1_return_5 Δz=1.35; cooldown_log_seconds Δz=1.24,m1_return_5 Δ=0.00148412; m1_ema20_dist Δ=2.7,"event_any, event_count","event_any, event_count"
90670870,2026-03-31 08:16:35,Buy,2026-03-31 07:16:00,M30 phase 16,0.4603253860948499,m1_ema20_dist Δz=1.39; m1_range Δz=0.61; m15_price_ema20 Δz=0.39; m1_atr_ratio Δz=0.27,m1_return_5 Δ=1.29062e-05; m1_ema20_dist Δ=-1.88,same measured event flags,no isolated measured clock/event condition
90689174,2026-03-31 15:00:37,Buy,2026-03-31 13:00:00,M30 phase 0,0.4999552041438649,m15_price_ema20 Δz=1.27; m1_atr_ratio Δz=0.74; h1_price_ema20 Δz=0.51; m1_return_5 Δz=0.49,m1_return_5 Δ=0.000536162; m1_ema20_dist Δ=0.577,"event_any, event_count","event_any, event_count"
90724112,2026-03-31 20:13:28,Buy,2026-03-31 18:13:00,M30 phase 13,0.6586286659097115,m1_return_5 Δz=1.25; m1_ema20_dist Δz=1.21; m1_atr_ratio Δz=0.89; m15_price_ema20 Δz=0.76,m1_return_5 Δ=-0.00137543; m1_ema20_dist Δ=-1.64,event_count,event_count
90765592,2026-04-01 07:08:40,Sell,2026-04-01 09:08:00,M30 phase 8,0.8098823971120134,trades_session_before Δz=1.99; cooldown_log_seconds Δz=1.31; trades_today_before Δz=1.03; m1_return_5 Δz=0.69,m1_return_5 Δ=0.000763476; m1_ema20_dist Δ=0.401,same measured event flags,no isolated measured clock/event condition
90783770,2026-04-01 13:01:41,Sell,2026-04-01 16:31:00,M30 phase 1,0.8085500882179584,trades_session_before Δz=1.99; m1_range Δz=1.19; trades_today_before Δz=1.03; m1_atr_ratio Δz=0.72,m1_return_5 Δ=0.000788458; m1_ema20_dist Δ=-0.0919,clock_h1_post120,clock_h1_post120
90900649,2026-04-02 14:51:54,Sell,2026-04-02 13:51:00,M30 phase 21,0.6002422885416292,m1_return_5 Δz=1.82; m15_price_ema20 Δz=0.80; m1_range Δz=0.43; m1_ema20_dist Δz=0.37,m1_return_5 Δ=0.00200379; m1_ema20_dist Δ=-0.501,"event_any, event_count","event_any, event_count"
90927563,2026-04-02 20:40:31,Sell,2026-04-02 20:10:00,M30 phase 10,0.20550379637358063,m1_return_5 Δz=0.47; m1_atr_ratio Δz=0.33; m15_price_ema20 Δz=0.31; m1_ema20_dist Δz=0.27,m1_return_5 Δ=0.000521441; m1_ema20_dist Δ=-0.364,"event_any, event_count","event_any, event_count"
90928037,2026-04-02 21:05:43,Sell,2026-04-02 22:05:00,M30 phase 5,0.7346947481078291,trades_session_before Δz=1.99; trades_today_before Δz=1.03; m15_price_ema20 Δz=0.76; cooldown_log_seconds Δz=0.62,m1_return_5 Δ=0.000193409; m1_ema20_dist Δ=-0.641,"event_any, event_count","event_any, event_count"
90964953,2026-04-06 09:32:16,Sell,2026-04-06 07:32:00,M30 phase 2,0.1433819738886146,m1_ema20_dist Δz=0.34; h1_price_ema20 Δz=0.22; m1_atr_ratio Δz=0.20; m1_range Δz=0.16,m1_return_5 Δ=-7.55548e-05; m1_ema20_dist Δ=-0.464,event_count,event_count
90967915,2026-04-06 13:38:30,Sell,2026-04-06 13:08:00,M30 phase 8,0.2860757493137488,m1_ema20_dist Δz=0.76; m1_range Δz=0.43; m15_price_ema20 Δz=0.32; m1_atr_ratio Δz=0.28,m1_return_5 Δ=0.000191854; m1_ema20_dist Δ=1.02,"event_any, event_count","event_any, event_count"
90970712,2026-04-06 15:20:14,Sell,2026-04-06 14:50:00,M30 phase 20,0.3191151492350689,m15_price_ema20 Δz=0.76; m1_return_5 Δz=0.60; h1_price_ema20 Δz=0.29; m1_range Δz=0.27,m1_return_5 Δ=0.000657717; m1_ema20_dist Δ=0.322,same measured event flags,no isolated measured clock/event condition
91022147,2026-04-07 09:04:07,Buy,2026-04-07 07:04:00,M30 phase 4,0.47175237681168,m1_atr_ratio Δz=1.05; m1_range Δz=0.99; m1_ema20_dist Δz=0.62; m15_price_ema20 Δz=0.35,m1_return_5 Δ=-0.000202142; m1_ema20_dist Δ=-0.838,same measured event flags,no isolated measured clock/event condition
91024794,2026-04-07 11:02:14,Sell,2026-04-07 07:32:00,M30 phase 2,0.8512429901597176,trades_session_before Δz=1.99; cooldown_log_seconds Δz=1.57; trades_today_before Δz=1.03; seconds_since_last_entry Δz=0.73,m1_return_5 Δ=0.000353077; m1_ema20_dist Δ=-0.864,"event_count, clock_h1_post120","event_count, clock_h1_post120"
91045329,2026-04-07 16:21:19,Buy,2026-04-07 14:51:00,M30 phase 21,0.37920198907488756,m1_ema20_dist Δz=1.05; m1_return_5 Δz=0.58; m1_range Δz=0.36; cooldown_log_seconds Δz=0.25,m1_return_5 Δ=-0.000635846; m1_ema20_dist Δ=-1.42,same measured event flags,no isolated measured clock/event condition
91124606,2026-04-08 08:51:27,Buy,2026-04-08 08:21:00,M30 phase 21,0.8030286440727027,m1_ema20_dist Δz=2.05; m1_return_5 Δz=1.74; m15_price_ema20 Δz=0.53; m1_range Δz=0.39,m1_return_5 Δ=0.00191992; m1_ema20_dist Δ=2.77,"event_any, event_count","event_any, event_count"
91162669,2026-04-08 18:32:24,Buy,2026-04-08 21:32:00,M30 phase 2,0.7667161638433575,trades_session_before Δz=1.99; trades_today_before Δz=1.03; cooldown_log_seconds Δz=0.89; m1_ema20_dist Δz=0.76,m1_return_5 Δ=-0.000308901; m1_ema20_dist Δ=1.04,same measured event flags,no isolated measured clock/event condition
91200522,2026-04-09 08:36:36,Buy,2026-04-09 08:06:00,M30 phase 6,0.28530178880094165,m1_range Δz=0.68; m1_atr_ratio Δz=0.51; m15_price_ema20 Δz=0.36; m1_ema20_dist Δz=0.26,m1_return_5 Δ=-0.000249943; m1_ema20_dist Δ=0.353,event_count,event_count
91202282,2026-04-09 09:07:52,Sell,2026-04-09 10:07:00,M30 phase 7,0.7083800877314873,trades_session_before Δz=1.99; trades_today_before Δz=1.03; m1_range Δz=0.83; cooldown_log_seconds Δz=0.52,m1_return_5 Δ=-1.77456e-05; m1_ema20_dist Δ=0.0524,same measured event flags,no isolated measured clock/event condition
91206718,2026-04-09 11:06:30,Buy,2026-04-09 10:36:00,M30 phase 6,0.683421672409289,m1_return_5 Δz=1.94; m15_price_ema20 Δz=0.86; m1_ema20_dist Δz=0.76; m1_atr_ratio Δz=0.46,m1_return_5 Δ=-0.0021391; m1_ema20_dist Δ=-1.03,same measured event flags,no isolated measured clock/event condition
91227583,2026-04-09 16:53:03,Buy,2026-04-09 15:23:00,M30 phase 23,0.7751066876282248,m1_return_5 Δz=1.99; m15_price_ema20 Δz=1.56; m1_atr_ratio Δz=0.76; h1_price_ema20 Δz=0.36,m1_return_5 Δ=-0.00219069; m1_ema20_dist Δ=-0.326,"event_any, event_count","event_any, event_count"
91267065,2026-04-10 08:14:46,Buy,2026-04-10 07:44:00,M30 phase 14,0.24862405692083822,m15_price_ema20 Δz=0.58; m1_return_5 Δz=0.47; m1_atr_ratio Δz=0.29; h1_price_ema20 Δz=0.27,m1_return_5 Δ=-0.000516651; m1_ema20_dist Δ=0.218,same measured event flags,no isolated measured clock/event condition
91267485,2026-04-10 08:30:33,Buy,2026-04-10 09:30:00,M30 phase 0,0.7560515247388117,trades_session_before Δz=1.99; trades_today_before Δz=1.03; cooldown_log_seconds Δz=0.80; m1_ema20_dist Δz=0.61,m1_return_5 Δ=-0.000649564; m1_ema20_dist Δ=-0.832,"event_any, event_count","event_any, event_count"
91276550,2026-04-10 14:42:46,Buy,2026-04-10 13:42:00,M30 phase 12,0.21151538255176033,m1_ema20_dist Δz=0.62; m1_range Δz=0.20; h1_price_ema20 Δz=0.19; m15_price_ema20 Δz=0.17,m1_return_5 Δ=0.000101801; m1_ema20_dist Δ=0.84,"event_any, event_count","event_any, event_count"
91352434,2026-04-13 09:00:33,Buy,2026-04-13 08:30:00,M30 phase 0,0.41393841909687995,m1_ema20_dist Δz=0.92; m1_return_5 Δz=0.90; m15_price_ema20 Δz=0.52; m1_atr_ratio Δz=0.25,m1_return_5 Δ=0.00099492; m1_ema20_dist Δ=1.24,clock_h1_post120,clock_h1_post120
91356501,2026-04-13 11:14:05,Sell,2026-04-13 10:44:00,M30 phase 14,0.13451429493962966,cooldown_log_seconds Δz=0.26; h1_price_ema20 Δz=0.24; m1_range Δz=0.17; m1_ema20_dist Δz=0.14,m1_return_5 Δ=-0.000154711; m1_ema20_dist Δ=-0.19,"event_any, event_count","event_any, event_count"
91397685,2026-04-13 18:37:59,Buy,2026-04-13 21:37:00,M30 phase 7,0.7901804465598495,trades_session_before Δz=1.99; trades_today_before Δz=1.03; m15_price_ema20 Δz=0.93; m1_return_5 Δz=0.81,m1_return_5 Δ=0.000892503; m1_ema20_dist Δ=-0.181,event_count,event_count
91431248,2026-04-14 09:44:43,Buy,2026-04-14 07:14:00,M30 phase 14,0.20950465710200225,h1_price_ema20 Δz=0.42; m1_ema20_dist Δz=0.40; m1_atr_ratio Δz=0.31; m1_range Δz=0.18,m1_return_5 Δ=-0.000102768; m1_ema20_dist Δ=0.543,"event_any, event_count","event_any, event_count"
91448019,2026-04-14 15:20:42,Sell,2026-04-14 13:50:00,M30 phase 20,0.29320434455379224,m1_atr_ratio Δz=0.67; m1_range Δz=0.57; m1_return_5 Δz=0.25; m15_price_ema20 Δz=0.24,m1_return_5 Δ=-0.000273431; m1_ema20_dist Δ=-0.192,same measured event flags,no isolated measured clock/event condition
91488864,2026-04-14 20:38:32,Buy,2026-04-14 19:38:00,M30 phase 8,0.16103065022740168,m1_ema20_dist Δz=0.40; m1_return_5 Δz=0.28; m1_range Δz=0.19; cooldown_log_seconds Δz=0.16,m1_return_5 Δ=-0.000310429; m1_ema20_dist Δ=0.537,same measured event flags,no isolated measured clock/event condition
91515698,2026-04-15 09:13:14,Sell,2026-04-15 08:13:00,M30 phase 13,0.14366211550005706,m1_ema20_dist Δz=0.32; h1_price_ema20 Δz=0.21; m1_return_5 Δz=0.20; m15_price_ema20 Δz=0.20,m1_return_5 Δ=0.000223725; m1_ema20_dist Δ=-0.432,"event_any, event_count","event_any, event_count"
91531357,2026-04-15 16:00:14,Sell,2026-04-15 15:30:00,M30 phase 0,0.12569912283062715,m1_ema20_dist Δz=0.35; m1_atr_ratio Δz=0.15; m15_price_ema20 Δz=0.13; m1_return_5 Δz=0.11,m1_return_5 Δ=-0.000120532; m1_ema20_dist Δ=-0.478,"event_any, event_count, clock_h1_post120","event_any, event_count, clock_h1_post120"
91585973,2026-04-16 09:43:59,Buy,2026-04-16 09:13:00,M30 phase 13,0.6050699708944469,m1_ema20_dist Δz=1.61; m1_return_5 Δz=0.98; m1_range Δz=0.74; m15_price_ema20 Δz=0.44,m1_return_5 Δ=0.0010827; m1_ema20_dist Δ=2.18,"event_any, event_count","event_any, event_count"
91596159,2026-04-16 15:36:23,Sell,2026-04-16 14:36:00,M30 phase 6,0.4565388428435077,m1_return_5 Δz=1.21; m1_ema20_dist Δz=0.84; m1_atr_ratio Δz=0.44; h1_price_ema20 Δz=0.21,m1_return_5 Δ=0.00133356; m1_ema20_dist Δ=1.14,"event_any, event_count","event_any, event_count"
91645065,2026-04-17 08:14:54,Sell,2026-04-17 07:44:00,M30 phase 14,0.22308601258865682,m15_price_ema20 Δz=0.56; h1_price_ema20 Δz=0.43; m1_ema20_dist Δz=0.25; m1_atr_ratio Δz=0.17,m1_return_5 Δ=-1.43506e-05; m1_ema20_dist Δ=-0.339,"event_any, event_count","event_any, event_count"
91655142,2026-04-17 13:51:42,Buy,2026-04-17 13:21:00,M30 phase 21,0.2896986547638246,m15_price_ema20 Δz=0.60; m1_ema20_dist Δz=0.60; m1_range Δz=0.52; m1_atr_ratio Δz=0.11,m1_return_5 Δ=2.0955e-05; m1_ema20_dist Δ=-0.813,"event_any, event_count","event_any, event_count"
91740834,2026-04-20 08:41:45,Sell,2026-04-20 08:11:00,M30 phase 11,0.151388310848844,m1_range Δz=0.34; m1_return_5 Δz=0.26; m1_ema20_dist Δz=0.26; m1_atr_ratio Δz=0.16,m1_return_5 Δ=-0.000290051; m1_ema20_dist Δ=0.352,same measured event flags,no isolated measured clock/event condition
91776198,2026-04-20 18:25:31,Sell,2026-04-20 20:55:00,M30 phase 25,0.9050577177272286,trades_session_before Δz=1.99; m1_atr_ratio Δz=1.16; m1_return_5 Δz=1.03; cooldown_log_seconds Δz=1.03,m1_return_5 Δ=0.00113399; m1_ema20_dist Δ=0.582,event_count,event_count
91797166,2026-04-21 07:24:24,Buy,2026-04-21 10:24:00,M30 phase 24,0.8149830414641586,trades_session_before Δz=1.99; cooldown_log_seconds Δz=1.11; trades_today_before Δz=1.03; m15_price_ema20 Δz=0.74,m1_return_5 Δ=5.49096e-05; m1_ema20_dist Δ=-0.746,same measured event flags,no isolated measured clock/event condition
91806444,2026-04-21 10:42:50,Buy,2026-04-21 09:42:00,M30 phase 12,0.3191172397165031,m15_price_ema20 Δz=0.93; m1_atr_ratio Δz=0.34; m1_return_5 Δz=0.29; cooldown_log_seconds Δz=0.28,m1_return_5 Δ=-0.000321879; m1_ema20_dist Δ=0.288,"event_any, event_count","event_any, event_count"
91824729,2026-04-21 17:01:47,Buy,2026-04-21 13:01:00,M30 phase 1,0.7359789796277513,m1_range Δz=1.38; m1_return_5 Δz=1.36; m1_atr_ratio Δz=1.07; m1_ema20_dist Δz=0.94,m1_return_5 Δ=-0.00150076; m1_ema20_dist Δ=-1.28,event_count,event_count
91863976,2026-04-22 08:22:08,Sell,2026-04-22 12:22:00,M30 phase 22,1.2356563155345917,m1_ema20_dist Δz=2.73; trades_session_before Δz=1.99; m1_return_5 Δz=1.88; cooldown_log_seconds Δz=1.06,m1_return_5 Δ=0.00206663; m1_ema20_dist Δ=3.7,"event_any, event_count","event_any, event_count"
91873683,2026-04-22 15:29:56,Sell,2026-04-22 13:59:00,M30 phase 29,0.5571571339541003,m1_range Δz=1.49; m1_return_5 Δz=0.90; m1_ema20_dist Δz=0.52; m1_atr_ratio Δz=0.51,m1_return_5 Δ=0.000992539; m1_ema20_dist Δ=0.7,event_count,event_count
91919177,2026-04-23 08:30:37,Buy,2026-04-23 07:00:00,M30 phase 0,0.15771274504837784,m15_price_ema20 Δz=0.41; m1_atr_ratio Δz=0.21; m1_return_5 Δz=0.18; m1_ema20_dist Δz=0.17,m1_return_5 Δ=0.000199802; m1_ema20_dist Δ=-0.232,clock_h1_post120,clock_h1_post120
91954421,2026-04-23 20:58:13,Buy,2026-04-23 20:28:00,M30 phase 28,1.050721025249998,m1_return_5 Δz=2.57; m15_price_ema20 Δz=1.73; m1_atr_ratio Δz=1.61; m1_ema20_dist Δz=0.86,m1_return_5 Δ=0.00283517; m1_ema20_dist Δ=1.16,same measured event flags,no isolated measured clock/event condition
91973017,2026-04-24 11:25:06,Sell,2026-04-24 10:25:00,M30 phase 25,0.28106027739753364,h1_price_ema20 Δz=0.82; m15_price_ema20 Δz=0.34; m1_return_5 Δz=0.26; m1_ema20_dist Δz=0.25,m1_return_5 Δ=-0.000285718; m1_ema20_dist Δ=-0.345,same measured event flags,no isolated measured clock/event condition
91984519,2026-04-24 16:32:20,Buy,2026-04-24 13:32:00,M30 phase 2,0.39445810067227527,cooldown_log_seconds Δz=0.68; h1_price_ema20 Δz=0.66; m1_atr_ratio Δz=0.53; m1_return_5 Δz=0.51,m1_return_5 Δ=0.000561479; m1_ema20_dist Δ=0.586,event_count,event_count
92024986,2026-04-27 06:37:58,Buy,2026-04-27 05:37:00,M30 phase 7,0.26608546948139145,m1_ema20_dist Δz=0.60; h1_price_ema20 Δz=0.52; m15_price_ema20 Δz=0.32; m1_return_5 Δz=0.24,m1_return_5 Δ=0.000264173; m1_ema20_dist Δ=0.81,same measured event flags,no isolated measured clock/event condition
92029007,2026-04-27 11:51:00,Sell,2026-04-27 12:21:00,M30 phase 21,2.2923646196191307,active_positions_before_candidate Δz=7.45; cooldown_log_seconds Δz=2.54; m15_price_ema20 Δz=0.63; m1_ema20_dist Δz=0.53,m1_return_5 Δ=-0.000505314; m1_ema20_dist Δ=0.714,same measured event flags,no isolated measured clock/event condition
92067522,2026-04-28 09:04:14,Buy,2026-04-28 08:34:00,M30 phase 4,0.725272139086332,h1_price_ema20 Δz=1.34; m1_return_5 Δz=1.32; m15_price_ema20 Δz=1.22; m1_ema20_dist Δz=1.12,m1_return_5 Δ=0.00145819; m1_ema20_dist Δ=1.51,same measured event flags,no isolated measured clock/event condition
92099847,2026-04-28 19:35:59,Buy,2026-04-28 19:05:00,M30 phase 5,0.33187378604527434,m1_ema20_dist Δz=1.01; m1_range Δz=0.38; m1_atr_ratio Δz=0.31; m15_price_ema20 Δz=0.20,m1_return_5 Δ=0.000167589; m1_ema20_dist Δ=-1.37,"event_any, event_count","event_any, event_count"
92117158,2026-04-29 09:00:38,Buy,2026-04-29 12:30:00,M30 phase 0,0.7790814288565292,trades_session_before Δz=1.99; trades_today_before Δz=1.03; cooldown_log_seconds Δz=1.01; m1_range Δz=0.73,m1_return_5 Δ=-4.46609e-05; m1_ema20_dist Δ=-0.0838,"event_count, clock_h1_post120","event_count, clock_h1_post120"
92125361,2026-04-29 13:38:23,Sell,2026-04-29 13:08:00,M30 phase 8,0.7332607703445143,m1_return_5 Δz=1.51; m15_price_ema20 Δz=1.44; m1_ema20_dist Δz=1.17; m1_range Δz=0.81,m1_return_5 Δ=-0.0016586; m1_ema20_dist Δ=-1.59,"event_any, event_count","event_any, event_count"
92181621,2026-04-30 13:58:53,Buy,2026-04-30 16:28:00,M30 phase 28,0.9850498369336496,trades_session_before Δz=1.99; cooldown_log_seconds Δz=1.72; m1_range Δz=1.14; seconds_since_last_entry Δz=1.12,m1_return_5 Δ=-0.000334254; m1_ema20_dist Δ=-0.484,"event_any, event_count","event_any, event_count"
92218142,2026-05-01 09:16:51,Sell,2026-05-01 08:46:00,M30 phase 16,0.2633128360069416,m15_price_ema20 Δz=0.58; m1_range Δz=0.52; m1_ema20_dist Δz=0.39; m1_return_5 Δz=0.22,m1_return_5 Δ=0.000240017; m1_ema20_dist Δ=0.526,same measured event flags,no isolated measured clock/event condition
92274667,2026-05-04 08:18:10,Buy,2026-05-04 07:48:00,M30 phase 18,0.35922140327372576,m1_range Δz=0.90; m1_return_5 Δz=0.55; m15_price_ema20 Δz=0.39; m1_ema20_dist Δz=0.37,m1_return_5 Δ=-0.000601582; m1_ema20_dist Δ=-0.504,"event_any, event_count","event_any, event_count"
92286476,2026-05-04 13:52:28,Sell,2026-05-04 16:52:00,M30 phase 22,0.8261086069995214,trades_session_before Δz=1.99; m1_ema20_dist Δz=1.12; trades_today_before Δz=1.03; m15_price_ema20 Δz=1.02,m1_return_5 Δ=0.000164348; m1_ema20_dist Δ=1.51,same measured event flags,no isolated measured clock/event condition
92319804,2026-05-04 20:24:33,Buy,2026-05-04 19:54:00,M30 phase 24,0.5523730838741077,m1_ema20_dist Δz=1.66; m15_price_ema20 Δz=0.69; m1_range Δz=0.40; m1_atr_ratio Δz=0.38,m1_return_5 Δ=0.000355423; m1_ema20_dist Δ=2.25,same measured event flags,no isolated measured clock/event condition
92331897,2026-05-05 06:17:31,Sell,2026-05-05 05:47:00,M30 phase 17,0.2014790230026179,m1_ema20_dist Δz=0.50; m15_price_ema20 Δz=0.40; m1_range Δz=0.25; m1_atr_ratio Δz=0.07,m1_return_5 Δ=6.74079e-06; m1_ema20_dist Δ=-0.684,same measured event flags,no isolated measured clock/event condition
92342438,2026-05-05 13:41:28,Sell,2026-05-05 13:11:00,M30 phase 11,0.40177700833263075,m1_ema20_dist Δz=1.01; m15_price_ema20 Δz=0.88; m1_atr_ratio Δz=0.25; m1_return_5 Δz=0.25,m1_return_5 Δ=0.000276114; m1_ema20_dist Δ=1.37,"event_any, event_count","event_any, event_count"
92396538,2026-05-06 08:30:50,Sell,2026-05-06 07:00:00,M30 phase 0,0.2212781057278206,m1_return_5 Δz=0.58; m15_price_ema20 Δz=0.42; m1_range Δz=0.20; m1_atr_ratio Δz=0.13,m1_return_5 Δ=-0.000642296; m1_ema20_dist Δ=0.00872,clock_h1_post120,clock_h1_post120
92408965,2026-05-06 12:41:15,Sell,2026-05-06 11:11:00,M30 phase 11,0.24782751308988976,m1_ema20_dist Δz=0.58; m1_atr_ratio Δz=0.41; cooldown_log_seconds Δz=0.34; h1_price_ema20 Δz=0.25,m1_return_5 Δ=-0.000201925; m1_ema20_dist Δ=-0.78,same measured event flags,no isolated measured clock/event condition
92461110,2026-05-07 07:56:52,Buy,2026-05-07 07:26:00,M30 phase 26,0.07384003968569158,m15_price_ema20 Δz=0.17; m1_ema20_dist Δz=0.14; m1_return_5 Δz=0.09; m1_atr_ratio Δz=0.07,m1_return_5 Δ=-9.58325e-05; m1_ema20_dist Δ=-0.187,same measured event flags,no isolated measured clock/event condition
92535886,2026-05-07 19:37:09,Sell,2026-05-07 19:07:00,M30 phase 7,0.46927878698081943,m1_ema20_dist Δz=1.44; m1_return_5 Δz=0.71; m15_price_ema20 Δz=0.21; m1_atr_ratio Δz=0.16,m1_return_5 Δ=0.000777619; m1_ema20_dist Δ=1.95,"event_any, event_count","event_any, event_count"
92561346,2026-05-08 09:30:27,Sell,2026-05-08 08:30:00,M30 phase 0,0.2996777980181982,m15_price_ema20 Δz=0.71; h1_price_ema20 Δz=0.50; m1_atr_ratio Δz=0.45; m1_return_5 Δz=0.24,m1_return_5 Δ=0.000259591; m1_ema20_dist Δ=-0.311,event_count,event_count
92611594,2026-05-11 07:03:52,Buy,2026-05-11 11:03:00,M30 phase 3,1.3283966807374359,seconds_since_last_entry Δz=3.36; cooldown_log_seconds Δz=2.15; trades_session_before Δz=1.99; trades_today_before Δz=1.03,m1_return_5 Δ=0.000456568; m1_ema20_dist Δ=0.26,"event_any, event_count","event_any, event_count"
92626347,2026-05-11 15:38:02,Sell,2026-05-11 14:38:00,M30 phase 8,0.49794430376525833,m15_price_ema20 Δz=1.22; m1_atr_ratio Δz=0.95; m1_ema20_dist Δz=0.58; h1_price_ema20 Δz=0.40,m1_return_5 Δ=0.000278065; m1_ema20_dist Δ=0.791,same measured event flags,no isolated measured clock/event condition
92649888,2026-05-12 05:30:04,Buy,2026-05-12 05:00:00,M30 phase 0,0.30695942384246183,m1_range Δz=0.90; m1_return_5 Δz=0.39; m1_atr_ratio Δz=0.39; m15_price_ema20 Δz=0.14,m1_return_5 Δ=-0.000429145; m1_ema20_dist Δ=-0.0142,"event_any, event_count, clock_h1_post120","event_any, event_count, clock_h1_post120"
92660254,2026-05-12 13:41:21,Buy,2026-05-12 16:11:00,M30 phase 11,0.8157459662515791,trades_session_before Δz=1.99; trades_today_before Δz=1.03; cooldown_log_seconds Δz=0.91; m1_ema20_dist Δz=0.78,m1_return_5 Δ=-0.000822543; m1_ema20_dist Δ=-1.06,"event_any, event_count","event_any, event_count"
92699406,2026-05-13 08:32:18,Buy,2026-05-13 07:02:00,M30 phase 2,0.3477686155780027,m1_ema20_dist Δz=0.80; m1_return_5 Δz=0.78; m15_price_ema20 Δz=0.28; m1_range Δz=0.25,m1_return_5 Δ=-0.000864266; m1_ema20_dist Δ=-1.08,clock_h1_post120,clock_h1_post120
92704162,2026-05-13 13:32:46,Sell,2026-05-13 13:02:00,M30 phase 2,0.6408737786548409,m1_ema20_dist Δz=2.13; m1_range Δz=0.42; m1_return_5 Δz=0.34; m1_atr_ratio Δz=0.24,m1_return_5 Δ=-0.000374437; m1_ema20_dist Δ=-2.89,"event_any, event_count, clock_h1_post120","event_any, event_count, clock_h1_post120"
92707912,2026-05-13 16:16:14,Buy,2026-05-13 15:46:00,M30 phase 16,0.39719254853993763,m15_price_ema20 Δz=0.82; m1_ema20_dist Δz=0.74; m1_atr_ratio Δz=0.52; h1_price_ema20 Δz=0.51,m1_return_5 Δ=-0.000167232; m1_ema20_dist Δ=0.998,same measured event flags,no isolated measured clock/event condition
92708453,2026-05-13 16:27:45,Sell,2026-05-13 14:27:00,M30 phase 27,0.7510779925874206,trades_session_before Δz=1.99; cooldown_log_seconds Δz=1.10; trades_today_before Δz=1.03; m15_price_ema20 Δz=0.43,m1_return_5 Δ=0.000117442; m1_ema20_dist Δ=0.185,"event_any, event_count","event_any, event_count"
92749649,2026-05-14 07:37:00,Sell,2026-05-14 11:37:00,M30 phase 7,2.4683455683564,active_positions_before_candidate Δz=7.45; trades_prev_hour Δz=3.57; m1_ema20_dist Δz=1.31; cooldown_log_seconds Δz=1.05,m1_return_5 Δ=0.000578069; m1_ema20_dist Δ=1.78,event_count,event_count
92755985,2026-05-14 14:27:21,Buy,2026-05-14 13:27:00,M30 phase 27,0.6985376524679507,m1_ema20_dist Δz=1.96; m1_return_5 Δz=1.41; cooldown_log_seconds Δz=0.12; h1_price_ema20 Δz=0.11,m1_return_5 Δ=-0.00154833; m1_ema20_dist Δ=-2.65,same measured event flags,no isolated measured clock/event condition
92794484,2026-05-15 06:52:48,Sell,2026-05-15 05:22:00,M30 phase 22,0.2906009057400355,m1_atr_ratio Δz=0.73; m15_price_ema20 Δz=0.56; h1_price_ema20 Δz=0.28; m1_ema20_dist Δz=0.26,m1_return_5 Δ=-9.98311e-05; m1_ema20_dist Δ=0.354,same measured event flags,no isolated measured clock/event condition
92816284,2026-05-15 14:15:09,Sell,2026-05-15 13:15:00,M30 phase 15,0.5132029853229684,m1_ema20_dist Δz=1.47; h1_price_ema20 Δz=0.83; m15_price_ema20 Δz=0.43; m1_range Δz=0.30,m1_return_5 Δ=-0.000114622; m1_ema20_dist Δ=-1.99,same measured event flags,no isolated measured clock/event condition
92863125,2026-05-18 09:44:22,Buy,2026-05-18 09:14:00,M30 phase 14,0.24192065172527255,m1_ema20_dist Δz=0.57; m1_range Δz=0.49; m15_price_ema20 Δz=0.35; m1_return_5 Δz=0.14,m1_return_5 Δ=-0.000151948; m1_ema20_dist Δ=-0.771,same measured event flags,no isolated measured clock/event condition
92873305,2026-05-18 16:08:58,Buy,2026-05-18 15:38:00,M30 phase 8,0.4041218726433727,m15_price_ema20 Δz=0.98; h1_price_ema20 Δz=0.55; m1_return_5 Δz=0.50; m1_range Δz=0.44,m1_return_5 Δ=-0.000549768; m1_ema20_dist Δ=-0.557,"event_any, event_count","event_any, event_count"
92878258,2026-05-18 17:35:04,Sell,2026-05-18 13:35:00,M30 phase 5,0.90754910623203,trades_session_before Δz=1.99; m1_atr_ratio Δz=1.15; m1_return_5 Δz=1.04; trades_today_before Δz=1.03,m1_return_5 Δ=-0.00115022; m1_ema20_dist Δ=0.542,event_count,event_count
92901499,2026-05-19 06:40:39,Sell,2026-05-19 04:40:00,M30 phase 10,0.39437789781320426,m1_range Δz=0.92; m1_atr_ratio Δz=0.69; h1_price_ema20 Δz=0.54; m1_return_5 Δz=0.42,m1_return_5 Δ=-0.000462218; m1_ema20_dist Δ=0.105,same measured event flags,no isolated measured clock/event condition
92905766,2026-05-19 10:09:51,Sell,2026-05-19 09:39:00,M30 phase 9,0.3636294893614995,m1_return_5 Δz=0.93; m1_range Δz=0.59; m1_ema20_dist Δz=0.43; m1_atr_ratio Δz=0.30,m1_return_5 Δ=0.00102306; m1_ema20_dist Δ=0.576,"event_any, event_count","event_any, event_count"
92943988,2026-05-20 09:00:09,Buy,2026-05-20 08:00:00,M30 phase 0,0.2998703470333171,m15_price_ema20 Δz=0.80; h1_price_ema20 Δz=0.43; m1_atr_ratio Δz=0.31; m1_ema20_dist Δz=0.29,m1_return_5 Δ=0.000105357; m1_ema20_dist Δ=0.392,"event_any, event_count","event_any, event_count"
92991008,2026-05-21 09:39:49,Sell,2026-05-21 07:39:00,M30 phase 9,0.23048561986641547,m1_atr_ratio Δz=0.52; m1_ema20_dist Δz=0.36; m1_range Δz=0.35; m1_return_5 Δz=0.30,m1_return_5 Δ=0.00032975; m1_ema20_dist Δ=-0.491,same measured event flags,no isolated measured clock/event condition
93028917,2026-05-22 07:41:02,Sell,2026-05-22 07:11:00,M30 phase 11,0.4836939091983742,m1_ema20_dist Δz=1.54; m1_return_5 Δz=0.58; m15_price_ema20 Δz=0.29; m1_atr_ratio Δz=0.10,m1_return_5 Δ=-0.000640306; m1_ema20_dist Δ=-2.09,event_count,event_count
93029514,2026-05-22 08:36:56,Buy,2026-05-22 08:06:00,M30 phase 6,0.3528180285315044,m1_ema20_dist Δz=0.92; cooldown_log_seconds Δz=0.67; m1_range Δz=0.38; m1_atr_ratio Δz=0.19,m1_return_5 Δ=0.000114985; m1_ema20_dist Δ=1.25,same measured event flags,no isolated measured clock/event condition
93037747,2026-05-22 15:30:46,Sell,2026-05-22 15:00:00,M30 phase 0,0.36915105815544097,m1_ema20_dist Δz=0.79; m1_atr_ratio Δz=0.65; m1_return_5 Δz=0.64; m1_range Δz=0.41,m1_return_5 Δ=-0.000701913; m1_ema20_dist Δ=-1.07,"event_any, event_count, clock_h1_post120","event_any, event_count, clock_h1_post120"
93064584,2026-05-25 09:09:03,Buy,2026-05-25 07:09:00,M30 phase 9,0.36201562036594276,m1_ema20_dist Δz=0.94; m15_price_ema20 Δz=0.67; h1_price_ema20 Δz=0.39; m1_atr_ratio Δz=0.25,m1_return_5 Δ=-0.00012697; m1_ema20_dist Δ=-1.28,same measured event flags,no isolated measured clock/event condition
93070782,2026-05-25 15:59:41,Sell,2026-05-25 14:29:00,M30 phase 29,0.36843193542516345,m15_price_ema20 Δz=0.93; m1_ema20_dist Δz=0.72; m1_return_5 Δz=0.40; cooldown_log_seconds Δz=0.19,m1_return_5 Δ=0.000437761; m1_ema20_dist Δ=0.969,same measured event flags,no isolated measured clock/event condition
93086094,2026-05-26 08:40:30,Sell,2026-05-26 08:10:00,M30 phase 10,0.41655257048967115,m1_ema20_dist Δz=0.89; m15_price_ema20 Δz=0.85; m1_range Δz=0.54; m1_return_5 Δz=0.52,m1_return_5 Δ=-0.000573919; m1_ema20_dist Δ=-1.2,"event_any, event_count","event_any, event_count"
93091481,2026-05-26 13:48:28,Sell,2026-05-26 13:18:00,M30 phase 18,0.3509246616922031,m1_ema20_dist Δz=0.95; m1_range Δz=0.52; m1_return_5 Δz=0.44; m15_price_ema20 Δz=0.25,m1_return_5 Δ=0.000481108; m1_ema20_dist Δ=-1.28,same measured event flags,no isolated measured clock/event condition
93095183,2026-05-26 15:35:27,Sell,2026-05-26 15:05:00,M30 phase 5,0.45535419566964813,m1_range Δz=1.01; m1_ema20_dist Δz=0.97; m1_return_5 Δz=0.65; cooldown_log_seconds Δz=0.25,m1_return_5 Δ=0.000714636; m1_ema20_dist Δ=1.31,"event_any, event_count","event_any, event_count"
93121138,2026-05-27 09:21:22,Sell,2026-05-27 07:21:00,M30 phase 21,0.45471306902408903,m1_ema20_dist Δz=0.96; m1_return_5 Δz=0.78; m1_atr_ratio Δz=0.78; m15_price_ema20 Δz=0.53,m1_return_5 Δ=-0.000856865; m1_ema20_dist Δ=-1.31,same measured event flags,no isolated measured clock/event condition
93131167,2026-05-27 14:50:40,Sell,2026-05-27 14:20:00,M30 phase 20,0.21727928473191796,m1_ema20_dist Δz=0.54; m1_return_5 Δz=0.44; m1_atr_ratio Δz=0.22; m1_range Δz=0.16,m1_return_5 Δ=-0.000486973; m1_ema20_dist Δ=-0.727,"event_any, event_count","event_any, event_count"
93169426,2026-05-28 07:11:24,Sell,2026-05-28 09:41:00,M30 phase 11,1.0568399698382076,trades_session_before Δz=1.99; m15_price_ema20 Δz=1.96; cooldown_log_seconds Δz=1.46; trades_today_before Δz=1.03,m1_return_5 Δ=0.00103008; m1_ema20_dist Δ=0.373,"event_any, event_count","event_any, event_count"
93184362,2026-05-28 17:04:21,Sell,2026-05-28 16:34:00,M30 phase 4,0.3104080597962547,m1_range Δz=0.95; m1_ema20_dist Δz=0.40; m15_price_ema20 Δz=0.22; m1_atr_ratio Δz=0.17,m1_return_5 Δ=-8.16572e-05; m1_ema20_dist Δ=0.545,event_count,event_count
93199497,2026-05-28 20:45:24,Buy,2026-05-28 18:45:00,M30 phase 15,0.426603499830783,h1_price_ema20 Δz=0.80; m1_range Δz=0.70; m1_atr_ratio Δz=0.68; cooldown_log_seconds Δz=0.59,m1_return_5 Δ=-0.000396378; m1_ema20_dist Δ=-0.407,"event_any, event_count","event_any, event_count"
93210316,2026-05-29 09:09:04,Sell,2026-05-29 07:39:00,M30 phase 9,0.2314437858728782,m1_atr_ratio Δz=0.56; m1_ema20_dist Δz=0.43; h1_price_ema20 Δz=0.31; m1_return_5 Δz=0.14,m1_return_5 Δ=-0.000154121; m1_ema20_dist Δ=0.587,"event_any, event_count","event_any, event_count"
93235333,2026-05-29 21:01:51,Buy,2026-05-29 20:31:00,M30 phase 1,0.3470383128996622,m1_return_5 Δz=0.83; h1_price_ema20 Δz=0.54; m15_price_ema20 Δz=0.50; m1_ema20_dist Δz=0.32,m1_return_5 Δ=0.000919032; m1_ema20_dist Δ=0.437,clock_h1_post120,clock_h1_post120
93252299,2026-06-01 11:07:05,Sell,2026-06-01 07:07:00,M30 phase 7,0.3518822170678634,m1_range Δz=1.01; m1_atr_ratio Δz=0.49; h1_price_ema20 Δz=0.28; m1_ema20_dist Δz=0.25,m1_return_5 Δ=-0.000104649; m1_ema20_dist Δ=-0.334,"event_any, event_count","event_any, event_count"
93277546,2026-06-01 16:40:02,Sell,2026-06-01 16:10:00,M30 phase 10,1.04545906933093,m15_price_ema20 Δz=2.11; m1_range Δz=1.90; m1_atr_ratio Δz=1.59; m1_return_5 Δz=1.56,m1_return_5 Δ=0.00171411; m1_ema20_dist Δ=0.373,same measured event flags,no isolated measured clock/event condition
93309253,2026-06-02 16:27:01,Sell,2026-06-02 15:27:00,M30 phase 27,0.5253678527103374,m1_return_5 Δz=1.09; m15_price_ema20 Δz=0.97; m1_range Δz=0.84; h1_price_ema20 Δz=0.62,m1_return_5 Δ=0.00120426; m1_ema20_dist Δ=-0.283,same measured event flags,no isolated measured clock/event condition
93345132,2026-06-03 07:31:17,Sell,2026-06-03 11:01:00,M30 phase 1,0.8750126879384603,trades_session_before Δz=1.99; cooldown_log_seconds Δz=1.16; trades_today_before Δz=1.03; h1_price_ema20 Δz=0.91,m1_return_5 Δ=0.000435349; m1_ema20_dist Δ=-0.952,"event_count, clock_h1_post120","event_count, clock_h1_post120"
93360769,2026-06-03 18:19:30,Sell,2026-06-03 21:49:00,M30 phase 19,0.8848516195943628,trades_session_before Δz=1.99; m1_range Δz=1.30; trades_today_before Δz=1.03; cooldown_log_seconds Δz=0.92,m1_return_5 Δ=0.000374974; m1_ema20_dist Δ=-1.02,same measured event flags,no isolated measured clock/event condition
93376580,2026-06-04 09:02:48,Sell,2026-06-04 08:32:00,M30 phase 2,0.3091178661671209,m1_ema20_dist Δz=0.79; h1_price_ema20 Δz=0.47; m15_price_ema20 Δz=0.40; m1_return_5 Δz=0.33,m1_return_5 Δ=0.000367546; m1_ema20_dist Δ=1.07,"event_count, clock_h1_post120","event_count, clock_h1_post120"
93377409,2026-06-04 10:05:50,Sell,2026-06-04 12:35:00,M30 phase 5,0.702211129527768,trades_session_before Δz=1.99; trades_today_before Δz=1.03; m1_range Δz=0.63; cooldown_log_seconds Δz=0.62,m1_return_5 Δ=7.95854e-05; m1_ema20_dist Δ=0.37,event_count,event_count
93404708,2026-06-05 07:16:51,Sell,2026-06-05 09:46:00,M30 phase 16,0.9413999337458087,trades_session_before Δz=1.99; cooldown_log_seconds Δz=1.60; m15_price_ema20 Δz=1.07; trades_today_before Δz=1.03,m1_return_5 Δ=0.000205155; m1_ema20_dist Δ=-1.08,same measured event flags,no isolated measured clock/event condition
93411173,2026-06-05 14:55:49,Sell,2026-06-05 13:25:00,M30 phase 25,0.29445215540190806,m1_return_5 Δz=0.66; m1_atr_ratio Δz=0.54; m1_ema20_dist Δz=0.36; m1_range Δz=0.29,m1_return_5 Δ=0.000725231; m1_ema20_dist Δ=0.487,"event_any, event_count","event_any, event_count"
93443489,2026-06-08 08:38:58,Buy,2026-06-08 07:38:00,M30 phase 8,2.250128210023805,m1_return_5 Δz=5.48; m1_range Δz=4.28; m1_ema20_dist Δz=3.15; m1_atr_ratio Δz=1.55,m1_return_5 Δ=-0.00603103; m1_ema20_dist Δ=-4.26,"event_any, event_count","event_any, event_count"
93461391,2026-06-08 18:18:03,Buy,2026-06-08 21:48:00,M30 phase 18,0.8309688781406306,trades_session_before Δz=1.99; trades_today_before Δz=1.03; m1_range Δz=1.02; m1_atr_ratio Δz=0.86,m1_return_5 Δ=-0.000703417; m1_ema20_dist Δ=0.789,"event_any, event_count","event_any, event_count"
93474519,2026-06-09 10:32:19,Sell,2026-06-09 10:02:00,M30 phase 2,0.15969428225079801,m1_ema20_dist Δz=0.45; m1_range Δz=0.27; m15_price_ema20 Δz=0.16; m1_return_5 Δz=0.05,m1_return_5 Δ=5.47955e-05; m1_ema20_dist Δ=0.612,"event_any, event_count, clock_h1_post120","event_any, event_count, clock_h1_post120"
93510992,2026-06-10 08:02:18,Sell,2026-06-10 07:02:00,M30 phase 2,0.24748742680677246,m1_range Δz=0.56; m1_atr_ratio Δz=0.50; m15_price_ema20 Δz=0.30; m1_return_5 Δz=0.23,m1_return_5 Δ=0.000255822; m1_ema20_dist Δ=-0.113,same measured event flags,no isolated measured clock/event condition
93557927,2026-06-11 09:36:08,Buy,2026-06-11 08:06:00,M30 phase 6,0.2708511650215306,m1_return_5 Δz=0.76; m1_ema20_dist Δz=0.43; h1_price_ema20 Δz=0.31; seconds_since_last_entry Δz=0.08,m1_return_5 Δ=-0.000840529; m1_ema20_dist Δ=-0.588,"event_any, event_count","event_any, event_count"
93598278,2026-06-12 08:17:41,Sell,2026-06-12 07:17:00,M30 phase 17,0.5080200407185269,m1_return_5 Δz=1.37; m1_ema20_dist Δz=0.90; m1_range Δz=0.54; m15_price_ema20 Δz=0.30,m1_return_5 Δ=0.00150524; m1_ema20_dist Δ=1.21,event_count,event_count
93609754,2026-06-12 17:23:16,Buy,2026-06-12 15:23:00,M30 phase 23,0.49271258698506293,m1_return_5 Δz=0.92; m15_price_ema20 Δz=0.90; m1_atr_ratio Δz=0.84; h1_price_ema20 Δz=0.59,m1_return_5 Δ=-0.00101023; m1_ema20_dist Δ=-0.0801,event_count,event_count
93631282,2026-06-15 08:44:57,Sell,2026-06-15 07:44:00,M30 phase 14,0.9381640427207499,m1_ema20_dist Δz=2.87; m1_return_5 Δz=1.39; m1_atr_ratio Δz=0.54; m1_range Δz=0.29,m1_return_5 Δ=-0.00152879; m1_ema20_dist Δ=-3.89,"event_any, event_count","event_any, event_count"
93650934,2026-06-15 16:30:46,Buy,2026-06-15 13:30:00,M30 phase 0,0.38784694518919455,m1_range Δz=0.97; m1_atr_ratio Δz=0.68; m15_price_ema20 Δz=0.44; cooldown_log_seconds Δz=0.36,m1_return_5 Δ=-0.000147178; m1_ema20_dist Δ=0.258,"event_any, event_count","event_any, event_count"
93681010,2026-06-16 13:18:40,Sell,2026-06-16 14:48:00,M30 phase 18,0.9998948761803561,trades_session_before Δz=1.99; cooldown_log_seconds Δz=1.98; m15_price_ema20 Δz=1.23; trades_today_before Δz=1.03,m1_return_5 Δ=-0.000704977; m1_ema20_dist Δ=-0.152,same measured event flags,no isolated measured clock/event condition
93682742,2026-06-16 15:06:09,Buy,2026-06-16 14:36:00,M30 phase 6,0.1828809628855753,h1_price_ema20 Δz=0.45; cooldown_log_seconds Δz=0.25; m1_range Δz=0.23; m1_atr_ratio Δz=0.21,m1_return_5 Δ=-3.00165e-05; m1_ema20_dist Δ=-0.07,same measured event flags,no isolated measured clock/event condition
93700747,2026-06-17 08:49:19,Sell,2026-06-17 07:19:00,M30 phase 19,0.19053256412424266,m15_price_ema20 Δz=0.45; m1_atr_ratio Δz=0.26; h1_price_ema20 Δz=0.25; m1_ema20_dist Δz=0.23,m1_return_5 Δ=2.78719e-05; m1_ema20_dist Δ=0.309,event_count,event_count
93757800,2026-06-18 18:09:38,Sell,2026-06-18 21:09:00,M30 phase 9,0.9885070683071743,trades_session_before Δz=1.99; cooldown_log_seconds Δz=1.83; seconds_since_last_entry Δz=1.55; trades_today_before Δz=1.03,m1_return_5 Δ=4.28763e-05; m1_ema20_dist Δ=0.125,same measured event flags,no isolated measured clock/event condition
93776205,2026-06-19 08:32:37,Sell,2026-06-19 07:32:00,M30 phase 2,0.9399742128218146,m1_ema20_dist Δz=2.79; m1_return_5 Δz=1.55; h1_price_ema20 Δz=0.57; m15_price_ema20 Δz=0.29,m1_return_5 Δ=0.00170894; m1_ema20_dist Δ=3.77,event_count,event_count
93798546,2026-06-22 08:28:11,Buy,2026-06-22 07:58:00,M30 phase 28,0.3010782155744321,m1_range Δz=0.72; m15_price_ema20 Δz=0.64; h1_price_ema20 Δz=0.31; m1_return_5 Δz=0.24,m1_return_5 Δ=0.000261075; m1_ema20_dist Δ=0.043,"event_any, event_count","event_any, event_count"
93832434,2026-06-23 06:39:04,Buy,2026-06-23 05:09:00,M30 phase 9,0.2673474150666375,m1_range Δz=0.71; h1_price_ema20 Δz=0.42; m1_ema20_dist Δz=0.24; m15_price_ema20 Δz=0.23,m1_return_5 Δ=0.000225414; m1_ema20_dist Δ=0.322,same measured event flags,no isolated measured clock/event condition
93873774,2026-06-23 21:06:17,Sell,2026-06-23 20:36:00,M30 phase 6,0.20509390621805543,m1_range Δz=0.37; m1_return_5 Δz=0.36; m1_ema20_dist Δz=0.32; m15_price_ema20 Δz=0.23,m1_return_5 Δ=-0.000392992; m1_ema20_dist Δ=0.435,same measured event flags,no isolated measured clock/event condition
93909211,2026-06-24 10:08:33,Buy,2026-06-24 09:38:00,M30 phase 8,0.2223978618077924,m1_ema20_dist Δz=0.53; h1_price_ema20 Δz=0.43; m1_range Δz=0.24; m15_price_ema20 Δz=0.17,m1_return_5 Δ=-0.000151612; m1_ema20_dist Δ=-0.723,"event_any, event_count","event_any, event_count"
93935706,2026-06-24 16:41:19,Buy,2026-06-24 14:41:00,M30 phase 11,1.0809966152342014,m1_atr_ratio Δz=2.03; m1_return_5 Δz=1.80; h1_price_ema20 Δz=1.57; m1_ema20_dist Δz=1.53,m1_return_5 Δ=0.00198345; m1_ema20_dist Δ=2.07,"event_any, event_count","event_any, event_count"
93990129,2026-06-25 07:19:16,Buy,2026-06-25 10:49:00,M30 phase 19,0.8033299766642147,trades_session_before Δz=1.99; cooldown_log_seconds Δz=1.10; trades_today_before Δz=1.03; m15_price_ema20 Δz=0.76,m1_return_5 Δ=-0.000744685; m1_ema20_dist Δ=0.031,same measured event flags,no isolated measured clock/event condition
94051620,2026-06-25 19:46:01,Buy,2026-06-25 18:16:00,M30 phase 16,0.8043591202280995,m1_ema20_dist Δz=2.16; m1_range Δz=1.22; h1_price_ema20 Δz=0.70; m1_atr_ratio Δz=0.68,m1_return_5 Δ=-0.000600987; m1_ema20_dist Δ=-2.93,"event_any, event_count","event_any, event_count"
94074059,2026-06-26 14:36:53,Sell,2026-06-26 13:06:00,M30 phase 6,0.13951474184640364,m1_ema20_dist Δz=0.28; m1_atr_ratio Δz=0.24; m15_price_ema20 Δz=0.21; h1_price_ema20 Δz=0.18,m1_return_5 Δ=-0.000113341; m1_ema20_dist Δ=0.373,same measured event flags,no isolated measured clock/event condition
94116926,2026-06-29 14:55:16,Buy,2026-06-29 13:55:00,M30 phase 25,0.16547221036641502,m15_price_ema20 Δz=0.41; m1_range Δz=0.29; h1_price_ema20 Δz=0.24; m1_return_5 Δz=0.10,m1_return_5 Δ=-0.000114071; m1_ema20_dist Δ=-0.0883,"event_any, event_count","event_any, event_count"
94147775,2026-06-30 07:15:05,Buy,2026-06-30 09:15:00,M30 phase 15,0.9131844292733639,trades_session_before Δz=1.99; cooldown_log_seconds Δz=1.62; trades_today_before Δz=1.03; m15_price_ema20 Δz=0.90,m1_return_5 Δ=0.000708598; m1_ema20_dist Δ=-0.195,same measured event flags,no isolated measured clock/event condition
94199359,2026-07-01 17:01:51,Sell,2026-07-01 16:31:00,M30 phase 1,0.7112760688927728,h1_price_ema20 Δz=1.59; m1_return_5 Δz=1.56; m1_atr_ratio Δz=0.79; m15_price_ema20 Δz=0.70,m1_return_5 Δ=0.00171531; m1_ema20_dist Δ=0.179,"event_count, clock_h1_post120","event_count, clock_h1_post120"
94223505,2026-07-02 16:13:42,Buy,2026-07-02 14:13:00,M30 phase 13,1.0407956242819971,m1_atr_ratio Δz=2.30; m15_price_ema20 Δz=2.29; h1_price_ema20 Δz=1.37; m1_ema20_dist Δz=0.50,m1_return_5 Δ=0.000518766; m1_ema20_dist Δ=0.681,same measured event flags,no isolated measured clock/event condition
94240579,2026-07-03 06:32:03,Buy,2026-07-03 05:32:00,M30 phase 2,0.36669667301270636,m1_ema20_dist Δz=0.90; m1_return_5 Δz=0.54; m1_range Δz=0.47; m15_price_ema20 Δz=0.42,m1_return_5 Δ=-0.000595966; m1_ema20_dist Δ=-1.21,"event_any, event_count","event_any, event_count"
94241160,2026-07-03 08:08:26,Sell,2026-07-03 10:38:00,M30 phase 8,0.6901088503079275,trades_session_before Δz=1.99; trades_today_before Δz=1.03; m15_price_ema20 Δz=0.52; h1_price_ema20 Δz=0.44,m1_return_5 Δ=0.000210387; m1_ema20_dist Δ=0.263,"event_any, event_count","event_any, event_count"
94258974,2026-07-06 06:37:10,Sell,2026-07-06 03:37:00,M30 phase 7,0.3322178893087544,h1_price_ema20 Δz=0.58; m1_atr_ratio Δz=0.57; m1_ema20_dist Δz=0.52; m15_price_ema20 Δz=0.48,m1_return_5 Δ=0.00023458; m1_ema20_dist Δ=0.7,"event_any, event_count","event_any, event_count"
94289139,2026-07-07 08:30:02,Sell,2026-07-07 07:00:00,M30 phase 0,0.14824585987345648,m15_price_ema20 Δz=0.37; m1_return_5 Δz=0.28; m1_ema20_dist Δz=0.11; m1_range Δz=0.10,m1_return_5 Δ=-0.000312352; m1_ema20_dist Δ=0.152,clock_h1_post120,clock_h1_post120
94291110,2026-07-07 10:41:18,Sell,2026-07-07 10:11:00,M30 phase 11,0.2223228915319653,m1_return_5 Δz=0.56; m1_ema20_dist Δz=0.36; m15_price_ema20 Δz=0.33; cooldown_log_seconds Δz=0.20,m1_return_5 Δ=-0.000617862; m1_ema20_dist Δ=0.483,same measured event flags,no isolated measured clock/event condition
94292496,2026-07-07 11:45:26,Sell,2026-07-07 10:15:00,M30 phase 15,0.8151609138452383,trades_session_before Δz=1.99; m1_ema20_dist Δz=1.40; trades_today_before Δz=1.03; m1_return_5 Δz=0.83,m1_return_5 Δ=-0.00091098; m1_ema20_dist Δ=-1.9,"event_any, event_count","event_any, event_count"
94339039,2026-07-08 08:08:25,Sell,2026-07-08 07:08:00,M30 phase 8,0.4406056133264342,m1_ema20_dist Δz=1.41; m1_return_5 Δz=0.49; m1_range Δz=0.24; m1_atr_ratio Δz=0.18,m1_return_5 Δ=0.000544266; m1_ema20_dist Δ=1.91,event_count,event_count
94351863,2026-07-08 14:04:59,Sell,2026-07-08 13:04:00,M30 phase 4,0.5829367223107375,m15_price_ema20 Δz=1.32; m1_return_5 Δz=1.32; h1_price_ema20 Δz=0.55; m1_range Δz=0.37,m1_return_5 Δ=-0.00144942; m1_ema20_dist Δ=-0.143,"event_any, event_count","event_any, event_count"
94375434,2026-07-09 07:39:07,Sell,2026-07-09 07:09:00,M30 phase 9,0.2811277336601279,m1_ema20_dist Δz=0.71; m1_return_5 Δz=0.56; m15_price_ema20 Δz=0.35; m1_atr_ratio Δz=0.05,m1_return_5 Δ=-0.000615574; m1_ema20_dist Δ=0.963,"event_any, event_count","event_any, event_count"
94382823,2026-07-09 10:15:32,Buy,2026-07-09 12:45:00,M30 phase 15,0.7595824711078238,trades_session_before Δz=1.99; m15_price_ema20 Δz=1.10; trades_today_before Δz=1.03; m1_range Δz=0.62,m1_return_5 Δ=-0.000475015; m1_ema20_dist Δ=-0.0269,"event_any, event_count","event_any, event_count"
94425120,2026-07-10 08:49:00,Buy,2026-07-10 11:19:00,M30 phase 19,2.4713060807403973,active_positions_before_candidate Δz=7.45; trades_prev_hour Δz=3.57; cooldown_log_seconds Δz=1.73; seconds_since_last_entry Δz=1.03,m1_return_5 Δ=-0.000491706; m1_ema20_dist Δ=-1.05,"event_any, event_count","event_any, event_count"
94467306,2026-07-13 08:16:27,Sell,2026-07-13 07:46:00,M30 phase 16,0.7167913832961227,m1_range Δz=1.57; m15_price_ema20 Δz=1.36; m1_return_5 Δz=0.91; m1_ema20_dist Δz=0.75,m1_return_5 Δ=-0.000998949; m1_ema20_dist Δ=1.01,"event_any, event_count","event_any, event_count"
94482317,2026-07-13 15:43:27,Sell,2026-07-13 14:13:00,M30 phase 13,0.21040321532581202,m1_ema20_dist Δz=0.50; m1_range Δz=0.32; m1_return_5 Δz=0.25; m1_atr_ratio Δz=0.25,m1_return_5 Δ=0.000280623; m1_ema20_dist Δ=-0.674,same measured event flags,no isolated measured clock/event condition
94517647,2026-07-14 07:51:04,Sell,2026-07-14 07:21:00,M30 phase 21,0.6076306286930002,m1_ema20_dist Δz=1.85; m1_return_5 Δz=0.90; m15_price_ema20 Δz=0.36; m1_range Δz=0.30,m1_return_5 Δ=-0.000987407; m1_ema20_dist Δ=-2.5,event_count,event_count
94518850,2026-07-14 08:30:53,Buy,2026-07-14 08:00:00,M30 phase 0,0.4657813602205779,cooldown_log_seconds Δz=1.58; m1_return_5 Δz=0.31; m15_price_ema20 Δz=0.10; m1_atr_ratio Δz=0.09,m1_return_5 Δ=0.000340723; m1_ema20_dist Δ=0.0529,clock_h1_post120,clock_h1_post120
94571902,2026-07-15 08:31:12,Buy,2026-07-15 07:31:00,M30 phase 1,0.5822605248456982,m1_ema20_dist Δz=1.55; m1_range Δz=1.01; m15_price_ema20 Δz=0.53; m1_return_5 Δz=0.49,m1_return_5 Δ=-0.00054139; m1_ema20_dist Δ=-2.1,"event_any, event_count","event_any, event_count"
94588522,2026-07-15 15:13:35,Buy,2026-07-15 13:43:00,M30 phase 13,0.32514662414157913,m15_price_ema20 Δz=0.92; h1_price_ema20 Δz=0.43; m1_return_5 Δz=0.38; m1_ema20_dist Δz=0.23,m1_return_5 Δ=0.000416944; m1_ema20_dist Δ=0.312,same measured event flags,no isolated measured clock/event condition
94627775,2026-07-16 08:45:23,Sell,2026-07-16 07:15:00,M30 phase 15,0.23629046532752473,m1_atr_ratio Δz=0.55; m1_return_5 Δz=0.47; m1_ema20_dist Δz=0.28; m1_range Δz=0.20,m1_return_5 Δ=-0.000515467; m1_ema20_dist Δ=-0.377,event_count,event_count
94694698,2026-07-17 09:35:22,Sell,2026-07-17 08:35:00,M30 phase 5,0.5760013046598584,m15_price_ema20 Δz=1.90; m1_return_5 Δz=0.46; m1_ema20_dist Δz=0.27; m1_range Δz=0.18,m1_return_5 Δ=-0.000511331; m1_ema20_dist Δ=0.37,same measured event flags,no isolated measured clock/event condition
94754184,2026-07-20 11:10:48,Buy,2026-07-20 07:40:00,M30 phase 10,0.30322599369451253,m1_return_5 Δz=0.70; m1_atr_ratio Δz=0.49; m15_price_ema20 Δz=0.46; h1_price_ema20 Δz=0.34,m1_return_5 Δ=-0.000768089; m1_ema20_dist Δ=0.119,"event_any, event_count","event_any, event_count"
94775324,2026-07-20 17:51:46,Sell,2026-07-20 16:21:00,M30 phase 21,0.222865593473077,m1_range Δz=0.53; m1_ema20_dist Δz=0.34; m15_price_ema20 Δz=0.33; m1_return_5 Δz=0.21,m1_return_5 Δ=-0.00022968; m1_ema20_dist Δ=0.455,event_count,event_count
94810342,2026-07-21 09:41:33,Buy,2026-07-21 09:11:00,M30 phase 11,0.2674208693499825,m1_ema20_dist Δz=0.62; m15_price_ema20 Δz=0.51; m1_return_5 Δz=0.45; m1_range Δz=0.10,m1_return_5 Δ=-0.000492333; m1_ema20_dist Δ=-0.844,"event_any, event_count","event_any, event_count"
94842197,2026-07-21 19:41:05,Sell,2026-07-21 19:11:00,M30 phase 11,0.12548786038640464,m1_ema20_dist Δz=0.39; m1_return_5 Δz=0.14; m1_atr_ratio Δz=0.10; m1_range Δz=0.09,m1_return_5 Δ=-0.000149696; m1_ema20_dist Δ=-0.523,same measured event flags,no isolated measured clock/event condition
94864297,2026-07-22 07:00:59,Sell,2026-07-22 09:00:00,M30 phase 0,0.9344365773739468,trades_session_before Δz=1.99; cooldown_log_seconds Δz=1.83; m1_ema20_dist Δz=1.07; trades_today_before Δz=1.03,m1_return_5 Δ=-0.000368094; m1_ema20_dist Δ=-1.46,"event_any, event_count","event_any, event_count"
94908427,2026-07-22 22:54:35,Buy,2026-07-22 21:24:00,M30 phase 24,0.1347030274952003,h1_price_ema20 Δz=0.34; m1_range Δz=0.23; m1_ema20_dist Δz=0.13; m15_price_ema20 Δz=0.12,m1_return_5 Δ=5.24782e-05; m1_ema20_dist Δ=0.177,same measured event flags,no isolated measured clock/event condition
94927689,2026-07-23 07:48:08,Buy,2026-07-23 07:18:00,M30 phase 18,0.23502052522357794,m1_ema20_dist Δz=0.64; m15_price_ema20 Δz=0.47; m1_range Δz=0.13; m1_atr_ratio Δz=0.08,m1_return_5 Δ=-4.1193e-05; m1_ema20_dist Δ=-0.871,"event_any, event_count","event_any, event_count"
94942223,2026-07-23 12:20:23,Sell,2026-07-23 10:20:00,M30 phase 20,0.43991982294412607,h1_price_ema20 Δz=0.92; m1_ema20_dist Δz=0.89; m1_atr_ratio Δz=0.52; cooldown_log_seconds Δz=0.48,m1_return_5 Δ=-0.000212822; m1_ema20_dist Δ=1.21,"event_any, event_count","event_any, event_count"
94986774,2026-07-24 08:50:08,Sell,2026-07-24 07:20:00,M30 phase 20,0.28606245826486065,m1_return_5 Δz=0.69; m1_atr_ratio Δz=0.53; m1_ema20_dist Δz=0.41; m15_price_ema20 Δz=0.23,m1_return_5 Δ=0.000755446; m1_ema20_dist Δ=0.554,same measured event flags,no isolated measured clock/event condition
94991858,2026-07-24 10:35:14,Sell,2026-07-24 10:05:00,M30 phase 5,0.5203813684109827,m1_ema20_dist Δz=1.26; m15_price_ema20 Δz=1.14; m1_return_5 Δz=0.49; cooldown_log_seconds Δz=0.28,m1_return_5 Δ=0.000536297; m1_ema20_dist Δ=1.7,event_count,event_count
95047920,2026-07-27 07:18:11,Buy,2026-07-27 10:48:00,M30 phase 18,1.3954335053165663,seconds_since_last_entry Δz=3.34; cooldown_log_seconds Δz=2.42; trades_session_before Δz=1.99; trades_today_before Δz=1.03,m1_return_5 Δ=-0.00094583; m1_ema20_dist Δ=-0.765,"event_any, event_count","event_any, event_count"
95072289,2026-07-27 16:33:09,Buy,2026-07-27 15:33:00,M30 phase 3,0.5034350956653783,m1_range Δz=1.39; m15_price_ema20 Δz=0.66; h1_price_ema20 Δz=0.53; m1_return_5 Δz=0.45,m1_return_5 Δ=-0.000493503; m1_ema20_dist Δ=-0.342,"event_any, event_count","event_any, event_count"
95107372,2026-07-28 07:47:22,Sell,2026-07-28 07:17:00,M30 phase 17,0.4339389118917164,m1_ema20_dist Δz=1.32; m15_price_ema20 Δz=0.64; m1_return_5 Δz=0.27; m1_range Δz=0.17,m1_return_5 Δ=0.000299088; m1_ema20_dist Δ=1.78,same measured event flags,no isolated measured clock/event condition
95168933,2026-07-29 07:20:48,Buy,2026-07-29 11:20:00,M30 phase 20,0.9084110349163389,trades_session_before Δz=1.99; cooldown_log_seconds Δz=1.41; h1_price_ema20 Δz=1.04; trades_today_before Δz=1.03,m1_return_5 Δ=-0.00035879; m1_ema20_dist Δ=0.342,same measured event flags,no isolated measured clock/event condition
95248660,2026-07-29 23:00:54,Buy,2026-07-29 20:30:00,M30 phase 0,1.0291079828727476,m1_ema20_dist Δz=2.03; m1_return_5 Δz=1.97; m15_price_ema20 Δz=1.88; m1_atr_ratio Δz=1.02,m1_return_5 Δ=-0.00217209; m1_ema20_dist Δ=-2.76,"event_count, clock_h1_post120","event_count, clock_h1_post120"
95298275,2026-07-30 12:32:41,Buy,2026-07-30 10:32:00,M30 phase 2,0.45113405321023364,m15_price_ema20 Δz=1.12; h1_price_ema20 Δz=0.81; m1_return_5 Δz=0.62; m1_ema20_dist Δz=0.28,m1_return_5 Δ=-0.000685431; m1_ema20_dist Δ=-0.373,event_count,event_count
95369124,2026-07-31 07:51:51,Buy,2026-07-31 07:21:00,M30 phase 21,0.5111520116065471,m1_ema20_dist Δz=1.68; m15_price_ema20 Δz=0.39; m1_return_5 Δz=0.35; m1_range Δz=0.20,m1_return_5 Δ=-0.000387209; m1_ema20_dist Δ=-2.27,same measured event flags,no isolated measured clock/event condition
95443868,2026-08-03 08:03:06,Sell,2026-08-03 07:03:00,M30 phase 3,0.5618054466659023,m1_ema20_dist Δz=1.83; m1_return_5 Δz=0.54; m15_price_ema20 Δz=0.33; m1_range Δz=0.16,m1_return_5 Δ=-0.000597704; m1_ema20_dist Δ=-2.48,same measured event flags,no isolated measured clock/event condition
95511070,2026-08-04 08:06:17,Sell,2026-08-04 07:06:00,M30 phase 6,0.41286876527759575,m15_price_ema20 Δz=1.24; h1_price_ema20 Δz=0.54; m1_ema20_dist Δz=0.33; m1_return_5 Δz=0.29,m1_return_5 Δ=-0.000322981; m1_ema20_dist Δ=0.442,"event_any, event_count","event_any, event_count"
95576013,2026-08-04 21:47:35,Sell,2026-08-04 21:17:00,M30 phase 17,0.5670429495383333,m1_ema20_dist Δz=1.56; m15_price_ema20 Δz=1.02; m1_return_5 Δz=0.57; m1_range Δz=0.22,m1_return_5 Δ=-0.000622554; m1_ema20_dist Δ=-2.11,same measured event flags,no isolated measured clock/event condition
95598021,2026-08-05 07:50:18,Buy,2026-08-05 11:20:00,M30 phase 20,0.835900047052551,trades_session_before Δz=1.99; trades_today_before Δz=1.03; m1_ema20_dist Δz=1.00; cooldown_log_seconds Δz=0.89,m1_return_5 Δ=-0.000711451; m1_ema20_dist Δ=-1.35,"event_any, event_count","event_any, event_count"
95612645,2026-08-05 11:44:22,Sell,2026-08-05 10:44:00,M30 phase 14,0.33366683294123706,m1_ema20_dist Δz=0.63; m1_range Δz=0.56; h1_price_ema20 Δz=0.53; m15_price_ema20 Δz=0.45,m1_return_5 Δ=0.000309817; m1_ema20_dist Δ=0.849,"event_any, event_count","event_any, event_count"
95709969,2026-08-06 07:35:50,Buy,2026-08-06 07:05:00,M30 phase 5,0.42091823651853,m1_ema20_dist Δz=1.10; m1_return_5 Δz=0.72; m15_price_ema20 Δz=0.57; m1_range Δz=0.25,m1_return_5 Δ=0.000796549; m1_ema20_dist Δ=-1.49,"event_any, event_count","event_any, event_count"
95773198,2026-08-06 20:23:51,Buy,2026-08-06 18:53:00,M30 phase 23,0.3714635267822025,h1_price_ema20 Δz=0.96; m1_atr_ratio Δz=0.52; m1_ema20_dist Δz=0.51; m1_return_5 Δz=0.40,m1_return_5 Δ=0.000442005; m1_ema20_dist Δ=0.693,event_count,event_count
95800620,2026-08-07 08:08:00,Buy,2026-08-07 08:38:00,M30 phase 8,2.3860213341264136,active_positions_before_candidate Δz=7.45; cooldown_log_seconds Δz=2.59; m1_ema20_dist Δz=2.20; m1_return_5 Δz=0.90,m1_return_5 Δ=-0.000991044; m1_ema20_dist Δ=-2.98,"event_any, event_count","event_any, event_count"
95918631,2026-08-10 07:10:04,Buy,2026-08-10 10:40:00,M30 phase 10,1.4691936529049126,seconds_since_last_entry Δz=3.46; cooldown_log_seconds Δz=2.28; trades_session_before Δz=1.99; m15_price_ema20 Δz=1.35,m1_return_5 Δ=-0.000826775; m1_ema20_dist Δ=-0.829,"event_any, event_count","event_any, event_count"
96004348,2026-08-11 07:58:04,Sell,2026-08-11 07:28:00,M30 phase 28,0.15395213059765495,m15_price_ema20 Δz=0.37; m1_ema20_dist Δz=0.31; m1_atr_ratio Δz=0.20; m1_range Δz=0.11,m1_return_5 Δ=-2.96115e-05; m1_ema20_dist Δ=-0.419,same measured event flags,no isolated measured clock/event condition
96024216,2026-08-11 11:51:13,Sell,2026-08-11 10:51:00,M30 phase 21,0.6784898005287582,m15_price_ema20 Δz=1.69; m1_ema20_dist Δz=1.54; m1_range Δz=0.42; h1_price_ema20 Δz=0.25,m1_return_5 Δ=7.25202e-05; m1_ema20_dist Δ=2.08,"event_any, event_count","event_any, event_count"
96113042,2026-08-12 15:00:05,Sell,2026-08-12 14:00:00,M30 phase 0,0.26541063817373456,m1_return_5 Δz=0.72; m1_ema20_dist Δz=0.48; m1_range Δz=0.19; m1_atr_ratio Δz=0.17,m1_return_5 Δ=-0.000797848; m1_ema20_dist Δ=-0.655,event_count,event_count
96202433,2026-08-13 08:13:29,Buy,2026-08-13 07:43:00,M30 phase 13,0.41866940963544585,m1_ema20_dist Δz=1.01; m1_return_5 Δz=0.99; m1_atr_ratio Δz=0.28; m15_price_ema20 Δz=0.08,m1_return_5 Δ=0.001094; m1_ema20_dist Δ=1.37,"event_any, event_count","event_any, event_count"
96325914,2026-08-14 08:00:52,Sell,2026-08-14 07:30:00,M30 phase 0,0.599656584625095,m1_ema20_dist Δz=1.87; m1_return_5 Δz=0.81; m1_range Δz=0.27; m15_price_ema20 Δz=0.21,m1_return_5 Δ=0.000897018; m1_ema20_dist Δ=2.53,"event_count, clock_h1_post120","event_count, clock_h1_post120"
96332229,2026-08-14 08:50:02,Buy,2026-08-14 08:20:00,M30 phase 20,1.2688807915704003,cooldown_log_seconds Δz=3.22; m1_ema20_dist Δz=2.29; m1_return_5 Δz=1.60; m1_range Δz=0.92,m1_return_5 Δ=0.00176707; m1_ema20_dist Δ=3.11,"event_any, event_count","event_any, event_count"
96391293,2026-08-17 07:49:26,Sell,2026-08-17 07:19:00,M30 phase 19,0.4537208710654581,m1_ema20_dist Δz=1.38; m1_return_5 Δz=0.66; m15_price_ema20 Δz=0.31; m1_range Δz=0.13,m1_return_5 Δ=0.000730018; m1_ema20_dist Δ=1.87,same measured event flags,no isolated measured clock/event condition
96484066,2026-08-18 06:00:51,Sell,2026-08-18 05:30:00,M30 phase 0,0.4456883651482306,m1_ema20_dist Δz=1.27; m1_return_5 Δz=0.82; h1_price_ema20 Δz=0.32; m15_price_ema20 Δz=0.12,m1_return_5 Δ=0.000897581; m1_ema20_dist Δ=1.72,clock_h1_post120,clock_h1_post120
96566692,2026-08-19 08:06:43,Sell,2026-08-19 07:36:00,M30 phase 6,0.20162661260557407,m1_ema20_dist Δz=0.57; h1_price_ema20 Δz=0.24; m15_price_ema20 Δz=0.22; m1_atr_ratio Δz=0.15,m1_return_5 Δ=-0.00014962; m1_ema20_dist Δ=0.771,"event_any, event_count","event_any, event_count"
96653069,2026-08-20 08:03:17,Sell,2026-08-20 07:03:00,M30 phase 3,0.2867043428623986,m15_price_ema20 Δz=0.73; m1_return_5 Δz=0.48; h1_price_ema20 Δz=0.45; m1_ema20_dist Δz=0.11,m1_return_5 Δ=0.000529406; m1_ema20_dist Δ=0.153,event_count,event_count
96756936,2026-08-21 08:11:26,Buy,2026-08-21 07:41:00,M30 phase 11,0.45353504360392066,m1_ema20_dist Δz=1.32; m15_price_ema20 Δz=0.67; m1_return_5 Δz=0.40; m1_range Δz=0.27,m1_return_5 Δ=-0.000438794; m1_ema20_dist Δ=-1.79,"event_any, event_count","event_any, event_count"
96882975,2026-08-24 07:34:43,Buy,2026-08-24 07:04:00,M30 phase 4,0.6062831429368291,m1_ema20_dist Δz=1.45; m1_return_5 Δz=1.43; m1_range Δz=0.47; m1_atr_ratio Δz=0.14,m1_return_5 Δ=-0.00157537; m1_ema20_dist Δ=-1.97,event_count,event_count
97042659,2026-08-25 08:04:19,Buy,2026-08-25 07:04:00,M30 phase 4,0.13069678434608592,m1_range Δz=0.31; h1_price_ema20 Δz=0.20; m15_price_ema20 Δz=0.18; m1_return_5 Δz=0.11,m1_return_5 Δ=-0.000122436; m1_ema20_dist Δ=-0.133,"event_any, event_count","event_any, event_count"
97143853,2026-08-25 20:27:24,Buy,2026-08-25 19:57:00,M30 phase 27,0.23643452964750464,m1_range Δz=0.55; m15_price_ema20 Δz=0.44; h1_price_ema20 Δz=0.31; m1_atr_ratio Δz=0.19,m1_return_5 Δ=-6.05796e-05; m1_ema20_dist Δ=0.241,same measured event flags,no isolated measured clock/event condition
97182841,2026-08-26 07:57:51,Buy,2026-08-26 07:27:00,M30 phase 27,0.2099393708549324,m1_ema20_dist Δz=0.53; m1_return_5 Δz=0.46; m1_range Δz=0.16; m15_price_ema20 Δz=0.07,m1_return_5 Δ=0.00050631; m1_ema20_dist Δ=0.721,"event_any, event_count","event_any, event_count"
97352852,2026-08-27 11:17:10,Sell,2026-08-27 09:47:00,M30 phase 17,0.18492103809583468,m1_ema20_dist Δz=0.50; m15_price_ema20 Δz=0.27; h1_price_ema20 Δz=0.16; m1_atr_ratio Δz=0.15,m1_return_5 Δ=0.000115328; m1_ema20_dist Δ=0.682,"event_any, event_count","event_any, event_count"
97451919,2026-08-28 08:18:43,Buy,2026-08-28 07:48:00,M30 phase 18,0.13853371812385018,m1_ema20_dist Δz=0.32; m1_return_5 Δz=0.25; h1_price_ema20 Δz=0.22; m15_price_ema20 Δz=0.11,m1_return_5 Δ=-0.000279524; m1_ema20_dist Δ=-0.435,same measured event flags,no isolated measured clock/event condition
97638884,2026-08-31 08:03:50,Sell,2026-08-31 07:03:00,M30 phase 3,0.743732159258886,m1_ema20_dist Δz=2.39; m1_range Δz=0.67; m1_return_5 Δz=0.56; m15_price_ema20 Δz=0.34,m1_return_5 Δ=0.000617306; m1_ema20_dist Δ=3.24,same measured event flags,no isolated measured clock/event condition
97800092,2026-09-01 09:00:02,Sell,2026-09-01 07:00:00,M30 phase 0,0.38562134954174676,m15_price_ema20 Δz=0.80; m1_ema20_dist Δz=0.75; m1_atr_ratio Δz=0.43; m1_return_5 Δz=0.42,m1_return_5 Δ=0.000457225; m1_ema20_dist Δ=1.01,event_count,event_count
97982386,2026-09-02 09:04:25,Buy,2026-09-02 08:04:00,M30 phase 4,0.5152144697669768,m1_range Δz=1.15; m15_price_ema20 Δz=0.79; m1_ema20_dist Δz=0.79; h1_price_ema20 Δz=0.56,m1_return_5 Δ=-0.000330459; m1_ema20_dist Δ=-1.07,"event_any, event_count","event_any, event_count"
98070555,2026-09-02 18:21:55,Buy,2026-09-02 20:21:00,M30 phase 21,0.8363944180986672,trades_session_before Δz=1.99; trades_today_before Δz=1.03; m1_range Δz=1.00; cooldown_log_seconds Δz=0.91,m1_return_5 Δ=-0.000111688; m1_ema20_dist Δ=-0.849,"event_any, event_count","event_any, event_count"
98161217,2026-09-03 08:48:56,Sell,2026-09-03 07:48:00,M30 phase 18,0.6037917690019465,m1_range Δz=1.24; m15_price_ema20 Δz=1.12; m1_atr_ratio Δz=0.89; m1_return_5 Δz=0.78,m1_return_5 Δ=0.000857702; m1_ema20_dist Δ=0.571,same measured event flags,no isolated measured clock/event condition
98188192,2026-09-03 12:36:09,Sell,2026-09-03 12:06:00,M30 phase 6,0.305704177899443,m1_return_5 Δz=0.80; m1_ema20_dist Δz=0.62; m1_range Δz=0.26; m15_price_ema20 Δz=0.11,m1_return_5 Δ=0.000883865; m1_ema20_dist Δ=0.837,same measured event flags,no isolated measured clock/event condition
98366050,2026-09-04 15:43:11,Sell,2026-09-04 17:13:00,M30 phase 13,1.6328380330980985,m1_atr_ratio Δz=2.96; m1_return_5 Δz=2.61; cooldown_log_seconds Δz=2.19; trades_session_before Δz=1.99,m1_return_5 Δ=0.00287843; m1_ema20_dist Δ=-1.36,"event_any, event_count","event_any, event_count"
98440487,2026-09-07 10:01:54,Buy,2026-09-07 07:31:00,M30 phase 1,0.2449808202612434,m1_ema20_dist Δz=0.62; m1_return_5 Δz=0.34; m1_range Δz=0.33; m1_atr_ratio Δz=0.28,m1_return_5 Δ=0.000370836; m1_ema20_dist Δ=0.837,"event_any, event_count, clock_h1_post120","event_any, event_count, clock_h1_post120"
99000862,2026-09-08 20:07:06,Sell,2026-09-08 18:07:00,M30 phase 7,0.21731251676975663,m1_return_5 Δz=0.43; m1_ema20_dist Δz=0.42; m1_atr_ratio Δz=0.38; m15_price_ema20 Δz=0.20,m1_return_5 Δ=0.000473434; m1_ema20_dist Δ=0.568,same measured event flags,no isolated measured clock/event condition
99208828,2026-09-09 16:01:58,Buy,2026-09-09 14:01:00,M30 phase 1,0.500907442656848,m1_return_5 Δz=1.23; m1_range Δz=0.99; m1_ema20_dist Δz=0.61; m15_price_ema20 Δz=0.26,m1_return_5 Δ=0.00135491; m1_ema20_dist Δ=0.82,event_count,event_count
99615317,2026-09-10 22:27:09,Sell,2026-09-10 18:27:00,M30 phase 27,0.6025681197925167,m15_price_ema20 Δz=1.45; m1_return_5 Δz=1.11; m1_ema20_dist Δz=0.86; h1_price_ema20 Δz=0.47,m1_return_5 Δ=0.00122686; m1_ema20_dist Δ=1.16,"event_any, event_count","event_any, event_count"
99738973,2026-09-11 07:57:55,Buy,2026-09-11 07:27:00,M30 phase 27,0.47668854880857153,m1_ema20_dist Δz=1.36; m1_return_5 Δz=0.64; m15_price_ema20 Δz=0.56; m1_range Δz=0.39,m1_return_5 Δ=-0.000704654; m1_ema20_dist Δ=-1.84,"event_any, event_count","event_any, event_count"
99754992,2026-09-11 18:20:15,Buy,2026-09-11 21:50:00,M30 phase 20,0.7679785664149112,trades_session_before Δz=1.99; trades_today_before Δz=1.03; cooldown_log_seconds Δz=0.84; m15_price_ema20 Δz=0.72,m1_return_5 Δ=0.000409611; m1_ema20_dist Δ=0.0261,same measured event flags,no isolated measured clock/event condition
100126875,2026-09-15 08:52:49,Sell,2026-09-15 07:52:00,M30 phase 22,0.29135574779173656,m15_price_ema20 Δz=0.81; m1_atr_ratio Δz=0.46; m1_range Δz=0.29; m1_return_5 Δz=0.26,m1_return_5 Δ=-0.00028545; m1_ema20_dist Δ=-0.00877,"event_any, event_count","event_any, event_count"
100453335,2026-09-16 09:36:42,Buy,2026-09-16 07:36:00,M30 phase 6,0.2723085406159108,m15_price_ema20 Δz=0.64; m1_range Δz=0.58; m1_atr_ratio Δz=0.22; m1_return_5 Δz=0.19,m1_return_5 Δ=0.00020562; m1_ema20_dist Δ=0.158,same measured event flags,no isolated measured clock/event condition
100653865,2026-09-17 06:00:33,Buy,2026-09-17 02:00:00,M30 phase 0,0.3663940455127721,m1_return_5 Δz=0.66; h1_price_ema20 Δz=0.63; m1_range Δz=0.61; m1_atr_ratio Δz=0.47,m1_return_5 Δ=0.000721295; m1_ema20_dist Δ=0.15,"event_any, event_count","event_any, event_count"
100675478,2026-09-17 09:20:36,Sell,2026-09-17 08:50:00,M30 phase 20,0.4737831769258441,m1_return_5 Δz=1.12; m15_price_ema20 Δz=0.93; m1_ema20_dist Δz=0.67; m1_range Δz=0.28,m1_return_5 Δ=-0.00123206; m1_ema20_dist Δ=-0.902,"event_any, event_count","event_any, event_count"
100829495,2026-09-17 16:21:20,Sell,2026-09-17 15:51:00,M30 phase 21,0.28158937268134354,m1_return_5 Δz=0.66; m1_ema20_dist Δz=0.51; h1_price_ema20 Δz=0.48; m15_price_ema20 Δz=0.12,m1_return_5 Δ=-0.000724106; m1_ema20_dist Δ=0.687,same measured event flags,no isolated measured clock/event condition
00983845,2026-09-18 06:25:04,Buy,2026-09-18 04:55:00,M30 phase 25,0.4378156842177367,m1_ema20_dist Δz=1.29; m1_return_5 Δz=0.46; h1_price_ema20 Δz=0.42; m1_range Δz=0.40,m1_return_5 Δ=-0.000502103; m1_ema20_dist Δ=-1.75,same measured event flags,no isolated measured clock/event condition
