ticket,trade_time,control_time,state_similarity,trade_cooldown_log_seconds,trade_seconds_since_last_entry,trade_trades_today_before,trade_trades_prev_hour,trade_trades_session_before,trade_active_positions_before_candidate,trade_m1_atr_ratio,trade_m1_range,trade_m1_return_5,trade_m1_ema20_dist,trade_m15_price_ema20,trade_h1_price_ema20,control_cooldown_log_seconds,control_seconds_since_last_entry,control_trades_today_before,control_trades_prev_hour,control_trades_session_before,control_active_positions_before_candidate,control_m1_atr_ratio,control_m1_range,control_m1_return_5,control_m1_ema20_dist,control_m15_price_ema20,control_h1_price_ema20
36094988,2025-09-25 19:32:56,2025-09-25 22:32:00,1.3877391077710861,,,0.0,0.0,0.0,0,0.00036478639,1.41,-0.00025077781,-1.5069497,-0.096103758,-0.64638764,9.2093398716426,10094.0,2.0,0.0,2.0,0,0.00030201534,1.74,-0.0003819502,-1.9855429,1.0006672,0.8587929
36095791,2025-09-25 19:43:46,2025-09-25 20:43:00,1.5144085189297742,1.791759469228055,604.0,1.0,1.0,1.0,0,0.00031686213,0.59299999,0.00043823509,0.32651404,-0.096103758,-0.64638764,8.146129510025405,3554.0,2.0,1.0,2.0,0,0.00038184263,0.77999997,0.00028352291,0.20031554,0.21961083,-0.75980884
36148327,2025-09-26 18:47:57,2025-09-26 18:17:00,0.103598621898906,11.325269706585573,82994.0,0.0,0.0,0.0,0,0.0003818,1.22,0.00010326708,-0.024427919,1.6926153,2.3972764,11.303314927938603,81194.0,0.0,0.0,0.0,0,0.00045359563,1.05,0.00029942143,-0.31336641,1.8433098,2.3972764
36168589,2025-09-29 08:46:42,2025-09-29 08:16:00,0.26136762726059487,12.313553910807975,223083.0,0.0,0.0,0.0,0,0.00052851439,2.72,0.00039432198,0.50485486,1.4492718,2.3771293,12.305438227427736,221283.0,0.0,0.0,0.0,0,0.00047172027,1.603,0.000394314,-0.19103947,2.2064927,2.3771293
36168590,2025-09-29 08:46:47,2025-09-29 08:16:00,0.26136762726059487,12.313553910807975,223083.0,0.0,0.0,0.0,0,0.00052851439,2.72,0.00039432198,0.50485486,1.4492718,2.3771293,12.305438227427736,221283.0,0.0,0.0,0.0,0,0.00047172027,1.603,0.000394314,-0.19103947,2.2064927,2.3771293
36227385,2025-09-30 11:20:52,2025-09-30 10:50:00,0.430412189647175,11.463976788238345,95593.0,0.0,0.0,0.0,0,0.0006825591,4.0999999,-0.001416721,-2.3642919,-2.3474572,0.46309131,11.44489284657838,93793.0,0.0,0.0,0.0,0,0.00056209095,2.007,-0.00067242573,-2.1001685,-1.6566085,1.5736338
36227388,2025-09-30 11:20:57,2025-09-30 10:50:00,0.430412189647175,11.463976788238345,95593.0,0.0,0.0,0.0,0,0.0006825591,4.0999999,-0.001416721,-2.3642919,-2.3474572,0.46309131,11.44489284657838,93793.0,0.0,0.0,0.0,0,0.00056209095,2.007,-0.00067242573,-2.1001685,-1.6566085,1.5736338
36228676,2025-09-30 11:25:56,2025-09-30 11:55:00,1.4179823758880334,4.61512051684126,243.0,2.0,2.0,2.0,0,0.00087249908,4.0500002,-0.00068444572,-1.3809772,-2.3474572,0.46309131,7.302496423727326,1744.0,3.0,3.0,3.0,0,0.00085996173,2.2,-0.00078019558,-0.43744719,-3.8529127,0.46309131
36274877,2025-10-01 09:25:14,2025-10-01 07:25:00,0.17551116736951503,11.27573369792996,79144.0,0.0,0.0,0.0,0,0.00036849122,1.74,0.00024636067,-0.6007967,-0.76343513,0.90176421,11.18002284966328,71944.0,0.0,0.0,0.0,0,0.00026999859,1.7,2.5900463e-05,-0.1163531,-0.29791135,0.94109172
36283671,2025-10-01 11:28:02,2025-10-01 10:58:00,0.6151037301021091,8.87346805533363,7366.0,1.0,0.0,1.0,0,0.00048627736,1.02,-0.00025167214,1.6791605,3.3231215,1.8515654,8.582980931954241,5566.0,1.0,0.0,1.0,0,0.00041956501,1.16,-0.00067804736,1.1794269,0.93455899,0.50034046
36322976,2025-10-02 08:13:35,2025-10-02 07:43:00,0.5525182211992087,11.215987353921955,74698.0,0.0,0.0,0.0,0,0.0002211433,1.1569999,1.2151146e-05,2.1571655,-0.12923104,-0.094373018,11.191465971069325,72898.0,0.0,0.0,0.0,0,0.00015035372,0.46000001,1.8113233e-05,-0.35222301,0.28790754,0.094989218
36334931,2025-10-02 15:17:55,2025-10-02 13:47:00,0.48490390195691097,10.01301437706337,25405.0,1.0,0.0,0.0,0,0.00040563475,1.733,-0.0012783662,-2.4284503,1.6608506,1.4936622,9.735956081214809,20005.0,1.0,0.0,0.0,0,0.00029364318,1.0,-0.00040959904,-0.58792293,1.4217435,1.0469625
36335183,2025-10-02 15:23:08,2025-10-02 14:53:00,1.6484756679405197,5.030437921392435,305.0,2.0,1.0,1.0,0,0.00045323948,1.9529999,0.00027310755,-1.3733277,1.6608506,1.4936622,9.946307549719057,23965.0,1.0,0.0,0.0,0,0.00029120262,1.09,-0.00018534942,-0.14922307,1.7595773,1.1848984
36335196,2025-10-02 15:23:37,2025-10-02 14:53:00,1.6484756679405197,5.030437921392435,305.0,2.0,1.0,1.0,0,0.00045323948,1.9529999,0.00027310755,-1.3733277,1.6608506,1.4936622,9.946307549719057,23965.0,1.0,0.0,0.0,0,0.00029120262,1.09,-0.00018534942,-0.14922307,1.7595773,1.1848984
36337657,2025-10-02 16:13:13,2025-10-02 15:43:00,1.0959335660514122,7.817222785508166,2963.0,4.0,3.0,3.0,0,0.00040557524,1.08,0.00061975158,2.3093412,0.93117714,1.1821723,6.52649485957079,1163.0,4.0,3.0,3.0,0,0.00047809535,3.3699999,-0.0016469265,-1.5868276,0.75424141,1.4936622
36368405,2025-10-03 10:17:25,2025-10-03 09:47:00,0.23975154759445097,11.079955543739874,65027.0,0.0,0.0,0.0,0,0.00031793234,0.85000002,-0.00027806009,-0.57134086,1.0197611,0.27714241,11.051810216769898,63227.0,0.0,0.0,0.0,0,0.00033058925,1.9299999,-0.00065290474,-1.3428698,1.0930905,-0.032874573
36383087,2025-10-03 18:18:08,2025-10-03 22:18:00,0.7000102987061765,10.257413722053586,28835.0,1.0,0.0,0.0,0,0.00054507371,1.5599999,0.0001211804,0.32190472,1.0210012,1.2627865,9.554213724077707,14392.0,2.0,0.0,1.0,0,0.00031434384,1.01,-0.00019292877,0.0081595685,0.87368441,1.2532262
36414174,2025-10-06 12:14:39,2025-10-06 10:44:00,0.19517921388658227,12.37608542585653,237352.0,0.0,0.0,0.0,0,0.00034428001,0.92000002,-9.8897544e-05,0.145487,1.1591123,2.4779079,12.353043325021202,231952.0,0.0,0.0,0.0,0,0.00050672283,1.5369999,-0.00042942612,0.12340652,0.68466854,2.4443977
36416362,2025-10-06 14:10:55,2025-10-06 13:40:00,0.8386566744265747,8.587092318795905,6921.0,1.0,0.0,0.0,0,0.0003517936,2.0599999,-0.00058878842,-2.1929753,0.56345409,2.0467815,8.178077463849608,5121.0,1.0,0.0,0.0,0,0.00034362025,1.78,0.00053283875,1.4545766,0.40881774,2.2933445
36450406,2025-10-07 08:47:44,2025-10-07 08:17:00,0.2040058783699944,11.106880188596998,66965.0,0.0,0.0,0.0,0,0.00042485449,1.79,-1.2620159e-05,-0.68482721,-0.94686311,1.8357998,11.07949288777801,65165.0,0.0,0.0,0.0,0,0.00052056316,2.1500001,5.2941599e-05,-1.3989122,-0.45626029,1.8357998
36450588,2025-10-07 08:53:49,2025-10-07 07:53:00,2.5317608626562613,11.11226877785437,316.0,1.0,1.0,1.0,1,0.00042553619,1.73,0.00027260507,0.11900917,-0.94686311,1.8357998,11.0570298480627,63725.0,0.0,0.0,0.0,0,0.00025576385,1.11,-0.00020873126,0.50016946,1.096812,1.745718
36451248,2025-10-07 09:17:36,2025-10-07 09:47:00,1.2479165162897659,6.53813982376767,1391.0,2.0,2.0,2.0,0,0.00036532615,1.05,7.8225836e-05,0.02461266,-0.35391188,0.7836948,7.313886831633462,1764.0,3.0,3.0,3.0,0,0.00043458317,1.8099999,0.00028468238,-0.21068791,-1.1812586,0.7836948
36508294,2025-10-08 12:19:47,2025-10-08 10:49:00,0.309850339531171,11.482682728899254,97284.0,0.0,0.0,0.0,0,0.00030626584,0.75999999,-0.00015112682,-1.0119309,1.2620705,2.8592267,11.425415782028626,91884.0,0.0,0.0,0.0,0,0.00037284225,1.13,1.7342465e-05,0.11993202,2.068342,2.9248583
36508676,2025-10-08 12:36:16,2025-10-08 10:06:00,1.8619958749177763,5.214935757608986,973.0,1.0,1.0,1.0,0,0.00035516033,2.1199999,0.00010409812,-0.099352136,0.90700281,2.8592267,11.396852216793818,89304.0,0.0,0.0,0.0,0,0.00035513897,1.79,0.00031754182,0.50567865,2.1124649,2.9248583
36508993,2025-10-08 12:42:32,2025-10-08 09:42:00,2.8485224688888255,4.8283137373023015,344.0,2.0,2.0,2.0,0,0.00038414251,2.47,0.00081264053,2.0450687,0.90700281,2.8592267,11.38054769238444,87864.0,0.0,0.0,0.0,0,0.0003848529,0.98000002,0.0003648109,1.5356166,1.5764551,3.020999
36561296,2025-10-09 14:04:35,2025-10-09 13:04:00,0.4832995135475074,11.419394701065979,91288.0,0.0,0.0,0.0,0,0.00031485385,1.79,-0.00058870163,-0.84715724,1.5414613,0.86000973,11.37906258883969,87688.0,0.0,0.0,0.0,0,0.00027519983,0.81999999,0.0003022147,0.70152611,0.5234459,0.46125829
36562289,2025-10-09 14:19:30,2025-10-09 15:19:00,1.7535135497775325,5.8888779583328805,865.0,1.0,1.0,1.0,0,0.00036305154,1.91,-0.00056783314,-1.9412472,0.29420447,0.86000973,7.538494999413465,2207.0,3.0,2.0,3.0,0,0.00035808701,2.5369999,0.0003539258,-0.15053704,0.49124324,0.79849976
36562770,2025-10-09 14:42:13,2025-10-09 15:12:00,1.0074146612070582,6.208590026096629,1350.0,2.0,2.0,2.0,0,0.00031910857,0.81,0.00033906568,1.9175131,-0.11124183,0.86000973,7.285506548522785,1787.0,3.0,2.0,3.0,0,0.00039077387,1.37,-0.00041806279,-1.1093112,1.1863818,0.79849976
36640713,2025-10-10 19:29:10,2025-10-10 18:59:00,0.49410843376416413,11.545189343056919,103607.0,0.0,0.0,0.0,0,0.00098466477,1.58,0.0010162308,0.44036835,-0.2840623,0.49917728,11.52760715950621,101807.0,0.0,0.0,0.0,0,0.0010914066,3.0869999,0.00030752653,-0.71185225,1.2163029,0.15859276
36682106,2025-10-13 15:38:45,2025-10-13 13:08:00,0.352546003372088,12.409197146130346,245330.0,0.0,0.0,0.0,0,0.00052626064,1.79,-0.0010653944,-0.86521959,1.2890192,1.5007564,12.371777743797116,236330.0,0.0,0.0,0.0,0,0.00038057711,1.11,3.6810674e-05,-0.42260781,1.0372328,1.9784639
36725889,2025-10-14 10:42:54,2025-10-14 10:12:00,0.3458390600281198,11.13072756380041,68595.0,0.0,0.0,0.0,0,0.00084867404,2.48,9.0460977e-05,0.74726385,-0.54462785,-0.040592309,11.10399435721889,66795.0,0.0,0.0,0.0,0,0.00089014502,1.433,-0.00055741292,-0.10433941,-1.4811525,-0.040592309
36726171,2025-10-14 10:52:46,2025-10-14 11:52:00,0.8337517768833785,6.013715156042802,546.0,1.0,1.0,1.0,0,0.00078321551,4.0890002,0.00094632676,1.0408893,-0.73584545,-0.040592309,8.10076824307173,3554.0,2.0,1.0,2.0,0,0.00072639738,4.6799998,0.0015364087,0.74214715,-0.0085249012,0.56112087
36768836,2025-10-15 09:35:08,2025-10-15 09:05:00,0.15869022394799862,11.30807605081166,81734.0,0.0,0.0,0.0,0,0.00042551366,1.8,-0.00021479944,-0.24761122,0.97168916,1.6383079,11.28573624094727,79934.0,0.0,0.0,0.0,0,0.00048964639,1.76,0.00030031911,-0.32134637,0.6665234,1.6383079
36829765,2025-10-16 13:15:47,2025-10-16 16:45:00,2.053051491224625,11.504046160363632,99592.0,0.0,0.0,0.0,0,0.00045723381,2.04,0.00022181818,0.6581583,1.1441052,1.3721938,9.283683766200392,11751.0,3.0,0.0,3.0,0,0.00070098176,1.587,0.00070147548,1.1906912,1.6554024,0.83770221
36829878,2025-10-16 13:23:12,2025-10-16 14:23:00,1.7329085400058553,5.442417710521793,433.0,1.0,1.0,1.0,0,0.00039259924,0.54299998,-5.660878e-05,0.4475711,1.1441052,1.3721938,7.714677473800927,3231.0,3.0,2.0,3.0,0,0.00028697442,1.03,0.00022152178,0.94370639,1.2780263,1.4518789
36829995,2025-10-16 13:29:09,2025-10-16 14:29:00,1.3576841922896756,5.14166355650266,348.0,2.0,2.0,2.0,0,0.00041179234,1.6569999,0.00016921639,-0.15252763,1.1441052,1.3721938,7.8636512654486515,3591.0,3.0,1.0,3.0,0,0.00028906009,1.387,-0.00018543193,-0.31756386,1.2780263,1.4518789
36893509,2025-10-17 13:15:10,2025-10-17 14:45:00,1.3549788418499233,11.345228446396616,85551.0,0.0,0.0,0.0,0,0.00050662953,3.0469999,-0.00020213079,-0.71761346,-0.51428801,0.56379116,8.464635940677562,5390.0,1.0,0.0,1.0,0,0.0011502639,6.204,-0.0027066544,-1.5937036,-1.906294,0.11105531
36902372,2025-10-17 15:37:18,2025-10-17 15:07:00,0.5451097779384189,8.970050661827003,8510.0,1.0,0.0,1.0,0,0.0011619406,3.927,0.0021923988,1.5138894,-1.8866737,-1.1485823,8.710124927322207,6710.0,1.0,0.0,1.0,0,0.0013419261,5.6300001,0.0036184222,0.40691718,-2.8157949,-1.1485823
36954767,2025-10-20 11:47:26,2025-10-20 08:17:00,0.1566943565265693,12.410220923550236,245382.0,0.0,0.0,0.0,0,0.00045290677,2.28,-0.00012210687,-0.80634755,0.49730641,-0.16799538,12.357488159628245,232782.0,0.0,0.0,0.0,0,0.00043633042,1.88,0.00024805637,-0.40847313,0.34215346,0.027325256
36997575,2025-10-21 10:23:43,2025-10-21 07:23:00,0.24979264503334286,11.304227078087514,81334.0,0.0,0.0,0.0,0,0.00058996869,3.3699999,-0.00049925008,-0.9776547,-0.70266324,0.4488962,11.161437047718795,70534.0,0.0,0.0,0.0,0,0.00032891304,2.24,-0.00025783133,-0.99550664,-0.68323743,0.63043189
36998918,2025-10-21 10:42:21,2025-10-21 11:42:00,0.978146872962549,6.78332520060396,1097.0,1.0,1.0,1.0,0,0.0011416649,3.437,0.00069517019,-1.524008,-1.2073491,0.4488962,8.037543185118697,3579.0,2.0,1.0,2.0,0,0.0011930543,5.04,0.00039611896,0.10402805,-3.1728568,-1.2189912
37005647,2025-10-21 13:56:35,2025-10-21 13:26:00,0.8594973481870953,9.317848579691468,11619.0,2.0,0.0,0.0,0,0.00066883024,2.177,-0.00043909031,-0.65452725,-1.8555881,-1.9438727,9.141526055975824,9819.0,2.0,0.0,0.0,0,0.00088162045,5.3600001,0.0019573173,1.2858167,-2.2168262,-1.9438727
37045628,2025-10-22 10:02:29,2025-10-22 08:32:00,0.41502935450155276,11.18578158363726,72325.0,0.0,0.0,0.0,0,0.00075186009,6.4899998,-0.0018708062,-1.338622,1.5210425,0.059310071,11.10793024644666,66925.0,0.0,0.0,0.0,0,0.00067971169,4.3299999,-0.00092292938,-1.7170529,1.113813,-0.74476933
37082195,2025-10-23 08:30:44,2025-10-23 08:00:00,0.28315558992332424,11.299298982347858,80851.0,0.0,0.0,0.0,0,0.0004700968,1.48,0.00094970828,0.68502158,0.24453855,0.066066705,11.276759995304156,79051.0,0.0,0.0,0.0,0,0.00043077156,2.1800001,-4.8905793e-05,0.39640599,0.29404199,0.066066705
37145681,2025-10-24 19:34:45,2025-10-24 19:04:00,0.20276232648975406,11.74472742385508,126196.0,0.0,0.0,0.0,0,0.00053758622,2.21,-0.00091825699,0.072157264,1.8938686,1.268585,11.730348686349531,124396.0,0.0,0.0,0.0,0,0.00063527207,2.5799999,-0.00022522605,0.087125301,1.7455709,1.268585
37162697,2025-10-27 08:13:05,2025-10-27 07:43:00,0.8821403633481913,12.292250341771226,218295.0,0.0,0.0,0.0,0,0.00040136935,0.64999998,0.0007583652,2.2210655,-0.53178906,-0.8991006,12.283959184187244,216495.0,0.0,0.0,0.0,0,0.00047728422,0.95999998,-0.00094269152,-1.2596276,-1.2515351,-0.93706077
37217619,2025-10-28 12:52:18,2025-10-28 10:52:00,0.4229460316709308,11.53807650905019,103135.0,0.0,0.0,0.0,0,0.00074417109,2.8599999,-0.00080089353,0.15991941,-1.8227265,-3.5013192,11.465278147502655,95935.0,0.0,0.0,0.0,0,0.00077441306,2.1400001,0.00031292893,0.10114782,-2.7026782,-2.4403255
37296835,2025-10-30 09:44:53,2025-10-30 08:44:00,0.3709872612326145,11.991058461189615,161502.0,0.0,0.0,0.0,0,0.00084805372,1.1900001,-0.00044420385,-0.47826979,0.71822262,0.009368821,11.968487819151903,157902.0,0.0,0.0,0.0,0,0.00088926865,3.6199999,-2.5266913e-06,0.011125926,-0.010841574,0.34148568
37386001,2025-11-03 18:38:37,2025-11-03 18:08:00,0.5428097900485863,12.839674153248843,377587.0,0.0,0.0,0.0,0,0.00083805202,4.0339999,-0.00024178016,-1.1603779,-0.18770324,0.73888528,12.834886617207877,375787.0,0.0,0.0,0.0,0,0.00074816681,1.88,-0.00025015805,0.48159733,1.2882401,0.73888528
37400976,2025-11-04 10:09:22,2025-11-04 07:09:00,0.34134827818417846,10.917902682403483,55823.0,0.0,0.0,0.0,0,0.00050935207,1.2,0.00025421061,1.0692267,0.13297668,-0.64756292,10.699980720954688,45023.0,0.0,0.0,0.0,0,0.00041750362,1.37,-1.7532544e-05,-0.38147327,0.41174814,-0.37621611
37442389,2025-11-05 09:55:47,2025-11-05 08:55:00,0.20513802337712267,11.350712371052925,85538.0,0.0,0.0,0.0,0,0.00042431682,1.14,-0.00028213044,-0.65741009,1.4030336,0.30994818,11.307449911309426,81938.0,0.0,0.0,0.0,0,0.00041496573,1.03,0.00016395737,-1.3102889,1.6394124,0.6814428
37477144,2025-11-06 12:42:44,2025-11-06 11:12:00,0.19461457338879287,11.47174924105148,96373.0,0.0,0.0,0.0,0,0.00025065601,0.81,-0.00016697215,-0.36246997,2.1359155,2.4366174,11.413834145659244,90973.0,0.0,0.0,0.0,0,0.00035460529,0.94999999,-0.00014225302,0.11960179,2.591634,1.9336089
37507379,2025-11-07 11:18:04,2025-11-07 10:18:00,0.25470649376150145,11.232841123193209,81316.0,0.0,0.0,0.0,0,0.00035677222,0.93000001,-0.00015963861,0.35623357,1.7252854,1.1259954,11.18403243347241,77716.0,0.0,0.0,0.0,0,0.00032887259,1.11,0.00045170443,1.242849,1.9451654,1.1194195
37542639,2025-11-10 10:42:17,2025-11-10 07:42:00,0.2630473450639712,12.437104998264621,257036.0,0.0,0.0,0.0,0,0.00035000406,0.97000003,-0.00027967122,-0.45682555,2.4476147,3.360467,12.393298821657584,246236.0,0.0,0.0,0.0,0,0.00025933335,1.08,-7.3997426e-06,0.24334355,2.1743183,2.4978147
37542995,2025-11-10 11:00:16,2025-11-10 12:00:00,1.7978336094899792,4.219507705176107,1063.0,1.0,1.0,1.0,0,0.000309397,0.94,-0.00021344743,-0.53980696,2.0254962,3.1699119,7.282073658093465,2229.0,3.0,2.0,3.0,0,0.00038765048,1.4,0.00012985311,0.43926707,2.2006581,3.4004345
37543683,2025-11-10 11:22:51,2025-11-10 11:52:00,0.6724284018832927,6.921658184151129,1304.0,2.0,2.0,2.0,0,0.00045437372,1.77,0.00060101977,0.50216091,2.3321574,3.1699119,6.881411303642535,1749.0,3.0,2.0,3.0,0,0.00043133044,2.1800001,0.00016664236,0.10163809,1.8647876,3.1699119
37610153,2025-11-12 10:19:02,2025-11-12 09:49:00,0.5578943373933977,12.032873354065467,168969.0,0.0,0.0,0.0,0,0.00034288302,0.97000003,-1.2124783e-05,1.489127,1.2355491,-0.19316155,12.022113749026843,167169.0,0.0,0.0,0.0,0,0.00042137981,2.26,-0.00078924967,-0.26706752,0.22737718,-1.3293542
37701576,2025-11-14 11:12:06,2025-11-14 09:12:00,0.13595850569538534,12.061705615998985,175978.0,0.0,0.0,0.0,0,0.00056392944,2.6199999,-0.00058639585,-0.67308927,-0.32990834,-0.52533919,12.019224860803707,168778.0,0.0,0.0,0.0,0,0.00050261122,1.8200001,-0.00056064711,-0.60323834,-0.56855559,-0.23299509
37748984,2025-11-17 09:17:27,2025-11-17 08:47:00,0.3771181923529104,12.421357397214088,252294.0,0.0,0.0,0.0,0,0.00060073711,2.1900001,0.00058432744,-0.31542796,-1.8892367,-1.9719957,12.414074132234358,250494.0,0.0,0.0,0.0,0,0.00068367267,2.0999999,0.0016807946,0.36214101,-2.4534533,-1.2897455
37791981,2025-11-18 08:48:04,2025-11-18 08:18:00,0.40419126995431454,11.3281729558044,84633.0,0.0,0.0,0.0,0,0.00050676143,1.96,-0.00090969534,-0.25970384,0.17247929,-1.7396183,11.306282526671115,82833.0,0.0,0.0,0.0,0,0.00050296122,1.47,9.9719167e-05,0.30839735,-1.0881237,-1.7396183
37836776,2025-11-19 12:12:16,2025-11-19 10:42:00,0.26672004751380923,11.484690585955445,98636.0,0.0,0.0,0.0,0,0.00044963739,2.1500001,0.00091292348,2.2882187,-0.14279217,0.73883319,11.427541853360504,93236.0,0.0,0.0,0.0,0,0.00034515414,1.507,0.00055545307,2.3101132,0.72295356,1.3248963
37874673,2025-11-20 08:09:10,2025-11-20 07:39:00,0.2914932483019062,11.177522656307035,71804.0,0.0,0.0,0.0,0,0.0004398333,1.683,-0.000171929,-1.8011158,-0.26234752,-0.40348643,11.152027330187188,70004.0,0.0,0.0,0.0,0,0.0003637097,0.94999999,-0.00048311963,-0.61523122,-0.037086405,-0.58358973
37928869,2025-11-21 13:14:11,2025-11-21 16:14:00,1.1993721405246696,11.540997725963418,104690.0,0.0,0.0,0.0,0,0.00078701467,5.6830001,-0.0015051662,-1.9994317,0.30156323,-0.3914164,9.061956366209925,10789.0,1.0,0.0,1.0,0,0.00076991256,1.79,-0.00037160679,-0.27481055,1.8953161,0.47817865
37964561,2025-11-24 13:01:04,2025-11-24 17:01:00,1.3865665530385294,12.453873686866745,258409.0,0.0,0.0,0.0,0,0.00045631654,1.86,0.00026032361,1.4136277,1.4437886,0.63192546,9.369222697036374,14396.0,1.0,0.0,1.0,0,0.00046567299,1.6,0.0005028423,0.51093423,0.82125515,0.77326947
38045554,2025-11-26 09:36:48,2025-11-26 08:36:00,0.393377886095599,11.96922309465979,160496.0,0.0,0.0,0.0,0,0.00042204012,2.6800001,-0.00096007506,-2.4012504,0.01144736,1.3522854,11.94614840178944,156896.0,0.0,0.0,0.0,0,0.00044076098,2.29,-0.00091224117,-1.5386469,1.59032,1.4223987
38119105,2025-11-27 08:09:07,2025-11-27 07:09:00,0.5201057028213517,11.257439490734765,81132.0,0.0,0.0,0.0,0,0.00024215231,0.81999999,2.649112e-05,0.68415999,-0.44452247,-0.42287096,11.209845450338351,77532.0,0.0,0.0,0.0,0,0.0003321947,2.01,-0.0001792496,-1.3917828,-1.3929477,-0.76225394
38122859,2025-11-27 11:02:26,2025-11-27 10:02:00,0.361373602222067,9.162095059348188,10373.0,1.0,0.0,1.0,0,0.00031233087,2.7,0.00051376392,1.6672117,0.9920848,0.38061452,8.687610843707368,6773.0,1.0,0.0,1.0,0,0.00032471074,0.74000001,-8.4176398e-05,0.73765814,0.84557903,0.19300209
38185142,2025-12-01 12:14:10,2025-12-01 10:44:00,0.2063171299510847,12.761112264472137,349894.0,0.0,0.0,0.0,0,0.00034888589,1.26,0.0001812445,1.5736172,0.68318385,1.4077393,12.745491557034867,344494.0,0.0,0.0,0.0,0,0.00031706248,1.08,-9.4296585e-05,0.70489508,0.77120769,1.2389385
38220734,2025-12-02 11:32:10,2025-12-02 08:02:00,0.10769257996423404,11.310393037560129,83870.0,0.0,0.0,0.0,0,0.00033885564,0.94,-0.00018976255,0.36693639,-0.31457344,-0.82152033,11.142817848143117,71270.0,0.0,0.0,0.0,0,0.00024350073,1.1,-0.00012326817,0.23832847,-0.38522777,-0.65776277
38258178,2025-12-03 09:33:51,2025-12-03 09:03:00,0.2982177092054382,11.233066048935585,79250.0,0.0,0.0,0.0,0,0.00041102618,2.6199999,-0.00049184478,-1.1062467,-1.1143688,-0.23784986,11.208964947988772,77450.0,0.0,0.0,0.0,0,0.00049383583,1.443,-0.00014661624,-0.075016245,-1.5599382,-0.23784986
38293895,2025-12-04 13:18:01,2025-12-04 17:18:00,0.9539591317600536,11.489042524506896,99849.0,0.0,0.0,0.0,0,0.00028706531,1.37,-0.00034989379,-0.10006008,1.0088422,0.0034130935,9.340754410698116,14399.0,1.0,0.0,1.0,0,0.00045336952,1.63,2.8537965e-05,1.5674515,1.2722447,-0.025027303
38327555,2025-12-05 15:06:32,2025-12-05 13:06:00,0.7924149673413091,11.406152841646398,92879.0,0.0,0.0,0.0,0,0.00023407802,1.933,0.0010915932,3.9310763,0.34038574,0.9601137,11.322648346447616,85679.0,0.0,0.0,0.0,0,0.00020656819,0.51999998,-0.00013490501,0.63478947,0.5018909,1.054929
38381092,2025-12-08 16:57:55,2025-12-08 16:27:00,0.39354200169776216,12.486620580431293,265828.0,0.0,0.0,0.0,0,0.00050254236,3.0899999,-4.5249031e-05,-1.6864649,-1.1305214,0.26444155,12.479799038920445,264028.0,0.0,0.0,0.0,0,0.00050466415,1.48,-0.00085548381,-1.5087943,0.10360149,0.26444155
38394143,2025-12-09 10:35:42,2025-12-09 08:05:00,0.3506773925068734,10.841128732820934,63425.0,0.0,0.0,0.0,0,0.00035290679,0.73000002,0.00024411462,-0.39332473,-1.2697911,-1.0282476,10.647304082870662,54425.0,0.0,0.0,0.0,0,0.00023381949,0.47999999,-0.00021975003,-1.8412908,-1.2606229,-0.84384739
38422656,2025-12-09 20:33:05,2025-12-09 20:03:00,0.16574146836915535,10.452648882567692,35838.0,1.0,0.0,0.0,0,0.00040973761,1.65,6.1803745e-05,-0.99868435,0.076025985,0.99391818,10.399280753468156,34038.0,1.0,0.0,0.0,0,0.00047730652,1.51,-0.00025394413,-1.0243125,0.68743205,0.99391818
38441014,2025-12-10 12:33:15,2025-12-10 11:03:00,0.14312101168226277,10.927232606524687,57595.0,0.0,0.0,0.0,0,0.00025428279,1.3099999,-2.382731e-05,-0.41347826,-1.4071748,-0.80084974,10.825203541055348,52195.0,0.0,0.0,0.0,0,0.00025477461,1.48,1.1891526e-05,-0.083933637,-1.0847956,-0.33695292
38443239,2025-12-10 14:17:30,2025-12-10 13:47:00,0.42618304621575476,7.75190533307861,6225.0,1.0,0.0,0.0,0,0.00022791653,1.55,0.00034817238,1.2442242,-0.88095993,-1.0789456,6.26530121273771,4425.0,1.0,0.0,0.0,0,0.00027856414,0.50999999,-1.4307636e-05,0.25306261,-1.3277617,-1.0661819
38448404,2025-12-10 16:17:48,2025-12-10 15:47:00,0.4746172834258525,8.662677858158219,7170.0,2.0,0.0,1.0,0,0.00038995143,2.3499999,0.00050759065,1.091117,-0.47662351,-0.6479705,8.289790583181643,5370.0,2.0,0.0,1.0,0,0.0002176206,0.88,-0.00013102397,-0.63579226,-0.032689486,-0.61047113
38449900,2025-12-10 16:31:07,2025-12-10 15:01:00,0.9280412823355885,5.579729825986222,792.0,3.0,1.0,2.0,0,0.00039147001,2.21,-0.00026201364,-0.0057693836,-0.03491015,-0.6479705,7.109062135687172,2610.0,2.0,1.0,1.0,0,0.00018399696,1.1,0.00046637678,2.3687367,-0.22470641,-0.61047113
38487563,2025-12-11 09:32:30,2025-12-11 08:02:00,0.3787173605185529,11.0154273014151,61253.0,0.0,0.0,0.0,0,0.00032445556,0.79000002,0.00013763335,2.3304338,-0.43349868,-0.53305918,10.922425121370425,55853.0,0.0,0.0,0.0,0,0.00026352159,0.92000002,-1.6611159e-05,0.76245058,-1.0777111,-0.11680558
38492680,2025-12-11 13:09:27,2025-12-11 17:09:00,0.7509555801106689,9.4066470133368,12990.0,1.0,0.0,0.0,0,0.00030624063,1.5599999,0.00083844038,3.7412083,0.470658,0.27600557,9.279586544712997,14373.0,2.0,0.0,1.0,0,0.00048196065,2.3199999,0.0016522128,2.4979677,0.73865783,0.40487754
38528027,2025-12-12 11:25:01,2025-12-12 10:25:00,0.29755090042800175,11.244745321014502,80133.0,0.0,0.0,0.0,0,0.00036752335,1.03,0.0004653658,0.72874731,2.6042149,1.9314803,11.196528367530066,76533.0,0.0,0.0,0.0,0,0.00027460841,0.242,-8.867617e-05,-0.1820987,2.046509,1.7466195
38568721,2025-12-15 12:29:18,2025-12-15 10:29:00,0.11307665035847346,12.476256259049796,263039.0,0.0,0.0,0.0,0,0.00031115278,1.164,0.00031755638,0.60397673,1.8247777,1.9081316,12.44839510025349,255839.0,0.0,0.0,0.0,0,0.00028435112,0.83999997,9.207859e-06,0.87760681,1.8307933,1.955073
38570537,2025-12-15 15:00:14,2025-12-15 14:30:00,0.20142404591832133,8.357493812658563,9042.0,1.0,0.0,0.0,0,0.00021921014,0.87,3.9148814e-05,0.87078631,0.40488592,1.325249,7.808729306744399,7242.0,1.0,0.0,0.0,0,0.00026793909,1.8200001,0.00013824709,1.2208219,0.057691127,1.1864359
38612361,2025-12-16 08:41:45,2025-12-16 07:11:00,0.26489900085884593,11.052634514578285,63646.0,0.0,0.0,0.0,0,0.00054575945,1.63,0.00048663453,-0.86624277,-1.9687669,-1.3785182,10.963185747705012,58246.0,0.0,0.0,0.0,0,0.00032729711,1.08,0.00017727746,-0.53283483,-1.1998597,-1.3323808
38648802,2025-12-17 08:21:41,2025-12-17 07:51:00,0.1751783987848172,11.216054638258859,85155.0,0.0,0.0,0.0,0,0.00032637635,1.14,0.00021236054,1.2099009,2.0062256,1.359496,11.191534925648972,83355.0,0.0,0.0,0.0,0,0.00028171454,0.73000002,-0.00029330084,1.5325265,1.858337,1.0583918
38650723,2025-12-17 09:38:06,2025-12-17 12:38:00,0.789257204454467,8.03689677268507,4579.0,1.0,0.0,1.0,0,0.00038496256,2.55,0.00048981042,-0.33959392,0.99477184,1.4935578,8.945202263959297,10794.0,2.0,0.0,2.0,0,0.00028481593,1.34,-0.0002406892,-0.27667418,0.072866045,0.28250763
38683859,2025-12-18 08:05:45,2025-12-18 07:35:00,0.2889244206677376,11.260494699531083,80814.0,0.0,0.0,0.0,0,0.00022090806,1.71,0.00039246512,1.4419639,-0.22787094,0.065255426,11.237053379277805,79014.0,0.0,0.0,0.0,0,0.00021406372,1.0,0.0001501056,0.23813833,-0.58249754,0.1773027
38686016,2025-12-18 10:02:33,2025-12-18 09:32:00,0.41838937913764956,8.74623928838306,6975.0,1.0,0.0,1.0,0,0.00019772173,0.73000002,2.7693895e-05,-0.42147809,0.029895041,0.21722363,8.408939605975984,5175.0,1.0,0.0,1.0,0,0.00025297879,1.29,0.00055161206,1.3617566,-0.059368089,0.17328511
38720385,2025-12-19 10:43:53,2025-12-19 08:13:00,0.20924831045867695,11.328834343419675,88827.0,0.0,0.0,0.0,0,0.00027798189,0.75,-0.00044824969,-0.7224313,0.629731,-0.10108434,11.21433073210802,79827.0,0.0,0.0,0.0,0,0.00023580894,1.24,-0.00031012666,-1.3839072,0.10954586,-0.38875854
38723027,2025-12-19 14:42:44,2025-12-19 13:42:00,0.1534781264197204,9.408699306467762,14287.0,1.0,0.0,0.0,0,0.00019916239,0.88,0.00022885649,0.3516846,0.087018453,0.036647256,9.058819564334941,10687.0,1.0,0.0,0.0,0,0.00031032247,1.55,0.00045021006,0.28933966,0.19115672,0.17346013
38755615,2025-12-22 08:17:51,2025-12-22 07:17:00,0.2556963415277503,12.369156165616683,236056.0,0.0,0.0,0.0,0,0.00028389512,1.88,-1.5230959e-05,0.10322768,3.1232991,3.4483624,12.353746682828453,232456.0,0.0,0.0,0.0,0,0.00026695526,0.85000002,0.00014561655,1.0735795,3.4288139,3.2773736
38759834,2025-12-22 12:07:54,2025-12-22 09:37:00,0.4249318980202852,9.467460138845324,13749.0,1.0,0.0,1.0,0,0.0003048908,0.51700002,0.00049387274,0.81748676,0.57050133,2.7316353,8.276903481267057,4749.0,1.0,0.0,1.0,0,0.00033677681,1.477,0.00011132227,0.076025456,1.6462593,3.2293377
38786971,2025-12-23 11:53:01,2025-12-23 11:23:00,0.25026338071579685,11.242008732184335,85506.0,0.0,0.0,0.0,0,0.00024926363,0.87300003,-0.00038520072,-0.49978092,1.6065457,2.5629017,11.218124781891788,83706.0,0.0,0.0,0.0,0,0.00025594709,1.1900001,-2.0053454e-05,0.49259257,1.2156435,2.5629017
38800885,2025-12-23 17:38:24,2025-12-23 16:38:00,0.876375716757988,9.63469265580283,20699.0,1.0,0.0,0.0,0,0.0010518784,6.54,0.00083998794,-0.9253853,-2.1714053,0.84033525,9.366146823114383,17099.0,1.0,0.0,0.0,0,0.00058560789,2.6500001,-0.0002874514,-0.93518275,0.44855657,1.6137129
81950224,2025-12-29 06:11:17,2025-12-29 05:41:00,0.3039462419640657,13.073759095957634,477156.0,0.0,0.0,0.0,0,0.00044782422,1.21,0.00052288797,1.0635477,-0.034895759,-0.15002823,13.069972638939994,475356.0,0.0,0.0,0.0,0,0.00052425504,2.8900001,0.00014631827,0.48428276,-0.034604136,-0.91427135
81979298,2025-12-30 07:20:44,2025-12-30 10:20:00,0.9068621426561322,11.386579622903268,90523.0,0.0,0.0,0.0,0,0.00029782968,0.63999999,0.00027286974,1.1564153,0.83765799,-0.99409389,9.274253697719836,10756.0,1.0,0.0,1.0,0,0.0004885486,1.24,0.00059288967,2.2122226,0.57730734,-0.64766204
81983513,2025-12-30 12:12:46,2025-12-30 10:42:00,0.26506127140116775,9.763075398819383,17476.0,1.0,0.0,1.0,0,0.00043216345,2.6600001,0.00085633592,2.3723886,0.024647739,-0.54306942,9.39099387166944,12076.0,1.0,0.0,1.0,0,0.00040967891,0.98000002,0.0007734262,1.8306854,0.47227156,-0.64766204
82028698,2026-01-02 09:31:50,2026-01-02 08:31:00,0.17098706430098257,12.425553497342479,249494.0,0.0,0.0,0.0,0,0.00032955426,2.0699999,0.00025814262,0.80422026,1.8375069,1.7928995,12.410995198114062,245894.0,0.0,0.0,0.0,0,0.00031397204,0.94,0.00019873609,0.84751189,2.2483456,1.5385743
82061725,2026-01-05 11:12:23,2026-01-05 08:42:00,0.20035865377662374,12.484756858383992,265210.0,0.0,0.0,0.0,0,0.0003554002,1.4,0.00015544225,-0.25794536,1.2741221,2.2425342,12.450108426386807,256210.0,0.0,0.0,0.0,0,0.0004169805,2.3399999,-0.00016780598,-0.24219446,1.7274033,1.8239458
82095097,2026-01-06 08:52:50,2026-01-06 07:22:00,0.7746688552667734,11.244326806994714,77977.0,0.0,0.0,0.0,0,0.00052827777,2.803,-0.0011244555,-2.6386383,0.50403374,1.8576924,11.171068758072176,72577.0,0.0,0.0,0.0,0,0.00029061668,0.50999999,-7.1646951e-05,0.2238303,1.5017755,1.9736935
82147110,2026-01-07 16:04:17,2026-01-07 15:04:00,0.31667110440403656,11.615761797556747,112270.0,0.0,0.0,0.0,0,0.00048475328,2.47,0.00013492894,-0.6482259,-1.5064958,-1.1680311,11.582740664919099,108670.0,0.0,0.0,0.0,0,0.00044653588,2.4100001,-0.00027205714,-2.0063999,-1.7964394,-1.1362423
82169230,2026-01-08 09:05:21,2026-01-08 08:35:00,0.42772318564673895,11.008264136172082,61243.0,0.0,0.0,0.0,0,0.00068929832,6.2600002,-0.0016111556,-1.6537579,-1.5870284,-1.5359195,10.977994972525236,59443.0,0.0,0.0,0.0,0,0.00055940246,4.29,-0.00061685086,-0.82661986,-2.2172968,-1.3231257
82199073,2026-01-09 09:03:58,2026-01-09 08:03:00,0.2564710080680519,11.360519928161361,86259.0,0.0,0.0,0.0,0,0.00035894895,1.22,0.00051644264,0.97663635,0.42474958,0.63836414,11.317688866909027,82659.0,0.0,0.0,0.0,0,0.00022896654,0.977,-5.1499013e-05,1.6057085,-0.12365158,0.46491414
82241706,2026-01-12 07:30:37,2026-01-12 07:00:00,0.24906102612548267,12.430575272882015,253562.0,0.0,0.0,0.0,0,0.00031889157,2.6300001,-0.00021447135,-0.65028495,0.51078516,2.563333,12.423359077359986,251762.0,0.0,0.0,0.0,0,0.0004046653,0.90600002,-0.0006013512,-0.91028941,0.7732563,2.563333
82462486,2026-01-12 11:25:57,2026-01-12 09:25:00,0.29847489684339734,9.505320746909074,14063.0,1.0,0.0,1.0,0,0.00040419877,0.5,-0.00014400623,-0.34712505,0.94960374,2.6465726,8.737292112544221,6863.0,1.0,0.0,1.0,0,0.00035792679,1.3099999,0.00044987828,0.19583133,0.42539284,2.6816192
82465593,2026-01-12 14:11:18,2026-01-12 13:11:00,0.31261594995077824,9.165343006045447,9903.0,2.0,0.0,0.0,0,0.00027155949,1.58,1.9598087e-05,-0.14595816,1.0260494,2.3716764,8.692825760059396,6303.0,2.0,0.0,0.0,0,0.00036946614,3.1099999,-0.00045090722,-0.91973269,0.65870363,2.2464659
82494965,2026-01-13 12:44:06,2026-01-13 12:14:00,0.20084891257373116,11.293375449166149,81162.0,0.0,0.0,0.0,0,0.00028967779,1.59,3.2678352e-05,0.47362253,-0.048590422,0.23282549,11.270701025843227,79362.0,0.0,0.0,0.0,0,0.00029785722,0.88,-4.3525524e-05,1.0946269,0.51955295,0.23282549
82523311,2026-01-14 06:29:14,2026-01-14 05:59:00,0.5184570671200833,11.057581850663242,63894.0,0.0,0.0,0.0,0,0.00031114675,1.6799999,-0.00062140112,-2.116574,1.1019826,1.1355932,11.028790456457282,62094.0,0.0,0.0,0.0,0,0.00033109364,0.89999998,0.00025826955,-0.09710408,1.7774178,1.1407955
82564751,2026-01-15 09:19:50,2026-01-15 08:49:00,0.454114283217043,11.47279073423011,96586.0,0.0,0.0,0.0,0,0.00049417809,1.793,0.00043857412,2.2170858,0.63321626,-0.94479573,11.453875852175653,94786.0,0.0,0.0,0.0,0,0.00059531472,2.3800001,0.0013151194,1.3760877,-0.87723893,-1.2076327
82596177,2026-01-16 09:03:56,2026-01-16 08:33:00,0.4154557182795179,11.343974127114445,85390.0,0.0,0.0,0.0,0,0.00039169478,1.76,-0.00050957402,-0.24325055,1.5495347,0.31854466,11.322430597487113,83590.0,0.0,0.0,0.0,0,0.00030089775,2.6800001,-0.00068247144,-1.1820028,0.14200297,-0.37440819
82600157,2026-01-16 14:48:59,2026-01-16 13:48:00,0.2904694706321361,9.710388122570295,20644.0,1.0,0.0,0.0,0,0.00032285345,2.21,3.4682143e-05,0.5161916,1.5124366,-0.34213063,9.464051924856811,17044.0,1.0,0.0,0.0,0,0.00020247849,0.82999998,0.00020619608,0.52442288,0.5368408,-0.33698726
82667342,2026-01-20 09:00:31,2026-01-20 08:00:00,0.3740727429307218,12.68985589818428,324661.0,0.0,0.0,0.0,0,0.00045715927,2.3469999,0.00093699538,2.5700662,4.085382,2.9947436,12.678697835480861,321061.0,0.0,0.0,0.0,0,0.0003477461,2.1900001,0.00041124248,1.9422663,2.9714208,2.0585349
82775023,2026-01-22 09:25:06,2026-01-22 08:55:00,0.5827855776900392,12.036244717317611,174269.0,0.0,0.0,0.0,0,0.00047662068,2.1300001,0.00098285091,2.6261988,1.5493951,0.26234576,12.025521520596442,172469.0,0.0,0.0,0.0,0,0.00048508681,2.6370001,0.0021404035,4.4515138,0.36116761,-0.51416594
82824133,2026-01-23 09:00:21,2026-01-23 08:00:00,0.3339421015020172,11.344565983192329,84894.0,0.0,0.0,0.0,0,0.00032481525,1.77,-0.00068495568,-1.4402623,1.0342226,2.204324,11.301030905833908,81294.0,0.0,0.0,0.0,0,0.00021956893,0.40000001,-0.00032474703,-0.21859081,0.80903518,2.1705377
82913535,2026-01-26 11:00:40,2026-01-26 07:30:00,0.20246717719765714,12.49097335357157,266379.0,0.0,0.0,0.0,0,0.00040846757,1.8099999,-0.00059702725,-0.87277532,0.95572662,2.4912531,12.442432475807,253779.0,0.0,0.0,0.0,0,0.00035978531,1.35,-0.00011236874,-0.75109339,0.91196895,3.124624
83084849,2026-01-28 09:01:54,2026-01-28 07:01:00,0.294373311863345,12.008475001183703,165620.0,0.0,0.0,0.0,0,0.0005799525,4.1599998,0.00071123149,0.35894877,2.3001339,3.440907,11.963618845681465,158420.0,0.0,0.0,0.0,0,0.00061425043,3.52,-0.00027111059,-0.023718238,2.1079972,3.1114333
83314376,2026-01-30 06:37:54,2026-01-30 06:07:00,1.0062869899549298,12.006938546676317,164106.0,0.0,0.0,0.0,0,0.0021742329,5.23,-0.0044220486,-0.58871251,-1.7624445,-1.7312912,11.995894676605987,162306.0,0.0,0.0,0.0,0,0.0027072562,10.27,-0.0069046444,-1.9439933,-1.6940882,-1.7312912
83511633,2026-02-02 22:25:35,2026-02-02 19:55:00,0.6290235112589403,12.663266453223287,316026.0,0.0,0.0,0.0,0,0.0015838322,4.5799999,0.0033375295,0.72024536,-0.59347498,-0.65142339,12.634365213277707,307026.0,0.0,0.0,0.0,0,0.0022181433,5.467,0.0019085854,0.063818783,-0.54445851,-1.1182994
83541051,2026-02-03 14:00:26,2026-02-03 13:30:00,0.817469388127959,10.930460614062085,56065.0,0.0,0.0,0.0,0,0.00084011676,5.98,-0.0028965431,-2.9244523,0.22705178,1.1472631,10.897701825157977,54265.0,0.0,0.0,0.0,0,0.00075477938,5.3499999,-0.00039053085,-0.79834199,0.86561602,1.3882616
83699779,2026-02-04 19:42:53,2026-02-04 18:12:00,0.6672427663163957,11.574227504346393,106894.0,0.0,0.0,0.0,0,0.0018351061,5.3530002,-0.0029749407,-1.2802322,-2.0692723,-1.631181,11.522103220235994,101494.0,0.0,0.0,0.0,0,0.0023312813,7.8330002,-0.0014828823,-0.41250321,-2.0244372,-0.65496975
83821484,2026-02-05 17:27:12,2026-02-05 16:27:00,0.5943652319363658,11.259193831887995,78247.0,0.0,0.0,0.0,0,0.0018963036,9.0200005,0.0043149944,1.1773421,-1.3021922,-1.1839464,11.211685227919597,74647.0,0.0,0.0,0.0,0,0.0020585519,8.4899998,0.0021395886,1.5834101,-1.4412841,-1.0064641
83897665,2026-02-06 07:30:33,2026-02-06 07:00:00,0.5862763072919958,10.827428943340806,50568.0,0.0,0.0,0.0,0,0.00084951095,1.71,0.0024384647,1.3668846,0.91374075,-0.11833465,10.791049537577411,48768.0,0.0,0.0,0.0,0,0.00098909321,1.77,0.00026748475,0.91746706,0.94858909,-0.11833465
83915642,2026-02-06 09:16:42,2026-02-06 08:46:00,0.6689956097181423,8.737773460327283,6327.0,1.0,0.0,1.0,0,0.0014754169,5.0700002,-0.0010521404,-0.67044431,1.3457175,0.96442425,8.397057390176256,4527.0,1.0,0.0,1.0,0,0.0013070359,3.6199999,-0.0001746662,1.7700355,1.7852417,-0.27252316
83923769,2026-02-06 15:34:06,2026-02-06 13:04:00,0.4114890776905084,10.015207802146536,22638.0,2.0,0.0,0.0,0,0.00087603723,4.0700002,0.0012134244,0.16915323,0.34595942,0.67725319,9.500319803476646,13638.0,2.0,0.0,0.0,0,0.00083989563,6.013,0.00052571617,1.3261348,0.70368487,0.41079164
83980760,2026-02-09 12:04:32,2026-02-09 09:04:00,0.2753543770132949,12.41508887449574,246594.0,0.0,0.0,0.0,0,0.00065459969,6.6999998,0.0018184007,2.1327648,0.4590556,1.1978528,12.370285389713583,235794.0,0.0,0.0,0.0,0,0.00079883443,7.73,0.001696732,1.6876001,1.1978152,1.729615
84397864,2026-02-11 17:40:50,2026-02-11 15:10:00,1.3716309287526232,12.166624706563063,192928.0,0.0,0.0,0.0,0,0.0012857723,8.0100002,-0.0047205589,-2.9007297,-0.3140552,0.18658023,12.118683015193584,183928.0,0.0,0.0,0.0,0,0.0006842498,5.4899998,-0.0011459724,-2.1314907,3.0226791,2.164046
84448544,2026-02-12 07:06:33,2026-02-12 10:36:00,0.7460784998253157,10.7813492577905,48310.0,0.0,0.0,0.0,0,0.00041663073,1.6900001,0.0003757432,0.22148268,-0.63211799,-0.36812142,9.42197798310419,12567.0,1.0,0.0,1.0,0,0.00038862196,1.449,-0.00015328653,0.32481885,-0.17890202,-0.28898144
84480811,2026-02-12 11:04:59,2026-02-12 10:34:00,0.4585865703048489,9.549451979534325,14247.0,1.0,0.0,1.0,0,0.00037482745,1.6,0.00054315245,2.0704093,0.0014366248,-0.13171013,9.412219427985669,12447.0,1.0,0.0,1.0,0,0.00040078256,1.62,-8.4956817e-05,0.083452024,-0.17890202,-0.28898144
84496990,2026-02-12 13:12:51,2026-02-12 15:12:00,0.8254157702009636,8.859363449152088,7621.0,2.0,0.0,0.0,0,0.00047977976,3.6700001,-0.0011148785,-2.8342361,0.60139543,0.21252373,8.834919385216395,7149.0,3.0,0.0,1.0,0,0.00040500853,1.73,-0.00014622411,-1.2555792,-0.11345386,-0.13340868
84665776,2026-02-13 09:18:26,2026-02-13 08:18:00,0.5909091804191435,11.184837977883408,72309.0,0.0,0.0,0.0,0,0.00078343,2.3199999,2.6224598e-05,0.22686704,-0.64658117,-1.069151,11.133566603946543,68709.0,0.0,0.0,0.0,0,0.00043802042,3.7,-0.00073732017,-1.5075133,0.45968649,-0.31554177
84675020,2026-02-13 13:12:08,2026-02-13 17:12:00,0.814536818691875,9.535823881654714,14014.0,1.0,0.0,0.0,0,0.0006224321,4.77,0.0010198775,1.4727751,-0.086788207,-0.31446502,9.542230699092284,14392.0,2.0,0.0,1.0,0,0.00097976124,3.7,0.00033462138,0.70460916,1.2345791,0.35319495
84803733,2026-02-17 12:21:33,2026-02-17 11:21:00,0.2194013114219346,12.742788213579264,342532.0,0.0,0.0,0.0,0,0.00050352188,2.3800001,-0.00030883355,-0.66423672,-0.050117336,-1.3947061,12.732208467786895,338932.0,0.0,0.0,0.0,0,0.00058412825,1.6569999,-0.00090312143,-0.31863418,0.28194845,-1.6244111
84858142,2026-02-18 05:30:40,2026-02-18 05:00:00,0.32373525066029807,10.928865845995738,61707.0,0.0,0.0,0.0,0,0.00050682807,3.0899999,0.00010815852,0.88456035,1.3566123,-0.281683,10.896053905514576,59907.0,0.0,0.0,0.0,0,0.00049076555,1.5,0.00097034214,1.0660191,0.76233232,-0.281683
84960053,2026-02-19 22:18:35,2026-02-19 20:48:00,0.25983657182139897,11.894808010820785,146840.0,0.0,0.0,0.0,0,0.0003381116,1.38,-0.0004369705,0.54585987,-0.33310404,-0.32907578,11.857252486127962,141440.0,0.0,0.0,0.0,0,0.00048438186,2.4400001,-6.0072987e-05,-0.04255696,-0.35151535,0.25250357
84971230,2026-02-20 05:54:53,2026-02-20 05:24:00,0.23523428462998788,10.200921916430588,27325.0,0.0,0.0,0.0,0,0.00038051521,1.8,6.8069632e-05,-1.1488742,0.2513738,0.25214788,10.131738041218483,25525.0,0.0,0.0,0.0,0,0.0004982744,2.4000001,-6.4036183e-05,-0.23117675,-0.0093091112,0.25214788
85066329,2026-02-23 09:30:45,2026-02-23 07:30:00,0.7553082650488012,12.512961579609712,272107.0,0.0,0.0,0.0,0,0.00033203568,5.3200002,-0.0011128291,-3.3738959,-0.26965356,2.1749878,12.486118133352388,264907.0,0.0,0.0,0.0,0,0.00039857542,1.66,-0.00039519835,-0.83526754,0.61227196,2.7788794
85084978,2026-02-23 11:21:20,2026-02-23 10:51:00,0.1807113713867804,8.77909581088053,6615.0,1.0,0.0,1.0,0,0.00044220619,1.75,-0.00028998737,0.05608983,-0.90116078,1.0358347,8.454679286026995,4815.0,1.0,0.0,1.0,0,0.00058629061,1.39,-0.00034845478,-0.047771852,-1.1743883,1.5354947
85182793,2026-02-23 15:02:41,2026-02-23 14:02:00,0.4477320130998157,9.436280010592395,13240.0,2.0,0.0,0.0,0,0.00034523234,2.75,0.00053980737,0.68934113,0.037925798,1.1251569,9.097731427593528,9640.0,2.0,0.0,0.0,0,0.00039070152,2.5599999,0.00021835593,1.9430166,1.4552931,1.8059642
85342738,2026-02-24 10:04:42,2026-02-24 09:04:00,0.1473036705817081,11.131123171099397,68479.0,0.0,0.0,0.0,0,0.00045135064,1.777,-0.00076537492,-0.34336895,-0.44098401,-0.33607498,11.076944446738864,64879.0,0.0,0.0,0.0,0,0.00048411801,1.6799999,-0.00081050338,-0.10951273,0.097579278,-0.018937334
85385479,2026-02-24 15:11:40,2026-02-24 13:41:00,0.2518202760151414,9.817112336789382,18378.0,1.0,0.0,0.0,0,0.0003413189,3.27,-0.00041772833,-1.830054,-0.20578957,-0.26641846,9.468464892185638,12978.0,1.0,0.0,0.0,0,0.00053638895,1.96,-0.00023089378,-1.4936703,0.12465338,-0.36771521
85396743,2026-02-24 15:21:50,2026-02-24 16:21:00,1.2139231563216077,5.991464547107982,560.0,2.0,1.0,1.0,0,0.00061783835,5.3400002,-0.0023594059,-3.1505501,-0.73087627,-0.26641846,8.11102783819368,3550.0,3.0,1.0,2.0,0,0.00063701149,4.1160002,-9.11608e-05,-0.039666295,-0.94765896,-1.1157732
85640223,2026-02-25 07:59:03,2026-02-25 07:29:00,0.14772692629840212,10.995595399782035,59830.0,0.0,0.0,0.0,0,0.00025668283,0.99000001,0.00023935012,0.29285812,0.77217215,0.72355056,10.964934347972234,58030.0,0.0,0.0,0.0,0,0.00038566111,1.37,0.00040916965,0.68801093,0.57768238,0.72355056
85668110,2026-02-25 11:35:37,2026-02-25 11:05:00,0.3969206634772995,9.457122321855792,12957.0,1.0,0.0,1.0,0,0.00033966097,1.36,0.00036008385,1.9320353,0.70086432,0.51335889,9.305559638557117,11157.0,1.0,0.0,1.0,0,0.00041211033,2.9300001,0.00062687398,0.63302028,-0.19192989,0.51335889
85668988,2026-02-25 12:03:39,2026-02-25 10:03:00,1.3473357004486897,6.71295620067707,1643.0,2.0,1.0,2.0,0,0.00035719803,3.5,-0.00066326745,-2.5498302,-0.248446,0.50343519,8.892748769118258,7437.0,1.0,0.0,1.0,0,0.00038896434,2.6500001,-0.00074975571,-1.6505357,0.85304445,0.96407032
85704475,2026-02-25 16:23:24,2026-02-25 15:53:00,0.33757555018635943,9.645946636996333,15561.0,3.0,0.0,0.0,0,0.00040589689,2.3299999,-0.00011177803,0.65992773,0.58277982,0.26960555,9.522153924002891,13761.0,3.0,0.0,0.0,0,0.00035607209,1.74,-0.00046489781,-0.7975899,0.38168529,0.23342532
85787460,2026-02-26 08:05:35,2026-02-26 07:35:00,0.08017169030651185,10.941323124488626,56496.0,0.0,0.0,0.0,0,0.00027426332,1.76,0.00013481593,0.41100886,0.52233368,0.34107834,10.908924048640696,54696.0,0.0,0.0,0.0,0,0.00027214229,1.24,0.000127073,0.41042915,0.75280917,0.36870611
85827276,2026-02-26 11:31:35,2026-02-26 11:01:00,0.4151613297031918,9.375770061099919,12325.0,1.0,0.0,1.0,0,0.0005417327,5.5500002,-0.0013460132,-1.4817415,-1.3379014,-0.037861858,9.21024036697585,10525.0,1.0,0.0,1.0,0,0.00037338887,3.71,-0.00042620196,-0.81275833,-0.53818524,-0.037861858
85833216,2026-02-26 13:27:11,2026-02-26 15:57:00,0.7056420391517925,8.819665349340653,6925.0,2.0,0.0,0.0,0,0.00031851462,1.8200001,0.00016786666,-0.68380976,0.23968111,0.017584851,9.084323531392696,8989.0,3.0,0.0,1.0,0,0.00033566006,1.01,-0.00011445495,-0.40362653,0.92698103,-0.88949376
85865765,2026-02-26 15:59:18,2026-02-26 14:29:00,0.45317696189137785,9.097843340749037,9109.0,3.0,0.0,1.0,0,0.00031725637,1.36,-1.930243e-05,-0.28901219,0.92698103,-0.88949376,8.170751423757535,3709.0,3.0,0.0,1.0,0,0.00039985427,0.27000001,-5.2203723e-05,-0.86314946,-0.71274275,-0.64007759
85935017,2026-02-27 06:54:59,2026-02-27 06:24:00,0.1612271129121069,10.888987132572593,53682.0,0.0,0.0,0.0,0,0.0002777116,1.28,0.00015609839,1.4635453,0.24074495,0.045235652,10.854817189054799,51882.0,0.0,0.0,0.0,0,0.00035185143,1.677,0.00035116661,0.98373979,-0.16235767,0.045235652
85942844,2026-02-27 09:56:14,2026-02-27 07:56:00,0.35244121862712346,9.2621735206162,10861.0,1.0,0.0,0.0,0,0.0003448904,2.23,-0.00072056131,-2.5901849,0.51305503,0.64764422,8.111328003286733,3661.0,1.0,0.0,0.0,0,0.00019148694,0.95999998,-0.00037415297,-2.4753518,0.24351537,0.056104269
85948772,2026-02-27 12:46:26,2026-02-27 11:46:00,0.15127002717889243,9.2239473753824,10186.0,2.0,0.0,1.0,0,0.00027219905,1.91,9.4580624e-05,1.0129726,-0.21726462,-0.21500626,8.78523362361273,6586.0,2.0,0.0,1.0,0,0.00031860429,2.25,0.00032431839,1.2563149,-0.49706155,-0.36804563
86000608,2026-02-27 17:00:40,2026-02-27 16:00:00,0.7151426758666385,9.603732898850078,15214.0,3.0,0.0,0.0,0,0.000856945,3.01,0.0011501315,1.041664,2.5532746,1.8429176,9.325453179076687,11614.0,3.0,0.0,0.0,0,0.00028912074,1.53,0.00015174453,0.92379916,0.88755053,0.27223572
86011644,2026-02-27 17:18:57,2026-02-27 13:18:00,1.208432572595173,6.421622267806518,1040.0,4.0,1.0,1.0,0,0.00069183658,4.0999999,0.00044406121,0.81815338,2.5675161,1.8429176,7.313220387090301,1894.0,3.0,1.0,0.0,0,0.0004048878,1.527,0.0015069928,1.2668941,-0.92811108,-0.34133396
86014472,2026-02-27 17:27:11,2026-02-27 17:57:00,1.301231305643466,5.971261839790462,483.0,5.0,2.0,2.0,0,0.00063804386,1.9299999,-0.00050316285,0.64662635,2.5675161,1.8429176,7.484368643286131,1789.0,6.0,3.0,3.0,0,0.0008815155,3.6470001,-0.00026399735,0.3010135,1.8490776,1.8429176
86155613,2026-03-02 09:32:11,2026-03-02 09:02:00,0.25518032562130594,12.34878674772935,230689.0,0.0,0.0,0.0,0,0.00048282678,3.3800001,0.00034957592,0.9766925,1.8341893,2.636024,12.340953127723992,228889.0,0.0,0.0,0.0,0,0.00046039649,1.98,-7.8291821e-05,0.66438723,1.1770005,2.636024
86161488,2026-03-02 10:37:17,2026-03-02 12:37:00,0.8378829504785321,8.247220052745229,3889.0,1.0,0.0,1.0,0,0.0006244359,3.21,-9.9844961e-05,-0.36174265,2.7632806,3.0747747,8.867427438524983,7183.0,2.0,0.0,2.0,0,0.00064856623,2.5599999,-0.00045190164,0.25642961,0.58068824,2.6520565
86192606,2026-03-02 14:46:12,2026-03-02 16:16:00,1.3046389379675556,9.604879339950793,14923.0,2.0,0.0,0.0,0,0.0006569511,14.77,-0.0035512752,-4.4501171,-0.017298836,2.1170115,8.540323608805092,5388.0,3.0,0.0,1.0,0,0.00095047749,7.0999999,-0.0024081857,-2.0326874,-0.42642993,2.0583346
86558318,2026-03-03 07:57:14,2026-03-03 07:27:00,0.6101326465588208,11.028043703175827,61848.0,0.0,0.0,0.0,0,0.00049534341,2.73,0.00033378927,-0.58486068,0.77549344,0.88571995,10.99837625057064,60048.0,0.0,0.0,0.0,0,0.00047389211,1.9299999,0.00043571566,2.2087419,0.36838377,0.88571995
86624724,2026-03-03 12:45:26,2026-03-03 12:15:00,0.3500799119401736,9.751210117090551,17266.0,1.0,0.0,1.0,0,0.00139967,4.73,-0.000415894,-0.44338495,-2.0316684,-1.1288302,9.640498092674719,15466.0,1.0,0.0,1.0,0,0.0010226588,4.0599999,0.00014541403,-0.20988373,-1.4512337,-1.1288302
86716303,2026-03-03 16:46:45,2026-03-03 14:16:00,0.9729019764401501,9.571087015284968,14434.0,2.0,0.0,0.0,0,0.0018677436,18.629999,-0.0024204075,-2.3497074,-1.5615543,-1.3958616,8.583729715216482,5434.0,2.0,0.0,0.0,0,0.0028368717,14.897,-0.0013295838,-1.8779005,-3.0297461,-1.9356333
86773790,2026-03-04 09:45:10,2026-03-04 08:45:00,0.36749105583761293,11.020136203690337,61095.0,0.0,0.0,0.0,0,0.00099599257,7.1799998,3.8849321e-05,0.38238427,-0.25062546,-0.17990419,10.959401086671122,57495.0,0.0,0.0,0.0,0,0.00077316148,4.8000002,-0.00022669212,-0.19089901,0.1926893,-0.24779581
86784552,2026-03-04 13:12:36,2026-03-04 16:12:00,0.8541663519808217,9.418816886246988,12410.0,1.0,0.0,0.0,0,0.00070918479,6.7199998,0.0013070119,2.1317899,1.0203983,0.31082234,9.270305953143616,10764.0,2.0,0.0,1.0,0,0.00078807434,3.25,0.0016097201,2.5699763,-0.55973911,-0.039796218
86894280,2026-03-05 09:02:29,2026-03-05 08:32:00,0.7908637369590055,11.173500874438023,71364.0,0.0,0.0,0.0,0,0.00072668621,6.5500002,-0.0014974488,-2.7216849,-1.9716207,-0.50089186,11.147901478859588,69564.0,0.0,0.0,0.0,0,0.00036790941,2.1170001,-0.0007332135,-1.4812627,-0.19526087,0.24159756
87000308,2026-03-05 21:20:01,2026-03-05 20:50:00,0.288921222839511,10.694373778997369,44251.0,1.0,0.0,0.0,0,0.00091000984,4.6799998,-0.00014985482,0.36382425,-1.0144083,-2.0860009,10.652707835976868,42451.0,1.0,0.0,0.0,0,0.00097244402,3.96,0.00062607578,-0.10242359,-1.6785251,-1.8748512
87025580,2026-03-06 07:23:56,2026-03-06 09:53:00,0.887735387196625,10.49155195664292,36179.0,0.0,0.0,0.0,0,0.00028794535,0.51999998,-0.00054348516,-1.5107337,1.5545142,0.51075208,9.074176947163311,8944.0,1.0,0.0,1.0,0,0.00042550918,3.6600001,-0.00081243098,-1.4051099,0.090383455,0.039623406
87031092,2026-03-06 10:19:20,2026-03-06 09:19:00,0.28493621227956223,9.23863624113103,10504.0,1.0,0.0,1.0,0,0.00043475191,1.29,0.00028563407,0.27093405,-0.72030127,-0.017535402,8.80792062205398,6904.0,1.0,0.0,1.0,0,0.00054515223,2.98,0.00058249373,0.80867988,-0.34213629,0.039623406
87193343,2026-03-09 09:09:59,2026-03-09 08:39:00,0.5501103044797394,12.44858735852364,254980.0,0.0,0.0,0.0,0,0.00099265703,4.9299998,0.0014901834,0.60492772,1.4150727,0.38036489,12.441500435677602,253180.0,0.0,0.0,0.0,0,0.00090816553,3.0999999,0.00011748293,1.3384482,0.22234797,-0.46934837
87220510,2026-03-09 10:55:33,2026-03-09 12:55:00,0.7134688613834625,8.60995467149755,6301.0,1.0,0.0,1.0,0,0.00064562575,3.0999999,-9.0250673e-05,-0.8517406,-0.065928295,-0.2738544,8.83884181343129,7167.0,2.0,0.0,2.0,0,0.00084969238,3.71,0.00084499118,-0.78729576,-0.019622391,-0.26673144
87303856,2026-03-09 14:32:49,2026-03-09 14:02:00,0.1853970271009782,9.450694960020746,12987.0,2.0,0.0,0.0,0,0.0007828016,3.26,0.00014353903,-0.14611225,-0.88295144,-0.47890788,9.29807648628027,11187.0,2.0,0.0,0.0,0,0.00074468314,2.97,-0.00052990165,-0.17603365,-0.92481047,-0.47890788
87433721,2026-03-10 09:45:41,2026-03-10 07:45:00,0.24133354058884546,11.14223852419794,69131.0,0.0,0.0,0.0,0,0.00039542714,0.63999999,-0.00052527752,0.0071946923,0.86981213,1.439235,11.032079266945424,61931.0,0.0,0.0,0.0,0,0.00027602597,0.95999998,-0.0004047348,-0.64680958,0.30122998,0.90702397
87436917,2026-03-10 10:43:46,2026-03-10 10:13:00,0.5918601372390547,8.118505067587098,3439.0,1.0,1.0,1.0,0,0.00052149373,2.26,0.00083729665,1.9184116,0.087562241,1.275636,7.349873704738337,1639.0,1.0,1.0,1.0,0,0.00052145915,2.3800001,-0.00015074197,-0.34738204,0.77705079,1.275636
87455839,2026-03-10 11:14:56,2026-03-10 11:44:00,0.6710948757101411,7.447751280047908,1814.0,2.0,1.0,2.0,0,0.0005240009,2.5999999,0.0006949894,1.3257396,1.0592312,1.3649799,6.992096427415888,1744.0,3.0,1.0,3.0,0,0.00055005105,3.737,0.00075985718,1.0823487,1.1679586,1.3649799
87634841,2026-03-11 10:08:12,2026-03-11 09:08:00,0.151192341919784,11.31115193939221,82384.0,0.0,0.0,0.0,0,0.00042880065,2.4200001,0.00092187803,1.0093344,-0.65771937,0.046630949,11.266103786301441,78784.0,0.0,0.0,0.0,0,0.00039105164,1.48,0.00065783336,1.2979439,-0.56038892,0.14887746
87640068,2026-03-11 12:39:31,2026-03-11 11:09:00,0.3827906981899538,8.971067438732089,9048.0,1.0,0.0,1.0,0,0.00042395803,2.277,-0.00031184522,1.1940452,-0.74845332,-0.35159531,7.812782818577581,3648.0,1.0,0.0,1.0,0,0.00049899338,2.5899999,0.0007029227,0.92098755,-0.59080726,-0.030329663
87715345,2026-03-12 09:41:54,2026-03-12 08:41:00,0.4486029834757047,11.234150274878106,75689.0,0.0,0.0,0.0,0,0.00038712836,2.6800001,0.00088551221,3.0909891,0.33054471,-0.45086193,11.185407023221142,72089.0,0.0,0.0,0.0,0,0.0004947632,3.99,0.00056125497,1.9743409,-1.064124,-1.0416772
87725200,2026-03-12 11:02:44,2026-03-12 12:32:00,0.7242766881531478,8.473032295630468,4806.0,1.0,0.0,1.0,0,0.00045664006,4.6700001,0.0015585785,2.9566119,2.1995876,0.71382755,8.580543506917,5356.0,2.0,0.0,2.0,0,0.00040128702,2.75,0.001312852,2.6888816,1.2491088,0.4988676
87728679,2026-03-12 13:51:53,2026-03-12 13:21:00,0.2953340590162808,9.217018026729423,10096.0,2.0,0.0,0.0,0,0.00036574111,1.283,-0.00019042272,0.30216217,0.83428812,0.88953239,9.020026965252676,8296.0,2.0,0.0,0.0,0,0.00035346622,0.97000003,0.00018131334,-0.68502921,1.6325376,0.88953239
87728889,2026-03-12 13:54:26,2026-03-12 14:54:00,1.1404886405169847,3.5263605246161616,127.0,3.0,1.0,1.0,0,0.00035713188,1.733,-0.00039177731,-0.9242419,0.83428812,0.88953239,7.846980982138788,3574.0,4.0,1.0,2.0,0,0.00034124023,1.55,-0.00024330219,-0.47161609,0.54726511,0.56330949
87764166,2026-03-12 18:26:23,2026-03-12 22:26:00,0.7421464158362018,9.634169164101305,16294.0,4.0,0.0,0.0,0,0.00088462193,3.3499999,1.9494299e-05,0.29188198,-2.871901,-1.1392738,9.569901147893372,14377.0,5.0,0.0,1.0,0,0.0006419454,3.6500001,0.00065073639,0.25959635,-3.0478921,-2.4228957
87966615,2026-03-13 08:37:52,2026-03-13 08:07:00,0.14451302298219107,10.839325977252653,51037.0,0.0,0.0,0.0,0,0.00036229668,2.27,-5.0900198e-05,0.04087618,-0.41613707,-0.94085395,10.803384639923848,49237.0,0.0,0.0,0.0,0,0.00027637143,2.79,9.0111709e-05,0.47244993,-0.67801619,-0.94085395
88014898,2026-03-13 13:14:10,2026-03-13 16:44:00,1.3854194745919128,9.709417248707625,16568.0,1.0,0.0,0.0,0,0.00042487899,2.8299999,0.00055410096,1.311643,-0.13782507,-1.0309451,9.32375833901174,11229.0,3.0,0.0,2.0,0,0.00067189452,4.46,0.00060733285,0.31568164,0.66461831,0.43363848
88015942,2026-03-13 13:36:51,2026-03-13 14:36:00,0.9121291475022804,7.10085190894405,1310.0,2.0,1.0,1.0,0,0.00048486167,1.97,-0.00067093404,-1.8992172,-0.16828081,-1.0309451,8.166500319155052,3549.0,3.0,1.0,2.0,0,0.00037725843,1.7,0.00044774052,0.43864954,0.38411763,-0.69723576
88144292,2026-03-16 07:46:16,2026-03-16 07:16:00,0.8103349296015543,12.380534226821753,238149.0,0.0,0.0,0.0,0,0.00031026322,0.70999998,-0.00019732416,-1.6791036,0.18829878,-0.92871708,12.372946329306695,236349.0,0.0,0.0,0.0,0,0.00034941349,1.8,0.00022092344,1.9922073,0.75187832,-0.92871708
88154082,2026-03-16 11:07:53,2026-03-16 10:37:00,0.2763595587791025,9.352707613263105,12044.0,1.0,0.0,1.0,0,0.00069752207,3.9100001,-4.7429548e-05,0.026358878,-1.3616786,-1.4118587,9.18296917518005,10244.0,1.0,0.0,1.0,0,0.00059109036,3.25,-0.00040967841,-0.92099893,-1.0895026,-0.9370473
88163179,2026-03-16 14:10:40,2026-03-16 13:10:00,0.6456987214995016,9.289705927356923,10927.0,2.0,0.0,0.0,0,0.00044993468,2.1300001,0.0005044,1.0908736,0.39712879,-0.89002532,8.885440911707585,7327.0,2.0,0.0,0.0,0,0.0006362616,4.4499998,0.001043366,0.73829484,-1.8846118,-1.9007504
88172039,2026-03-16 14:42:45,2026-03-16 15:42:00,0.6872342907964464,7.5251007461258,1880.0,3.0,1.0,1.0,0,0.00043859825,0.86699998,6.3177264e-05,0.81412387,1.802299,-0.89002532,8.131824785007195,3555.0,4.0,1.0,2.0,0,0.00063894514,1.527,8.7650886e-05,0.45827085,1.5455433,-0.85319096
88320644,2026-03-17 11:20:44,2026-03-17 10:50:00,0.35266781595910096,11.212914368149038,74235.0,0.0,0.0,0.0,0,0.00039578282,2.0599999,0.00082639937,1.434872,0.10394121,0.22559243,11.188316579696238,72435.0,0.0,0.0,0.0,0,0.00037476575,2.8399999,-3.981736e-06,0.31649572,0.24233165,-0.27008572
88335699,2026-03-17 16:10:39,2026-03-17 15:40:00,0.2693939038807189,9.757594352355724,17356.0,1.0,0.0,0.0,0,0.00045425218,1.28,-0.00057804678,-0.12123387,-0.050638251,-0.097271778,9.647627092407303,15556.0,1.0,0.0,0.0,0,0.00044711359,2.3699999,-0.00080259301,-0.15639886,0.91465306,-0.52311069
88511817,2026-03-18 12:31:31,2026-03-18 12:01:00,0.2682575381502569,11.199966609333655,73221.0,0.0,0.0,0.0,0,0.00049016485,1.55,-0.00017626444,0.68900126,-0.39224204,-0.74399239,11.175044236185595,71421.0,0.0,0.0,0.0,0,0.00062268,2.4300001,-7.0181646e-05,-0.058778886,-1.1271513,-0.74399239
88577933,2026-03-18 16:30:56,2026-03-18 15:30:00,0.39847555432906456,9.549380736703105,14309.0,1.0,0.0,0.0,0,0.0013342336,5.0700002,0.00068341376,0.35863283,-3.8154008,-4.1490917,9.253016646256619,10709.0,1.0,0.0,0.0,0,0.0012181721,3.75,0.00044906803,-0.66890275,-4.0787072,-2.8852918
89517529,2026-03-23 08:13:59,2026-03-23 07:43:00,0.26231460726048594,12.904436197139075,402124.0,0.0,0.0,0.0,0,0.001002385,1.97,-0.00075818039,0.91771847,-0.77913225,-2.1642802,12.89994955976972,400324.0,0.0,0.0,0.0,0,0.00095511955,2.1800001,0.00016697374,0.74337035,-0.864595,-2.5516484
89770716,2026-03-23 10:06:57,2026-03-23 09:06:00,1.874272016360437,8.798454696065095,6721.0,1.0,0.0,1.0,0,0.0034871094,11.617,-0.0084768804,-2.0278199,-2.831681,-3.4954174,8.014335737299424,3121.0,1.0,1.0,1.0,0,0.0017266914,9.6429996,-0.0056831785,-3.7894862,-2.1796486,-2.7755492
89797106,2026-03-23 16:23:44,2026-03-23 17:53:00,0.7965209711207776,10.022425476607642,22563.0,2.0,0.0,0.0,0,0.0026118071,6.6100001,-0.0031358104,-1.5562648,1.5881267,1.0050086,8.57715877258367,5356.0,3.0,0.0,1.0,0,0.002260044,6.21,-0.0027993242,-0.70713007,1.5137243,0.65089852
90052400,2026-03-24 11:47:16,2026-03-24 10:47:00,0.3115252655424573,11.152658362663274,69796.0,0.0,0.0,0.0,0,0.0011266004,4.9099998,-0.00014985033,0.48840538,0.55825257,0.47102192,11.099665052270861,66196.0,0.0,0.0,0.0,0,0.0011992666,3.45,-0.00041074984,-0.41973996,1.2154644,0.27818099
90054432,2026-03-24 12:52:17,2026-03-24 09:52:00,1.1347250728260179,8.221478947267192,3884.0,1.0,0.0,1.0,0,0.00079994265,2.1370001,-0.00023551018,0.0051143784,0.94327033,0.36575109,11.048490302992848,62896.0,0.0,0.0,0.0,0,0.0014527459,5.0900002,0.00066912471,0.084394433,0.66103071,-0.50884473
90080406,2026-03-24 15:58:26,2026-03-24 14:28:00,0.4660725663588379,9.317309592973425,11143.0,2.0,0.0,0.0,0,0.0016392613,3.6199999,-0.0014079742,0.066690803,-1.3901088,0.16379941,8.653296274408579,5743.0,2.0,0.0,0.0,0,0.0015513835,4.4330001,-0.0012452976,-0.42732528,0.4302977,0.72126973
90081363,2026-03-24 16:11:15,2026-03-24 15:41:00,1.4917382986149081,6.4967749901858625,754.0,3.0,1.0,1.0,0,0.001747938,5.21,-0.003500385,-1.403854,-0.94293642,-0.28830937,9.221181395154058,10123.0,2.0,0.0,0.0,0,0.0018435899,9.3030005,-0.0044487212,-2.6679928,-0.31711867,0.16379941
90188256,2026-03-25 08:35:47,2026-03-25 07:35:00,0.47164253890285085,10.98403769838583,59025.0,0.0,0.0,0.0,0,0.00075559015,3.987,-0.00035789999,-1.8995275,-0.44348961,1.952175,10.920998239767195,55425.0,0.0,0.0,0.0,0,0.00039034555,3.677,-0.0006690009,-1.0454971,1.0803254,1.9801924
90192607,2026-03-25 11:00:18,2026-03-25 10:00:00,0.31865467488380894,9.033603193476129,8653.0,1.0,0.0,1.0,0,0.00066950277,3.3299999,-0.001181665,-1.6283121,-1.0197748,0.93894517,8.472195825485501,5053.0,1.0,0.0,1.0,0,0.0006076381,2.8199999,-0.00047497946,-0.69791174,-0.68339115,1.1615626
90194077,2026-03-25 11:38:04,2026-03-25 12:38:00,0.7098310094761092,7.718685495198466,2262.0,2.0,1.0,2.0,0,0.00088668993,5.5999999,-0.0012380074,-0.87228578,0.72344905,0.93894517,8.07153089355666,3596.0,3.0,1.0,3.0,0,0.00072608242,5.6570001,-0.00045204136,-1.0709813,0.12041144,1.244913
90297337,2026-03-26 10:48:11,2026-03-26 10:18:00,0.45756967942163107,11.326619982873964,83396.0,0.0,0.0,0.0,0,0.0010089385,4.0799999,0.0002828362,0.1215346,-0.97459531,-1.4775796,11.304695156388314,81596.0,0.0,0.0,0.0,0,0.00098824722,1.697,-0.0004295634,-0.90488273,-1.9725372,-1.4775796
90303019,2026-03-26 13:49:34,2026-03-26 13:19:00,0.5076088063714643,9.28933637820268,10849.0,1.0,0.0,0.0,0,0.0011797493,4.7800002,0.0026539967,0.88574845,-0.92379701,-1.8724499,9.107421317968342,9049.0,1.0,0.0,0.0,0,0.00091506384,1.49,0.001828792,1.4373899,-1.3158301,-1.8724499
90367910,2026-03-27 10:43:56,2026-03-27 07:13:00,0.677804210932834,11.227148243803411,75206.0,0.0,0.0,0.0,0,0.00056988647,3.77,-0.0015807383,-2.1900237,0.46610343,0.76316637,11.043609599160991,62606.0,0.0,0.0,0.0,0,0.00045235557,1.377,0.00010374087,-0.44961184,1.2156892,0.30891681
90383944,2026-03-27 17:23:51,2026-03-27 16:53:00,0.5179609892017205,10.070991535979658,23944.0,1.0,0.0,0.0,0,0.0014307662,3.4400001,-0.0021784126,0.16698617,1.8133407,-0.0046008434,9.991818891326092,22144.0,1.0,0.0,0.0,0,0.0011240201,5.5300002,-0.0021875356,-0.0058015445,0.012818433,0.21896498
90446737,2026-03-30 10:30:21,2026-03-30 10:00:00,0.24011620546930357,12.3642637233737,234369.0,0.0,0.0,0.0,0,0.00076151709,2.02,-0.0012168527,-1.4737394,0.77834171,1.3932235,12.356550875876534,232569.0,0.0,0.0,0.0,0,0.00070515537,2.8499999,-0.00077823154,-1.423665,1.6127366,1.3932235
90450144,2026-03-30 14:14:39,2026-03-30 13:44:00,0.3596949996899374,9.429957713513835,13419.0,1.0,0.0,0.0,0,0.00058522256,3.007,0.00080926041,2.1073058,0.47714949,1.0813345,9.273878392780171,11619.0,1.0,0.0,0.0,0,0.00049635413,2.21,0.00060263771,0.53649503,0.46476817,1.13886
90468624,2026-03-30 14:52:48,2026-03-30 14:22:00,1.0282107699890035,7.704361167910313,2241.0,2.0,1.0,1.0,0,0.0011951687,8.0600004,0.0020526219,3.7568359,2.5094352,1.0813345,6.035481432524756,441.0,2.0,1.0,1.0,0,0.00074442767,4.1700001,0.00056850171,1.058953,0.86793256,1.0813345
90670870,2026-03-31 08:16:35,2026-03-31 07:16:00,0.4603253860948499,11.042793827531794,62592.0,0.0,0.0,0.0,0,0.00070751883,4.4400001,-0.00023050707,-1.7454525,-0.46560213,0.82727391,10.9834605369853,58992.0,0.0,0.0,0.0,0,0.00060003222,2.96,-0.00024341331,0.13546571,0.057065573,0.65864539
90689174,2026-03-31 15:00:37,2026-03-31 13:00:00,0.4999552041438649,10.077692928727824,24205.0,1.0,0.0,0.0,0,0.0008458338,3.3099999,0.00028815959,0.1984698,1.171192,1.0049139,9.717519354821976,17005.0,1.0,0.0,0.0,0,0.0005529077,2.6600001,-0.00024800253,-0.37893036,-0.51664811,0.28994051
90724112,2026-03-31 20:13:28,2026-03-31 18:13:00,0.6586286659097115,9.82984101236783,18743.0,2.0,0.0,0.0,0,0.0013322756,5.4200001,-0.0010158895,-0.07579834,1.7362107,1.9668403,9.339612707680322,11543.0,2.0,0.0,0.0,0,0.00098154543,4.04,0.00035954354,1.5672673,0.72511744,1.1446162
90765592,2026-04-01 07:08:40,2026-04-01 09:08:00,0.8098823971120134,10.572572546745315,39272.0,0.0,0.0,0.0,0,0.00045701145,1.3,0.00017893111,-0.96616977,-0.39965305,1.2874177,8.811354229965728,7160.0,1.0,0.0,1.0,0,0.00065889535,1.65,-0.0005845452,-1.3672258,-0.064334325,1.1904963
90783770,2026-04-01 13:01:41,2026-04-01 16:31:00,0.8085500882179584,9.93740577073959,21140.0,1.0,0.0,0.0,0,0.00057178008,2.1199999,0.00084757345,0.28982717,0.65085983,1.6338127,9.386476169683052,12559.0,2.0,0.0,1.0,0,0.00085645111,5.02,5.9115693e-05,0.38173017,0.27587295,1.1613081
90900649,2026-04-02 14:51:54,2026-04-02 13:51:00,0.6002422885416292,11.43308107096457,92959.0,0.0,0.0,0.0,0,0.00093988649,3.3599999,0.0017918946,0.044678938,-1.4347863,-1.433509,11.393308248231683,89359.0,0.0,0.0,0.0,0,0.00086867122,4.4200001,-0.00021189396,0.54547095,-0.36822551,-1.5300568
90927563,2026-04-02 20:40:31,2026-04-02 20:10:00,0.20550379637358063,9.935519023366792,20886.0,1.0,0.0,0.0,0,0.00073573564,3.3800001,0.00038634046,-0.19555242,0.04742096,-0.083335884,9.844321241866913,19086.0,1.0,0.0,0.0,0,0.00086551748,3.3399999,-0.0001351005,0.16823135,0.46137393,-0.083335884
90928037,2026-04-02 21:05:43,2026-04-02 22:05:00,0.7346947481078291,7.280697195384741,1469.0,2.0,1.0,1.0,0,0.00070906355,2.8399999,0.0010110799,0.65200019,-0.13473219,-0.31051156,8.11701408773731,3557.0,3.0,1.0,2.0,0,0.00060278771,3.3570001,0.00081767078,1.2933944,0.86836463,0.17213681
90964953,2026-04-06 09:32:16,2026-04-06 07:32:00,0.1433819738886146,12.624029407049594,303977.0,0.0,0.0,0.0,0,0.00052337191,3.3699999,0.00030127759,0.45835727,0.46721211,0.044575773,12.600041929124854,296777.0,0.0,0.0,0.0,0,0.00044291877,2.99,0.00037683235,0.92234534,0.5116297,-0.25952014
90967915,2026-04-06 13:38:30,2026-04-06 13:08:00,0.2860757493137488,9.55393007636626,14744.0,1.0,0.0,0.0,0,0.00045251779,2.0829999,-0.00045329533,0.059369646,0.78627247,0.96434617,9.417354541360508,12944.0,1.0,0.0,0.0,0,0.00056369952,3.1400001,-0.00064514962,-0.96539265,1.2111717,0.96434617
90970712,2026-04-06 15:20:14,2026-04-06 14:50:00,0.3191151492350689,8.705331133531631,6090.0,2.0,0.0,1.0,0,0.00055066164,1.66,0.00011129482,-1.2240474,-0.88403589,0.38405901,8.351138607086154,4290.0,2.0,0.0,1.0,0,0.00055790303,0.99000001,-0.00054642186,-1.5459425,0.12329252,0.79558033
91022147,2026-04-07 09:04:07,2026-04-07 07:04:00,0.47175237681168,11.059613747404844,63826.0,0.0,0.0,0.0,0,0.00076776487,4.1700001,1.9390345e-05,0.35416055,-0.31181666,-0.52228785,10.939373011295933,56626.0,0.0,0.0,0.0,0,0.00035216502,1.74,0.00022153214,1.1917422,0.15353526,-0.31135672
91024794,2026-04-07 11:02:14,2026-04-07 07:32:00,0.8512429901597176,8.857372832825773,7073.0,1.0,0.0,1.0,0,0.00051622448,4.3530002,0.0014585566,2.0726624,-0.051898073,-0.36033028,10.968749861522683,58306.0,0.0,0.0,0.0,0,0.00038240108,4.54,0.0011054798,2.9370763,0.20453981,-0.31135672
91045329,2026-04-07 16:21:19,2026-04-07 14:51:00,0.37920198907488756,9.850772194864133,19126.0,2.0,0.0,0.0,0,0.00071416277,2.7030001,-0.00077319669,-0.45959547,-0.12049986,-0.22356568,9.515837804297965,13726.0,2.0,0.0,0.0,0,0.00063685339,1.823,-0.0001373507,0.96412688,0.18085803,-0.22584999
91124606,2026-04-08 08:51:27,2026-04-08 08:21:00,0.8030286440727027,10.981539927238877,59381.0,0.0,0.0,0.0,0,0.00055245607,2.72,0.0018762562,3.4985902,1.5200547,1.9662083,10.950438057880346,57581.0,0.0,0.0,0.0,0,0.00044195628,1.76,-4.3667169e-05,0.72629279,0.82319105,1.9662083
91162669,2026-04-08 18:32:24,2026-04-08 21:32:00,0.7667161638433575,10.455531892118072,34833.0,1.0,0.0,0.0,0,0.00088790327,3.0899999,-0.0006813042,0.19515118,-1.392101,-0.9849087,9.259225769705994,10776.0,2.0,0.0,1.0,0,0.0010219183,2.447,-0.00037240284,-0.84069604,-2.0804825,-0.92915004
91200522,2026-04-09 08:36:36,2026-04-09 08:06:00,0.28530178880094165,10.826575133410556,50616.0,0.0,0.0,0.0,0,0.00056198263,3.793,-0.0010547083,-1.2063336,0.69406712,-0.51180995,10.790164080634103,48816.0,0.0,0.0,0.0,0,0.00035964997,2.1199999,-0.00080476503,-1.559106,0.22231789,-0.51180995
91202282,2026-04-09 09:07:52,2026-04-09 10:07:00,0.7083800877314873,6.974478911025045,1824.0,1.0,1.0,1.0,0,0.00064031553,2.73,0.0013524269,2.1636264,-0.50373185,-0.73805374,7.669028288589683,3548.0,2.0,1.0,2.0,0,0.00072050269,4.75,0.0013701725,2.1112738,-0.45994499,-0.69626963
91206718,2026-04-09 11:06:30,2026-04-09 10:36:00,0.683421672409289,8.644882552557126,7088.0,2.0,0.0,2.0,0,0.00058096473,1.3329999,-0.0009439463,0.015587986,0.43931085,-0.21552472,8.263848131368906,5288.0,2.0,0.0,2.0,0,0.0007620923,2.1500001,0.0011951528,1.0443126,-0.69690323,-0.69626963
91227583,2026-04-09 16:53:03,2026-04-09 15:23:00,0.7751066876282248,9.917439766154132,20790.0,3.0,0.0,0.0,0,0.00080181938,2.8299999,-0.0019881427,-1.5858183,2.7332113,0.48760498,9.60784051043005,15390.0,3.0,0.0,0.0,0,0.00050069578,2.76,0.00020254467,-1.2599983,0.66726804,0.99099994
91267065,2026-04-10 08:14:46,2026-04-10 07:44:00,0.24862405692083822,10.919189135865434,55257.0,0.0,0.0,0.0,0,0.0003627858,1.03,-0.00048095552,-0.81880188,-0.33173063,-0.054429419,10.886052797840904,53457.0,0.0,0.0,0.0,0,0.0002496755,1.26,3.5695801e-05,-1.0372305,0.43264231,0.32047048
91267485,2026-04-10 08:30:33,2026-04-10 09:30:00,0.7560515247388117,6.782192056006791,914.0,1.0,1.0,1.0,0,0.00034435568,2.6700001,-0.00030666825,-1.0362345,-0.17436023,-0.054429419,7.853604813097837,3567.0,2.0,1.0,2.0,0,0.00045591962,1.5700001,0.00034289621,-0.20454556,-0.65999198,0.27307466
91276550,2026-04-10 14:42:46,2026-04-10 13:42:00,0.21151538255176033,9.966227582357314,22287.0,2.0,0.0,0.0,0,0.00031737267,1.75,-0.00020581079,0.3873367,0.95055664,0.055621769,9.781037392779563,18687.0,2.0,0.0,0.0,0,0.00036542796,1.263,-0.00030761157,-0.45309043,0.71847486,-0.21244365
91352434,2026-04-13 09:00:33,2026-04-13 08:30:00,0.41393841909687995,12.378196549222668,238634.0,0.0,0.0,0.0,0,0.00047166727,2.27,0.0018472912,2.2088668,1.2121949,-0.12363312,12.370590825194833,236834.0,0.0,0.0,0.0,0,0.00037366524,1.8099999,0.00085237122,0.96845955,0.5256846,-0.38886827
91356501,2026-04-13 11:14:05,2026-04-13 10:44:00,0.13451429493962966,8.72729202920964,8007.0,1.0,0.0,1.0,0,0.00048135605,1.8099999,0.00039085816,0.28146982,1.0301936,0.076628476,8.382289428951436,6207.0,1.0,0.0,1.0,0,0.00042701137,2.23,0.00054556929,0.47182021,0.93685997,-0.25942817
91397685,2026-04-13 18:37:59,2026-04-13 21:37:00,0.7901804465598495,10.184220535899701,26575.0,2.0,0.0,0.0,0,0.00059217733,2.6170001,0.0016218428,1.6140462,-1.2340046,-0.32122326,9.273127360074948,10741.0,3.0,0.0,1.0,0,0.00043544869,1.687,0.00072933984,1.7955129,-0.0035977634,0.16151913
91431248,2026-04-14 09:44:43,2026-04-14 07:14:00,0.20950465710200225,10.901690013605199,54361.0,0.0,0.0,0.0,0,0.00032897669,1.4630001,0.00015103602,0.76914853,0.21988153,0.54224753,10.720355660085833,45361.0,0.0,0.0,0.0,0,0.00020578718,1.02,0.00025380365,0.22570829,0.40293524,1.125199
91448019,2026-04-14 15:20:42,2026-04-14 13:50:00,0.29320434455379224,9.901736019497323,20117.0,1.0,0.0,0.0,0,0.00053766149,2.1700001,0.00021322641,-0.6229021,-0.62515569,0.62420577,9.586376669393536,14717.0,1.0,0.0,0.0,0,0.00080484635,0.77999997,0.00048665731,-0.43079758,-0.94342011,0.94449174
91488864,2026-04-14 20:38:32,2026-04-14 19:38:00,0.16103065022740168,9.845169643211612,19038.0,2.0,0.0,0.0,0,0.00050727912,0.64700001,-7.7196935e-05,0.93675327,1.8658388,1.5996419,9.633448915256942,15438.0,2.0,0.0,0.0,0,0.00052978529,1.113,0.00023323216,0.39985996,1.755134,1.6340507
91515698,2026-04-15 09:13:14,2026-04-15 08:13:00,0.14366211550005706,10.701737715595081,45268.0,0.0,0.0,0.0,0,0.00043770584,1.22,-3.9440321e-05,-0.84215558,-0.90136093,0.23272274,10.617245857000183,41668.0,0.0,0.0,0.0,0,0.00038881239,1.22,-0.0002631651,-0.41001216,-0.63541013,0.52134115
91531357,2026-04-15 16:00:14,2026-04-15 15:30:00,0.12569912283062715,10.06100399041111,24406.0,1.0,0.0,0.0,0,0.00040812924,1.707,-0.00023896179,-0.28145349,0.30163795,-0.024023559,9.981003994963956,22606.0,1.0,0.0,0.0,0,0.00046795799,1.5,-0.00011842987,0.19693716,0.47441465,0.03396643
91585973,2026-04-16 09:43:59,2026-04-16 09:13:00,0.6050699708944469,11.044312867790632,63766.0,0.0,0.0,0.0,0,0.00053516665,5.5700002,0.0010314917,1.4534049,-1.0436778,0.35287941,11.01513122930293,61966.0,0.0,0.0,0.0,0,0.00042540216,3.75,-5.1211398e-05,-0.72976595,-0.45543677,0.35287941
91596159,2026-04-16 15:36:23,2026-04-16 14:36:00,0.4565388428435077,9.950275714034888,21121.0,1.0,0.0,0.0,0,0.00046171973,2.02,0.0012858236,1.5381784,-0.24743916,0.35453433,9.76180877420419,17521.0,1.0,0.0,0.0,0,0.00028735693,1.63,-4.7735124e-05,0.40017968,0.021489752,0.055793427
91645065,2026-04-17 08:14:54,2026-04-17 07:44:00,0.22308601258865682,10.9850045457756,59857.0,0.0,0.0,0.0,0,0.00028588006,0.54000002,0.00034973078,2.1015112,1.3601748,0.29871455,10.954011930397183,58057.0,0.0,0.0,0.0,0,0.00021666408,0.69700003,0.00036408135,2.4405546,0.61688191,-0.30217594
91655142,2026-04-17 13:51:42,2026-04-17 13:21:00,0.2896986547638246,9.83274314801037,20166.0,1.0,0.0,0.0,0,0.00035423716,2.4000001,7.1041497e-05,-0.24088825,-0.82987887,-0.31818965,9.731155929771521,18366.0,1.0,0.0,0.0,0,0.00031067574,1.14,5.0086452e-05,0.57162571,-0.030775655,-0.31818965
91740834,2026-04-20 08:41:45,2026-04-20 08:11:00,0.151388310848844,12.385573561387355,240558.0,0.0,0.0,0.0,0,0.00047201363,2.5999999,-0.00026289956,0.015171431,-0.52756494,-0.85963285,12.37802394998294,238758.0,0.0,0.0,0.0,0,0.0004093952,1.78,2.7151749e-05,-0.33653247,-0.52870578,-0.85963285
91776198,2026-04-20 18:25:31,2026-04-20 20:55:00,0.9050577177272286,10.45705652384095,34995.0,1.0,0.0,0.0,0,0.00077047711,2.75,0.0012005315,1.0241891,-0.80159491,0.034921058,9.077380244719953,8969.0,2.0,0.0,1.0,0,0.00031226585,1.55,6.6544322e-05,0.44238329,0.37402278,0.066361293
91797166,2026-04-21 07:24:24,2026-04-21 10:24:00,0.8149830414641586,10.747100058912297,46709.0,0.0,0.0,0.0,0,0.00029497739,0.88999999,-0.00049422105,-1.0254282,-2.1104176,-0.77159566,9.259987311865597,10776.0,1.0,0.0,1.0,0,0.00046905508,1.7,-0.00054913067,-0.27955806,-1.1255972,-1.53504
91806444,2026-04-21 10:42:50,2026-04-21 09:42:00,0.3191172397165031,9.35781165133439,11856.0,1.0,0.0,1.0,0,0.0003566884,1.567,-0.00036373481,-0.17516798,-0.93716693,-1.53504,8.985820874482043,8256.0,1.0,0.0,1.0,0,0.00049081194,1.187,-4.1856023e-05,-0.46284926,-2.1655426,-1.3588798
91824729,2026-04-21 17:01:47,2026-04-21 13:01:00,0.7359789796277513,9.992368015030003,22690.0,2.0,0.0,0.0,0,0.00079077738,5.8899999,-0.002279836,-2.1789639,-0.34425506,-0.81675696,8.917176635955164,8290.0,2.0,0.0,0.0,0,0.00036525383,2.52,-0.00077907729,-0.9011001,-0.45208505,-0.93850529
91863976,2026-04-22 08:22:08,2026-04-22 12:22:00,1.2356563155345917,10.910532647678748,55213.0,0.0,0.0,0.0,0,0.00048219046,2.54,0.0020036187,4.5478172,0.84321326,0.19258395,9.488956472414216,14392.0,1.0,0.0,1.0,0,0.00025762941,1.16,-6.3008731e-05,0.844033,0.25283355,0.13156413
91873683,2026-04-22 15:29:56,2026-04-22 13:59:00,0.5571571339541003,10.10368995654877,25612.0,1.0,0.0,0.0,0,0.00046299101,4.2930002,0.001446617,2.434119,-0.49178618,-0.24036629,9.853929593687784,20212.0,1.0,0.0,0.0,0,0.00026254341,0.64999998,0.0004540777,1.7341343,-0.096636258,0.037076361
91919177,2026-04-23 08:30:37,2026-04-23 07:00:00,0.15771274504837784,11.010464757535866,61204.0,0.0,0.0,0.0,0,0.00028800816,0.93000001,-0.00014023979,-0.64427304,-0.66612411,-1.4107823,10.916977587787402,55804.0,0.0,0.0,0.0,0,0.00037169229,0.80000001,-0.0003400417,-0.4126327,-1.2166598,-1.5176302
91954421,2026-04-23 20:58:13,2026-04-23 20:28:00,1.050721025249998,10.698152876286422,44843.0,1.0,0.0,0.0,0,0.0015633283,3.9000001,0.0042050485,1.4498875,-3.0637066,0.47892305,10.656647403002244,43043.0,1.0,0.0,0.0,0,0.00092436559,2.5799999,0.0013698761,0.29032835,-0.77106571,0.47892305
91973017,2026-04-24 11:25:06,2026-04-24 10:25:00,0.28106027739753364,10.847373996001082,52007.0,0.0,0.0,0.0,0,0.00044172956,1.71,-0.00021095226,0.50584269,0.63521791,-0.099878661,10.774759997758618,48407.0,0.0,0.0,0.0,0,0.00038917793,1.96,7.4765638e-05,0.85035396,0.1875302,-1.2433408
91984519,2026-04-24 16:32:20,2026-04-24 13:32:00,0.39445810067227527,9.799570439116355,18414.0,1.0,0.0,0.0,0,0.00061853416,4.0,-0.00088363956,-1.7946339,0.10287011,0.2818971,8.885440911707585,7614.0,1.0,0.0,0.0,0,0.000410081,3.05,-0.001445119,-2.3808813,-0.23602326,-0.64557391
92024986,2026-04-27 06:37:58,2026-04-27 05:37:00,0.26608546948139145,12.315352968694809,223480.0,0.0,0.0,0.0,0,0.0003086834,1.1799999,0.00053826615,2.0839758,1.5336413,0.70074958,12.299084732194636,219880.0,0.0,0.0,0.0,0,0.00039830379,1.35,0.0002740928,1.2735033,1.1035268,-0.026116319
92029007,2026-04-27 11:51:00,2026-04-27 12:21:00,2.2923646196191307,9.68439827154996,18782.0,2.0,1.0,1.0,1,0.00035684672,1.7,-0.00033737582,0.27452409,-0.21918119,0.25033143,6.267200548541362,1800.0,2.0,1.0,1.0,0,0.00031798863,0.81,0.00016793843,-0.43919918,-1.0517019,-0.12761898
92067522,2026-04-28 09:04:14,2026-04-28 08:34:00,0.725272139086332,11.226669042463126,76380.0,0.0,0.0,0.0,0,0.00068893941,2.3,-0.00068199798,-0.35833699,-3.7770493,-3.2330501,11.20241138126872,74580.0,0.0,0.0,0.0,0,0.00066372193,1.95,-0.00214019,-1.8724118,-2.1644838,-1.3535032
92099847,2026-04-28 19:35:59,2026-04-28 19:05:00,0.33187378604527434,10.524520925120765,37846.0,1.0,0.0,0.0,0,0.0004365333,1.1799999,-0.00037970309,-0.86646372,-0.10575595,-1.8753425,10.47494720983897,36046.0,1.0,0.0,0.0,0,0.0005573408,2.1199999,-0.00054729229,0.49937874,0.15563162,-1.8753425
92117158,2026-04-29 09:00:38,2026-04-29 12:30:00,0.7790814288565292,10.780891915357783,48241.0,0.0,0.0,0.0,0,0.00039944801,2.01,-0.0014117089,-3.0714114,-0.86170745,-0.75847644,9.421897054038473,12562.0,1.0,0.0,1.0,0,0.0004700326,3.8,-0.001367048,-2.9876564,-1.4983761,-1.3404213
92125361,2026-04-29 13:38:23,2026-04-29 13:08:00,0.7332607703445143,9.707229330003301,16642.0,1.0,0.0,0.0,0,0.00042377639,3.24,-0.0011322021,-0.75395423,-0.23855335,-2.0359652,9.591239526139097,14842.0,1.0,0.0,0.0,0,0.00053207419,1.25,0.00052639947,0.83344942,-2.1445336,-2.0359652
92181621,2026-04-30 13:58:53,2026-04-30 16:28:00,0.9850498369336496,11.37647553183233,87577.0,0.0,0.0,0.0,0,0.00046255172,1.5700001,-0.00044855571,-0.62627035,2.6322727,2.3408346,9.065314599925925,8947.0,1.0,0.0,1.0,0,0.0006327781,4.3569999,-0.00011430137,-0.14185464,1.5193923,2.3224277
92218142,2026-05-01 09:16:51,2026-05-01 08:46:00,0.2633128360069416,11.143744068939311,69427.0,0.0,0.0,0.0,0,0.00036712253,1.3200001,-0.00040413655,-1.8970183,-2.1924829,-0.48568609,11.117361181539327,67627.0,0.0,0.0,0.0,0,0.00033349131,2.5899999,-0.0006441531,-2.4228358,-1.4286983,-0.26806358
92274667,2026-05-04 08:18:10,2026-05-04 07:48:00,0.35922140327372576,12.438417732568956,255669.0,0.0,0.0,0.0,0,0.00039830612,3.0,-0.00057771016,-1.3884553,-0.51419473,-0.30925953,12.431258110718593,253869.0,0.0,0.0,0.0,0,0.00031437981,0.80000001,2.3871813e-05,-0.88405281,-0.00026351211,0.14564256
92286476,2026-05-04 13:52:28,2026-05-04 16:52:00,0.8261086069995214,9.900031587562738,20030.0,1.0,0.0,0.0,0,0.00075996551,1.35,0.00012490564,1.370694,-1.5883372,-1.4275987,9.270682600982344,10772.0,2.0,0.0,1.0,0,0.00083135057,3.1600001,-3.9441897e-05,-0.14075013,-0.23790625,-1.1401143
92319804,2026-05-04 20:24:33,2026-05-04 19:54:00,0.5523730838741077,10.058009591972299,23492.0,2.0,0.0,0.0,0,0.00068690703,1.4299999,-0.00017003817,1.04228,-1.1592219,-2.6999037,9.977759796910716,21692.0,2.0,0.0,0.0,0,0.00083644217,2.4000001,-0.00052546104,-1.2079633,-2.0781679,-2.5380213
92331897,2026-05-05 06:17:31,2026-05-05 05:47:00,0.2014790230026179,10.476019565738097,35547.0,0.0,0.0,0.0,0,0.0002680672,1.0599999,0.00029953208,0.56625468,1.236657,-0.35750905,10.423916912444813,33747.0,0.0,0.0,0.0,0,0.00029684044,1.67,0.00029279129,1.249869,1.7678646,-0.289556
92342438,2026-05-05 13:41:28,2026-05-05 13:11:00,0.40177700833263075,10.153428816235715,26609.0,1.0,0.0,0.0,0,0.00039865231,1.71,-0.00069630158,-0.9154799,-0.19639653,0.57800984,10.080754690582811,24809.0,1.0,0.0,0.0,0,0.00029934285,1.54,-0.00097241567,-2.2847731,0.97601229,0.57800984
92396538,2026-05-06 08:30:50,2026-05-06 07:00:00,0.2212781057278206,11.114371420352308,67712.0,0.0,0.0,0.0,0,0.00037006798,1.24,-0.00074350322,-0.89074039,2.0445399,3.3317857,11.030509115677916,62312.0,0.0,0.0,0.0,0,0.00031673809,0.74000001,-0.00010120749,-0.89946508,2.6008697,3.275538
92408965,2026-05-06 12:41:15,2026-05-06 11:11:00,0.24782751308988976,9.607706101827697,15010.0,1.0,0.0,1.0,0,0.00066146569,2.9200001,-9.2925635e-05,0.57066679,2.8033233,4.2924795,9.156834104453042,9610.0,1.0,0.0,1.0,0,0.00049873471,3.0899999,0.00010899986,1.3504745,2.98382,3.946703
92461110,2026-05-07 07:56:52,2026-05-07 07:26:00,0.07384003968569158,11.141876276228,69285.0,0.0,0.0,0.0,0,0.00027811548,1.22,-7.4540803e-05,-0.73738885,-0.33732304,0.80607724,11.1154434073529,67485.0,0.0,0.0,0.0,0,0.00030560821,1.37,2.1291658e-05,-0.5505836,-0.56403464,0.80607724
92535886,2026-05-07 19:37:09,2026-05-07 19:07:00,0.46927878698081943,10.62975514642929,42008.0,1.0,0.0,0.0,0,0.00065891567,2.1700001,0.00043683077,-0.064165846,-1.4589479,0.35904777,10.585245116968599,40208.0,1.0,0.0,0.0,0,0.000723815,2.0799999,-0.00034078871,-2.0126691,-1.1782711,0.35904777
92561346,2026-05-08 09:30:27,2026-05-08 08:30:00,0.2996777980181982,10.808838664371898,49971.0,0.0,0.0,0.0,0,0.00056513451,2.8499999,0.0012395493,2.1823645,1.4964734,0.63340408,10.733261330627899,46371.0,0.0,0.0,0.0,0,0.00038660993,2.5699999,0.00097995857,2.4934139,0.55673361,-0.059281792
92611594,2026-05-11 07:03:52,2026-05-11 11:03:00,1.3283966807374359,12.428555978948504,250353.0,0.0,0.0,0.0,0,0.00039894175,1.95,-7.9107413e-05,-1.724192,-1.0399319,-1.1980983,9.543593145970423,14348.0,1.0,0.0,1.0,0,0.00041786971,2.26,-0.00053567544,-1.9844685,-0.751131,-1.1255121
92626347,2026-05-11 15:38:02,2026-05-11 14:38:00,0.49794430376525833,10.324005463270584,30848.0,1.0,0.0,0.0,0,0.00072249031,2.227,0.00049424218,2.2377827,2.1311648,-0.44234091,10.19820730233956,27248.0,1.0,0.0,0.0,0,0.00034651914,2.23,0.00021617758,1.4471027,0.50778759,-1.0017765
92649888,2026-05-12 05:30:04,2026-05-12 05:00:00,0.30695942384246183,10.808737559293304,49918.0,0.0,0.0,0.0,0,0.00049652153,1.21,-0.00058990129,-0.45651749,-1.3055776,0.25824782,10.771658895221004,48118.0,0.0,0.0,0.0,0,0.00064920227,3.4100001,-0.0001607559,-0.4423517,-1.4868534,0.25824782
92660254,2026-05-12 13:41:21,2026-05-12 16:11:00,0.8157459662515791,10.187650941676283,29456.0,1.0,0.0,0.0,0,0.0005564281,2.4100001,-0.0015486521,-3.0832031,-0.48438102,-0.7978853,8.95944014361693,8979.0,2.0,0.0,1.0,0,0.00073627901,3.23,-0.00072610896,-2.0256262,0.3688947,-0.27776191
92699406,2026-05-13 08:32:18,2026-05-13 07:02:00,0.3477686155780027,11.107075282730536,67839.0,0.0,0.0,0.0,0,0.00039902161,2.8199999,-0.00048305633,-1.723253,-0.5300383,-0.12720032,11.022572178834904,62439.0,0.0,0.0,0.0,0,0.00033333563,2.2,0.00038120997,-0.64416897,-0.89904684,-0.33242032
92704162,2026-05-13 13:32:46,2026-05-13 13:02:00,0.6408737786548409,9.777697546477828,17982.0,1.0,0.0,0.0,0,0.00041920145,1.8200001,-0.00037656489,-1.24177,-0.039873768,-0.054130919,9.670041108226021,16182.0,1.0,0.0,0.0,0,0.000324953,0.80000001,-2.1278292e-06,1.6486192,0.15729344,-0.054130919
92707912,2026-05-13 16:16:14,2026-05-13 15:46:00,0.39719254853993763,9.101975347298058,9794.0,2.0,0.0,1.0,0,0.00051121053,1.28,0.00035203042,0.74717426,-0.56552482,-0.91161615,8.878079256126435,7994.0,2.0,0.0,1.0,0,0.00071727828,2.03,0.00051926239,-0.25109407,-1.6575574,-0.2042007
92708453,2026-05-13 16:27:45,2026-05-13 14:27:00,0.7510779925874206,6.318968113746434,646.0,3.0,1.0,2.0,0,0.00046992116,1.67,0.00026854707,1.266194,-0.56552482,-0.91161615,7.796880342783522,3254.0,2.0,1.0,1.0,0,0.00035411317,2.47,0.00015110514,1.0812938,0.01045485,-0.42602682
92749649,2026-05-14 07:37:00,2026-05-14 11:37:00,2.4683455683564,10.905166678408571,54555.0,1.0,1.0,1.0,1,0.00065904245,3.3929999,0.0012010429,3.5192122,1.2116781,-1.0261335,9.498447354141044,14400.0,1.0,0.0,1.0,0,0.00045316099,1.67,0.00062297413,1.7440952,0.60596794,0.0024603931
92755985,2026-05-14 14:27:21,2026-05-14 13:27:00,0.6985376524679507,10.066413899028326,24600.0,1.0,0.0,0.0,0,0.00037571916,1.5369999,-0.0011798844,-2.5262928,0.13532475,0.16229418,9.900432891806899,21000.0,1.0,0.0,0.0,0,0.00041522444,1.35,0.00036844218,0.12513936,0.11722184,0.32088643
92794484,2026-05-15 06:52:48,2026-05-15 05:22:00,0.2906009057400355,10.978711793964997,59079.0,0.0,0.0,0.0,0,0.00037865233,1.78,0.00047470772,0.66786784,-1.251507,-2.2757208,10.88205800638073,53679.0,0.0,0.0,0.0,0,0.0006672272,1.75,0.00057453883,0.31383762,-1.995235,-2.6710551
92816284,2026-05-15 14:15:09,2026-05-15 13:15:00,0.5132029853229684,10.178198360706745,26532.0,1.0,0.0,0.0,0,0.00070826168,1.9299999,0.00043600431,0.44267327,0.056971058,-1.9950129,10.031132906371798,22932.0,1.0,0.0,0.0,0,0.00069676019,2.6600001,0.00055062637,2.4343829,-0.51716423,-3.1617055
92863125,2026-05-18 09:44:22,2026-05-18 09:14:00,0.24192065172527255,12.39613086369585,242931.0,0.0,0.0,0.0,0,0.00070316193,1.98,-0.00065430393,-0.74563521,0.091762595,-0.78632396,12.388660833441559,241131.0,0.0,0.0,0.0,0,0.00071235327,3.1700001,-0.00050235592,0.025660319,-0.36948779,-0.78632396
92873305,2026-05-18 16:08:58,2026-05-18 15:38:00,0.4041218726433727,10.013417611908324,23018.0,1.0,0.0,0.0,0,0.00085327803,5.3499999,0.00031970046,0.43801385,1.7324265,0.85417652,9.929350212061856,21218.0,1.0,0.0,0.0,0,0.00074483966,4.2800002,0.00086946879,0.99501264,0.42663941,0.086352266
92878258,2026-05-18 17:35:04,2026-05-18 13:35:00,0.90754910623203,8.529714471969909,5162.0,2.0,0.0,1.0,0,0.00089082215,4.79,-0.0026658045,-2.3708243,0.26881352,0.94632214,9.483720659717104,13838.0,1.0,0.0,0.0,0,0.00043489804,2.6070001,-0.0015155805,-2.9131649,-0.32180235,-0.27644855
92901499,2026-05-19 06:40:39,2026-05-19 04:40:00,0.39437789781320426,10.758732323843143,47096.0,0.0,0.0,0.0,0,0.00039683882,1.39,0.0010132436,2.1930914,-1.1958466,-0.47057781,10.592601610981907,39896.0,0.0,0.0,0.0,0,0.00066866755,3.6500001,0.0014754614,2.0882504,-0.92078871,0.28167367
92905766,2026-05-19 10:09:51,2026-05-19 09:39:00,0.3636294893614995,9.39391114817057,12501.0,1.0,0.0,0.0,0,0.00052733696,2.1500001,0.0013483566,1.7352867,-0.03459711,-0.24687466,9.231612507251722,10701.0,1.0,0.0,0.0,0,0.00064767664,3.5999999,0.00032529439,1.1589006,-0.027997969,-0.64949745
92943988,2026-05-20 09:00:09,2026-05-20 08:00:00,0.2998703470333171,11.30159931233399,82209.0,0.0,0.0,0.0,0,0.00055083522,1.677,0.00029589803,0.49254742,0.11290967,-1.0577652,11.256108784165866,78609.0,0.0,0.0,0.0,0,0.00042615019,1.0599999,0.00019054131,0.10064825,-0.94459134,-1.6578811
92991008,2026-05-21 09:39:49,2026-05-21 07:39:00,0.23048561986641547,11.392270810159385,88731.0,0.0,0.0,0.0,0,0.00053242093,2.0799999,-8.8315333e-05,-0.88793051,-0.25710961,0.0052306927,11.307548155199962,81531.0,0.0,0.0,0.0,0,0.00032763998,1.22,-0.00041806564,-0.39698777,-0.13649271,0.07293231
93028917,2026-05-22 07:41:02,2026-05-22 07:11:00,0.4836939091983742,11.26924751868317,79271.0,0.0,0.0,0.0,0,0.00030014283,1.1900001,-0.00073525595,-2.043308,0.50927782,0.064360544,11.246012872523313,77471.0,0.0,0.0,0.0,0,0.00026012448,1.1900001,-9.495009e-05,0.044911642,0.13021681,0.064360544
93029514,2026-05-22 08:36:56,2026-05-22 08:06:00,0.3528180285315044,8.014335737299424,3298.0,1.0,1.0,1.0,0,0.00040278662,0.81,-0.00037086298,0.39217794,-0.33966342,-0.068965942,7.1098794630722715,1498.0,1.0,1.0,1.0,0,0.00032704746,1.73,-0.00048584802,-0.85532415,-0.2713877,-0.068965942
93037747,2026-05-22 15:30:46,2026-05-22 15:00:00,0.36915105815544097,10.1093221647277,24784.0,2.0,0.0,0.0,0,0.00060218066,1.92,-0.0012546455,-1.2905955,-0.050694134,-0.23861438,10.033243075528665,22984.0,2.0,0.0,0.0,0,0.00034350285,0.92000002,-0.00055273232,-0.21579532,-0.094788104,-0.23861438
93064584,2026-05-25 09:09:03,2026-05-25 07:09:00,0.36201562036594276,12.372209771453605,236294.0,0.0,0.0,0.0,0,0.00034971233,0.88999999,-0.00027012514,-1.0055465,-0.851587,0.67477107,12.341245814701729,229094.0,0.0,0.0,0.0,0,0.00025259814,0.99000001,-0.00014315503,0.27123284,0.031351481,1.2255969
93070782,2026-05-25 15:59:41,2026-05-25 14:29:00,0.36843193542516345,10.062711058084105,24597.0,1.0,0.0,0.0,0,0.00030083308,1.09,0.00023434001,0.57492346,0.23992807,1.1614237,9.801011760946892,19197.0,1.0,0.0,0.0,0,0.00023772904,0.73000002,-0.00020342119,-0.39410824,1.4755538,1.196629
93086094,2026-05-26 08:40:30,2026-05-26 08:10:00,0.41655257048967115,10.999162197216895,60019.0,0.0,0.0,0.0,0,0.000362002,2.0699999,-0.00019852803,0.36970693,-1.1459514,-1.8153405,10.968611997043249,58219.0,0.0,0.0,0.0,0,0.00037236459,0.74000001,0.00037539072,1.5697773,-2.2777152,-1.8153405
93091481,2026-05-26 13:48:28,2026-05-26 13:18:00,0.3509246616922031,9.766751028962657,18450.0,1.0,0.0,0.0,0,0.00041695451,1.39,0.00023386316,0.11235099,0.54109013,-1.3559258,9.657842735875406,16650.0,1.0,0.0,0.0,0,0.00050515425,2.6600001,-0.00024724472,1.3959032,0.21011709,-1.3559258
93095183,2026-05-26 15:35:27,2026-05-26 15:05:00,0.45535419566964813,8.736007384569218,6392.0,2.0,0.0,1.0,0,0.00068960059,4.4400001,0.00093429012,0.61099273,-1.6959424,-1.9175724,8.394573477868327,4592.0,2.0,0.0,1.0,0,0.00070418534,1.96,0.00021965368,-0.69905096,-1.9474335,-1.9175724
93121138,2026-05-27 09:21:22,2026-05-27 07:21:00,0.45471306902408903,11.060447362590311,63933.0,0.0,0.0,0.0,0,0.00057895976,1.763,-0.0010256878,-1.4679128,-1.249716,-0.85260832,10.940313086039021,56733.0,0.0,0.0,0.0,0,0.00027135157,1.367,-0.00016882305,-0.16242658,-0.54547673,-1.0314726
93131167,2026-05-27 14:50:40,2026-05-27 14:20:00,0.21727928473191796,9.818147505369113,19718.0,1.0,0.0,0.0,0,0.00064006,2.5,-0.00094529125,-0.99888992,-3.0997376,-2.7828937,9.714986944665458,17918.0,1.0,0.0,0.0,0,0.00072875072,2.1099999,-0.0004583183,-0.27203214,-3.1370351,-2.7828937
93169426,2026-05-28 07:11:24,2026-05-28 09:41:00,1.0568399698382076,10.971073462599115,58820.0,0.0,0.0,0.0,0,0.00065699033,2.28,0.00074497511,0.90175933,-3.625766,-3.3103404,9.015055148790369,8976.0,1.0,0.0,1.0,0,0.00047492245,2.0899999,-0.0002851001,0.52868944,-1.0243143,-2.1065311
93184362,2026-05-28 17:04:21,2026-05-28 16:34:00,0.3104080597962547,10.45754506469412,35556.0,1.0,0.0,0.0,0,0.00077919831,3.54,-0.001954335,-1.362548,2.1406281,0.69023395,10.404444642103513,33756.0,1.0,0.0,0.0,0,0.00084645016,5.8530002,-0.0018726778,-1.9078174,2.4366596,0.84774542
93199497,2026-05-28 20:45:24,2026-05-28 18:45:00,0.426603499830783,9.47975663562107,13239.0,2.0,0.0,0.0,0,0.00035840672,0.56,-0.00018200067,-0.16054036,2.7463226,3.1425591,8.681350777582521,6039.0,2.0,0.0,0.0,0,0.0006269791,2.27,0.00021437687,0.24692771,2.8287492,2.0177832
93210316,2026-05-29 09:09:04,2026-05-29 07:39:00,0.2314437858728782,10.677085049993375,44616.0,0.0,0.0,0.0,0,0.00052009081,1.5700001,-0.00022575687,0.87301242,1.3052456,1.8735682,10.544051132937742,39216.0,0.0,0.0,0.0,0,0.00029990121,1.6799999,-7.1635492e-05,0.28637743,1.1543777,1.4411776
93235333,2026-05-29 21:01:51,2026-05-29 20:31:00,0.3470383128996622,10.655846592727919,42716.0,1.0,0.0,0.0,0,0.00036966908,1.52,0.00030980603,-1.0824224,-0.12465739,1.2821077,10.612508082252363,40916.0,1.0,0.0,0.0,0,0.00045264966,2.0699999,-0.00060922629,-1.5189306,0.54071599,2.0442057
93252299,2026-06-01 11:07:05,2026-06-01 07:07:00,0.3518822170678634,12.306144199254389,223509.0,0.0,0.0,0.0,0,0.00056239427,3.74,-0.00073980028,-0.17084603,-1.1793811,-1.1589977,12.238781819939879,209109.0,0.0,0.0,0.0,0,0.0003667688,1.28,-0.00063515175,0.1628513,-1.4331192,-0.76752168
93277546,2026-06-01 16:40:02,2026-06-01 16:10:00,1.04545906933093,9.834458966125691,19975.0,1.0,0.0,0.0,0,0.0013014491,5.9499998,0.0015741596,0.19820943,-3.1452961,-0.76099128,9.733055040134587,18175.0,1.0,0.0,0.0,0,0.00067046034,1.3099999,-0.0001399504,-0.17468832,-0.34142807,-0.76099128
93309253,2026-06-02 16:27:01,2026-06-02 15:27:00,0.5253678527103374,11.356528931767846,85618.0,0.0,0.0,0.0,0,0.00052331499,1.52,0.00081804668,0.067075811,-1.4251614,0.18679325,11.313522854037817,82018.0,0.0,0.0,0.0,0,0.0004487249,3.5699999,-0.0003862133,0.35018653,-0.13341223,1.0510452
93345132,2026-06-03 07:31:17,2026-06-03 11:01:00,0.8750126879384603,10.897276218430667,54239.0,0.0,0.0,0.0,0,0.00029168371,1.12,-0.00090169813,-3.4342921,-0.60401189,-0.5181728,9.341894811716484,12583.0,1.0,0.0,1.0,0,0.00050771638,2.3199999,-0.0013370469,-2.4820383,-1.492298,-1.7945212
93360769,2026-06-03 18:19:30,2026-06-03 21:49:00,0.8848516195943628,10.537043951682437,38863.0,1.0,0.0,0.0,0,0.00061128056,3.76,0.00071961782,0.042874984,-0.58869553,-0.57037306,9.303739636234733,12570.0,2.0,0.0,1.0,0,0.00026883627,0.57999998,0.00034464389,1.0672269,-0.36956674,-1.2431172
93376580,2026-06-04 09:02:48,2026-06-04 08:32:00,0.3091178661671209,10.846595467769308,52950.0,0.0,0.0,0.0,0,0.00045168388,3.54,0.0010228507,1.1661861,0.13682826,0.44775355,10.810919157976958,51150.0,0.0,0.0,0.0,0,0.00039742811,3.27,0.00065530435,0.096023254,0.66146481,1.1072288
93377409,2026-06-04 10:05:50,2026-06-04 12:35:00,0.702211129527768,8.218247926685745,3732.0,1.0,0.0,1.0,0,0.00047364249,3.78,0.00054392288,0.98135048,-0.14392303,0.33449546,9.047233034106032,8950.0,2.0,0.0,2.0,0,0.00049170706,2.25,0.0004643375,0.6111117,-0.093129799,0.09407673
93404708,2026-06-05 07:16:51,2026-06-05 09:46:00,0.9413999337458087,11.235259727793936,76210.0,0.0,0.0,0.0,0,0.00033190061,1.48,0.00030407016,0.082581244,-1.1319845,-1.3721155,9.081711229379001,8949.0,1.0,0.0,1.0,0,0.00048805526,2.3929999,9.8914745e-05,1.1661646,0.29340598,-1.342671
93411173,2026-06-05 14:55:49,2026-06-05 13:25:00,0.29445215540190806,10.215850042381968,27489.0,1.0,0.0,0.0,0,0.00044953878,1.72,0.0011350623,2.0910149,0.4765445,0.36710387,9.995747630961425,22089.0,1.0,0.0,0.0,0,0.00023595293,1.02,0.00040983103,1.6039461,0.81973255,0.27293733
93443489,2026-06-08 08:38:58,2026-06-08 07:38:00,2.250128210023805,12.37090888798311,236531.0,0.0,0.0,0.0,0,0.0010856244,12.88,-0.0066033141,-5.355464,-0.49770275,-1.95827,12.355526598698512,232931.0,0.0,0.0,0.0,0,0.00047315276,2.4100001,-0.00057227921,-1.0905536,-0.072165594,-1.9162695
93461391,2026-06-08 18:18:03,2026-06-08 21:48:00,0.8309688781406306,10.450278596734728,34742.0,1.0,0.0,0.0,0,0.00066041772,3.3599999,-0.0011645331,-1.3483917,0.3191129,0.067601658,9.41759841406017,12597.0,2.0,0.0,1.0,0,0.00032079383,0.86000001,-0.00046111582,-2.1375389,0.1921798,0.3153142
93474519,2026-06-09 10:32:19,2026-06-09 10:02:00,0.15969428225079801,10.970660772368857,58437.0,0.0,0.0,0.0,0,0.00048203644,2.8099999,-0.00063974428,-1.1525055,-0.36144668,-0.081374317,10.939213288149046,56637.0,0.0,0.0,0.0,0,0.00049534847,2.1500001,-0.00069453981,-1.76445,-0.56802046,-0.081374317
93510992,2026-06-10 08:02:18,2026-06-10 07:02:00,0.24748742680677246,11.250222143029248,77381.0,0.0,0.0,0.0,0,0.00035096359,1.11,1.9166933e-05,-0.31420261,-1.6062627,-3.2584047,11.202274959342775,73781.0,0.0,0.0,0.0,0,0.00054909929,2.47,-0.00023665556,-0.20156206,-1.2048541,-3.0674012
93557927,2026-06-11 09:36:08,2026-06-11 08:06:00,0.2708511650215306,11.427378469795439,92022.0,0.0,0.0,0.0,0,0.00063934451,1.87,-0.00036468613,-0.95488721,0.36358827,-0.52220619,11.366754528799243,86622.0,0.0,0.0,0.0,0,0.00062452431,1.99,0.000475843,-0.36719674,0.37467933,-0.95903492
93598278,2026-06-12 08:17:41,2026-06-12 07:17:00,0.5080200407185269,11.294657508602768,81652.0,0.0,0.0,0.0,0,0.00050396123,1.98,0.0010974574,-0.38463676,-0.47792822,0.88755453,11.248842724768773,78052.0,0.0,0.0,0.0,0,0.0005325448,3.29,-0.00040778707,-1.5991234,-0.083329387,1.1661988
93609754,2026-06-12 17:23:16,2026-06-12 15:23:00,0.49271258698506293,10.377483203051401,32719.0,1.0,0.0,0.0,0,0.001041876,3.79,-0.0028146759,-1.5856345,-0.58905417,0.050286561,10.123746948670474,25519.0,1.0,0.0,0.0,0,0.00071107299,2.79,-0.0018044477,-1.5055163,0.59906816,0.88240737
93631282,2026-06-15 08:44:57,2026-06-15 07:44:00,0.9381640427207499,12.335569033461384,228044.0,0.0,0.0,0.0,0,0.00054187939,2.4630001,-0.001385506,-3.4056931,1.6666096,2.9137652,12.319628983493773,224444.0,0.0,0.0,0.0,0,0.00032826135,1.747,0.00014328817,0.4833611,1.8067974,2.9349165
93650934,2026-06-15 16:30:46,2026-06-15 13:30:00,0.38784694518919455,10.235628996225449,27903.0,1.0,0.0,0.0,0,0.00055908592,3.23,-9.8770535e-05,0.58524787,1.875634,2.3938789,9.745604917619191,17103.0,1.0,0.0,0.0,0,0.00029081994,0.86000001,4.8407452e-05,0.32728651,1.289712,2.3734736
93681010,2026-06-16 13:18:40,2026-06-16 14:48:00,0.9998948761803561,11.214303772480061,74834.0,0.0,0.0,0.0,0,0.0002478699,0.62,-0.00020937037,0.24639137,1.635151,1.3293047,8.54772239645106,5360.0,1.0,0.0,1.0,0,0.00037872454,0.74000001,0.00049560698,0.39873856,0.0047438643,1.4790785
93682742,2026-06-16 15:06:09,2026-06-16 14:36:00,0.1828809628855753,8.737933858114136,6440.0,1.0,0.0,1.0,0,0.00044791048,1.29,-0.00020742464,-0.76520199,0.28118455,0.84278011,8.39728289474368,4640.0,1.0,0.0,1.0,0,0.00036336045,1.85,-0.00017740812,-0.69518226,0.50284874,1.4790785
93700747,2026-06-17 08:49:19,2026-06-17 07:19:00,0.19053256412424266,11.05759761768966,63771.0,0.0,0.0,0.0,0,0.00037254259,1.4,0.00080381305,2.3132153,-0.23772237,-0.46374604,10.968611997043249,58371.0,0.0,0.0,0.0,0,0.00026784715,1.89,0.00077594118,2.0039494,-0.83070225,-0.11363306
93757800,2026-06-18 18:09:38,2026-06-18 21:09:00,0.9885070683071743,11.690686639007852,119981.0,0.0,0.0,0.0,0,0.00071138114,2.4400001,0.0008471256,1.0956923,-0.34259158,-1.2765007,9.238441802087058,10762.0,1.0,0.0,1.0,0,0.00039125991,1.39,0.00080424926,0.97116309,-0.62579143,-1.6255612
93776205,2026-06-19 08:32:37,2026-06-19 07:32:00,0.9399742128218146,10.84476353710419,51742.0,0.0,0.0,0.0,0,0.00064015645,1.92,0.0012627775,2.7696257,-2.9187825,-4.1604252,10.771952654927679,48142.0,0.0,0.0,0.0,0,0.00058011722,1.96,-0.00044616318,-1.0029761,-3.2973604,-3.3608348
93798546,2026-06-22 08:28:11,2026-06-22 07:58:00,0.3010782155744321,12.462229220562653,258923.0,0.0,0.0,0.0,0,0.00036934446,1.0,0.00024911299,1.2559625,0.76444596,0.31725571,12.455238656503358,257123.0,0.0,0.0,0.0,0,0.00036404238,2.77,-1.1961965e-05,1.2130063,-0.082500212,-0.12040216
93832434,2026-06-23 06:39:04,2026-06-23 05:09:00,0.2673474150666375,11.279365349132823,79849.0,0.0,0.0,0.0,0,0.00065289123,3.1800001,-0.0014131544,-1.6094006,-2.7092564,-1.9994392,11.208720979432398,74449.0,0.0,0.0,0.0,0,0.00070464099,1.4400001,-0.0016385684,-1.9310747,-2.4053965,-1.4150113
93873774,2026-06-23 21:06:17,2026-06-23 20:36:00,0.20509390621805543,10.84786026853724,52016.0,1.0,0.0,0.0,0,0.00036954807,0.77999997,-0.00060293404,-1.0822666,-0.34268877,-0.54085737,10.812229866652954,50216.0,1.0,0.0,0.0,0,0.00044807102,1.693,-0.00020994185,-1.5171256,-0.038513534,-0.25571787
93909211,2026-06-24 10:08:33,2026-06-24 09:38:00,0.2223978618077924,10.722275703049045,46903.0,0.0,0.0,0.0,0,0.00063835795,2.1370001,0.0006363822,-0.0016198792,0.62766439,-0.68156385,10.681779786252992,45103.0,0.0,0.0,0.0,0,0.0006830818,1.54,0.00078799413,0.72111022,0.85501331,-1.285676
93935706,2026-06-24 16:41:19,2026-06-24 14:41:00,1.0809966152342014,10.049361215025671,23547.0,1.0,0.0,0.0,0,0.0015640982,4.8000002,0.0025668135,2.463598,-3.9829247,-3.9669299,9.676649685633647,16347.0,1.0,0.0,0.0,0,0.00076085498,3.75,0.00058336352,0.39703512,-2.3031135,-1.7744328
93990129,2026-06-25 07:19:16,2026-06-25 10:49:00,0.8033299766642147,10.86582182291161,52661.0,0.0,0.0,0.0,0,0.00063220417,2.4000001,-0.00059126754,-0.7551924,0.21454982,-0.66391909,9.385972940619341,12584.0,1.0,0.0,1.0,0,0.00068988418,2.6400001,0.00015341763,-0.78622377,-0.78975248,-1.1442209
94051620,2026-06-25 19:46:01,2026-06-25 18:16:00,0.8043591202280995,10.695121679810727,44804.0,1.0,0.0,0.0,0,0.00065135764,7.6529999,-0.0018388527,-3.5934134,0.978966,1.4224923,10.564627936960987,39404.0,1.0,0.0,0.0,0,0.0009208367,4.6700001,-0.0012378658,-0.66136956,0.22568099,0.4427186
94074059,2026-06-26 14:36:53,2026-06-26 13:06:00,0.13951474184640364,11.08709947377011,67799.0,0.0,0.0,0.0,0,0.00044156495,1.3200001,-0.00021215422,0.24708425,1.3983858,1.562716,11.000815683693476,62399.0,0.0,0.0,0.0,0,0.00053721806,1.4299999,-9.8813376e-05,-0.12598963,1.676213,1.3093048
94116926,2026-06-29 14:55:16,2026-06-29 13:55:00,0.16547221036641502,12.46658519663419,260287.0,0.0,0.0,0.0,0,0.00044196323,0.94,0.00065427431,1.0421587,-1.0277301,-0.9029727,12.45261626714468,256687.0,0.0,0.0,0.0,0,0.000429748,1.65,0.0007683452,1.1304761,-1.5701592,-1.2409123
94147775,2026-06-30 07:15:05,2026-06-30 09:15:00,0.9131844292733639,10.968043105074278,58784.0,0.0,0.0,0.0,0,0.00046873593,1.8430001,0.00083902024,1.0861883,-0.53692943,-2.1974707,8.78615105486974,7195.0,1.0,0.0,1.0,0,0.00058732758,2.8900001,0.00013042208,1.2811691,0.65474468,-1.4440004
94199359,2026-07-01 17:01:51,2026-07-01 16:31:00,0.7112760688927728,11.702743850190807,121555.0,0.0,0.0,0.0,0,0.0016168716,12.25,0.0029925725,2.0863843,4.3991051,3.5604956,11.687743943943033,119755.0,0.0,0.0,0.0,0,0.0013054966,12.04,0.0012772641,1.9073251,3.4730515,1.343598
94223505,2026-07-02 16:13:42,2026-07-02 14:13:00,1.0407956242819971,11.330923856987194,83469.0,0.0,0.0,0.0,0,0.0013350504,2.75,0.0014010516,0.63156748,2.9667537,2.5656202,11.240591669465246,76269.0,0.0,0.0,0.0,0,0.00042266978,2.0799999,0.00088228518,-0.049296685,-0.069629781,0.64627415
94240579,2026-07-03 06:32:03,2026-07-03 05:32:00,0.36669667301270636,10.847004270663875,51498.0,0.0,0.0,0.0,0,0.00034049537,1.67,3.5880748e-05,-0.19947869,2.0833566,3.0599561,10.7743624208798,47898.0,0.0,0.0,0.0,0,0.00046722472,2.8299999,0.00063184724,1.0134699,2.6375406,3.2075427
94241160,2026-07-03 08:08:26,2026-07-03 10:38:00,0.6901088503079275,8.627123250788433,5757.0,1.0,0.0,0.0,0,0.00030052333,1.21,0.00074927614,1.8067405,1.2672962,2.5280147,9.004299728561636,8974.0,2.0,0.0,1.0,0,0.00039128371,0.88999999,0.00053888926,1.5436186,0.57872832,1.9112533
94258974,2026-07-06 06:37:10,2026-07-06 03:37:00,0.3322178893087544,12.440662437968632,253714.0,0.0,0.0,0.0,0,0.00042543592,1.67,0.0008282488,1.4712292,-1.2186227,0.31926367,12.397015267256396,242914.0,0.0,0.0,0.0,0,0.00064972177,2.4000001,0.00059366855,0.7708624,-0.57544649,1.136976
94289139,2026-07-07 08:30:02,2026-07-07 07:00:00,0.14824585987345648,11.412088038039986,93170.0,0.0,0.0,0.0,0,0.00043562212,1.25,0.00047502771,1.2551104,-1.1072135,-1.5302176,11.350500648690725,87770.0,0.0,0.0,0.0,0,0.0003998699,1.0,0.00078737963,1.1031317,-1.5935463,-1.3927648
94291110,2026-07-07 10:41:18,2026-07-07 10:11:00,0.2223228915319653,8.93971205409023,7858.0,1.0,0.0,1.0,0,0.00036672404,0.81,-0.00026879541,0.032213822,-0.68253702,-1.020157,8.67060073804555,6058.0,1.0,0.0,1.0,0,0.00038592523,0.77999997,0.0003490668,-0.45053136,-0.24663687,-1.020157
94292496,2026-07-07 11:45:26,2026-07-07 10:15:00,0.8151609138452383,8.207674424355282,3822.0,2.0,0.0,2.0,0,0.00045848469,1.71,-0.00017668122,-0.94302565,-0.08829423,-1.3110164,8.710949125835855,6298.0,1.0,0.0,1.0,0,0.00038766168,1.12,0.0007342989,0.95246607,-0.31763837,-1.020157
94339039,2026-07-08 08:08:25,2026-07-08 07:08:00,0.4406056133264342,11.193050724696247,73354.0,0.0,0.0,0.0,0,0.00042931555,1.42,0.0015802173,2.9348326,0.64678371,-0.02951655,11.142209549188882,69754.0,0.0,0.0,0.0,0,0.00035963711,2.01,0.0010359514,1.0261277,0.72009128,-0.11154542
94351863,2026-07-08 14:04:59,2026-07-08 13:04:00,0.5829367223107375,9.919410113079943,21335.0,1.0,0.0,0.0,0,0.00061509933,3.3900001,-0.00018499905,-0.35651588,-2.1910827,-2.691714,9.724420693462669,17735.0,1.0,0.0,0.0,0,0.0007524977,2.48,0.0012644243,-0.21333553,-3.9433548,-3.4659393
94375434,2026-07-09 07:39:07,2026-07-09 07:09:00,0.2811277336601279,11.026759932940609,63241.0,0.0,0.0,0.0,0,0.00032971034,1.25,-0.00020917079,1.056093,-1.1417193,-0.64284468,10.997053797982007,61441.0,0.0,0.0,0.0,0,0.00034885094,1.1799999,0.00040640344,0.092953689,-0.67084509,-0.64284468
94382823,2026-07-09 10:15:32,2026-07-09 12:45:00,0.7595824711078238,9.117566971823829,9353.0,1.0,0.0,1.0,0,0.00048624279,2.5599999,-0.00099379243,-1.560653,2.0764067,1.5472221,8.943114308091785,8968.0,2.0,0.0,2.0,0,0.00037251782,1.05,-0.0005187777,-1.5337663,0.61501771,1.3682526
94425120,2026-07-10 08:49:00,2026-07-10 11:19:00,2.4713060807403973,11.288468551573489,81208.0,1.0,1.0,1.0,1,0.00051201717,1.79,-0.00019946219,-0.64068532,-0.86893916,-0.052353889,8.963544291996744,9000.0,1.0,0.0,1.0,0,0.00037371001,2.24,0.00029224349,0.4044393,-1.0909247,-0.44781917
94467306,2026-07-13 08:16:27,2026-07-13 07:46:00,0.7167913832961227,12.453061621404002,257220.0,0.0,0.0,0.0,0,0.00060384907,4.5500002,-0.0012504653,0.52555925,0.21420893,-1.7214891,12.446006448351854,255420.0,0.0,0.0,0.0,0,0.00033306054,0.72000003,-0.00025151618,-0.48732039,-1.5950145,-1.7485174
94482317,2026-07-13 15:43:27,2026-07-13 14:13:00,0.21040321532581202,10.166467012347537,26793.0,1.0,0.0,0.0,0,0.00048672082,2.28,0.00016007861,0.16060419,-0.48236233,-1.0860832,9.933822752332201,21393.0,1.0,0.0,0.0,0,0.0005870022,1.49,-0.00012054462,0.83493119,-0.57152075,-0.95001036
94517647,2026-07-14 07:51:04,2026-07-14 07:21:00,0.6076306286930002,10.962960458076914,58053.0,0.0,0.0,0.0,0,0.00033261164,2.0,-0.0010272495,-2.2387865,1.2584378,-0.44046053,10.931265990440082,56253.0,0.0,0.0,0.0,0,0.00032707743,1.26,-3.9842176e-05,0.260901,0.78378481,-0.44046053
94518850,2026-07-14 08:30:53,2026-07-14 08:00:00,0.4657813602205779,7.6236419465115715,2336.0,1.0,1.0,1.0,0,0.00032008515,1.23,0.00046760411,0.52182579,1.2612431,-0.2128185,5.5053315359323625,536.0,1.0,1.0,1.0,0,0.00035678796,1.14,0.00012688099,0.46896794,1.1306547,-0.2128185
94571902,2026-07-15 08:31:12,2026-07-15 07:31:00,0.5822605248456982,11.340617603358513,86407.0,0.0,0.0,0.0,0,0.00040510806,3.8,-0.00052403548,-1.6179285,-1.6120113,-0.68549705,11.296906473598314,82807.0,0.0,0.0,0.0,0,0.0002672362,1.34,1.7354418e-05,0.4775871,-0.9036082,-0.83040899
94588522,2026-07-15 15:13:35,2026-07-15 13:43:00,0.32514662414157913,10.06496844345823,24108.0,1.0,0.0,0.0,0,0.00038954956,1.3200001,-0.00030207628,-0.21275501,1.1058586,0.050205436,9.803943422199742,18708.0,1.0,0.0,0.0,0,0.00037007412,1.14,-0.00071902043,-0.52521098,-0.10988963,-0.54439443
94627775,2026-07-16 08:45:23,2026-07-16 07:15:00,0.23629046532752473,11.041689076188597,63085.0,0.0,0.0,0.0,0,0.00052778109,2.75,0.0007098245,1.3127429,-0.68587679,-0.78124708,10.951209974200845,57685.0,0.0,0.0,0.0,0,0.00031032908,2.26,0.0012252911,1.6897907,-0.55950934,-0.62859243
94694698,2026-07-17 09:35:22,2026-07-17 08:35:00,0.5760013046598584,11.392575387278974,89377.0,0.0,0.0,0.0,0,0.00062904955,2.3699999,0.00019981942,0.89149922,1.8395017,-0.60991162,11.35112392514576,85777.0,0.0,0.0,0.0,0,0.00063507556,2.8199999,0.00071115087,0.52191383,-0.68469948,-0.86475617
94754184,2026-07-20 11:10:48,2026-07-20 07:40:00,0.30322599369451253,12.470327429531247,264878.0,0.0,0.0,0.0,0,0.0005238342,1.25,-0.00081779866,0.14825165,0.82442832,0.57781249,12.420748446425513,252278.0,0.0,0.0,0.0,0,0.00032849767,1.2,-4.9710005e-05,0.029286711,1.4368633,1.0593066
94775324,2026-07-20 17:51:46,2026-07-20 16:21:00,0.222865593473077,10.065478842856832,24012.0,1.0,0.0,0.0,0,0.00049966085,1.49,0.00059605233,1.4510472,-0.62139934,-0.38270962,9.80460600297601,18612.0,1.0,0.0,0.0,0,0.00051633187,2.78,0.0008257319,0.99573255,-1.0585821,-0.26460376
94810342,2026-07-21 09:41:33,2026-07-21 09:11:00,0.2674208693499825,10.941624166627946,56954.0,0.0,0.0,0.0,0,0.00045513114,1.63,0.00013257732,0.64851564,3.2461383,2.4840956,10.90923500244827,55154.0,0.0,0.0,0.0,0,0.00044931733,1.38,0.00062491006,1.4922874,2.5718789,2.4840956
94842197,2026-07-21 19:41:05,2026-07-21 19:11:00,0.12548786038640464,10.46823301829155,35967.0,1.0,0.0,0.0,0,0.00032680662,1.2,-0.000161961,-0.42176834,1.0645945,1.6460285,10.415712197215827,34167.0,1.0,0.0,0.0,0,0.00036731284,1.41,-1.2265288e-05,0.10166213,1.1092564,1.6460285
94864297,2026-07-22 07:00:59,2026-07-22 09:00:00,0.9344365773739468,10.61021707406934,40735.0,0.0,0.0,0.0,0,0.00028558201,0.62,-2.1788259e-05,-1.1669194,2.1118774,3.3687232,8.15478757276852,7141.0,1.0,0.0,1.0,0,0.00040233345,1.21,0.0003463061,0.28834561,1.2953352,2.9409661
94908427,2026-07-22 22:54:35,2026-07-22 21:24:00,0.1347030274952003,10.887810694802111,57181.0,1.0,0.0,0.0,0,0.0003204933,1.51,-0.00065789238,-1.5209218,-0.93399519,0.82894057,10.781453170088616,51781.0,1.0,0.0,0.0,0,0.00034685904,0.94,-0.00071037054,-1.6978406,-0.77363008,1.2987517
94927689,2026-07-23 07:48:08,2026-07-23 07:18:00,0.23502052522357794,10.356821765848482,32005.0,0.0,0.0,0.0,0,0.00028617235,1.17,5.5775628e-05,-0.80812675,-0.53650415,-0.05380933,10.297925416795092,30205.0,0.0,0.0,0.0,0,0.00031679438,1.48,9.6968637e-05,0.062526584,0.090882145,-0.05380933
94942223,2026-07-23 12:20:23,2026-07-23 10:20:00,0.43991982294412607,9.625821815359835,16312.0,1.0,0.0,1.0,0,0.00041004419,2.52,0.00051530218,0.6369518,-1.6586494,-1.6795996,8.981052985901483,9112.0,1.0,0.0,1.0,0,0.00061440561,2.51,0.0007281237,-0.57336032,-2.133569,-0.38925123
94986774,2026-07-24 08:50:08,2026-07-24 07:20:00,0.28606245826486065,11.14988746250196,73777.0,0.0,0.0,0.0,0,0.00046213533,0.77999997,0.00082744326,0.26518118,-1.4661041,-2.2926419,11.069072896457268,68377.0,0.0,0.0,0.0,0,0.00025223984,0.86000001,7.1997725e-05,-0.28880206,-1.7666364,-2.2499206
94991858,2026-07-24 10:35:14,2026-07-24 10:05:00,0.5203813684109827,8.646641258603124,6292.0,1.0,0.0,1.0,0,0.00048081612,2.8399999,0.0012053534,2.6819754,1.9362162,-1.201111,8.266421472984554,4492.0,1.0,0.0,1.0,0,0.00047808673,2.3,0.00066905626,0.97883993,0.42251942,-1.201111
95047920,2026-07-27 07:18:11,2026-07-27 10:48:00,1.3954335053165663,12.406103136104901,247366.0,0.0,0.0,0.0,0,0.0002964611,1.67,-0.00064553594,-2.0810843,-0.23369579,1.0372661,9.148358579620302,12589.0,1.0,0.0,1.0,0,0.00037778812,1.72,0.00030029408,-1.3157228,0.37102261,1.1718403
95072289,2026-07-27 16:33:09,2026-07-27 15:33:00,0.5034350956653783,10.312247227593723,33289.0,1.0,0.0,0.0,0,0.00069397397,4.8400002,-0.0015012607,-1.5040525,-2.0126834,-0.1284512,10.184862275413241,29689.0,1.0,0.0,0.0,0,0.00056333665,1.4299999,-0.0010077575,-1.1619545,-1.1388391,0.60726726
95107372,2026-07-28 07:47:22,2026-07-28 07:17:00,0.4339389118917164,10.898663399254776,54831.0,0.0,0.0,0.0,0,0.00025195806,0.80000001,0.00015570608,0.50799918,-0.84819728,-1.6166812,10.864828128963993,53031.0,0.0,0.0,0.0,0,0.00029606684,1.21,-0.00014338175,-1.2753581,-1.6984267,-1.6166812
95168933,2026-07-29 07:20:48,2026-07-29 11:20:00,0.9084110349163389,11.317931957072364,84758.0,0.0,0.0,0.0,0,0.00026635505,1.09,4.9733739e-05,-0.54690015,-0.62034148,-0.63394576,9.422382530219219,14352.0,1.0,0.0,1.0,0,0.00028704657,0.86000001,0.00040852354,-0.88911712,0.42501342,0.82020766
95248660,2026-07-29 23:00:54,2026-07-29 20:30:00,1.0291079828727476,10.903420659346926,56352.0,1.0,0.0,0.0,0,0.001156237,3.25,-0.004143876,-3.8159149,-0.51015669,0.39374194,10.722430029140382,47352.0,1.0,0.0,0.0,0,0.00075296947,2.96,-0.0019717896,-1.0609095,1.9890378,0.095980272
95298275,2026-07-30 12:32:41,2026-07-30 10:32:00,0.45113405321023364,10.783114300038692,48666.0,0.0,0.0,0.0,0,0.00056302414,1.53,-0.0015035728,-1.4735337,1.2528167,0.4954192,10.621327345686446,41466.0,0.0,0.0,0.0,0,0.00059858232,1.89,-0.0008181415,-1.1004976,-0.23923665,-0.64015931
95369124,2026-07-31 07:51:51,2026-07-31 07:21:00,0.5111520116065471,11.14539177769662,69499.0,0.0,0.0,0.0,0,0.00027999133,1.04,-0.00080665824,-2.5732443,-0.87457752,-0.61892241,11.119052902897872,67699.0,0.0,0.0,0.0,0,0.00029931319,1.54,-0.00041944921,-0.30132931,-1.3941122,-0.61892241
95443868,2026-08-03 08:03:06,2026-08-03 07:03:00,0.5618054466659023,12.460451263272688,259869.0,0.0,0.0,0.0,0,0.00032991625,1.34,-0.00035658735,-1.4377019,0.17114606,0.24056381,12.446395779120785,256269.0,0.0,0.0,0.0,0,0.00034936957,0.94,0.00024111652,1.0407428,0.60823655,0.33590493
95511070,2026-08-04 08:06:17,2026-08-04 07:06:00,0.41286876527759575,11.359529500273846,86574.0,0.0,0.0,0.0,0,0.00032164127,1.4299999,-0.00012059209,-0.32553142,1.2465336,0.81942743,11.316655073952559,82974.0,0.0,0.0,0.0,0,0.00030472258,1.1799999,0.00020238892,-0.76727599,-0.4033311,0.065548226
95576013,2026-08-04 21:47:35,2026-08-04 21:17:00,0.5670429495383333,10.791193607554506,49243.0,1.0,0.0,0.0,0,0.00036992721,1.23,-0.00050265982,-2.7138197,-0.95011801,1.0298301,10.753446155719935,47443.0,1.0,0.0,0.0,0,0.0003358706,0.68000001,0.00011989425,-0.59907323,0.40409687,1.0298301
95598021,2026-08-05 07:50:18,2026-08-05 11:20:00,0.835900047052551,10.47506014357522,36145.0,0.0,0.0,0.0,0,0.00031680267,1.74,-0.00043295854,-2.0201168,2.6288307,2.6346684,9.283869605264298,12582.0,1.0,0.0,1.0,0,0.00038822394,1.42,0.00027849234,-0.6716283,1.5182968,3.4022136
95612645,2026-08-05 11:44:22,2026-08-05 10:44:00,0.33366683294123706,9.40943710213184,14022.0,1.0,0.0,1.0,0,0.00038010266,2.9000001,0.00054512732,1.1746848,1.3061264,3.4022136,9.059866258621348,10422.0,1.0,0.0,1.0,0,0.00039016985,1.52,0.00023531022,0.32525095,1.8968954,4.1365709
95709969,2026-08-06 07:35:50,2026-08-06 07:05:00,0.42091823651853,11.16992798518054,71438.0,0.0,0.0,0.0,0,0.00049585092,2.02,0.00072387047,-0.71163386,-1.4079442,1.5423329,11.14423577502468,69638.0,0.0,0.0,0.0,0,0.00046391285,2.6300001,-7.2678762e-05,0.77694726,-0.6513052,1.5423329
95773198,2026-08-06 20:23:51,2026-08-06 18:53:00,0.3714635267822025,10.698491618202198,46030.0,1.0,0.0,0.0,0,0.00041155962,1.29,-0.0002193523,-0.89893872,-0.86841941,-0.44969586,10.568466713268153,40630.0,1.0,0.0,0.0,0,0.00061693392,1.72,-0.00066135777,-1.5917184,-0.96501875,0.88628125
95800620,2026-08-07 08:08:00,2026-08-07 08:38:00,2.3860213341264136,10.604826092122362,42249.0,1.0,1.0,1.0,1,0.00037248633,1.73,-0.00040807758,-1.4308773,1.0862298,0.73484963,7.123672785204607,1800.0,1.0,1.0,1.0,0,0.00053591526,2.05,0.00058296684,1.5488261,1.0300111,0.73484963
95918631,2026-08-10 07:10:04,2026-08-10 10:40:00,1.4691936529049126,12.44964999745779,255720.0,0.0,0.0,0.0,0,0.00039213683,1.6799999,0.00039993849,0.91692495,-0.23168777,0.2715432,9.381010986029276,12596.0,1.0,0.0,1.0,0,0.00045415637,2.27,0.0012267134,1.7460831,1.5598389,1.5712924
96004348,2026-08-11 07:58:04,2026-08-11 07:28:00,0.15395213059765495,11.391221000552598,89276.0,0.0,0.0,0.0,0,0.00045655353,1.39,-0.00011347376,-1.3124781,-0.26341119,2.0433893,11.370681946029382,87476.0,0.0,0.0,0.0,0,0.00037629652,1.12,-8.3862287e-05,-0.89388895,0.2222275,2.0433893
96024216,2026-08-11 11:51:13,2026-08-11 10:51:00,0.6784898005287582,9.536978699538377,13976.0,1.0,0.0,1.0,0,0.00036800726,2.6400001,0.00024002112,1.7573904,-0.34729186,-1.0227183,9.236300473645715,10376.0,1.0,0.0,1.0,0,0.00038465479,1.61,0.00016750093,-0.32313743,-2.5940638,-0.67857909
96113042,2026-08-12 15:00:05,2026-08-12 14:00:00,0.26541063817373456,11.483733495437338,97727.0,0.0,0.0,0.0,0,0.00027594954,1.2,-0.00031716868,-0.44345319,0.46033767,1.056147,11.445962674331183,94127.0,0.0,0.0,0.0,0,0.00034355954,0.74000001,0.0004806793,0.21130109,0.6297555,1.1235695
96202433,2026-08-13 08:13:29,2026-08-13 07:43:00,0.41866940963544585,11.0276051316126,61975.0,0.0,0.0,0.0,0,0.00044164242,1.4400001,0.00083484704,1.4002087,-1.04462,-0.50753057,10.997924469793757,60175.0,0.0,0.0,0.0,0,0.00033130951,1.53,-0.00025915718,0.029337315,-1.1486759,-0.40212336
96325914,2026-08-14 08:00:52,2026-08-14 07:30:00,0.599656584625095,11.355967515111775,85591.0,0.0,0.0,0.0,0,0.00023023681,1.8,0.00051566237,1.6958982,-0.2472235,-1.5147767,11.334683575007217,83791.0,0.0,0.0,0.0,0,0.00024379238,1.13,-0.0003813552,-0.83720535,-0.51989728,-1.7761585
96332229,2026-08-14 08:50:02,2026-08-14 08:20:00,1.2688807915704003,7.508787170634276,2948.0,1.0,1.0,1.0,0,0.00051699602,3.26,0.0014684577,1.5324529,-1.1256272,-1.5147767,3.1780538303479458,1148.0,1.0,1.0,1.0,0,0.00032106016,1.01,-0.00029860731,-1.5740587,-1.0532867,-1.5147767
96391293,2026-08-17 07:49:26,2026-08-17 07:19:00,0.4537208710654581,12.432004306452018,255538.0,0.0,0.0,0.0,0,0.00035416291,1.39,0.000293499,1.4464643,0.44619349,1.1393629,12.424798452967835,253738.0,0.0,0.0,0.0,0,0.00033117499,1.0700001,-0.00043651889,-0.42800722,0.8543992,1.1393629
96484066,2026-08-18 06:00:51,2026-08-18 05:30:00,0.4456883651482306,11.276075914099845,79834.0,0.0,0.0,0.0,0,0.00040058105,1.04,0.00045478682,1.0851469,-1.7567962,-0.51725888,11.253001221229495,78034.0,0.0,0.0,0.0,0,0.00041048074,1.03,-0.00044279388,-0.63032091,-1.9149029,-0.076045744
96566692,2026-08-19 08:06:43,2026-08-19 07:36:00,0.20162661260557407,11.360776114480084,93909.0,0.0,0.0,0.0,0,0.00030857025,1.41,-0.00038403651,-0.20127092,-0.30631557,-0.82039964,11.33959536361373,92109.0,0.0,0.0,0.0,0,0.00024968135,1.1,-0.00023441621,-0.97211015,-0.01347549,-0.4844307
96653069,2026-08-20 08:03:17,2026-08-20 07:03:00,0.2867043428623986,11.358409718514256,86177.0,0.0,0.0,0.0,0,0.00030454953,1.22,0.00019382112,0.24518783,-0.95750636,1.0919054,11.315486209444275,82577.0,0.0,0.0,0.0,0,0.00031425941,1.4,-0.00033558501,0.092252605,0.010689309,1.7176572
96756936,2026-08-21 08:11:26,2026-08-21 07:41:00,0.45353504360392066,11.355335544395457,86863.0,0.0,0.0,0.0,0,0.00032783733,2.24,-0.00076891301,-2.0856688,1.0323256,1.4229412,11.334038004910555,85063.0,0.0,0.0,0.0,0,0.00039485117,1.5700001,-0.00033011907,-0.29709682,1.9208353,1.2643958
96882975,2026-08-24 07:34:43,2026-08-24 07:04:00,0.6062831429368291,12.455768542473388,256954.0,0.0,0.0,0.0,0,0.00050363661,4.8699999,-0.0014934879,-2.0743082,0.5859108,1.6722667,12.44873250864639,255154.0,0.0,0.0,0.0,0,0.00044994467,3.73,8.1877406e-05,-0.10610048,0.75461233,1.6722667
97042659,2026-08-25 08:04:19,2026-08-25 07:04:00,0.13069678434608592,11.364611054276669,88157.0,0.0,0.0,0.0,0,0.00041863869,1.77,0.00041940279,0.42141196,-1.6196476,-0.89575744,11.32195864535124,84557.0,0.0,0.0,0.0,0,0.00046106172,2.53,0.0005418387,0.55439544,-1.3845294,-0.61669731
97143853,2026-08-25 20:27:24,2026-08-25 19:57:00,0.23643452964750464,10.696593183839905,44561.0,1.0,0.0,0.0,0,0.00045824639,2.3,-0.00046957712,0.17155977,-0.033113319,0.15347557,10.6550215587958,42761.0,1.0,0.0,0.0,0,0.00038434763,0.94999999,-0.00040899753,-0.069789916,0.55494893,0.59164518
97182841,2026-08-26 07:57:51,2026-08-26 07:27:00,0.2099393708549324,10.618934240590841,41376.0,0.0,0.0,0.0,0,0.00024502262,1.05,0.00020906997,-0.062203497,-1.1650316,-0.32255048,10.573928895560435,39576.0,0.0,0.0,0.0,0,0.00026173887,1.4400001,-0.00029723987,-0.78313553,-1.0695096,-0.32255048
97352852,2026-08-27 11:17:10,2026-08-27 09:47:00,0.18492103809583468,11.489370205348692,98349.0,0.0,0.0,0.0,0,0.00032663145,1.15,0.00033672704,0.99934012,-0.76482409,-0.78038305,11.432496015855193,92949.0,0.0,0.0,0.0,0,0.00038645114,1.5,0.00022139862,0.3176502,-1.1179879,-0.56267095
97451919,2026-08-28 08:18:43,2026-08-28 07:48:00,0.13853371812385018,11.223495198650959,75650.0,0.0,0.0,0.0,0,0.00028558951,1.21,-3.2750413e-05,-0.46921939,-0.85866994,-0.68363065,11.199159479184567,73850.0,0.0,0.0,0.0,0,0.00028440863,1.17,0.00024677312,-0.033825662,-0.99893796,-0.99668425
97638884,2026-08-31 08:03:50,2026-08-31 07:03:00,0.743732159258886,12.460110029865728,258257.0,0.0,0.0,0.0,0,0.00044405778,2.8900001,0.00020795026,1.7331238,-0.64601916,-2.4492071,12.446049714812291,254657.0,0.0,0.0,0.0,0,0.00039738751,1.24,-0.00040935547,-1.5038437,-1.1001354,-2.6640711
97800092,2026-09-01 09:00:02,2026-09-01 07:00:00,0.38562134954174676,11.401144381509479,89770.0,0.0,0.0,0.0,0,0.00052562309,2.55,-0.00067299674,-0.65235835,0.40561426,-0.27062878,11.317202509232011,82570.0,0.0,0.0,0.0,0,0.00035513053,1.5700001,-0.0011302221,-1.6628313,-0.65821815,-0.58927816
97982386,2026-09-02 09:04:25,2026-09-02 08:04:00,0.5152144697669768,11.365434228412877,86638.0,0.0,0.0,0.0,0,0.00051779719,3.5799999,-0.00048835302,-0.93413299,0.93431073,-0.98877949,11.32281767397584,83038.0,0.0,0.0,0.0,0,0.00034241736,0.75999999,-0.00015789369,0.13546577,-0.117552,-1.7707835
98070555,2026-09-02 18:21:55,2026-09-02 20:21:00,0.8363944180986672,10.061900564278407,33395.0,1.0,0.0,0.0,0,0.00057664624,3.1300001,-0.00086487475,-2.5089793,1.5582328,1.7652571,8.840001065843392,7145.0,2.0,0.0,1.0,0,0.00034015422,0.69,-0.00075318705,-1.6600624,0.66246349,1.1557693
98161217,2026-09-03 08:48:56,2026-09-03 07:48:00,0.6037917690019465,10.853696502613744,51965.0,0.0,0.0,0.0,0,0.00063092983,3.8800001,0.00074504124,1.2915412,1.4346324,3.0831537,10.781557071590086,48365.0,0.0,0.0,0.0,0,0.00027894531,0.83999997,-0.0001126612,0.72058022,2.9151406,3.0142155
98188192,2026-09-03 12:36:09,2026-09-03 12:06:00,0.305704177899443,9.504948404498696,13624.0,1.0,0.0,1.0,0,0.00041235494,1.5700001,0.00071033539,1.0923918,0.73361093,2.1123323,9.360999248261296,11824.0,1.0,0.0,1.0,0,0.00043163545,2.21,-0.00017352954,0.25536838,0.88028675,2.1123323
98366050,2026-09-04 15:43:11,2026-09-04 17:13:00,1.6328380330980985,11.475753052615845,97611.0,0.0,0.0,0.0,0,0.002311633,5.4899998,0.0025844884,-1.2149638,0.22779113,-0.041388094,8.536211197252,5389.0,1.0,0.0,1.0,0,0.0011385325,4.5300002,-0.0002939424,0.1497522,-1.7367917,-1.7443005
98440487,2026-09-07 10:01:54,2026-09-07 07:31:00,0.2449808202612434,12.381604537964712,238669.0,0.0,0.0,0.0,0,0.00040365537,2.7,0.00028222837,-0.066213392,-1.1674607,-1.4358379,12.343117857454493,229669.0,0.0,0.0,0.0,0,0.00029238465,1.89,-8.8607667e-05,-0.90363556,-1.1063567,-1.2564174
99000862,2026-09-08 20:07:06,2026-09-08 18:07:00,0.21731251676975663,11.715605050352062,122706.0,0.0,0.0,0.0,0,0.00049793406,1.3200001,0.0008597406,1.7968525,-0.35736787,-0.70853734,11.655015130876304,115506.0,0.0,0.0,0.0,0,0.00064787059,1.29,0.00038630702,1.229169,-0.096355237,-0.55957901
99208828,2026-09-09 16:01:58,2026-09-09 14:01:00,0.500907442656848,11.16075464791978,71634.0,0.0,0.0,0.0,0,0.00048479915,6.02,0.0013049385,2.7343128,0.22720061,0.47470716,11.05272958215556,64434.0,0.0,0.0,0.0,0,0.00038316162,3.6099999,-4.9969847e-05,1.9141334,0.57551694,0.58729571
99615317,2026-09-10 22:27:09,2026-09-10 18:27:00,0.6025681197925167,11.596043439160693,109502.0,0.0,0.0,0.0,0,0.00060963078,1.433,0.0014773238,2.0593975,-2.5200512,-2.092283,11.453886460398087,95102.0,0.0,0.0,0.0,0,0.00064436288,1.58,0.00025046375,0.90004557,-0.59741199,-1.4389528
99738973,2026-09-11 07:57:55,2026-09-11 07:27:00,0.47668854880857153,10.375302041185826,34191.0,0.0,0.0,0.0,0,0.00048223409,1.317,-3.9688948e-05,1.1324871,0.80808598,-2.1403208,10.31751589130478,32391.0,0.0,0.0,0.0,0,0.00051916979,2.28,0.00066496507,2.9701998,0.069084547,-2.1403208
99754992,2026-09-11 18:20:15,2026-09-11 21:50:00,0.7679785664149112,10.520293499839351,37325.0,1.0,0.0,0.0,0,0.00064210204,1.2,-3.4385648e-05,-1.2094406,-0.21743029,0.64951116,9.391244257682517,12585.0,2.0,0.0,1.0,0,0.00039783903,0.91000003,-0.00044399712,-1.2354922,-1.1696362,0.068667173
100126875,2026-09-15 08:52:49,2026-09-15 07:52:00,0.29135574779173656,12.647236245405244,311505.0,0.0,0.0,0.0,0,0.0004778117,2.3829999,-0.00025130159,0.2154814,-0.90545219,0.050826956,12.635589510518043,307905.0,0.0,0.0,0.0,0,0.00029714851,1.664,3.4148419e-05,0.22424726,0.16527557,-0.019103304
100453335,2026-09-16 09:36:42,2026-09-16 07:36:00,0.2723085406159108,11.392180547268655,88991.0,0.0,0.0,0.0,0,0.00038044728,2.05,-0.00026121037,-0.64549434,1.1215361,1.5756838,11.307449911309426,81791.0,0.0,0.0,0.0,0,0.0002930474,0.63999999,-0.00046683021,-0.80362314,1.9730638,1.8315554
100653865,2026-09-17 06:00:33,2026-09-17 02:00:00,0.3663940455127721,11.184338061192443,73398.0,0.0,0.0,0.0,0,0.00062661653,1.86,0.00023854432,-1.4938006,-0.76743722,-0.94941735,10.961173674591592,58998.0,0.0,0.0,0.0,0,0.00044080731,3.3399999,-0.00048275045,-1.6434406,-1.2133251,-1.8343052
100675478,2026-09-17 09:20:36,2026-09-17 08:50:00,0.4737831769258441,9.278559610953327,11967.0,1.0,0.0,0.0,0,0.00051953527,1.91,-0.0010737987,0.12056112,1.8106492,0.15524885,9.094480485881647,10167.0,1.0,0.0,0.0,0,0.00050096546,2.5899999,0.00015825786,1.0226836,0.58131397,-0.12573487
100829495,2026-09-17 16:21:20,2026-09-17 15:51:00,0.28158937268134354,10.130144923150134,25224.0,2.0,0.0,0.0,0,0.00079095009,2.6300001,0.00082611624,1.3425623,2.2390316,2.4019308,10.05569348542546,23424.0,2.0,0.0,0.0,0,0.0007969538,2.3800001,0.0015502223,0.65557545,2.3935313,1.7255976
00983845,2026-09-18 06:25:04,2026-09-18 04:55:00,0.4378156842177367,10.822135503983962,50620.0,0.0,0.0,0.0,0,0.00059367402,0.94,-0.00028821267,-2.1406353,-0.71852505,0.26919645,10.708131384109748,45220.0,0.0,0.0,0.0,0,0.00051247916,1.92,0.00021389022,-0.38763574,-0.51061195,0.85770893
