date,session,hour,candidate_minutes,m30_window_events,h1_window_events,actual_entry_bars,trade_per_m30_window_event,trade_per_candidate_minute
2025-09-25,18-23,19,28,1,0,2,2.0,0.07142857142857142
2025-09-25,18-23,20,60,6,3,0,0.0,0.0
2025-09-25,18-23,21,60,6,3,0,0.0,0.0
2025-09-25,18-23,22,60,6,3,0,0.0,0.0
2025-09-25,18-23,23,60,6,3,0,0.0,0.0
2025-09-26,00-06,1,60,6,3,0,0.0,0.0
2025-09-26,00-06,2,60,6,3,0,0.0,0.0
2025-09-26,00-06,3,60,6,3,0,0.0,0.0
2025-09-26,00-06,4,60,6,3,0,0.0,0.0
2025-09-26,00-06,5,60,6,3,0,0.0,0.0
2025-09-26,00-06,6,60,6,3,0,0.0,0.0
2025-09-26,07-12,7,60,6,3,0,0.0,0.0
2025-09-26,07-12,8,60,6,3,0,0.0,0.0
2025-09-26,07-12,9,60,6,3,0,0.0,0.0
2025-09-26,07-12,10,60,6,3,0,0.0,0.0
2025-09-26,07-12,11,60,6,3,0,0.0,0.0
2025-09-26,07-12,12,60,6,3,0,0.0,0.0
2025-09-26,13-17,13,60,6,3,0,0.0,0.0
2025-09-26,13-17,14,60,6,3,0,0.0,0.0
2025-09-26,13-17,15,60,6,3,0,0.0,0.0
2025-09-26,13-17,16,60,6,3,0,0.0,0.0
2025-09-26,13-17,17,60,6,3,0,0.0,0.0
2025-09-26,18-23,18,60,6,3,1,0.16666666666666666,0.016666666666666666
2025-09-26,18-23,19,60,6,3,0,0.0,0.0
2025-09-26,18-23,20,60,6,3,0,0.0,0.0
2025-09-26,18-23,21,60,6,3,0,0.0,0.0
2025-09-26,18-23,22,60,6,3,0,0.0,0.0
2025-09-26,18-23,23,60,6,3,0,0.0,0.0
2025-09-29,00-06,1,60,6,3,0,0.0,0.0
2025-09-29,00-06,2,60,6,3,0,0.0,0.0
2025-09-29,00-06,3,60,6,3,0,0.0,0.0
2025-09-29,00-06,4,60,6,3,0,0.0,0.0
2025-09-29,00-06,5,60,6,3,0,0.0,0.0
2025-09-29,00-06,6,60,6,3,0,0.0,0.0
2025-09-29,07-12,7,60,6,3,0,0.0,0.0
2025-09-29,07-12,8,54,6,3,1,0.16666666666666666,0.018518518518518517
2025-09-29,07-12,9,60,6,3,0,0.0,0.0
2025-09-29,07-12,10,60,6,3,0,0.0,0.0
2025-09-29,07-12,11,60,6,3,0,0.0,0.0
2025-09-29,07-12,12,60,6,3,0,0.0,0.0
2025-09-29,13-17,13,60,6,3,0,0.0,0.0
2025-09-29,13-17,14,60,6,3,0,0.0,0.0
2025-09-29,13-17,15,60,6,3,0,0.0,0.0
2025-09-29,13-17,16,60,6,3,0,0.0,0.0
2025-09-29,13-17,17,60,6,3,0,0.0,0.0
2025-09-29,18-23,18,60,6,3,0,0.0,0.0
2025-09-29,18-23,19,60,6,3,0,0.0,0.0
2025-09-29,18-23,20,60,6,3,0,0.0,0.0
2025-09-29,18-23,21,60,6,3,0,0.0,0.0
2025-09-29,18-23,22,60,6,3,0,0.0,0.0
2025-09-29,18-23,23,60,6,3,0,0.0,0.0
2025-09-30,00-06,1,60,6,3,0,0.0,0.0
2025-09-30,00-06,2,60,6,3,0,0.0,0.0
2025-09-30,00-06,3,60,6,3,0,0.0,0.0
2025-09-30,00-06,4,60,6,3,0,0.0,0.0
2025-09-30,00-06,5,60,6,3,0,0.0,0.0
2025-09-30,00-06,6,60,6,3,0,0.0,0.0
2025-09-30,07-12,7,60,6,3,0,0.0,0.0
2025-09-30,07-12,8,60,6,3,0,0.0,0.0
2025-09-30,07-12,9,60,6,3,0,0.0,0.0
2025-09-30,07-12,10,60,6,3,0,0.0,0.0
2025-09-30,07-12,11,58,6,3,2,0.3333333333333333,0.034482758620689655
2025-09-30,07-12,12,60,6,3,0,0.0,0.0
2025-09-30,13-17,13,60,6,3,0,0.0,0.0
2025-09-30,13-17,14,60,6,3,0,0.0,0.0
2025-09-30,13-17,15,60,6,3,0,0.0,0.0
2025-09-30,13-17,16,60,6,3,0,0.0,0.0
2025-09-30,13-17,17,60,6,3,0,0.0,0.0
2025-09-30,18-23,18,60,6,3,0,0.0,0.0
2025-09-30,18-23,19,60,6,3,0,0.0,0.0
2025-09-30,18-23,20,60,6,3,0,0.0,0.0
2025-09-30,18-23,21,60,6,3,0,0.0,0.0
2025-09-30,18-23,22,60,6,3,0,0.0,0.0
2025-09-30,18-23,23,60,6,3,0,0.0,0.0
2025-10-01,00-06,1,60,6,3,0,0.0,0.0
2025-10-01,00-06,2,60,6,3,0,0.0,0.0
2025-10-01,00-06,3,60,6,3,0,0.0,0.0
2025-10-01,00-06,4,60,6,3,0,0.0,0.0
2025-10-01,00-06,5,60,6,3,0,0.0,0.0
2025-10-01,00-06,6,60,6,3,0,0.0,0.0
2025-10-01,07-12,7,60,6,3,0,0.0,0.0
2025-10-01,07-12,8,60,6,3,0,0.0,0.0
2025-10-01,07-12,9,60,6,3,1,0.16666666666666666,0.016666666666666666
2025-10-01,07-12,10,60,6,3,0,0.0,0.0
2025-10-01,07-12,11,60,6,3,1,0.16666666666666666,0.016666666666666666
2025-10-01,07-12,12,60,6,3,0,0.0,0.0
2025-10-01,13-17,13,60,6,3,0,0.0,0.0
2025-10-01,13-17,14,60,6,3,0,0.0,0.0
2025-10-01,13-17,15,60,6,3,0,0.0,0.0
2025-10-01,13-17,16,60,6,3,0,0.0,0.0
2025-10-01,13-17,17,60,6,3,0,0.0,0.0
2025-10-01,18-23,18,60,6,3,0,0.0,0.0
2025-10-01,18-23,19,60,6,3,0,0.0,0.0
2025-10-01,18-23,20,60,6,3,0,0.0,0.0
2025-10-01,18-23,21,60,6,3,0,0.0,0.0
2025-10-01,18-23,22,60,6,3,0,0.0,0.0
2025-10-01,18-23,23,60,6,3,0,0.0,0.0
2025-10-02,00-06,1,60,6,3,0,0.0,0.0
2025-10-02,00-06,2,60,6,3,0,0.0,0.0
2025-10-02,00-06,3,60,6,3,0,0.0,0.0
2025-10-02,00-06,4,60,6,3,0,0.0,0.0
2025-10-02,00-06,5,60,6,3,0,0.0,0.0
2025-10-02,00-06,6,60,6,3,0,0.0,0.0
2025-10-02,07-12,7,60,6,3,0,0.0,0.0
2025-10-02,07-12,8,60,6,3,1,0.16666666666666666,0.016666666666666666
2025-10-02,07-12,9,60,6,3,0,0.0,0.0
2025-10-02,07-12,10,60,6,3,0,0.0,0.0
2025-10-02,07-12,11,60,6,3,0,0.0,0.0
2025-10-02,07-12,12,60,6,3,0,0.0,0.0
2025-10-02,13-17,13,60,6,3,0,0.0,0.0
2025-10-02,13-17,14,60,6,3,0,0.0,0.0
2025-10-02,13-17,15,52,4,3,2,0.5,0.038461538461538464
2025-10-02,13-17,16,60,6,3,1,0.16666666666666666,0.016666666666666666
2025-10-02,13-17,17,60,6,3,0,0.0,0.0
2025-10-02,18-23,18,60,6,3,0,0.0,0.0
2025-10-02,18-23,19,60,6,3,0,0.0,0.0
2025-10-02,18-23,20,60,6,3,0,0.0,0.0
2025-10-02,18-23,21,60,6,3,0,0.0,0.0
2025-10-02,18-23,22,60,6,3,0,0.0,0.0
2025-10-02,18-23,23,60,6,3,0,0.0,0.0
2025-10-03,00-06,1,60,6,3,0,0.0,0.0
2025-10-03,00-06,2,60,6,3,0,0.0,0.0
2025-10-03,00-06,3,60,6,3,0,0.0,0.0
2025-10-03,00-06,4,60,6,3,0,0.0,0.0
2025-10-03,00-06,5,60,6,3,0,0.0,0.0
2025-10-03,00-06,6,60,6,3,0,0.0,0.0
2025-10-03,07-12,7,60,6,3,0,0.0,0.0
2025-10-03,07-12,8,60,6,3,0,0.0,0.0
2025-10-03,07-12,9,60,6,3,0,0.0,0.0
2025-10-03,07-12,10,60,6,3,1,0.16666666666666666,0.016666666666666666
2025-10-03,07-12,11,60,6,3,0,0.0,0.0
2025-10-03,07-12,12,60,6,3,0,0.0,0.0
2025-10-03,13-17,13,60,6,3,0,0.0,0.0
2025-10-03,13-17,14,60,6,3,0,0.0,0.0
2025-10-03,13-17,15,60,6,3,0,0.0,0.0
2025-10-03,13-17,16,60,6,3,0,0.0,0.0
2025-10-03,13-17,17,60,6,3,0,0.0,0.0
2025-10-03,18-23,18,60,6,3,1,0.16666666666666666,0.016666666666666666
2025-10-03,18-23,19,60,6,3,0,0.0,0.0
2025-10-03,18-23,20,60,6,3,0,0.0,0.0
2025-10-03,18-23,21,60,6,3,0,0.0,0.0
2025-10-03,18-23,22,60,6,3,0,0.0,0.0
2025-10-03,18-23,23,60,6,3,0,0.0,0.0
2025-10-06,00-06,1,60,6,3,0,0.0,0.0
2025-10-06,00-06,2,60,6,3,0,0.0,0.0
2025-10-06,00-06,3,60,6,3,0,0.0,0.0
2025-10-06,00-06,4,60,6,3,0,0.0,0.0
2025-10-06,00-06,5,60,6,3,0,0.0,0.0
2025-10-06,00-06,6,60,6,3,0,0.0,0.0
2025-10-06,07-12,7,60,6,3,0,0.0,0.0
2025-10-06,07-12,8,60,6,3,0,0.0,0.0
2025-10-06,07-12,9,60,6,3,0,0.0,0.0
2025-10-06,07-12,10,60,6,3,0,0.0,0.0
2025-10-06,07-12,11,60,6,3,0,0.0,0.0
2025-10-06,07-12,12,60,6,3,1,0.16666666666666666,0.016666666666666666
2025-10-06,13-17,13,60,6,3,0,0.0,0.0
2025-10-06,13-17,14,60,6,3,1,0.16666666666666666,0.016666666666666666
2025-10-06,13-17,15,60,6,3,0,0.0,0.0
2025-10-06,13-17,16,60,6,3,0,0.0,0.0
2025-10-06,13-17,17,60,6,3,0,0.0,0.0
2025-10-06,18-23,18,60,6,3,0,0.0,0.0
2025-10-06,18-23,19,60,6,3,0,0.0,0.0
2025-10-06,18-23,20,60,6,3,0,0.0,0.0
2025-10-06,18-23,21,60,6,3,0,0.0,0.0
2025-10-06,18-23,22,60,6,3,0,0.0,0.0
2025-10-06,18-23,23,60,6,3,0,0.0,0.0
2025-10-07,00-06,1,60,6,3,0,0.0,0.0
2025-10-07,00-06,2,60,6,3,0,0.0,0.0
2025-10-07,00-06,3,60,6,3,0,0.0,0.0
2025-10-07,00-06,4,60,6,3,0,0.0,0.0
2025-10-07,00-06,5,60,6,3,0,0.0,0.0
2025-10-07,00-06,6,60,6,3,0,0.0,0.0
2025-10-07,07-12,7,60,6,3,0,0.0,0.0
2025-10-07,07-12,8,60,6,3,2,0.3333333333333333,0.03333333333333333
2025-10-07,07-12,9,60,6,3,1,0.16666666666666666,0.016666666666666666
2025-10-07,07-12,10,60,6,3,0,0.0,0.0
2025-10-07,07-12,11,60,6,3,0,0.0,0.0
2025-10-07,07-12,12,60,6,3,0,0.0,0.0
2025-10-07,13-17,13,60,6,3,0,0.0,0.0
2025-10-07,13-17,14,60,6,3,0,0.0,0.0
2025-10-07,13-17,15,60,6,3,0,0.0,0.0
2025-10-07,13-17,16,60,6,3,0,0.0,0.0
2025-10-07,13-17,17,60,6,3,0,0.0,0.0
2025-10-07,18-23,18,60,6,3,0,0.0,0.0
2025-10-07,18-23,19,60,6,3,0,0.0,0.0
2025-10-07,18-23,20,60,6,3,0,0.0,0.0
2025-10-07,18-23,21,60,6,3,0,0.0,0.0
2025-10-07,18-23,22,60,6,3,0,0.0,0.0
2025-10-07,18-23,23,60,6,3,0,0.0,0.0
2025-10-08,00-06,1,60,6,3,0,0.0,0.0
2025-10-08,00-06,2,60,6,3,0,0.0,0.0
2025-10-08,00-06,3,60,6,3,0,0.0,0.0
2025-10-08,00-06,4,60,6,3,0,0.0,0.0
2025-10-08,00-06,5,60,6,3,0,0.0,0.0
2025-10-08,00-06,6,60,6,3,0,0.0,0.0
2025-10-08,07-12,7,60,6,3,0,0.0,0.0
2025-10-08,07-12,8,60,6,3,0,0.0,0.0
2025-10-08,07-12,9,60,6,3,0,0.0,0.0
2025-10-08,07-12,10,60,6,3,0,0.0,0.0
2025-10-08,07-12,11,60,6,3,0,0.0,0.0
2025-10-08,07-12,12,60,6,3,3,0.5,0.05
2025-10-08,13-17,13,60,6,3,0,0.0,0.0
2025-10-08,13-17,14,60,6,3,0,0.0,0.0
2025-10-08,13-17,15,60,6,3,0,0.0,0.0
2025-10-08,13-17,16,60,6,3,0,0.0,0.0
2025-10-08,13-17,17,60,6,3,0,0.0,0.0
2025-10-08,18-23,18,60,6,3,0,0.0,0.0
2025-10-08,18-23,19,60,6,3,0,0.0,0.0
2025-10-08,18-23,20,60,6,3,0,0.0,0.0
2025-10-08,18-23,21,60,6,3,0,0.0,0.0
2025-10-08,18-23,22,60,6,3,0,0.0,0.0
2025-10-08,18-23,23,60,6,3,0,0.0,0.0
2025-10-09,00-06,1,60,6,3,0,0.0,0.0
2025-10-09,00-06,2,60,6,3,0,0.0,0.0
2025-10-09,00-06,3,60,6,3,0,0.0,0.0
2025-10-09,00-06,4,60,6,3,0,0.0,0.0
2025-10-09,00-06,5,60,6,3,0,0.0,0.0
2025-10-09,00-06,6,60,6,3,0,0.0,0.0
2025-10-09,07-12,7,60,6,3,0,0.0,0.0
2025-10-09,07-12,8,60,6,3,0,0.0,0.0
2025-10-09,07-12,9,60,6,3,0,0.0,0.0
2025-10-09,07-12,10,60,6,3,0,0.0,0.0
2025-10-09,07-12,11,60,6,3,0,0.0,0.0
2025-10-09,07-12,12,60,6,3,0,0.0,0.0
2025-10-09,13-17,13,60,6,3,0,0.0,0.0
2025-10-09,13-17,14,60,6,3,3,0.5,0.05
2025-10-09,13-17,15,60,6,3,0,0.0,0.0
2025-10-09,13-17,16,60,6,3,0,0.0,0.0
2025-10-09,13-17,17,60,6,3,0,0.0,0.0
2025-10-09,18-23,18,60,6,3,0,0.0,0.0
2025-10-09,18-23,19,60,6,3,0,0.0,0.0
2025-10-09,18-23,20,60,6,3,0,0.0,0.0
2025-10-09,18-23,21,60,6,3,0,0.0,0.0
2025-10-09,18-23,22,60,6,3,0,0.0,0.0
2025-10-09,18-23,23,60,6,3,0,0.0,0.0
2025-10-10,00-06,1,60,6,3,0,0.0,0.0
2025-10-10,00-06,2,60,6,3,0,0.0,0.0
2025-10-10,00-06,3,60,6,3,0,0.0,0.0
2025-10-10,00-06,4,60,6,3,0,0.0,0.0
2025-10-10,00-06,5,60,6,3,0,0.0,0.0
2025-10-10,00-06,6,60,6,3,0,0.0,0.0
2025-10-10,07-12,7,60,6,3,0,0.0,0.0
2025-10-10,07-12,8,60,6,3,0,0.0,0.0
2025-10-10,07-12,9,60,6,3,0,0.0,0.0
2025-10-10,07-12,10,60,6,3,0,0.0,0.0
2025-10-10,07-12,11,60,6,3,0,0.0,0.0
2025-10-10,07-12,12,60,6,3,0,0.0,0.0
2025-10-10,13-17,13,60,6,3,0,0.0,0.0
2025-10-10,13-17,14,60,6,3,0,0.0,0.0
2025-10-10,13-17,15,60,6,3,0,0.0,0.0
2025-10-10,13-17,16,60,6,3,0,0.0,0.0
2025-10-10,13-17,17,60,6,3,0,0.0,0.0
2025-10-10,18-23,18,60,6,3,0,0.0,0.0
2025-10-10,18-23,19,60,6,3,1,0.16666666666666666,0.016666666666666666
2025-10-10,18-23,20,60,6,3,0,0.0,0.0
2025-10-10,18-23,21,60,6,3,0,0.0,0.0
2025-10-10,18-23,22,60,6,3,0,0.0,0.0
2025-10-10,18-23,23,60,6,3,0,0.0,0.0
2025-10-13,00-06,1,60,6,3,0,0.0,0.0
2025-10-13,00-06,2,60,6,3,0,0.0,0.0
2025-10-13,00-06,3,60,6,3,0,0.0,0.0
2025-10-13,00-06,4,60,6,3,0,0.0,0.0
2025-10-13,00-06,5,60,6,3,0,0.0,0.0
2025-10-13,00-06,6,60,6,3,0,0.0,0.0
2025-10-13,07-12,7,60,6,3,0,0.0,0.0
2025-10-13,07-12,8,60,6,3,0,0.0,0.0
2025-10-13,07-12,9,60,6,3,0,0.0,0.0
2025-10-13,07-12,10,60,6,3,0,0.0,0.0
2025-10-13,07-12,11,60,6,3,0,0.0,0.0
2025-10-13,07-12,12,60,6,3,0,0.0,0.0
2025-10-13,13-17,13,60,6,3,0,0.0,0.0
2025-10-13,13-17,14,60,6,3,0,0.0,0.0
2025-10-13,13-17,15,60,6,3,1,0.16666666666666666,0.016666666666666666
2025-10-13,13-17,16,60,6,3,0,0.0,0.0
2025-10-13,13-17,17,60,6,3,0,0.0,0.0
2025-10-13,18-23,18,60,6,3,0,0.0,0.0
2025-10-13,18-23,19,60,6,3,0,0.0,0.0
2025-10-13,18-23,20,60,6,3,0,0.0,0.0
2025-10-13,18-23,21,60,6,3,0,0.0,0.0
2025-10-13,18-23,22,60,6,3,0,0.0,0.0
2025-10-13,18-23,23,60,6,3,0,0.0,0.0
2025-10-14,00-06,1,60,6,3,0,0.0,0.0
2025-10-14,00-06,2,60,6,3,0,0.0,0.0
2025-10-14,00-06,3,60,6,3,0,0.0,0.0
2025-10-14,00-06,4,60,6,3,0,0.0,0.0
2025-10-14,00-06,5,60,6,3,0,0.0,0.0
2025-10-14,00-06,6,60,6,3,0,0.0,0.0
2025-10-14,07-12,7,60,6,3,0,0.0,0.0
2025-10-14,07-12,8,60,6,3,0,0.0,0.0
2025-10-14,07-12,9,60,6,3,0,0.0,0.0
2025-10-14,07-12,10,60,6,3,2,0.3333333333333333,0.03333333333333333
2025-10-14,07-12,11,60,6,3,0,0.0,0.0
2025-10-14,07-12,12,60,6,3,0,0.0,0.0
2025-10-14,13-17,13,60,6,3,0,0.0,0.0
2025-10-14,13-17,14,60,6,3,0,0.0,0.0
2025-10-14,13-17,15,60,6,3,0,0.0,0.0
2025-10-14,13-17,16,60,6,3,0,0.0,0.0
2025-10-14,13-17,17,60,6,3,0,0.0,0.0
2025-10-14,18-23,18,60,6,3,0,0.0,0.0
2025-10-14,18-23,19,60,6,3,0,0.0,0.0
2025-10-14,18-23,20,60,6,3,0,0.0,0.0
2025-10-14,18-23,21,60,6,3,0,0.0,0.0
2025-10-14,18-23,22,60,6,3,0,0.0,0.0
2025-10-14,18-23,23,60,6,3,0,0.0,0.0
2025-10-15,00-06,1,60,6,3,0,0.0,0.0
2025-10-15,00-06,2,60,6,3,0,0.0,0.0
2025-10-15,00-06,3,60,6,3,0,0.0,0.0
2025-10-15,00-06,4,60,6,3,0,0.0,0.0
2025-10-15,00-06,5,60,6,3,0,0.0,0.0
2025-10-15,00-06,6,60,6,3,0,0.0,0.0
2025-10-15,07-12,7,60,6,3,0,0.0,0.0
2025-10-15,07-12,8,60,6,3,0,0.0,0.0
2025-10-15,07-12,9,60,6,3,1,0.16666666666666666,0.016666666666666666
2025-10-15,07-12,10,60,6,3,0,0.0,0.0
2025-10-15,07-12,11,60,6,3,0,0.0,0.0
2025-10-15,07-12,12,60,6,3,0,0.0,0.0
2025-10-15,13-17,13,60,6,3,0,0.0,0.0
2025-10-15,13-17,14,60,6,3,0,0.0,0.0
2025-10-15,13-17,15,60,6,3,0,0.0,0.0
2025-10-15,13-17,16,60,6,3,0,0.0,0.0
2025-10-15,13-17,17,60,6,3,0,0.0,0.0
2025-10-15,18-23,18,60,6,3,0,0.0,0.0
2025-10-15,18-23,19,60,6,3,0,0.0,0.0
2025-10-15,18-23,20,60,6,3,0,0.0,0.0
2025-10-15,18-23,21,60,6,3,0,0.0,0.0
2025-10-15,18-23,22,60,6,3,0,0.0,0.0
2025-10-15,18-23,23,60,6,3,0,0.0,0.0
2025-10-16,00-06,1,60,6,3,0,0.0,0.0
2025-10-16,00-06,2,60,6,3,0,0.0,0.0
2025-10-16,00-06,3,60,6,3,0,0.0,0.0
2025-10-16,00-06,4,60,6,3,0,0.0,0.0
2025-10-16,00-06,5,60,6,3,0,0.0,0.0
2025-10-16,00-06,6,60,6,3,0,0.0,0.0
2025-10-16,07-12,7,60,6,3,0,0.0,0.0
2025-10-16,07-12,8,60,6,3,0,0.0,0.0
2025-10-16,07-12,9,60,6,3,0,0.0,0.0
2025-10-16,07-12,10,60,6,3,0,0.0,0.0
2025-10-16,07-12,11,60,6,3,0,0.0,0.0
2025-10-16,07-12,12,60,6,3,0,0.0,0.0
2025-10-16,13-17,13,60,6,3,3,0.5,0.05
2025-10-16,13-17,14,60,6,3,0,0.0,0.0
2025-10-16,13-17,15,60,6,3,0,0.0,0.0
2025-10-16,13-17,16,60,6,3,0,0.0,0.0
2025-10-16,13-17,17,60,6,3,0,0.0,0.0
2025-10-16,18-23,18,60,6,3,0,0.0,0.0
2025-10-16,18-23,19,60,6,3,0,0.0,0.0
2025-10-16,18-23,20,60,6,3,0,0.0,0.0
2025-10-16,18-23,21,60,6,3,0,0.0,0.0
2025-10-16,18-23,22,60,6,3,0,0.0,0.0
2025-10-16,18-23,23,60,6,3,0,0.0,0.0
2025-10-17,00-06,1,60,6,3,0,0.0,0.0
2025-10-17,00-06,2,60,6,3,0,0.0,0.0
2025-10-17,00-06,3,60,6,3,0,0.0,0.0
2025-10-17,00-06,4,60,6,3,0,0.0,0.0
2025-10-17,00-06,5,60,6,3,0,0.0,0.0
2025-10-17,00-06,6,60,6,3,0,0.0,0.0
2025-10-17,07-12,7,60,6,3,0,0.0,0.0
2025-10-17,07-12,8,60,6,3,0,0.0,0.0
2025-10-17,07-12,9,60,6,3,0,0.0,0.0
2025-10-17,07-12,10,60,6,3,0,0.0,0.0
2025-10-17,07-12,11,60,6,3,0,0.0,0.0
2025-10-17,07-12,12,60,6,3,0,0.0,0.0
2025-10-17,13-17,13,60,6,3,1,0.16666666666666666,0.016666666666666666
2025-10-17,13-17,14,60,6,3,0,0.0,0.0
2025-10-17,13-17,15,60,6,3,1,0.16666666666666666,0.016666666666666666
2025-10-17,13-17,16,60,6,3,0,0.0,0.0
2025-10-17,13-17,17,60,6,3,0,0.0,0.0
2025-10-17,18-23,18,60,6,3,0,0.0,0.0
2025-10-17,18-23,19,60,6,3,0,0.0,0.0
2025-10-17,18-23,20,60,6,3,0,0.0,0.0
2025-10-17,18-23,21,60,6,3,0,0.0,0.0
2025-10-17,18-23,22,60,6,3,0,0.0,0.0
2025-10-17,18-23,23,60,6,3,0,0.0,0.0
2025-10-20,00-06,1,60,6,3,0,0.0,0.0
2025-10-20,00-06,2,60,6,3,0,0.0,0.0
2025-10-20,00-06,3,60,6,3,0,0.0,0.0
2025-10-20,00-06,4,60,6,3,0,0.0,0.0
2025-10-20,00-06,5,60,6,3,0,0.0,0.0
2025-10-20,00-06,6,60,6,3,0,0.0,0.0
2025-10-20,07-12,7,60,6,3,0,0.0,0.0
2025-10-20,07-12,8,60,6,3,0,0.0,0.0
2025-10-20,07-12,9,60,6,3,0,0.0,0.0
2025-10-20,07-12,10,60,6,3,0,0.0,0.0
2025-10-20,07-12,11,60,6,3,1,0.16666666666666666,0.016666666666666666
2025-10-20,07-12,12,60,6,3,0,0.0,0.0
2025-10-20,13-17,13,60,6,3,0,0.0,0.0
2025-10-20,13-17,14,60,6,3,0,0.0,0.0
2025-10-20,13-17,15,60,6,3,0,0.0,0.0
2025-10-20,13-17,16,60,6,3,0,0.0,0.0
2025-10-20,13-17,17,60,6,3,0,0.0,0.0
2025-10-20,18-23,18,60,6,3,0,0.0,0.0
2025-10-20,18-23,19,60,6,3,0,0.0,0.0
2025-10-20,18-23,20,60,6,3,0,0.0,0.0
2025-10-20,18-23,21,60,6,3,0,0.0,0.0
2025-10-20,18-23,22,60,6,3,0,0.0,0.0
2025-10-20,18-23,23,60,6,3,0,0.0,0.0
2025-10-21,00-06,1,60,6,3,0,0.0,0.0
2025-10-21,00-06,2,60,6,3,0,0.0,0.0
2025-10-21,00-06,3,60,6,3,0,0.0,0.0
2025-10-21,00-06,4,60,6,3,0,0.0,0.0
2025-10-21,00-06,5,60,6,3,0,0.0,0.0
2025-10-21,00-06,6,60,6,3,0,0.0,0.0
2025-10-21,07-12,7,60,6,3,0,0.0,0.0
2025-10-21,07-12,8,60,6,3,0,0.0,0.0
2025-10-21,07-12,9,60,6,3,0,0.0,0.0
2025-10-21,07-12,10,60,6,3,2,0.3333333333333333,0.03333333333333333
2025-10-21,07-12,11,60,6,3,0,0.0,0.0
2025-10-21,07-12,12,60,6,3,0,0.0,0.0
2025-10-21,13-17,13,60,6,3,1,0.16666666666666666,0.016666666666666666
2025-10-21,13-17,14,60,6,3,0,0.0,0.0
2025-10-21,13-17,15,60,6,3,0,0.0,0.0
2025-10-21,13-17,16,60,6,3,0,0.0,0.0
2025-10-21,13-17,17,60,6,3,0,0.0,0.0
2025-10-21,18-23,18,60,6,3,0,0.0,0.0
2025-10-21,18-23,19,60,6,3,0,0.0,0.0
2025-10-21,18-23,20,60,6,3,0,0.0,0.0
2025-10-21,18-23,21,60,6,3,0,0.0,0.0
2025-10-21,18-23,22,60,6,3,0,0.0,0.0
2025-10-21,18-23,23,60,6,3,0,0.0,0.0
2025-10-22,00-06,1,60,6,3,0,0.0,0.0
2025-10-22,00-06,2,60,6,3,0,0.0,0.0
2025-10-22,00-06,3,60,6,3,0,0.0,0.0
2025-10-22,00-06,4,60,6,3,0,0.0,0.0
2025-10-22,00-06,5,60,6,3,0,0.0,0.0
2025-10-22,00-06,6,60,6,3,0,0.0,0.0
2025-10-22,07-12,7,60,6,3,0,0.0,0.0
2025-10-22,07-12,8,60,6,3,0,0.0,0.0
2025-10-22,07-12,9,60,6,3,0,0.0,0.0
2025-10-22,07-12,10,60,6,3,1,0.16666666666666666,0.016666666666666666
2025-10-22,07-12,11,60,6,3,0,0.0,0.0
2025-10-22,07-12,12,60,6,3,0,0.0,0.0
2025-10-22,13-17,13,60,6,3,0,0.0,0.0
2025-10-22,13-17,14,60,6,3,0,0.0,0.0
2025-10-22,13-17,15,60,6,3,0,0.0,0.0
2025-10-22,13-17,16,60,6,3,0,0.0,0.0
2025-10-22,13-17,17,60,6,3,0,0.0,0.0
2025-10-22,18-23,18,60,6,3,0,0.0,0.0
2025-10-22,18-23,19,60,6,3,0,0.0,0.0
2025-10-22,18-23,20,60,6,3,0,0.0,0.0
2025-10-22,18-23,21,60,6,3,0,0.0,0.0
2025-10-22,18-23,22,60,6,3,0,0.0,0.0
2025-10-22,18-23,23,60,6,3,0,0.0,0.0
2025-10-23,00-06,1,60,6,3,0,0.0,0.0
2025-10-23,00-06,2,60,6,3,0,0.0,0.0
2025-10-23,00-06,3,60,6,3,0,0.0,0.0
2025-10-23,00-06,4,60,6,3,0,0.0,0.0
2025-10-23,00-06,5,60,6,3,0,0.0,0.0
2025-10-23,00-06,6,60,6,3,0,0.0,0.0
2025-10-23,07-12,7,60,6,3,0,0.0,0.0
2025-10-23,07-12,8,60,6,3,1,0.16666666666666666,0.016666666666666666
2025-10-23,07-12,9,60,6,3,0,0.0,0.0
2025-10-23,07-12,10,60,6,3,0,0.0,0.0
2025-10-23,07-12,11,60,6,3,0,0.0,0.0
2025-10-23,07-12,12,60,6,3,0,0.0,0.0
2025-10-23,13-17,13,60,6,3,0,0.0,0.0
2025-10-23,13-17,14,60,6,3,0,0.0,0.0
2025-10-23,13-17,15,60,6,3,0,0.0,0.0
2025-10-23,13-17,16,60,6,3,0,0.0,0.0
2025-10-23,13-17,17,60,6,3,0,0.0,0.0
2025-10-23,18-23,18,60,6,3,0,0.0,0.0
2025-10-23,18-23,19,60,6,3,0,0.0,0.0
2025-10-23,18-23,20,60,6,3,0,0.0,0.0
2025-10-23,18-23,21,60,6,3,0,0.0,0.0
2025-10-23,18-23,22,60,6,3,0,0.0,0.0
2025-10-23,18-23,23,60,6,3,0,0.0,0.0
2025-10-24,00-06,1,60,6,3,0,0.0,0.0
2025-10-24,00-06,2,60,6,3,0,0.0,0.0
2025-10-24,00-06,3,60,6,3,0,0.0,0.0
2025-10-24,00-06,4,60,6,3,0,0.0,0.0
2025-10-24,00-06,5,60,6,3,0,0.0,0.0
2025-10-24,00-06,6,60,6,3,0,0.0,0.0
2025-10-24,07-12,7,60,6,3,0,0.0,0.0
2025-10-24,07-12,8,60,6,3,0,0.0,0.0
2025-10-24,07-12,9,60,6,3,0,0.0,0.0
2025-10-24,07-12,10,60,6,3,0,0.0,0.0
2025-10-24,07-12,11,60,6,3,0,0.0,0.0
2025-10-24,07-12,12,60,6,3,0,0.0,0.0
2025-10-24,13-17,13,60,6,3,0,0.0,0.0
2025-10-24,13-17,14,60,6,3,0,0.0,0.0
2025-10-24,13-17,15,60,6,3,0,0.0,0.0
2025-10-24,13-17,16,60,6,3,0,0.0,0.0
2025-10-24,13-17,17,60,6,3,0,0.0,0.0
2025-10-24,18-23,18,60,6,3,0,0.0,0.0
2025-10-24,18-23,19,60,6,3,1,0.16666666666666666,0.016666666666666666
2025-10-24,18-23,20,60,6,3,0,0.0,0.0
2025-10-24,18-23,21,60,6,3,0,0.0,0.0
2025-10-24,18-23,22,60,6,3,0,0.0,0.0
2025-10-24,18-23,23,60,6,3,0,0.0,0.0
2025-10-27,00-06,1,60,6,3,0,0.0,0.0
2025-10-27,00-06,2,60,6,3,0,0.0,0.0
2025-10-27,00-06,3,60,6,3,0,0.0,0.0
2025-10-27,00-06,4,60,6,3,0,0.0,0.0
2025-10-27,00-06,5,60,6,3,0,0.0,0.0
2025-10-27,00-06,6,60,6,3,0,0.0,0.0
2025-10-27,07-12,7,60,6,3,0,0.0,0.0
2025-10-27,07-12,8,60,6,3,1,0.16666666666666666,0.016666666666666666
2025-10-27,07-12,9,60,6,3,0,0.0,0.0
2025-10-27,07-12,10,60,6,3,0,0.0,0.0
2025-10-27,07-12,11,60,6,3,0,0.0,0.0
2025-10-27,07-12,12,60,6,3,0,0.0,0.0
2025-10-27,13-17,13,60,6,3,0,0.0,0.0
2025-10-27,13-17,14,60,6,3,0,0.0,0.0
2025-10-27,13-17,15,60,6,3,0,0.0,0.0
2025-10-27,13-17,16,60,6,3,0,0.0,0.0
2025-10-27,13-17,17,60,6,3,0,0.0,0.0
2025-10-27,18-23,18,60,6,3,0,0.0,0.0
2025-10-27,18-23,19,60,6,3,0,0.0,0.0
2025-10-27,18-23,20,60,6,3,0,0.0,0.0
2025-10-27,18-23,21,60,6,3,0,0.0,0.0
2025-10-27,18-23,22,60,6,3,0,0.0,0.0
2025-10-27,18-23,23,60,6,3,0,0.0,0.0
2025-10-28,00-06,1,60,6,3,0,0.0,0.0
2025-10-28,00-06,2,60,6,3,0,0.0,0.0
2025-10-28,00-06,3,60,6,3,0,0.0,0.0
2025-10-28,00-06,4,60,6,3,0,0.0,0.0
2025-10-28,00-06,5,60,6,3,0,0.0,0.0
2025-10-28,00-06,6,60,6,3,0,0.0,0.0
2025-10-28,07-12,7,60,6,3,0,0.0,0.0
2025-10-28,07-12,8,60,6,3,0,0.0,0.0
2025-10-28,07-12,9,60,6,3,0,0.0,0.0
2025-10-28,07-12,10,60,6,3,0,0.0,0.0
2025-10-28,07-12,11,60,6,3,0,0.0,0.0
2025-10-28,07-12,12,60,6,3,1,0.16666666666666666,0.016666666666666666
2025-10-28,13-17,13,60,6,3,0,0.0,0.0
2025-10-28,13-17,14,60,6,3,0,0.0,0.0
2025-10-28,13-17,15,60,6,3,0,0.0,0.0
2025-10-28,13-17,16,60,6,3,0,0.0,0.0
2025-10-28,13-17,17,60,6,3,0,0.0,0.0
2025-10-28,18-23,18,60,6,3,0,0.0,0.0
2025-10-28,18-23,19,60,6,3,0,0.0,0.0
2025-10-28,18-23,20,60,6,3,0,0.0,0.0
2025-10-28,18-23,21,60,6,3,0,0.0,0.0
2025-10-28,18-23,22,60,6,3,0,0.0,0.0
2025-10-28,18-23,23,60,6,3,0,0.0,0.0
2025-10-29,00-06,1,60,6,3,0,0.0,0.0
2025-10-29,00-06,2,60,6,3,0,0.0,0.0
2025-10-29,00-06,3,60,6,3,0,0.0,0.0
2025-10-29,00-06,4,60,6,3,0,0.0,0.0
2025-10-29,00-06,5,60,6,3,0,0.0,0.0
2025-10-29,00-06,6,60,6,3,0,0.0,0.0
2025-10-29,07-12,7,60,6,3,0,0.0,0.0
2025-10-29,07-12,8,60,6,3,0,0.0,0.0
2025-10-29,07-12,9,60,6,3,0,0.0,0.0
2025-10-29,07-12,10,60,6,3,0,0.0,0.0
2025-10-29,07-12,11,60,6,3,0,0.0,0.0
2025-10-29,07-12,12,60,6,3,0,0.0,0.0
2025-10-29,13-17,13,60,6,3,0,0.0,0.0
2025-10-29,13-17,14,60,6,3,0,0.0,0.0
2025-10-29,13-17,15,60,6,3,0,0.0,0.0
2025-10-29,13-17,16,60,6,3,0,0.0,0.0
2025-10-29,13-17,17,60,6,3,0,0.0,0.0
2025-10-29,18-23,18,60,6,3,0,0.0,0.0
2025-10-29,18-23,19,60,6,3,0,0.0,0.0
2025-10-29,18-23,20,60,6,3,0,0.0,0.0
2025-10-29,18-23,21,60,6,3,0,0.0,0.0
2025-10-29,18-23,22,60,6,3,0,0.0,0.0
2025-10-29,18-23,23,60,6,3,0,0.0,0.0
2025-10-30,00-06,1,60,6,3,0,0.0,0.0
2025-10-30,00-06,2,60,6,3,0,0.0,0.0
2025-10-30,00-06,3,60,6,3,0,0.0,0.0
2025-10-30,00-06,4,60,6,3,0,0.0,0.0
2025-10-30,00-06,5,60,6,3,0,0.0,0.0
2025-10-30,00-06,6,60,6,3,0,0.0,0.0
2025-10-30,07-12,7,60,6,3,0,0.0,0.0
2025-10-30,07-12,8,60,6,3,0,0.0,0.0
2025-10-30,07-12,9,60,6,3,1,0.16666666666666666,0.016666666666666666
2025-10-30,07-12,10,60,6,3,0,0.0,0.0
2025-10-30,07-12,11,60,6,3,0,0.0,0.0
2025-10-30,07-12,12,60,6,3,0,0.0,0.0
2025-10-30,13-17,13,60,6,3,0,0.0,0.0
2025-10-30,13-17,14,60,6,3,0,0.0,0.0
2025-10-30,13-17,15,60,6,3,0,0.0,0.0
2025-10-30,13-17,16,60,6,3,0,0.0,0.0
2025-10-30,13-17,17,60,6,3,0,0.0,0.0
2025-10-30,18-23,18,60,6,3,0,0.0,0.0
2025-10-30,18-23,19,60,6,3,0,0.0,0.0
2025-10-30,18-23,20,60,6,3,0,0.0,0.0
2025-10-30,18-23,21,60,6,3,0,0.0,0.0
2025-10-30,18-23,22,60,6,3,0,0.0,0.0
2025-10-30,18-23,23,60,6,3,0,0.0,0.0
2025-10-31,00-06,1,60,6,3,0,0.0,0.0
2025-10-31,00-06,2,60,6,3,0,0.0,0.0
2025-10-31,00-06,3,60,6,3,0,0.0,0.0
2025-10-31,00-06,4,60,6,3,0,0.0,0.0
2025-10-31,00-06,5,60,6,3,0,0.0,0.0
2025-10-31,00-06,6,60,6,3,0,0.0,0.0
2025-10-31,07-12,7,60,6,3,0,0.0,0.0
2025-10-31,07-12,8,60,6,3,0,0.0,0.0
2025-10-31,07-12,9,60,6,3,0,0.0,0.0
2025-10-31,07-12,10,60,6,3,0,0.0,0.0
2025-10-31,07-12,11,60,6,3,0,0.0,0.0
2025-10-31,07-12,12,60,6,3,0,0.0,0.0
2025-10-31,13-17,13,60,6,3,0,0.0,0.0
2025-10-31,13-17,14,60,6,3,0,0.0,0.0
2025-10-31,13-17,15,60,6,3,0,0.0,0.0
2025-10-31,13-17,16,60,6,3,0,0.0,0.0
2025-10-31,13-17,17,60,6,3,0,0.0,0.0
2025-10-31,18-23,18,60,6,3,0,0.0,0.0
2025-10-31,18-23,19,60,6,3,0,0.0,0.0
2025-10-31,18-23,20,60,6,3,0,0.0,0.0
2025-10-31,18-23,21,60,6,3,0,0.0,0.0
2025-10-31,18-23,22,60,6,3,0,0.0,0.0
2025-10-31,18-23,23,60,6,3,0,0.0,0.0
2025-11-03,00-06,2,60,6,3,0,0.0,0.0
2025-11-03,00-06,3,60,6,3,0,0.0,0.0
2025-11-03,00-06,4,60,6,3,0,0.0,0.0
2025-11-03,00-06,5,60,6,3,0,0.0,0.0
2025-11-03,00-06,6,60,6,3,0,0.0,0.0
2025-11-03,07-12,7,60,6,3,0,0.0,0.0
2025-11-03,07-12,8,60,6,3,0,0.0,0.0
2025-11-03,07-12,9,60,6,3,0,0.0,0.0
2025-11-03,07-12,10,60,6,3,0,0.0,0.0
2025-11-03,07-12,11,60,6,3,0,0.0,0.0
2025-11-03,07-12,12,60,6,3,0,0.0,0.0
2025-11-03,13-17,13,60,6,3,0,0.0,0.0
2025-11-03,13-17,14,60,6,3,0,0.0,0.0
2025-11-03,13-17,15,60,6,3,0,0.0,0.0
2025-11-03,13-17,16,60,6,3,0,0.0,0.0
2025-11-03,13-17,17,60,6,3,0,0.0,0.0
2025-11-03,18-23,18,60,6,3,1,0.16666666666666666,0.016666666666666666
2025-11-03,18-23,19,60,6,3,0,0.0,0.0
2025-11-03,18-23,20,60,6,3,0,0.0,0.0
2025-11-03,18-23,21,60,6,3,0,0.0,0.0
2025-11-03,18-23,22,60,6,3,0,0.0,0.0
2025-11-03,18-23,23,60,6,3,0,0.0,0.0
2025-11-04,00-06,0,60,6,3,0,0.0,0.0
2025-11-04,00-06,2,60,6,3,0,0.0,0.0
2025-11-04,00-06,3,60,6,3,0,0.0,0.0
2025-11-04,00-06,4,60,6,3,0,0.0,0.0
2025-11-04,00-06,5,60,6,3,0,0.0,0.0
2025-11-04,00-06,6,60,6,3,0,0.0,0.0
2025-11-04,07-12,7,60,6,3,0,0.0,0.0
2025-11-04,07-12,8,60,6,3,0,0.0,0.0
2025-11-04,07-12,9,60,6,3,0,0.0,0.0
2025-11-04,07-12,10,60,6,3,1,0.16666666666666666,0.016666666666666666
2025-11-04,07-12,11,60,6,3,0,0.0,0.0
2025-11-04,07-12,12,60,6,3,0,0.0,0.0
2025-11-04,13-17,13,60,6,3,0,0.0,0.0
2025-11-04,13-17,14,60,6,3,0,0.0,0.0
2025-11-04,13-17,15,60,6,3,0,0.0,0.0
2025-11-04,13-17,16,60,6,3,0,0.0,0.0
2025-11-04,13-17,17,60,6,3,0,0.0,0.0
2025-11-04,18-23,18,60,6,3,0,0.0,0.0
2025-11-04,18-23,19,60,6,3,0,0.0,0.0
2025-11-04,18-23,20,60,6,3,0,0.0,0.0
2025-11-04,18-23,21,60,6,3,0,0.0,0.0
2025-11-04,18-23,22,60,6,3,0,0.0,0.0
2025-11-04,18-23,23,60,6,3,0,0.0,0.0
2025-11-05,00-06,0,60,6,3,0,0.0,0.0
2025-11-05,00-06,2,60,6,3,0,0.0,0.0
2025-11-05,00-06,3,60,6,3,0,0.0,0.0
2025-11-05,00-06,4,60,6,3,0,0.0,0.0
2025-11-05,00-06,5,60,6,3,0,0.0,0.0
2025-11-05,00-06,6,60,6,3,0,0.0,0.0
2025-11-05,07-12,7,60,6,3,0,0.0,0.0
2025-11-05,07-12,8,60,6,3,0,0.0,0.0
2025-11-05,07-12,9,60,6,3,1,0.16666666666666666,0.016666666666666666
2025-11-05,07-12,10,60,6,3,0,0.0,0.0
2025-11-05,07-12,11,60,6,3,0,0.0,0.0
2025-11-05,07-12,12,60,6,3,0,0.0,0.0
2025-11-05,13-17,13,60,6,3,0,0.0,0.0
2025-11-05,13-17,14,60,6,3,0,0.0,0.0
2025-11-05,13-17,15,60,6,3,0,0.0,0.0
2025-11-05,13-17,16,60,6,3,0,0.0,0.0
2025-11-05,13-17,17,60,6,3,0,0.0,0.0
2025-11-05,18-23,18,60,6,3,0,0.0,0.0
2025-11-05,18-23,19,60,6,3,0,0.0,0.0
2025-11-05,18-23,20,60,6,3,0,0.0,0.0
2025-11-05,18-23,21,60,6,3,0,0.0,0.0
2025-11-05,18-23,22,60,6,3,0,0.0,0.0
2025-11-05,18-23,23,60,6,3,0,0.0,0.0
2025-11-06,00-06,0,60,6,3,0,0.0,0.0
2025-11-06,00-06,2,60,6,3,0,0.0,0.0
2025-11-06,00-06,3,60,6,3,0,0.0,0.0
2025-11-06,00-06,4,60,6,3,0,0.0,0.0
2025-11-06,00-06,5,60,6,3,0,0.0,0.0
2025-11-06,00-06,6,60,6,3,0,0.0,0.0
2025-11-06,07-12,7,60,6,3,0,0.0,0.0
2025-11-06,07-12,8,60,6,3,0,0.0,0.0
2025-11-06,07-12,9,60,6,3,0,0.0,0.0
2025-11-06,07-12,10,60,6,3,0,0.0,0.0
2025-11-06,07-12,11,60,6,3,0,0.0,0.0
2025-11-06,07-12,12,60,6,3,1,0.16666666666666666,0.016666666666666666
2025-11-06,13-17,13,60,6,3,0,0.0,0.0
2025-11-06,13-17,14,60,6,3,0,0.0,0.0
2025-11-06,13-17,15,60,6,3,0,0.0,0.0
2025-11-06,13-17,16,60,6,3,0,0.0,0.0
2025-11-06,13-17,17,60,6,3,0,0.0,0.0
2025-11-06,18-23,18,60,6,3,0,0.0,0.0
2025-11-06,18-23,19,60,6,3,0,0.0,0.0
2025-11-06,18-23,20,60,6,3,0,0.0,0.0
2025-11-06,18-23,21,60,6,3,0,0.0,0.0
2025-11-06,18-23,22,60,6,3,0,0.0,0.0
2025-11-06,18-23,23,60,6,3,0,0.0,0.0
2025-11-07,00-06,0,60,6,3,0,0.0,0.0
2025-11-07,00-06,2,60,6,3,0,0.0,0.0
2025-11-07,00-06,3,60,6,3,0,0.0,0.0
2025-11-07,00-06,4,60,6,3,0,0.0,0.0
2025-11-07,00-06,5,60,6,3,0,0.0,0.0
2025-11-07,00-06,6,60,6,3,0,0.0,0.0
2025-11-07,07-12,7,60,6,3,0,0.0,0.0
2025-11-07,07-12,8,60,6,3,0,0.0,0.0
2025-11-07,07-12,9,60,6,3,0,0.0,0.0
2025-11-07,07-12,10,60,6,3,0,0.0,0.0
2025-11-07,07-12,11,60,6,3,1,0.16666666666666666,0.016666666666666666
2025-11-07,07-12,12,60,6,3,0,0.0,0.0
2025-11-07,13-17,13,60,6,3,0,0.0,0.0
2025-11-07,13-17,14,60,6,3,0,0.0,0.0
2025-11-07,13-17,15,60,6,3,0,0.0,0.0
2025-11-07,13-17,16,60,6,3,0,0.0,0.0
2025-11-07,13-17,17,60,6,3,0,0.0,0.0
2025-11-07,18-23,18,60,6,3,0,0.0,0.0
2025-11-07,18-23,19,60,6,3,0,0.0,0.0
2025-11-07,18-23,20,60,6,3,0,0.0,0.0
2025-11-07,18-23,21,60,6,3,0,0.0,0.0
2025-11-07,18-23,22,60,6,3,0,0.0,0.0
2025-11-07,18-23,23,60,6,3,0,0.0,0.0
2025-11-08,00-06,0,60,6,3,0,0.0,0.0
2025-11-10,00-06,2,60,6,3,0,0.0,0.0
2025-11-10,00-06,3,60,6,3,0,0.0,0.0
2025-11-10,00-06,4,60,6,3,0,0.0,0.0
2025-11-10,00-06,5,60,6,3,0,0.0,0.0
2025-11-10,00-06,6,60,6,3,0,0.0,0.0
2025-11-10,07-12,7,60,6,3,0,0.0,0.0
2025-11-10,07-12,8,60,6,3,0,0.0,0.0
2025-11-10,07-12,9,60,6,3,0,0.0,0.0
2025-11-10,07-12,10,60,6,3,1,0.16666666666666666,0.016666666666666666
2025-11-10,07-12,11,60,6,3,2,0.3333333333333333,0.03333333333333333
2025-11-10,07-12,12,60,6,3,0,0.0,0.0
2025-11-10,13-17,13,60,6,3,0,0.0,0.0
2025-11-10,13-17,14,60,6,3,0,0.0,0.0
2025-11-10,13-17,15,60,6,3,0,0.0,0.0
2025-11-10,13-17,16,60,6,3,0,0.0,0.0
2025-11-10,13-17,17,60,6,3,0,0.0,0.0
2025-11-10,18-23,18,60,6,3,0,0.0,0.0
2025-11-10,18-23,19,60,6,3,0,0.0,0.0
2025-11-10,18-23,20,60,6,3,0,0.0,0.0
2025-11-10,18-23,21,60,6,3,0,0.0,0.0
2025-11-10,18-23,22,60,6,3,0,0.0,0.0
2025-11-10,18-23,23,60,6,3,0,0.0,0.0
2025-11-11,00-06,0,60,6,3,0,0.0,0.0
2025-11-11,00-06,2,60,6,3,0,0.0,0.0
2025-11-11,00-06,3,60,6,3,0,0.0,0.0
2025-11-11,00-06,4,60,6,3,0,0.0,0.0
2025-11-11,00-06,5,60,6,3,0,0.0,0.0
2025-11-11,00-06,6,60,6,3,0,0.0,0.0
2025-11-11,07-12,7,60,6,3,0,0.0,0.0
2025-11-11,07-12,8,60,6,3,0,0.0,0.0
2025-11-11,07-12,9,60,6,3,0,0.0,0.0
2025-11-11,07-12,10,60,6,3,0,0.0,0.0
2025-11-11,07-12,11,60,6,3,0,0.0,0.0
2025-11-11,07-12,12,60,6,3,0,0.0,0.0
2025-11-11,13-17,13,60,6,3,0,0.0,0.0
2025-11-11,13-17,14,60,6,3,0,0.0,0.0
2025-11-11,13-17,15,60,6,3,0,0.0,0.0
2025-11-11,13-17,16,60,6,3,0,0.0,0.0
2025-11-11,13-17,17,60,6,3,0,0.0,0.0
2025-11-11,18-23,18,60,6,3,0,0.0,0.0
2025-11-11,18-23,19,60,6,3,0,0.0,0.0
2025-11-11,18-23,20,60,6,3,0,0.0,0.0
2025-11-11,18-23,21,60,6,3,0,0.0,0.0
2025-11-11,18-23,22,60,6,3,0,0.0,0.0
2025-11-11,18-23,23,60,6,3,0,0.0,0.0
2025-11-12,00-06,0,60,6,3,0,0.0,0.0
2025-11-12,00-06,2,60,6,3,0,0.0,0.0
2025-11-12,00-06,3,60,6,3,0,0.0,0.0
2025-11-12,00-06,4,60,6,3,0,0.0,0.0
2025-11-12,00-06,5,60,6,3,0,0.0,0.0
2025-11-12,00-06,6,60,6,3,0,0.0,0.0
2025-11-12,07-12,7,60,6,3,0,0.0,0.0
2025-11-12,07-12,8,60,6,3,0,0.0,0.0
2025-11-12,07-12,9,60,6,3,0,0.0,0.0
2025-11-12,07-12,10,60,6,3,1,0.16666666666666666,0.016666666666666666
2025-11-12,07-12,11,60,6,3,0,0.0,0.0
2025-11-12,07-12,12,60,6,3,0,0.0,0.0
2025-11-12,13-17,13,60,6,3,0,0.0,0.0
2025-11-12,13-17,14,60,6,3,0,0.0,0.0
2025-11-12,13-17,15,60,6,3,0,0.0,0.0
2025-11-12,13-17,16,60,6,3,0,0.0,0.0
2025-11-12,13-17,17,60,6,3,0,0.0,0.0
2025-11-12,18-23,18,60,6,3,0,0.0,0.0
2025-11-12,18-23,19,60,6,3,0,0.0,0.0
2025-11-12,18-23,20,60,6,3,0,0.0,0.0
2025-11-12,18-23,21,60,6,3,0,0.0,0.0
2025-11-12,18-23,22,60,6,3,0,0.0,0.0
2025-11-12,18-23,23,60,6,3,0,0.0,0.0
2025-11-13,00-06,0,60,6,3,0,0.0,0.0
2025-11-13,00-06,2,60,6,3,0,0.0,0.0
2025-11-13,00-06,3,60,6,3,0,0.0,0.0
2025-11-13,00-06,4,60,6,3,0,0.0,0.0
2025-11-13,00-06,5,60,6,3,0,0.0,0.0
2025-11-13,00-06,6,60,6,3,0,0.0,0.0
2025-11-13,07-12,7,60,6,3,0,0.0,0.0
2025-11-13,07-12,8,60,6,3,0,0.0,0.0
2025-11-13,07-12,9,60,6,3,0,0.0,0.0
2025-11-13,07-12,10,60,6,3,0,0.0,0.0
2025-11-13,07-12,11,60,6,3,0,0.0,0.0
2025-11-13,07-12,12,60,6,3,0,0.0,0.0
2025-11-13,13-17,13,60,6,3,0,0.0,0.0
2025-11-13,13-17,14,60,6,3,0,0.0,0.0
2025-11-13,13-17,15,60,6,3,0,0.0,0.0
2025-11-13,13-17,16,60,6,3,0,0.0,0.0
2025-11-13,13-17,17,60,6,3,0,0.0,0.0
2025-11-13,18-23,18,60,6,3,0,0.0,0.0
2025-11-13,18-23,19,60,6,3,0,0.0,0.0
2025-11-13,18-23,20,60,6,3,0,0.0,0.0
2025-11-13,18-23,21,60,6,3,0,0.0,0.0
2025-11-13,18-23,22,60,6,3,0,0.0,0.0
2025-11-13,18-23,23,60,6,3,0,0.0,0.0
2025-11-14,00-06,0,60,6,3,0,0.0,0.0
2025-11-14,00-06,2,60,6,3,0,0.0,0.0
2025-11-14,00-06,3,60,6,3,0,0.0,0.0
2025-11-14,00-06,4,60,6,3,0,0.0,0.0
2025-11-14,00-06,5,60,6,3,0,0.0,0.0
2025-11-14,00-06,6,60,6,3,0,0.0,0.0
2025-11-14,07-12,7,60,6,3,0,0.0,0.0
2025-11-14,07-12,8,60,6,3,0,0.0,0.0
2025-11-14,07-12,9,60,6,3,0,0.0,0.0
2025-11-14,07-12,10,60,6,3,0,0.0,0.0
2025-11-14,07-12,11,60,6,3,1,0.16666666666666666,0.016666666666666666
2025-11-14,07-12,12,60,6,3,0,0.0,0.0
2025-11-14,13-17,13,60,6,3,0,0.0,0.0
2025-11-14,13-17,14,60,6,3,0,0.0,0.0
2025-11-14,13-17,15,60,6,3,0,0.0,0.0
2025-11-14,13-17,16,60,6,3,0,0.0,0.0
2025-11-14,13-17,17,60,6,3,0,0.0,0.0
2025-11-14,18-23,18,60,6,3,0,0.0,0.0
2025-11-14,18-23,19,60,6,3,0,0.0,0.0
2025-11-14,18-23,20,60,6,3,0,0.0,0.0
2025-11-14,18-23,21,60,6,3,0,0.0,0.0
2025-11-14,18-23,22,60,6,3,0,0.0,0.0
2025-11-14,18-23,23,60,6,3,0,0.0,0.0
2025-11-15,00-06,0,60,6,3,0,0.0,0.0
2025-11-17,00-06,2,60,6,3,0,0.0,0.0
2025-11-17,00-06,3,60,6,3,0,0.0,0.0
2025-11-17,00-06,4,60,6,3,0,0.0,0.0
2025-11-17,00-06,5,60,6,3,0,0.0,0.0
2025-11-17,00-06,6,60,6,3,0,0.0,0.0
2025-11-17,07-12,7,60,6,3,0,0.0,0.0
2025-11-17,07-12,8,60,6,3,0,0.0,0.0
2025-11-17,07-12,9,60,6,3,1,0.16666666666666666,0.016666666666666666
2025-11-17,07-12,10,60,6,3,0,0.0,0.0
2025-11-17,07-12,11,60,6,3,0,0.0,0.0
2025-11-17,07-12,12,60,6,3,0,0.0,0.0
2025-11-17,13-17,13,60,6,3,0,0.0,0.0
2025-11-17,13-17,14,60,6,3,0,0.0,0.0
2025-11-17,13-17,15,60,6,3,0,0.0,0.0
2025-11-17,13-17,16,60,6,3,0,0.0,0.0
2025-11-17,13-17,17,60,6,3,0,0.0,0.0
2025-11-17,18-23,18,60,6,3,0,0.0,0.0
2025-11-17,18-23,19,60,6,3,0,0.0,0.0
2025-11-17,18-23,20,60,6,3,0,0.0,0.0
2025-11-17,18-23,21,60,6,3,0,0.0,0.0
2025-11-17,18-23,22,60,6,3,0,0.0,0.0
2025-11-17,18-23,23,60,6,3,0,0.0,0.0
2025-11-18,00-06,0,60,6,3,0,0.0,0.0
2025-11-18,00-06,2,60,6,3,0,0.0,0.0
2025-11-18,00-06,3,60,6,3,0,0.0,0.0
2025-11-18,00-06,4,60,6,3,0,0.0,0.0
2025-11-18,00-06,5,60,6,3,0,0.0,0.0
2025-11-18,00-06,6,60,6,3,0,0.0,0.0
2025-11-18,07-12,7,60,6,3,0,0.0,0.0
2025-11-18,07-12,8,60,6,3,1,0.16666666666666666,0.016666666666666666
2025-11-18,07-12,9,60,6,3,0,0.0,0.0
2025-11-18,07-12,10,60,6,3,0,0.0,0.0
2025-11-18,07-12,11,60,6,3,0,0.0,0.0
2025-11-18,07-12,12,60,6,3,0,0.0,0.0
2025-11-18,13-17,13,60,6,3,0,0.0,0.0
2025-11-18,13-17,14,60,6,3,0,0.0,0.0
2025-11-18,13-17,15,60,6,3,0,0.0,0.0
2025-11-18,13-17,16,60,6,3,0,0.0,0.0
2025-11-18,13-17,17,60,6,3,0,0.0,0.0
2025-11-18,18-23,18,60,6,3,0,0.0,0.0
2025-11-18,18-23,19,60,6,3,0,0.0,0.0
2025-11-18,18-23,20,60,6,3,0,0.0,0.0
2025-11-18,18-23,21,60,6,3,0,0.0,0.0
2025-11-18,18-23,22,60,6,3,0,0.0,0.0
2025-11-18,18-23,23,60,6,3,0,0.0,0.0
2025-11-19,00-06,0,60,6,3,0,0.0,0.0
2025-11-19,00-06,2,60,6,3,0,0.0,0.0
2025-11-19,00-06,3,60,6,3,0,0.0,0.0
2025-11-19,00-06,4,60,6,3,0,0.0,0.0
2025-11-19,00-06,5,60,6,3,0,0.0,0.0
2025-11-19,00-06,6,60,6,3,0,0.0,0.0
2025-11-19,07-12,7,60,6,3,0,0.0,0.0
2025-11-19,07-12,8,60,6,3,0,0.0,0.0
2025-11-19,07-12,9,60,6,3,0,0.0,0.0
2025-11-19,07-12,10,60,6,3,0,0.0,0.0
2025-11-19,07-12,11,60,6,3,0,0.0,0.0
2025-11-19,07-12,12,60,6,3,1,0.16666666666666666,0.016666666666666666
2025-11-19,13-17,13,60,6,3,0,0.0,0.0
2025-11-19,13-17,14,60,6,3,0,0.0,0.0
2025-11-19,13-17,15,60,6,3,0,0.0,0.0
2025-11-19,13-17,16,60,6,3,0,0.0,0.0
2025-11-19,13-17,17,60,6,3,0,0.0,0.0
2025-11-19,18-23,18,60,6,3,0,0.0,0.0
2025-11-19,18-23,19,60,6,3,0,0.0,0.0
2025-11-19,18-23,20,60,6,3,0,0.0,0.0
2025-11-19,18-23,21,60,6,3,0,0.0,0.0
2025-11-19,18-23,22,60,6,3,0,0.0,0.0
2025-11-19,18-23,23,60,6,3,0,0.0,0.0
2025-11-20,00-06,0,60,6,3,0,0.0,0.0
2025-11-20,00-06,2,60,6,3,0,0.0,0.0
2025-11-20,00-06,3,60,6,3,0,0.0,0.0
2025-11-20,00-06,4,60,6,3,0,0.0,0.0
2025-11-20,00-06,5,60,6,3,0,0.0,0.0
2025-11-20,00-06,6,60,6,3,0,0.0,0.0
2025-11-20,07-12,7,60,6,3,0,0.0,0.0
2025-11-20,07-12,8,60,6,3,1,0.16666666666666666,0.016666666666666666
2025-11-20,07-12,9,60,6,3,0,0.0,0.0
2025-11-20,07-12,10,60,6,3,0,0.0,0.0
2025-11-20,07-12,11,60,6,3,0,0.0,0.0
2025-11-20,07-12,12,60,6,3,0,0.0,0.0
2025-11-20,13-17,13,60,6,3,0,0.0,0.0
2025-11-20,13-17,14,60,6,3,0,0.0,0.0
2025-11-20,13-17,15,60,6,3,0,0.0,0.0
2025-11-20,13-17,16,60,6,3,0,0.0,0.0
2025-11-20,13-17,17,60,6,3,0,0.0,0.0
2025-11-20,18-23,18,60,6,3,0,0.0,0.0
2025-11-20,18-23,19,60,6,3,0,0.0,0.0
2025-11-20,18-23,20,60,6,3,0,0.0,0.0
2025-11-20,18-23,21,60,6,3,0,0.0,0.0
2025-11-20,18-23,22,60,6,3,0,0.0,0.0
2025-11-20,18-23,23,60,6,3,0,0.0,0.0
2025-11-21,00-06,0,60,6,3,0,0.0,0.0
2025-11-21,00-06,2,60,6,3,0,0.0,0.0
2025-11-21,00-06,3,60,6,3,0,0.0,0.0
2025-11-21,00-06,4,60,6,3,0,0.0,0.0
2025-11-21,00-06,5,60,6,3,0,0.0,0.0
2025-11-21,00-06,6,60,6,3,0,0.0,0.0
2025-11-21,07-12,7,60,6,3,0,0.0,0.0
2025-11-21,07-12,8,60,6,3,0,0.0,0.0
2025-11-21,07-12,9,60,6,3,0,0.0,0.0
2025-11-21,07-12,10,60,6,3,0,0.0,0.0
2025-11-21,07-12,11,60,6,3,0,0.0,0.0
2025-11-21,07-12,12,60,6,3,0,0.0,0.0
2025-11-21,13-17,13,60,6,3,1,0.16666666666666666,0.016666666666666666
2025-11-21,13-17,14,60,6,3,0,0.0,0.0
2025-11-21,13-17,15,60,6,3,0,0.0,0.0
2025-11-21,13-17,16,60,6,3,0,0.0,0.0
2025-11-21,13-17,17,60,6,3,0,0.0,0.0
2025-11-21,18-23,18,60,6,3,0,0.0,0.0
2025-11-21,18-23,19,60,6,3,0,0.0,0.0
2025-11-21,18-23,20,60,6,3,0,0.0,0.0
2025-11-21,18-23,21,60,6,3,0,0.0,0.0
2025-11-21,18-23,22,60,6,3,0,0.0,0.0
2025-11-21,18-23,23,60,6,3,0,0.0,0.0
2025-11-22,00-06,0,60,6,3,0,0.0,0.0
2025-11-24,00-06,2,60,6,3,0,0.0,0.0
2025-11-24,00-06,3,60,6,3,0,0.0,0.0
2025-11-24,00-06,4,60,6,3,0,0.0,0.0
2025-11-24,00-06,5,60,6,3,0,0.0,0.0
2025-11-24,00-06,6,60,6,3,0,0.0,0.0
2025-11-24,07-12,7,60,6,3,0,0.0,0.0
2025-11-24,07-12,8,60,6,3,0,0.0,0.0
2025-11-24,07-12,9,60,6,3,0,0.0,0.0
2025-11-24,07-12,10,60,6,3,0,0.0,0.0
2025-11-24,07-12,11,60,6,3,0,0.0,0.0
2025-11-24,07-12,12,60,6,3,0,0.0,0.0
2025-11-24,13-17,13,60,6,3,1,0.16666666666666666,0.016666666666666666
2025-11-24,13-17,14,60,6,3,0,0.0,0.0
2025-11-24,13-17,15,60,6,3,0,0.0,0.0
2025-11-24,13-17,16,60,6,3,0,0.0,0.0
2025-11-24,13-17,17,60,6,3,0,0.0,0.0
2025-11-24,18-23,18,60,6,3,0,0.0,0.0
2025-11-24,18-23,19,60,6,3,0,0.0,0.0
2025-11-24,18-23,20,60,6,3,0,0.0,0.0
2025-11-24,18-23,21,60,6,3,0,0.0,0.0
2025-11-24,18-23,22,60,6,3,0,0.0,0.0
2025-11-24,18-23,23,60,6,3,0,0.0,0.0
2025-11-25,00-06,0,60,6,3,0,0.0,0.0
2025-11-25,00-06,2,60,6,3,0,0.0,0.0
2025-11-25,00-06,3,60,6,3,0,0.0,0.0
2025-11-25,00-06,4,60,6,3,0,0.0,0.0
2025-11-25,00-06,5,60,6,3,0,0.0,0.0
2025-11-25,00-06,6,60,6,3,0,0.0,0.0
2025-11-25,07-12,7,60,6,3,0,0.0,0.0
2025-11-25,07-12,8,60,6,3,0,0.0,0.0
2025-11-25,07-12,9,60,6,3,0,0.0,0.0
2025-11-25,07-12,10,60,6,3,0,0.0,0.0
2025-11-25,07-12,11,60,6,3,0,0.0,0.0
2025-11-25,07-12,12,60,6,3,0,0.0,0.0
2025-11-25,13-17,13,60,6,3,0,0.0,0.0
2025-11-25,13-17,14,60,6,3,0,0.0,0.0
2025-11-25,13-17,15,60,6,3,0,0.0,0.0
2025-11-25,13-17,16,60,6,3,0,0.0,0.0
2025-11-25,13-17,17,60,6,3,0,0.0,0.0
2025-11-25,18-23,18,60,6,3,0,0.0,0.0
2025-11-25,18-23,19,60,6,3,0,0.0,0.0
2025-11-25,18-23,20,60,6,3,0,0.0,0.0
2025-11-25,18-23,21,60,6,3,0,0.0,0.0
2025-11-25,18-23,22,60,6,3,0,0.0,0.0
2025-11-25,18-23,23,60,6,3,0,0.0,0.0
2025-11-26,00-06,0,60,6,3,0,0.0,0.0
2025-11-26,00-06,2,60,6,3,0,0.0,0.0
2025-11-26,00-06,3,60,6,3,0,0.0,0.0
2025-11-26,00-06,4,60,6,3,0,0.0,0.0
2025-11-26,00-06,5,60,6,3,0,0.0,0.0
2025-11-26,00-06,6,60,6,3,0,0.0,0.0
2025-11-26,07-12,7,60,6,3,0,0.0,0.0
2025-11-26,07-12,8,60,6,3,0,0.0,0.0
2025-11-26,07-12,9,60,6,3,1,0.16666666666666666,0.016666666666666666
2025-11-26,07-12,10,60,6,3,0,0.0,0.0
2025-11-26,07-12,11,60,6,3,0,0.0,0.0
2025-11-26,07-12,12,60,6,3,0,0.0,0.0
2025-11-26,13-17,13,60,6,3,0,0.0,0.0
2025-11-26,13-17,14,60,6,3,0,0.0,0.0
2025-11-26,13-17,15,60,6,3,0,0.0,0.0
2025-11-26,13-17,16,60,6,3,0,0.0,0.0
2025-11-26,13-17,17,60,6,3,0,0.0,0.0
2025-11-26,18-23,18,60,6,3,0,0.0,0.0
2025-11-26,18-23,19,60,6,3,0,0.0,0.0
2025-11-26,18-23,20,60,6,3,0,0.0,0.0
2025-11-26,18-23,21,60,6,3,0,0.0,0.0
2025-11-26,18-23,22,60,6,3,0,0.0,0.0
2025-11-26,18-23,23,60,6,3,0,0.0,0.0
2025-11-27,00-06,0,60,6,3,0,0.0,0.0
2025-11-27,00-06,2,60,6,3,0,0.0,0.0
2025-11-27,00-06,3,60,6,3,0,0.0,0.0
2025-11-27,00-06,4,60,6,3,0,0.0,0.0
2025-11-27,00-06,5,60,6,3,0,0.0,0.0
2025-11-27,00-06,6,60,6,3,0,0.0,0.0
2025-11-27,07-12,7,60,6,3,0,0.0,0.0
2025-11-27,07-12,8,60,6,3,1,0.16666666666666666,0.016666666666666666
2025-11-27,07-12,9,60,6,3,0,0.0,0.0
2025-11-27,07-12,10,60,6,3,0,0.0,0.0
2025-11-27,07-12,11,60,6,3,1,0.16666666666666666,0.016666666666666666
2025-11-27,07-12,12,60,6,3,0,0.0,0.0
2025-11-27,13-17,13,60,6,3,0,0.0,0.0
2025-11-27,13-17,14,60,6,3,0,0.0,0.0
2025-11-27,13-17,15,60,6,3,0,0.0,0.0
2025-11-27,13-17,16,60,6,3,0,0.0,0.0
2025-11-27,13-17,17,60,6,3,0,0.0,0.0
2025-11-27,18-23,18,60,6,3,0,0.0,0.0
2025-11-27,18-23,19,60,6,3,0,0.0,0.0
2025-11-27,18-23,20,60,6,3,0,0.0,0.0
2025-11-27,18-23,21,60,6,3,0,0.0,0.0
2025-11-27,18-23,22,29,3,3,0,0.0,0.0
2025-11-28,00-06,2,60,6,3,0,0.0,0.0
2025-11-28,00-06,3,60,6,3,0,0.0,0.0
2025-11-28,00-06,4,60,6,3,0,0.0,0.0
2025-11-28,00-06,5,60,6,3,0,0.0,0.0
2025-11-28,00-06,6,59,6,3,0,0.0,0.0
2025-11-28,07-12,7,60,6,3,0,0.0,0.0
2025-11-28,07-12,8,60,6,3,0,0.0,0.0
2025-11-28,07-12,9,60,6,3,0,0.0,0.0
2025-11-28,07-12,10,60,6,3,0,0.0,0.0
2025-11-28,07-12,11,46,6,3,0,0.0,0.0
2025-11-28,07-12,12,60,6,3,0,0.0,0.0
2025-11-28,13-17,13,60,6,3,0,0.0,0.0
2025-11-28,13-17,14,60,6,3,0,0.0,0.0
2025-11-28,13-17,15,60,6,3,0,0.0,0.0
2025-11-28,13-17,16,60,6,3,0,0.0,0.0
2025-11-28,13-17,17,60,6,3,0,0.0,0.0
2025-11-28,18-23,18,60,6,3,0,0.0,0.0
2025-11-28,18-23,19,60,6,3,0,0.0,0.0
2025-11-28,18-23,20,60,6,3,0,0.0,0.0
2025-11-28,18-23,21,60,6,3,0,0.0,0.0
2025-11-28,18-23,22,44,6,3,0,0.0,0.0
2025-12-01,00-06,2,60,6,3,0,0.0,0.0
2025-12-01,00-06,3,60,6,3,0,0.0,0.0
2025-12-01,00-06,4,60,6,3,0,0.0,0.0
2025-12-01,00-06,5,60,6,3,0,0.0,0.0
2025-12-01,00-06,6,60,6,3,0,0.0,0.0
2025-12-01,07-12,7,60,6,3,0,0.0,0.0
2025-12-01,07-12,8,60,6,3,0,0.0,0.0
2025-12-01,07-12,9,60,6,3,0,0.0,0.0
2025-12-01,07-12,10,56,6,3,0,0.0,0.0
2025-12-01,07-12,11,60,6,3,0,0.0,0.0
2025-12-01,07-12,12,60,6,3,1,0.16666666666666666,0.016666666666666666
2025-12-01,13-17,13,60,6,3,0,0.0,0.0
2025-12-01,13-17,14,60,6,3,0,0.0,0.0
2025-12-01,13-17,15,60,6,3,0,0.0,0.0
2025-12-01,13-17,16,60,6,3,0,0.0,0.0
2025-12-01,13-17,17,60,6,3,0,0.0,0.0
2025-12-01,18-23,18,60,6,3,0,0.0,0.0
2025-12-01,18-23,19,60,6,3,0,0.0,0.0
2025-12-01,18-23,20,60,6,3,0,0.0,0.0
2025-12-01,18-23,21,60,6,3,0,0.0,0.0
2025-12-01,18-23,22,60,6,3,0,0.0,0.0
2025-12-01,18-23,23,60,6,3,0,0.0,0.0
2025-12-02,00-06,0,60,6,3,0,0.0,0.0
2025-12-02,00-06,2,60,6,3,0,0.0,0.0
2025-12-02,00-06,3,60,6,3,0,0.0,0.0
2025-12-02,00-06,4,60,6,3,0,0.0,0.0
2025-12-02,00-06,5,60,6,3,0,0.0,0.0
2025-12-02,00-06,6,60,6,3,0,0.0,0.0
2025-12-02,07-12,7,60,6,3,0,0.0,0.0
2025-12-02,07-12,8,60,6,3,0,0.0,0.0
2025-12-02,07-12,9,60,6,3,0,0.0,0.0
2025-12-02,07-12,10,60,6,3,0,0.0,0.0
2025-12-02,07-12,11,60,6,3,1,0.16666666666666666,0.016666666666666666
2025-12-02,07-12,12,60,6,3,0,0.0,0.0
2025-12-02,13-17,13,60,6,3,0,0.0,0.0
2025-12-02,13-17,14,60,6,3,0,0.0,0.0
2025-12-02,13-17,15,60,6,3,0,0.0,0.0
2025-12-02,13-17,16,60,6,3,0,0.0,0.0
2025-12-02,13-17,17,60,6,3,0,0.0,0.0
2025-12-02,18-23,18,60,6,3,0,0.0,0.0
2025-12-02,18-23,19,60,6,3,0,0.0,0.0
2025-12-02,18-23,20,60,6,3,0,0.0,0.0
2025-12-02,18-23,21,60,6,3,0,0.0,0.0
2025-12-02,18-23,22,60,6,3,0,0.0,0.0
2025-12-02,18-23,23,60,6,3,0,0.0,0.0
2025-12-03,00-06,0,60,6,3,0,0.0,0.0
2025-12-03,00-06,2,60,6,3,0,0.0,0.0
2025-12-03,00-06,3,60,6,3,0,0.0,0.0
2025-12-03,00-06,4,60,6,3,0,0.0,0.0
2025-12-03,00-06,5,60,6,3,0,0.0,0.0
2025-12-03,00-06,6,60,6,3,0,0.0,0.0
2025-12-03,07-12,7,60,6,3,0,0.0,0.0
2025-12-03,07-12,8,60,6,3,0,0.0,0.0
2025-12-03,07-12,9,60,6,3,1,0.16666666666666666,0.016666666666666666
2025-12-03,07-12,10,60,6,3,0,0.0,0.0
2025-12-03,07-12,11,60,6,3,0,0.0,0.0
2025-12-03,07-12,12,60,6,3,0,0.0,0.0
2025-12-03,13-17,13,60,6,3,0,0.0,0.0
2025-12-03,13-17,14,60,6,3,0,0.0,0.0
2025-12-03,13-17,15,60,6,3,0,0.0,0.0
2025-12-03,13-17,16,60,6,3,0,0.0,0.0
2025-12-03,13-17,17,60,6,3,0,0.0,0.0
2025-12-03,18-23,18,60,6,3,0,0.0,0.0
2025-12-03,18-23,19,60,6,3,0,0.0,0.0
2025-12-03,18-23,20,60,6,3,0,0.0,0.0
2025-12-03,18-23,21,60,6,3,0,0.0,0.0
2025-12-03,18-23,22,60,6,3,0,0.0,0.0
2025-12-03,18-23,23,60,6,3,0,0.0,0.0
2025-12-04,00-06,0,60,6,3,0,0.0,0.0
2025-12-04,00-06,2,60,6,3,0,0.0,0.0
2025-12-04,00-06,3,60,6,3,0,0.0,0.0
2025-12-04,00-06,4,60,6,3,0,0.0,0.0
2025-12-04,00-06,5,60,6,3,0,0.0,0.0
2025-12-04,00-06,6,60,6,3,0,0.0,0.0
2025-12-04,07-12,7,60,6,3,0,0.0,0.0
2025-12-04,07-12,8,60,6,3,0,0.0,0.0
2025-12-04,07-12,9,60,6,3,0,0.0,0.0
2025-12-04,07-12,10,60,6,3,0,0.0,0.0
2025-12-04,07-12,11,60,6,3,0,0.0,0.0
2025-12-04,07-12,12,60,6,3,0,0.0,0.0
2025-12-04,13-17,13,60,6,3,1,0.16666666666666666,0.016666666666666666
2025-12-04,13-17,14,60,6,3,0,0.0,0.0
2025-12-04,13-17,15,60,6,3,0,0.0,0.0
2025-12-04,13-17,16,60,6,3,0,0.0,0.0
2025-12-04,13-17,17,60,6,3,0,0.0,0.0
2025-12-04,18-23,18,60,6,3,0,0.0,0.0
2025-12-04,18-23,19,60,6,3,0,0.0,0.0
2025-12-04,18-23,20,60,6,3,0,0.0,0.0
2025-12-04,18-23,21,60,6,3,0,0.0,0.0
2025-12-04,18-23,22,60,6,3,0,0.0,0.0
2025-12-04,18-23,23,60,6,3,0,0.0,0.0
2025-12-05,00-06,0,60,6,3,0,0.0,0.0
2025-12-05,00-06,2,60,6,3,0,0.0,0.0
2025-12-05,00-06,3,60,6,3,0,0.0,0.0
2025-12-05,00-06,4,60,6,3,0,0.0,0.0
2025-12-05,00-06,5,60,6,3,0,0.0,0.0
2025-12-05,00-06,6,60,6,3,0,0.0,0.0
2025-12-05,07-12,7,60,6,3,0,0.0,0.0
2025-12-05,07-12,8,60,6,3,0,0.0,0.0
2025-12-05,07-12,9,60,6,3,0,0.0,0.0
2025-12-05,07-12,10,60,6,3,0,0.0,0.0
2025-12-05,07-12,11,60,6,3,0,0.0,0.0
2025-12-05,07-12,12,60,6,3,0,0.0,0.0
2025-12-05,13-17,13,60,6,3,0,0.0,0.0
2025-12-05,13-17,14,60,6,3,0,0.0,0.0
2025-12-05,13-17,15,60,6,3,1,0.16666666666666666,0.016666666666666666
2025-12-05,13-17,16,60,6,3,0,0.0,0.0
2025-12-05,13-17,17,60,6,3,0,0.0,0.0
2025-12-05,18-23,18,60,6,3,0,0.0,0.0
2025-12-05,18-23,19,60,6,3,0,0.0,0.0
2025-12-05,18-23,20,60,6,3,0,0.0,0.0
2025-12-05,18-23,21,60,6,3,0,0.0,0.0
2025-12-05,18-23,22,60,6,3,0,0.0,0.0
2025-12-05,18-23,23,60,6,3,0,0.0,0.0
2025-12-06,00-06,0,60,6,3,0,0.0,0.0
2025-12-08,00-06,2,28,2,2,0,0.0,0.0
2025-12-08,00-06,3,60,6,3,0,0.0,0.0
2025-12-08,00-06,4,60,6,3,0,0.0,0.0
2025-12-08,00-06,5,60,6,3,0,0.0,0.0
2025-12-08,00-06,6,60,6,3,0,0.0,0.0
2025-12-08,07-12,7,60,6,3,0,0.0,0.0
2025-12-08,07-12,8,60,6,3,0,0.0,0.0
2025-12-08,07-12,9,60,6,3,0,0.0,0.0
2025-12-08,07-12,10,60,6,3,0,0.0,0.0
2025-12-08,07-12,11,60,6,3,0,0.0,0.0
2025-12-08,07-12,12,60,6,3,0,0.0,0.0
2025-12-08,13-17,13,60,6,3,0,0.0,0.0
2025-12-08,13-17,14,60,6,3,0,0.0,0.0
2025-12-08,13-17,15,60,6,3,0,0.0,0.0
2025-12-08,13-17,16,60,6,3,1,0.16666666666666666,0.016666666666666666
2025-12-08,13-17,17,60,6,3,0,0.0,0.0
2025-12-08,18-23,18,60,6,3,0,0.0,0.0
2025-12-08,18-23,19,60,6,3,0,0.0,0.0
2025-12-08,18-23,20,60,6,3,0,0.0,0.0
2025-12-08,18-23,21,60,6,3,0,0.0,0.0
2025-12-08,18-23,22,60,6,3,0,0.0,0.0
2025-12-08,18-23,23,60,6,3,0,0.0,0.0
2025-12-09,00-06,0,60,6,3,0,0.0,0.0
2025-12-09,00-06,2,60,6,3,0,0.0,0.0
2025-12-09,00-06,3,60,6,3,0,0.0,0.0
2025-12-09,00-06,4,60,6,3,0,0.0,0.0
2025-12-09,00-06,5,60,6,3,0,0.0,0.0
2025-12-09,00-06,6,60,6,3,0,0.0,0.0
2025-12-09,07-12,7,60,6,3,0,0.0,0.0
2025-12-09,07-12,8,60,6,3,0,0.0,0.0
2025-12-09,07-12,9,60,6,3,0,0.0,0.0
2025-12-09,07-12,10,60,6,3,1,0.16666666666666666,0.016666666666666666
2025-12-09,07-12,11,60,6,3,0,0.0,0.0
2025-12-09,07-12,12,60,6,3,0,0.0,0.0
2025-12-09,13-17,13,60,6,3,0,0.0,0.0
2025-12-09,13-17,14,60,6,3,0,0.0,0.0
2025-12-09,13-17,15,60,6,3,0,0.0,0.0
2025-12-09,13-17,16,60,6,3,0,0.0,0.0
2025-12-09,13-17,17,60,6,3,0,0.0,0.0
2025-12-09,18-23,18,60,6,3,0,0.0,0.0
2025-12-09,18-23,19,60,6,3,0,0.0,0.0
2025-12-09,18-23,20,60,6,3,1,0.16666666666666666,0.016666666666666666
2025-12-09,18-23,21,60,6,3,0,0.0,0.0
2025-12-09,18-23,22,60,6,3,0,0.0,0.0
2025-12-09,18-23,23,60,6,3,0,0.0,0.0
2025-12-10,00-06,0,60,6,3,0,0.0,0.0
2025-12-10,00-06,2,60,6,3,0,0.0,0.0
2025-12-10,00-06,3,60,6,3,0,0.0,0.0
2025-12-10,00-06,4,60,6,3,0,0.0,0.0
2025-12-10,00-06,5,60,6,3,0,0.0,0.0
2025-12-10,00-06,6,60,6,3,0,0.0,0.0
2025-12-10,07-12,7,60,6,3,0,0.0,0.0
2025-12-10,07-12,8,60,6,3,0,0.0,0.0
2025-12-10,07-12,9,60,6,3,0,0.0,0.0
2025-12-10,07-12,10,60,6,3,0,0.0,0.0
2025-12-10,07-12,11,60,6,3,0,0.0,0.0
2025-12-10,07-12,12,60,6,3,1,0.16666666666666666,0.016666666666666666
2025-12-10,13-17,13,60,6,3,0,0.0,0.0
2025-12-10,13-17,14,60,6,3,1,0.16666666666666666,0.016666666666666666
2025-12-10,13-17,15,60,6,3,0,0.0,0.0
2025-12-10,13-17,16,60,6,3,2,0.3333333333333333,0.03333333333333333
2025-12-10,13-17,17,60,6,3,0,0.0,0.0
2025-12-10,18-23,18,60,6,3,0,0.0,0.0
2025-12-10,18-23,19,60,6,3,0,0.0,0.0
2025-12-10,18-23,20,60,6,3,0,0.0,0.0
2025-12-10,18-23,21,60,6,3,0,0.0,0.0
2025-12-10,18-23,22,60,6,3,0,0.0,0.0
2025-12-10,18-23,23,60,6,3,0,0.0,0.0
2025-12-11,00-06,0,60,6,3,0,0.0,0.0
2025-12-11,00-06,2,60,6,3,0,0.0,0.0
2025-12-11,00-06,3,60,6,3,0,0.0,0.0
2025-12-11,00-06,4,60,6,3,0,0.0,0.0
2025-12-11,00-06,5,60,6,3,0,0.0,0.0
2025-12-11,00-06,6,60,6,3,0,0.0,0.0
2025-12-11,07-12,7,60,6,3,0,0.0,0.0
2025-12-11,07-12,8,60,6,3,0,0.0,0.0
2025-12-11,07-12,9,60,6,3,1,0.16666666666666666,0.016666666666666666
2025-12-11,07-12,10,60,6,3,0,0.0,0.0
2025-12-11,07-12,11,60,6,3,0,0.0,0.0
2025-12-11,07-12,12,60,6,3,0,0.0,0.0
2025-12-11,13-17,13,60,6,3,1,0.16666666666666666,0.016666666666666666
2025-12-11,13-17,14,60,6,3,0,0.0,0.0
2025-12-11,13-17,15,60,6,3,0,0.0,0.0
2025-12-11,13-17,16,60,6,3,0,0.0,0.0
2025-12-11,13-17,17,60,6,3,0,0.0,0.0
2025-12-11,18-23,18,60,6,3,0,0.0,0.0
2025-12-11,18-23,19,60,6,3,0,0.0,0.0
2025-12-11,18-23,20,60,6,3,0,0.0,0.0
2025-12-11,18-23,21,60,6,3,0,0.0,0.0
2025-12-11,18-23,22,60,6,3,0,0.0,0.0
2025-12-11,18-23,23,60,6,3,0,0.0,0.0
2025-12-12,00-06,0,60,6,3,0,0.0,0.0
2025-12-12,00-06,2,60,6,3,0,0.0,0.0
2025-12-12,00-06,3,60,6,3,0,0.0,0.0
2025-12-12,00-06,4,60,6,3,0,0.0,0.0
2025-12-12,00-06,5,60,6,3,0,0.0,0.0
2025-12-12,00-06,6,60,6,3,0,0.0,0.0
2025-12-12,07-12,7,60,6,3,0,0.0,0.0
2025-12-12,07-12,8,60,6,3,0,0.0,0.0
2025-12-12,07-12,9,60,6,3,0,0.0,0.0
2025-12-12,07-12,10,60,6,3,0,0.0,0.0
2025-12-12,07-12,11,60,6,3,1,0.16666666666666666,0.016666666666666666
2025-12-12,07-12,12,60,6,3,0,0.0,0.0
2025-12-12,13-17,13,60,6,3,0,0.0,0.0
2025-12-12,13-17,14,60,6,3,0,0.0,0.0
2025-12-12,13-17,15,60,6,3,0,0.0,0.0
2025-12-12,13-17,16,60,6,3,0,0.0,0.0
2025-12-12,13-17,17,60,6,3,0,0.0,0.0
2025-12-12,18-23,18,60,6,3,0,0.0,0.0
2025-12-12,18-23,19,60,6,3,0,0.0,0.0
2025-12-12,18-23,20,60,6,3,0,0.0,0.0
2025-12-12,18-23,21,60,6,3,0,0.0,0.0
2025-12-12,18-23,22,60,6,3,0,0.0,0.0
2025-12-12,18-23,23,60,6,3,0,0.0,0.0
2025-12-13,00-06,0,60,6,3,0,0.0,0.0
2025-12-15,00-06,2,60,6,3,0,0.0,0.0
2025-12-15,00-06,3,60,6,3,0,0.0,0.0
2025-12-15,00-06,4,60,6,3,0,0.0,0.0
2025-12-15,00-06,5,60,6,3,0,0.0,0.0
2025-12-15,00-06,6,60,6,3,0,0.0,0.0
2025-12-15,07-12,7,60,6,3,0,0.0,0.0
2025-12-15,07-12,8,60,6,3,0,0.0,0.0
2025-12-15,07-12,9,60,6,3,0,0.0,0.0
2025-12-15,07-12,10,60,6,3,0,0.0,0.0
2025-12-15,07-12,11,60,6,3,0,0.0,0.0
2025-12-15,07-12,12,60,6,3,1,0.16666666666666666,0.016666666666666666
2025-12-15,13-17,13,60,6,3,0,0.0,0.0
2025-12-15,13-17,14,60,6,3,0,0.0,0.0
2025-12-15,13-17,15,60,6,3,1,0.16666666666666666,0.016666666666666666
2025-12-15,13-17,16,60,6,3,0,0.0,0.0
2025-12-15,13-17,17,60,6,3,0,0.0,0.0
2025-12-15,18-23,18,60,6,3,0,0.0,0.0
2025-12-15,18-23,19,60,6,3,0,0.0,0.0
2025-12-15,18-23,20,60,6,3,0,0.0,0.0
2025-12-15,18-23,21,60,6,3,0,0.0,0.0
2025-12-15,18-23,22,60,6,3,0,0.0,0.0
2025-12-15,18-23,23,60,6,3,0,0.0,0.0
2025-12-16,00-06,0,60,6,3,0,0.0,0.0
2025-12-16,00-06,2,60,6,3,0,0.0,0.0
2025-12-16,00-06,3,60,6,3,0,0.0,0.0
2025-12-16,00-06,4,60,6,3,0,0.0,0.0
2025-12-16,00-06,5,60,6,3,0,0.0,0.0
2025-12-16,00-06,6,60,6,3,0,0.0,0.0
2025-12-16,07-12,7,60,6,3,0,0.0,0.0
2025-12-16,07-12,8,60,6,3,1,0.16666666666666666,0.016666666666666666
2025-12-16,07-12,9,60,6,3,0,0.0,0.0
2025-12-16,07-12,10,60,6,3,0,0.0,0.0
2025-12-16,07-12,11,60,6,3,0,0.0,0.0
2025-12-16,07-12,12,60,6,3,0,0.0,0.0
2025-12-16,13-17,13,60,6,3,0,0.0,0.0
2025-12-16,13-17,14,60,6,3,0,0.0,0.0
2025-12-16,13-17,15,60,6,3,0,0.0,0.0
2025-12-16,13-17,16,60,6,3,0,0.0,0.0
2025-12-16,13-17,17,60,6,3,0,0.0,0.0
2025-12-16,18-23,18,60,6,3,0,0.0,0.0
2025-12-16,18-23,19,60,6,3,0,0.0,0.0
2025-12-16,18-23,20,60,6,3,0,0.0,0.0
2025-12-16,18-23,21,60,6,3,0,0.0,0.0
2025-12-16,18-23,22,60,6,3,0,0.0,0.0
2025-12-16,18-23,23,60,6,3,0,0.0,0.0
2025-12-17,00-06,0,60,6,3,0,0.0,0.0
2025-12-17,00-06,2,60,6,3,0,0.0,0.0
2025-12-17,00-06,3,60,6,3,0,0.0,0.0
2025-12-17,00-06,4,60,6,3,0,0.0,0.0
2025-12-17,00-06,5,60,6,3,0,0.0,0.0
2025-12-17,00-06,6,60,6,3,0,0.0,0.0
2025-12-17,07-12,7,60,6,3,0,0.0,0.0
2025-12-17,07-12,8,60,6,3,1,0.16666666666666666,0.016666666666666666
2025-12-17,07-12,9,60,6,3,1,0.16666666666666666,0.016666666666666666
2025-12-17,07-12,10,60,6,3,0,0.0,0.0
2025-12-17,07-12,11,60,6,3,0,0.0,0.0
2025-12-17,07-12,12,60,6,3,0,0.0,0.0
2025-12-17,13-17,13,60,6,3,0,0.0,0.0
2025-12-17,13-17,14,60,6,3,0,0.0,0.0
2025-12-17,13-17,15,60,6,3,0,0.0,0.0
2025-12-17,13-17,16,60,6,3,0,0.0,0.0
2025-12-17,13-17,17,60,6,3,0,0.0,0.0
2025-12-17,18-23,18,60,6,3,0,0.0,0.0
2025-12-17,18-23,19,60,6,3,0,0.0,0.0
2025-12-17,18-23,20,60,6,3,0,0.0,0.0
2025-12-17,18-23,21,60,6,3,0,0.0,0.0
2025-12-17,18-23,22,60,6,3,0,0.0,0.0
2025-12-17,18-23,23,60,6,3,0,0.0,0.0
2025-12-18,00-06,0,60,6,3,0,0.0,0.0
2025-12-18,00-06,2,59,5,2,0,0.0,0.0
2025-12-18,00-06,3,60,6,3,0,0.0,0.0
2025-12-18,00-06,4,60,6,3,0,0.0,0.0
2025-12-18,00-06,5,60,6,3,0,0.0,0.0
2025-12-18,00-06,6,60,6,3,0,0.0,0.0
2025-12-18,07-12,7,60,6,3,0,0.0,0.0
2025-12-18,07-12,8,60,6,3,1,0.16666666666666666,0.016666666666666666
2025-12-18,07-12,9,60,6,3,0,0.0,0.0
2025-12-18,07-12,10,60,6,3,1,0.16666666666666666,0.016666666666666666
2025-12-18,07-12,11,60,6,3,0,0.0,0.0
2025-12-18,07-12,12,60,6,3,0,0.0,0.0
2025-12-18,13-17,13,60,6,3,0,0.0,0.0
2025-12-18,13-17,14,60,6,3,0,0.0,0.0
2025-12-18,13-17,15,60,6,3,0,0.0,0.0
2025-12-18,13-17,16,60,6,3,0,0.0,0.0
2025-12-18,13-17,17,60,6,3,0,0.0,0.0
2025-12-18,18-23,18,60,6,3,0,0.0,0.0
2025-12-18,18-23,19,60,6,3,0,0.0,0.0
2025-12-18,18-23,20,60,6,3,0,0.0,0.0
2025-12-18,18-23,21,60,6,3,0,0.0,0.0
2025-12-18,18-23,22,60,6,3,0,0.0,0.0
2025-12-18,18-23,23,60,6,3,0,0.0,0.0
2025-12-19,00-06,0,60,6,3,0,0.0,0.0
2025-12-19,00-06,2,60,6,3,0,0.0,0.0
2025-12-19,00-06,3,60,6,3,0,0.0,0.0
2025-12-19,00-06,4,60,6,3,0,0.0,0.0
2025-12-19,00-06,5,60,6,3,0,0.0,0.0
2025-12-19,00-06,6,60,6,3,0,0.0,0.0
2025-12-19,07-12,7,60,6,3,0,0.0,0.0
2025-12-19,07-12,8,60,6,3,0,0.0,0.0
2025-12-19,07-12,9,60,6,3,0,0.0,0.0
2025-12-19,07-12,10,60,6,3,1,0.16666666666666666,0.016666666666666666
2025-12-19,07-12,11,60,6,3,0,0.0,0.0
2025-12-19,07-12,12,60,6,3,0,0.0,0.0
2025-12-19,13-17,13,60,6,3,0,0.0,0.0
2025-12-19,13-17,14,60,6,3,1,0.16666666666666666,0.016666666666666666
2025-12-19,13-17,15,60,6,3,0,0.0,0.0
2025-12-19,13-17,16,60,6,3,0,0.0,0.0
2025-12-19,13-17,17,60,6,3,0,0.0,0.0
2025-12-19,18-23,18,60,6,3,0,0.0,0.0
2025-12-19,18-23,19,60,6,3,0,0.0,0.0
2025-12-19,18-23,20,60,6,3,0,0.0,0.0
2025-12-19,18-23,21,60,6,3,0,0.0,0.0
2025-12-19,18-23,22,60,6,3,0,0.0,0.0
2025-12-19,18-23,23,60,6,3,0,0.0,0.0
2025-12-20,00-06,0,60,6,3,0,0.0,0.0
2025-12-22,00-06,2,60,6,3,0,0.0,0.0
2025-12-22,00-06,3,60,6,3,0,0.0,0.0
2025-12-22,00-06,4,60,6,3,0,0.0,0.0
2025-12-22,00-06,5,60,6,3,0,0.0,0.0
2025-12-22,00-06,6,60,6,3,0,0.0,0.0
2025-12-22,07-12,7,60,6,3,0,0.0,0.0
2025-12-22,07-12,8,60,6,3,1,0.16666666666666666,0.016666666666666666
2025-12-22,07-12,9,60,6,3,0,0.0,0.0
2025-12-22,07-12,10,60,6,3,0,0.0,0.0
2025-12-22,07-12,11,60,6,3,0,0.0,0.0
2025-12-22,07-12,12,60,6,3,1,0.16666666666666666,0.016666666666666666
2025-12-22,13-17,13,60,6,3,0,0.0,0.0
2025-12-22,13-17,14,60,6,3,0,0.0,0.0
2025-12-22,13-17,15,60,6,3,0,0.0,0.0
2025-12-22,13-17,16,60,6,3,0,0.0,0.0
2025-12-22,13-17,17,60,6,3,0,0.0,0.0
2025-12-22,18-23,18,60,6,3,0,0.0,0.0
2025-12-22,18-23,19,60,6,3,0,0.0,0.0
2025-12-22,18-23,20,60,6,3,0,0.0,0.0
2025-12-22,18-23,21,60,6,3,0,0.0,0.0
2025-12-22,18-23,22,60,6,3,0,0.0,0.0
2025-12-22,18-23,23,60,6,3,0,0.0,0.0
2025-12-23,00-06,0,60,6,3,0,0.0,0.0
2025-12-23,00-06,2,60,6,3,0,0.0,0.0
2025-12-23,00-06,3,60,6,3,0,0.0,0.0
2025-12-23,00-06,4,60,6,3,0,0.0,0.0
2025-12-23,00-06,5,60,6,3,0,0.0,0.0
2025-12-23,00-06,6,60,6,3,0,0.0,0.0
2025-12-23,07-12,7,60,6,3,0,0.0,0.0
2025-12-23,07-12,8,60,6,3,0,0.0,0.0
2025-12-23,07-12,9,60,6,3,0,0.0,0.0
2025-12-23,07-12,10,60,6,3,0,0.0,0.0
2025-12-23,07-12,11,60,6,3,1,0.16666666666666666,0.016666666666666666
2025-12-23,07-12,12,60,6,3,0,0.0,0.0
2025-12-23,13-17,13,60,6,3,0,0.0,0.0
2025-12-23,13-17,14,60,6,3,0,0.0,0.0
2025-12-23,13-17,15,60,6,3,0,0.0,0.0
2025-12-23,13-17,16,60,6,3,0,0.0,0.0
2025-12-23,13-17,17,60,6,3,1,0.16666666666666666,0.016666666666666666
2025-12-23,18-23,18,60,6,3,0,0.0,0.0
2025-12-23,18-23,19,60,6,3,0,0.0,0.0
2025-12-23,18-23,20,60,6,3,0,0.0,0.0
2025-12-23,18-23,21,60,6,3,0,0.0,0.0
2025-12-23,18-23,22,60,6,3,0,0.0,0.0
2025-12-23,18-23,23,60,6,3,0,0.0,0.0
2025-12-24,00-06,0,60,6,3,0,0.0,0.0
2025-12-24,00-06,2,60,6,3,0,0.0,0.0
2025-12-24,00-06,3,60,6,3,0,0.0,0.0
2025-12-24,00-06,4,60,6,3,0,0.0,0.0
2025-12-24,00-06,5,60,6,3,0,0.0,0.0
2025-12-24,00-06,6,60,6,3,0,0.0,0.0
2025-12-24,07-12,7,60,6,3,0,0.0,0.0
2025-12-24,07-12,8,60,6,3,0,0.0,0.0
2025-12-24,07-12,9,60,6,3,0,0.0,0.0
2025-12-24,07-12,10,60,6,3,0,0.0,0.0
2025-12-24,07-12,11,60,6,3,0,0.0,0.0
2025-12-24,07-12,12,60,6,3,0,0.0,0.0
2025-12-24,13-17,13,60,6,3,0,0.0,0.0
2025-12-24,13-17,14,60,6,3,0,0.0,0.0
2025-12-24,13-17,15,60,6,3,0,0.0,0.0
2025-12-24,13-17,16,60,6,3,0,0.0,0.0
2025-12-24,13-17,17,60,6,3,0,0.0,0.0
2025-12-24,18-23,18,60,6,3,0,0.0,0.0
2025-12-24,18-23,19,60,6,3,0,0.0,0.0
2025-12-24,18-23,20,60,6,3,0,0.0,0.0
2025-12-24,18-23,21,44,6,3,0,0.0,0.0
2025-12-26,00-06,2,56,3,0,0,0.0,0.0
2025-12-26,00-06,3,60,6,3,0,0.0,0.0
2025-12-26,00-06,4,60,6,3,0,0.0,0.0
2025-12-26,00-06,5,60,6,3,0,0.0,0.0
2025-12-26,00-06,6,60,6,3,0,0.0,0.0
2025-12-26,07-12,7,60,6,3,0,0.0,0.0
2025-12-26,07-12,8,60,6,3,0,0.0,0.0
2025-12-26,07-12,9,60,6,3,0,0.0,0.0
2025-12-26,07-12,10,60,6,3,0,0.0,0.0
2025-12-26,07-12,11,60,6,3,0,0.0,0.0
2025-12-26,07-12,12,60,6,3,0,0.0,0.0
2025-12-26,13-17,13,60,6,3,0,0.0,0.0
2025-12-26,13-17,14,60,6,3,0,0.0,0.0
2025-12-26,13-17,15,60,6,3,0,0.0,0.0
2025-12-26,13-17,16,60,6,3,0,0.0,0.0
2025-12-26,13-17,17,60,6,3,0,0.0,0.0
2025-12-26,18-23,18,60,6,3,0,0.0,0.0
2025-12-26,18-23,19,60,6,3,0,0.0,0.0
2025-12-26,18-23,20,60,6,3,0,0.0,0.0
2025-12-26,18-23,21,60,6,3,0,0.0,0.0
2025-12-26,18-23,22,60,6,3,0,0.0,0.0
2025-12-26,18-23,23,60,6,3,0,0.0,0.0
2025-12-27,00-06,0,60,6,3,0,0.0,0.0
2025-12-29,00-06,2,60,6,3,0,0.0,0.0
2025-12-29,00-06,3,60,6,3,0,0.0,0.0
2025-12-29,00-06,4,60,6,3,0,0.0,0.0
2025-12-29,00-06,5,60,6,3,0,0.0,0.0
2025-12-29,00-06,6,60,6,3,1,0.16666666666666666,0.016666666666666666
2025-12-29,07-12,7,60,6,3,0,0.0,0.0
2025-12-29,07-12,8,60,6,3,0,0.0,0.0
2025-12-29,07-12,9,60,6,3,0,0.0,0.0
2025-12-29,07-12,10,60,6,3,0,0.0,0.0
2025-12-29,07-12,11,60,6,3,0,0.0,0.0
2025-12-29,07-12,12,60,6,3,0,0.0,0.0
2025-12-29,13-17,13,60,6,3,0,0.0,0.0
2025-12-29,13-17,14,60,6,3,0,0.0,0.0
2025-12-29,13-17,15,60,6,3,0,0.0,0.0
2025-12-29,13-17,16,60,6,3,0,0.0,0.0
2025-12-29,13-17,17,60,6,3,0,0.0,0.0
2025-12-29,18-23,18,60,6,3,0,0.0,0.0
2025-12-29,18-23,19,60,6,3,0,0.0,0.0
2025-12-29,18-23,20,60,6,3,0,0.0,0.0
2025-12-29,18-23,21,60,6,3,0,0.0,0.0
2025-12-29,18-23,22,60,6,3,0,0.0,0.0
2025-12-29,18-23,23,60,6,3,0,0.0,0.0
2025-12-30,00-06,0,60,6,3,0,0.0,0.0
2025-12-30,00-06,2,60,6,3,0,0.0,0.0
2025-12-30,00-06,3,60,6,3,0,0.0,0.0
2025-12-30,00-06,4,60,6,3,0,0.0,0.0
2025-12-30,00-06,5,60,6,3,0,0.0,0.0
2025-12-30,00-06,6,60,6,3,0,0.0,0.0
2025-12-30,07-12,7,60,6,3,1,0.16666666666666666,0.016666666666666666
2025-12-30,07-12,8,60,6,3,0,0.0,0.0
2025-12-30,07-12,9,60,6,3,0,0.0,0.0
2025-12-30,07-12,10,60,6,3,0,0.0,0.0
2025-12-30,07-12,11,60,6,3,0,0.0,0.0
2025-12-30,07-12,12,60,6,3,1,0.16666666666666666,0.016666666666666666
2025-12-30,13-17,13,60,6,3,0,0.0,0.0
2025-12-30,13-17,14,60,6,3,0,0.0,0.0
2025-12-30,13-17,15,60,6,3,0,0.0,0.0
2025-12-30,13-17,16,60,6,3,0,0.0,0.0
2025-12-30,13-17,17,60,6,3,0,0.0,0.0
2025-12-30,18-23,18,60,6,3,0,0.0,0.0
2025-12-30,18-23,19,60,6,3,0,0.0,0.0
2025-12-30,18-23,20,60,6,3,0,0.0,0.0
2025-12-30,18-23,21,60,6,3,0,0.0,0.0
2025-12-30,18-23,22,60,6,3,0,0.0,0.0
2025-12-30,18-23,23,60,6,3,0,0.0,0.0
2025-12-31,00-06,0,60,6,3,0,0.0,0.0
2025-12-31,00-06,2,60,6,3,0,0.0,0.0
2025-12-31,00-06,3,60,6,3,0,0.0,0.0
2025-12-31,00-06,4,60,6,3,0,0.0,0.0
2025-12-31,00-06,5,60,6,3,0,0.0,0.0
2025-12-31,00-06,6,60,6,3,0,0.0,0.0
2025-12-31,07-12,7,60,6,3,0,0.0,0.0
2025-12-31,07-12,8,60,6,3,0,0.0,0.0
2025-12-31,07-12,9,60,6,3,0,0.0,0.0
2025-12-31,07-12,10,60,6,3,0,0.0,0.0
2025-12-31,07-12,11,60,6,3,0,0.0,0.0
2025-12-31,07-12,12,60,6,3,0,0.0,0.0
2025-12-31,13-17,13,60,6,3,0,0.0,0.0
2025-12-31,13-17,14,60,6,3,0,0.0,0.0
2025-12-31,13-17,15,60,6,3,0,0.0,0.0
2025-12-31,13-17,16,60,6,3,0,0.0,0.0
2025-12-31,13-17,17,60,6,3,0,0.0,0.0
2025-12-31,18-23,18,60,6,3,0,0.0,0.0
2025-12-31,18-23,19,60,6,3,0,0.0,0.0
2025-12-31,18-23,20,60,6,3,0,0.0,0.0
2025-12-31,18-23,21,60,6,3,0,0.0,0.0
2025-12-31,18-23,22,60,6,3,0,0.0,0.0
2025-12-31,18-23,23,60,6,3,0,0.0,0.0
2026-01-01,00-06,0,59,6,3,0,0.0,0.0
2026-01-02,00-06,2,60,6,3,0,0.0,0.0
2026-01-02,00-06,3,60,6,3,0,0.0,0.0
2026-01-02,00-06,4,60,6,3,0,0.0,0.0
2026-01-02,00-06,5,60,6,3,0,0.0,0.0
2026-01-02,00-06,6,60,6,3,0,0.0,0.0
2026-01-02,07-12,7,60,6,3,0,0.0,0.0
2026-01-02,07-12,8,60,6,3,0,0.0,0.0
2026-01-02,07-12,9,60,6,3,1,0.16666666666666666,0.016666666666666666
2026-01-02,07-12,10,60,6,3,0,0.0,0.0
2026-01-02,07-12,11,60,6,3,0,0.0,0.0
2026-01-02,07-12,12,60,6,3,0,0.0,0.0
2026-01-02,13-17,13,60,6,3,0,0.0,0.0
2026-01-02,13-17,14,60,6,3,0,0.0,0.0
2026-01-02,13-17,15,60,6,3,0,0.0,0.0
2026-01-02,13-17,16,60,6,3,0,0.0,0.0
2026-01-02,13-17,17,60,6,3,0,0.0,0.0
2026-01-02,18-23,18,60,6,3,0,0.0,0.0
2026-01-02,18-23,19,60,6,3,0,0.0,0.0
2026-01-02,18-23,20,60,6,3,0,0.0,0.0
2026-01-02,18-23,21,60,6,3,0,0.0,0.0
2026-01-02,18-23,22,60,6,3,0,0.0,0.0
2026-01-02,18-23,23,60,6,3,0,0.0,0.0
2026-01-03,00-06,0,60,6,3,0,0.0,0.0
2026-01-05,00-06,2,60,6,3,0,0.0,0.0
2026-01-05,00-06,3,60,6,3,0,0.0,0.0
2026-01-05,00-06,4,60,6,3,0,0.0,0.0
2026-01-05,00-06,5,60,6,3,0,0.0,0.0
2026-01-05,00-06,6,60,6,3,0,0.0,0.0
2026-01-05,07-12,7,60,6,3,0,0.0,0.0
2026-01-05,07-12,8,60,6,3,0,0.0,0.0
2026-01-05,07-12,9,60,6,3,0,0.0,0.0
2026-01-05,07-12,10,60,6,3,0,0.0,0.0
2026-01-05,07-12,11,60,6,3,1,0.16666666666666666,0.016666666666666666
2026-01-05,07-12,12,60,6,3,0,0.0,0.0
2026-01-05,13-17,13,60,6,3,0,0.0,0.0
2026-01-05,13-17,14,60,6,3,0,0.0,0.0
2026-01-05,13-17,15,60,6,3,0,0.0,0.0
2026-01-05,13-17,16,60,6,3,0,0.0,0.0
2026-01-05,13-17,17,60,6,3,0,0.0,0.0
2026-01-05,18-23,18,60,6,3,0,0.0,0.0
2026-01-05,18-23,19,60,6,3,0,0.0,0.0
2026-01-05,18-23,20,60,6,3,0,0.0,0.0
2026-01-05,18-23,21,60,6,3,0,0.0,0.0
2026-01-05,18-23,22,60,6,3,0,0.0,0.0
2026-01-05,18-23,23,60,6,3,0,0.0,0.0
2026-01-06,00-06,0,60,6,3,0,0.0,0.0
2026-01-06,00-06,2,60,6,3,0,0.0,0.0
2026-01-06,00-06,3,60,6,3,0,0.0,0.0
2026-01-06,00-06,4,60,6,3,0,0.0,0.0
2026-01-06,00-06,5,60,6,3,0,0.0,0.0
2026-01-06,00-06,6,60,6,3,0,0.0,0.0
2026-01-06,07-12,7,60,6,3,0,0.0,0.0
2026-01-06,07-12,8,60,6,3,1,0.16666666666666666,0.016666666666666666
2026-01-06,07-12,9,60,6,3,0,0.0,0.0
2026-01-06,07-12,10,60,6,3,0,0.0,0.0
2026-01-06,07-12,11,60,6,3,0,0.0,0.0
2026-01-06,07-12,12,60,6,3,0,0.0,0.0
2026-01-06,13-17,13,60,6,3,0,0.0,0.0
2026-01-06,13-17,14,60,6,3,0,0.0,0.0
2026-01-06,13-17,15,60,6,3,0,0.0,0.0
2026-01-06,13-17,16,60,6,3,0,0.0,0.0
2026-01-06,13-17,17,60,6,3,0,0.0,0.0
2026-01-06,18-23,18,60,6,3,0,0.0,0.0
2026-01-06,18-23,19,60,6,3,0,0.0,0.0
2026-01-06,18-23,20,60,6,3,0,0.0,0.0
2026-01-06,18-23,21,60,6,3,0,0.0,0.0
2026-01-06,18-23,22,60,6,3,0,0.0,0.0
2026-01-06,18-23,23,60,6,3,0,0.0,0.0
2026-01-07,00-06,0,60,6,3,0,0.0,0.0
2026-01-07,00-06,2,60,6,3,0,0.0,0.0
2026-01-07,00-06,3,60,6,3,0,0.0,0.0
2026-01-07,00-06,4,60,6,3,0,0.0,0.0
2026-01-07,00-06,5,60,6,3,0,0.0,0.0
2026-01-07,00-06,6,60,6,3,0,0.0,0.0
2026-01-07,07-12,7,60,6,3,0,0.0,0.0
2026-01-07,07-12,8,60,6,3,0,0.0,0.0
2026-01-07,07-12,9,60,6,3,0,0.0,0.0
2026-01-07,07-12,10,60,6,3,0,0.0,0.0
2026-01-07,07-12,11,60,6,3,0,0.0,0.0
2026-01-07,07-12,12,60,6,3,0,0.0,0.0
2026-01-07,13-17,13,60,6,3,0,0.0,0.0
2026-01-07,13-17,14,60,6,3,0,0.0,0.0
2026-01-07,13-17,15,60,6,3,0,0.0,0.0
2026-01-07,13-17,16,60,6,3,1,0.16666666666666666,0.016666666666666666
2026-01-07,13-17,17,60,6,3,0,0.0,0.0
2026-01-07,18-23,18,60,6,3,0,0.0,0.0
2026-01-07,18-23,19,60,6,3,0,0.0,0.0
2026-01-07,18-23,20,60,6,3,0,0.0,0.0
2026-01-07,18-23,21,60,6,3,0,0.0,0.0
2026-01-07,18-23,22,60,6,3,0,0.0,0.0
2026-01-07,18-23,23,60,6,3,0,0.0,0.0
2026-01-08,00-06,0,60,6,3,0,0.0,0.0
2026-01-08,00-06,2,60,6,3,0,0.0,0.0
2026-01-08,00-06,3,60,6,3,0,0.0,0.0
2026-01-08,00-06,4,60,6,3,0,0.0,0.0
2026-01-08,00-06,5,60,6,3,0,0.0,0.0
2026-01-08,00-06,6,60,6,3,0,0.0,0.0
2026-01-08,07-12,7,60,6,3,0,0.0,0.0
2026-01-08,07-12,8,60,6,3,0,0.0,0.0
2026-01-08,07-12,9,60,6,3,1,0.16666666666666666,0.016666666666666666
2026-01-08,07-12,10,60,6,3,0,0.0,0.0
2026-01-08,07-12,11,60,6,3,0,0.0,0.0
2026-01-08,07-12,12,60,6,3,0,0.0,0.0
2026-01-08,13-17,13,60,6,3,0,0.0,0.0
2026-01-08,13-17,14,60,6,3,0,0.0,0.0
2026-01-08,13-17,15,60,6,3,0,0.0,0.0
2026-01-08,13-17,16,60,6,3,0,0.0,0.0
2026-01-08,13-17,17,60,6,3,0,0.0,0.0
2026-01-08,18-23,18,60,6,3,0,0.0,0.0
2026-01-08,18-23,19,60,6,3,0,0.0,0.0
2026-01-08,18-23,20,60,6,3,0,0.0,0.0
2026-01-08,18-23,21,60,6,3,0,0.0,0.0
2026-01-08,18-23,22,60,6,3,0,0.0,0.0
2026-01-08,18-23,23,60,6,3,0,0.0,0.0
2026-01-09,00-06,0,60,6,3,0,0.0,0.0
2026-01-09,00-06,2,60,6,3,0,0.0,0.0
2026-01-09,00-06,3,60,6,3,0,0.0,0.0
2026-01-09,00-06,4,60,6,3,0,0.0,0.0
2026-01-09,00-06,5,60,6,3,0,0.0,0.0
2026-01-09,00-06,6,60,6,3,0,0.0,0.0
2026-01-09,07-12,7,60,6,3,0,0.0,0.0
2026-01-09,07-12,8,60,6,3,0,0.0,0.0
2026-01-09,07-12,9,60,6,3,1,0.16666666666666666,0.016666666666666666
2026-01-09,07-12,10,60,6,3,0,0.0,0.0
2026-01-09,07-12,11,60,6,3,0,0.0,0.0
2026-01-09,07-12,12,60,6,3,0,0.0,0.0
2026-01-09,13-17,13,60,6,3,0,0.0,0.0
2026-01-09,13-17,14,60,6,3,0,0.0,0.0
2026-01-09,13-17,15,60,6,3,0,0.0,0.0
2026-01-09,13-17,16,60,6,3,0,0.0,0.0
2026-01-09,13-17,17,60,6,3,0,0.0,0.0
2026-01-09,18-23,18,60,6,3,0,0.0,0.0
2026-01-09,18-23,19,60,6,3,0,0.0,0.0
2026-01-09,18-23,20,60,6,3,0,0.0,0.0
2026-01-09,18-23,21,60,6,3,0,0.0,0.0
2026-01-09,18-23,22,60,6,3,0,0.0,0.0
2026-01-09,18-23,23,60,6,3,0,0.0,0.0
2026-01-10,00-06,0,60,6,3,0,0.0,0.0
2026-01-12,00-06,2,60,6,3,0,0.0,0.0
2026-01-12,00-06,3,60,6,3,0,0.0,0.0
2026-01-12,00-06,4,60,6,3,0,0.0,0.0
2026-01-12,00-06,5,60,6,3,0,0.0,0.0
2026-01-12,00-06,6,60,6,3,0,0.0,0.0
2026-01-12,07-12,7,60,6,3,1,0.16666666666666666,0.016666666666666666
2026-01-12,07-12,8,60,6,3,0,0.0,0.0
2026-01-12,07-12,9,60,6,3,0,0.0,0.0
2026-01-12,07-12,10,60,6,3,0,0.0,0.0
2026-01-12,07-12,11,60,6,3,1,0.16666666666666666,0.016666666666666666
2026-01-12,07-12,12,60,6,3,0,0.0,0.0
2026-01-12,13-17,13,60,6,3,0,0.0,0.0
2026-01-12,13-17,14,60,6,3,1,0.16666666666666666,0.016666666666666666
2026-01-12,13-17,15,60,6,3,0,0.0,0.0
2026-01-12,13-17,16,60,6,3,0,0.0,0.0
2026-01-12,13-17,17,60,6,3,0,0.0,0.0
2026-01-12,18-23,18,60,6,3,0,0.0,0.0
2026-01-12,18-23,19,60,6,3,0,0.0,0.0
2026-01-12,18-23,20,60,6,3,0,0.0,0.0
2026-01-12,18-23,21,60,6,3,0,0.0,0.0
2026-01-12,18-23,22,60,6,3,0,0.0,0.0
2026-01-12,18-23,23,60,6,3,0,0.0,0.0
2026-01-13,00-06,0,60,6,3,0,0.0,0.0
2026-01-13,00-06,2,60,6,3,0,0.0,0.0
2026-01-13,00-06,3,60,6,3,0,0.0,0.0
2026-01-13,00-06,4,60,6,3,0,0.0,0.0
2026-01-13,00-06,5,60,6,3,0,0.0,0.0
2026-01-13,00-06,6,60,6,3,0,0.0,0.0
2026-01-13,07-12,7,60,6,3,0,0.0,0.0
2026-01-13,07-12,8,60,6,3,0,0.0,0.0
2026-01-13,07-12,9,60,6,3,0,0.0,0.0
2026-01-13,07-12,10,60,6,3,0,0.0,0.0
2026-01-13,07-12,11,60,6,3,0,0.0,0.0
2026-01-13,07-12,12,60,6,3,1,0.16666666666666666,0.016666666666666666
2026-01-13,13-17,13,60,6,3,0,0.0,0.0
2026-01-13,13-17,14,60,6,3,0,0.0,0.0
2026-01-13,13-17,15,60,6,3,0,0.0,0.0
2026-01-13,13-17,16,60,6,3,0,0.0,0.0
2026-01-13,13-17,17,60,6,3,0,0.0,0.0
2026-01-13,18-23,18,60,6,3,0,0.0,0.0
2026-01-13,18-23,19,60,6,3,0,0.0,0.0
2026-01-13,18-23,20,60,6,3,0,0.0,0.0
2026-01-13,18-23,21,60,6,3,0,0.0,0.0
2026-01-13,18-23,22,60,6,3,0,0.0,0.0
2026-01-13,18-23,23,60,6,3,0,0.0,0.0
2026-01-14,00-06,0,60,6,3,0,0.0,0.0
2026-01-14,00-06,2,60,6,3,0,0.0,0.0
2026-01-14,00-06,3,60,6,3,0,0.0,0.0
2026-01-14,00-06,4,60,6,3,0,0.0,0.0
2026-01-14,00-06,5,60,6,3,0,0.0,0.0
2026-01-14,00-06,6,60,6,3,1,0.16666666666666666,0.016666666666666666
2026-01-14,07-12,7,60,6,3,0,0.0,0.0
2026-01-14,07-12,8,60,6,3,0,0.0,0.0
2026-01-14,07-12,9,60,6,3,0,0.0,0.0
2026-01-14,07-12,10,60,6,3,0,0.0,0.0
2026-01-14,07-12,11,60,6,3,0,0.0,0.0
2026-01-14,07-12,12,60,6,3,0,0.0,0.0
2026-01-14,13-17,13,60,6,3,0,0.0,0.0
2026-01-14,13-17,14,60,6,3,0,0.0,0.0
2026-01-14,13-17,15,60,6,3,0,0.0,0.0
2026-01-14,13-17,16,60,6,3,0,0.0,0.0
2026-01-14,13-17,17,60,6,3,0,0.0,0.0
2026-01-14,18-23,18,60,6,3,0,0.0,0.0
2026-01-14,18-23,19,60,6,3,0,0.0,0.0
2026-01-14,18-23,20,60,6,3,0,0.0,0.0
2026-01-14,18-23,21,60,6,3,0,0.0,0.0
2026-01-14,18-23,22,60,6,3,0,0.0,0.0
2026-01-14,18-23,23,60,6,3,0,0.0,0.0
2026-01-15,00-06,0,60,6,3,0,0.0,0.0
2026-01-15,00-06,2,60,6,3,0,0.0,0.0
2026-01-15,00-06,3,60,6,3,0,0.0,0.0
2026-01-15,00-06,4,60,6,3,0,0.0,0.0
2026-01-15,00-06,5,60,6,3,0,0.0,0.0
2026-01-15,00-06,6,60,6,3,0,0.0,0.0
2026-01-15,07-12,7,60,6,3,0,0.0,0.0
2026-01-15,07-12,8,60,6,3,0,0.0,0.0
2026-01-15,07-12,9,60,6,3,1,0.16666666666666666,0.016666666666666666
2026-01-15,07-12,10,60,6,3,0,0.0,0.0
2026-01-15,07-12,11,60,6,3,0,0.0,0.0
2026-01-15,07-12,12,60,6,3,0,0.0,0.0
2026-01-15,13-17,13,60,6,3,0,0.0,0.0
2026-01-15,13-17,14,60,6,3,0,0.0,0.0
2026-01-15,13-17,15,60,6,3,0,0.0,0.0
2026-01-15,13-17,16,60,6,3,0,0.0,0.0
2026-01-15,13-17,17,60,6,3,0,0.0,0.0
2026-01-15,18-23,18,60,6,3,0,0.0,0.0
2026-01-15,18-23,19,60,6,3,0,0.0,0.0
2026-01-15,18-23,20,60,6,3,0,0.0,0.0
2026-01-15,18-23,21,60,6,3,0,0.0,0.0
2026-01-15,18-23,22,60,6,3,0,0.0,0.0
2026-01-15,18-23,23,60,6,3,0,0.0,0.0
2026-01-16,00-06,0,60,6,3,0,0.0,0.0
2026-01-16,00-06,2,60,6,3,0,0.0,0.0
2026-01-16,00-06,3,60,6,3,0,0.0,0.0
2026-01-16,00-06,4,60,6,3,0,0.0,0.0
2026-01-16,00-06,5,60,6,3,0,0.0,0.0
2026-01-16,00-06,6,60,6,3,0,0.0,0.0
2026-01-16,07-12,7,60,6,3,0,0.0,0.0
2026-01-16,07-12,8,60,6,3,0,0.0,0.0
2026-01-16,07-12,9,60,6,3,1,0.16666666666666666,0.016666666666666666
2026-01-16,07-12,10,60,6,3,0,0.0,0.0
2026-01-16,07-12,11,60,6,3,0,0.0,0.0
2026-01-16,07-12,12,60,6,3,0,0.0,0.0
2026-01-16,13-17,13,60,6,3,0,0.0,0.0
2026-01-16,13-17,14,60,6,3,1,0.16666666666666666,0.016666666666666666
2026-01-16,13-17,15,60,6,3,0,0.0,0.0
2026-01-16,13-17,16,60,6,3,0,0.0,0.0
2026-01-16,13-17,17,60,6,3,0,0.0,0.0
2026-01-16,18-23,18,60,6,3,0,0.0,0.0
2026-01-16,18-23,19,60,6,3,0,0.0,0.0
2026-01-16,18-23,20,60,6,3,0,0.0,0.0
2026-01-16,18-23,21,60,6,3,0,0.0,0.0
2026-01-16,18-23,22,60,6,3,0,0.0,0.0
2026-01-16,18-23,23,60,6,3,0,0.0,0.0
2026-01-17,00-06,0,60,6,3,0,0.0,0.0
2026-01-19,00-06,2,60,6,3,0,0.0,0.0
2026-01-19,00-06,3,60,6,3,0,0.0,0.0
2026-01-19,00-06,4,60,6,3,0,0.0,0.0
2026-01-19,00-06,5,60,6,3,0,0.0,0.0
2026-01-19,00-06,6,60,6,3,0,0.0,0.0
2026-01-19,07-12,7,60,6,3,0,0.0,0.0
2026-01-19,07-12,8,60,6,3,0,0.0,0.0
2026-01-19,07-12,9,60,6,3,0,0.0,0.0
2026-01-19,07-12,10,60,6,3,0,0.0,0.0
2026-01-19,07-12,11,60,6,3,0,0.0,0.0
2026-01-19,07-12,12,60,6,3,0,0.0,0.0
2026-01-19,13-17,13,60,6,3,0,0.0,0.0
2026-01-19,13-17,14,60,6,3,0,0.0,0.0
2026-01-19,13-17,15,60,6,3,0,0.0,0.0
2026-01-19,13-17,16,60,6,3,0,0.0,0.0
2026-01-19,13-17,17,60,6,3,0,0.0,0.0
2026-01-19,18-23,18,60,6,3,0,0.0,0.0
2026-01-19,18-23,19,60,6,3,0,0.0,0.0
2026-01-19,18-23,20,60,6,3,0,0.0,0.0
2026-01-19,18-23,21,60,6,3,0,0.0,0.0
2026-01-19,18-23,22,29,3,3,0,0.0,0.0
2026-01-20,00-06,2,60,6,3,0,0.0,0.0
2026-01-20,00-06,3,60,6,3,0,0.0,0.0
2026-01-20,00-06,4,60,6,3,0,0.0,0.0
2026-01-20,00-06,5,60,6,3,0,0.0,0.0
2026-01-20,00-06,6,60,6,3,0,0.0,0.0
2026-01-20,07-12,7,60,6,3,0,0.0,0.0
2026-01-20,07-12,8,60,6,3,0,0.0,0.0
2026-01-20,07-12,9,60,6,3,1,0.16666666666666666,0.016666666666666666
2026-01-20,07-12,10,60,6,3,0,0.0,0.0
2026-01-20,07-12,11,60,6,3,0,0.0,0.0
2026-01-20,07-12,12,60,6,3,0,0.0,0.0
2026-01-20,13-17,13,60,6,3,0,0.0,0.0
2026-01-20,13-17,14,60,6,3,0,0.0,0.0
2026-01-20,13-17,15,60,6,3,0,0.0,0.0
2026-01-20,13-17,16,59,6,3,0,0.0,0.0
2026-01-20,13-17,17,60,6,3,0,0.0,0.0
2026-01-20,18-23,18,60,6,3,0,0.0,0.0
2026-01-20,18-23,19,60,6,3,0,0.0,0.0
2026-01-20,18-23,20,60,6,3,0,0.0,0.0
2026-01-20,18-23,21,60,6,3,0,0.0,0.0
2026-01-20,18-23,22,60,6,3,0,0.0,0.0
2026-01-20,18-23,23,60,6,3,0,0.0,0.0
2026-01-21,00-06,0,60,6,3,0,0.0,0.0
2026-01-21,00-06,2,60,6,3,0,0.0,0.0
2026-01-21,00-06,3,60,6,3,0,0.0,0.0
2026-01-21,00-06,4,60,6,3,0,0.0,0.0
2026-01-21,00-06,5,60,6,3,0,0.0,0.0
2026-01-21,00-06,6,60,6,3,0,0.0,0.0
2026-01-21,07-12,7,60,6,3,0,0.0,0.0
2026-01-21,07-12,8,60,6,3,0,0.0,0.0
2026-01-21,07-12,9,60,6,3,0,0.0,0.0
2026-01-21,07-12,10,60,6,3,0,0.0,0.0
2026-01-21,07-12,11,60,6,3,0,0.0,0.0
2026-01-21,07-12,12,60,6,3,0,0.0,0.0
2026-01-21,13-17,13,60,6,3,0,0.0,0.0
2026-01-21,13-17,14,60,6,3,0,0.0,0.0
2026-01-21,13-17,15,60,6,3,0,0.0,0.0
2026-01-21,13-17,16,60,6,3,0,0.0,0.0
2026-01-21,13-17,17,60,6,3,0,0.0,0.0
2026-01-21,18-23,18,60,6,3,0,0.0,0.0
2026-01-21,18-23,19,60,6,3,0,0.0,0.0
2026-01-21,18-23,20,60,6,3,0,0.0,0.0
2026-01-21,18-23,21,60,6,3,0,0.0,0.0
2026-01-21,18-23,22,60,6,3,0,0.0,0.0
2026-01-21,18-23,23,60,6,3,0,0.0,0.0
2026-01-22,00-06,0,60,6,3,0,0.0,0.0
2026-01-22,00-06,2,60,6,3,0,0.0,0.0
2026-01-22,00-06,3,60,6,3,0,0.0,0.0
2026-01-22,00-06,4,60,6,3,0,0.0,0.0
2026-01-22,00-06,5,60,6,3,0,0.0,0.0
2026-01-22,00-06,6,60,6,3,0,0.0,0.0
2026-01-22,07-12,7,60,6,3,0,0.0,0.0
2026-01-22,07-12,8,60,6,3,0,0.0,0.0
2026-01-22,07-12,9,60,6,3,1,0.16666666666666666,0.016666666666666666
2026-01-22,07-12,10,60,6,3,0,0.0,0.0
2026-01-22,07-12,11,60,6,3,0,0.0,0.0
2026-01-22,07-12,12,60,6,3,0,0.0,0.0
2026-01-22,13-17,13,60,6,3,0,0.0,0.0
2026-01-22,13-17,14,60,6,3,0,0.0,0.0
2026-01-22,13-17,15,60,6,3,0,0.0,0.0
2026-01-22,13-17,16,60,6,3,0,0.0,0.0
2026-01-22,13-17,17,60,6,3,0,0.0,0.0
2026-01-22,18-23,18,60,6,3,0,0.0,0.0
2026-01-22,18-23,19,60,6,3,0,0.0,0.0
2026-01-22,18-23,20,60,6,3,0,0.0,0.0
2026-01-22,18-23,21,60,6,3,0,0.0,0.0
2026-01-22,18-23,22,60,6,3,0,0.0,0.0
2026-01-22,18-23,23,60,6,3,0,0.0,0.0
2026-01-23,00-06,0,60,6,3,0,0.0,0.0
2026-01-23,00-06,2,60,6,3,0,0.0,0.0
2026-01-23,00-06,3,60,6,3,0,0.0,0.0
2026-01-23,00-06,4,60,6,3,0,0.0,0.0
2026-01-23,00-06,5,60,6,3,0,0.0,0.0
2026-01-23,00-06,6,60,6,3,0,0.0,0.0
2026-01-23,07-12,7,60,6,3,0,0.0,0.0
2026-01-23,07-12,8,60,6,3,0,0.0,0.0
2026-01-23,07-12,9,60,6,3,1,0.16666666666666666,0.016666666666666666
2026-01-23,07-12,10,60,6,3,0,0.0,0.0
2026-01-23,07-12,11,60,6,3,0,0.0,0.0
2026-01-23,07-12,12,60,6,3,0,0.0,0.0
2026-01-23,13-17,13,60,6,3,0,0.0,0.0
2026-01-23,13-17,14,60,6,3,0,0.0,0.0
2026-01-23,13-17,15,60,6,3,0,0.0,0.0
2026-01-23,13-17,16,60,6,3,0,0.0,0.0
2026-01-23,13-17,17,60,6,3,0,0.0,0.0
2026-01-23,18-23,18,60,6,3,0,0.0,0.0
2026-01-23,18-23,19,60,6,3,0,0.0,0.0
2026-01-23,18-23,20,60,6,3,0,0.0,0.0
2026-01-23,18-23,21,60,6,3,0,0.0,0.0
2026-01-23,18-23,22,60,6,3,0,0.0,0.0
2026-01-23,18-23,23,60,6,3,0,0.0,0.0
2026-01-24,00-06,0,60,6,3,0,0.0,0.0
2026-01-26,00-06,2,60,6,3,0,0.0,0.0
2026-01-26,00-06,3,60,6,3,0,0.0,0.0
2026-01-26,00-06,4,60,6,3,0,0.0,0.0
2026-01-26,00-06,5,60,6,3,0,0.0,0.0
2026-01-26,00-06,6,60,6,3,0,0.0,0.0
2026-01-26,07-12,7,60,6,3,0,0.0,0.0
2026-01-26,07-12,8,60,6,3,0,0.0,0.0
2026-01-26,07-12,9,60,6,3,0,0.0,0.0
2026-01-26,07-12,10,60,6,3,0,0.0,0.0
2026-01-26,07-12,11,60,6,3,1,0.16666666666666666,0.016666666666666666
2026-01-26,07-12,12,60,6,3,0,0.0,0.0
2026-01-26,13-17,13,60,6,3,0,0.0,0.0
2026-01-26,13-17,14,60,6,3,0,0.0,0.0
2026-01-26,13-17,15,60,6,3,0,0.0,0.0
2026-01-26,13-17,16,60,6,3,0,0.0,0.0
2026-01-26,13-17,17,60,6,3,0,0.0,0.0
2026-01-26,18-23,18,60,6,3,0,0.0,0.0
2026-01-26,18-23,19,60,6,3,0,0.0,0.0
2026-01-26,18-23,20,60,6,3,0,0.0,0.0
2026-01-26,18-23,21,60,6,3,0,0.0,0.0
2026-01-26,18-23,22,60,6,3,0,0.0,0.0
2026-01-26,18-23,23,60,6,3,0,0.0,0.0
2026-01-27,00-06,0,60,6,3,0,0.0,0.0
2026-01-27,00-06,2,60,6,3,0,0.0,0.0
2026-01-27,00-06,3,60,6,3,0,0.0,0.0
2026-01-27,00-06,4,60,6,3,0,0.0,0.0
2026-01-27,00-06,5,60,6,3,0,0.0,0.0
2026-01-27,00-06,6,60,6,3,0,0.0,0.0
2026-01-27,07-12,7,60,6,3,0,0.0,0.0
2026-01-27,07-12,8,60,6,3,0,0.0,0.0
2026-01-27,07-12,9,60,6,3,0,0.0,0.0
2026-01-27,07-12,10,60,6,3,0,0.0,0.0
2026-01-27,07-12,11,60,6,3,0,0.0,0.0
2026-01-27,07-12,12,60,6,3,0,0.0,0.0
2026-01-27,13-17,13,60,6,3,0,0.0,0.0
2026-01-27,13-17,14,60,6,3,0,0.0,0.0
2026-01-27,13-17,15,60,6,3,0,0.0,0.0
2026-01-27,13-17,16,60,6,3,0,0.0,0.0
2026-01-27,13-17,17,60,6,3,0,0.0,0.0
2026-01-27,18-23,18,60,6,3,0,0.0,0.0
2026-01-27,18-23,19,60,6,3,0,0.0,0.0
2026-01-27,18-23,20,60,6,3,0,0.0,0.0
2026-01-27,18-23,21,60,6,3,0,0.0,0.0
2026-01-27,18-23,22,60,6,3,0,0.0,0.0
2026-01-27,18-23,23,60,6,3,0,0.0,0.0
2026-01-28,00-06,0,60,6,3,0,0.0,0.0
2026-01-28,00-06,2,60,6,3,0,0.0,0.0
2026-01-28,00-06,3,60,6,3,0,0.0,0.0
2026-01-28,00-06,4,60,6,3,0,0.0,0.0
2026-01-28,00-06,5,60,6,3,0,0.0,0.0
2026-01-28,00-06,6,60,6,3,0,0.0,0.0
2026-01-28,07-12,7,60,6,3,0,0.0,0.0
2026-01-28,07-12,8,60,6,3,0,0.0,0.0
2026-01-28,07-12,9,60,6,3,1,0.16666666666666666,0.016666666666666666
2026-01-28,07-12,10,60,6,3,0,0.0,0.0
2026-01-28,07-12,11,60,6,3,0,0.0,0.0
2026-01-28,07-12,12,60,6,3,0,0.0,0.0
2026-01-28,13-17,13,60,6,3,0,0.0,0.0
2026-01-28,13-17,14,60,6,3,0,0.0,0.0
2026-01-28,13-17,15,60,6,3,0,0.0,0.0
2026-01-28,13-17,16,60,6,3,0,0.0,0.0
2026-01-28,13-17,17,60,6,3,0,0.0,0.0
2026-01-28,18-23,18,60,6,3,0,0.0,0.0
2026-01-28,18-23,19,60,6,3,0,0.0,0.0
2026-01-28,18-23,20,60,6,3,0,0.0,0.0
2026-01-28,18-23,21,60,6,3,0,0.0,0.0
2026-01-28,18-23,22,60,6,3,0,0.0,0.0
2026-01-28,18-23,23,60,6,3,0,0.0,0.0
2026-01-29,00-06,0,60,6,3,0,0.0,0.0
2026-01-29,00-06,2,60,6,3,0,0.0,0.0
2026-01-29,00-06,3,60,6,3,0,0.0,0.0
2026-01-29,00-06,4,60,6,3,0,0.0,0.0
2026-01-29,00-06,5,60,6,3,0,0.0,0.0
2026-01-29,00-06,6,60,6,3,0,0.0,0.0
2026-01-29,07-12,7,60,6,3,0,0.0,0.0
2026-01-29,07-12,8,60,6,3,0,0.0,0.0
2026-01-29,07-12,9,60,6,3,0,0.0,0.0
2026-01-29,07-12,10,60,6,3,0,0.0,0.0
2026-01-29,07-12,11,60,6,3,0,0.0,0.0
2026-01-29,07-12,12,60,6,3,0,0.0,0.0
2026-01-29,13-17,13,60,6,3,0,0.0,0.0
2026-01-29,13-17,14,60,6,3,0,0.0,0.0
2026-01-29,13-17,15,60,6,3,0,0.0,0.0
2026-01-29,13-17,16,60,6,3,0,0.0,0.0
2026-01-29,13-17,17,60,6,3,0,0.0,0.0
2026-01-29,18-23,18,60,6,3,0,0.0,0.0
2026-01-29,18-23,19,60,6,3,0,0.0,0.0
2026-01-29,18-23,20,60,6,3,0,0.0,0.0
2026-01-29,18-23,21,60,6,3,0,0.0,0.0
2026-01-29,18-23,22,60,6,3,0,0.0,0.0
2026-01-29,18-23,23,60,6,3,0,0.0,0.0
2026-01-30,00-06,0,60,6,3,0,0.0,0.0
2026-01-30,00-06,2,60,6,3,0,0.0,0.0
2026-01-30,00-06,3,60,6,3,0,0.0,0.0
2026-01-30,00-06,4,60,6,3,0,0.0,0.0
2026-01-30,00-06,5,60,6,3,0,0.0,0.0
2026-01-30,00-06,6,60,6,3,1,0.16666666666666666,0.016666666666666666
2026-01-30,07-12,7,60,6,3,0,0.0,0.0
2026-01-30,07-12,8,60,6,3,0,0.0,0.0
2026-01-30,07-12,9,60,6,3,0,0.0,0.0
2026-01-30,07-12,10,60,6,3,0,0.0,0.0
2026-01-30,07-12,11,60,6,3,0,0.0,0.0
2026-01-30,07-12,12,60,6,3,0,0.0,0.0
2026-01-30,13-17,13,60,6,3,0,0.0,0.0
2026-01-30,13-17,14,60,6,3,0,0.0,0.0
2026-01-30,13-17,15,60,6,3,0,0.0,0.0
2026-01-30,13-17,16,60,6,3,0,0.0,0.0
2026-01-30,13-17,17,60,6,3,0,0.0,0.0
2026-01-30,18-23,18,60,6,3,0,0.0,0.0
2026-01-30,18-23,19,60,6,3,0,0.0,0.0
2026-01-30,18-23,20,60,6,3,0,0.0,0.0
2026-01-30,18-23,21,60,6,3,0,0.0,0.0
2026-01-30,18-23,22,60,6,3,0,0.0,0.0
2026-01-30,18-23,23,60,6,3,0,0.0,0.0
2026-01-31,00-06,0,60,6,3,0,0.0,0.0
2026-02-02,00-06,2,51,3,0,0,0.0,0.0
2026-02-02,00-06,3,60,6,3,0,0.0,0.0
2026-02-02,00-06,4,60,6,3,0,0.0,0.0
2026-02-02,00-06,5,60,6,3,0,0.0,0.0
2026-02-02,00-06,6,60,6,3,0,0.0,0.0
2026-02-02,07-12,7,60,6,3,0,0.0,0.0
2026-02-02,07-12,8,60,6,3,0,0.0,0.0
2026-02-02,07-12,9,60,6,3,0,0.0,0.0
2026-02-02,07-12,10,60,6,3,0,0.0,0.0
2026-02-02,07-12,11,60,6,3,0,0.0,0.0
2026-02-02,07-12,12,60,6,3,0,0.0,0.0
2026-02-02,13-17,13,60,6,3,0,0.0,0.0
2026-02-02,13-17,14,60,6,3,0,0.0,0.0
2026-02-02,13-17,15,60,6,3,0,0.0,0.0
2026-02-02,13-17,16,60,6,3,0,0.0,0.0
2026-02-02,13-17,17,60,6,3,0,0.0,0.0
2026-02-02,18-23,18,60,6,3,0,0.0,0.0
2026-02-02,18-23,19,60,6,3,0,0.0,0.0
2026-02-02,18-23,20,60,6,3,0,0.0,0.0
2026-02-02,18-23,21,60,6,3,0,0.0,0.0
2026-02-02,18-23,22,60,6,3,1,0.16666666666666666,0.016666666666666666
2026-02-02,18-23,23,60,6,3,0,0.0,0.0
2026-02-03,00-06,0,60,6,3,0,0.0,0.0
2026-02-03,00-06,2,60,6,3,0,0.0,0.0
2026-02-03,00-06,3,60,6,3,0,0.0,0.0
2026-02-03,00-06,4,60,6,3,0,0.0,0.0
2026-02-03,00-06,5,60,6,3,0,0.0,0.0
2026-02-03,00-06,6,60,6,3,0,0.0,0.0
2026-02-03,07-12,7,60,6,3,0,0.0,0.0
2026-02-03,07-12,8,60,6,3,0,0.0,0.0
2026-02-03,07-12,9,60,6,3,0,0.0,0.0
2026-02-03,07-12,10,60,6,3,0,0.0,0.0
2026-02-03,07-12,11,60,6,3,0,0.0,0.0
2026-02-03,07-12,12,60,6,3,0,0.0,0.0
2026-02-03,13-17,13,60,6,3,0,0.0,0.0
2026-02-03,13-17,14,60,6,3,1,0.16666666666666666,0.016666666666666666
2026-02-03,13-17,15,60,6,3,0,0.0,0.0
2026-02-03,13-17,16,60,6,3,0,0.0,0.0
2026-02-03,13-17,17,60,6,3,0,0.0,0.0
2026-02-03,18-23,18,60,6,3,0,0.0,0.0
2026-02-03,18-23,19,60,6,3,0,0.0,0.0
2026-02-03,18-23,20,60,6,3,0,0.0,0.0
2026-02-03,18-23,21,60,6,3,0,0.0,0.0
2026-02-03,18-23,22,60,6,3,0,0.0,0.0
2026-02-03,18-23,23,60,6,3,0,0.0,0.0
2026-02-04,00-06,0,60,6,3,0,0.0,0.0
2026-02-04,00-06,2,60,6,3,0,0.0,0.0
2026-02-04,00-06,3,60,6,3,0,0.0,0.0
2026-02-04,00-06,4,60,6,3,0,0.0,0.0
2026-02-04,00-06,5,60,6,3,0,0.0,0.0
2026-02-04,00-06,6,60,6,3,0,0.0,0.0
2026-02-04,07-12,7,60,6,3,0,0.0,0.0
2026-02-04,07-12,8,60,6,3,0,0.0,0.0
2026-02-04,07-12,9,60,6,3,0,0.0,0.0
2026-02-04,07-12,10,60,6,3,0,0.0,0.0
2026-02-04,07-12,11,60,6,3,0,0.0,0.0
2026-02-04,07-12,12,60,6,3,0,0.0,0.0
2026-02-04,13-17,13,60,6,3,0,0.0,0.0
2026-02-04,13-17,14,60,6,3,0,0.0,0.0
2026-02-04,13-17,15,60,6,3,0,0.0,0.0
2026-02-04,13-17,16,60,6,3,0,0.0,0.0
2026-02-04,13-17,17,60,6,3,0,0.0,0.0
2026-02-04,18-23,18,60,6,3,0,0.0,0.0
2026-02-04,18-23,19,60,6,3,1,0.16666666666666666,0.016666666666666666
2026-02-04,18-23,20,60,6,3,0,0.0,0.0
2026-02-04,18-23,21,60,6,3,0,0.0,0.0
2026-02-04,18-23,22,60,6,3,0,0.0,0.0
2026-02-04,18-23,23,60,6,3,0,0.0,0.0
2026-02-05,00-06,0,60,6,3,0,0.0,0.0
2026-02-05,00-06,2,60,6,3,0,0.0,0.0
2026-02-05,00-06,3,60,6,3,0,0.0,0.0
2026-02-05,00-06,4,60,6,3,0,0.0,0.0
2026-02-05,00-06,5,60,6,3,0,0.0,0.0
2026-02-05,00-06,6,60,6,3,0,0.0,0.0
2026-02-05,07-12,7,60,6,3,0,0.0,0.0
2026-02-05,07-12,8,60,6,3,0,0.0,0.0
2026-02-05,07-12,9,60,6,3,0,0.0,0.0
2026-02-05,07-12,10,60,6,3,0,0.0,0.0
2026-02-05,07-12,11,60,6,3,0,0.0,0.0
2026-02-05,07-12,12,60,6,3,0,0.0,0.0
2026-02-05,13-17,13,60,6,3,0,0.0,0.0
2026-02-05,13-17,14,60,6,3,0,0.0,0.0
2026-02-05,13-17,15,60,6,3,0,0.0,0.0
2026-02-05,13-17,16,60,6,3,0,0.0,0.0
2026-02-05,13-17,17,60,6,3,1,0.16666666666666666,0.016666666666666666
2026-02-05,18-23,18,60,6,3,0,0.0,0.0
2026-02-05,18-23,19,60,6,3,0,0.0,0.0
2026-02-05,18-23,20,60,6,3,0,0.0,0.0
2026-02-05,18-23,21,60,6,3,0,0.0,0.0
2026-02-05,18-23,22,60,6,3,0,0.0,0.0
2026-02-05,18-23,23,60,6,3,0,0.0,0.0
2026-02-06,00-06,0,60,6,3,0,0.0,0.0
2026-02-06,00-06,2,60,6,3,0,0.0,0.0
2026-02-06,00-06,3,60,6,3,0,0.0,0.0
2026-02-06,00-06,4,60,6,3,0,0.0,0.0
2026-02-06,00-06,5,60,6,3,0,0.0,0.0
2026-02-06,00-06,6,60,6,3,0,0.0,0.0
2026-02-06,07-12,7,60,6,3,1,0.16666666666666666,0.016666666666666666
2026-02-06,07-12,8,60,6,3,0,0.0,0.0
2026-02-06,07-12,9,60,6,3,1,0.16666666666666666,0.016666666666666666
2026-02-06,07-12,10,60,6,3,0,0.0,0.0
2026-02-06,07-12,11,60,6,3,0,0.0,0.0
2026-02-06,07-12,12,60,6,3,0,0.0,0.0
2026-02-06,13-17,13,60,6,3,0,0.0,0.0
2026-02-06,13-17,14,60,6,3,0,0.0,0.0
2026-02-06,13-17,15,60,6,3,1,0.16666666666666666,0.016666666666666666
2026-02-06,13-17,16,60,6,3,0,0.0,0.0
2026-02-06,13-17,17,60,6,3,0,0.0,0.0
2026-02-06,18-23,18,60,6,3,0,0.0,0.0
2026-02-06,18-23,19,60,6,3,0,0.0,0.0
2026-02-06,18-23,20,60,6,3,0,0.0,0.0
2026-02-06,18-23,21,60,6,3,0,0.0,0.0
2026-02-06,18-23,22,60,6,3,0,0.0,0.0
2026-02-06,18-23,23,60,6,3,0,0.0,0.0
2026-02-07,00-06,0,60,6,3,0,0.0,0.0
2026-02-09,00-06,2,60,6,3,0,0.0,0.0
2026-02-09,00-06,3,60,6,3,0,0.0,0.0
2026-02-09,00-06,4,60,6,3,0,0.0,0.0
2026-02-09,00-06,5,60,6,3,0,0.0,0.0
2026-02-09,00-06,6,60,6,3,0,0.0,0.0
2026-02-09,07-12,7,60,6,3,0,0.0,0.0
2026-02-09,07-12,8,60,6,3,0,0.0,0.0
2026-02-09,07-12,9,60,6,3,0,0.0,0.0
2026-02-09,07-12,10,60,6,3,0,0.0,0.0
2026-02-09,07-12,11,60,6,3,0,0.0,0.0
2026-02-09,07-12,12,60,6,3,1,0.16666666666666666,0.016666666666666666
2026-02-09,13-17,13,60,6,3,0,0.0,0.0
2026-02-09,13-17,14,60,6,3,0,0.0,0.0
2026-02-09,13-17,15,60,6,3,0,0.0,0.0
2026-02-09,13-17,16,60,6,3,0,0.0,0.0
2026-02-09,13-17,17,60,6,3,0,0.0,0.0
2026-02-09,18-23,18,60,6,3,0,0.0,0.0
2026-02-09,18-23,19,60,6,3,0,0.0,0.0
2026-02-09,18-23,20,60,6,3,0,0.0,0.0
2026-02-09,18-23,21,60,6,3,0,0.0,0.0
2026-02-09,18-23,22,60,6,3,0,0.0,0.0
2026-02-09,18-23,23,60,6,3,0,0.0,0.0
2026-02-10,00-06,0,60,6,3,0,0.0,0.0
2026-02-10,00-06,2,60,6,3,0,0.0,0.0
2026-02-10,00-06,3,60,6,3,0,0.0,0.0
2026-02-10,00-06,4,60,6,3,0,0.0,0.0
2026-02-10,00-06,5,60,6,3,0,0.0,0.0
2026-02-10,00-06,6,60,6,3,0,0.0,0.0
2026-02-10,07-12,7,60,6,3,0,0.0,0.0
2026-02-10,07-12,8,60,6,3,0,0.0,0.0
2026-02-10,07-12,9,60,6,3,0,0.0,0.0
2026-02-10,07-12,10,60,6,3,0,0.0,0.0
2026-02-10,07-12,11,60,6,3,0,0.0,0.0
2026-02-10,07-12,12,60,6,3,0,0.0,0.0
2026-02-10,13-17,13,60,6,3,0,0.0,0.0
2026-02-10,13-17,14,60,6,3,0,0.0,0.0
2026-02-10,13-17,15,60,6,3,0,0.0,0.0
2026-02-10,13-17,16,60,6,3,0,0.0,0.0
2026-02-10,13-17,17,60,6,3,0,0.0,0.0
2026-02-10,18-23,18,60,6,3,0,0.0,0.0
2026-02-10,18-23,19,60,6,3,0,0.0,0.0
2026-02-10,18-23,20,60,6,3,0,0.0,0.0
2026-02-10,18-23,21,60,6,3,0,0.0,0.0
2026-02-10,18-23,22,60,6,3,0,0.0,0.0
2026-02-10,18-23,23,60,6,3,0,0.0,0.0
2026-02-11,00-06,0,60,6,3,0,0.0,0.0
2026-02-11,00-06,2,60,6,3,0,0.0,0.0
2026-02-11,00-06,3,60,6,3,0,0.0,0.0
2026-02-11,00-06,4,60,6,3,0,0.0,0.0
2026-02-11,00-06,5,60,6,3,0,0.0,0.0
2026-02-11,00-06,6,60,6,3,0,0.0,0.0
2026-02-11,07-12,7,60,6,3,0,0.0,0.0
2026-02-11,07-12,8,60,6,3,0,0.0,0.0
2026-02-11,07-12,9,60,6,3,0,0.0,0.0
2026-02-11,07-12,10,60,6,3,0,0.0,0.0
2026-02-11,07-12,11,60,6,3,0,0.0,0.0
2026-02-11,07-12,12,60,6,3,0,0.0,0.0
2026-02-11,13-17,13,60,6,3,0,0.0,0.0
2026-02-11,13-17,14,60,6,3,0,0.0,0.0
2026-02-11,13-17,15,60,6,3,0,0.0,0.0
2026-02-11,13-17,16,60,6,3,0,0.0,0.0
2026-02-11,13-17,17,60,6,3,1,0.16666666666666666,0.016666666666666666
2026-02-11,18-23,18,60,6,3,0,0.0,0.0
2026-02-11,18-23,19,60,6,3,0,0.0,0.0
2026-02-11,18-23,20,60,6,3,0,0.0,0.0
2026-02-11,18-23,21,60,6,3,0,0.0,0.0
2026-02-11,18-23,22,60,6,3,0,0.0,0.0
2026-02-11,18-23,23,60,6,3,0,0.0,0.0
2026-02-12,00-06,0,60,6,3,0,0.0,0.0
2026-02-12,00-06,2,60,6,3,0,0.0,0.0
2026-02-12,00-06,3,60,6,3,0,0.0,0.0
2026-02-12,00-06,4,60,6,3,0,0.0,0.0
2026-02-12,00-06,5,60,6,3,0,0.0,0.0
2026-02-12,00-06,6,60,6,3,0,0.0,0.0
2026-02-12,07-12,7,60,6,3,1,0.16666666666666666,0.016666666666666666
2026-02-12,07-12,8,60,6,3,0,0.0,0.0
2026-02-12,07-12,9,60,6,3,0,0.0,0.0
2026-02-12,07-12,10,60,6,3,0,0.0,0.0
2026-02-12,07-12,11,60,6,3,1,0.16666666666666666,0.016666666666666666
2026-02-12,07-12,12,60,6,3,0,0.0,0.0
2026-02-12,13-17,13,60,6,3,1,0.16666666666666666,0.016666666666666666
2026-02-12,13-17,14,60,6,3,0,0.0,0.0
2026-02-12,13-17,15,60,6,3,0,0.0,0.0
2026-02-12,13-17,16,60,6,3,0,0.0,0.0
2026-02-12,13-17,17,60,6,3,0,0.0,0.0
2026-02-12,18-23,18,60,6,3,0,0.0,0.0
2026-02-12,18-23,19,60,6,3,0,0.0,0.0
2026-02-12,18-23,20,60,6,3,0,0.0,0.0
2026-02-12,18-23,21,60,6,3,0,0.0,0.0
2026-02-12,18-23,22,60,6,3,0,0.0,0.0
2026-02-12,18-23,23,60,6,3,0,0.0,0.0
2026-02-13,00-06,0,60,6,3,0,0.0,0.0
2026-02-13,00-06,2,53,5,2,0,0.0,0.0
2026-02-13,00-06,3,60,6,3,0,0.0,0.0
2026-02-13,00-06,4,60,6,3,0,0.0,0.0
2026-02-13,00-06,5,60,6,3,0,0.0,0.0
2026-02-13,00-06,6,60,6,3,0,0.0,0.0
2026-02-13,07-12,7,60,6,3,0,0.0,0.0
2026-02-13,07-12,8,60,6,3,0,0.0,0.0
2026-02-13,07-12,9,60,6,3,1,0.16666666666666666,0.016666666666666666
2026-02-13,07-12,10,60,6,3,0,0.0,0.0
2026-02-13,07-12,11,60,6,3,0,0.0,0.0
2026-02-13,07-12,12,60,6,3,0,0.0,0.0
2026-02-13,13-17,13,60,6,3,1,0.16666666666666666,0.016666666666666666
2026-02-13,13-17,14,60,6,3,0,0.0,0.0
2026-02-13,13-17,15,60,6,3,0,0.0,0.0
2026-02-13,13-17,16,60,6,3,0,0.0,0.0
2026-02-13,13-17,17,60,6,3,0,0.0,0.0
2026-02-13,18-23,18,60,6,3,0,0.0,0.0
2026-02-13,18-23,19,60,6,3,0,0.0,0.0
2026-02-13,18-23,20,60,6,3,0,0.0,0.0
2026-02-13,18-23,21,60,6,3,0,0.0,0.0
2026-02-13,18-23,22,60,6,3,0,0.0,0.0
2026-02-13,18-23,23,60,6,3,0,0.0,0.0
2026-02-14,00-06,0,60,6,3,0,0.0,0.0
2026-02-16,00-06,2,60,6,3,0,0.0,0.0
2026-02-16,00-06,3,60,6,3,0,0.0,0.0
2026-02-16,00-06,4,60,6,3,0,0.0,0.0
2026-02-16,00-06,5,60,6,3,0,0.0,0.0
2026-02-16,00-06,6,60,6,3,0,0.0,0.0
2026-02-16,07-12,7,60,6,3,0,0.0,0.0
2026-02-16,07-12,8,60,6,3,0,0.0,0.0
2026-02-16,07-12,9,60,6,3,0,0.0,0.0
2026-02-16,07-12,10,60,6,3,0,0.0,0.0
2026-02-16,07-12,11,60,6,3,0,0.0,0.0
2026-02-16,07-12,12,60,6,3,0,0.0,0.0
2026-02-16,13-17,13,60,6,3,0,0.0,0.0
2026-02-16,13-17,14,60,6,3,0,0.0,0.0
2026-02-16,13-17,15,60,6,3,0,0.0,0.0
2026-02-16,13-17,16,60,6,3,0,0.0,0.0
2026-02-16,13-17,17,60,6,3,0,0.0,0.0
2026-02-16,18-23,18,60,6,3,0,0.0,0.0
2026-02-16,18-23,19,60,6,3,0,0.0,0.0
2026-02-16,18-23,20,60,6,3,0,0.0,0.0
2026-02-16,18-23,21,60,6,3,0,0.0,0.0
2026-02-16,18-23,22,29,3,3,0,0.0,0.0
2026-02-17,00-06,2,60,6,3,0,0.0,0.0
2026-02-17,00-06,3,60,6,3,0,0.0,0.0
2026-02-17,00-06,4,60,6,3,0,0.0,0.0
2026-02-17,00-06,5,60,6,3,0,0.0,0.0
2026-02-17,00-06,6,60,6,3,0,0.0,0.0
2026-02-17,07-12,7,60,6,3,0,0.0,0.0
2026-02-17,07-12,8,60,6,3,0,0.0,0.0
2026-02-17,07-12,9,60,6,3,0,0.0,0.0
2026-02-17,07-12,10,60,6,3,0,0.0,0.0
2026-02-17,07-12,11,60,6,3,0,0.0,0.0
2026-02-17,07-12,12,60,6,3,1,0.16666666666666666,0.016666666666666666
2026-02-17,13-17,13,60,6,3,0,0.0,0.0
2026-02-17,13-17,14,60,6,3,0,0.0,0.0
2026-02-17,13-17,15,60,6,3,0,0.0,0.0
2026-02-17,13-17,16,60,6,3,0,0.0,0.0
2026-02-17,13-17,17,60,6,3,0,0.0,0.0
2026-02-17,18-23,18,60,6,3,0,0.0,0.0
2026-02-17,18-23,19,60,6,3,0,0.0,0.0
2026-02-17,18-23,20,60,6,3,0,0.0,0.0
2026-02-17,18-23,21,60,6,3,0,0.0,0.0
2026-02-17,18-23,22,60,6,3,0,0.0,0.0
2026-02-17,18-23,23,60,6,3,0,0.0,0.0
2026-02-18,00-06,0,60,6,3,0,0.0,0.0
2026-02-18,00-06,2,58,4,1,0,0.0,0.0
2026-02-18,00-06,3,60,6,3,0,0.0,0.0
2026-02-18,00-06,4,60,6,3,0,0.0,0.0
2026-02-18,00-06,5,60,6,3,1,0.16666666666666666,0.016666666666666666
2026-02-18,00-06,6,60,6,3,0,0.0,0.0
2026-02-18,07-12,7,60,6,3,0,0.0,0.0
2026-02-18,07-12,8,60,6,3,0,0.0,0.0
2026-02-18,07-12,9,60,6,3,0,0.0,0.0
2026-02-18,07-12,10,60,6,3,0,0.0,0.0
2026-02-18,07-12,11,60,6,3,0,0.0,0.0
2026-02-18,07-12,12,60,6,3,0,0.0,0.0
2026-02-18,13-17,13,60,6,3,0,0.0,0.0
2026-02-18,13-17,14,60,6,3,0,0.0,0.0
2026-02-18,13-17,15,60,6,3,0,0.0,0.0
2026-02-18,13-17,16,60,6,3,0,0.0,0.0
2026-02-18,13-17,17,60,6,3,0,0.0,0.0
2026-02-18,18-23,18,60,6,3,0,0.0,0.0
2026-02-18,18-23,19,60,6,3,0,0.0,0.0
2026-02-18,18-23,20,60,6,3,0,0.0,0.0
2026-02-18,18-23,21,60,6,3,0,0.0,0.0
2026-02-18,18-23,22,60,6,3,0,0.0,0.0
2026-02-18,18-23,23,60,6,3,0,0.0,0.0
2026-02-19,00-06,0,60,6,3,0,0.0,0.0
2026-02-19,00-06,2,60,6,3,0,0.0,0.0
2026-02-19,00-06,3,60,6,3,0,0.0,0.0
2026-02-19,00-06,4,60,6,3,0,0.0,0.0
2026-02-19,00-06,5,60,6,3,0,0.0,0.0
2026-02-19,00-06,6,60,6,3,0,0.0,0.0
2026-02-19,07-12,7,60,6,3,0,0.0,0.0
2026-02-19,07-12,8,60,6,3,0,0.0,0.0
2026-02-19,07-12,9,60,6,3,0,0.0,0.0
2026-02-19,07-12,10,60,6,3,0,0.0,0.0
2026-02-19,07-12,11,60,6,3,0,0.0,0.0
2026-02-19,07-12,12,60,6,3,0,0.0,0.0
2026-02-19,13-17,13,60,6,3,0,0.0,0.0
2026-02-19,13-17,14,60,6,3,0,0.0,0.0
2026-02-19,13-17,15,60,6,3,0,0.0,0.0
2026-02-19,13-17,16,60,6,3,0,0.0,0.0
2026-02-19,13-17,17,60,6,3,0,0.0,0.0
2026-02-19,18-23,18,60,6,3,0,0.0,0.0
2026-02-19,18-23,19,60,6,3,0,0.0,0.0
2026-02-19,18-23,20,60,6,3,0,0.0,0.0
2026-02-19,18-23,21,60,6,3,0,0.0,0.0
2026-02-19,18-23,22,60,6,3,1,0.16666666666666666,0.016666666666666666
2026-02-19,18-23,23,60,6,3,0,0.0,0.0
2026-02-20,00-06,0,60,6,3,0,0.0,0.0
2026-02-20,00-06,2,60,6,3,0,0.0,0.0
2026-02-20,00-06,3,60,6,3,0,0.0,0.0
2026-02-20,00-06,4,60,6,3,0,0.0,0.0
2026-02-20,00-06,5,60,6,3,1,0.16666666666666666,0.016666666666666666
2026-02-20,00-06,6,60,6,3,0,0.0,0.0
2026-02-20,07-12,7,60,6,3,0,0.0,0.0
2026-02-20,07-12,8,60,6,3,0,0.0,0.0
2026-02-20,07-12,9,60,6,3,0,0.0,0.0
2026-02-20,07-12,10,60,6,3,0,0.0,0.0
2026-02-20,07-12,11,60,6,3,0,0.0,0.0
2026-02-20,07-12,12,60,6,3,0,0.0,0.0
2026-02-20,13-17,13,60,6,3,0,0.0,0.0
2026-02-20,13-17,14,60,6,3,0,0.0,0.0
2026-02-20,13-17,15,60,6,3,0,0.0,0.0
2026-02-20,13-17,16,60,6,3,0,0.0,0.0
2026-02-20,13-17,17,60,6,3,0,0.0,0.0
2026-02-20,18-23,18,60,6,3,0,0.0,0.0
2026-02-20,18-23,19,60,6,3,0,0.0,0.0
2026-02-20,18-23,20,60,6,3,0,0.0,0.0
2026-02-20,18-23,21,60,6,3,0,0.0,0.0
2026-02-20,18-23,22,60,6,3,0,0.0,0.0
2026-02-20,18-23,23,60,6,3,0,0.0,0.0
2026-02-21,00-06,0,60,6,3,0,0.0,0.0
2026-02-23,00-06,2,60,6,3,0,0.0,0.0
2026-02-23,00-06,3,60,6,3,0,0.0,0.0
2026-02-23,00-06,4,60,6,3,0,0.0,0.0
2026-02-23,00-06,5,60,6,3,0,0.0,0.0
2026-02-23,00-06,6,60,6,3,0,0.0,0.0
2026-02-23,07-12,7,60,6,3,0,0.0,0.0
2026-02-23,07-12,8,60,6,3,0,0.0,0.0
2026-02-23,07-12,9,60,6,3,1,0.16666666666666666,0.016666666666666666
2026-02-23,07-12,10,60,6,3,0,0.0,0.0
2026-02-23,07-12,11,60,6,3,1,0.16666666666666666,0.016666666666666666
2026-02-23,07-12,12,60,6,3,0,0.0,0.0
2026-02-23,13-17,13,60,6,3,0,0.0,0.0
2026-02-23,13-17,14,60,6,3,0,0.0,0.0
2026-02-23,13-17,15,60,6,3,1,0.16666666666666666,0.016666666666666666
2026-02-23,13-17,16,60,6,3,0,0.0,0.0
2026-02-23,13-17,17,60,6,3,0,0.0,0.0
2026-02-23,18-23,18,60,6,3,0,0.0,0.0
2026-02-23,18-23,19,60,6,3,0,0.0,0.0
2026-02-23,18-23,20,60,6,3,0,0.0,0.0
2026-02-23,18-23,21,60,6,3,0,0.0,0.0
2026-02-23,18-23,22,60,6,3,0,0.0,0.0
2026-02-23,18-23,23,60,6,3,0,0.0,0.0
2026-02-24,00-06,0,60,6,3,0,0.0,0.0
2026-02-24,00-06,2,60,6,3,0,0.0,0.0
2026-02-24,00-06,3,60,6,3,0,0.0,0.0
2026-02-24,00-06,4,60,6,3,0,0.0,0.0
2026-02-24,00-06,5,60,6,3,0,0.0,0.0
2026-02-24,00-06,6,60,6,3,0,0.0,0.0
2026-02-24,07-12,7,60,6,3,0,0.0,0.0
2026-02-24,07-12,8,60,6,3,0,0.0,0.0
2026-02-24,07-12,9,60,6,3,0,0.0,0.0
2026-02-24,07-12,10,60,6,3,1,0.16666666666666666,0.016666666666666666
2026-02-24,07-12,11,60,6,3,0,0.0,0.0
2026-02-24,07-12,12,60,6,3,0,0.0,0.0
2026-02-24,13-17,13,60,6,3,0,0.0,0.0
2026-02-24,13-17,14,60,6,3,0,0.0,0.0
2026-02-24,13-17,15,60,6,3,2,0.3333333333333333,0.03333333333333333
2026-02-24,13-17,16,60,6,3,0,0.0,0.0
2026-02-24,13-17,17,60,6,3,0,0.0,0.0
2026-02-24,18-23,18,60,6,3,0,0.0,0.0
2026-02-24,18-23,19,60,6,3,0,0.0,0.0
2026-02-24,18-23,20,60,6,3,0,0.0,0.0
2026-02-24,18-23,21,60,6,3,0,0.0,0.0
2026-02-24,18-23,22,60,6,3,0,0.0,0.0
2026-02-24,18-23,23,60,6,3,0,0.0,0.0
2026-02-25,00-06,0,60,6,3,0,0.0,0.0
2026-02-25,00-06,2,59,5,2,0,0.0,0.0
2026-02-25,00-06,3,60,6,3,0,0.0,0.0
2026-02-25,00-06,4,60,6,3,0,0.0,0.0
2026-02-25,00-06,5,60,6,3,0,0.0,0.0
2026-02-25,00-06,6,60,6,3,0,0.0,0.0
2026-02-25,07-12,7,60,6,3,1,0.16666666666666666,0.016666666666666666
2026-02-25,07-12,8,60,6,3,0,0.0,0.0
2026-02-25,07-12,9,60,6,3,0,0.0,0.0
2026-02-25,07-12,10,60,6,3,0,0.0,0.0
2026-02-25,07-12,11,60,6,3,1,0.16666666666666666,0.016666666666666666
2026-02-25,07-12,12,60,6,3,1,0.16666666666666666,0.016666666666666666
2026-02-25,13-17,13,60,6,3,0,0.0,0.0
2026-02-25,13-17,14,60,6,3,0,0.0,0.0
2026-02-25,13-17,15,60,6,3,0,0.0,0.0
2026-02-25,13-17,16,60,6,3,1,0.16666666666666666,0.016666666666666666
2026-02-25,13-17,17,60,6,3,0,0.0,0.0
2026-02-25,18-23,18,60,6,3,0,0.0,0.0
2026-02-25,18-23,19,60,6,3,0,0.0,0.0
2026-02-25,18-23,20,60,6,3,0,0.0,0.0
2026-02-25,18-23,21,60,6,3,0,0.0,0.0
2026-02-25,18-23,22,60,6,3,0,0.0,0.0
2026-02-25,18-23,23,60,6,3,0,0.0,0.0
2026-02-26,00-06,0,60,6,3,0,0.0,0.0
2026-02-26,00-06,2,60,6,3,0,0.0,0.0
2026-02-26,00-06,3,60,6,3,0,0.0,0.0
2026-02-26,00-06,4,60,6,3,0,0.0,0.0
2026-02-26,00-06,5,60,6,3,0,0.0,0.0
2026-02-26,00-06,6,60,6,3,0,0.0,0.0
2026-02-26,07-12,7,60,6,3,0,0.0,0.0
2026-02-26,07-12,8,60,6,3,1,0.16666666666666666,0.016666666666666666
2026-02-26,07-12,9,60,6,3,0,0.0,0.0
2026-02-26,07-12,10,60,6,3,0,0.0,0.0
2026-02-26,07-12,11,60,6,3,1,0.16666666666666666,0.016666666666666666
2026-02-26,07-12,12,60,6,3,0,0.0,0.0
2026-02-26,13-17,13,60,6,3,1,0.16666666666666666,0.016666666666666666
2026-02-26,13-17,14,60,6,3,0,0.0,0.0
2026-02-26,13-17,15,60,6,3,1,0.16666666666666666,0.016666666666666666
2026-02-26,13-17,16,60,6,3,0,0.0,0.0
2026-02-26,13-17,17,60,6,3,0,0.0,0.0
2026-02-26,18-23,18,60,6,3,0,0.0,0.0
2026-02-26,18-23,19,60,6,3,0,0.0,0.0
2026-02-26,18-23,20,60,6,3,0,0.0,0.0
2026-02-26,18-23,21,60,6,3,0,0.0,0.0
2026-02-26,18-23,22,60,6,3,0,0.0,0.0
2026-02-26,18-23,23,60,6,3,0,0.0,0.0
2026-02-27,00-06,0,60,6,3,0,0.0,0.0
2026-02-27,00-06,2,60,6,3,0,0.0,0.0
2026-02-27,00-06,3,60,6,3,0,0.0,0.0
2026-02-27,00-06,4,60,6,3,0,0.0,0.0
2026-02-27,00-06,5,60,6,3,0,0.0,0.0
2026-02-27,00-06,6,60,6,3,1,0.16666666666666666,0.016666666666666666
2026-02-27,07-12,7,60,6,3,0,0.0,0.0
2026-02-27,07-12,8,60,6,3,0,0.0,0.0
2026-02-27,07-12,9,60,6,3,1,0.16666666666666666,0.016666666666666666
2026-02-27,07-12,10,60,6,3,0,0.0,0.0
2026-02-27,07-12,11,60,6,3,0,0.0,0.0
2026-02-27,07-12,12,60,6,3,1,0.16666666666666666,0.016666666666666666
2026-02-27,13-17,13,60,6,3,0,0.0,0.0
2026-02-27,13-17,14,60,6,3,0,0.0,0.0
2026-02-27,13-17,15,60,6,3,0,0.0,0.0
2026-02-27,13-17,16,60,6,3,0,0.0,0.0
2026-02-27,13-17,17,60,6,3,3,0.5,0.05
2026-02-27,18-23,18,60,6,3,0,0.0,0.0
2026-02-27,18-23,19,60,6,3,0,0.0,0.0
2026-02-27,18-23,20,60,6,3,0,0.0,0.0
2026-02-27,18-23,21,60,6,3,0,0.0,0.0
2026-02-27,18-23,22,60,6,3,0,0.0,0.0
2026-02-27,18-23,23,60,6,3,0,0.0,0.0
2026-02-28,00-06,0,60,6,3,0,0.0,0.0
2026-03-02,00-06,2,59,6,3,0,0.0,0.0
2026-03-02,00-06,3,60,6,3,0,0.0,0.0
2026-03-02,00-06,4,60,6,3,0,0.0,0.0
2026-03-02,00-06,5,60,6,3,0,0.0,0.0
2026-03-02,00-06,6,60,6,3,0,0.0,0.0
2026-03-02,07-12,7,60,6,3,0,0.0,0.0
2026-03-02,07-12,8,60,6,3,0,0.0,0.0
2026-03-02,07-12,9,60,6,3,1,0.16666666666666666,0.016666666666666666
2026-03-02,07-12,10,60,6,3,1,0.16666666666666666,0.016666666666666666
2026-03-02,07-12,11,60,6,3,0,0.0,0.0
2026-03-02,07-12,12,60,6,3,0,0.0,0.0
2026-03-02,13-17,13,60,6,3,0,0.0,0.0
2026-03-02,13-17,14,60,6,3,1,0.16666666666666666,0.016666666666666666
2026-03-02,13-17,15,60,6,3,0,0.0,0.0
2026-03-02,13-17,16,60,6,3,0,0.0,0.0
2026-03-02,13-17,17,60,6,3,0,0.0,0.0
2026-03-02,18-23,18,60,6,3,0,0.0,0.0
2026-03-02,18-23,19,60,6,3,0,0.0,0.0
2026-03-02,18-23,20,60,6,3,0,0.0,0.0
2026-03-02,18-23,21,60,6,3,0,0.0,0.0
2026-03-02,18-23,22,60,6,3,0,0.0,0.0
2026-03-02,18-23,23,60,6,3,0,0.0,0.0
2026-03-03,00-06,0,60,6,3,0,0.0,0.0
2026-03-03,00-06,2,60,6,3,0,0.0,0.0
2026-03-03,00-06,3,60,6,3,0,0.0,0.0
2026-03-03,00-06,4,60,6,3,0,0.0,0.0
2026-03-03,00-06,5,60,6,3,0,0.0,0.0
2026-03-03,00-06,6,60,6,3,0,0.0,0.0
2026-03-03,07-12,7,60,6,3,1,0.16666666666666666,0.016666666666666666
2026-03-03,07-12,8,60,6,3,0,0.0,0.0
2026-03-03,07-12,9,60,6,3,0,0.0,0.0
2026-03-03,07-12,10,60,6,3,0,0.0,0.0
2026-03-03,07-12,11,60,6,3,0,0.0,0.0
2026-03-03,07-12,12,60,6,3,1,0.16666666666666666,0.016666666666666666
2026-03-03,13-17,13,60,6,3,0,0.0,0.0
2026-03-03,13-17,14,60,6,3,0,0.0,0.0
2026-03-03,13-17,15,60,6,3,0,0.0,0.0
2026-03-03,13-17,16,60,6,3,1,0.16666666666666666,0.016666666666666666
2026-03-03,13-17,17,60,6,3,0,0.0,0.0
2026-03-03,18-23,18,60,6,3,0,0.0,0.0
2026-03-03,18-23,19,60,6,3,0,0.0,0.0
2026-03-03,18-23,20,60,6,3,0,0.0,0.0
2026-03-03,18-23,21,60,6,3,0,0.0,0.0
2026-03-03,18-23,22,60,6,3,0,0.0,0.0
2026-03-03,18-23,23,60,6,3,0,0.0,0.0
2026-03-04,00-06,0,60,6,3,0,0.0,0.0
2026-03-04,00-06,2,60,6,3,0,0.0,0.0
2026-03-04,00-06,3,60,6,3,0,0.0,0.0
2026-03-04,00-06,4,60,6,3,0,0.0,0.0
2026-03-04,00-06,5,60,6,3,0,0.0,0.0
2026-03-04,00-06,6,60,6,3,0,0.0,0.0
2026-03-04,07-12,7,60,6,3,0,0.0,0.0
2026-03-04,07-12,8,60,6,3,0,0.0,0.0
2026-03-04,07-12,9,60,6,3,1,0.16666666666666666,0.016666666666666666
2026-03-04,07-12,10,60,6,3,0,0.0,0.0
2026-03-04,07-12,11,60,6,3,0,0.0,0.0
2026-03-04,07-12,12,60,6,3,0,0.0,0.0
2026-03-04,13-17,13,60,6,3,1,0.16666666666666666,0.016666666666666666
2026-03-04,13-17,14,60,6,3,0,0.0,0.0
2026-03-04,13-17,15,60,6,3,0,0.0,0.0
2026-03-04,13-17,16,60,6,3,0,0.0,0.0
2026-03-04,13-17,17,60,6,3,0,0.0,0.0
2026-03-04,18-23,18,60,6,3,0,0.0,0.0
2026-03-04,18-23,19,60,6,3,0,0.0,0.0
2026-03-04,18-23,20,60,6,3,0,0.0,0.0
2026-03-04,18-23,21,60,6,3,0,0.0,0.0
2026-03-04,18-23,22,60,6,3,0,0.0,0.0
2026-03-04,18-23,23,60,6,3,0,0.0,0.0
2026-03-05,00-06,0,60,6,3,0,0.0,0.0
2026-03-05,00-06,2,60,6,3,0,0.0,0.0
2026-03-05,00-06,3,60,6,3,0,0.0,0.0
2026-03-05,00-06,4,60,6,3,0,0.0,0.0
2026-03-05,00-06,5,60,6,3,0,0.0,0.0
2026-03-05,00-06,6,60,6,3,0,0.0,0.0
2026-03-05,07-12,7,60,6,3,0,0.0,0.0
2026-03-05,07-12,8,60,6,3,0,0.0,0.0
2026-03-05,07-12,9,60,6,3,1,0.16666666666666666,0.016666666666666666
2026-03-05,07-12,10,60,6,3,0,0.0,0.0
2026-03-05,07-12,11,60,6,3,0,0.0,0.0
2026-03-05,07-12,12,60,6,3,0,0.0,0.0
2026-03-05,13-17,13,60,6,3,0,0.0,0.0
2026-03-05,13-17,14,60,6,3,0,0.0,0.0
2026-03-05,13-17,15,60,6,3,0,0.0,0.0
2026-03-05,13-17,16,60,6,3,0,0.0,0.0
2026-03-05,13-17,17,60,6,3,0,0.0,0.0
2026-03-05,18-23,18,60,6,3,0,0.0,0.0
2026-03-05,18-23,19,60,6,3,0,0.0,0.0
2026-03-05,18-23,20,60,6,3,0,0.0,0.0
2026-03-05,18-23,21,60,6,3,1,0.16666666666666666,0.016666666666666666
2026-03-05,18-23,22,60,6,3,0,0.0,0.0
2026-03-05,18-23,23,60,6,3,0,0.0,0.0
2026-03-06,00-06,0,60,6,3,0,0.0,0.0
2026-03-06,00-06,2,58,4,1,0,0.0,0.0
2026-03-06,00-06,3,60,6,3,0,0.0,0.0
2026-03-06,00-06,4,60,6,3,0,0.0,0.0
2026-03-06,00-06,5,60,6,3,0,0.0,0.0
2026-03-06,00-06,6,60,6,3,0,0.0,0.0
2026-03-06,07-12,7,60,6,3,1,0.16666666666666666,0.016666666666666666
2026-03-06,07-12,8,60,6,3,0,0.0,0.0
2026-03-06,07-12,9,60,6,3,0,0.0,0.0
2026-03-06,07-12,10,60,6,3,1,0.16666666666666666,0.016666666666666666
2026-03-06,07-12,11,60,6,3,0,0.0,0.0
2026-03-06,07-12,12,60,6,3,0,0.0,0.0
2026-03-06,13-17,13,60,6,3,0,0.0,0.0
2026-03-06,13-17,14,60,6,3,0,0.0,0.0
2026-03-06,13-17,15,60,6,3,0,0.0,0.0
2026-03-06,13-17,16,60,6,3,0,0.0,0.0
2026-03-06,13-17,17,60,6,3,0,0.0,0.0
2026-03-06,18-23,18,60,6,3,0,0.0,0.0
2026-03-06,18-23,19,60,6,3,0,0.0,0.0
2026-03-06,18-23,20,60,6,3,0,0.0,0.0
2026-03-06,18-23,21,60,6,3,0,0.0,0.0
2026-03-06,18-23,22,60,6,3,0,0.0,0.0
2026-03-06,18-23,23,60,6,3,0,0.0,0.0
2026-03-07,00-06,0,60,6,3,0,0.0,0.0
2026-03-09,00-06,1,60,6,3,0,0.0,0.0
2026-03-09,00-06,2,60,6,3,0,0.0,0.0
2026-03-09,00-06,3,60,6,3,0,0.0,0.0
2026-03-09,00-06,4,60,6,3,0,0.0,0.0
2026-03-09,00-06,5,60,6,3,0,0.0,0.0
2026-03-09,00-06,6,60,6,3,0,0.0,0.0
2026-03-09,07-12,7,60,6,3,0,0.0,0.0
2026-03-09,07-12,8,60,6,3,0,0.0,0.0
2026-03-09,07-12,9,60,6,3,1,0.16666666666666666,0.016666666666666666
2026-03-09,07-12,10,60,6,3,1,0.16666666666666666,0.016666666666666666
2026-03-09,07-12,11,60,6,3,0,0.0,0.0
2026-03-09,07-12,12,60,6,3,0,0.0,0.0
2026-03-09,13-17,13,60,6,3,0,0.0,0.0
2026-03-09,13-17,14,60,6,3,1,0.16666666666666666,0.016666666666666666
2026-03-09,13-17,15,60,6,3,0,0.0,0.0
2026-03-09,13-17,16,60,6,3,0,0.0,0.0
2026-03-09,13-17,17,60,6,3,0,0.0,0.0
2026-03-09,18-23,18,60,6,3,0,0.0,0.0
2026-03-09,18-23,19,60,6,3,0,0.0,0.0
2026-03-09,18-23,20,60,6,3,0,0.0,0.0
2026-03-09,18-23,21,60,6,3,0,0.0,0.0
2026-03-09,18-23,22,60,6,3,0,0.0,0.0
2026-03-09,18-23,23,60,6,3,0,0.0,0.0
2026-03-10,00-06,1,60,6,3,0,0.0,0.0
2026-03-10,00-06,2,60,6,3,0,0.0,0.0
2026-03-10,00-06,3,60,6,3,0,0.0,0.0
2026-03-10,00-06,4,60,6,3,0,0.0,0.0
2026-03-10,00-06,5,60,6,3,0,0.0,0.0
2026-03-10,00-06,6,60,6,3,0,0.0,0.0
2026-03-10,07-12,7,60,6,3,0,0.0,0.0
2026-03-10,07-12,8,60,6,3,0,0.0,0.0
2026-03-10,07-12,9,60,6,3,1,0.16666666666666666,0.016666666666666666
2026-03-10,07-12,10,60,6,3,1,0.16666666666666666,0.016666666666666666
2026-03-10,07-12,11,60,6,3,1,0.16666666666666666,0.016666666666666666
2026-03-10,07-12,12,60,6,3,0,0.0,0.0
2026-03-10,13-17,13,60,6,3,0,0.0,0.0
2026-03-10,13-17,14,60,6,3,0,0.0,0.0
2026-03-10,13-17,15,60,6,3,0,0.0,0.0
2026-03-10,13-17,16,60,6,3,0,0.0,0.0
2026-03-10,13-17,17,60,6,3,0,0.0,0.0
2026-03-10,18-23,18,60,6,3,0,0.0,0.0
2026-03-10,18-23,19,60,6,3,0,0.0,0.0
2026-03-10,18-23,20,60,6,3,0,0.0,0.0
2026-03-10,18-23,21,60,6,3,0,0.0,0.0
2026-03-10,18-23,22,60,6,3,0,0.0,0.0
2026-03-10,18-23,23,60,6,3,0,0.0,0.0
2026-03-11,00-06,1,59,5,2,0,0.0,0.0
2026-03-11,00-06,2,60,6,3,0,0.0,0.0
2026-03-11,00-06,3,60,6,3,0,0.0,0.0
2026-03-11,00-06,4,60,6,3,0,0.0,0.0
2026-03-11,00-06,5,60,6,3,0,0.0,0.0
2026-03-11,00-06,6,60,6,3,0,0.0,0.0
2026-03-11,07-12,7,60,6,3,0,0.0,0.0
2026-03-11,07-12,8,60,6,3,0,0.0,0.0
2026-03-11,07-12,9,60,6,3,0,0.0,0.0
2026-03-11,07-12,10,60,6,3,1,0.16666666666666666,0.016666666666666666
2026-03-11,07-12,11,60,6,3,0,0.0,0.0
2026-03-11,07-12,12,60,6,3,1,0.16666666666666666,0.016666666666666666
2026-03-11,13-17,13,60,6,3,0,0.0,0.0
2026-03-11,13-17,14,60,6,3,0,0.0,0.0
2026-03-11,13-17,15,60,6,3,0,0.0,0.0
2026-03-11,13-17,16,60,6,3,0,0.0,0.0
2026-03-11,13-17,17,60,6,3,0,0.0,0.0
2026-03-11,18-23,18,60,6,3,0,0.0,0.0
2026-03-11,18-23,19,60,6,3,0,0.0,0.0
2026-03-11,18-23,20,60,6,3,0,0.0,0.0
2026-03-11,18-23,21,60,6,3,0,0.0,0.0
2026-03-11,18-23,22,60,6,3,0,0.0,0.0
2026-03-11,18-23,23,60,6,3,0,0.0,0.0
2026-03-12,00-06,1,60,6,3,0,0.0,0.0
2026-03-12,00-06,2,60,6,3,0,0.0,0.0
2026-03-12,00-06,3,60,6,3,0,0.0,0.0
2026-03-12,00-06,4,60,6,3,0,0.0,0.0
2026-03-12,00-06,5,60,6,3,0,0.0,0.0
2026-03-12,00-06,6,60,6,3,0,0.0,0.0
2026-03-12,07-12,7,60,6,3,0,0.0,0.0
2026-03-12,07-12,8,60,6,3,0,0.0,0.0
2026-03-12,07-12,9,60,6,3,1,0.16666666666666666,0.016666666666666666
2026-03-12,07-12,10,60,6,3,0,0.0,0.0
2026-03-12,07-12,11,60,6,3,1,0.16666666666666666,0.016666666666666666
2026-03-12,07-12,12,60,6,3,0,0.0,0.0
2026-03-12,13-17,13,60,6,3,2,0.3333333333333333,0.03333333333333333
2026-03-12,13-17,14,60,6,3,0,0.0,0.0
2026-03-12,13-17,15,60,6,3,0,0.0,0.0
2026-03-12,13-17,16,60,6,3,0,0.0,0.0
2026-03-12,13-17,17,60,6,3,0,0.0,0.0
2026-03-12,18-23,18,60,6,3,1,0.16666666666666666,0.016666666666666666
2026-03-12,18-23,19,60,6,3,0,0.0,0.0
2026-03-12,18-23,20,60,6,3,0,0.0,0.0
2026-03-12,18-23,21,60,6,3,0,0.0,0.0
2026-03-12,18-23,22,60,6,3,0,0.0,0.0
2026-03-12,18-23,23,60,6,3,0,0.0,0.0
2026-03-13,00-06,1,60,6,3,0,0.0,0.0
2026-03-13,00-06,2,60,6,3,0,0.0,0.0
2026-03-13,00-06,3,60,6,3,0,0.0,0.0
2026-03-13,00-06,4,60,6,3,0,0.0,0.0
2026-03-13,00-06,5,60,6,3,0,0.0,0.0
2026-03-13,00-06,6,60,6,3,0,0.0,0.0
2026-03-13,07-12,7,60,6,3,0,0.0,0.0
2026-03-13,07-12,8,60,6,3,1,0.16666666666666666,0.016666666666666666
2026-03-13,07-12,9,60,6,3,0,0.0,0.0
2026-03-13,07-12,10,60,6,3,0,0.0,0.0
2026-03-13,07-12,11,60,6,3,0,0.0,0.0
2026-03-13,07-12,12,60,6,3,0,0.0,0.0
2026-03-13,13-17,13,60,6,3,2,0.3333333333333333,0.03333333333333333
2026-03-13,13-17,14,60,6,3,0,0.0,0.0
2026-03-13,13-17,15,60,6,3,0,0.0,0.0
2026-03-13,13-17,16,60,6,3,0,0.0,0.0
2026-03-13,13-17,17,60,6,3,0,0.0,0.0
2026-03-13,18-23,18,60,6,3,0,0.0,0.0
2026-03-13,18-23,19,60,6,3,0,0.0,0.0
2026-03-13,18-23,20,60,6,3,0,0.0,0.0
2026-03-13,18-23,21,60,6,3,0,0.0,0.0
2026-03-13,18-23,22,60,6,3,0,0.0,0.0
2026-03-13,18-23,23,60,6,3,0,0.0,0.0
2026-03-16,00-06,1,60,6,3,0,0.0,0.0
2026-03-16,00-06,2,60,6,3,0,0.0,0.0
2026-03-16,00-06,3,60,6,3,0,0.0,0.0
2026-03-16,00-06,4,60,6,3,0,0.0,0.0
2026-03-16,00-06,5,60,6,3,0,0.0,0.0
2026-03-16,00-06,6,60,6,3,0,0.0,0.0
2026-03-16,07-12,7,60,6,3,1,0.16666666666666666,0.016666666666666666
2026-03-16,07-12,8,60,6,3,0,0.0,0.0
2026-03-16,07-12,9,60,6,3,0,0.0,0.0
2026-03-16,07-12,10,60,6,3,0,0.0,0.0
2026-03-16,07-12,11,60,6,3,1,0.16666666666666666,0.016666666666666666
2026-03-16,07-12,12,60,6,3,0,0.0,0.0
2026-03-16,13-17,13,60,6,3,0,0.0,0.0
2026-03-16,13-17,14,60,6,3,2,0.3333333333333333,0.03333333333333333
2026-03-16,13-17,15,60,6,3,0,0.0,0.0
2026-03-16,13-17,16,60,6,3,0,0.0,0.0
2026-03-16,13-17,17,60,6,3,0,0.0,0.0
2026-03-16,18-23,18,60,6,3,0,0.0,0.0
2026-03-16,18-23,19,60,6,3,0,0.0,0.0
2026-03-16,18-23,20,60,6,3,0,0.0,0.0
2026-03-16,18-23,21,60,6,3,0,0.0,0.0
2026-03-16,18-23,22,60,6,3,0,0.0,0.0
2026-03-16,18-23,23,60,6,3,0,0.0,0.0
2026-03-17,00-06,1,60,6,3,0,0.0,0.0
2026-03-17,00-06,2,60,6,3,0,0.0,0.0
2026-03-17,00-06,3,60,6,3,0,0.0,0.0
2026-03-17,00-06,4,60,6,3,0,0.0,0.0
2026-03-17,00-06,5,60,6,3,0,0.0,0.0
2026-03-17,00-06,6,60,6,3,0,0.0,0.0
2026-03-17,07-12,7,60,6,3,0,0.0,0.0
2026-03-17,07-12,8,60,6,3,0,0.0,0.0
2026-03-17,07-12,9,60,6,3,0,0.0,0.0
2026-03-17,07-12,10,60,6,3,0,0.0,0.0
2026-03-17,07-12,11,60,6,3,1,0.16666666666666666,0.016666666666666666
2026-03-17,07-12,12,60,6,3,0,0.0,0.0
2026-03-17,13-17,13,60,6,3,0,0.0,0.0
2026-03-17,13-17,14,60,6,3,0,0.0,0.0
2026-03-17,13-17,15,60,6,3,0,0.0,0.0
2026-03-17,13-17,16,60,6,3,1,0.16666666666666666,0.016666666666666666
2026-03-17,13-17,17,60,6,3,0,0.0,0.0
2026-03-17,18-23,18,60,6,3,0,0.0,0.0
2026-03-17,18-23,19,60,6,3,0,0.0,0.0
2026-03-17,18-23,20,60,6,3,0,0.0,0.0
2026-03-17,18-23,21,60,6,3,0,0.0,0.0
2026-03-17,18-23,22,60,6,3,0,0.0,0.0
2026-03-17,18-23,23,60,6,3,0,0.0,0.0
2026-03-18,00-06,1,60,6,3,0,0.0,0.0
2026-03-18,00-06,2,60,6,3,0,0.0,0.0
2026-03-18,00-06,3,60,6,3,0,0.0,0.0
2026-03-18,00-06,4,60,6,3,0,0.0,0.0
2026-03-18,00-06,5,60,6,3,0,0.0,0.0
2026-03-18,00-06,6,60,6,3,0,0.0,0.0
2026-03-18,07-12,7,60,6,3,0,0.0,0.0
2026-03-18,07-12,8,60,6,3,0,0.0,0.0
2026-03-18,07-12,9,60,6,3,0,0.0,0.0
2026-03-18,07-12,10,60,6,3,0,0.0,0.0
2026-03-18,07-12,11,60,6,3,0,0.0,0.0
2026-03-18,07-12,12,60,6,3,1,0.16666666666666666,0.016666666666666666
2026-03-18,13-17,13,60,6,3,0,0.0,0.0
2026-03-18,13-17,14,60,6,3,0,0.0,0.0
2026-03-18,13-17,15,60,6,3,0,0.0,0.0
2026-03-18,13-17,16,60,6,3,1,0.16666666666666666,0.016666666666666666
2026-03-18,13-17,17,60,6,3,0,0.0,0.0
2026-03-18,18-23,18,60,6,3,0,0.0,0.0
2026-03-18,18-23,19,60,6,3,0,0.0,0.0
2026-03-18,18-23,20,60,6,3,0,0.0,0.0
2026-03-18,18-23,21,60,6,3,0,0.0,0.0
2026-03-18,18-23,22,60,6,3,0,0.0,0.0
2026-03-18,18-23,23,60,6,3,0,0.0,0.0
2026-03-19,00-06,1,60,6,3,0,0.0,0.0
2026-03-19,00-06,2,60,6,3,0,0.0,0.0
2026-03-19,00-06,3,60,6,3,0,0.0,0.0
2026-03-19,00-06,4,60,6,3,0,0.0,0.0
2026-03-19,00-06,5,60,6,3,0,0.0,0.0
2026-03-19,00-06,6,60,6,3,0,0.0,0.0
2026-03-19,07-12,7,60,6,3,0,0.0,0.0
2026-03-19,07-12,8,60,6,3,0,0.0,0.0
2026-03-19,07-12,9,60,6,3,0,0.0,0.0
2026-03-19,07-12,10,60,6,3,0,0.0,0.0
2026-03-19,07-12,11,60,6,3,0,0.0,0.0
2026-03-19,07-12,12,60,6,3,0,0.0,0.0
2026-03-19,13-17,13,60,6,3,0,0.0,0.0
2026-03-19,13-17,14,60,6,3,0,0.0,0.0
2026-03-19,13-17,15,60,6,3,0,0.0,0.0
2026-03-19,13-17,16,60,6,3,0,0.0,0.0
2026-03-19,13-17,17,60,6,3,0,0.0,0.0
2026-03-19,18-23,18,60,6,3,0,0.0,0.0
2026-03-19,18-23,19,60,6,3,0,0.0,0.0
2026-03-19,18-23,20,60,6,3,0,0.0,0.0
2026-03-19,18-23,21,60,6,3,0,0.0,0.0
2026-03-19,18-23,22,60,6,3,0,0.0,0.0
2026-03-19,18-23,23,60,6,3,0,0.0,0.0
2026-03-20,00-06,1,60,6,3,0,0.0,0.0
2026-03-20,00-06,2,60,6,3,0,0.0,0.0
2026-03-20,00-06,3,60,6,3,0,0.0,0.0
2026-03-20,00-06,4,60,6,3,0,0.0,0.0
2026-03-20,00-06,5,60,6,3,0,0.0,0.0
2026-03-20,00-06,6,60,6,3,0,0.0,0.0
2026-03-20,07-12,7,60,6,3,0,0.0,0.0
2026-03-20,07-12,8,60,6,3,0,0.0,0.0
2026-03-20,07-12,9,60,6,3,0,0.0,0.0
2026-03-20,07-12,10,60,6,3,0,0.0,0.0
2026-03-20,07-12,11,60,6,3,0,0.0,0.0
2026-03-20,07-12,12,60,6,3,0,0.0,0.0
2026-03-20,13-17,13,60,6,3,0,0.0,0.0
2026-03-20,13-17,14,60,6,3,0,0.0,0.0
2026-03-20,13-17,15,60,6,3,0,0.0,0.0
2026-03-20,13-17,16,60,6,3,0,0.0,0.0
2026-03-20,13-17,17,60,6,3,0,0.0,0.0
2026-03-20,18-23,18,60,6,3,0,0.0,0.0
2026-03-20,18-23,19,60,6,3,0,0.0,0.0
2026-03-20,18-23,20,60,6,3,0,0.0,0.0
2026-03-20,18-23,21,60,6,3,0,0.0,0.0
2026-03-20,18-23,22,60,6,3,0,0.0,0.0
2026-03-20,18-23,23,60,6,3,0,0.0,0.0
2026-03-23,00-06,1,60,6,3,0,0.0,0.0
2026-03-23,00-06,2,60,6,3,0,0.0,0.0
2026-03-23,00-06,3,60,6,3,0,0.0,0.0
2026-03-23,00-06,4,60,6,3,0,0.0,0.0
2026-03-23,00-06,5,60,6,3,0,0.0,0.0
2026-03-23,00-06,6,60,6,3,0,0.0,0.0
2026-03-23,07-12,7,60,6,3,0,0.0,0.0
2026-03-23,07-12,8,60,6,3,1,0.16666666666666666,0.016666666666666666
2026-03-23,07-12,9,60,6,3,0,0.0,0.0
2026-03-23,07-12,10,60,6,3,1,0.16666666666666666,0.016666666666666666
2026-03-23,07-12,11,60,6,3,0,0.0,0.0
2026-03-23,07-12,12,60,6,3,0,0.0,0.0
2026-03-23,13-17,13,60,6,3,0,0.0,0.0
2026-03-23,13-17,14,60,6,3,0,0.0,0.0
2026-03-23,13-17,15,60,6,3,0,0.0,0.0
2026-03-23,13-17,16,60,6,3,1,0.16666666666666666,0.016666666666666666
2026-03-23,13-17,17,60,6,3,0,0.0,0.0
2026-03-23,18-23,18,60,6,3,0,0.0,0.0
2026-03-23,18-23,19,60,6,3,0,0.0,0.0
2026-03-23,18-23,20,60,6,3,0,0.0,0.0
2026-03-23,18-23,21,60,6,3,0,0.0,0.0
2026-03-23,18-23,22,60,6,3,0,0.0,0.0
2026-03-23,18-23,23,60,6,3,0,0.0,0.0
2026-03-24,00-06,1,60,6,3,0,0.0,0.0
2026-03-24,00-06,2,60,6,3,0,0.0,0.0
2026-03-24,00-06,3,60,6,3,0,0.0,0.0
2026-03-24,00-06,4,60,6,3,0,0.0,0.0
2026-03-24,00-06,5,60,6,3,0,0.0,0.0
2026-03-24,00-06,6,60,6,3,0,0.0,0.0
2026-03-24,07-12,7,60,6,3,0,0.0,0.0
2026-03-24,07-12,8,60,6,3,0,0.0,0.0
2026-03-24,07-12,9,60,6,3,0,0.0,0.0
2026-03-24,07-12,10,60,6,3,0,0.0,0.0
2026-03-24,07-12,11,60,6,3,1,0.16666666666666666,0.016666666666666666
2026-03-24,07-12,12,60,6,3,1,0.16666666666666666,0.016666666666666666
2026-03-24,13-17,13,60,6,3,0,0.0,0.0
2026-03-24,13-17,14,60,6,3,0,0.0,0.0
2026-03-24,13-17,15,60,6,3,1,0.16666666666666666,0.016666666666666666
2026-03-24,13-17,16,60,6,3,1,0.16666666666666666,0.016666666666666666
2026-03-24,13-17,17,60,6,3,0,0.0,0.0
2026-03-24,18-23,18,60,6,3,0,0.0,0.0
2026-03-24,18-23,19,60,6,3,0,0.0,0.0
2026-03-24,18-23,20,60,6,3,0,0.0,0.0
2026-03-24,18-23,21,60,6,3,0,0.0,0.0
2026-03-24,18-23,22,60,6,3,0,0.0,0.0
2026-03-24,18-23,23,60,6,3,0,0.0,0.0
2026-03-25,00-06,1,60,6,3,0,0.0,0.0
2026-03-25,00-06,2,60,6,3,0,0.0,0.0
2026-03-25,00-06,3,60,6,3,0,0.0,0.0
2026-03-25,00-06,4,60,6,3,0,0.0,0.0
2026-03-25,00-06,5,60,6,3,0,0.0,0.0
2026-03-25,00-06,6,60,6,3,0,0.0,0.0
2026-03-25,07-12,7,60,6,3,0,0.0,0.0
2026-03-25,07-12,8,60,6,3,1,0.16666666666666666,0.016666666666666666
2026-03-25,07-12,9,60,6,3,0,0.0,0.0
2026-03-25,07-12,10,60,6,3,0,0.0,0.0
2026-03-25,07-12,11,60,6,3,2,0.3333333333333333,0.03333333333333333
2026-03-25,07-12,12,60,6,3,0,0.0,0.0
2026-03-25,13-17,13,60,6,3,0,0.0,0.0
2026-03-25,13-17,14,60,6,3,0,0.0,0.0
2026-03-25,13-17,15,60,6,3,0,0.0,0.0
2026-03-25,13-17,16,60,6,3,0,0.0,0.0
2026-03-25,13-17,17,60,6,3,0,0.0,0.0
2026-03-25,18-23,18,60,6,3,0,0.0,0.0
2026-03-25,18-23,19,60,6,3,0,0.0,0.0
2026-03-25,18-23,20,60,6,3,0,0.0,0.0
2026-03-25,18-23,21,60,6,3,0,0.0,0.0
2026-03-25,18-23,22,60,6,3,0,0.0,0.0
2026-03-25,18-23,23,60,6,3,0,0.0,0.0
2026-03-26,00-06,1,60,6,3,0,0.0,0.0
2026-03-26,00-06,2,60,6,3,0,0.0,0.0
2026-03-26,00-06,3,60,6,3,0,0.0,0.0
2026-03-26,00-06,4,60,6,3,0,0.0,0.0
2026-03-26,00-06,5,60,6,3,0,0.0,0.0
2026-03-26,00-06,6,60,6,3,0,0.0,0.0
2026-03-26,07-12,7,60,6,3,0,0.0,0.0
2026-03-26,07-12,8,60,6,3,0,0.0,0.0
2026-03-26,07-12,9,60,6,3,0,0.0,0.0
2026-03-26,07-12,10,60,6,3,1,0.16666666666666666,0.016666666666666666
2026-03-26,07-12,11,60,6,3,0,0.0,0.0
2026-03-26,07-12,12,60,6,3,0,0.0,0.0
2026-03-26,13-17,13,60,6,3,1,0.16666666666666666,0.016666666666666666
2026-03-26,13-17,14,60,6,3,0,0.0,0.0
2026-03-26,13-17,15,60,6,3,0,0.0,0.0
2026-03-26,13-17,16,60,6,3,0,0.0,0.0
2026-03-26,13-17,17,60,6,3,0,0.0,0.0
2026-03-26,18-23,18,60,6,3,0,0.0,0.0
2026-03-26,18-23,19,60,6,3,0,0.0,0.0
2026-03-26,18-23,20,60,6,3,0,0.0,0.0
2026-03-26,18-23,21,60,6,3,0,0.0,0.0
2026-03-26,18-23,22,60,6,3,0,0.0,0.0
2026-03-26,18-23,23,60,6,3,0,0.0,0.0
2026-03-27,00-06,1,60,6,3,0,0.0,0.0
2026-03-27,00-06,2,60,6,3,0,0.0,0.0
2026-03-27,00-06,3,60,6,3,0,0.0,0.0
2026-03-27,00-06,4,60,6,3,0,0.0,0.0
2026-03-27,00-06,5,60,6,3,0,0.0,0.0
2026-03-27,00-06,6,60,6,3,0,0.0,0.0
2026-03-27,07-12,7,60,6,3,0,0.0,0.0
2026-03-27,07-12,8,60,6,3,0,0.0,0.0
2026-03-27,07-12,9,60,6,3,0,0.0,0.0
2026-03-27,07-12,10,60,6,3,1,0.16666666666666666,0.016666666666666666
2026-03-27,07-12,11,60,6,3,0,0.0,0.0
2026-03-27,07-12,12,60,6,3,0,0.0,0.0
2026-03-27,13-17,13,60,6,3,0,0.0,0.0
2026-03-27,13-17,14,60,6,3,0,0.0,0.0
2026-03-27,13-17,15,60,6,3,0,0.0,0.0
2026-03-27,13-17,16,60,6,3,0,0.0,0.0
2026-03-27,13-17,17,60,6,3,1,0.16666666666666666,0.016666666666666666
2026-03-27,18-23,18,60,6,3,0,0.0,0.0
2026-03-27,18-23,19,60,6,3,0,0.0,0.0
2026-03-27,18-23,20,60,6,3,0,0.0,0.0
2026-03-27,18-23,21,60,6,3,0,0.0,0.0
2026-03-27,18-23,22,60,6,3,0,0.0,0.0
2026-03-27,18-23,23,60,6,3,0,0.0,0.0
2026-03-30,00-06,1,60,6,3,0,0.0,0.0
2026-03-30,00-06,2,60,6,3,0,0.0,0.0
2026-03-30,00-06,3,60,6,3,0,0.0,0.0
2026-03-30,00-06,4,60,6,3,0,0.0,0.0
2026-03-30,00-06,5,60,6,3,0,0.0,0.0
2026-03-30,00-06,6,60,6,3,0,0.0,0.0
2026-03-30,07-12,7,60,6,3,0,0.0,0.0
2026-03-30,07-12,8,60,6,3,0,0.0,0.0
2026-03-30,07-12,9,60,6,3,0,0.0,0.0
2026-03-30,07-12,10,60,6,3,1,0.16666666666666666,0.016666666666666666
2026-03-30,07-12,11,60,6,3,0,0.0,0.0
2026-03-30,07-12,12,60,6,3,0,0.0,0.0
2026-03-30,13-17,13,60,6,3,0,0.0,0.0
2026-03-30,13-17,14,60,6,3,2,0.3333333333333333,0.03333333333333333
2026-03-30,13-17,15,60,6,3,0,0.0,0.0
2026-03-30,13-17,16,60,6,3,0,0.0,0.0
2026-03-30,13-17,17,60,6,3,0,0.0,0.0
2026-03-30,18-23,18,60,6,3,0,0.0,0.0
2026-03-30,18-23,19,60,6,3,0,0.0,0.0
2026-03-30,18-23,20,60,6,3,0,0.0,0.0
2026-03-30,18-23,21,60,6,3,0,0.0,0.0
2026-03-30,18-23,22,60,6,3,0,0.0,0.0
2026-03-30,18-23,23,60,6,3,0,0.0,0.0
2026-03-31,00-06,1,60,6,3,0,0.0,0.0
2026-03-31,00-06,2,60,6,3,0,0.0,0.0
2026-03-31,00-06,3,60,6,3,0,0.0,0.0
2026-03-31,00-06,4,60,6,3,0,0.0,0.0
2026-03-31,00-06,5,60,6,3,0,0.0,0.0
2026-03-31,00-06,6,60,6,3,0,0.0,0.0
2026-03-31,07-12,7,60,6,3,0,0.0,0.0
2026-03-31,07-12,8,60,6,3,1,0.16666666666666666,0.016666666666666666
2026-03-31,07-12,9,60,6,3,0,0.0,0.0
2026-03-31,07-12,10,60,6,3,0,0.0,0.0
2026-03-31,07-12,11,60,6,3,0,0.0,0.0
2026-03-31,07-12,12,60,6,3,0,0.0,0.0
2026-03-31,13-17,13,60,6,3,0,0.0,0.0
2026-03-31,13-17,14,60,6,3,0,0.0,0.0
2026-03-31,13-17,15,60,6,3,1,0.16666666666666666,0.016666666666666666
2026-03-31,13-17,16,60,6,3,0,0.0,0.0
2026-03-31,13-17,17,60,6,3,0,0.0,0.0
2026-03-31,18-23,18,60,6,3,0,0.0,0.0
2026-03-31,18-23,19,60,6,3,0,0.0,0.0
2026-03-31,18-23,20,60,6,3,1,0.16666666666666666,0.016666666666666666
2026-03-31,18-23,21,60,6,3,0,0.0,0.0
2026-03-31,18-23,22,60,6,3,0,0.0,0.0
2026-03-31,18-23,23,60,6,3,0,0.0,0.0
2026-04-01,00-06,1,60,6,3,0,0.0,0.0
2026-04-01,00-06,2,60,6,3,0,0.0,0.0
2026-04-01,00-06,3,60,6,3,0,0.0,0.0
2026-04-01,00-06,4,60,6,3,0,0.0,0.0
2026-04-01,00-06,5,60,6,3,0,0.0,0.0
2026-04-01,00-06,6,60,6,3,0,0.0,0.0
2026-04-01,07-12,7,60,6,3,1,0.16666666666666666,0.016666666666666666
2026-04-01,07-12,8,60,6,3,0,0.0,0.0
2026-04-01,07-12,9,60,6,3,0,0.0,0.0
2026-04-01,07-12,10,60,6,3,0,0.0,0.0
2026-04-01,07-12,11,60,6,3,0,0.0,0.0
2026-04-01,07-12,12,60,6,3,0,0.0,0.0
2026-04-01,13-17,13,60,6,3,1,0.16666666666666666,0.016666666666666666
2026-04-01,13-17,14,60,6,3,0,0.0,0.0
2026-04-01,13-17,15,60,6,3,0,0.0,0.0
2026-04-01,13-17,16,60,6,3,0,0.0,0.0
2026-04-01,13-17,17,60,6,3,0,0.0,0.0
2026-04-01,18-23,18,60,6,3,0,0.0,0.0
2026-04-01,18-23,19,60,6,3,0,0.0,0.0
2026-04-01,18-23,20,60,6,3,0,0.0,0.0
2026-04-01,18-23,21,60,6,3,0,0.0,0.0
2026-04-01,18-23,22,60,6,3,0,0.0,0.0
2026-04-01,18-23,23,60,6,3,0,0.0,0.0
2026-04-02,00-06,1,58,4,1,0,0.0,0.0
2026-04-02,00-06,2,60,6,3,0,0.0,0.0
2026-04-02,00-06,3,60,6,3,0,0.0,0.0
2026-04-02,00-06,4,60,6,3,0,0.0,0.0
2026-04-02,00-06,5,60,6,3,0,0.0,0.0
2026-04-02,00-06,6,60,6,3,0,0.0,0.0
2026-04-02,07-12,7,60,6,3,0,0.0,0.0
2026-04-02,07-12,8,60,6,3,0,0.0,0.0
2026-04-02,07-12,9,60,6,3,0,0.0,0.0
2026-04-02,07-12,10,60,6,3,0,0.0,0.0
2026-04-02,07-12,11,60,6,3,0,0.0,0.0
2026-04-02,07-12,12,60,6,3,0,0.0,0.0
2026-04-02,13-17,13,60,6,3,0,0.0,0.0
2026-04-02,13-17,14,60,6,3,1,0.16666666666666666,0.016666666666666666
2026-04-02,13-17,15,60,6,3,0,0.0,0.0
2026-04-02,13-17,16,60,6,3,0,0.0,0.0
2026-04-02,13-17,17,60,6,3,0,0.0,0.0
2026-04-02,18-23,18,60,6,3,0,0.0,0.0
2026-04-02,18-23,19,60,6,3,0,0.0,0.0
2026-04-02,18-23,20,60,6,3,1,0.16666666666666666,0.016666666666666666
2026-04-02,18-23,21,60,6,3,1,0.16666666666666666,0.016666666666666666
2026-04-02,18-23,22,60,6,3,0,0.0,0.0
2026-04-02,18-23,23,59,6,3,0,0.0,0.0
2026-04-06,00-06,1,60,6,3,0,0.0,0.0
2026-04-06,00-06,2,60,6,3,0,0.0,0.0
2026-04-06,00-06,3,60,6,3,0,0.0,0.0
2026-04-06,00-06,4,60,6,3,0,0.0,0.0
2026-04-06,00-06,5,60,6,3,0,0.0,0.0
2026-04-06,00-06,6,60,6,3,0,0.0,0.0
2026-04-06,07-12,7,60,6,3,0,0.0,0.0
2026-04-06,07-12,8,60,6,3,0,0.0,0.0
2026-04-06,07-12,9,60,6,3,1,0.16666666666666666,0.016666666666666666
2026-04-06,07-12,10,60,6,3,0,0.0,0.0
2026-04-06,07-12,11,60,6,3,0,0.0,0.0
2026-04-06,07-12,12,60,6,3,0,0.0,0.0
2026-04-06,13-17,13,60,6,3,1,0.16666666666666666,0.016666666666666666
2026-04-06,13-17,14,60,6,3,0,0.0,0.0
2026-04-06,13-17,15,60,6,3,1,0.16666666666666666,0.016666666666666666
2026-04-06,13-17,16,60,6,3,0,0.0,0.0
2026-04-06,13-17,17,60,6,3,0,0.0,0.0
2026-04-06,18-23,18,60,6,3,0,0.0,0.0
2026-04-06,18-23,19,60,6,3,0,0.0,0.0
2026-04-06,18-23,20,60,6,3,0,0.0,0.0
2026-04-06,18-23,21,60,6,3,0,0.0,0.0
2026-04-06,18-23,22,60,6,3,0,0.0,0.0
2026-04-06,18-23,23,60,6,3,0,0.0,0.0
2026-04-07,00-06,1,60,6,3,0,0.0,0.0
2026-04-07,00-06,2,60,6,3,0,0.0,0.0
2026-04-07,00-06,3,60,6,3,0,0.0,0.0
2026-04-07,00-06,4,60,6,3,0,0.0,0.0
2026-04-07,00-06,5,60,6,3,0,0.0,0.0
2026-04-07,00-06,6,60,6,3,0,0.0,0.0
2026-04-07,07-12,7,60,6,3,0,0.0,0.0
2026-04-07,07-12,8,60,6,3,0,0.0,0.0
2026-04-07,07-12,9,60,6,3,1,0.16666666666666666,0.016666666666666666
2026-04-07,07-12,10,60,6,3,0,0.0,0.0
2026-04-07,07-12,11,60,6,3,1,0.16666666666666666,0.016666666666666666
2026-04-07,07-12,12,60,6,3,0,0.0,0.0
2026-04-07,13-17,13,60,6,3,0,0.0,0.0
2026-04-07,13-17,14,60,6,3,0,0.0,0.0
2026-04-07,13-17,15,60,6,3,0,0.0,0.0
2026-04-07,13-17,16,60,6,3,1,0.16666666666666666,0.016666666666666666
2026-04-07,13-17,17,60,6,3,0,0.0,0.0
2026-04-07,18-23,18,60,6,3,0,0.0,0.0
2026-04-07,18-23,19,60,6,3,0,0.0,0.0
2026-04-07,18-23,20,60,6,3,0,0.0,0.0
2026-04-07,18-23,21,60,6,3,0,0.0,0.0
2026-04-07,18-23,22,60,6,3,0,0.0,0.0
2026-04-07,18-23,23,60,6,3,0,0.0,0.0
2026-04-08,00-06,1,60,6,3,0,0.0,0.0
2026-04-08,00-06,2,60,6,3,0,0.0,0.0
2026-04-08,00-06,3,60,6,3,0,0.0,0.0
2026-04-08,00-06,4,60,6,3,0,0.0,0.0
2026-04-08,00-06,5,60,6,3,0,0.0,0.0
2026-04-08,00-06,6,60,6,3,0,0.0,0.0
2026-04-08,07-12,7,60,6,3,0,0.0,0.0
2026-04-08,07-12,8,60,6,3,1,0.16666666666666666,0.016666666666666666
2026-04-08,07-12,9,60,6,3,0,0.0,0.0
2026-04-08,07-12,10,60,6,3,0,0.0,0.0
2026-04-08,07-12,11,60,6,3,0,0.0,0.0
2026-04-08,07-12,12,60,6,3,0,0.0,0.0
2026-04-08,13-17,13,60,6,3,0,0.0,0.0
2026-04-08,13-17,14,60,6,3,0,0.0,0.0
2026-04-08,13-17,15,60,6,3,0,0.0,0.0
2026-04-08,13-17,16,60,6,3,0,0.0,0.0
2026-04-08,13-17,17,60,6,3,0,0.0,0.0
2026-04-08,18-23,18,60,6,3,1,0.16666666666666666,0.016666666666666666
2026-04-08,18-23,19,60,6,3,0,0.0,0.0
2026-04-08,18-23,20,60,6,3,0,0.0,0.0
2026-04-08,18-23,21,60,6,3,0,0.0,0.0
2026-04-08,18-23,22,60,6,3,0,0.0,0.0
2026-04-08,18-23,23,60,6,3,0,0.0,0.0
2026-04-09,00-06,1,60,6,3,0,0.0,0.0
2026-04-09,00-06,2,60,6,3,0,0.0,0.0
2026-04-09,00-06,3,60,6,3,0,0.0,0.0
2026-04-09,00-06,4,60,6,3,0,0.0,0.0
2026-04-09,00-06,5,60,6,3,0,0.0,0.0
2026-04-09,00-06,6,60,6,3,0,0.0,0.0
2026-04-09,07-12,7,60,6,3,0,0.0,0.0
2026-04-09,07-12,8,60,6,3,1,0.16666666666666666,0.016666666666666666
2026-04-09,07-12,9,60,6,3,1,0.16666666666666666,0.016666666666666666
2026-04-09,07-12,10,60,6,3,0,0.0,0.0
2026-04-09,07-12,11,60,6,3,1,0.16666666666666666,0.016666666666666666
2026-04-09,07-12,12,60,6,3,0,0.0,0.0
2026-04-09,13-17,13,60,6,3,0,0.0,0.0
2026-04-09,13-17,14,60,6,3,0,0.0,0.0
2026-04-09,13-17,15,60,6,3,0,0.0,0.0
2026-04-09,13-17,16,60,6,3,1,0.16666666666666666,0.016666666666666666
2026-04-09,13-17,17,60,6,3,0,0.0,0.0
2026-04-09,18-23,18,60,6,3,0,0.0,0.0
2026-04-09,18-23,19,60,6,3,0,0.0,0.0
2026-04-09,18-23,20,60,6,3,0,0.0,0.0
2026-04-09,18-23,21,60,6,3,0,0.0,0.0
2026-04-09,18-23,22,60,6,3,0,0.0,0.0
2026-04-09,18-23,23,60,6,3,0,0.0,0.0
2026-04-10,00-06,1,60,6,3,0,0.0,0.0
2026-04-10,00-06,2,60,6,3,0,0.0,0.0
2026-04-10,00-06,3,60,6,3,0,0.0,0.0
2026-04-10,00-06,4,60,6,3,0,0.0,0.0
2026-04-10,00-06,5,60,6,3,0,0.0,0.0
2026-04-10,00-06,6,60,6,3,0,0.0,0.0
2026-04-10,07-12,7,60,6,3,0,0.0,0.0
2026-04-10,07-12,8,60,6,3,2,0.3333333333333333,0.03333333333333333
2026-04-10,07-12,9,60,6,3,0,0.0,0.0
2026-04-10,07-12,10,60,6,3,0,0.0,0.0
2026-04-10,07-12,11,60,6,3,0,0.0,0.0
2026-04-10,07-12,12,60,6,3,0,0.0,0.0
2026-04-10,13-17,13,60,6,3,0,0.0,0.0
2026-04-10,13-17,14,60,6,3,1,0.16666666666666666,0.016666666666666666
2026-04-10,13-17,15,60,6,3,0,0.0,0.0
2026-04-10,13-17,16,60,6,3,0,0.0,0.0
2026-04-10,13-17,17,60,6,3,0,0.0,0.0
2026-04-10,18-23,18,60,6,3,0,0.0,0.0
2026-04-10,18-23,19,60,6,3,0,0.0,0.0
2026-04-10,18-23,20,60,6,3,0,0.0,0.0
2026-04-10,18-23,21,60,6,3,0,0.0,0.0
2026-04-10,18-23,22,60,6,3,0,0.0,0.0
2026-04-10,18-23,23,60,6,3,0,0.0,0.0
2026-04-13,00-06,1,60,6,3,0,0.0,0.0
2026-04-13,00-06,2,60,6,3,0,0.0,0.0
2026-04-13,00-06,3,60,6,3,0,0.0,0.0
2026-04-13,00-06,4,60,6,3,0,0.0,0.0
2026-04-13,00-06,5,60,6,3,0,0.0,0.0
2026-04-13,00-06,6,60,6,3,0,0.0,0.0
2026-04-13,07-12,7,60,6,3,0,0.0,0.0
2026-04-13,07-12,8,60,6,3,0,0.0,0.0
2026-04-13,07-12,9,60,6,3,1,0.16666666666666666,0.016666666666666666
2026-04-13,07-12,10,60,6,3,0,0.0,0.0
2026-04-13,07-12,11,60,6,3,1,0.16666666666666666,0.016666666666666666
2026-04-13,07-12,12,60,6,3,0,0.0,0.0
2026-04-13,13-17,13,60,6,3,0,0.0,0.0
2026-04-13,13-17,14,60,6,3,0,0.0,0.0
2026-04-13,13-17,15,60,6,3,0,0.0,0.0
2026-04-13,13-17,16,60,6,3,0,0.0,0.0
2026-04-13,13-17,17,60,6,3,0,0.0,0.0
2026-04-13,18-23,18,60,6,3,1,0.16666666666666666,0.016666666666666666
2026-04-13,18-23,19,60,6,3,0,0.0,0.0
2026-04-13,18-23,20,60,6,3,0,0.0,0.0
2026-04-13,18-23,21,60,6,3,0,0.0,0.0
2026-04-13,18-23,22,60,6,3,0,0.0,0.0
2026-04-13,18-23,23,60,6,3,0,0.0,0.0
2026-04-14,00-06,1,60,6,3,0,0.0,0.0
2026-04-14,00-06,2,60,6,3,0,0.0,0.0
2026-04-14,00-06,3,60,6,3,0,0.0,0.0
2026-04-14,00-06,4,60,6,3,0,0.0,0.0
2026-04-14,00-06,5,60,6,3,0,0.0,0.0
2026-04-14,00-06,6,60,6,3,0,0.0,0.0
2026-04-14,07-12,7,60,6,3,0,0.0,0.0
2026-04-14,07-12,8,60,6,3,0,0.0,0.0
2026-04-14,07-12,9,60,6,3,1,0.16666666666666666,0.016666666666666666
2026-04-14,07-12,10,60,6,3,0,0.0,0.0
2026-04-14,07-12,11,60,6,3,0,0.0,0.0
2026-04-14,07-12,12,60,6,3,0,0.0,0.0
2026-04-14,13-17,13,60,6,3,0,0.0,0.0
2026-04-14,13-17,14,60,6,3,0,0.0,0.0
2026-04-14,13-17,15,60,6,3,1,0.16666666666666666,0.016666666666666666
2026-04-14,13-17,16,60,6,3,0,0.0,0.0
2026-04-14,13-17,17,60,6,3,0,0.0,0.0
2026-04-14,18-23,18,60,6,3,0,0.0,0.0
2026-04-14,18-23,19,60,6,3,0,0.0,0.0
2026-04-14,18-23,20,60,6,3,1,0.16666666666666666,0.016666666666666666
2026-04-14,18-23,21,60,6,3,0,0.0,0.0
2026-04-14,18-23,22,60,6,3,0,0.0,0.0
2026-04-14,18-23,23,60,6,3,0,0.0,0.0
2026-04-15,00-06,1,60,6,3,0,0.0,0.0
2026-04-15,00-06,2,60,6,3,0,0.0,0.0
2026-04-15,00-06,3,60,6,3,0,0.0,0.0
2026-04-15,00-06,4,60,6,3,0,0.0,0.0
2026-04-15,00-06,5,60,6,3,0,0.0,0.0
2026-04-15,00-06,6,60,6,3,0,0.0,0.0
2026-04-15,07-12,7,60,6,3,0,0.0,0.0
2026-04-15,07-12,8,60,6,3,0,0.0,0.0
2026-04-15,07-12,9,60,6,3,1,0.16666666666666666,0.016666666666666666
2026-04-15,07-12,10,60,6,3,0,0.0,0.0
2026-04-15,07-12,11,60,6,3,0,0.0,0.0
2026-04-15,07-12,12,60,6,3,0,0.0,0.0
2026-04-15,13-17,13,60,6,3,0,0.0,0.0
2026-04-15,13-17,14,60,6,3,0,0.0,0.0
2026-04-15,13-17,15,60,6,3,0,0.0,0.0
2026-04-15,13-17,16,60,6,3,1,0.16666666666666666,0.016666666666666666
2026-04-15,13-17,17,60,6,3,0,0.0,0.0
2026-04-15,18-23,18,60,6,3,0,0.0,0.0
2026-04-15,18-23,19,60,6,3,0,0.0,0.0
2026-04-15,18-23,20,60,6,3,0,0.0,0.0
2026-04-15,18-23,21,60,6,3,0,0.0,0.0
2026-04-15,18-23,22,60,6,3,0,0.0,0.0
2026-04-15,18-23,23,60,6,3,0,0.0,0.0
2026-04-16,00-06,1,60,6,3,0,0.0,0.0
2026-04-16,00-06,2,60,6,3,0,0.0,0.0
2026-04-16,00-06,3,60,6,3,0,0.0,0.0
2026-04-16,00-06,4,60,6,3,0,0.0,0.0
2026-04-16,00-06,5,60,6,3,0,0.0,0.0
2026-04-16,00-06,6,60,6,3,0,0.0,0.0
2026-04-16,07-12,7,60,6,3,0,0.0,0.0
2026-04-16,07-12,8,60,6,3,0,0.0,0.0
2026-04-16,07-12,9,60,6,3,1,0.16666666666666666,0.016666666666666666
2026-04-16,07-12,10,60,6,3,0,0.0,0.0
2026-04-16,07-12,11,60,6,3,0,0.0,0.0
2026-04-16,07-12,12,60,6,3,0,0.0,0.0
2026-04-16,13-17,13,60,6,3,0,0.0,0.0
2026-04-16,13-17,14,60,6,3,0,0.0,0.0
2026-04-16,13-17,15,60,6,3,1,0.16666666666666666,0.016666666666666666
2026-04-16,13-17,16,60,6,3,0,0.0,0.0
2026-04-16,13-17,17,60,6,3,0,0.0,0.0
2026-04-16,18-23,18,60,6,3,0,0.0,0.0
2026-04-16,18-23,19,60,6,3,0,0.0,0.0
2026-04-16,18-23,20,60,6,3,0,0.0,0.0
2026-04-16,18-23,21,60,6,3,0,0.0,0.0
2026-04-16,18-23,22,60,6,3,0,0.0,0.0
2026-04-16,18-23,23,60,6,3,0,0.0,0.0
2026-04-17,00-06,1,60,6,3,0,0.0,0.0
2026-04-17,00-06,2,60,6,3,0,0.0,0.0
2026-04-17,00-06,3,60,6,3,0,0.0,0.0
2026-04-17,00-06,4,60,6,3,0,0.0,0.0
2026-04-17,00-06,5,60,6,3,0,0.0,0.0
2026-04-17,00-06,6,60,6,3,0,0.0,0.0
2026-04-17,07-12,7,60,6,3,0,0.0,0.0
2026-04-17,07-12,8,60,6,3,1,0.16666666666666666,0.016666666666666666
2026-04-17,07-12,9,60,6,3,0,0.0,0.0
2026-04-17,07-12,10,60,6,3,0,0.0,0.0
2026-04-17,07-12,11,60,6,3,0,0.0,0.0
2026-04-17,07-12,12,60,6,3,0,0.0,0.0
2026-04-17,13-17,13,60,6,3,1,0.16666666666666666,0.016666666666666666
2026-04-17,13-17,14,60,6,3,0,0.0,0.0
2026-04-17,13-17,15,60,6,3,0,0.0,0.0
2026-04-17,13-17,16,60,6,3,0,0.0,0.0
2026-04-17,13-17,17,60,6,3,0,0.0,0.0
2026-04-17,18-23,18,60,6,3,0,0.0,0.0
2026-04-17,18-23,19,60,6,3,0,0.0,0.0
2026-04-17,18-23,20,60,6,3,0,0.0,0.0
2026-04-17,18-23,21,60,6,3,0,0.0,0.0
2026-04-17,18-23,22,60,6,3,0,0.0,0.0
2026-04-17,18-23,23,60,6,3,0,0.0,0.0
2026-04-20,00-06,1,60,6,3,0,0.0,0.0
2026-04-20,00-06,2,60,6,3,0,0.0,0.0
2026-04-20,00-06,3,60,6,3,0,0.0,0.0
2026-04-20,00-06,4,60,6,3,0,0.0,0.0
2026-04-20,00-06,5,60,6,3,0,0.0,0.0
2026-04-20,00-06,6,60,6,3,0,0.0,0.0
2026-04-20,07-12,7,60,6,3,0,0.0,0.0
2026-04-20,07-12,8,60,6,3,1,0.16666666666666666,0.016666666666666666
2026-04-20,07-12,9,60,6,3,0,0.0,0.0
2026-04-20,07-12,10,60,6,3,0,0.0,0.0
2026-04-20,07-12,11,60,6,3,0,0.0,0.0
2026-04-20,07-12,12,60,6,3,0,0.0,0.0
2026-04-20,13-17,13,60,6,3,0,0.0,0.0
2026-04-20,13-17,14,60,6,3,0,0.0,0.0
2026-04-20,13-17,15,60,6,3,0,0.0,0.0
2026-04-20,13-17,16,60,6,3,0,0.0,0.0
2026-04-20,13-17,17,60,6,3,0,0.0,0.0
2026-04-20,18-23,18,60,6,3,1,0.16666666666666666,0.016666666666666666
2026-04-20,18-23,19,60,6,3,0,0.0,0.0
2026-04-20,18-23,20,60,6,3,0,0.0,0.0
2026-04-20,18-23,21,60,6,3,0,0.0,0.0
2026-04-20,18-23,22,60,6,3,0,0.0,0.0
2026-04-20,18-23,23,60,6,3,0,0.0,0.0
2026-04-21,00-06,1,60,6,3,0,0.0,0.0
2026-04-21,00-06,2,60,6,3,0,0.0,0.0
2026-04-21,00-06,3,60,6,3,0,0.0,0.0
2026-04-21,00-06,4,60,6,3,0,0.0,0.0
2026-04-21,00-06,5,60,6,3,0,0.0,0.0
2026-04-21,00-06,6,60,6,3,0,0.0,0.0
2026-04-21,07-12,7,60,6,3,1,0.16666666666666666,0.016666666666666666
2026-04-21,07-12,8,60,6,3,0,0.0,0.0
2026-04-21,07-12,9,60,6,3,0,0.0,0.0
2026-04-21,07-12,10,60,6,3,1,0.16666666666666666,0.016666666666666666
2026-04-21,07-12,11,60,6,3,0,0.0,0.0
2026-04-21,07-12,12,60,6,3,0,0.0,0.0
2026-04-21,13-17,13,60,6,3,0,0.0,0.0
2026-04-21,13-17,14,60,6,3,0,0.0,0.0
2026-04-21,13-17,15,60,6,3,0,0.0,0.0
2026-04-21,13-17,16,60,6,3,0,0.0,0.0
2026-04-21,13-17,17,60,6,3,1,0.16666666666666666,0.016666666666666666
2026-04-21,18-23,18,60,6,3,0,0.0,0.0
2026-04-21,18-23,19,60,6,3,0,0.0,0.0
2026-04-21,18-23,20,60,6,3,0,0.0,0.0
2026-04-21,18-23,21,60,6,3,0,0.0,0.0
2026-04-21,18-23,22,60,6,3,0,0.0,0.0
2026-04-21,18-23,23,60,6,3,0,0.0,0.0
2026-04-22,00-06,1,60,6,3,0,0.0,0.0
2026-04-22,00-06,2,60,6,3,0,0.0,0.0
2026-04-22,00-06,3,60,6,3,0,0.0,0.0
2026-04-22,00-06,4,60,6,3,0,0.0,0.0
2026-04-22,00-06,5,60,6,3,0,0.0,0.0
2026-04-22,00-06,6,60,6,3,0,0.0,0.0
2026-04-22,07-12,7,60,6,3,0,0.0,0.0
2026-04-22,07-12,8,60,6,3,1,0.16666666666666666,0.016666666666666666
2026-04-22,07-12,9,60,6,3,0,0.0,0.0
2026-04-22,07-12,10,60,6,3,0,0.0,0.0
2026-04-22,07-12,11,60,6,3,0,0.0,0.0
2026-04-22,07-12,12,60,6,3,0,0.0,0.0
2026-04-22,13-17,13,60,6,3,0,0.0,0.0
2026-04-22,13-17,14,60,6,3,0,0.0,0.0
2026-04-22,13-17,15,60,6,3,1,0.16666666666666666,0.016666666666666666
2026-04-22,13-17,16,60,6,3,0,0.0,0.0
2026-04-22,13-17,17,60,6,3,0,0.0,0.0
2026-04-22,18-23,18,60,6,3,0,0.0,0.0
2026-04-22,18-23,19,60,6,3,0,0.0,0.0
2026-04-22,18-23,20,60,6,3,0,0.0,0.0
2026-04-22,18-23,21,60,6,3,0,0.0,0.0
2026-04-22,18-23,22,60,6,3,0,0.0,0.0
2026-04-22,18-23,23,60,6,3,0,0.0,0.0
2026-04-23,00-06,1,60,6,3,0,0.0,0.0
2026-04-23,00-06,2,60,6,3,0,0.0,0.0
2026-04-23,00-06,3,60,6,3,0,0.0,0.0
2026-04-23,00-06,4,60,6,3,0,0.0,0.0
2026-04-23,00-06,5,60,6,3,0,0.0,0.0
2026-04-23,00-06,6,60,6,3,0,0.0,0.0
2026-04-23,07-12,7,60,6,3,0,0.0,0.0
2026-04-23,07-12,8,60,6,3,1,0.16666666666666666,0.016666666666666666
2026-04-23,07-12,9,60,6,3,0,0.0,0.0
2026-04-23,07-12,10,60,6,3,0,0.0,0.0
2026-04-23,07-12,11,60,6,3,0,0.0,0.0
2026-04-23,07-12,12,60,6,3,0,0.0,0.0
2026-04-23,13-17,13,60,6,3,0,0.0,0.0
2026-04-23,13-17,14,60,6,3,0,0.0,0.0
2026-04-23,13-17,15,60,6,3,0,0.0,0.0
2026-04-23,13-17,16,60,6,3,0,0.0,0.0
2026-04-23,13-17,17,60,6,3,0,0.0,0.0
2026-04-23,18-23,18,60,6,3,0,0.0,0.0
2026-04-23,18-23,19,60,6,3,0,0.0,0.0
2026-04-23,18-23,20,60,6,3,1,0.16666666666666666,0.016666666666666666
2026-04-23,18-23,21,60,6,3,0,0.0,0.0
2026-04-23,18-23,22,60,6,3,0,0.0,0.0
2026-04-23,18-23,23,60,6,3,0,0.0,0.0
2026-04-24,00-06,1,60,6,3,0,0.0,0.0
2026-04-24,00-06,2,60,6,3,0,0.0,0.0
2026-04-24,00-06,3,60,6,3,0,0.0,0.0
2026-04-24,00-06,4,60,6,3,0,0.0,0.0
2026-04-24,00-06,5,60,6,3,0,0.0,0.0
2026-04-24,00-06,6,60,6,3,0,0.0,0.0
2026-04-24,07-12,7,60,6,3,0,0.0,0.0
2026-04-24,07-12,8,60,6,3,0,0.0,0.0
2026-04-24,07-12,9,60,6,3,0,0.0,0.0
2026-04-24,07-12,10,60,6,3,0,0.0,0.0
2026-04-24,07-12,11,60,6,3,1,0.16666666666666666,0.016666666666666666
2026-04-24,07-12,12,60,6,3,0,0.0,0.0
2026-04-24,13-17,13,60,6,3,0,0.0,0.0
2026-04-24,13-17,14,60,6,3,0,0.0,0.0
2026-04-24,13-17,15,60,6,3,0,0.0,0.0
2026-04-24,13-17,16,60,6,3,1,0.16666666666666666,0.016666666666666666
2026-04-24,13-17,17,60,6,3,0,0.0,0.0
2026-04-24,18-23,18,60,6,3,0,0.0,0.0
2026-04-24,18-23,19,60,6,3,0,0.0,0.0
2026-04-24,18-23,20,60,6,3,0,0.0,0.0
2026-04-24,18-23,21,60,6,3,0,0.0,0.0
2026-04-24,18-23,22,60,6,3,0,0.0,0.0
2026-04-24,18-23,23,60,6,3,0,0.0,0.0
2026-04-27,00-06,1,60,6,3,0,0.0,0.0
2026-04-27,00-06,2,60,6,3,0,0.0,0.0
2026-04-27,00-06,3,60,6,3,0,0.0,0.0
2026-04-27,00-06,4,60,6,3,0,0.0,0.0
2026-04-27,00-06,5,60,6,3,0,0.0,0.0
2026-04-27,00-06,6,60,6,3,1,0.16666666666666666,0.016666666666666666
2026-04-27,07-12,7,60,6,3,0,0.0,0.0
2026-04-27,07-12,8,60,6,3,0,0.0,0.0
2026-04-27,07-12,9,60,6,3,0,0.0,0.0
2026-04-27,07-12,10,60,6,3,0,0.0,0.0
2026-04-27,07-12,11,60,6,3,1,0.16666666666666666,0.016666666666666666
2026-04-27,07-12,12,60,6,3,0,0.0,0.0
2026-04-27,13-17,13,60,6,3,0,0.0,0.0
2026-04-27,13-17,14,60,6,3,0,0.0,0.0
2026-04-27,13-17,15,60,6,3,0,0.0,0.0
2026-04-27,13-17,16,60,6,3,0,0.0,0.0
2026-04-27,13-17,17,60,6,3,0,0.0,0.0
2026-04-27,18-23,18,60,6,3,0,0.0,0.0
2026-04-27,18-23,19,60,6,3,0,0.0,0.0
2026-04-27,18-23,20,60,6,3,0,0.0,0.0
2026-04-27,18-23,21,60,6,3,0,0.0,0.0
2026-04-27,18-23,22,60,6,3,0,0.0,0.0
2026-04-27,18-23,23,60,6,3,0,0.0,0.0
2026-04-28,00-06,1,60,6,3,0,0.0,0.0
2026-04-28,00-06,2,60,6,3,0,0.0,0.0
2026-04-28,00-06,3,60,6,3,0,0.0,0.0
2026-04-28,00-06,4,60,6,3,0,0.0,0.0
2026-04-28,00-06,5,60,6,3,0,0.0,0.0
2026-04-28,00-06,6,60,6,3,0,0.0,0.0
2026-04-28,07-12,7,60,6,3,0,0.0,0.0
2026-04-28,07-12,8,60,6,3,0,0.0,0.0
2026-04-28,07-12,9,60,6,3,1,0.16666666666666666,0.016666666666666666
2026-04-28,07-12,10,60,6,3,0,0.0,0.0
2026-04-28,07-12,11,60,6,3,0,0.0,0.0
2026-04-28,07-12,12,60,6,3,0,0.0,0.0
2026-04-28,13-17,13,60,6,3,0,0.0,0.0
2026-04-28,13-17,14,60,6,3,0,0.0,0.0
2026-04-28,13-17,15,60,6,3,0,0.0,0.0
2026-04-28,13-17,16,60,6,3,0,0.0,0.0
2026-04-28,13-17,17,60,6,3,0,0.0,0.0
2026-04-28,18-23,18,60,6,3,0,0.0,0.0
2026-04-28,18-23,19,60,6,3,1,0.16666666666666666,0.016666666666666666
2026-04-28,18-23,20,60,6,3,0,0.0,0.0
2026-04-28,18-23,21,60,6,3,0,0.0,0.0
2026-04-28,18-23,22,60,6,3,0,0.0,0.0
2026-04-28,18-23,23,60,6,3,0,0.0,0.0
2026-04-29,00-06,1,60,6,3,0,0.0,0.0
2026-04-29,00-06,2,60,6,3,0,0.0,0.0
2026-04-29,00-06,3,60,6,3,0,0.0,0.0
2026-04-29,00-06,4,60,6,3,0,0.0,0.0
2026-04-29,00-06,5,60,6,3,0,0.0,0.0
2026-04-29,00-06,6,60,6,3,0,0.0,0.0
2026-04-29,07-12,7,60,6,3,0,0.0,0.0
2026-04-29,07-12,8,60,6,3,0,0.0,0.0
2026-04-29,07-12,9,60,6,3,1,0.16666666666666666,0.016666666666666666
2026-04-29,07-12,10,60,6,3,0,0.0,0.0
2026-04-29,07-12,11,60,6,3,0,0.0,0.0
2026-04-29,07-12,12,60,6,3,0,0.0,0.0
2026-04-29,13-17,13,60,6,3,1,0.16666666666666666,0.016666666666666666
2026-04-29,13-17,14,60,6,3,0,0.0,0.0
2026-04-29,13-17,15,60,6,3,0,0.0,0.0
2026-04-29,13-17,16,60,6,3,0,0.0,0.0
2026-04-29,13-17,17,60,6,3,0,0.0,0.0
2026-04-29,18-23,18,60,6,3,0,0.0,0.0
2026-04-29,18-23,19,60,6,3,0,0.0,0.0
2026-04-29,18-23,20,60,6,3,0,0.0,0.0
2026-04-29,18-23,21,60,6,3,0,0.0,0.0
2026-04-29,18-23,22,60,6,3,0,0.0,0.0
2026-04-29,18-23,23,60,6,3,0,0.0,0.0
2026-04-30,00-06,1,60,6,3,0,0.0,0.0
2026-04-30,00-06,2,60,6,3,0,0.0,0.0
2026-04-30,00-06,3,60,6,3,0,0.0,0.0
2026-04-30,00-06,4,60,6,3,0,0.0,0.0
2026-04-30,00-06,5,60,6,3,0,0.0,0.0
2026-04-30,00-06,6,60,6,3,0,0.0,0.0
2026-04-30,07-12,7,60,6,3,0,0.0,0.0
2026-04-30,07-12,8,60,6,3,0,0.0,0.0
2026-04-30,07-12,9,60,6,3,0,0.0,0.0
2026-04-30,07-12,10,60,6,3,0,0.0,0.0
2026-04-30,07-12,11,60,6,3,0,0.0,0.0
2026-04-30,07-12,12,60,6,3,0,0.0,0.0
2026-04-30,13-17,13,60,6,3,1,0.16666666666666666,0.016666666666666666
2026-04-30,13-17,14,60,6,3,0,0.0,0.0
2026-04-30,13-17,15,60,6,3,0,0.0,0.0
2026-04-30,13-17,16,60,6,3,0,0.0,0.0
2026-04-30,13-17,17,60,6,3,0,0.0,0.0
2026-04-30,18-23,18,60,6,3,0,0.0,0.0
2026-04-30,18-23,19,60,6,3,0,0.0,0.0
2026-04-30,18-23,20,60,6,3,0,0.0,0.0
2026-04-30,18-23,21,60,6,3,0,0.0,0.0
2026-04-30,18-23,22,60,6,3,0,0.0,0.0
2026-04-30,18-23,23,60,6,3,0,0.0,0.0
2026-05-01,00-06,1,60,6,3,0,0.0,0.0
2026-05-01,00-06,2,60,6,3,0,0.0,0.0
2026-05-01,00-06,3,60,6,3,0,0.0,0.0
2026-05-01,00-06,4,60,6,3,0,0.0,0.0
2026-05-01,00-06,5,60,6,3,0,0.0,0.0
2026-05-01,00-06,6,60,6,3,0,0.0,0.0
2026-05-01,07-12,7,60,6,3,0,0.0,0.0
2026-05-01,07-12,8,60,6,3,0,0.0,0.0
2026-05-01,07-12,9,60,6,3,1,0.16666666666666666,0.016666666666666666
2026-05-01,07-12,10,60,6,3,0,0.0,0.0
2026-05-01,07-12,11,60,6,3,0,0.0,0.0
2026-05-01,07-12,12,60,6,3,0,0.0,0.0
2026-05-01,13-17,13,60,6,3,0,0.0,0.0
2026-05-01,13-17,14,60,6,3,0,0.0,0.0
2026-05-01,13-17,15,60,6,3,0,0.0,0.0
2026-05-01,13-17,16,60,6,3,0,0.0,0.0
2026-05-01,13-17,17,60,6,3,0,0.0,0.0
2026-05-01,18-23,18,60,6,3,0,0.0,0.0
2026-05-01,18-23,19,60,6,3,0,0.0,0.0
2026-05-01,18-23,20,60,6,3,0,0.0,0.0
2026-05-01,18-23,21,60,6,3,0,0.0,0.0
2026-05-01,18-23,22,60,6,3,0,0.0,0.0
2026-05-01,18-23,23,60,6,3,0,0.0,0.0
2026-05-04,00-06,1,60,6,3,0,0.0,0.0
2026-05-04,00-06,2,60,6,3,0,0.0,0.0
2026-05-04,00-06,3,60,6,3,0,0.0,0.0
2026-05-04,00-06,4,60,6,3,0,0.0,0.0
2026-05-04,00-06,5,60,6,3,0,0.0,0.0
2026-05-04,00-06,6,60,6,3,0,0.0,0.0
2026-05-04,07-12,7,60,6,3,0,0.0,0.0
2026-05-04,07-12,8,60,6,3,1,0.16666666666666666,0.016666666666666666
2026-05-04,07-12,9,60,6,3,0,0.0,0.0
2026-05-04,07-12,10,60,6,3,0,0.0,0.0
2026-05-04,07-12,11,60,6,3,0,0.0,0.0
2026-05-04,07-12,12,60,6,3,0,0.0,0.0
2026-05-04,13-17,13,60,6,3,1,0.16666666666666666,0.016666666666666666
2026-05-04,13-17,14,60,6,3,0,0.0,0.0
2026-05-04,13-17,15,60,6,3,0,0.0,0.0
2026-05-04,13-17,16,60,6,3,0,0.0,0.0
2026-05-04,13-17,17,60,6,3,0,0.0,0.0
2026-05-04,18-23,18,60,6,3,0,0.0,0.0
2026-05-04,18-23,19,60,6,3,0,0.0,0.0
2026-05-04,18-23,20,60,6,3,1,0.16666666666666666,0.016666666666666666
2026-05-04,18-23,21,60,6,3,0,0.0,0.0
2026-05-04,18-23,22,60,6,3,0,0.0,0.0
2026-05-04,18-23,23,60,6,3,0,0.0,0.0
2026-05-05,00-06,1,60,6,3,0,0.0,0.0
2026-05-05,00-06,2,60,6,3,0,0.0,0.0
2026-05-05,00-06,3,60,6,3,0,0.0,0.0
2026-05-05,00-06,4,60,6,3,0,0.0,0.0
2026-05-05,00-06,5,60,6,3,0,0.0,0.0
2026-05-05,00-06,6,60,6,3,1,0.16666666666666666,0.016666666666666666
2026-05-05,07-12,7,60,6,3,0,0.0,0.0
2026-05-05,07-12,8,60,6,3,0,0.0,0.0
2026-05-05,07-12,9,60,6,3,0,0.0,0.0
2026-05-05,07-12,10,60,6,3,0,0.0,0.0
2026-05-05,07-12,11,60,6,3,0,0.0,0.0
2026-05-05,07-12,12,60,6,3,0,0.0,0.0
2026-05-05,13-17,13,60,6,3,1,0.16666666666666666,0.016666666666666666
2026-05-05,13-17,14,60,6,3,0,0.0,0.0
2026-05-05,13-17,15,60,6,3,0,0.0,0.0
2026-05-05,13-17,16,60,6,3,0,0.0,0.0
2026-05-05,13-17,17,60,6,3,0,0.0,0.0
2026-05-05,18-23,18,60,6,3,0,0.0,0.0
2026-05-05,18-23,19,60,6,3,0,0.0,0.0
2026-05-05,18-23,20,60,6,3,0,0.0,0.0
2026-05-05,18-23,21,60,6,3,0,0.0,0.0
2026-05-05,18-23,22,60,6,3,0,0.0,0.0
2026-05-05,18-23,23,60,6,3,0,0.0,0.0
2026-05-06,00-06,1,60,6,3,0,0.0,0.0
2026-05-06,00-06,2,60,6,3,0,0.0,0.0
2026-05-06,00-06,3,60,6,3,0,0.0,0.0
2026-05-06,00-06,4,60,6,3,0,0.0,0.0
2026-05-06,00-06,5,60,6,3,0,0.0,0.0
2026-05-06,00-06,6,60,6,3,0,0.0,0.0
2026-05-06,07-12,7,60,6,3,0,0.0,0.0
2026-05-06,07-12,8,60,6,3,1,0.16666666666666666,0.016666666666666666
2026-05-06,07-12,9,60,6,3,0,0.0,0.0
2026-05-06,07-12,10,60,6,3,0,0.0,0.0
2026-05-06,07-12,11,60,6,3,0,0.0,0.0
2026-05-06,07-12,12,60,6,3,1,0.16666666666666666,0.016666666666666666
2026-05-06,13-17,13,60,6,3,0,0.0,0.0
2026-05-06,13-17,14,60,6,3,0,0.0,0.0
2026-05-06,13-17,15,60,6,3,0,0.0,0.0
2026-05-06,13-17,16,60,6,3,0,0.0,0.0
2026-05-06,13-17,17,60,6,3,0,0.0,0.0
2026-05-06,18-23,18,60,6,3,0,0.0,0.0
2026-05-06,18-23,19,60,6,3,0,0.0,0.0
2026-05-06,18-23,20,60,6,3,0,0.0,0.0
2026-05-06,18-23,21,60,6,3,0,0.0,0.0
2026-05-06,18-23,22,60,6,3,0,0.0,0.0
2026-05-06,18-23,23,60,6,3,0,0.0,0.0
2026-05-07,00-06,1,60,6,3,0,0.0,0.0
2026-05-07,00-06,2,60,6,3,0,0.0,0.0
2026-05-07,00-06,3,60,6,3,0,0.0,0.0
2026-05-07,00-06,4,60,6,3,0,0.0,0.0
2026-05-07,00-06,5,60,6,3,0,0.0,0.0
2026-05-07,00-06,6,60,6,3,0,0.0,0.0
2026-05-07,07-12,7,60,6,3,1,0.16666666666666666,0.016666666666666666
2026-05-07,07-12,8,60,6,3,0,0.0,0.0
2026-05-07,07-12,9,60,6,3,0,0.0,0.0
2026-05-07,07-12,10,60,6,3,0,0.0,0.0
2026-05-07,07-12,11,60,6,3,0,0.0,0.0
2026-05-07,07-12,12,60,6,3,0,0.0,0.0
2026-05-07,13-17,13,60,6,3,0,0.0,0.0
2026-05-07,13-17,14,60,6,3,0,0.0,0.0
2026-05-07,13-17,15,60,6,3,0,0.0,0.0
2026-05-07,13-17,16,60,6,3,0,0.0,0.0
2026-05-07,13-17,17,60,6,3,0,0.0,0.0
2026-05-07,18-23,18,60,6,3,0,0.0,0.0
2026-05-07,18-23,19,60,6,3,1,0.16666666666666666,0.016666666666666666
2026-05-07,18-23,20,60,6,3,0,0.0,0.0
2026-05-07,18-23,21,60,6,3,0,0.0,0.0
2026-05-07,18-23,22,60,6,3,0,0.0,0.0
2026-05-07,18-23,23,60,6,3,0,0.0,0.0
2026-05-08,00-06,1,60,6,3,0,0.0,0.0
2026-05-08,00-06,2,60,6,3,0,0.0,0.0
2026-05-08,00-06,3,60,6,3,0,0.0,0.0
2026-05-08,00-06,4,60,6,3,0,0.0,0.0
2026-05-08,00-06,5,60,6,3,0,0.0,0.0
2026-05-08,00-06,6,60,6,3,0,0.0,0.0
2026-05-08,07-12,7,60,6,3,0,0.0,0.0
2026-05-08,07-12,8,60,6,3,0,0.0,0.0
2026-05-08,07-12,9,60,6,3,1,0.16666666666666666,0.016666666666666666
2026-05-08,07-12,10,60,6,3,0,0.0,0.0
2026-05-08,07-12,11,60,6,3,0,0.0,0.0
2026-05-08,07-12,12,60,6,3,0,0.0,0.0
2026-05-08,13-17,13,60,6,3,0,0.0,0.0
2026-05-08,13-17,14,60,6,3,0,0.0,0.0
2026-05-08,13-17,15,60,6,3,0,0.0,0.0
2026-05-08,13-17,16,60,6,3,0,0.0,0.0
2026-05-08,13-17,17,60,6,3,0,0.0,0.0
2026-05-08,18-23,18,60,6,3,0,0.0,0.0
2026-05-08,18-23,19,60,6,3,0,0.0,0.0
2026-05-08,18-23,20,60,6,3,0,0.0,0.0
2026-05-08,18-23,21,60,6,3,0,0.0,0.0
2026-05-08,18-23,22,60,6,3,0,0.0,0.0
2026-05-08,18-23,23,60,6,3,0,0.0,0.0
2026-05-11,00-06,1,60,6,3,0,0.0,0.0
2026-05-11,00-06,2,60,6,3,0,0.0,0.0
2026-05-11,00-06,3,60,6,3,0,0.0,0.0
2026-05-11,00-06,4,60,6,3,0,0.0,0.0
2026-05-11,00-06,5,60,6,3,0,0.0,0.0
2026-05-11,00-06,6,60,6,3,0,0.0,0.0
2026-05-11,07-12,7,60,6,3,1,0.16666666666666666,0.016666666666666666
2026-05-11,07-12,8,60,6,3,0,0.0,0.0
2026-05-11,07-12,9,60,6,3,0,0.0,0.0
2026-05-11,07-12,10,60,6,3,0,0.0,0.0
2026-05-11,07-12,11,60,6,3,0,0.0,0.0
2026-05-11,07-12,12,60,6,3,0,0.0,0.0
2026-05-11,13-17,13,60,6,3,0,0.0,0.0
2026-05-11,13-17,14,60,6,3,0,0.0,0.0
2026-05-11,13-17,15,60,6,3,1,0.16666666666666666,0.016666666666666666
2026-05-11,13-17,16,60,6,3,0,0.0,0.0
2026-05-11,13-17,17,60,6,3,0,0.0,0.0
2026-05-11,18-23,18,60,6,3,0,0.0,0.0
2026-05-11,18-23,19,60,6,3,0,0.0,0.0
2026-05-11,18-23,20,60,6,3,0,0.0,0.0
2026-05-11,18-23,21,60,6,3,0,0.0,0.0
2026-05-11,18-23,22,60,6,3,0,0.0,0.0
2026-05-11,18-23,23,60,6,3,0,0.0,0.0
2026-05-12,00-06,1,60,6,3,0,0.0,0.0
2026-05-12,00-06,2,60,6,3,0,0.0,0.0
2026-05-12,00-06,3,60,6,3,0,0.0,0.0
2026-05-12,00-06,4,60,6,3,0,0.0,0.0
2026-05-12,00-06,5,60,6,3,1,0.16666666666666666,0.016666666666666666
2026-05-12,00-06,6,60,6,3,0,0.0,0.0
2026-05-12,07-12,7,60,6,3,0,0.0,0.0
2026-05-12,07-12,8,60,6,3,0,0.0,0.0
2026-05-12,07-12,9,60,6,3,0,0.0,0.0
2026-05-12,07-12,10,60,6,3,0,0.0,0.0
2026-05-12,07-12,11,60,6,3,0,0.0,0.0
2026-05-12,07-12,12,60,6,3,0,0.0,0.0
2026-05-12,13-17,13,60,6,3,1,0.16666666666666666,0.016666666666666666
2026-05-12,13-17,14,60,6,3,0,0.0,0.0
2026-05-12,13-17,15,60,6,3,0,0.0,0.0
2026-05-12,13-17,16,60,6,3,0,0.0,0.0
2026-05-12,13-17,17,60,6,3,0,0.0,0.0
2026-05-12,18-23,18,60,6,3,0,0.0,0.0
2026-05-12,18-23,19,60,6,3,0,0.0,0.0
2026-05-12,18-23,20,60,6,3,0,0.0,0.0
2026-05-12,18-23,21,60,6,3,0,0.0,0.0
2026-05-12,18-23,22,60,6,3,0,0.0,0.0
2026-05-12,18-23,23,60,6,3,0,0.0,0.0
2026-05-13,00-06,1,60,6,3,0,0.0,0.0
2026-05-13,00-06,2,60,6,3,0,0.0,0.0
2026-05-13,00-06,3,60,6,3,0,0.0,0.0
2026-05-13,00-06,4,60,6,3,0,0.0,0.0
2026-05-13,00-06,5,60,6,3,0,0.0,0.0
2026-05-13,00-06,6,60,6,3,0,0.0,0.0
2026-05-13,07-12,7,60,6,3,0,0.0,0.0
2026-05-13,07-12,8,60,6,3,1,0.16666666666666666,0.016666666666666666
2026-05-13,07-12,9,60,6,3,0,0.0,0.0
2026-05-13,07-12,10,60,6,3,0,0.0,0.0
2026-05-13,07-12,11,60,6,3,0,0.0,0.0
2026-05-13,07-12,12,60,6,3,0,0.0,0.0
2026-05-13,13-17,13,60,6,3,1,0.16666666666666666,0.016666666666666666
2026-05-13,13-17,14,60,6,3,0,0.0,0.0
2026-05-13,13-17,15,60,6,3,0,0.0,0.0
2026-05-13,13-17,16,60,6,3,2,0.3333333333333333,0.03333333333333333
2026-05-13,13-17,17,60,6,3,0,0.0,0.0
2026-05-13,18-23,18,60,6,3,0,0.0,0.0
2026-05-13,18-23,19,60,6,3,0,0.0,0.0
2026-05-13,18-23,20,60,6,3,0,0.0,0.0
2026-05-13,18-23,21,60,6,3,0,0.0,0.0
2026-05-13,18-23,22,60,6,3,0,0.0,0.0
2026-05-13,18-23,23,60,6,3,0,0.0,0.0
2026-05-14,00-06,1,60,6,3,0,0.0,0.0
2026-05-14,00-06,2,60,6,3,0,0.0,0.0
2026-05-14,00-06,3,60,6,3,0,0.0,0.0
2026-05-14,00-06,4,60,6,3,0,0.0,0.0
2026-05-14,00-06,5,60,6,3,0,0.0,0.0
2026-05-14,00-06,6,60,6,3,0,0.0,0.0
2026-05-14,07-12,7,60,6,3,1,0.16666666666666666,0.016666666666666666
2026-05-14,07-12,8,60,6,3,0,0.0,0.0
2026-05-14,07-12,9,60,6,3,0,0.0,0.0
2026-05-14,07-12,10,60,6,3,0,0.0,0.0
2026-05-14,07-12,11,60,6,3,0,0.0,0.0
2026-05-14,07-12,12,60,6,3,0,0.0,0.0
2026-05-14,13-17,13,60,6,3,0,0.0,0.0
2026-05-14,13-17,14,60,6,3,1,0.16666666666666666,0.016666666666666666
2026-05-14,13-17,15,60,6,3,0,0.0,0.0
2026-05-14,13-17,16,60,6,3,0,0.0,0.0
2026-05-14,13-17,17,60,6,3,0,0.0,0.0
2026-05-14,18-23,18,60,6,3,0,0.0,0.0
2026-05-14,18-23,19,60,6,3,0,0.0,0.0
2026-05-14,18-23,20,60,6,3,0,0.0,0.0
2026-05-14,18-23,21,60,6,3,0,0.0,0.0
2026-05-14,18-23,22,60,6,3,0,0.0,0.0
2026-05-14,18-23,23,60,6,3,0,0.0,0.0
2026-05-15,00-06,1,60,6,3,0,0.0,0.0
2026-05-15,00-06,2,60,6,3,0,0.0,0.0
2026-05-15,00-06,3,60,6,3,0,0.0,0.0
2026-05-15,00-06,4,60,6,3,0,0.0,0.0
2026-05-15,00-06,5,60,6,3,0,0.0,0.0
2026-05-15,00-06,6,60,6,3,1,0.16666666666666666,0.016666666666666666
2026-05-15,07-12,7,60,6,3,0,0.0,0.0
2026-05-15,07-12,8,60,6,3,0,0.0,0.0
2026-05-15,07-12,9,60,6,3,0,0.0,0.0
2026-05-15,07-12,10,60,6,3,0,0.0,0.0
2026-05-15,07-12,11,60,6,3,0,0.0,0.0
2026-05-15,07-12,12,60,6,3,0,0.0,0.0
2026-05-15,13-17,13,60,6,3,0,0.0,0.0
2026-05-15,13-17,14,60,6,3,1,0.16666666666666666,0.016666666666666666
2026-05-15,13-17,15,60,6,3,0,0.0,0.0
2026-05-15,13-17,16,60,6,3,0,0.0,0.0
2026-05-15,13-17,17,60,6,3,0,0.0,0.0
2026-05-15,18-23,18,60,6,3,0,0.0,0.0
2026-05-15,18-23,19,60,6,3,0,0.0,0.0
2026-05-15,18-23,20,60,6,3,0,0.0,0.0
2026-05-15,18-23,21,60,6,3,0,0.0,0.0
2026-05-15,18-23,22,60,6,3,0,0.0,0.0
2026-05-15,18-23,23,60,6,3,0,0.0,0.0
2026-05-18,00-06,1,60,6,3,0,0.0,0.0
2026-05-18,00-06,2,60,6,3,0,0.0,0.0
2026-05-18,00-06,3,60,6,3,0,0.0,0.0
2026-05-18,00-06,4,60,6,3,0,0.0,0.0
2026-05-18,00-06,5,60,6,3,0,0.0,0.0
2026-05-18,00-06,6,60,6,3,0,0.0,0.0
2026-05-18,07-12,7,60,6,3,0,0.0,0.0
2026-05-18,07-12,8,60,6,3,0,0.0,0.0
2026-05-18,07-12,9,60,6,3,1,0.16666666666666666,0.016666666666666666
2026-05-18,07-12,10,60,6,3,0,0.0,0.0
2026-05-18,07-12,11,60,6,3,0,0.0,0.0
2026-05-18,07-12,12,60,6,3,0,0.0,0.0
2026-05-18,13-17,13,60,6,3,0,0.0,0.0
2026-05-18,13-17,14,60,6,3,0,0.0,0.0
2026-05-18,13-17,15,60,6,3,0,0.0,0.0
2026-05-18,13-17,16,60,6,3,1,0.16666666666666666,0.016666666666666666
2026-05-18,13-17,17,60,6,3,1,0.16666666666666666,0.016666666666666666
2026-05-18,18-23,18,60,6,3,0,0.0,0.0
2026-05-18,18-23,19,60,6,3,0,0.0,0.0
2026-05-18,18-23,20,60,6,3,0,0.0,0.0
2026-05-18,18-23,21,60,6,3,0,0.0,0.0
2026-05-18,18-23,22,60,6,3,0,0.0,0.0
2026-05-18,18-23,23,60,6,3,0,0.0,0.0
2026-05-19,00-06,1,60,6,3,0,0.0,0.0
2026-05-19,00-06,2,60,6,3,0,0.0,0.0
2026-05-19,00-06,3,60,6,3,0,0.0,0.0
2026-05-19,00-06,4,60,6,3,0,0.0,0.0
2026-05-19,00-06,5,60,6,3,0,0.0,0.0
2026-05-19,00-06,6,60,6,3,1,0.16666666666666666,0.016666666666666666
2026-05-19,07-12,7,60,6,3,0,0.0,0.0
2026-05-19,07-12,8,60,6,3,0,0.0,0.0
2026-05-19,07-12,9,60,6,3,0,0.0,0.0
2026-05-19,07-12,10,60,6,3,1,0.16666666666666666,0.016666666666666666
2026-05-19,07-12,11,60,6,3,0,0.0,0.0
2026-05-19,07-12,12,60,6,3,0,0.0,0.0
2026-05-19,13-17,13,60,6,3,0,0.0,0.0
2026-05-19,13-17,14,60,6,3,0,0.0,0.0
2026-05-19,13-17,15,60,6,3,0,0.0,0.0
2026-05-19,13-17,16,60,6,3,0,0.0,0.0
2026-05-19,13-17,17,60,6,3,0,0.0,0.0
2026-05-19,18-23,18,60,6,3,0,0.0,0.0
2026-05-19,18-23,19,60,6,3,0,0.0,0.0
2026-05-19,18-23,20,60,6,3,0,0.0,0.0
2026-05-19,18-23,21,60,6,3,0,0.0,0.0
2026-05-19,18-23,22,60,6,3,0,0.0,0.0
2026-05-19,18-23,23,60,6,3,0,0.0,0.0
2026-05-20,00-06,1,60,6,3,0,0.0,0.0
2026-05-20,00-06,2,60,6,3,0,0.0,0.0
2026-05-20,00-06,3,60,6,3,0,0.0,0.0
2026-05-20,00-06,4,60,6,3,0,0.0,0.0
2026-05-20,00-06,5,60,6,3,0,0.0,0.0
2026-05-20,00-06,6,60,6,3,0,0.0,0.0
2026-05-20,07-12,7,60,6,3,0,0.0,0.0
2026-05-20,07-12,8,60,6,3,0,0.0,0.0
2026-05-20,07-12,9,60,6,3,1,0.16666666666666666,0.016666666666666666
2026-05-20,07-12,10,60,6,3,0,0.0,0.0
2026-05-20,07-12,11,60,6,3,0,0.0,0.0
2026-05-20,07-12,12,60,6,3,0,0.0,0.0
2026-05-20,13-17,13,60,6,3,0,0.0,0.0
2026-05-20,13-17,14,60,6,3,0,0.0,0.0
2026-05-20,13-17,15,60,6,3,0,0.0,0.0
2026-05-20,13-17,16,60,6,3,0,0.0,0.0
2026-05-20,13-17,17,60,6,3,0,0.0,0.0
2026-05-20,18-23,18,60,6,3,0,0.0,0.0
2026-05-20,18-23,19,60,6,3,0,0.0,0.0
2026-05-20,18-23,20,60,6,3,0,0.0,0.0
2026-05-20,18-23,21,60,6,3,0,0.0,0.0
2026-05-20,18-23,22,60,6,3,0,0.0,0.0
2026-05-20,18-23,23,60,6,3,0,0.0,0.0
2026-05-21,00-06,1,60,6,3,0,0.0,0.0
2026-05-21,00-06,2,60,6,3,0,0.0,0.0
2026-05-21,00-06,3,60,6,3,0,0.0,0.0
2026-05-21,00-06,4,60,6,3,0,0.0,0.0
2026-05-21,00-06,5,60,6,3,0,0.0,0.0
2026-05-21,00-06,6,60,6,3,0,0.0,0.0
2026-05-21,07-12,7,60,6,3,0,0.0,0.0
2026-05-21,07-12,8,60,6,3,0,0.0,0.0
2026-05-21,07-12,9,60,6,3,1,0.16666666666666666,0.016666666666666666
2026-05-21,07-12,10,60,6,3,0,0.0,0.0
2026-05-21,07-12,11,60,6,3,0,0.0,0.0
2026-05-21,07-12,12,60,6,3,0,0.0,0.0
2026-05-21,13-17,13,60,6,3,0,0.0,0.0
2026-05-21,13-17,14,60,6,3,0,0.0,0.0
2026-05-21,13-17,15,60,6,3,0,0.0,0.0
2026-05-21,13-17,16,60,6,3,0,0.0,0.0
2026-05-21,13-17,17,60,6,3,0,0.0,0.0
2026-05-21,18-23,18,60,6,3,0,0.0,0.0
2026-05-21,18-23,19,60,6,3,0,0.0,0.0
2026-05-21,18-23,20,60,6,3,0,0.0,0.0
2026-05-21,18-23,21,60,6,3,0,0.0,0.0
2026-05-21,18-23,22,60,6,3,0,0.0,0.0
2026-05-21,18-23,23,60,6,3,0,0.0,0.0
2026-05-22,00-06,1,60,6,3,0,0.0,0.0
2026-05-22,00-06,2,60,6,3,0,0.0,0.0
2026-05-22,00-06,3,60,6,3,0,0.0,0.0
2026-05-22,00-06,4,60,6,3,0,0.0,0.0
2026-05-22,00-06,5,60,6,3,0,0.0,0.0
2026-05-22,00-06,6,60,6,3,0,0.0,0.0
2026-05-22,07-12,7,60,6,3,1,0.16666666666666666,0.016666666666666666
2026-05-22,07-12,8,60,6,3,1,0.16666666666666666,0.016666666666666666
2026-05-22,07-12,9,60,6,3,0,0.0,0.0
2026-05-22,07-12,10,60,6,3,0,0.0,0.0
2026-05-22,07-12,11,60,6,3,0,0.0,0.0
2026-05-22,07-12,12,60,6,3,0,0.0,0.0
2026-05-22,13-17,13,60,6,3,0,0.0,0.0
2026-05-22,13-17,14,60,6,3,0,0.0,0.0
2026-05-22,13-17,15,60,6,3,1,0.16666666666666666,0.016666666666666666
2026-05-22,13-17,16,60,6,3,0,0.0,0.0
2026-05-22,13-17,17,60,6,3,0,0.0,0.0
2026-05-22,18-23,18,60,6,3,0,0.0,0.0
2026-05-22,18-23,19,60,6,3,0,0.0,0.0
2026-05-22,18-23,20,60,6,3,0,0.0,0.0
2026-05-22,18-23,21,60,6,3,0,0.0,0.0
2026-05-22,18-23,22,60,6,3,0,0.0,0.0
2026-05-22,18-23,23,60,6,3,0,0.0,0.0
2026-05-25,00-06,1,60,6,3,0,0.0,0.0
2026-05-25,00-06,2,60,6,3,0,0.0,0.0
2026-05-25,00-06,3,60,6,3,0,0.0,0.0
2026-05-25,00-06,4,60,6,3,0,0.0,0.0
2026-05-25,00-06,5,60,6,3,0,0.0,0.0
2026-05-25,00-06,6,60,6,3,0,0.0,0.0
2026-05-25,07-12,7,60,6,3,0,0.0,0.0
2026-05-25,07-12,8,60,6,3,0,0.0,0.0
2026-05-25,07-12,9,60,6,3,1,0.16666666666666666,0.016666666666666666
2026-05-25,07-12,10,60,6,3,0,0.0,0.0
2026-05-25,07-12,11,60,6,3,0,0.0,0.0
2026-05-25,07-12,12,60,6,3,0,0.0,0.0
2026-05-25,13-17,13,60,6,3,0,0.0,0.0
2026-05-25,13-17,14,60,6,3,0,0.0,0.0
2026-05-25,13-17,15,60,6,3,1,0.16666666666666666,0.016666666666666666
2026-05-25,13-17,16,60,6,3,0,0.0,0.0
2026-05-25,13-17,17,60,6,3,0,0.0,0.0
2026-05-25,18-23,18,60,6,3,0,0.0,0.0
2026-05-25,18-23,19,60,6,3,0,0.0,0.0
2026-05-25,18-23,20,60,6,3,0,0.0,0.0
2026-05-25,18-23,21,29,3,3,0,0.0,0.0
2026-05-26,00-06,1,60,6,3,0,0.0,0.0
2026-05-26,00-06,2,60,6,3,0,0.0,0.0
2026-05-26,00-06,3,60,6,3,0,0.0,0.0
2026-05-26,00-06,4,60,6,3,0,0.0,0.0
2026-05-26,00-06,5,60,6,3,0,0.0,0.0
2026-05-26,00-06,6,60,6,3,0,0.0,0.0
2026-05-26,07-12,7,60,6,3,0,0.0,0.0
2026-05-26,07-12,8,60,6,3,1,0.16666666666666666,0.016666666666666666
2026-05-26,07-12,9,60,6,3,0,0.0,0.0
2026-05-26,07-12,10,60,6,3,0,0.0,0.0
2026-05-26,07-12,11,60,6,3,0,0.0,0.0
2026-05-26,07-12,12,60,6,3,0,0.0,0.0
2026-05-26,13-17,13,60,6,3,1,0.16666666666666666,0.016666666666666666
2026-05-26,13-17,14,60,6,3,0,0.0,0.0
2026-05-26,13-17,15,60,6,3,1,0.16666666666666666,0.016666666666666666
2026-05-26,13-17,16,60,6,3,0,0.0,0.0
2026-05-26,13-17,17,60,6,3,0,0.0,0.0
2026-05-26,18-23,18,60,6,3,0,0.0,0.0
2026-05-26,18-23,19,60,6,3,0,0.0,0.0
2026-05-26,18-23,20,60,6,3,0,0.0,0.0
2026-05-26,18-23,21,60,6,3,0,0.0,0.0
2026-05-26,18-23,22,60,6,3,0,0.0,0.0
2026-05-26,18-23,23,60,6,3,0,0.0,0.0
2026-05-27,00-06,1,58,5,2,0,0.0,0.0
2026-05-27,00-06,2,60,6,3,0,0.0,0.0
2026-05-27,00-06,3,60,6,3,0,0.0,0.0
2026-05-27,00-06,4,60,6,3,0,0.0,0.0
2026-05-27,00-06,5,60,6,3,0,0.0,0.0
2026-05-27,00-06,6,60,6,3,0,0.0,0.0
2026-05-27,07-12,7,60,6,3,0,0.0,0.0
2026-05-27,07-12,8,60,6,3,0,0.0,0.0
2026-05-27,07-12,9,60,6,3,1,0.16666666666666666,0.016666666666666666
2026-05-27,07-12,10,60,6,3,0,0.0,0.0
2026-05-27,07-12,11,60,6,3,0,0.0,0.0
2026-05-27,07-12,12,60,6,3,0,0.0,0.0
2026-05-27,13-17,13,60,6,3,0,0.0,0.0
2026-05-27,13-17,14,60,6,3,1,0.16666666666666666,0.016666666666666666
2026-05-27,13-17,15,60,6,3,0,0.0,0.0
2026-05-27,13-17,16,60,6,3,0,0.0,0.0
2026-05-27,13-17,17,60,6,3,0,0.0,0.0
2026-05-27,18-23,18,60,6,3,0,0.0,0.0
2026-05-27,18-23,19,60,6,3,0,0.0,0.0
2026-05-27,18-23,20,60,6,3,0,0.0,0.0
2026-05-27,18-23,21,60,6,3,0,0.0,0.0
2026-05-27,18-23,22,60,6,3,0,0.0,0.0
2026-05-27,18-23,23,60,6,3,0,0.0,0.0
2026-05-28,00-06,1,60,6,3,0,0.0,0.0
2026-05-28,00-06,2,60,6,3,0,0.0,0.0
2026-05-28,00-06,3,60,6,3,0,0.0,0.0
2026-05-28,00-06,4,60,6,3,0,0.0,0.0
2026-05-28,00-06,5,60,6,3,0,0.0,0.0
2026-05-28,00-06,6,60,6,3,0,0.0,0.0
2026-05-28,07-12,7,60,6,3,1,0.16666666666666666,0.016666666666666666
2026-05-28,07-12,8,60,6,3,0,0.0,0.0
2026-05-28,07-12,9,60,6,3,0,0.0,0.0
2026-05-28,07-12,10,60,6,3,0,0.0,0.0
2026-05-28,07-12,11,60,6,3,0,0.0,0.0
2026-05-28,07-12,12,60,6,3,0,0.0,0.0
2026-05-28,13-17,13,60,6,3,0,0.0,0.0
2026-05-28,13-17,14,60,6,3,0,0.0,0.0
2026-05-28,13-17,15,60,6,3,0,0.0,0.0
2026-05-28,13-17,16,60,6,3,0,0.0,0.0
2026-05-28,13-17,17,60,6,3,1,0.16666666666666666,0.016666666666666666
2026-05-28,18-23,18,60,6,3,0,0.0,0.0
2026-05-28,18-23,19,60,6,3,0,0.0,0.0
2026-05-28,18-23,20,60,6,3,1,0.16666666666666666,0.016666666666666666
2026-05-28,18-23,21,60,6,3,0,0.0,0.0
2026-05-28,18-23,22,60,6,3,0,0.0,0.0
2026-05-28,18-23,23,60,6,3,0,0.0,0.0
2026-05-29,00-06,1,60,6,3,0,0.0,0.0
2026-05-29,00-06,2,60,6,3,0,0.0,0.0
2026-05-29,00-06,3,60,6,3,0,0.0,0.0
2026-05-29,00-06,4,60,6,3,0,0.0,0.0
2026-05-29,00-06,5,60,6,3,0,0.0,0.0
2026-05-29,00-06,6,60,6,3,0,0.0,0.0
2026-05-29,07-12,7,60,6,3,0,0.0,0.0
2026-05-29,07-12,8,60,6,3,0,0.0,0.0
2026-05-29,07-12,9,60,6,3,1,0.16666666666666666,0.016666666666666666
2026-05-29,07-12,10,60,6,3,0,0.0,0.0
2026-05-29,07-12,11,60,6,3,0,0.0,0.0
2026-05-29,07-12,12,60,6,3,0,0.0,0.0
2026-05-29,13-17,13,60,6,3,0,0.0,0.0
2026-05-29,13-17,14,60,6,3,0,0.0,0.0
2026-05-29,13-17,15,60,6,3,0,0.0,0.0
2026-05-29,13-17,16,60,6,3,0,0.0,0.0
2026-05-29,13-17,17,60,6,3,0,0.0,0.0
2026-05-29,18-23,18,60,6,3,0,0.0,0.0
2026-05-29,18-23,19,60,6,3,0,0.0,0.0
2026-05-29,18-23,20,60,6,3,0,0.0,0.0
2026-05-29,18-23,21,60,6,3,1,0.16666666666666666,0.016666666666666666
2026-05-29,18-23,22,60,6,3,0,0.0,0.0
2026-05-29,18-23,23,60,6,3,0,0.0,0.0
2026-06-01,00-06,1,60,6,3,0,0.0,0.0
2026-06-01,00-06,2,60,6,3,0,0.0,0.0
2026-06-01,00-06,3,60,6,3,0,0.0,0.0
2026-06-01,00-06,4,60,6,3,0,0.0,0.0
2026-06-01,00-06,5,60,6,3,0,0.0,0.0
2026-06-01,00-06,6,60,6,3,0,0.0,0.0
2026-06-01,07-12,7,60,6,3,0,0.0,0.0
2026-06-01,07-12,8,60,6,3,0,0.0,0.0
2026-06-01,07-12,9,60,6,3,0,0.0,0.0
2026-06-01,07-12,10,60,6,3,0,0.0,0.0
2026-06-01,07-12,11,60,6,3,1,0.16666666666666666,0.016666666666666666
2026-06-01,07-12,12,60,6,3,0,0.0,0.0
2026-06-01,13-17,13,60,6,3,0,0.0,0.0
2026-06-01,13-17,14,60,6,3,0,0.0,0.0
2026-06-01,13-17,15,60,6,3,0,0.0,0.0
2026-06-01,13-17,16,60,6,3,1,0.16666666666666666,0.016666666666666666
2026-06-01,13-17,17,60,6,3,0,0.0,0.0
2026-06-01,18-23,18,60,6,3,0,0.0,0.0
2026-06-01,18-23,19,60,6,3,0,0.0,0.0
2026-06-01,18-23,20,60,6,3,0,0.0,0.0
2026-06-01,18-23,21,60,6,3,0,0.0,0.0
2026-06-01,18-23,22,60,6,3,0,0.0,0.0
2026-06-01,18-23,23,60,6,3,0,0.0,0.0
2026-06-02,00-06,1,60,6,3,0,0.0,0.0
2026-06-02,00-06,2,60,6,3,0,0.0,0.0
2026-06-02,00-06,3,60,6,3,0,0.0,0.0
2026-06-02,00-06,4,60,6,3,0,0.0,0.0
2026-06-02,00-06,5,60,6,3,0,0.0,0.0
2026-06-02,00-06,6,60,6,3,0,0.0,0.0
2026-06-02,07-12,7,60,6,3,0,0.0,0.0
2026-06-02,07-12,8,60,6,3,0,0.0,0.0
2026-06-02,07-12,9,60,6,3,0,0.0,0.0
2026-06-02,07-12,10,60,6,3,0,0.0,0.0
2026-06-02,07-12,11,60,6,3,0,0.0,0.0
2026-06-02,07-12,12,60,6,3,0,0.0,0.0
2026-06-02,13-17,13,60,6,3,0,0.0,0.0
2026-06-02,13-17,14,60,6,3,0,0.0,0.0
2026-06-02,13-17,15,60,6,3,0,0.0,0.0
2026-06-02,13-17,16,60,6,3,1,0.16666666666666666,0.016666666666666666
2026-06-02,13-17,17,60,6,3,0,0.0,0.0
2026-06-02,18-23,18,60,6,3,0,0.0,0.0
2026-06-02,18-23,19,60,6,3,0,0.0,0.0
2026-06-02,18-23,20,60,6,3,0,0.0,0.0
2026-06-02,18-23,21,60,6,3,0,0.0,0.0
2026-06-02,18-23,22,60,6,3,0,0.0,0.0
2026-06-02,18-23,23,60,6,3,0,0.0,0.0
2026-06-03,00-06,1,60,6,3,0,0.0,0.0
2026-06-03,00-06,2,60,6,3,0,0.0,0.0
2026-06-03,00-06,3,60,6,3,0,0.0,0.0
2026-06-03,00-06,4,60,6,3,0,0.0,0.0
2026-06-03,00-06,5,60,6,3,0,0.0,0.0
2026-06-03,00-06,6,60,6,3,0,0.0,0.0
2026-06-03,07-12,7,60,6,3,1,0.16666666666666666,0.016666666666666666
2026-06-03,07-12,8,60,6,3,0,0.0,0.0
2026-06-03,07-12,9,60,6,3,0,0.0,0.0
2026-06-03,07-12,10,60,6,3,0,0.0,0.0
2026-06-03,07-12,11,60,6,3,0,0.0,0.0
2026-06-03,07-12,12,60,6,3,0,0.0,0.0
2026-06-03,13-17,13,60,6,3,0,0.0,0.0
2026-06-03,13-17,14,60,6,3,0,0.0,0.0
2026-06-03,13-17,15,60,6,3,0,0.0,0.0
2026-06-03,13-17,16,60,6,3,0,0.0,0.0
2026-06-03,13-17,17,60,6,3,0,0.0,0.0
2026-06-03,18-23,18,60,6,3,1,0.16666666666666666,0.016666666666666666
2026-06-03,18-23,19,60,6,3,0,0.0,0.0
2026-06-03,18-23,20,60,6,3,0,0.0,0.0
2026-06-03,18-23,21,60,6,3,0,0.0,0.0
2026-06-03,18-23,22,60,6,3,0,0.0,0.0
2026-06-03,18-23,23,60,6,3,0,0.0,0.0
2026-06-04,00-06,1,60,6,3,0,0.0,0.0
2026-06-04,00-06,2,60,6,3,0,0.0,0.0
2026-06-04,00-06,3,60,6,3,0,0.0,0.0
2026-06-04,00-06,4,60,6,3,0,0.0,0.0
2026-06-04,00-06,5,60,6,3,0,0.0,0.0
2026-06-04,00-06,6,60,6,3,0,0.0,0.0
2026-06-04,07-12,7,60,6,3,0,0.0,0.0
2026-06-04,07-12,8,60,6,3,0,0.0,0.0
2026-06-04,07-12,9,60,6,3,1,0.16666666666666666,0.016666666666666666
2026-06-04,07-12,10,60,6,3,1,0.16666666666666666,0.016666666666666666
2026-06-04,07-12,11,60,6,3,0,0.0,0.0
2026-06-04,07-12,12,60,6,3,0,0.0,0.0
2026-06-04,13-17,13,60,6,3,0,0.0,0.0
2026-06-04,13-17,14,60,6,3,0,0.0,0.0
2026-06-04,13-17,15,60,6,3,0,0.0,0.0
2026-06-04,13-17,16,60,6,3,0,0.0,0.0
2026-06-04,13-17,17,60,6,3,0,0.0,0.0
2026-06-04,18-23,18,60,6,3,0,0.0,0.0
2026-06-04,18-23,19,60,6,3,0,0.0,0.0
2026-06-04,18-23,20,60,6,3,0,0.0,0.0
2026-06-04,18-23,21,60,6,3,0,0.0,0.0
2026-06-04,18-23,22,60,6,3,0,0.0,0.0
2026-06-04,18-23,23,60,6,3,0,0.0,0.0
2026-06-05,00-06,1,60,6,3,0,0.0,0.0
2026-06-05,00-06,2,60,6,3,0,0.0,0.0
2026-06-05,00-06,3,60,6,3,0,0.0,0.0
2026-06-05,00-06,4,60,6,3,0,0.0,0.0
2026-06-05,00-06,5,60,6,3,0,0.0,0.0
2026-06-05,00-06,6,60,6,3,0,0.0,0.0
2026-06-05,07-12,7,60,6,3,1,0.16666666666666666,0.016666666666666666
2026-06-05,07-12,8,60,6,3,0,0.0,0.0
2026-06-05,07-12,9,60,6,3,0,0.0,0.0
2026-06-05,07-12,10,60,6,3,0,0.0,0.0
2026-06-05,07-12,11,60,6,3,0,0.0,0.0
2026-06-05,07-12,12,60,6,3,0,0.0,0.0
2026-06-05,13-17,13,60,6,3,0,0.0,0.0
2026-06-05,13-17,14,60,6,3,1,0.16666666666666666,0.016666666666666666
2026-06-05,13-17,15,60,6,3,0,0.0,0.0
2026-06-05,13-17,16,60,6,3,0,0.0,0.0
2026-06-05,13-17,17,60,6,3,0,0.0,0.0
2026-06-05,18-23,18,60,6,3,0,0.0,0.0
2026-06-05,18-23,19,60,6,3,0,0.0,0.0
2026-06-05,18-23,20,60,6,3,0,0.0,0.0
2026-06-05,18-23,21,60,6,3,0,0.0,0.0
2026-06-05,18-23,22,60,6,3,0,0.0,0.0
2026-06-05,18-23,23,60,6,3,0,0.0,0.0
2026-06-08,00-06,1,60,6,3,0,0.0,0.0
2026-06-08,00-06,2,60,6,3,0,0.0,0.0
2026-06-08,00-06,3,60,6,3,0,0.0,0.0
2026-06-08,00-06,4,60,6,3,0,0.0,0.0
2026-06-08,00-06,5,60,6,3,0,0.0,0.0
2026-06-08,00-06,6,60,6,3,0,0.0,0.0
2026-06-08,07-12,7,60,6,3,0,0.0,0.0
2026-06-08,07-12,8,60,6,3,1,0.16666666666666666,0.016666666666666666
2026-06-08,07-12,9,60,6,3,0,0.0,0.0
2026-06-08,07-12,10,60,6,3,0,0.0,0.0
2026-06-08,07-12,11,60,6,3,0,0.0,0.0
2026-06-08,07-12,12,60,6,3,0,0.0,0.0
2026-06-08,13-17,13,60,6,3,0,0.0,0.0
2026-06-08,13-17,14,60,6,3,0,0.0,0.0
2026-06-08,13-17,15,60,6,3,0,0.0,0.0
2026-06-08,13-17,16,60,6,3,0,0.0,0.0
2026-06-08,13-17,17,60,6,3,0,0.0,0.0
2026-06-08,18-23,18,60,6,3,1,0.16666666666666666,0.016666666666666666
2026-06-08,18-23,19,60,6,3,0,0.0,0.0
2026-06-08,18-23,20,60,6,3,0,0.0,0.0
2026-06-08,18-23,21,60,6,3,0,0.0,0.0
2026-06-08,18-23,22,60,6,3,0,0.0,0.0
2026-06-08,18-23,23,60,6,3,0,0.0,0.0
2026-06-09,00-06,1,60,6,3,0,0.0,0.0
2026-06-09,00-06,2,60,6,3,0,0.0,0.0
2026-06-09,00-06,3,60,6,3,0,0.0,0.0
2026-06-09,00-06,4,60,6,3,0,0.0,0.0
2026-06-09,00-06,5,60,6,3,0,0.0,0.0
2026-06-09,00-06,6,60,6,3,0,0.0,0.0
2026-06-09,07-12,7,60,6,3,0,0.0,0.0
2026-06-09,07-12,8,60,6,3,0,0.0,0.0
2026-06-09,07-12,9,60,6,3,0,0.0,0.0
2026-06-09,07-12,10,60,6,3,1,0.16666666666666666,0.016666666666666666
2026-06-09,07-12,11,60,6,3,0,0.0,0.0
2026-06-09,07-12,12,60,6,3,0,0.0,0.0
2026-06-09,13-17,13,60,6,3,0,0.0,0.0
2026-06-09,13-17,14,60,6,3,0,0.0,0.0
2026-06-09,13-17,15,60,6,3,0,0.0,0.0
2026-06-09,13-17,16,60,6,3,0,0.0,0.0
2026-06-09,13-17,17,60,6,3,0,0.0,0.0
2026-06-09,18-23,18,60,6,3,0,0.0,0.0
2026-06-09,18-23,19,60,6,3,0,0.0,0.0
2026-06-09,18-23,20,60,6,3,0,0.0,0.0
2026-06-09,18-23,21,60,6,3,0,0.0,0.0
2026-06-09,18-23,22,60,6,3,0,0.0,0.0
2026-06-09,18-23,23,60,6,3,0,0.0,0.0
2026-06-10,00-06,1,60,6,3,0,0.0,0.0
2026-06-10,00-06,2,60,6,3,0,0.0,0.0
2026-06-10,00-06,3,60,6,3,0,0.0,0.0
2026-06-10,00-06,4,60,6,3,0,0.0,0.0
2026-06-10,00-06,5,60,6,3,0,0.0,0.0
2026-06-10,00-06,6,60,6,3,0,0.0,0.0
2026-06-10,07-12,7,60,6,3,0,0.0,0.0
2026-06-10,07-12,8,60,6,3,1,0.16666666666666666,0.016666666666666666
2026-06-10,07-12,9,60,6,3,0,0.0,0.0
2026-06-10,07-12,10,60,6,3,0,0.0,0.0
2026-06-10,07-12,11,60,6,3,0,0.0,0.0
2026-06-10,07-12,12,60,6,3,0,0.0,0.0
2026-06-10,13-17,13,60,6,3,0,0.0,0.0
2026-06-10,13-17,14,60,6,3,0,0.0,0.0
2026-06-10,13-17,15,60,6,3,0,0.0,0.0
2026-06-10,13-17,16,60,6,3,0,0.0,0.0
2026-06-10,13-17,17,60,6,3,0,0.0,0.0
2026-06-10,18-23,18,60,6,3,0,0.0,0.0
2026-06-10,18-23,19,60,6,3,0,0.0,0.0
2026-06-10,18-23,20,60,6,3,0,0.0,0.0
2026-06-10,18-23,21,60,6,3,0,0.0,0.0
2026-06-10,18-23,22,60,6,3,0,0.0,0.0
2026-06-10,18-23,23,60,6,3,0,0.0,0.0
2026-06-11,00-06,1,60,6,3,0,0.0,0.0
2026-06-11,00-06,2,60,6,3,0,0.0,0.0
2026-06-11,00-06,3,60,6,3,0,0.0,0.0
2026-06-11,00-06,4,60,6,3,0,0.0,0.0
2026-06-11,00-06,5,60,6,3,0,0.0,0.0
2026-06-11,00-06,6,60,6,3,0,0.0,0.0
2026-06-11,07-12,7,60,6,3,0,0.0,0.0
2026-06-11,07-12,8,60,6,3,0,0.0,0.0
2026-06-11,07-12,9,60,6,3,1,0.16666666666666666,0.016666666666666666
2026-06-11,07-12,10,60,6,3,0,0.0,0.0
2026-06-11,07-12,11,60,6,3,0,0.0,0.0
2026-06-11,07-12,12,60,6,3,0,0.0,0.0
2026-06-11,13-17,13,60,6,3,0,0.0,0.0
2026-06-11,13-17,14,60,6,3,0,0.0,0.0
2026-06-11,13-17,15,60,6,3,0,0.0,0.0
2026-06-11,13-17,16,60,6,3,0,0.0,0.0
2026-06-11,13-17,17,60,6,3,0,0.0,0.0
2026-06-11,18-23,18,60,6,3,0,0.0,0.0
2026-06-11,18-23,19,60,6,3,0,0.0,0.0
2026-06-11,18-23,20,60,6,3,0,0.0,0.0
2026-06-11,18-23,21,60,6,3,0,0.0,0.0
2026-06-11,18-23,22,60,6,3,0,0.0,0.0
2026-06-11,18-23,23,60,6,3,0,0.0,0.0
2026-06-12,00-06,1,60,6,3,0,0.0,0.0
2026-06-12,00-06,2,60,6,3,0,0.0,0.0
2026-06-12,00-06,3,60,6,3,0,0.0,0.0
2026-06-12,00-06,4,60,6,3,0,0.0,0.0
2026-06-12,00-06,5,60,6,3,0,0.0,0.0
2026-06-12,00-06,6,60,6,3,0,0.0,0.0
2026-06-12,07-12,7,60,6,3,0,0.0,0.0
2026-06-12,07-12,8,60,6,3,1,0.16666666666666666,0.016666666666666666
2026-06-12,07-12,9,60,6,3,0,0.0,0.0
2026-06-12,07-12,10,60,6,3,0,0.0,0.0
2026-06-12,07-12,11,60,6,3,0,0.0,0.0
2026-06-12,07-12,12,60,6,3,0,0.0,0.0
2026-06-12,13-17,13,60,6,3,0,0.0,0.0
2026-06-12,13-17,14,60,6,3,0,0.0,0.0
2026-06-12,13-17,15,60,6,3,0,0.0,0.0
2026-06-12,13-17,16,60,6,3,0,0.0,0.0
2026-06-12,13-17,17,60,6,3,1,0.16666666666666666,0.016666666666666666
2026-06-12,18-23,18,60,6,3,0,0.0,0.0
2026-06-12,18-23,19,60,6,3,0,0.0,0.0
2026-06-12,18-23,20,60,6,3,0,0.0,0.0
2026-06-12,18-23,21,60,6,3,0,0.0,0.0
2026-06-12,18-23,22,60,6,3,0,0.0,0.0
2026-06-12,18-23,23,60,6,3,0,0.0,0.0
2026-06-15,00-06,1,60,6,3,0,0.0,0.0
2026-06-15,00-06,2,60,6,3,0,0.0,0.0
2026-06-15,00-06,3,60,6,3,0,0.0,0.0
2026-06-15,00-06,4,60,6,3,0,0.0,0.0
2026-06-15,00-06,5,60,6,3,0,0.0,0.0
2026-06-15,00-06,6,60,6,3,0,0.0,0.0
2026-06-15,07-12,7,60,6,3,0,0.0,0.0
2026-06-15,07-12,8,60,6,3,1,0.16666666666666666,0.016666666666666666
2026-06-15,07-12,9,60,6,3,0,0.0,0.0
2026-06-15,07-12,10,60,6,3,0,0.0,0.0
2026-06-15,07-12,11,60,6,3,0,0.0,0.0
2026-06-15,07-12,12,60,6,3,0,0.0,0.0
2026-06-15,13-17,13,60,6,3,0,0.0,0.0
2026-06-15,13-17,14,60,6,3,0,0.0,0.0
2026-06-15,13-17,15,60,6,3,0,0.0,0.0
2026-06-15,13-17,16,60,6,3,1,0.16666666666666666,0.016666666666666666
2026-06-15,13-17,17,60,6,3,0,0.0,0.0
2026-06-15,18-23,18,60,6,3,0,0.0,0.0
2026-06-15,18-23,19,60,6,3,0,0.0,0.0
2026-06-15,18-23,20,60,6,3,0,0.0,0.0
2026-06-15,18-23,21,60,6,3,0,0.0,0.0
2026-06-15,18-23,22,60,6,3,0,0.0,0.0
2026-06-15,18-23,23,60,6,3,0,0.0,0.0
2026-06-16,00-06,1,60,6,3,0,0.0,0.0
2026-06-16,00-06,2,60,6,3,0,0.0,0.0
2026-06-16,00-06,3,60,6,3,0,0.0,0.0
2026-06-16,00-06,4,60,6,3,0,0.0,0.0
2026-06-16,00-06,5,60,6,3,0,0.0,0.0
2026-06-16,00-06,6,60,6,3,0,0.0,0.0
2026-06-16,07-12,7,60,6,3,0,0.0,0.0
2026-06-16,07-12,8,60,6,3,0,0.0,0.0
2026-06-16,07-12,9,60,6,3,0,0.0,0.0
2026-06-16,07-12,10,60,6,3,0,0.0,0.0
2026-06-16,07-12,11,60,6,3,0,0.0,0.0
2026-06-16,07-12,12,60,6,3,0,0.0,0.0
2026-06-16,13-17,13,60,6,3,1,0.16666666666666666,0.016666666666666666
2026-06-16,13-17,14,60,6,3,0,0.0,0.0
2026-06-16,13-17,15,60,6,3,1,0.16666666666666666,0.016666666666666666
2026-06-16,13-17,16,60,6,3,0,0.0,0.0
2026-06-16,13-17,17,60,6,3,0,0.0,0.0
2026-06-16,18-23,18,60,6,3,0,0.0,0.0
2026-06-16,18-23,19,60,6,3,0,0.0,0.0
2026-06-16,18-23,20,60,6,3,0,0.0,0.0
2026-06-16,18-23,21,60,6,3,0,0.0,0.0
2026-06-16,18-23,22,60,6,3,0,0.0,0.0
2026-06-16,18-23,23,60,6,3,0,0.0,0.0
2026-06-17,00-06,1,60,6,3,0,0.0,0.0
2026-06-17,00-06,2,60,6,3,0,0.0,0.0
2026-06-17,00-06,3,60,6,3,0,0.0,0.0
2026-06-17,00-06,4,60,6,3,0,0.0,0.0
2026-06-17,00-06,5,60,6,3,0,0.0,0.0
2026-06-17,00-06,6,60,6,3,0,0.0,0.0
2026-06-17,07-12,7,60,6,3,0,0.0,0.0
2026-06-17,07-12,8,60,6,3,1,0.16666666666666666,0.016666666666666666
2026-06-17,07-12,9,60,6,3,0,0.0,0.0
2026-06-17,07-12,10,60,6,3,0,0.0,0.0
2026-06-17,07-12,11,60,6,3,0,0.0,0.0
2026-06-17,07-12,12,60,6,3,0,0.0,0.0
2026-06-17,13-17,13,60,6,3,0,0.0,0.0
2026-06-17,13-17,14,60,6,3,0,0.0,0.0
2026-06-17,13-17,15,60,6,3,0,0.0,0.0
2026-06-17,13-17,16,60,6,3,0,0.0,0.0
2026-06-17,13-17,17,60,6,3,0,0.0,0.0
2026-06-17,18-23,18,60,6,3,0,0.0,0.0
2026-06-17,18-23,19,60,6,3,0,0.0,0.0
2026-06-17,18-23,20,60,6,3,0,0.0,0.0
2026-06-17,18-23,21,60,6,3,0,0.0,0.0
2026-06-17,18-23,22,60,6,3,0,0.0,0.0
2026-06-17,18-23,23,60,6,3,0,0.0,0.0
2026-06-18,00-06,1,60,6,3,0,0.0,0.0
2026-06-18,00-06,2,60,6,3,0,0.0,0.0
2026-06-18,00-06,3,60,6,3,0,0.0,0.0
2026-06-18,00-06,4,60,6,3,0,0.0,0.0
2026-06-18,00-06,5,60,6,3,0,0.0,0.0
2026-06-18,00-06,6,60,6,3,0,0.0,0.0
2026-06-18,07-12,7,60,6,3,0,0.0,0.0
2026-06-18,07-12,8,60,6,3,0,0.0,0.0
2026-06-18,07-12,9,60,6,3,0,0.0,0.0
2026-06-18,07-12,10,60,6,3,0,0.0,0.0
2026-06-18,07-12,11,60,6,3,0,0.0,0.0
2026-06-18,07-12,12,60,6,3,0,0.0,0.0
2026-06-18,13-17,13,60,6,3,0,0.0,0.0
2026-06-18,13-17,14,60,6,3,0,0.0,0.0
2026-06-18,13-17,15,60,6,3,0,0.0,0.0
2026-06-18,13-17,16,60,6,3,0,0.0,0.0
2026-06-18,13-17,17,60,6,3,0,0.0,0.0
2026-06-18,18-23,18,60,6,3,1,0.16666666666666666,0.016666666666666666
2026-06-18,18-23,19,60,6,3,0,0.0,0.0
2026-06-18,18-23,20,60,6,3,0,0.0,0.0
2026-06-18,18-23,21,60,6,3,0,0.0,0.0
2026-06-18,18-23,22,60,6,3,0,0.0,0.0
2026-06-18,18-23,23,60,6,3,0,0.0,0.0
2026-06-19,00-06,1,60,6,3,0,0.0,0.0
2026-06-19,00-06,2,60,6,3,0,0.0,0.0
2026-06-19,00-06,3,60,6,3,0,0.0,0.0
2026-06-19,00-06,4,60,6,3,0,0.0,0.0
2026-06-19,00-06,5,60,6,3,0,0.0,0.0
2026-06-19,00-06,6,60,6,3,0,0.0,0.0
2026-06-19,07-12,7,60,6,3,0,0.0,0.0
2026-06-19,07-12,8,60,6,3,1,0.16666666666666666,0.016666666666666666
2026-06-19,07-12,9,60,6,3,0,0.0,0.0
2026-06-19,07-12,10,60,6,3,0,0.0,0.0
2026-06-19,07-12,11,60,6,3,0,0.0,0.0
2026-06-19,07-12,12,60,6,3,0,0.0,0.0
2026-06-19,13-17,13,60,6,3,0,0.0,0.0
2026-06-19,13-17,14,60,6,3,0,0.0,0.0
2026-06-19,13-17,15,60,6,3,0,0.0,0.0
2026-06-19,13-17,16,60,6,3,0,0.0,0.0
2026-06-19,13-17,17,60,6,3,0,0.0,0.0
2026-06-19,18-23,18,60,6,3,0,0.0,0.0
2026-06-19,18-23,19,59,6,3,0,0.0,0.0
2026-06-22,00-06,1,60,6,3,0,0.0,0.0
2026-06-22,00-06,2,60,6,3,0,0.0,0.0
2026-06-22,00-06,3,60,6,3,0,0.0,0.0
2026-06-22,00-06,4,60,6,3,0,0.0,0.0
2026-06-22,00-06,5,60,6,3,0,0.0,0.0
2026-06-22,00-06,6,60,6,3,0,0.0,0.0
2026-06-22,07-12,7,60,6,3,0,0.0,0.0
2026-06-22,07-12,8,60,6,3,1,0.16666666666666666,0.016666666666666666
2026-06-22,07-12,9,60,6,3,0,0.0,0.0
2026-06-22,07-12,10,60,6,3,0,0.0,0.0
2026-06-22,07-12,11,60,6,3,0,0.0,0.0
2026-06-22,07-12,12,60,6,3,0,0.0,0.0
2026-06-22,13-17,13,60,6,3,0,0.0,0.0
2026-06-22,13-17,14,60,6,3,0,0.0,0.0
2026-06-22,13-17,15,60,6,3,0,0.0,0.0
2026-06-22,13-17,16,60,6,3,0,0.0,0.0
2026-06-22,13-17,17,60,6,3,0,0.0,0.0
2026-06-22,18-23,18,60,6,3,0,0.0,0.0
2026-06-22,18-23,19,60,6,3,0,0.0,0.0
2026-06-22,18-23,20,60,6,3,0,0.0,0.0
2026-06-22,18-23,21,60,6,3,0,0.0,0.0
2026-06-22,18-23,22,60,6,3,0,0.0,0.0
2026-06-22,18-23,23,60,6,3,0,0.0,0.0
2026-06-23,00-06,1,60,6,3,0,0.0,0.0
2026-06-23,00-06,2,60,6,3,0,0.0,0.0
2026-06-23,00-06,3,60,6,3,0,0.0,0.0
2026-06-23,00-06,4,60,6,3,0,0.0,0.0
2026-06-23,00-06,5,60,6,3,0,0.0,0.0
2026-06-23,00-06,6,60,6,3,1,0.16666666666666666,0.016666666666666666
2026-06-23,07-12,7,60,6,3,0,0.0,0.0
2026-06-23,07-12,8,60,6,3,0,0.0,0.0
2026-06-23,07-12,9,60,6,3,0,0.0,0.0
2026-06-23,07-12,10,60,6,3,0,0.0,0.0
2026-06-23,07-12,11,60,6,3,0,0.0,0.0
2026-06-23,07-12,12,60,6,3,0,0.0,0.0
2026-06-23,13-17,13,60,6,3,0,0.0,0.0
2026-06-23,13-17,14,60,6,3,0,0.0,0.0
2026-06-23,13-17,15,60,6,3,0,0.0,0.0
2026-06-23,13-17,16,60,6,3,0,0.0,0.0
2026-06-23,13-17,17,60,6,3,0,0.0,0.0
2026-06-23,18-23,18,60,6,3,0,0.0,0.0
2026-06-23,18-23,19,60,6,3,0,0.0,0.0
2026-06-23,18-23,20,60,6,3,0,0.0,0.0
2026-06-23,18-23,21,60,6,3,1,0.16666666666666666,0.016666666666666666
2026-06-23,18-23,22,60,6,3,0,0.0,0.0
2026-06-23,18-23,23,60,6,3,0,0.0,0.0
2026-06-24,00-06,1,60,6,3,0,0.0,0.0
2026-06-24,00-06,2,60,6,3,0,0.0,0.0
2026-06-24,00-06,3,60,6,3,0,0.0,0.0
2026-06-24,00-06,4,60,6,3,0,0.0,0.0
2026-06-24,00-06,5,60,6,3,0,0.0,0.0
2026-06-24,00-06,6,60,6,3,0,0.0,0.0
2026-06-24,07-12,7,60,6,3,0,0.0,0.0
2026-06-24,07-12,8,60,6,3,0,0.0,0.0
2026-06-24,07-12,9,60,6,3,0,0.0,0.0
2026-06-24,07-12,10,60,6,3,1,0.16666666666666666,0.016666666666666666
2026-06-24,07-12,11,60,6,3,0,0.0,0.0
2026-06-24,07-12,12,60,6,3,0,0.0,0.0
2026-06-24,13-17,13,60,6,3,0,0.0,0.0
2026-06-24,13-17,14,60,6,3,0,0.0,0.0
2026-06-24,13-17,15,60,6,3,0,0.0,0.0
2026-06-24,13-17,16,60,6,3,1,0.16666666666666666,0.016666666666666666
2026-06-24,13-17,17,60,6,3,0,0.0,0.0
2026-06-24,18-23,18,60,6,3,0,0.0,0.0
2026-06-24,18-23,19,60,6,3,0,0.0,0.0
2026-06-24,18-23,20,60,6,3,0,0.0,0.0
2026-06-24,18-23,21,60,6,3,0,0.0,0.0
2026-06-24,18-23,22,60,6,3,0,0.0,0.0
2026-06-24,18-23,23,60,6,3,0,0.0,0.0
2026-06-25,00-06,1,60,6,3,0,0.0,0.0
2026-06-25,00-06,2,60,6,3,0,0.0,0.0
2026-06-25,00-06,3,60,6,3,0,0.0,0.0
2026-06-25,00-06,4,60,6,3,0,0.0,0.0
2026-06-25,00-06,5,60,6,3,0,0.0,0.0
2026-06-25,00-06,6,60,6,3,0,0.0,0.0
2026-06-25,07-12,7,60,6,3,1,0.16666666666666666,0.016666666666666666
2026-06-25,07-12,8,60,6,3,0,0.0,0.0
2026-06-25,07-12,9,60,6,3,0,0.0,0.0
2026-06-25,07-12,10,60,6,3,0,0.0,0.0
2026-06-25,07-12,11,60,6,3,0,0.0,0.0
2026-06-25,07-12,12,60,6,3,0,0.0,0.0
2026-06-25,13-17,13,60,6,3,0,0.0,0.0
2026-06-25,13-17,14,60,6,3,0,0.0,0.0
2026-06-25,13-17,15,60,6,3,0,0.0,0.0
2026-06-25,13-17,16,60,6,3,0,0.0,0.0
2026-06-25,13-17,17,60,6,3,0,0.0,0.0
2026-06-25,18-23,18,60,6,3,0,0.0,0.0
2026-06-25,18-23,19,60,6,3,1,0.16666666666666666,0.016666666666666666
2026-06-25,18-23,20,60,6,3,0,0.0,0.0
2026-06-25,18-23,21,60,6,3,0,0.0,0.0
2026-06-25,18-23,22,60,6,3,0,0.0,0.0
2026-06-25,18-23,23,60,6,3,0,0.0,0.0
2026-06-26,00-06,1,60,6,3,0,0.0,0.0
2026-06-26,00-06,2,60,6,3,0,0.0,0.0
2026-06-26,00-06,3,60,6,3,0,0.0,0.0
2026-06-26,00-06,4,60,6,3,0,0.0,0.0
2026-06-26,00-06,5,60,6,3,0,0.0,0.0
2026-06-26,00-06,6,60,6,3,0,0.0,0.0
2026-06-26,07-12,7,60,6,3,0,0.0,0.0
2026-06-26,07-12,8,60,6,3,0,0.0,0.0
2026-06-26,07-12,9,60,6,3,0,0.0,0.0
2026-06-26,07-12,10,60,6,3,0,0.0,0.0
2026-06-26,07-12,11,60,6,3,0,0.0,0.0
2026-06-26,07-12,12,60,6,3,0,0.0,0.0
2026-06-26,13-17,13,60,6,3,0,0.0,0.0
2026-06-26,13-17,14,60,6,3,1,0.16666666666666666,0.016666666666666666
2026-06-26,13-17,15,60,6,3,0,0.0,0.0
2026-06-26,13-17,16,60,6,3,0,0.0,0.0
2026-06-26,13-17,17,60,6,3,0,0.0,0.0
2026-06-26,18-23,18,60,6,3,0,0.0,0.0
2026-06-26,18-23,19,60,6,3,0,0.0,0.0
2026-06-26,18-23,20,60,6,3,0,0.0,0.0
2026-06-26,18-23,21,60,6,3,0,0.0,0.0
2026-06-26,18-23,22,60,6,3,0,0.0,0.0
2026-06-26,18-23,23,60,6,3,0,0.0,0.0
2026-06-29,00-06,1,60,6,3,0,0.0,0.0
2026-06-29,00-06,2,60,6,3,0,0.0,0.0
2026-06-29,00-06,3,60,6,3,0,0.0,0.0
2026-06-29,00-06,4,60,6,3,0,0.0,0.0
2026-06-29,00-06,5,60,6,3,0,0.0,0.0
2026-06-29,00-06,6,60,6,3,0,0.0,0.0
2026-06-29,07-12,7,60,6,3,0,0.0,0.0
2026-06-29,07-12,8,60,6,3,0,0.0,0.0
2026-06-29,07-12,9,60,6,3,0,0.0,0.0
2026-06-29,07-12,10,60,6,3,0,0.0,0.0
2026-06-29,07-12,11,60,6,3,0,0.0,0.0
2026-06-29,07-12,12,60,6,3,0,0.0,0.0
2026-06-29,13-17,13,60,6,3,0,0.0,0.0
2026-06-29,13-17,14,60,6,3,1,0.16666666666666666,0.016666666666666666
2026-06-29,13-17,15,60,6,3,0,0.0,0.0
2026-06-29,13-17,16,60,6,3,0,0.0,0.0
2026-06-29,13-17,17,60,6,3,0,0.0,0.0
2026-06-29,18-23,18,60,6,3,0,0.0,0.0
2026-06-29,18-23,19,60,6,3,0,0.0,0.0
2026-06-29,18-23,20,60,6,3,0,0.0,0.0
2026-06-29,18-23,21,60,6,3,0,0.0,0.0
2026-06-29,18-23,22,60,6,3,0,0.0,0.0
2026-06-29,18-23,23,60,6,3,0,0.0,0.0
2026-06-30,00-06,1,60,6,3,0,0.0,0.0
2026-06-30,00-06,2,60,6,3,0,0.0,0.0
2026-06-30,00-06,3,60,6,3,0,0.0,0.0
2026-06-30,00-06,4,60,6,3,0,0.0,0.0
2026-06-30,00-06,5,60,6,3,0,0.0,0.0
2026-06-30,00-06,6,60,6,3,0,0.0,0.0
2026-06-30,07-12,7,60,6,3,1,0.16666666666666666,0.016666666666666666
2026-06-30,07-12,8,60,6,3,0,0.0,0.0
2026-06-30,07-12,9,60,6,3,0,0.0,0.0
2026-06-30,07-12,10,60,6,3,0,0.0,0.0
2026-06-30,07-12,11,60,6,3,0,0.0,0.0
2026-06-30,07-12,12,60,6,3,0,0.0,0.0
2026-06-30,13-17,13,60,6,3,0,0.0,0.0
2026-06-30,13-17,14,60,6,3,0,0.0,0.0
2026-06-30,13-17,15,60,6,3,0,0.0,0.0
2026-06-30,13-17,16,60,6,3,0,0.0,0.0
2026-06-30,13-17,17,60,6,3,0,0.0,0.0
2026-06-30,18-23,18,60,6,3,0,0.0,0.0
2026-06-30,18-23,19,60,6,3,0,0.0,0.0
2026-06-30,18-23,20,60,6,3,0,0.0,0.0
2026-06-30,18-23,21,60,6,3,0,0.0,0.0
2026-06-30,18-23,22,60,6,3,0,0.0,0.0
2026-06-30,18-23,23,60,6,3,0,0.0,0.0
2026-07-01,00-06,1,60,6,3,0,0.0,0.0
2026-07-01,00-06,2,60,6,3,0,0.0,0.0
2026-07-01,00-06,3,60,6,3,0,0.0,0.0
2026-07-01,00-06,4,60,6,3,0,0.0,0.0
2026-07-01,00-06,5,60,6,3,0,0.0,0.0
2026-07-01,00-06,6,60,6,3,0,0.0,0.0
2026-07-01,07-12,7,60,6,3,0,0.0,0.0
2026-07-01,07-12,8,60,6,3,0,0.0,0.0
2026-07-01,07-12,9,60,6,3,0,0.0,0.0
2026-07-01,07-12,10,60,6,3,0,0.0,0.0
2026-07-01,07-12,11,60,6,3,0,0.0,0.0
2026-07-01,07-12,12,60,6,3,0,0.0,0.0
2026-07-01,13-17,13,60,6,3,0,0.0,0.0
2026-07-01,13-17,14,60,6,3,0,0.0,0.0
2026-07-01,13-17,15,60,6,3,0,0.0,0.0
2026-07-01,13-17,16,60,6,3,0,0.0,0.0
2026-07-01,13-17,17,60,6,3,1,0.16666666666666666,0.016666666666666666
2026-07-01,18-23,18,60,6,3,0,0.0,0.0
2026-07-01,18-23,19,60,6,3,0,0.0,0.0
2026-07-01,18-23,20,60,6,3,0,0.0,0.0
2026-07-01,18-23,21,60,6,3,0,0.0,0.0
2026-07-01,18-23,22,60,6,3,0,0.0,0.0
2026-07-01,18-23,23,60,6,3,0,0.0,0.0
2026-07-02,00-06,1,60,6,3,0,0.0,0.0
2026-07-02,00-06,2,60,6,3,0,0.0,0.0
2026-07-02,00-06,3,60,6,3,0,0.0,0.0
2026-07-02,00-06,4,60,6,3,0,0.0,0.0
2026-07-02,00-06,5,60,6,3,0,0.0,0.0
2026-07-02,00-06,6,60,6,3,0,0.0,0.0
2026-07-02,07-12,7,60,6,3,0,0.0,0.0
2026-07-02,07-12,8,60,6,3,0,0.0,0.0
2026-07-02,07-12,9,60,6,3,0,0.0,0.0
2026-07-02,07-12,10,60,6,3,0,0.0,0.0
2026-07-02,07-12,11,60,6,3,0,0.0,0.0
2026-07-02,07-12,12,60,6,3,0,0.0,0.0
2026-07-02,13-17,13,60,6,3,0,0.0,0.0
2026-07-02,13-17,14,60,6,3,0,0.0,0.0
2026-07-02,13-17,15,60,6,3,0,0.0,0.0
2026-07-02,13-17,16,60,6,3,1,0.16666666666666666,0.016666666666666666
2026-07-02,13-17,17,60,6,3,0,0.0,0.0
2026-07-02,18-23,18,60,6,3,0,0.0,0.0
2026-07-02,18-23,19,60,6,3,0,0.0,0.0
2026-07-02,18-23,20,60,6,3,0,0.0,0.0
2026-07-02,18-23,21,60,6,3,0,0.0,0.0
2026-07-02,18-23,22,60,6,3,0,0.0,0.0
2026-07-02,18-23,23,60,6,3,0,0.0,0.0
2026-07-03,00-06,1,60,6,3,0,0.0,0.0
2026-07-03,00-06,2,60,6,3,0,0.0,0.0
2026-07-03,00-06,3,60,6,3,0,0.0,0.0
2026-07-03,00-06,4,60,6,3,0,0.0,0.0
2026-07-03,00-06,5,60,6,3,0,0.0,0.0
2026-07-03,00-06,6,60,6,3,1,0.16666666666666666,0.016666666666666666
2026-07-03,07-12,7,60,6,3,0,0.0,0.0
2026-07-03,07-12,8,60,6,3,1,0.16666666666666666,0.016666666666666666
2026-07-03,07-12,9,60,6,3,0,0.0,0.0
2026-07-03,07-12,10,60,6,3,0,0.0,0.0
2026-07-03,07-12,11,60,6,3,0,0.0,0.0
2026-07-03,07-12,12,60,6,3,0,0.0,0.0
2026-07-03,13-17,13,60,6,3,0,0.0,0.0
2026-07-03,13-17,14,60,6,3,0,0.0,0.0
2026-07-03,13-17,15,60,6,3,0,0.0,0.0
2026-07-03,13-17,16,60,6,3,0,0.0,0.0
2026-07-03,13-17,17,60,6,3,0,0.0,0.0
2026-07-03,18-23,18,60,6,3,0,0.0,0.0
2026-07-03,18-23,19,59,6,3,0,0.0,0.0
2026-07-06,00-06,1,60,6,3,0,0.0,0.0
2026-07-06,00-06,2,60,6,3,0,0.0,0.0
2026-07-06,00-06,3,60,6,3,0,0.0,0.0
2026-07-06,00-06,4,60,6,3,0,0.0,0.0
2026-07-06,00-06,5,60,6,3,0,0.0,0.0
2026-07-06,00-06,6,60,6,3,1,0.16666666666666666,0.016666666666666666
2026-07-06,07-12,7,60,6,3,0,0.0,0.0
2026-07-06,07-12,8,60,6,3,0,0.0,0.0
2026-07-06,07-12,9,60,6,3,0,0.0,0.0
2026-07-06,07-12,10,60,6,3,0,0.0,0.0
2026-07-06,07-12,11,60,6,3,0,0.0,0.0
2026-07-06,07-12,12,60,6,3,0,0.0,0.0
2026-07-06,13-17,13,60,6,3,0,0.0,0.0
2026-07-06,13-17,14,60,6,3,0,0.0,0.0
2026-07-06,13-17,15,60,6,3,0,0.0,0.0
2026-07-06,13-17,16,60,6,3,0,0.0,0.0
2026-07-06,13-17,17,60,6,3,0,0.0,0.0
2026-07-06,18-23,18,60,6,3,0,0.0,0.0
2026-07-06,18-23,19,60,6,3,0,0.0,0.0
2026-07-06,18-23,20,60,6,3,0,0.0,0.0
2026-07-06,18-23,21,60,6,3,0,0.0,0.0
2026-07-06,18-23,22,60,6,3,0,0.0,0.0
2026-07-06,18-23,23,60,6,3,0,0.0,0.0
2026-07-07,00-06,1,60,6,3,0,0.0,0.0
2026-07-07,00-06,2,60,6,3,0,0.0,0.0
2026-07-07,00-06,3,60,6,3,0,0.0,0.0
2026-07-07,00-06,4,60,6,3,0,0.0,0.0
2026-07-07,00-06,5,60,6,3,0,0.0,0.0
2026-07-07,00-06,6,60,6,3,0,0.0,0.0
2026-07-07,07-12,7,60,6,3,0,0.0,0.0
2026-07-07,07-12,8,60,6,3,1,0.16666666666666666,0.016666666666666666
2026-07-07,07-12,9,60,6,3,0,0.0,0.0
2026-07-07,07-12,10,60,6,3,1,0.16666666666666666,0.016666666666666666
2026-07-07,07-12,11,60,6,3,1,0.16666666666666666,0.016666666666666666
2026-07-07,07-12,12,60,6,3,0,0.0,0.0
2026-07-07,13-17,13,60,6,3,0,0.0,0.0
2026-07-07,13-17,14,60,6,3,0,0.0,0.0
2026-07-07,13-17,15,60,6,3,0,0.0,0.0
2026-07-07,13-17,16,60,6,3,0,0.0,0.0
2026-07-07,13-17,17,60,6,3,0,0.0,0.0
2026-07-07,18-23,18,60,6,3,0,0.0,0.0
2026-07-07,18-23,19,60,6,3,0,0.0,0.0
2026-07-07,18-23,20,60,6,3,0,0.0,0.0
2026-07-07,18-23,21,60,6,3,0,0.0,0.0
2026-07-07,18-23,22,60,6,3,0,0.0,0.0
2026-07-07,18-23,23,60,6,3,0,0.0,0.0
2026-07-08,00-06,1,60,6,3,0,0.0,0.0
2026-07-08,00-06,2,60,6,3,0,0.0,0.0
2026-07-08,00-06,3,60,6,3,0,0.0,0.0
2026-07-08,00-06,4,60,6,3,0,0.0,0.0
2026-07-08,00-06,5,60,6,3,0,0.0,0.0
2026-07-08,00-06,6,60,6,3,0,0.0,0.0
2026-07-08,07-12,7,60,6,3,0,0.0,0.0
2026-07-08,07-12,8,60,6,3,1,0.16666666666666666,0.016666666666666666
2026-07-08,07-12,9,60,6,3,0,0.0,0.0
2026-07-08,07-12,10,60,6,3,0,0.0,0.0
2026-07-08,07-12,11,60,6,3,0,0.0,0.0
2026-07-08,07-12,12,60,6,3,0,0.0,0.0
2026-07-08,13-17,13,60,6,3,0,0.0,0.0
2026-07-08,13-17,14,60,6,3,1,0.16666666666666666,0.016666666666666666
2026-07-08,13-17,15,60,6,3,0,0.0,0.0
2026-07-08,13-17,16,60,6,3,0,0.0,0.0
2026-07-08,13-17,17,60,6,3,0,0.0,0.0
2026-07-08,18-23,18,60,6,3,0,0.0,0.0
2026-07-08,18-23,19,60,6,3,0,0.0,0.0
2026-07-08,18-23,20,60,6,3,0,0.0,0.0
2026-07-08,18-23,21,60,6,3,0,0.0,0.0
2026-07-08,18-23,22,60,6,3,0,0.0,0.0
2026-07-08,18-23,23,60,6,3,0,0.0,0.0
2026-07-09,00-06,1,60,6,3,0,0.0,0.0
2026-07-09,00-06,2,60,6,3,0,0.0,0.0
2026-07-09,00-06,3,60,6,3,0,0.0,0.0
2026-07-09,00-06,4,60,6,3,0,0.0,0.0
2026-07-09,00-06,5,60,6,3,0,0.0,0.0
2026-07-09,00-06,6,60,6,3,0,0.0,0.0
2026-07-09,07-12,7,60,6,3,1,0.16666666666666666,0.016666666666666666
2026-07-09,07-12,8,60,6,3,0,0.0,0.0
2026-07-09,07-12,9,60,6,3,0,0.0,0.0
2026-07-09,07-12,10,60,6,3,1,0.16666666666666666,0.016666666666666666
2026-07-09,07-12,11,60,6,3,0,0.0,0.0
2026-07-09,07-12,12,60,6,3,0,0.0,0.0
2026-07-09,13-17,13,60,6,3,0,0.0,0.0
2026-07-09,13-17,14,60,6,3,0,0.0,0.0
2026-07-09,13-17,15,60,6,3,0,0.0,0.0
2026-07-09,13-17,16,60,6,3,0,0.0,0.0
2026-07-09,13-17,17,60,6,3,0,0.0,0.0
2026-07-09,18-23,18,60,6,3,0,0.0,0.0
2026-07-09,18-23,19,60,6,3,0,0.0,0.0
2026-07-09,18-23,20,60,6,3,0,0.0,0.0
2026-07-09,18-23,21,60,6,3,0,0.0,0.0
2026-07-09,18-23,22,60,6,3,0,0.0,0.0
2026-07-09,18-23,23,60,6,3,0,0.0,0.0
2026-07-10,00-06,1,60,6,3,0,0.0,0.0
2026-07-10,00-06,2,60,6,3,0,0.0,0.0
2026-07-10,00-06,3,60,6,3,0,0.0,0.0
2026-07-10,00-06,4,60,6,3,0,0.0,0.0
2026-07-10,00-06,5,60,6,3,0,0.0,0.0
2026-07-10,00-06,6,60,6,3,0,0.0,0.0
2026-07-10,07-12,7,60,6,3,0,0.0,0.0
2026-07-10,07-12,8,60,6,3,1,0.16666666666666666,0.016666666666666666
2026-07-10,07-12,9,60,6,3,0,0.0,0.0
2026-07-10,07-12,10,60,6,3,0,0.0,0.0
2026-07-10,07-12,11,60,6,3,0,0.0,0.0
2026-07-10,07-12,12,60,6,3,0,0.0,0.0
2026-07-10,13-17,13,60,6,3,0,0.0,0.0
2026-07-10,13-17,14,60,6,3,0,0.0,0.0
2026-07-10,13-17,15,60,6,3,0,0.0,0.0
2026-07-10,13-17,16,60,6,3,0,0.0,0.0
2026-07-10,13-17,17,60,6,3,0,0.0,0.0
2026-07-10,18-23,18,60,6,3,0,0.0,0.0
2026-07-10,18-23,19,60,6,3,0,0.0,0.0
2026-07-10,18-23,20,60,6,3,0,0.0,0.0
2026-07-10,18-23,21,60,6,3,0,0.0,0.0
2026-07-10,18-23,22,60,6,3,0,0.0,0.0
2026-07-10,18-23,23,60,6,3,0,0.0,0.0
2026-07-13,00-06,1,60,6,3,0,0.0,0.0
2026-07-13,00-06,2,60,6,3,0,0.0,0.0
2026-07-13,00-06,3,60,6,3,0,0.0,0.0
2026-07-13,00-06,4,60,6,3,0,0.0,0.0
2026-07-13,00-06,5,60,6,3,0,0.0,0.0
2026-07-13,00-06,6,60,6,3,0,0.0,0.0
2026-07-13,07-12,7,60,6,3,0,0.0,0.0
2026-07-13,07-12,8,60,6,3,1,0.16666666666666666,0.016666666666666666
2026-07-13,07-12,9,60,6,3,0,0.0,0.0
2026-07-13,07-12,10,60,6,3,0,0.0,0.0
2026-07-13,07-12,11,60,6,3,0,0.0,0.0
2026-07-13,07-12,12,60,6,3,0,0.0,0.0
2026-07-13,13-17,13,60,6,3,0,0.0,0.0
2026-07-13,13-17,14,60,6,3,0,0.0,0.0
2026-07-13,13-17,15,60,6,3,1,0.16666666666666666,0.016666666666666666
2026-07-13,13-17,16,60,6,3,0,0.0,0.0
2026-07-13,13-17,17,60,6,3,0,0.0,0.0
2026-07-13,18-23,18,60,6,3,0,0.0,0.0
2026-07-13,18-23,19,60,6,3,0,0.0,0.0
2026-07-13,18-23,20,60,6,3,0,0.0,0.0
2026-07-13,18-23,21,60,6,3,0,0.0,0.0
2026-07-13,18-23,22,60,6,3,0,0.0,0.0
2026-07-13,18-23,23,60,6,3,0,0.0,0.0
2026-07-14,00-06,1,60,6,3,0,0.0,0.0
2026-07-14,00-06,2,60,6,3,0,0.0,0.0
2026-07-14,00-06,3,60,6,3,0,0.0,0.0
2026-07-14,00-06,4,60,6,3,0,0.0,0.0
2026-07-14,00-06,5,60,6,3,0,0.0,0.0
2026-07-14,00-06,6,60,6,3,0,0.0,0.0
2026-07-14,07-12,7,60,6,3,1,0.16666666666666666,0.016666666666666666
2026-07-14,07-12,8,60,6,3,1,0.16666666666666666,0.016666666666666666
2026-07-14,07-12,9,60,6,3,0,0.0,0.0
2026-07-14,07-12,10,60,6,3,0,0.0,0.0
2026-07-14,07-12,11,60,6,3,0,0.0,0.0
2026-07-14,07-12,12,60,6,3,0,0.0,0.0
2026-07-14,13-17,13,60,6,3,0,0.0,0.0
2026-07-14,13-17,14,60,6,3,0,0.0,0.0
2026-07-14,13-17,15,60,6,3,0,0.0,0.0
2026-07-14,13-17,16,60,6,3,0,0.0,0.0
2026-07-14,13-17,17,60,6,3,0,0.0,0.0
2026-07-14,18-23,18,60,6,3,0,0.0,0.0
2026-07-14,18-23,19,60,6,3,0,0.0,0.0
2026-07-14,18-23,20,60,6,3,0,0.0,0.0
2026-07-14,18-23,21,60,6,3,0,0.0,0.0
2026-07-14,18-23,22,60,6,3,0,0.0,0.0
2026-07-14,18-23,23,60,6,3,0,0.0,0.0
2026-07-15,00-06,1,60,6,3,0,0.0,0.0
2026-07-15,00-06,2,60,6,3,0,0.0,0.0
2026-07-15,00-06,3,60,6,3,0,0.0,0.0
2026-07-15,00-06,4,60,6,3,0,0.0,0.0
2026-07-15,00-06,5,60,6,3,0,0.0,0.0
2026-07-15,00-06,6,60,6,3,0,0.0,0.0
2026-07-15,07-12,7,60,6,3,0,0.0,0.0
2026-07-15,07-12,8,60,6,3,1,0.16666666666666666,0.016666666666666666
2026-07-15,07-12,9,60,6,3,0,0.0,0.0
2026-07-15,07-12,10,60,6,3,0,0.0,0.0
2026-07-15,07-12,11,60,6,3,0,0.0,0.0
2026-07-15,07-12,12,60,6,3,0,0.0,0.0
2026-07-15,13-17,13,60,6,3,0,0.0,0.0
2026-07-15,13-17,14,60,6,3,0,0.0,0.0
2026-07-15,13-17,15,60,6,3,1,0.16666666666666666,0.016666666666666666
2026-07-15,13-17,16,60,6,3,0,0.0,0.0
2026-07-15,13-17,17,60,6,3,0,0.0,0.0
2026-07-15,18-23,18,60,6,3,0,0.0,0.0
2026-07-15,18-23,19,60,6,3,0,0.0,0.0
2026-07-15,18-23,20,60,6,3,0,0.0,0.0
2026-07-15,18-23,21,60,6,3,0,0.0,0.0
2026-07-15,18-23,22,60,6,3,0,0.0,0.0
2026-07-15,18-23,23,60,6,3,0,0.0,0.0
2026-07-16,00-06,1,60,6,3,0,0.0,0.0
2026-07-16,00-06,2,60,6,3,0,0.0,0.0
2026-07-16,00-06,3,60,6,3,0,0.0,0.0
2026-07-16,00-06,4,60,6,3,0,0.0,0.0
2026-07-16,00-06,5,60,6,3,0,0.0,0.0
2026-07-16,00-06,6,60,6,3,0,0.0,0.0
2026-07-16,07-12,7,60,6,3,0,0.0,0.0
2026-07-16,07-12,8,60,6,3,1,0.16666666666666666,0.016666666666666666
2026-07-16,07-12,9,60,6,3,0,0.0,0.0
2026-07-16,07-12,10,60,6,3,0,0.0,0.0
2026-07-16,07-12,11,60,6,3,0,0.0,0.0
2026-07-16,07-12,12,60,6,3,0,0.0,0.0
2026-07-16,13-17,13,60,6,3,0,0.0,0.0
2026-07-16,13-17,14,60,6,3,0,0.0,0.0
2026-07-16,13-17,15,60,6,3,0,0.0,0.0
2026-07-16,13-17,16,60,6,3,0,0.0,0.0
2026-07-16,13-17,17,60,6,3,0,0.0,0.0
2026-07-16,18-23,18,60,6,3,0,0.0,0.0
2026-07-16,18-23,19,60,6,3,0,0.0,0.0
2026-07-16,18-23,20,60,6,3,0,0.0,0.0
2026-07-16,18-23,21,60,6,3,0,0.0,0.0
2026-07-16,18-23,22,60,6,3,0,0.0,0.0
2026-07-16,18-23,23,60,6,3,0,0.0,0.0
2026-07-17,00-06,1,60,6,3,0,0.0,0.0
2026-07-17,00-06,2,60,6,3,0,0.0,0.0
2026-07-17,00-06,3,60,6,3,0,0.0,0.0
2026-07-17,00-06,4,60,6,3,0,0.0,0.0
2026-07-17,00-06,5,60,6,3,0,0.0,0.0
2026-07-17,00-06,6,60,6,3,0,0.0,0.0
2026-07-17,07-12,7,60,6,3,0,0.0,0.0
2026-07-17,07-12,8,60,6,3,0,0.0,0.0
2026-07-17,07-12,9,60,6,3,1,0.16666666666666666,0.016666666666666666
2026-07-17,07-12,10,60,6,3,0,0.0,0.0
2026-07-17,07-12,11,60,6,3,0,0.0,0.0
2026-07-17,07-12,12,60,6,3,0,0.0,0.0
2026-07-17,13-17,13,60,6,3,0,0.0,0.0
2026-07-17,13-17,14,60,6,3,0,0.0,0.0
2026-07-17,13-17,15,60,6,3,0,0.0,0.0
2026-07-17,13-17,16,60,6,3,0,0.0,0.0
2026-07-17,13-17,17,60,6,3,0,0.0,0.0
2026-07-17,18-23,18,60,6,3,0,0.0,0.0
2026-07-17,18-23,19,60,6,3,0,0.0,0.0
2026-07-17,18-23,20,60,6,3,0,0.0,0.0
2026-07-17,18-23,21,60,6,3,0,0.0,0.0
2026-07-17,18-23,22,60,6,3,0,0.0,0.0
2026-07-17,18-23,23,60,6,3,0,0.0,0.0
2026-07-20,00-06,1,60,6,3,0,0.0,0.0
2026-07-20,00-06,2,60,6,3,0,0.0,0.0
2026-07-20,00-06,3,60,6,3,0,0.0,0.0
2026-07-20,00-06,4,60,6,3,0,0.0,0.0
2026-07-20,00-06,5,60,6,3,0,0.0,0.0
2026-07-20,00-06,6,60,6,3,0,0.0,0.0
2026-07-20,07-12,7,60,6,3,0,0.0,0.0
2026-07-20,07-12,8,60,6,3,0,0.0,0.0
2026-07-20,07-12,9,60,6,3,0,0.0,0.0
2026-07-20,07-12,10,60,6,3,0,0.0,0.0
2026-07-20,07-12,11,60,6,3,1,0.16666666666666666,0.016666666666666666
2026-07-20,07-12,12,60,6,3,0,0.0,0.0
2026-07-20,13-17,13,60,6,3,0,0.0,0.0
2026-07-20,13-17,14,60,6,3,0,0.0,0.0
2026-07-20,13-17,15,60,6,3,0,0.0,0.0
2026-07-20,13-17,16,60,6,3,0,0.0,0.0
2026-07-20,13-17,17,60,6,3,1,0.16666666666666666,0.016666666666666666
2026-07-20,18-23,18,60,6,3,0,0.0,0.0
2026-07-20,18-23,19,60,6,3,0,0.0,0.0
2026-07-20,18-23,20,60,6,3,0,0.0,0.0
2026-07-20,18-23,21,60,6,3,0,0.0,0.0
2026-07-20,18-23,22,60,6,3,0,0.0,0.0
2026-07-20,18-23,23,60,6,3,0,0.0,0.0
2026-07-21,00-06,1,60,6,3,0,0.0,0.0
2026-07-21,00-06,2,60,6,3,0,0.0,0.0
2026-07-21,00-06,3,60,6,3,0,0.0,0.0
2026-07-21,00-06,4,60,6,3,0,0.0,0.0
2026-07-21,00-06,5,60,6,3,0,0.0,0.0
2026-07-21,00-06,6,60,6,3,0,0.0,0.0
2026-07-21,07-12,7,60,6,3,0,0.0,0.0
2026-07-21,07-12,8,60,6,3,0,0.0,0.0
2026-07-21,07-12,9,60,6,3,1,0.16666666666666666,0.016666666666666666
2026-07-21,07-12,10,60,6,3,0,0.0,0.0
2026-07-21,07-12,11,60,6,3,0,0.0,0.0
2026-07-21,07-12,12,60,6,3,0,0.0,0.0
2026-07-21,13-17,13,60,6,3,0,0.0,0.0
2026-07-21,13-17,14,60,6,3,0,0.0,0.0
2026-07-21,13-17,15,60,6,3,0,0.0,0.0
2026-07-21,13-17,16,60,6,3,0,0.0,0.0
2026-07-21,13-17,17,60,6,3,0,0.0,0.0
2026-07-21,18-23,18,60,6,3,0,0.0,0.0
2026-07-21,18-23,19,60,6,3,1,0.16666666666666666,0.016666666666666666
2026-07-21,18-23,20,60,6,3,0,0.0,0.0
2026-07-21,18-23,21,60,6,3,0,0.0,0.0
2026-07-21,18-23,22,60,6,3,0,0.0,0.0
2026-07-21,18-23,23,60,6,3,0,0.0,0.0
2026-07-22,00-06,1,60,6,3,0,0.0,0.0
2026-07-22,00-06,2,60,6,3,0,0.0,0.0
2026-07-22,00-06,3,60,6,3,0,0.0,0.0
2026-07-22,00-06,4,60,6,3,0,0.0,0.0
2026-07-22,00-06,5,60,6,3,0,0.0,0.0
2026-07-22,00-06,6,60,6,3,0,0.0,0.0
2026-07-22,07-12,7,60,6,3,1,0.16666666666666666,0.016666666666666666
2026-07-22,07-12,8,60,6,3,0,0.0,0.0
2026-07-22,07-12,9,60,6,3,0,0.0,0.0
2026-07-22,07-12,10,60,6,3,0,0.0,0.0
2026-07-22,07-12,11,60,6,3,0,0.0,0.0
2026-07-22,07-12,12,60,6,3,0,0.0,0.0
2026-07-22,13-17,13,60,6,3,0,0.0,0.0
2026-07-22,13-17,14,60,6,3,0,0.0,0.0
2026-07-22,13-17,15,60,6,3,0,0.0,0.0
2026-07-22,13-17,16,60,6,3,0,0.0,0.0
2026-07-22,13-17,17,60,6,3,0,0.0,0.0
2026-07-22,18-23,18,60,6,3,0,0.0,0.0
2026-07-22,18-23,19,60,6,3,0,0.0,0.0
2026-07-22,18-23,20,60,6,3,0,0.0,0.0
2026-07-22,18-23,21,60,6,3,0,0.0,0.0
2026-07-22,18-23,22,60,6,3,1,0.16666666666666666,0.016666666666666666
2026-07-22,18-23,23,60,6,3,0,0.0,0.0
2026-07-23,00-06,1,60,6,3,0,0.0,0.0
2026-07-23,00-06,2,60,6,3,0,0.0,0.0
2026-07-23,00-06,3,60,6,3,0,0.0,0.0
2026-07-23,00-06,4,60,6,3,0,0.0,0.0
2026-07-23,00-06,5,60,6,3,0,0.0,0.0
2026-07-23,00-06,6,60,6,3,0,0.0,0.0
2026-07-23,07-12,7,60,6,3,1,0.16666666666666666,0.016666666666666666
2026-07-23,07-12,8,60,6,3,0,0.0,0.0
2026-07-23,07-12,9,60,6,3,0,0.0,0.0
2026-07-23,07-12,10,60,6,3,0,0.0,0.0
2026-07-23,07-12,11,60,6,3,0,0.0,0.0
2026-07-23,07-12,12,60,6,3,1,0.16666666666666666,0.016666666666666666
2026-07-23,13-17,13,60,6,3,0,0.0,0.0
2026-07-23,13-17,14,60,6,3,0,0.0,0.0
2026-07-23,13-17,15,60,6,3,0,0.0,0.0
2026-07-23,13-17,16,60,6,3,0,0.0,0.0
2026-07-23,13-17,17,60,6,3,0,0.0,0.0
2026-07-23,18-23,18,60,6,3,0,0.0,0.0
2026-07-23,18-23,19,60,6,3,0,0.0,0.0
2026-07-23,18-23,20,60,6,3,0,0.0,0.0
2026-07-23,18-23,21,60,6,3,0,0.0,0.0
2026-07-23,18-23,22,60,6,3,0,0.0,0.0
2026-07-23,18-23,23,60,6,3,0,0.0,0.0
2026-07-24,00-06,1,60,6,3,0,0.0,0.0
2026-07-24,00-06,2,60,6,3,0,0.0,0.0
2026-07-24,00-06,3,60,6,3,0,0.0,0.0
2026-07-24,00-06,4,60,6,3,0,0.0,0.0
2026-07-24,00-06,5,60,6,3,0,0.0,0.0
2026-07-24,00-06,6,60,6,3,0,0.0,0.0
2026-07-24,07-12,7,60,6,3,0,0.0,0.0
2026-07-24,07-12,8,60,6,3,1,0.16666666666666666,0.016666666666666666
2026-07-24,07-12,9,60,6,3,0,0.0,0.0
2026-07-24,07-12,10,60,6,3,1,0.16666666666666666,0.016666666666666666
2026-07-24,07-12,11,60,6,3,0,0.0,0.0
2026-07-24,07-12,12,60,6,3,0,0.0,0.0
2026-07-24,13-17,13,60,6,3,0,0.0,0.0
2026-07-24,13-17,14,60,6,3,0,0.0,0.0
2026-07-24,13-17,15,60,6,3,0,0.0,0.0
2026-07-24,13-17,16,60,6,3,0,0.0,0.0
2026-07-24,13-17,17,60,6,3,0,0.0,0.0
2026-07-24,18-23,18,60,6,3,0,0.0,0.0
2026-07-24,18-23,19,60,6,3,0,0.0,0.0
2026-07-24,18-23,20,60,6,3,0,0.0,0.0
2026-07-24,18-23,21,60,6,3,0,0.0,0.0
2026-07-24,18-23,22,60,6,3,0,0.0,0.0
2026-07-24,18-23,23,60,6,3,0,0.0,0.0
2026-07-27,00-06,1,60,6,3,0,0.0,0.0
2026-07-27,00-06,2,60,6,3,0,0.0,0.0
2026-07-27,00-06,3,60,6,3,0,0.0,0.0
2026-07-27,00-06,4,60,6,3,0,0.0,0.0
2026-07-27,00-06,5,60,6,3,0,0.0,0.0
2026-07-27,00-06,6,60,6,3,0,0.0,0.0
2026-07-27,07-12,7,60,6,3,1,0.16666666666666666,0.016666666666666666
2026-07-27,07-12,8,60,6,3,0,0.0,0.0
2026-07-27,07-12,9,60,6,3,0,0.0,0.0
2026-07-27,07-12,10,60,6,3,0,0.0,0.0
2026-07-27,07-12,11,60,6,3,0,0.0,0.0
2026-07-27,07-12,12,60,6,3,0,0.0,0.0
2026-07-27,13-17,13,60,6,3,0,0.0,0.0
2026-07-27,13-17,14,60,6,3,0,0.0,0.0
2026-07-27,13-17,15,60,6,3,0,0.0,0.0
2026-07-27,13-17,16,60,6,3,1,0.16666666666666666,0.016666666666666666
2026-07-27,13-17,17,60,6,3,0,0.0,0.0
2026-07-27,18-23,18,60,6,3,0,0.0,0.0
2026-07-27,18-23,19,60,6,3,0,0.0,0.0
2026-07-27,18-23,20,60,6,3,0,0.0,0.0
2026-07-27,18-23,21,60,6,3,0,0.0,0.0
2026-07-27,18-23,22,60,6,3,0,0.0,0.0
2026-07-27,18-23,23,60,6,3,0,0.0,0.0
2026-07-28,00-06,1,60,6,3,0,0.0,0.0
2026-07-28,00-06,2,60,6,3,0,0.0,0.0
2026-07-28,00-06,3,60,6,3,0,0.0,0.0
2026-07-28,00-06,4,60,6,3,0,0.0,0.0
2026-07-28,00-06,5,60,6,3,0,0.0,0.0
2026-07-28,00-06,6,60,6,3,0,0.0,0.0
2026-07-28,07-12,7,60,6,3,1,0.16666666666666666,0.016666666666666666
2026-07-28,07-12,8,60,6,3,0,0.0,0.0
2026-07-28,07-12,9,60,6,3,0,0.0,0.0
2026-07-28,07-12,10,60,6,3,0,0.0,0.0
2026-07-28,07-12,11,60,6,3,0,0.0,0.0
2026-07-28,07-12,12,60,6,3,0,0.0,0.0
2026-07-28,13-17,13,60,6,3,0,0.0,0.0
2026-07-28,13-17,14,60,6,3,0,0.0,0.0
2026-07-28,13-17,15,60,6,3,0,0.0,0.0
2026-07-28,13-17,16,60,6,3,0,0.0,0.0
2026-07-28,13-17,17,60,6,3,0,0.0,0.0
2026-07-28,18-23,18,60,6,3,0,0.0,0.0
2026-07-28,18-23,19,60,6,3,0,0.0,0.0
2026-07-28,18-23,20,60,6,3,0,0.0,0.0
2026-07-28,18-23,21,60,6,3,0,0.0,0.0
2026-07-28,18-23,22,60,6,3,0,0.0,0.0
2026-07-28,18-23,23,60,6,3,0,0.0,0.0
2026-07-29,00-06,1,60,6,3,0,0.0,0.0
2026-07-29,00-06,2,60,6,3,0,0.0,0.0
2026-07-29,00-06,3,60,6,3,0,0.0,0.0
2026-07-29,00-06,4,60,6,3,0,0.0,0.0
2026-07-29,00-06,5,60,6,3,0,0.0,0.0
2026-07-29,00-06,6,60,6,3,0,0.0,0.0
2026-07-29,07-12,7,60,6,3,1,0.16666666666666666,0.016666666666666666
2026-07-29,07-12,8,60,6,3,0,0.0,0.0
2026-07-29,07-12,9,60,6,3,0,0.0,0.0
2026-07-29,07-12,10,60,6,3,0,0.0,0.0
2026-07-29,07-12,11,60,6,3,0,0.0,0.0
2026-07-29,07-12,12,60,6,3,0,0.0,0.0
2026-07-29,13-17,13,60,6,3,0,0.0,0.0
2026-07-29,13-17,14,60,6,3,0,0.0,0.0
2026-07-29,13-17,15,60,6,3,0,0.0,0.0
2026-07-29,13-17,16,60,6,3,0,0.0,0.0
2026-07-29,13-17,17,60,6,3,0,0.0,0.0
2026-07-29,18-23,18,60,6,3,0,0.0,0.0
2026-07-29,18-23,19,60,6,3,0,0.0,0.0
2026-07-29,18-23,20,60,6,3,0,0.0,0.0
2026-07-29,18-23,21,60,6,3,0,0.0,0.0
2026-07-29,18-23,22,60,6,3,0,0.0,0.0
2026-07-29,18-23,23,60,6,3,1,0.16666666666666666,0.016666666666666666
2026-07-30,00-06,1,60,6,3,0,0.0,0.0
2026-07-30,00-06,2,60,6,3,0,0.0,0.0
2026-07-30,00-06,3,60,6,3,0,0.0,0.0
2026-07-30,00-06,4,60,6,3,0,0.0,0.0
2026-07-30,00-06,5,60,6,3,0,0.0,0.0
2026-07-30,00-06,6,60,6,3,0,0.0,0.0
2026-07-30,07-12,7,60,6,3,0,0.0,0.0
2026-07-30,07-12,8,60,6,3,0,0.0,0.0
2026-07-30,07-12,9,60,6,3,0,0.0,0.0
2026-07-30,07-12,10,60,6,3,0,0.0,0.0
2026-07-30,07-12,11,60,6,3,0,0.0,0.0
2026-07-30,07-12,12,60,6,3,1,0.16666666666666666,0.016666666666666666
2026-07-30,13-17,13,60,6,3,0,0.0,0.0
2026-07-30,13-17,14,60,6,3,0,0.0,0.0
2026-07-30,13-17,15,60,6,3,0,0.0,0.0
2026-07-30,13-17,16,60,6,3,0,0.0,0.0
2026-07-30,13-17,17,60,6,3,0,0.0,0.0
2026-07-30,18-23,18,60,6,3,0,0.0,0.0
2026-07-30,18-23,19,60,6,3,0,0.0,0.0
2026-07-30,18-23,20,60,6,3,0,0.0,0.0
2026-07-30,18-23,21,60,6,3,0,0.0,0.0
2026-07-30,18-23,22,60,6,3,0,0.0,0.0
2026-07-30,18-23,23,60,6,3,0,0.0,0.0
2026-07-31,00-06,1,60,6,3,0,0.0,0.0
2026-07-31,00-06,2,60,6,3,0,0.0,0.0
2026-07-31,00-06,3,60,6,3,0,0.0,0.0
2026-07-31,00-06,4,60,6,3,0,0.0,0.0
2026-07-31,00-06,5,60,6,3,0,0.0,0.0
2026-07-31,00-06,6,60,6,3,0,0.0,0.0
2026-07-31,07-12,7,60,6,3,1,0.16666666666666666,0.016666666666666666
2026-07-31,07-12,8,60,6,3,0,0.0,0.0
2026-07-31,07-12,9,60,6,3,0,0.0,0.0
2026-07-31,07-12,10,60,6,3,0,0.0,0.0
2026-07-31,07-12,11,60,6,3,0,0.0,0.0
2026-07-31,07-12,12,60,6,3,0,0.0,0.0
2026-07-31,13-17,13,60,6,3,0,0.0,0.0
2026-07-31,13-17,14,60,6,3,0,0.0,0.0
2026-07-31,13-17,15,60,6,3,0,0.0,0.0
2026-07-31,13-17,16,60,6,3,0,0.0,0.0
2026-07-31,13-17,17,60,6,3,0,0.0,0.0
2026-07-31,18-23,18,60,6,3,0,0.0,0.0
2026-07-31,18-23,19,60,6,3,0,0.0,0.0
2026-07-31,18-23,20,60,6,3,0,0.0,0.0
2026-07-31,18-23,21,60,6,3,0,0.0,0.0
2026-07-31,18-23,22,60,6,3,0,0.0,0.0
2026-07-31,18-23,23,60,6,3,0,0.0,0.0
2026-08-03,00-06,1,60,6,3,0,0.0,0.0
2026-08-03,00-06,2,60,6,3,0,0.0,0.0
2026-08-03,00-06,3,60,6,3,0,0.0,0.0
2026-08-03,00-06,4,60,6,3,0,0.0,0.0
2026-08-03,00-06,5,60,6,3,0,0.0,0.0
2026-08-03,00-06,6,60,6,3,0,0.0,0.0
2026-08-03,07-12,7,60,6,3,0,0.0,0.0
2026-08-03,07-12,8,60,6,3,1,0.16666666666666666,0.016666666666666666
2026-08-03,07-12,9,60,6,3,0,0.0,0.0
2026-08-03,07-12,10,60,6,3,0,0.0,0.0
2026-08-03,07-12,11,60,6,3,0,0.0,0.0
2026-08-03,07-12,12,60,6,3,0,0.0,0.0
2026-08-03,13-17,13,60,6,3,0,0.0,0.0
2026-08-03,13-17,14,60,6,3,0,0.0,0.0
2026-08-03,13-17,15,60,6,3,0,0.0,0.0
2026-08-03,13-17,16,60,6,3,0,0.0,0.0
2026-08-03,13-17,17,60,6,3,0,0.0,0.0
2026-08-03,18-23,18,60,6,3,0,0.0,0.0
2026-08-03,18-23,19,60,6,3,0,0.0,0.0
2026-08-03,18-23,20,60,6,3,0,0.0,0.0
2026-08-03,18-23,21,60,6,3,0,0.0,0.0
2026-08-03,18-23,22,60,6,3,0,0.0,0.0
2026-08-03,18-23,23,60,6,3,0,0.0,0.0
2026-08-04,00-06,1,60,6,3,0,0.0,0.0
2026-08-04,00-06,2,60,6,3,0,0.0,0.0
2026-08-04,00-06,3,60,6,3,0,0.0,0.0
2026-08-04,00-06,4,60,6,3,0,0.0,0.0
2026-08-04,00-06,5,60,6,3,0,0.0,0.0
2026-08-04,00-06,6,60,6,3,0,0.0,0.0
2026-08-04,07-12,7,60,6,3,0,0.0,0.0
2026-08-04,07-12,8,60,6,3,1,0.16666666666666666,0.016666666666666666
2026-08-04,07-12,9,60,6,3,0,0.0,0.0
2026-08-04,07-12,10,60,6,3,0,0.0,0.0
2026-08-04,07-12,11,60,6,3,0,0.0,0.0
2026-08-04,07-12,12,60,6,3,0,0.0,0.0
2026-08-04,13-17,13,60,6,3,0,0.0,0.0
2026-08-04,13-17,14,60,6,3,0,0.0,0.0
2026-08-04,13-17,15,60,6,3,0,0.0,0.0
2026-08-04,13-17,16,60,6,3,0,0.0,0.0
2026-08-04,13-17,17,60,6,3,0,0.0,0.0
2026-08-04,18-23,18,60,6,3,0,0.0,0.0
2026-08-04,18-23,19,60,6,3,0,0.0,0.0
2026-08-04,18-23,20,60,6,3,0,0.0,0.0
2026-08-04,18-23,21,60,6,3,1,0.16666666666666666,0.016666666666666666
2026-08-04,18-23,22,60,6,3,0,0.0,0.0
2026-08-04,18-23,23,60,6,3,0,0.0,0.0
2026-08-05,00-06,1,60,6,3,0,0.0,0.0
2026-08-05,00-06,2,60,6,3,0,0.0,0.0
2026-08-05,00-06,3,60,6,3,0,0.0,0.0
2026-08-05,00-06,4,60,6,3,0,0.0,0.0
2026-08-05,00-06,5,60,6,3,0,0.0,0.0
2026-08-05,00-06,6,60,6,3,0,0.0,0.0
2026-08-05,07-12,7,60,6,3,1,0.16666666666666666,0.016666666666666666
2026-08-05,07-12,8,60,6,3,0,0.0,0.0
2026-08-05,07-12,9,60,6,3,0,0.0,0.0
2026-08-05,07-12,10,60,6,3,0,0.0,0.0
2026-08-05,07-12,11,60,6,3,1,0.16666666666666666,0.016666666666666666
2026-08-05,07-12,12,60,6,3,0,0.0,0.0
2026-08-05,13-17,13,60,6,3,0,0.0,0.0
2026-08-05,13-17,14,60,6,3,0,0.0,0.0
2026-08-05,13-17,15,60,6,3,0,0.0,0.0
2026-08-05,13-17,16,60,6,3,0,0.0,0.0
2026-08-05,13-17,17,60,6,3,0,0.0,0.0
2026-08-05,18-23,18,60,6,3,0,0.0,0.0
2026-08-05,18-23,19,60,6,3,0,0.0,0.0
2026-08-05,18-23,20,60,6,3,0,0.0,0.0
2026-08-05,18-23,21,60,6,3,0,0.0,0.0
2026-08-05,18-23,22,60,6,3,0,0.0,0.0
2026-08-05,18-23,23,60,6,3,0,0.0,0.0
2026-08-06,00-06,1,60,6,3,0,0.0,0.0
2026-08-06,00-06,2,60,6,3,0,0.0,0.0
2026-08-06,00-06,3,60,6,3,0,0.0,0.0
2026-08-06,00-06,4,60,6,3,0,0.0,0.0
2026-08-06,00-06,5,60,6,3,0,0.0,0.0
2026-08-06,00-06,6,60,6,3,0,0.0,0.0
2026-08-06,07-12,7,60,6,3,1,0.16666666666666666,0.016666666666666666
2026-08-06,07-12,8,60,6,3,0,0.0,0.0
2026-08-06,07-12,9,60,6,3,0,0.0,0.0
2026-08-06,07-12,10,60,6,3,0,0.0,0.0
2026-08-06,07-12,11,60,6,3,0,0.0,0.0
2026-08-06,07-12,12,60,6,3,0,0.0,0.0
2026-08-06,13-17,13,60,6,3,0,0.0,0.0
2026-08-06,13-17,14,60,6,3,0,0.0,0.0
2026-08-06,13-17,15,60,6,3,0,0.0,0.0
2026-08-06,13-17,16,60,6,3,0,0.0,0.0
2026-08-06,13-17,17,60,6,3,0,0.0,0.0
2026-08-06,18-23,18,60,6,3,0,0.0,0.0
2026-08-06,18-23,19,60,6,3,0,0.0,0.0
2026-08-06,18-23,20,60,6,3,1,0.16666666666666666,0.016666666666666666
2026-08-06,18-23,21,60,6,3,0,0.0,0.0
2026-08-06,18-23,22,60,6,3,0,0.0,0.0
2026-08-06,18-23,23,60,6,3,0,0.0,0.0
2026-08-07,00-06,1,60,6,3,0,0.0,0.0
2026-08-07,00-06,2,60,6,3,0,0.0,0.0
2026-08-07,00-06,3,60,6,3,0,0.0,0.0
2026-08-07,00-06,4,60,6,3,0,0.0,0.0
2026-08-07,00-06,5,60,6,3,0,0.0,0.0
2026-08-07,00-06,6,60,6,3,0,0.0,0.0
2026-08-07,07-12,7,60,6,3,0,0.0,0.0
2026-08-07,07-12,8,60,6,3,1,0.16666666666666666,0.016666666666666666
2026-08-07,07-12,9,60,6,3,0,0.0,0.0
2026-08-07,07-12,10,60,6,3,0,0.0,0.0
2026-08-07,07-12,11,60,6,3,0,0.0,0.0
2026-08-07,07-12,12,60,6,3,0,0.0,0.0
2026-08-07,13-17,13,60,6,3,0,0.0,0.0
2026-08-07,13-17,14,60,6,3,0,0.0,0.0
2026-08-07,13-17,15,60,6,3,0,0.0,0.0
2026-08-07,13-17,16,60,6,3,0,0.0,0.0
2026-08-07,13-17,17,60,6,3,0,0.0,0.0
2026-08-07,18-23,18,60,6,3,0,0.0,0.0
2026-08-07,18-23,19,60,6,3,0,0.0,0.0
2026-08-07,18-23,20,60,6,3,0,0.0,0.0
2026-08-07,18-23,21,60,6,3,0,0.0,0.0
2026-08-07,18-23,22,60,6,3,0,0.0,0.0
2026-08-07,18-23,23,60,6,3,0,0.0,0.0
2026-08-10,00-06,1,60,6,3,0,0.0,0.0
2026-08-10,00-06,2,60,6,3,0,0.0,0.0
2026-08-10,00-06,3,60,6,3,0,0.0,0.0
2026-08-10,00-06,4,60,6,3,0,0.0,0.0
2026-08-10,00-06,5,60,6,3,0,0.0,0.0
2026-08-10,00-06,6,60,6,3,0,0.0,0.0
2026-08-10,07-12,7,60,6,3,1,0.16666666666666666,0.016666666666666666
2026-08-10,07-12,8,60,6,3,0,0.0,0.0
2026-08-10,07-12,9,60,6,3,0,0.0,0.0
2026-08-10,07-12,10,60,6,3,0,0.0,0.0
2026-08-10,07-12,11,60,6,3,0,0.0,0.0
2026-08-10,07-12,12,60,6,3,0,0.0,0.0
2026-08-10,13-17,13,60,6,3,0,0.0,0.0
2026-08-10,13-17,14,60,6,3,0,0.0,0.0
2026-08-10,13-17,15,60,6,3,0,0.0,0.0
2026-08-10,13-17,16,60,6,3,0,0.0,0.0
2026-08-10,13-17,17,60,6,3,0,0.0,0.0
2026-08-10,18-23,18,60,6,3,0,0.0,0.0
2026-08-10,18-23,19,60,6,3,0,0.0,0.0
2026-08-10,18-23,20,60,6,3,0,0.0,0.0
2026-08-10,18-23,21,60,6,3,0,0.0,0.0
2026-08-10,18-23,22,60,6,3,0,0.0,0.0
2026-08-10,18-23,23,60,6,3,0,0.0,0.0
2026-08-11,00-06,1,60,6,3,0,0.0,0.0
2026-08-11,00-06,2,60,6,3,0,0.0,0.0
2026-08-11,00-06,3,60,6,3,0,0.0,0.0
2026-08-11,00-06,4,60,6,3,0,0.0,0.0
2026-08-11,00-06,5,60,6,3,0,0.0,0.0
2026-08-11,00-06,6,60,6,3,0,0.0,0.0
2026-08-11,07-12,7,60,6,3,1,0.16666666666666666,0.016666666666666666
2026-08-11,07-12,8,60,6,3,0,0.0,0.0
2026-08-11,07-12,9,60,6,3,0,0.0,0.0
2026-08-11,07-12,10,60,6,3,0,0.0,0.0
2026-08-11,07-12,11,60,6,3,1,0.16666666666666666,0.016666666666666666
2026-08-11,07-12,12,60,6,3,0,0.0,0.0
2026-08-11,13-17,13,60,6,3,0,0.0,0.0
2026-08-11,13-17,14,60,6,3,0,0.0,0.0
2026-08-11,13-17,15,60,6,3,0,0.0,0.0
2026-08-11,13-17,16,60,6,3,0,0.0,0.0
2026-08-11,13-17,17,60,6,3,0,0.0,0.0
2026-08-11,18-23,18,60,6,3,0,0.0,0.0
2026-08-11,18-23,19,60,6,3,0,0.0,0.0
2026-08-11,18-23,20,60,6,3,0,0.0,0.0
2026-08-11,18-23,21,60,6,3,0,0.0,0.0
2026-08-11,18-23,22,60,6,3,0,0.0,0.0
2026-08-11,18-23,23,60,6,3,0,0.0,0.0
2026-08-12,00-06,1,60,6,3,0,0.0,0.0
2026-08-12,00-06,2,60,6,3,0,0.0,0.0
2026-08-12,00-06,3,60,6,3,0,0.0,0.0
2026-08-12,00-06,4,60,6,3,0,0.0,0.0
2026-08-12,00-06,5,60,6,3,0,0.0,0.0
2026-08-12,00-06,6,60,6,3,0,0.0,0.0
2026-08-12,07-12,7,60,6,3,0,0.0,0.0
2026-08-12,07-12,8,60,6,3,0,0.0,0.0
2026-08-12,07-12,9,60,6,3,0,0.0,0.0
2026-08-12,07-12,10,60,6,3,0,0.0,0.0
2026-08-12,07-12,11,60,6,3,0,0.0,0.0
2026-08-12,07-12,12,60,6,3,0,0.0,0.0
2026-08-12,13-17,13,60,6,3,0,0.0,0.0
2026-08-12,13-17,14,60,6,3,0,0.0,0.0
2026-08-12,13-17,15,60,6,3,1,0.16666666666666666,0.016666666666666666
2026-08-12,13-17,16,60,6,3,0,0.0,0.0
2026-08-12,13-17,17,60,6,3,0,0.0,0.0
2026-08-12,18-23,18,60,6,3,0,0.0,0.0
2026-08-12,18-23,19,60,6,3,0,0.0,0.0
2026-08-12,18-23,20,60,6,3,0,0.0,0.0
2026-08-12,18-23,21,60,6,3,0,0.0,0.0
2026-08-12,18-23,22,60,6,3,0,0.0,0.0
2026-08-12,18-23,23,60,6,3,0,0.0,0.0
2026-08-13,00-06,1,60,6,3,0,0.0,0.0
2026-08-13,00-06,2,60,6,3,0,0.0,0.0
2026-08-13,00-06,3,60,6,3,0,0.0,0.0
2026-08-13,00-06,4,60,6,3,0,0.0,0.0
2026-08-13,00-06,5,60,6,3,0,0.0,0.0
2026-08-13,00-06,6,60,6,3,0,0.0,0.0
2026-08-13,07-12,7,60,6,3,0,0.0,0.0
2026-08-13,07-12,8,60,6,3,1,0.16666666666666666,0.016666666666666666
2026-08-13,07-12,9,60,6,3,0,0.0,0.0
2026-08-13,07-12,10,60,6,3,0,0.0,0.0
2026-08-13,07-12,11,60,6,3,0,0.0,0.0
2026-08-13,07-12,12,60,6,3,0,0.0,0.0
2026-08-13,13-17,13,60,6,3,0,0.0,0.0
2026-08-13,13-17,14,60,6,3,0,0.0,0.0
2026-08-13,13-17,15,60,6,3,0,0.0,0.0
2026-08-13,13-17,16,60,6,3,0,0.0,0.0
2026-08-13,13-17,17,60,6,3,0,0.0,0.0
2026-08-13,18-23,18,60,6,3,0,0.0,0.0
2026-08-13,18-23,19,60,6,3,0,0.0,0.0
2026-08-13,18-23,20,60,6,3,0,0.0,0.0
2026-08-13,18-23,21,60,6,3,0,0.0,0.0
2026-08-13,18-23,22,60,6,3,0,0.0,0.0
2026-08-13,18-23,23,60,6,3,0,0.0,0.0
2026-08-14,00-06,1,60,6,3,0,0.0,0.0
2026-08-14,00-06,2,60,6,3,0,0.0,0.0
2026-08-14,00-06,3,60,6,3,0,0.0,0.0
2026-08-14,00-06,4,60,6,3,0,0.0,0.0
2026-08-14,00-06,5,60,6,3,0,0.0,0.0
2026-08-14,00-06,6,60,6,3,0,0.0,0.0
2026-08-14,07-12,7,60,6,3,0,0.0,0.0
2026-08-14,07-12,8,60,6,3,2,0.3333333333333333,0.03333333333333333
2026-08-14,07-12,9,60,6,3,0,0.0,0.0
2026-08-14,07-12,10,60,6,3,0,0.0,0.0
2026-08-14,07-12,11,60,6,3,0,0.0,0.0
2026-08-14,07-12,12,60,6,3,0,0.0,0.0
2026-08-14,13-17,13,60,6,3,0,0.0,0.0
2026-08-14,13-17,14,60,6,3,0,0.0,0.0
2026-08-14,13-17,15,60,6,3,0,0.0,0.0
2026-08-14,13-17,16,60,6,3,0,0.0,0.0
2026-08-14,13-17,17,60,6,3,0,0.0,0.0
2026-08-14,18-23,18,60,6,3,0,0.0,0.0
2026-08-14,18-23,19,60,6,3,0,0.0,0.0
2026-08-14,18-23,20,60,6,3,0,0.0,0.0
2026-08-14,18-23,21,60,6,3,0,0.0,0.0
2026-08-14,18-23,22,60,6,3,0,0.0,0.0
2026-08-14,18-23,23,60,6,3,0,0.0,0.0
2026-08-17,00-06,1,60,6,3,0,0.0,0.0
2026-08-17,00-06,2,60,6,3,0,0.0,0.0
2026-08-17,00-06,3,60,6,3,0,0.0,0.0
2026-08-17,00-06,4,60,6,3,0,0.0,0.0
2026-08-17,00-06,5,60,6,3,0,0.0,0.0
2026-08-17,00-06,6,60,6,3,0,0.0,0.0
2026-08-17,07-12,7,60,6,3,1,0.16666666666666666,0.016666666666666666
2026-08-17,07-12,8,60,6,3,0,0.0,0.0
2026-08-17,07-12,9,60,6,3,0,0.0,0.0
2026-08-17,07-12,10,60,6,3,0,0.0,0.0
2026-08-17,07-12,11,60,6,3,0,0.0,0.0
2026-08-17,07-12,12,60,6,3,0,0.0,0.0
2026-08-17,13-17,13,60,6,3,0,0.0,0.0
2026-08-17,13-17,14,60,6,3,0,0.0,0.0
2026-08-17,13-17,15,60,6,3,0,0.0,0.0
2026-08-17,13-17,16,60,6,3,0,0.0,0.0
2026-08-17,13-17,17,60,6,3,0,0.0,0.0
2026-08-17,18-23,18,60,6,3,0,0.0,0.0
2026-08-17,18-23,19,60,6,3,0,0.0,0.0
2026-08-17,18-23,20,60,6,3,0,0.0,0.0
2026-08-17,18-23,21,60,6,3,0,0.0,0.0
2026-08-17,18-23,22,60,6,3,0,0.0,0.0
2026-08-17,18-23,23,60,6,3,0,0.0,0.0
2026-08-18,00-06,1,60,6,3,0,0.0,0.0
2026-08-18,00-06,2,60,6,3,0,0.0,0.0
2026-08-18,00-06,3,60,6,3,0,0.0,0.0
2026-08-18,00-06,4,60,6,3,0,0.0,0.0
2026-08-18,00-06,5,60,6,3,0,0.0,0.0
2026-08-18,00-06,6,60,6,3,1,0.16666666666666666,0.016666666666666666
2026-08-18,07-12,7,60,6,3,0,0.0,0.0
2026-08-18,07-12,8,60,6,3,0,0.0,0.0
2026-08-18,07-12,9,60,6,3,0,0.0,0.0
2026-08-18,07-12,10,60,6,3,0,0.0,0.0
2026-08-18,07-12,11,60,6,3,0,0.0,0.0
2026-08-18,07-12,12,60,6,3,0,0.0,0.0
2026-08-18,13-17,13,60,6,3,0,0.0,0.0
2026-08-18,13-17,14,60,6,3,0,0.0,0.0
2026-08-18,13-17,15,60,6,3,0,0.0,0.0
2026-08-18,13-17,16,60,6,3,0,0.0,0.0
2026-08-18,13-17,17,60,6,3,0,0.0,0.0
2026-08-18,18-23,18,60,6,3,0,0.0,0.0
2026-08-18,18-23,19,60,6,3,0,0.0,0.0
2026-08-18,18-23,20,60,6,3,0,0.0,0.0
2026-08-18,18-23,21,60,6,3,0,0.0,0.0
2026-08-18,18-23,22,60,6,3,0,0.0,0.0
2026-08-18,18-23,23,60,6,3,0,0.0,0.0
2026-08-19,00-06,1,60,6,3,0,0.0,0.0
2026-08-19,00-06,2,60,6,3,0,0.0,0.0
2026-08-19,00-06,3,60,6,3,0,0.0,0.0
2026-08-19,00-06,4,60,6,3,0,0.0,0.0
2026-08-19,00-06,5,60,6,3,0,0.0,0.0
2026-08-19,00-06,6,60,6,3,0,0.0,0.0
2026-08-19,07-12,7,60,6,3,0,0.0,0.0
2026-08-19,07-12,8,60,6,3,1,0.16666666666666666,0.016666666666666666
2026-08-19,07-12,9,60,6,3,0,0.0,0.0
2026-08-19,07-12,10,60,6,3,0,0.0,0.0
2026-08-19,07-12,11,60,6,3,0,0.0,0.0
2026-08-19,07-12,12,60,6,3,0,0.0,0.0
2026-08-19,13-17,13,60,6,3,0,0.0,0.0
2026-08-19,13-17,14,60,6,3,0,0.0,0.0
2026-08-19,13-17,15,60,6,3,0,0.0,0.0
2026-08-19,13-17,16,60,6,3,0,0.0,0.0
2026-08-19,13-17,17,60,6,3,0,0.0,0.0
2026-08-19,18-23,18,60,6,3,0,0.0,0.0
2026-08-19,18-23,19,60,6,3,0,0.0,0.0
2026-08-19,18-23,20,60,6,3,0,0.0,0.0
2026-08-19,18-23,21,60,6,3,0,0.0,0.0
2026-08-19,18-23,22,60,6,3,0,0.0,0.0
2026-08-19,18-23,23,60,6,3,0,0.0,0.0
2026-08-20,00-06,1,60,6,3,0,0.0,0.0
2026-08-20,00-06,2,60,6,3,0,0.0,0.0
2026-08-20,00-06,3,60,6,3,0,0.0,0.0
2026-08-20,00-06,4,60,6,3,0,0.0,0.0
2026-08-20,00-06,5,60,6,3,0,0.0,0.0
2026-08-20,00-06,6,60,6,3,0,0.0,0.0
2026-08-20,07-12,7,60,6,3,0,0.0,0.0
2026-08-20,07-12,8,60,6,3,1,0.16666666666666666,0.016666666666666666
2026-08-20,07-12,9,60,6,3,0,0.0,0.0
2026-08-20,07-12,10,60,6,3,0,0.0,0.0
2026-08-20,07-12,11,60,6,3,0,0.0,0.0
2026-08-20,07-12,12,60,6,3,0,0.0,0.0
2026-08-20,13-17,13,60,6,3,0,0.0,0.0
2026-08-20,13-17,14,60,6,3,0,0.0,0.0
2026-08-20,13-17,15,60,6,3,0,0.0,0.0
2026-08-20,13-17,16,60,6,3,0,0.0,0.0
2026-08-20,13-17,17,60,6,3,0,0.0,0.0
2026-08-20,18-23,18,60,6,3,0,0.0,0.0
2026-08-20,18-23,19,60,6,3,0,0.0,0.0
2026-08-20,18-23,20,60,6,3,0,0.0,0.0
2026-08-20,18-23,21,60,6,3,0,0.0,0.0
2026-08-20,18-23,22,60,6,3,0,0.0,0.0
2026-08-20,18-23,23,60,6,3,0,0.0,0.0
2026-08-21,00-06,1,60,6,3,0,0.0,0.0
2026-08-21,00-06,2,60,6,3,0,0.0,0.0
2026-08-21,00-06,3,60,6,3,0,0.0,0.0
2026-08-21,00-06,4,60,6,3,0,0.0,0.0
2026-08-21,00-06,5,60,6,3,0,0.0,0.0
2026-08-21,00-06,6,60,6,3,0,0.0,0.0
2026-08-21,07-12,7,60,6,3,0,0.0,0.0
2026-08-21,07-12,8,60,6,3,1,0.16666666666666666,0.016666666666666666
2026-08-21,07-12,9,60,6,3,0,0.0,0.0
2026-08-21,07-12,10,60,6,3,0,0.0,0.0
2026-08-21,07-12,11,60,6,3,0,0.0,0.0
2026-08-21,07-12,12,60,6,3,0,0.0,0.0
2026-08-21,13-17,13,60,6,3,0,0.0,0.0
2026-08-21,13-17,14,60,6,3,0,0.0,0.0
2026-08-21,13-17,15,60,6,3,0,0.0,0.0
2026-08-21,13-17,16,60,6,3,0,0.0,0.0
2026-08-21,13-17,17,60,6,3,0,0.0,0.0
2026-08-21,18-23,18,60,6,3,0,0.0,0.0
2026-08-21,18-23,19,60,6,3,0,0.0,0.0
2026-08-21,18-23,20,60,6,3,0,0.0,0.0
2026-08-21,18-23,21,60,6,3,0,0.0,0.0
2026-08-21,18-23,22,60,6,3,0,0.0,0.0
2026-08-21,18-23,23,60,6,3,0,0.0,0.0
2026-08-24,00-06,1,60,6,3,0,0.0,0.0
2026-08-24,00-06,2,60,6,3,0,0.0,0.0
2026-08-24,00-06,3,60,6,3,0,0.0,0.0
2026-08-24,00-06,4,60,6,3,0,0.0,0.0
2026-08-24,00-06,5,60,6,3,0,0.0,0.0
2026-08-24,00-06,6,60,6,3,0,0.0,0.0
2026-08-24,07-12,7,60,6,3,1,0.16666666666666666,0.016666666666666666
2026-08-24,07-12,8,60,6,3,0,0.0,0.0
2026-08-24,07-12,9,60,6,3,0,0.0,0.0
2026-08-24,07-12,10,60,6,3,0,0.0,0.0
2026-08-24,07-12,11,60,6,3,0,0.0,0.0
2026-08-24,07-12,12,60,6,3,0,0.0,0.0
2026-08-24,13-17,13,60,6,3,0,0.0,0.0
2026-08-24,13-17,14,60,6,3,0,0.0,0.0
2026-08-24,13-17,15,60,6,3,0,0.0,0.0
2026-08-24,13-17,16,60,6,3,0,0.0,0.0
2026-08-24,13-17,17,60,6,3,0,0.0,0.0
2026-08-24,18-23,18,60,6,3,0,0.0,0.0
2026-08-24,18-23,19,60,6,3,0,0.0,0.0
2026-08-24,18-23,20,60,6,3,0,0.0,0.0
2026-08-24,18-23,21,60,6,3,0,0.0,0.0
2026-08-24,18-23,22,60,6,3,0,0.0,0.0
2026-08-24,18-23,23,60,6,3,0,0.0,0.0
2026-08-25,00-06,1,60,6,3,0,0.0,0.0
2026-08-25,00-06,2,60,6,3,0,0.0,0.0
2026-08-25,00-06,3,60,6,3,0,0.0,0.0
2026-08-25,00-06,4,60,6,3,0,0.0,0.0
2026-08-25,00-06,5,60,6,3,0,0.0,0.0
2026-08-25,00-06,6,60,6,3,0,0.0,0.0
2026-08-25,07-12,7,60,6,3,0,0.0,0.0
2026-08-25,07-12,8,60,6,3,1,0.16666666666666666,0.016666666666666666
2026-08-25,07-12,9,60,6,3,0,0.0,0.0
2026-08-25,07-12,10,60,6,3,0,0.0,0.0
2026-08-25,07-12,11,60,6,3,0,0.0,0.0
2026-08-25,07-12,12,60,6,3,0,0.0,0.0
2026-08-25,13-17,13,60,6,3,0,0.0,0.0
2026-08-25,13-17,14,60,6,3,0,0.0,0.0
2026-08-25,13-17,15,60,6,3,0,0.0,0.0
2026-08-25,13-17,16,60,6,3,0,0.0,0.0
2026-08-25,13-17,17,60,6,3,0,0.0,0.0
2026-08-25,18-23,18,60,6,3,0,0.0,0.0
2026-08-25,18-23,19,60,6,3,0,0.0,0.0
2026-08-25,18-23,20,60,6,3,1,0.16666666666666666,0.016666666666666666
2026-08-25,18-23,21,60,6,3,0,0.0,0.0
2026-08-25,18-23,22,60,6,3,0,0.0,0.0
2026-08-25,18-23,23,60,6,3,0,0.0,0.0
2026-08-26,00-06,1,60,6,3,0,0.0,0.0
2026-08-26,00-06,2,60,6,3,0,0.0,0.0
2026-08-26,00-06,3,60,6,3,0,0.0,0.0
2026-08-26,00-06,4,60,6,3,0,0.0,0.0
2026-08-26,00-06,5,60,6,3,0,0.0,0.0
2026-08-26,00-06,6,60,6,3,0,0.0,0.0
2026-08-26,07-12,7,60,6,3,1,0.16666666666666666,0.016666666666666666
2026-08-26,07-12,8,60,6,3,0,0.0,0.0
2026-08-26,07-12,9,60,6,3,0,0.0,0.0
2026-08-26,07-12,10,60,6,3,0,0.0,0.0
2026-08-26,07-12,11,60,6,3,0,0.0,0.0
2026-08-26,07-12,12,60,6,3,0,0.0,0.0
2026-08-26,13-17,13,60,6,3,0,0.0,0.0
2026-08-26,13-17,14,60,6,3,0,0.0,0.0
2026-08-26,13-17,15,60,6,3,0,0.0,0.0
2026-08-26,13-17,16,60,6,3,0,0.0,0.0
2026-08-26,13-17,17,60,6,3,0,0.0,0.0
2026-08-26,18-23,18,60,6,3,0,0.0,0.0
2026-08-26,18-23,19,60,6,3,0,0.0,0.0
2026-08-26,18-23,20,60,6,3,0,0.0,0.0
2026-08-26,18-23,21,60,6,3,0,0.0,0.0
2026-08-26,18-23,22,60,6,3,0,0.0,0.0
2026-08-26,18-23,23,60,6,3,0,0.0,0.0
2026-08-27,00-06,1,60,6,3,0,0.0,0.0
2026-08-27,00-06,2,60,6,3,0,0.0,0.0
2026-08-27,00-06,3,60,6,3,0,0.0,0.0
2026-08-27,00-06,4,60,6,3,0,0.0,0.0
2026-08-27,00-06,5,60,6,3,0,0.0,0.0
2026-08-27,00-06,6,60,6,3,0,0.0,0.0
2026-08-27,07-12,7,60,6,3,0,0.0,0.0
2026-08-27,07-12,8,60,6,3,0,0.0,0.0
2026-08-27,07-12,9,60,6,3,0,0.0,0.0
2026-08-27,07-12,10,60,6,3,0,0.0,0.0
2026-08-27,07-12,11,60,6,3,1,0.16666666666666666,0.016666666666666666
2026-08-27,07-12,12,60,6,3,0,0.0,0.0
2026-08-27,13-17,13,60,6,3,0,0.0,0.0
2026-08-27,13-17,14,60,6,3,0,0.0,0.0
2026-08-27,13-17,15,60,6,3,0,0.0,0.0
2026-08-27,13-17,16,60,6,3,0,0.0,0.0
2026-08-27,13-17,17,60,6,3,0,0.0,0.0
2026-08-27,18-23,18,60,6,3,0,0.0,0.0
2026-08-27,18-23,19,60,6,3,0,0.0,0.0
2026-08-27,18-23,20,60,6,3,0,0.0,0.0
2026-08-27,18-23,21,60,6,3,0,0.0,0.0
2026-08-27,18-23,22,60,6,3,0,0.0,0.0
2026-08-27,18-23,23,60,6,3,0,0.0,0.0
2026-08-28,00-06,1,60,6,3,0,0.0,0.0
2026-08-28,00-06,2,60,6,3,0,0.0,0.0
2026-08-28,00-06,3,60,6,3,0,0.0,0.0
2026-08-28,00-06,4,60,6,3,0,0.0,0.0
2026-08-28,00-06,5,60,6,3,0,0.0,0.0
2026-08-28,00-06,6,60,6,3,0,0.0,0.0
2026-08-28,07-12,7,60,6,3,0,0.0,0.0
2026-08-28,07-12,8,60,6,3,1,0.16666666666666666,0.016666666666666666
2026-08-28,07-12,9,60,6,3,0,0.0,0.0
2026-08-28,07-12,10,60,6,3,0,0.0,0.0
2026-08-28,07-12,11,60,6,3,0,0.0,0.0
2026-08-28,07-12,12,60,6,3,0,0.0,0.0
2026-08-28,13-17,13,60,6,3,0,0.0,0.0
2026-08-28,13-17,14,60,6,3,0,0.0,0.0
2026-08-28,13-17,15,60,6,3,0,0.0,0.0
2026-08-28,13-17,16,60,6,3,0,0.0,0.0
2026-08-28,13-17,17,60,6,3,0,0.0,0.0
2026-08-28,18-23,18,60,6,3,0,0.0,0.0
2026-08-28,18-23,19,60,6,3,0,0.0,0.0
2026-08-28,18-23,20,60,6,3,0,0.0,0.0
2026-08-28,18-23,21,60,6,3,0,0.0,0.0
2026-08-28,18-23,22,60,6,3,0,0.0,0.0
2026-08-28,18-23,23,60,6,3,0,0.0,0.0
2026-08-31,00-06,1,60,6,3,0,0.0,0.0
2026-08-31,00-06,2,60,6,3,0,0.0,0.0
2026-08-31,00-06,3,60,6,3,0,0.0,0.0
2026-08-31,00-06,4,60,6,3,0,0.0,0.0
2026-08-31,00-06,5,60,6,3,0,0.0,0.0
2026-08-31,00-06,6,60,6,3,0,0.0,0.0
2026-08-31,07-12,7,60,6,3,0,0.0,0.0
2026-08-31,07-12,8,60,6,3,1,0.16666666666666666,0.016666666666666666
2026-08-31,07-12,9,60,6,3,0,0.0,0.0
2026-08-31,07-12,10,60,6,3,0,0.0,0.0
2026-08-31,07-12,11,60,6,3,0,0.0,0.0
2026-08-31,07-12,12,60,6,3,0,0.0,0.0
2026-08-31,13-17,13,60,6,3,0,0.0,0.0
2026-08-31,13-17,14,60,6,3,0,0.0,0.0
2026-08-31,13-17,15,60,6,3,0,0.0,0.0
2026-08-31,13-17,16,60,6,3,0,0.0,0.0
2026-08-31,13-17,17,60,6,3,0,0.0,0.0
2026-08-31,18-23,18,60,6,3,0,0.0,0.0
2026-08-31,18-23,19,60,6,3,0,0.0,0.0
2026-08-31,18-23,20,60,6,3,0,0.0,0.0
2026-08-31,18-23,21,60,6,3,0,0.0,0.0
2026-08-31,18-23,22,60,6,3,0,0.0,0.0
2026-08-31,18-23,23,60,6,3,0,0.0,0.0
2026-09-01,00-06,1,60,6,3,0,0.0,0.0
2026-09-01,00-06,2,60,6,3,0,0.0,0.0
2026-09-01,00-06,3,60,6,3,0,0.0,0.0
2026-09-01,00-06,4,60,6,3,0,0.0,0.0
2026-09-01,00-06,5,60,6,3,0,0.0,0.0
2026-09-01,00-06,6,60,6,3,0,0.0,0.0
2026-09-01,07-12,7,60,6,3,0,0.0,0.0
2026-09-01,07-12,8,60,6,3,0,0.0,0.0
2026-09-01,07-12,9,60,6,3,1,0.16666666666666666,0.016666666666666666
2026-09-01,07-12,10,60,6,3,0,0.0,0.0
2026-09-01,07-12,11,60,6,3,0,0.0,0.0
2026-09-01,07-12,12,60,6,3,0,0.0,0.0
2026-09-01,13-17,13,60,6,3,0,0.0,0.0
2026-09-01,13-17,14,60,6,3,0,0.0,0.0
2026-09-01,13-17,15,60,6,3,0,0.0,0.0
2026-09-01,13-17,16,60,6,3,0,0.0,0.0
2026-09-01,13-17,17,60,6,3,0,0.0,0.0
2026-09-01,18-23,18,60,6,3,0,0.0,0.0
2026-09-01,18-23,19,60,6,3,0,0.0,0.0
2026-09-01,18-23,20,60,6,3,0,0.0,0.0
2026-09-01,18-23,21,60,6,3,0,0.0,0.0
2026-09-01,18-23,22,60,6,3,0,0.0,0.0
2026-09-01,18-23,23,60,6,3,0,0.0,0.0
2026-09-02,00-06,1,60,6,3,0,0.0,0.0
2026-09-02,00-06,2,60,6,3,0,0.0,0.0
2026-09-02,00-06,3,60,6,3,0,0.0,0.0
2026-09-02,00-06,4,60,6,3,0,0.0,0.0
2026-09-02,00-06,5,60,6,3,0,0.0,0.0
2026-09-02,00-06,6,60,6,3,0,0.0,0.0
2026-09-02,07-12,7,60,6,3,0,0.0,0.0
2026-09-02,07-12,8,60,6,3,0,0.0,0.0
2026-09-02,07-12,9,60,6,3,1,0.16666666666666666,0.016666666666666666
2026-09-02,07-12,10,60,6,3,0,0.0,0.0
2026-09-02,07-12,11,60,6,3,0,0.0,0.0
2026-09-02,07-12,12,60,6,3,0,0.0,0.0
2026-09-02,13-17,13,60,6,3,0,0.0,0.0
2026-09-02,13-17,14,60,6,3,0,0.0,0.0
2026-09-02,13-17,15,60,6,3,0,0.0,0.0
2026-09-02,13-17,16,60,6,3,0,0.0,0.0
2026-09-02,13-17,17,60,6,3,0,0.0,0.0
2026-09-02,18-23,18,60,6,3,1,0.16666666666666666,0.016666666666666666
2026-09-02,18-23,19,60,6,3,0,0.0,0.0
2026-09-02,18-23,20,60,6,3,0,0.0,0.0
2026-09-02,18-23,21,60,6,3,0,0.0,0.0
2026-09-02,18-23,22,60,6,3,0,0.0,0.0
2026-09-02,18-23,23,60,6,3,0,0.0,0.0
2026-09-03,00-06,1,60,6,3,0,0.0,0.0
2026-09-03,00-06,2,60,6,3,0,0.0,0.0
2026-09-03,00-06,3,60,6,3,0,0.0,0.0
2026-09-03,00-06,4,60,6,3,0,0.0,0.0
2026-09-03,00-06,5,60,6,3,0,0.0,0.0
2026-09-03,00-06,6,60,6,3,0,0.0,0.0
2026-09-03,07-12,7,60,6,3,0,0.0,0.0
2026-09-03,07-12,8,60,6,3,1,0.16666666666666666,0.016666666666666666
2026-09-03,07-12,9,60,6,3,0,0.0,0.0
2026-09-03,07-12,10,60,6,3,0,0.0,0.0
2026-09-03,07-12,11,60,6,3,0,0.0,0.0
2026-09-03,07-12,12,60,6,3,1,0.16666666666666666,0.016666666666666666
2026-09-03,13-17,13,60,6,3,0,0.0,0.0
2026-09-03,13-17,14,60,6,3,0,0.0,0.0
2026-09-03,13-17,15,60,6,3,0,0.0,0.0
2026-09-03,13-17,16,60,6,3,0,0.0,0.0
2026-09-03,13-17,17,60,6,3,0,0.0,0.0
2026-09-03,18-23,18,60,6,3,0,0.0,0.0
2026-09-03,18-23,19,60,6,3,0,0.0,0.0
2026-09-03,18-23,20,60,6,3,0,0.0,0.0
2026-09-03,18-23,21,60,6,3,0,0.0,0.0
2026-09-03,18-23,22,60,6,3,0,0.0,0.0
2026-09-03,18-23,23,60,6,3,0,0.0,0.0
2026-09-04,00-06,1,60,6,3,0,0.0,0.0
2026-09-04,00-06,2,60,6,3,0,0.0,0.0
2026-09-04,00-06,3,60,6,3,0,0.0,0.0
2026-09-04,00-06,4,60,6,3,0,0.0,0.0
2026-09-04,00-06,5,60,6,3,0,0.0,0.0
2026-09-04,00-06,6,60,6,3,0,0.0,0.0
2026-09-04,07-12,7,60,6,3,0,0.0,0.0
2026-09-04,07-12,8,60,6,3,0,0.0,0.0
2026-09-04,07-12,9,60,6,3,0,0.0,0.0
2026-09-04,07-12,10,60,6,3,0,0.0,0.0
2026-09-04,07-12,11,60,6,3,0,0.0,0.0
2026-09-04,07-12,12,60,6,3,0,0.0,0.0
2026-09-04,13-17,13,60,6,3,0,0.0,0.0
2026-09-04,13-17,14,60,6,3,0,0.0,0.0
2026-09-04,13-17,15,60,6,3,1,0.16666666666666666,0.016666666666666666
2026-09-04,13-17,16,60,6,3,0,0.0,0.0
2026-09-04,13-17,17,60,6,3,0,0.0,0.0
2026-09-04,18-23,18,60,6,3,0,0.0,0.0
2026-09-04,18-23,19,60,6,3,0,0.0,0.0
2026-09-04,18-23,20,60,6,3,0,0.0,0.0
2026-09-04,18-23,21,60,6,3,0,0.0,0.0
2026-09-04,18-23,22,60,6,3,0,0.0,0.0
2026-09-04,18-23,23,60,6,3,0,0.0,0.0
2026-09-07,00-06,1,60,6,3,0,0.0,0.0
2026-09-07,00-06,2,60,6,3,0,0.0,0.0
2026-09-07,00-06,3,60,6,3,0,0.0,0.0
2026-09-07,00-06,4,60,6,3,0,0.0,0.0
2026-09-07,00-06,5,60,6,3,0,0.0,0.0
2026-09-07,00-06,6,60,6,3,0,0.0,0.0
2026-09-07,07-12,7,60,6,3,0,0.0,0.0
2026-09-07,07-12,8,60,6,3,0,0.0,0.0
2026-09-07,07-12,9,60,6,3,0,0.0,0.0
2026-09-07,07-12,10,60,6,3,1,0.16666666666666666,0.016666666666666666
2026-09-07,07-12,11,60,6,3,0,0.0,0.0
2026-09-07,07-12,12,60,6,3,0,0.0,0.0
2026-09-07,13-17,13,60,6,3,0,0.0,0.0
2026-09-07,13-17,14,60,6,3,0,0.0,0.0
2026-09-07,13-17,15,60,6,3,0,0.0,0.0
2026-09-07,13-17,16,60,6,3,0,0.0,0.0
2026-09-07,13-17,17,60,6,3,0,0.0,0.0
2026-09-07,18-23,18,60,6,3,0,0.0,0.0
2026-09-07,18-23,19,60,6,3,0,0.0,0.0
2026-09-07,18-23,20,60,6,3,0,0.0,0.0
2026-09-07,18-23,21,29,3,3,0,0.0,0.0
2026-09-08,00-06,1,60,6,3,0,0.0,0.0
2026-09-08,00-06,2,60,6,3,0,0.0,0.0
2026-09-08,00-06,3,60,6,3,0,0.0,0.0
2026-09-08,00-06,4,60,6,3,0,0.0,0.0
2026-09-08,00-06,5,60,6,3,0,0.0,0.0
2026-09-08,00-06,6,60,6,3,0,0.0,0.0
2026-09-08,07-12,7,60,6,3,0,0.0,0.0
2026-09-08,07-12,8,60,6,3,0,0.0,0.0
2026-09-08,07-12,9,60,6,3,0,0.0,0.0
2026-09-08,07-12,10,60,6,3,0,0.0,0.0
2026-09-08,07-12,11,60,6,3,0,0.0,0.0
2026-09-08,07-12,12,60,6,3,0,0.0,0.0
2026-09-08,13-17,13,60,6,3,0,0.0,0.0
2026-09-08,13-17,14,60,6,3,0,0.0,0.0
2026-09-08,13-17,15,60,6,3,0,0.0,0.0
2026-09-08,13-17,16,60,6,3,0,0.0,0.0
2026-09-08,13-17,17,60,6,3,0,0.0,0.0
2026-09-08,18-23,18,60,6,3,0,0.0,0.0
2026-09-08,18-23,19,60,6,3,0,0.0,0.0
2026-09-08,18-23,20,60,6,3,1,0.16666666666666666,0.016666666666666666
2026-09-08,18-23,21,60,6,3,0,0.0,0.0
2026-09-08,18-23,22,60,6,3,0,0.0,0.0
2026-09-08,18-23,23,60,6,3,0,0.0,0.0
2026-09-09,00-06,1,60,6,3,0,0.0,0.0
2026-09-09,00-06,2,60,6,3,0,0.0,0.0
2026-09-09,00-06,3,60,6,3,0,0.0,0.0
2026-09-09,00-06,4,60,6,3,0,0.0,0.0
2026-09-09,00-06,5,60,6,3,0,0.0,0.0
2026-09-09,00-06,6,60,6,3,0,0.0,0.0
2026-09-09,07-12,7,60,6,3,0,0.0,0.0
2026-09-09,07-12,8,60,6,3,0,0.0,0.0
2026-09-09,07-12,9,60,6,3,0,0.0,0.0
2026-09-09,07-12,10,60,6,3,0,0.0,0.0
2026-09-09,07-12,11,60,6,3,0,0.0,0.0
2026-09-09,07-12,12,60,6,3,0,0.0,0.0
2026-09-09,13-17,13,60,6,3,0,0.0,0.0
2026-09-09,13-17,14,60,6,3,0,0.0,0.0
2026-09-09,13-17,15,60,6,3,0,0.0,0.0
2026-09-09,13-17,16,60,6,3,1,0.16666666666666666,0.016666666666666666
2026-09-09,13-17,17,60,6,3,0,0.0,0.0
2026-09-09,18-23,18,60,6,3,0,0.0,0.0
2026-09-09,18-23,19,60,6,3,0,0.0,0.0
2026-09-09,18-23,20,60,6,3,0,0.0,0.0
2026-09-09,18-23,21,60,6,3,0,0.0,0.0
2026-09-09,18-23,22,60,6,3,0,0.0,0.0
2026-09-09,18-23,23,60,6,3,0,0.0,0.0
2026-09-10,00-06,1,60,6,3,0,0.0,0.0
2026-09-10,00-06,2,60,6,3,0,0.0,0.0
2026-09-10,00-06,3,60,6,3,0,0.0,0.0
2026-09-10,00-06,4,60,6,3,0,0.0,0.0
2026-09-10,00-06,5,60,6,3,0,0.0,0.0
2026-09-10,00-06,6,60,6,3,0,0.0,0.0
2026-09-10,07-12,7,60,6,3,0,0.0,0.0
2026-09-10,07-12,8,60,6,3,0,0.0,0.0
2026-09-10,07-12,9,60,6,3,0,0.0,0.0
2026-09-10,07-12,10,60,6,3,0,0.0,0.0
2026-09-10,07-12,11,60,6,3,0,0.0,0.0
2026-09-10,07-12,12,60,6,3,0,0.0,0.0
2026-09-10,13-17,13,60,6,3,0,0.0,0.0
2026-09-10,13-17,14,60,6,3,0,0.0,0.0
2026-09-10,13-17,15,60,6,3,0,0.0,0.0
2026-09-10,13-17,16,60,6,3,0,0.0,0.0
2026-09-10,13-17,17,60,6,3,0,0.0,0.0
2026-09-10,18-23,18,60,6,3,0,0.0,0.0
2026-09-10,18-23,19,60,6,3,0,0.0,0.0
2026-09-10,18-23,20,60,6,3,0,0.0,0.0
2026-09-10,18-23,21,60,6,3,0,0.0,0.0
2026-09-10,18-23,22,60,6,3,1,0.16666666666666666,0.016666666666666666
2026-09-10,18-23,23,60,6,3,0,0.0,0.0
2026-09-11,00-06,1,60,6,3,0,0.0,0.0
2026-09-11,00-06,2,60,6,3,0,0.0,0.0
2026-09-11,00-06,3,60,6,3,0,0.0,0.0
2026-09-11,00-06,4,60,6,3,0,0.0,0.0
2026-09-11,00-06,5,60,6,3,0,0.0,0.0
2026-09-11,00-06,6,60,6,3,0,0.0,0.0
2026-09-11,07-12,7,60,6,3,1,0.16666666666666666,0.016666666666666666
2026-09-11,07-12,8,60,6,3,0,0.0,0.0
2026-09-11,07-12,9,60,6,3,0,0.0,0.0
2026-09-11,07-12,10,60,6,3,0,0.0,0.0
2026-09-11,07-12,11,60,6,3,0,0.0,0.0
2026-09-11,07-12,12,60,6,3,0,0.0,0.0
2026-09-11,13-17,13,60,6,3,0,0.0,0.0
2026-09-11,13-17,14,60,6,3,0,0.0,0.0
2026-09-11,13-17,15,60,6,3,0,0.0,0.0
2026-09-11,13-17,16,60,6,3,0,0.0,0.0
2026-09-11,13-17,17,60,6,3,0,0.0,0.0
2026-09-11,18-23,18,60,6,3,1,0.16666666666666666,0.016666666666666666
2026-09-11,18-23,19,60,6,3,0,0.0,0.0
2026-09-11,18-23,20,60,6,3,0,0.0,0.0
2026-09-11,18-23,21,60,6,3,0,0.0,0.0
2026-09-11,18-23,22,60,6,3,0,0.0,0.0
2026-09-11,18-23,23,60,6,3,0,0.0,0.0
2026-09-14,00-06,1,60,6,3,0,0.0,0.0
2026-09-14,00-06,2,59,6,3,0,0.0,0.0
2026-09-14,00-06,3,60,6,3,0,0.0,0.0
2026-09-14,00-06,4,60,6,3,0,0.0,0.0
2026-09-14,00-06,5,60,6,3,0,0.0,0.0
2026-09-14,00-06,6,60,6,3,0,0.0,0.0
2026-09-14,07-12,7,60,6,3,0,0.0,0.0
2026-09-14,07-12,8,60,6,3,0,0.0,0.0
2026-09-14,07-12,9,60,6,3,0,0.0,0.0
2026-09-14,07-12,10,60,6,3,0,0.0,0.0
2026-09-14,07-12,11,60,6,3,0,0.0,0.0
2026-09-14,07-12,12,60,6,3,0,0.0,0.0
2026-09-14,13-17,13,60,6,3,0,0.0,0.0
2026-09-14,13-17,14,60,6,3,0,0.0,0.0
2026-09-14,13-17,15,60,6,3,0,0.0,0.0
2026-09-14,13-17,16,60,6,3,0,0.0,0.0
2026-09-14,13-17,17,60,6,3,0,0.0,0.0
2026-09-14,18-23,18,60,6,3,0,0.0,0.0
2026-09-14,18-23,19,60,6,3,0,0.0,0.0
2026-09-14,18-23,20,60,6,3,0,0.0,0.0
2026-09-14,18-23,21,60,6,3,0,0.0,0.0
2026-09-14,18-23,22,60,6,3,0,0.0,0.0
2026-09-14,18-23,23,60,6,3,0,0.0,0.0
2026-09-15,00-06,1,60,6,3,0,0.0,0.0
2026-09-15,00-06,2,60,6,3,0,0.0,0.0
2026-09-15,00-06,3,60,6,3,0,0.0,0.0
2026-09-15,00-06,4,60,6,3,0,0.0,0.0
2026-09-15,00-06,5,60,6,3,0,0.0,0.0
2026-09-15,00-06,6,60,6,3,0,0.0,0.0
2026-09-15,07-12,7,60,6,3,0,0.0,0.0
2026-09-15,07-12,8,60,6,3,1,0.16666666666666666,0.016666666666666666
2026-09-15,07-12,9,60,6,3,0,0.0,0.0
2026-09-15,07-12,10,60,6,3,0,0.0,0.0
2026-09-15,07-12,11,60,6,3,0,0.0,0.0
2026-09-15,07-12,12,60,6,3,0,0.0,0.0
2026-09-15,13-17,13,60,6,3,0,0.0,0.0
2026-09-15,13-17,14,60,6,3,0,0.0,0.0
2026-09-15,13-17,15,60,6,3,0,0.0,0.0
2026-09-15,13-17,16,60,6,3,0,0.0,0.0
2026-09-15,13-17,17,60,6,3,0,0.0,0.0
2026-09-15,18-23,18,60,6,3,0,0.0,0.0
2026-09-15,18-23,19,60,6,3,0,0.0,0.0
2026-09-15,18-23,20,60,6,3,0,0.0,0.0
2026-09-15,18-23,21,60,6,3,0,0.0,0.0
2026-09-15,18-23,22,60,6,3,0,0.0,0.0
2026-09-15,18-23,23,60,6,3,0,0.0,0.0
2026-09-16,00-06,1,60,6,3,0,0.0,0.0
2026-09-16,00-06,2,59,6,3,0,0.0,0.0
2026-09-16,00-06,3,60,6,3,0,0.0,0.0
2026-09-16,00-06,4,60,6,3,0,0.0,0.0
2026-09-16,00-06,5,60,6,3,0,0.0,0.0
2026-09-16,00-06,6,60,6,3,0,0.0,0.0
2026-09-16,07-12,7,60,6,3,0,0.0,0.0
2026-09-16,07-12,8,60,6,3,0,0.0,0.0
2026-09-16,07-12,9,60,6,3,1,0.16666666666666666,0.016666666666666666
2026-09-16,07-12,10,60,6,3,0,0.0,0.0
2026-09-16,07-12,11,60,6,3,0,0.0,0.0
2026-09-16,07-12,12,60,6,3,0,0.0,0.0
2026-09-16,13-17,13,60,6,3,0,0.0,0.0
2026-09-16,13-17,14,60,6,3,0,0.0,0.0
2026-09-16,13-17,15,60,6,3,0,0.0,0.0
2026-09-16,13-17,16,60,6,3,0,0.0,0.0
2026-09-16,13-17,17,60,6,3,0,0.0,0.0
2026-09-16,18-23,18,60,6,3,0,0.0,0.0
2026-09-16,18-23,19,60,6,3,0,0.0,0.0
2026-09-16,18-23,20,60,6,3,0,0.0,0.0
2026-09-16,18-23,21,60,6,3,0,0.0,0.0
2026-09-16,18-23,22,60,6,3,0,0.0,0.0
2026-09-16,18-23,23,60,6,3,0,0.0,0.0
2026-09-17,00-06,1,60,6,3,0,0.0,0.0
2026-09-17,00-06,2,59,6,3,0,0.0,0.0
2026-09-17,00-06,3,60,6,3,0,0.0,0.0
2026-09-17,00-06,4,60,6,3,0,0.0,0.0
2026-09-17,00-06,5,60,6,3,0,0.0,0.0
2026-09-17,00-06,6,60,6,3,1,0.16666666666666666,0.016666666666666666
2026-09-17,07-12,7,60,6,3,0,0.0,0.0
2026-09-17,07-12,8,60,6,3,0,0.0,0.0
2026-09-17,07-12,9,60,6,3,1,0.16666666666666666,0.016666666666666666
2026-09-17,07-12,10,60,6,3,0,0.0,0.0
2026-09-17,07-12,11,60,6,3,0,0.0,0.0
2026-09-17,07-12,12,60,6,3,0,0.0,0.0
2026-09-17,13-17,13,60,6,3,0,0.0,0.0
2026-09-17,13-17,14,60,6,3,0,0.0,0.0
2026-09-17,13-17,15,60,6,3,0,0.0,0.0
2026-09-17,13-17,16,60,6,3,1,0.16666666666666666,0.016666666666666666
2026-09-17,13-17,17,60,6,3,0,0.0,0.0
2026-09-17,18-23,18,60,6,3,0,0.0,0.0
2026-09-17,18-23,19,60,6,3,0,0.0,0.0
2026-09-17,18-23,20,60,6,3,0,0.0,0.0
2026-09-17,18-23,21,60,6,3,0,0.0,0.0
2026-09-17,18-23,22,60,6,3,0,0.0,0.0
2026-09-17,18-23,23,60,6,3,0,0.0,0.0
2026-09-18,00-06,1,60,6,3,0,0.0,0.0
2026-09-18,00-06,2,59,6,3,0,0.0,0.0
2026-09-18,00-06,3,60,6,3,0,0.0,0.0
2026-09-18,00-06,4,60,6,3,0,0.0,0.0
2026-09-18,00-06,5,60,6,3,0,0.0,0.0
2026-09-18,00-06,6,27,3,3,1,0.3333333333333333,0.037037037037037035
