ticket,side,volume,recorded_open_time,recorded_close_time,open_time_utc,close_time_utc,recorded_price,recorded_pnl,entry_tick_time_utc,entry_tick_bid,entry_tick_ask,entry_tick_mid,entry_tick_spread,entry_time_delta_sec,entry_exec_price,entry_price_error,exit_tick_time_utc,exit_tick_bid,exit_tick_ask,exit_tick_mid,exit_tick_spread,exit_time_delta_sec,exit_exec_price,exit_price_error,reconstructed_pnl_raw_bidask,reconstructed_pnl_raw_mid,residual_bidask,residual_mid,match_le_0_50,match_le_1_00,match_le_2_00,match_le_3_00,match_le_5_00,match_status,holding_minutes,duration_quartile,open_utc,close_utc,open_utc_floor_min,trade_seq,ticket_normalized,record_seq,decision_epoch_utc,split_pair_index,is_split_order_member,epoch_id,epoch_record_count,epoch_record_rank,is_epoch_anchor,representative_ticket,decision_time_utc,active_positions_before_entry,entry_while_position_active,record_partition
36094988,Buy,0.01,2025-09-25T19:32:56,2025-09-25T19:42:55,2025-09-25 16:32:56,2025-09-25 16:42:55,3736.13,0.97,2025-09-25 16:32:56.057,3736.238,3736.935,3736.5865,0.6970000000001164,0.057,3736.935,0.8049999999998363,2025-09-25 16:42:55.158,3737.088,3737.585,3737.3365,0.4969999999998435,0.158,3737.088,0.9580000000000836,0.153,0.75,0.817,0.22,False,True,True,True,True,MATCHED_LE_1_00,9.983333333333333,Q3 (8-16m),2025-09-25 16:32:56+00:00,2025-09-25 16:42:55+00:00,2025-09-25 16:32:00+00:00,0,36094988,0,2025-09-25 16:32:00+00:00,,False,0,1,0,True,36094988,2025-09-25 16:32:56+00:00,0,False,discovery
36095791,Sell,0.01,2025-09-25T19:43:46,2025-09-25T19:45:31,2025-09-25 16:43:46,2025-09-25 16:45:31,3736.72,2.52,2025-09-25 16:43:46.040,3735.758,3736.355,3736.0565,0.5970000000002074,0.04,3735.758,0.9619999999999892,2025-09-25 16:45:31.203,3733.948,3734.585,3734.2665,0.637000000000171,0.203,3734.585,2.1349999999997635,1.173,1.79,1.347,0.73,False,True,True,True,True,MATCHED_LE_1_00,1.75,Q1 (0-3m),2025-09-25 16:43:46+00:00,2025-09-25 16:45:31+00:00,2025-09-25 16:43:00+00:00,1,36095791,1,2025-09-25 16:43:00+00:00,,False,1,1,0,True,36095791,2025-09-25 16:43:46+00:00,0,False,discovery
36148327,Buy,0.01,2025-09-26T18:47:57,2025-09-26T18:54:27,2025-09-26 15:47:57,2025-09-26 15:54:27,3779.39,0.82,2025-09-26 15:47:56.861,3778.455,3778.975,3778.715,0.5199999999999818,-0.139,3778.975,0.4149999999999636,2025-09-26 15:54:26.941,3780.395,3780.952,3780.6735,0.5570000000002437,-0.059,3780.395,1.0050000000001091,1.42,1.9585,-0.6,-1.1385,True,True,True,True,True,MATCHED_LE_1_00,6.5,Q2 (3-8m),2025-09-26 15:47:57+00:00,2025-09-26 15:54:27+00:00,2025-09-26 15:47:00+00:00,2,36148327,2,2025-09-26 15:47:00+00:00,,False,2,1,0,True,36148327,2025-09-26 15:47:57+00:00,0,False,discovery
36168589,Buy,0.01,2025-09-29T08:46:42,2025-09-29T08:52:58,2025-09-29 05:46:42,2025-09-29 05:52:58,3805.93,3.9,2025-09-29 05:46:42.139,3804.998,3805.565,3805.2815,0.5670000000000073,0.139,3805.565,0.3649999999997817,2025-09-29 05:52:58.046,3808.525,3809.145,3808.835,0.6199999999998909,0.046,3808.525,2.5950000000002547,2.96,3.5535,0.94,0.3465,True,True,True,True,True,MATCHED_LE_1_00,6.266666666666667,Q2 (3-8m),2025-09-29 05:46:42+00:00,2025-09-29 05:52:58+00:00,2025-09-29 05:46:00+00:00,3,36168589,3,2025-09-29 05:46:00+00:00,0.0,True,3,2,0,True,36168589,2025-09-29 05:46:42+00:00,0,False,discovery
36168590,Buy,0.01,2025-09-29T08:46:47,2025-09-29T08:52:55,2025-09-29 05:46:47,2025-09-29 05:52:55,3805.93,3.52,2025-09-29 05:46:46.930,3804.998,3805.585,3805.2915,0.5869999999999891,-0.07,3805.585,0.3449999999997999,2025-09-29 05:52:55.170,3808.775,3809.355,3809.065,0.5799999999999272,0.17,3808.775,2.8450000000002547,3.19,3.7735,0.33,-0.2535,True,True,True,True,True,MATCHED_LE_1_00,6.133333333333334,Q2 (3-8m),2025-09-29 05:46:47+00:00,2025-09-29 05:52:55+00:00,2025-09-29 05:46:00+00:00,4,36168590,4,2025-09-29 05:46:00+00:00,0.0,True,3,2,1,False,36168589,2025-09-29 05:46:42+00:00,1,True,discovery
36227385,Sell,0.01,2025-09-30T11:20:52,2025-09-30T11:22:05,2025-09-30 08:20:52,2025-09-30 08:22:05,3833.38,6.03,2025-09-30 08:20:51.995,3832.445,3833.025,3832.735,0.5799999999999272,-0.005,3832.445,0.9349999999999454,2025-09-30 08:22:04.985,3828.425,3828.965,3828.695,0.5399999999999636,-0.015,3828.965,4.414999999999964,3.48,4.04,2.55,1.99,False,True,True,True,True,MATCHED_LE_1_00,1.2166666666666666,Q1 (0-3m),2025-09-30 08:20:52+00:00,2025-09-30 08:22:05+00:00,2025-09-30 08:20:00+00:00,5,36227385,5,2025-09-30 08:20:00+00:00,1.0,True,4,2,0,True,36227385,2025-09-30 08:20:52+00:00,0,False,discovery
36227388,Sell,0.03,2025-09-30T11:20:57,2025-09-30T11:23:20,2025-09-30 08:20:57,2025-09-30 08:23:20,3833.24,6.79,2025-09-30 08:20:56.912,3832.235,3832.845,3832.54,0.6099999999996726,-0.088,3832.235,1.0049999999996544,2025-09-30 08:23:19.999,3823.885,3824.535,3824.21,0.6499999999996362,-0.001,3824.535,8.704999999999927,23.1,24.99,-16.31,-18.2,False,False,True,True,True,MATCHED_LE_3_00,2.3833333333333333,Q1 (0-3m),2025-09-30 08:20:57+00:00,2025-09-30 08:23:20+00:00,2025-09-30 08:20:00+00:00,6,36227388,6,2025-09-30 08:20:00+00:00,1.0,True,4,2,1,False,36227385,2025-09-30 08:20:52+00:00,1,True,discovery
36228676,Sell,0.01,2025-09-30T11:25:56,2025-09-30T11:30:17,2025-09-30 08:25:56,2025-09-30 08:30:17,3830.54,12.91,2025-09-30 08:25:55.983,3829.855,3830.435,3830.145,0.5799999999999272,-0.017,3829.855,0.6849999999999454,2025-09-30 08:30:16.989,3821.275,3821.915,3821.595,0.6399999999998727,-0.011,3821.915,8.625,7.94,8.55,4.97,4.36,False,True,True,True,True,MATCHED_LE_1_00,4.35,Q2 (3-8m),2025-09-30 08:25:56+00:00,2025-09-30 08:30:17+00:00,2025-09-30 08:25:00+00:00,7,36228676,7,2025-09-30 08:25:00+00:00,,False,5,1,0,True,36228676,2025-09-30 08:25:56+00:00,0,False,discovery
36274877,Buy,0.01,2025-10-01T09:25:14,2025-10-01T09:29:01,2025-10-01 06:25:14,2025-10-01 06:29:01,3858.64,2.01,2025-10-01 06:25:14.070,3857.965,3858.475,3858.22,0.5099999999997635,0.07,3858.475,0.1649999999999636,2025-10-01 06:29:01.244,3860.585,3861.165,3860.875,0.5799999999999272,0.244,3860.585,1.945000000000164,2.11,2.655,-0.1,-0.645,True,True,True,True,True,MATCHED_LE_1_00,3.783333333333333,Q2 (3-8m),2025-10-01 06:25:14+00:00,2025-10-01 06:29:01+00:00,2025-10-01 06:25:00+00:00,8,36274877,8,2025-10-01 06:25:00+00:00,,False,6,1,0,True,36274877,2025-10-01 06:25:14+00:00,0,False,discovery
36283671,Sell,0.01,2025-10-01T11:28:02,2025-10-01T11:34:32,2025-10-01 08:28:02,2025-10-01 08:34:32,3893.34,6.25,2025-10-01 08:28:02.187,3892.695,3893.302,3892.9985,0.6069999999999709,0.187,3892.695,0.6449999999999818,2025-10-01 08:34:32.640,3888.385,3888.895,3888.64,0.5099999999997635,0.64,3888.895,4.445000000000164,3.8,4.3585,2.45,1.8915,False,True,True,True,True,MATCHED_LE_1_00,6.5,Q2 (3-8m),2025-10-01 08:28:02+00:00,2025-10-01 08:34:32+00:00,2025-10-01 08:28:00+00:00,9,36283671,9,2025-10-01 08:28:00+00:00,,False,7,1,0,True,36283671,2025-10-01 08:28:02+00:00,0,False,discovery
36322976,Buy,0.01,2025-10-02T08:13:35,2025-10-02T09:05:06,2025-10-02 05:13:35,2025-10-02 06:05:06,3868.72,1.21,2025-10-02 05:13:35.004,3867.695,3868.485,3868.09,0.7899999999999636,0.004,3868.485,0.2349999999996725,2025-10-02 06:05:05.826,3869.785,3870.452,3870.1185,0.6670000000003711,-0.174,3869.785,1.0650000000000546,1.3,2.0285,-0.09,-0.8185,True,True,True,True,True,MATCHED_LE_1_00,51.516666666666666,Q4 (16m+),2025-10-02 05:13:35+00:00,2025-10-02 06:05:06+00:00,2025-10-02 05:13:00+00:00,10,36322976,10,2025-10-02 05:13:00+00:00,,False,8,1,0,True,36322976,2025-10-02 05:13:35+00:00,0,False,discovery
36334931,Buy,0.01,2025-10-02T15:17:55,2025-10-02T15:20:28,2025-10-02 12:17:55,2025-10-02 12:20:28,3881.12,1.43,2025-10-02 12:17:55.015,3881.565,3882.152,3881.8585,0.5869999999999891,0.015,3882.152,1.0320000000001528,2025-10-02 12:20:28.078,3882.175,3882.815,3882.495,0.6399999999998727,0.078,3882.175,1.055000000000291,0.023,0.6365,1.407,0.7935,False,False,True,True,True,MATCHED_LE_3_00,2.55,Q1 (0-3m),2025-10-02 12:17:55+00:00,2025-10-02 12:20:28+00:00,2025-10-02 12:17:00+00:00,11,36334931,11,2025-10-02 12:17:00+00:00,,False,9,1,0,True,36334931,2025-10-02 12:17:55+00:00,0,False,discovery
36335183,Buy,0.01,2025-10-02T15:23:08,2025-10-02T15:31:38,2025-10-02 12:23:08,2025-10-02 12:31:38,3882.36,1.32,2025-10-02 12:23:07.623,3881.405,3882.045,3881.725,0.6399999999998727,-0.377,3882.045,0.3150000000000545,2025-10-02 12:31:37.700,3883.555,3884.195,3883.875,0.6400000000003274,-0.3,3883.555,1.194999999999709,1.51,2.15,-0.19,-0.83,True,True,True,True,True,MATCHED_LE_1_00,8.5,Q3 (8-16m),2025-10-02 12:23:08+00:00,2025-10-02 12:31:38+00:00,2025-10-02 12:23:00+00:00,12,36335183,12,2025-10-02 12:23:00+00:00,2.0,True,10,2,0,True,36335183,2025-10-02 12:23:08+00:00,0,False,discovery
36335196,Buy,0.01,2025-10-02T15:23:37,2025-10-02T15:31:34,2025-10-02 12:23:37,2025-10-02 12:31:34,3882.34,1.22,2025-10-02 12:23:37.052,3881.265,3881.905,3881.585,0.6400000000003274,0.052,3881.905,0.4349999999999454,2025-10-02 12:31:33.920,3883.525,3884.165,3883.845,0.6399999999998727,-0.08,3883.525,1.1849999999999454,1.62,2.26,-0.4,-1.04,True,True,True,True,True,MATCHED_LE_1_00,7.95,Q3 (8-16m),2025-10-02 12:23:37+00:00,2025-10-02 12:31:34+00:00,2025-10-02 12:23:00+00:00,13,36335196,13,2025-10-02 12:23:00+00:00,2.0,True,10,2,1,False,36335183,2025-10-02 12:23:08+00:00,1,True,discovery
36337657,Sell,0.01,2025-10-02T16:13:13,2025-10-02T16:16:03,2025-10-02 13:13:13,2025-10-02 13:16:03,3890.78,1.81,2025-10-02 13:13:13.115,3891.065,3891.702,3891.3835,0.637000000000171,0.115,3891.065,0.2849999999998545,2025-10-02 13:16:02.978,3888.545,3889.152,3888.8485,0.6069999999999709,-0.022,3889.152,1.6280000000001564,1.913,2.535,-0.103,-0.725,True,True,True,True,True,MATCHED_LE_1_00,2.833333333333333,Q1 (0-3m),2025-10-02 13:13:13+00:00,2025-10-02 13:16:03+00:00,2025-10-02 13:13:00+00:00,14,36337657,14,2025-10-02 13:13:00+00:00,,False,11,1,0,True,36337657,2025-10-02 13:13:13+00:00,0,False,discovery
36368405,Buy,0.01,2025-10-03T10:17:25,2025-10-03T10:23:08,2025-10-03 07:17:25,2025-10-03 07:23:08,3860.35,1.2,2025-10-03 07:17:24.908,3859.575,3860.102,3859.8385,0.5270000000000437,-0.092,3860.102,0.2480000000000473,2025-10-03 07:23:07.979,3861.655,3862.215,3861.935,0.5599999999999454,-0.021,3861.655,1.305000000000291,1.553,2.0965,-0.353,-0.8965,True,True,True,True,True,MATCHED_LE_1_00,5.716666666666667,Q2 (3-8m),2025-10-03 07:17:25+00:00,2025-10-03 07:23:08+00:00,2025-10-03 07:17:00+00:00,15,36368405,15,2025-10-03 07:17:00+00:00,,False,12,1,0,True,36368405,2025-10-03 07:17:25+00:00,0,False,discovery
36383087,Buy,0.01,2025-10-03T18:18:08,2025-10-03T18:22:57,2025-10-03 15:18:08,2025-10-03 15:22:57,3878.35,7.8,2025-10-03 15:18:07.766,3878.665,3879.252,3878.9585,0.5869999999999891,-0.234,3879.252,0.9020000000000435,2025-10-03 15:22:57.091,3884.115,3884.705,3884.41,0.5900000000001455,0.091,3884.115,5.764999999999873,4.863,5.4515,2.937,2.3485,False,True,True,True,True,MATCHED_LE_1_00,4.816666666666666,Q2 (3-8m),2025-10-03 15:18:08+00:00,2025-10-03 15:22:57+00:00,2025-10-03 15:18:00+00:00,16,36383087,16,2025-10-03 15:18:00+00:00,,False,13,1,0,True,36383087,2025-10-03 15:18:08+00:00,0,False,discovery
36414174,Sell,0.01,2025-10-06T12:14:39,2025-10-06T12:40:39,2025-10-06 09:14:39,2025-10-06 09:40:39,3943.07,2.46,2025-10-06 09:14:38.677,3942.735,3943.352,3943.0435,0.6169999999997344,-0.323,3942.735,0.3350000000000364,2025-10-06 09:40:38.961,3939.748,3940.385,3940.0665,0.637000000000171,-0.039,3940.385,2.684999999999945,2.35,2.977,0.11,-0.517,True,True,True,True,True,MATCHED_LE_1_00,26.0,Q4 (16m+),2025-10-06 09:14:39+00:00,2025-10-06 09:40:39+00:00,2025-10-06 09:14:00+00:00,17,36414174,17,2025-10-06 09:14:00+00:00,,False,14,1,0,True,36414174,2025-10-06 09:14:39+00:00,0,False,discovery
36416362,Sell,0.01,2025-10-06T14:10:55,2025-10-06T14:16:33,2025-10-06 11:10:55,2025-10-06 11:16:33,3938.03,3.02,2025-10-06 11:10:54.449,3937.465,3938.105,3937.785,0.6399999999998727,-0.551,3937.465,0.5650000000000546,2025-10-06 11:16:32.678,3934.305,3934.945,3934.625,0.6400000000003274,-0.322,3934.945,3.0850000000000364,2.52,3.16,0.5,-0.14,False,True,True,True,True,MATCHED_LE_1_00,5.633333333333334,Q2 (3-8m),2025-10-06 11:10:55+00:00,2025-10-06 11:16:33+00:00,2025-10-06 11:10:00+00:00,18,36416362,18,2025-10-06 11:10:00+00:00,,False,15,1,0,True,36416362,2025-10-06 11:10:55+00:00,0,False,discovery
36450406,Sell,0.01,2025-10-07T08:47:44,2025-10-07T08:53:06,2025-10-07 05:47:44,2025-10-07 05:53:06,3962.08,-1.71,2025-10-07 05:47:43.775,3962.095,3962.645,3962.37,0.5500000000001819,-0.225,3962.095,0.0149999999998726,2025-10-07 05:53:05.862,3963.185,3963.892,3963.5385,0.70699999999988,-0.138,3963.892,1.811999999999898,-1.797,-1.1685,0.087,-0.5415,True,True,True,True,True,MATCHED_LE_1_00,5.366666666666666,Q2 (3-8m),2025-10-07 05:47:44+00:00,2025-10-07 05:53:06+00:00,2025-10-07 05:47:00+00:00,19,36450406,19,2025-10-07 05:47:00+00:00,,False,16,1,0,True,36450406,2025-10-07 05:47:44+00:00,0,False,discovery
36450588,Sell,0.01,2025-10-07T08:53:49,2025-10-07T09:05:30,2025-10-07 05:53:49,2025-10-07 06:05:30,3964.19,3.62,2025-10-07 05:53:49.505,3964.335,3964.992,3964.6635,0.6570000000001528,0.505,3964.335,0.1449999999999818,2025-10-07 06:05:29.957,3959.795,3960.375,3960.085,0.5799999999999272,-0.043,3960.375,3.815000000000055,3.96,4.5785,-0.34,-0.9585,True,True,True,True,True,MATCHED_LE_1_00,11.683333333333334,Q3 (8-16m),2025-10-07 05:53:49+00:00,2025-10-07 06:05:30+00:00,2025-10-07 05:53:00+00:00,20,36450588,20,2025-10-07 05:53:00+00:00,,False,17,1,0,True,36450588,2025-10-07 05:53:49+00:00,0,False,discovery
36451248,Buy,0.01,2025-10-07T09:17:36,2025-10-07T09:22:00,2025-10-07 06:17:36,2025-10-07 06:22:00,3963.3,1.43,2025-10-07 06:17:35.924,3962.805,3963.452,3963.1285,0.6470000000003893,-0.076,3963.452,0.1520000000000436,2025-10-07 06:22:00.332,3964.935,3965.552,3965.2435,0.6170000000001892,0.332,3964.935,1.6349999999997635,1.483,2.115,-0.053,-0.685,True,True,True,True,True,MATCHED_LE_1_00,4.4,Q2 (3-8m),2025-10-07 06:17:36+00:00,2025-10-07 06:22:00+00:00,2025-10-07 06:17:00+00:00,21,36451248,21,2025-10-07 06:17:00+00:00,,False,18,1,0,True,36451248,2025-10-07 06:17:36+00:00,0,False,discovery
36508294,Sell,0.02,2025-10-08T12:19:47,2025-10-08T12:32:57,2025-10-08 09:19:47,2025-10-08 09:32:57,4036.35,4.98,2025-10-08 09:19:46.999,4036.455,4037.025,4036.74,0.5700000000001637,-0.001,4036.455,0.1050000000000181,2025-10-08 09:32:57.406,4033.075,4033.665,4033.37,0.5900000000001455,0.406,4033.665,2.684999999999945,5.58,6.74,-0.6,-1.76,True,True,True,True,True,MATCHED_LE_1_00,13.166666666666666,Q3 (8-16m),2025-10-08 09:19:47+00:00,2025-10-08 09:32:57+00:00,2025-10-08 09:19:00+00:00,22,36508294,22,2025-10-08 09:19:00+00:00,,False,19,1,0,True,36508294,2025-10-08 09:19:47+00:00,0,False,discovery
36508676,Buy,0.01,2025-10-08T12:36:16,2025-10-08T12:39:56,2025-10-08 09:36:16,2025-10-08 09:39:56,4035.65,2.27,2025-10-08 09:36:16.139,4035.695,4036.375,4036.035,0.6799999999998363,0.139,4036.375,0.724999999999909,2025-10-08 09:39:56.041,4038.145,4038.742,4038.4435,0.5970000000002074,0.041,4038.145,2.494999999999891,1.77,2.4085,0.5,-0.1385,False,True,True,True,True,MATCHED_LE_1_00,3.6666666666666665,Q2 (3-8m),2025-10-08 09:36:16+00:00,2025-10-08 09:39:56+00:00,2025-10-08 09:36:00+00:00,23,36508676,23,2025-10-08 09:36:00+00:00,,False,20,1,0,True,36508676,2025-10-08 09:36:16+00:00,0,False,discovery
36508993,Buy,0.02,2025-10-08T12:42:32,2025-10-08T12:46:10,2025-10-08 09:42:32,2025-10-08 09:46:10,4039.03,5.04,2025-10-08 09:42:31.982,4039.105,4039.705,4039.405,0.599999999999909,-0.018,4039.705,0.6749999999997272,2025-10-08 09:46:09.897,4041.905,4042.475,4042.19,0.569999999999709,-0.103,4041.905,2.875,4.4,5.57,0.64,-0.53,False,True,True,True,True,MATCHED_LE_1_00,3.633333333333333,Q2 (3-8m),2025-10-08 09:42:32+00:00,2025-10-08 09:46:10+00:00,2025-10-08 09:42:00+00:00,24,36508993,24,2025-10-08 09:42:00+00:00,,False,21,1,0,True,36508993,2025-10-08 09:42:32+00:00,0,False,discovery
36561296,Sell,0.02,2025-10-09T14:04:35,2025-10-09T14:13:00,2025-10-09 11:04:35,2025-10-09 11:13:00,4039.78,2.84,2025-10-09 11:04:35.351,4039.785,4040.375,4040.08,0.5900000000001455,0.351,4039.785,0.0049999999996543,2025-10-09 11:12:59.983,4037.498,4038.105,4037.8015,0.6069999999999709,-0.017,4038.105,1.675000000000182,3.36,4.557,-0.52,-1.717,True,True,True,True,True,MATCHED_LE_1_00,8.416666666666666,Q3 (8-16m),2025-10-09 11:04:35+00:00,2025-10-09 11:13:00+00:00,2025-10-09 11:04:00+00:00,25,36561296,25,2025-10-09 11:04:00+00:00,,False,22,1,0,True,36561296,2025-10-09 11:04:35+00:00,0,False,discovery
36562289,Buy,0.01,2025-10-09T14:19:30,2025-10-09T14:33:44,2025-10-09 11:19:30,2025-10-09 11:33:44,4035.78,4.04,2025-10-09 11:19:30.070,4035.115,4035.675,4035.395,0.5600000000004002,0.07,4035.675,0.1050000000000181,2025-10-09 11:33:44.828,4040.005,4040.555,4040.28,0.5499999999997272,0.828,4040.005,4.224999999999909,4.33,4.885,-0.29,-0.845,True,True,True,True,True,MATCHED_LE_1_00,14.233333333333333,Q3 (8-16m),2025-10-09 11:19:30+00:00,2025-10-09 11:33:44+00:00,2025-10-09 11:19:00+00:00,26,36562289,26,2025-10-09 11:19:00+00:00,,False,23,1,0,True,36562289,2025-10-09 11:19:30+00:00,0,False,discovery
36562770,Buy,0.01,2025-10-09T14:42:13,2025-10-09T14:47:42,2025-10-09 11:42:13,2025-10-09 11:47:42,4042.07,2.88,2025-10-09 11:42:12.895,4042.165,4042.735,4042.45,0.5700000000001637,-0.105,4042.735,0.6649999999999636,2025-10-09 11:47:42.197,4045.285,4045.865,4045.575,0.5799999999999272,0.197,4045.285,3.2149999999996908,2.55,3.125,0.33,-0.245,False,True,True,True,True,MATCHED_LE_1_00,5.483333333333333,Q2 (3-8m),2025-10-09 11:42:13+00:00,2025-10-09 11:47:42+00:00,2025-10-09 11:42:00+00:00,27,36562770,27,2025-10-09 11:42:00+00:00,,False,24,1,0,True,36562770,2025-10-09 11:42:13+00:00,0,False,discovery
36640713,Buy,0.02,2025-10-10T19:29:10,2025-10-10T19:33:56,2025-10-10 16:29:10,2025-10-10 16:33:56,3989.25,4.56,2025-10-10 16:29:09.938,3988.765,3989.385,3989.075,0.6200000000003456,-0.062,3989.385,0.1350000000002182,2025-10-10 16:33:55.979,3991.488,3992.105,3991.7965,0.6170000000001892,-0.021,3991.488,2.237999999999829,4.206,5.443,0.354,-0.883,True,True,True,True,True,MATCHED_LE_1_00,4.766666666666667,Q2 (3-8m),2025-10-10 16:29:10+00:00,2025-10-10 16:33:56+00:00,2025-10-10 16:29:00+00:00,28,36640713,28,2025-10-10 16:29:00+00:00,,False,25,1,0,True,36640713,2025-10-10 16:29:10+00:00,0,False,discovery
36682106,Sell,0.01,2025-10-13T15:38:45,2025-10-13T15:44:45,2025-10-13 12:38:45,2025-10-13 12:44:45,4078.64,0.71,2025-10-13 12:38:44.951,4078.685,4079.215,4078.95,0.5300000000002001,-0.049,4078.685,0.0450000000000727,2025-10-13 12:44:45.012,4077.145,4077.805,4077.475,0.6599999999998545,0.012,4077.805,0.8350000000000364,0.88,1.475,-0.17,-0.765,True,True,True,True,True,MATCHED_LE_1_00,6.0,Q2 (3-8m),2025-10-13 12:38:45+00:00,2025-10-13 12:44:45+00:00,2025-10-13 12:38:00+00:00,29,36682106,29,2025-10-13 12:38:00+00:00,,False,26,1,0,True,36682106,2025-10-13 12:38:45+00:00,0,False,discovery
36725889,Sell,0.02,2025-10-14T10:42:54,2025-10-14T10:45:12,2025-10-14 07:42:54,2025-10-14 07:45:12,4122.81,4.94,2025-10-14 07:42:53.972,4122.648,4123.445,4123.0465,0.7969999999995707,-0.028,4122.648,0.1620000000002619,2025-10-14 07:45:12.083,4119.309,4120.352,4119.8305,1.0429999999996653,0.083,4120.352,2.4580000000005384,4.592,6.432,0.348,-1.492,True,True,True,True,True,MATCHED_LE_1_00,2.3,Q1 (0-3m),2025-10-14 07:42:54+00:00,2025-10-14 07:45:12+00:00,2025-10-14 07:42:00+00:00,30,36725889,30,2025-10-14 07:42:00+00:00,,False,27,1,0,True,36725889,2025-10-14 07:42:54+00:00,0,False,discovery
36726171,Sell,0.02,2025-10-14T10:52:46,2025-10-14T10:57:04,2025-10-14 07:52:46,2025-10-14 07:57:04,4126.17,5.0,2025-10-14 07:52:45.896,4125.548,4126.271,4125.9095,0.7229999999999563,-0.104,4125.548,0.6220000000002983,2025-10-14 07:57:03.889,4123.165,4123.841,4123.503000000001,0.6760000000003856,-0.111,4123.841,2.3289999999997235,3.414,4.813,1.586,0.187,False,True,True,True,True,MATCHED_LE_1_00,4.3,Q2 (3-8m),2025-10-14 07:52:46+00:00,2025-10-14 07:57:04+00:00,2025-10-14 07:52:00+00:00,31,36726171,31,2025-10-14 07:52:00+00:00,,False,28,1,0,True,36726171,2025-10-14 07:52:46+00:00,0,False,discovery
36768836,Buy,0.02,2025-10-15T09:35:08,2025-10-15T09:43:05,2025-10-15 06:35:08,2025-10-15 06:43:05,4189.58,7.8,2025-10-15 06:35:08.457,4189.665,4190.275,4189.969999999999,0.6099999999996726,0.457,4190.275,0.694999999999709,2025-10-15 06:43:05.021,4193.675,4194.405,4194.04,0.7299999999995634,0.021,4193.675,4.095000000000255,6.8,8.14,1.0,-0.34,False,True,True,True,True,MATCHED_LE_1_00,7.95,Q3 (8-16m),2025-10-15 06:35:08+00:00,2025-10-15 06:43:05+00:00,2025-10-15 06:35:00+00:00,32,36768836,32,2025-10-15 06:35:00+00:00,,False,29,1,0,True,36768836,2025-10-15 06:35:08+00:00,0,False,discovery
36829765,Sell,0.01,2025-10-16T13:15:47,2025-10-16T13:19:10,2025-10-16 10:15:47,2025-10-16 10:19:10,4240.78,0.45,2025-10-16 10:15:46.980,4240.815,4241.302,4241.058499999999,0.48700000000008,-0.02,4240.815,0.0349999999998544,2025-10-16 10:19:09.838,4239.565,4240.245,4239.905,0.680000000000291,-0.162,4240.245,0.5349999999998545,0.57,1.1535,-0.12,-0.7035,True,True,True,True,True,MATCHED_LE_1_00,3.3833333333333333,Q2 (3-8m),2025-10-16 10:15:47+00:00,2025-10-16 10:19:10+00:00,2025-10-16 10:15:00+00:00,33,36829765,33,2025-10-16 10:15:00+00:00,,False,30,1,0,True,36829765,2025-10-16 10:15:47+00:00,0,False,discovery
36829878,Buy,0.01,2025-10-16T13:23:12,2025-10-16T13:26:10,2025-10-16 10:23:12,2025-10-16 10:26:10,4239.37,-2.92,2025-10-16 10:23:11.715,4239.235,4239.915,4239.575,0.680000000000291,-0.285,4239.915,0.5450000000000728,2025-10-16 10:26:09.779,4236.375,4237.055,4236.715,0.680000000000291,-0.221,4236.375,2.994999999999891,-3.54,-2.86,0.62,-0.06,False,True,True,True,True,MATCHED_LE_1_00,2.966666666666667,Q1 (0-3m),2025-10-16 10:23:12+00:00,2025-10-16 10:26:10+00:00,2025-10-16 10:23:00+00:00,34,36829878,34,2025-10-16 10:23:00+00:00,,False,31,1,0,True,36829878,2025-10-16 10:23:12+00:00,0,False,discovery
36829995,Buy,0.02,2025-10-16T13:29:09,2025-10-16T13:45:40,2025-10-16 10:29:09,2025-10-16 10:45:40,4238.15,3.94,2025-10-16 10:29:08.657,4237.625,4238.295,4237.96,0.6700000000000728,-0.343,4238.295,0.1450000000004365,2025-10-16 10:45:39.860,4240.135,4240.782,4240.458500000001,0.6469999999999345,-0.14,4240.135,1.985000000000582,3.68,4.997,0.26,-1.057,True,True,True,True,True,MATCHED_LE_1_00,16.516666666666666,Q4 (16m+),2025-10-16 10:29:09+00:00,2025-10-16 10:45:40+00:00,2025-10-16 10:29:00+00:00,35,36829995,35,2025-10-16 10:29:00+00:00,,False,32,1,0,True,36829995,2025-10-16 10:29:09+00:00,0,False,discovery
36893509,Buy,0.01,2025-10-17T13:15:10,2025-10-17T13:25:57,2025-10-17 10:15:10,2025-10-17 10:25:57,4338.39,1.94,2025-10-17 10:15:09.900,4337.805,4338.455,4338.13,0.6499999999996362,-0.1,4338.455,0.0649999999995998,2025-10-17 10:25:56.874,4340.398,4340.945,4340.6715,0.5469999999995707,-0.126,4340.398,2.007999999999811,1.943,2.5415,-0.003,-0.6015,True,True,True,True,True,MATCHED_LE_1_00,10.783333333333331,Q3 (8-16m),2025-10-17 10:15:10+00:00,2025-10-17 10:25:57+00:00,2025-10-17 10:15:00+00:00,36,36893509,36,2025-10-17 10:15:00+00:00,,False,33,1,0,True,36893509,2025-10-17 10:15:10+00:00,0,False,discovery
36902372,Sell,0.01,2025-10-17T15:37:18,2025-10-17T15:38:45,2025-10-17 12:37:18,2025-10-17 12:38:45,4310.55,2.84,2025-10-17 12:37:17.959,4310.585,4311.315,4310.95,0.7299999999995634,-0.041,4310.585,0.0349999999998544,2025-10-17 12:38:44.982,4307.009,4307.655,4307.332,0.6459999999997308,-0.018,4307.655,2.895000000000437,2.93,3.618,-0.09,-0.778,True,True,True,True,True,MATCHED_LE_1_00,1.45,Q1 (0-3m),2025-10-17 12:37:18+00:00,2025-10-17 12:38:45+00:00,2025-10-17 12:37:00+00:00,37,36902372,37,2025-10-17 12:37:00+00:00,,False,34,1,0,True,36902372,2025-10-17 12:37:18+00:00,0,False,discovery
36954767,Sell,0.01,2025-10-20T11:47:26,2025-10-20T11:50:17,2025-10-20 08:47:26,2025-10-20 08:50:17,4258.23,3.94,2025-10-20 08:47:26.073,4257.395,4258.065,4257.73,0.6699999999991633,0.073,4257.395,0.8349999999991269,2025-10-20 08:50:17.049,4253.525,4254.105,4253.815,0.5799999999999272,0.049,4254.105,4.125,3.29,3.915,0.65,0.025,False,True,True,True,True,MATCHED_LE_1_00,2.85,Q1 (0-3m),2025-10-20 08:47:26+00:00,2025-10-20 08:50:17+00:00,2025-10-20 08:47:00+00:00,38,36954767,38,2025-10-20 08:47:00+00:00,,False,35,1,0,True,36954767,2025-10-20 08:47:26+00:00,0,False,discovery
36997575,Buy,0.01,2025-10-21T10:23:43,2025-10-21T10:27:18,2025-10-21 07:23:43,2025-10-21 07:27:18,4329.16,-1.96,2025-10-21 07:23:43.139,4328.475,4329.055,4328.765,0.5799999999999272,0.139,4329.055,0.1049999999995634,2025-10-21 07:27:17.989,4327.255,4327.765,4327.51,0.5100000000002183,-0.011,4327.255,1.9049999999997451,-1.8,-1.255,-0.16,-0.705,True,True,True,True,True,MATCHED_LE_1_00,3.583333333333333,Q2 (3-8m),2025-10-21 07:23:43+00:00,2025-10-21 07:27:18+00:00,2025-10-21 07:23:00+00:00,39,36997575,39,2025-10-21 07:23:00+00:00,,False,36,1,0,True,36997575,2025-10-21 07:23:43+00:00,0,False,discovery
36998918,Buy,0.01,2025-10-21T10:42:21,2025-10-21T10:50:26,2025-10-21 07:42:21,2025-10-21 07:50:26,4301.15,4.74,2025-10-21 07:42:20.989,4300.555,4301.205,4300.88,0.6499999999996362,-0.011,4301.205,0.055000000000291,2025-10-21 07:50:25.782,4305.915,4306.565,4306.24,0.6499999999996362,-0.218,4305.915,4.765000000000327,4.71,5.36,0.03,-0.62,True,True,True,True,True,MATCHED_LE_1_00,8.083333333333334,Q3 (8-16m),2025-10-21 07:42:21+00:00,2025-10-21 07:50:26+00:00,2025-10-21 07:42:00+00:00,40,36998918,40,2025-10-21 07:42:00+00:00,,False,37,1,0,True,36998918,2025-10-21 07:42:21+00:00,0,False,discovery
37005647,Sell,0.01,2025-10-21T13:56:35,2025-10-21T14:00:23,2025-10-21 10:56:35,2025-10-21 11:00:23,4258.12,3.73,2025-10-21 10:56:35.358,4257.848,4258.235,4258.041499999999,0.3869999999997162,0.358,4257.848,0.2719999999999345,2025-10-21 11:00:23.123,4253.825,4254.535,4254.18,0.7100000000000364,0.123,4254.535,3.5850000000000364,3.313,3.8615,0.417,-0.1315,True,True,True,True,True,MATCHED_LE_1_00,3.8,Q2 (3-8m),2025-10-21 10:56:35+00:00,2025-10-21 11:00:23+00:00,2025-10-21 10:56:00+00:00,41,37005647,41,2025-10-21 10:56:00+00:00,,False,38,1,0,True,37005647,2025-10-21 10:56:35+00:00,0,False,discovery
37045628,Sell,0.02,2025-10-22T10:02:29,2025-10-22T10:03:56,2025-10-22 07:02:29,2025-10-22 07:03:56,4152.22,6.5,2025-10-22 07:02:29.135,4151.575,4152.165,4151.87,0.5900000000001455,0.135,4151.575,0.6450000000004366,2025-10-22 07:03:55.997,4148.195,4148.845,4148.52,0.6500000000005457,-0.003,4148.845,3.375,5.46,6.7,1.04,-0.2,False,True,True,True,True,MATCHED_LE_1_00,1.45,Q1 (0-3m),2025-10-22 07:02:29+00:00,2025-10-22 07:03:56+00:00,2025-10-22 07:02:00+00:00,42,37045628,42,2025-10-22 07:02:00+00:00,,False,39,1,0,True,37045628,2025-10-22 07:02:29+00:00,0,False,discovery
37082195,Buy,0.02,2025-10-23T08:30:44,2025-10-23T08:32:34,2025-10-23 05:30:44,2025-10-23 05:32:34,4092.12,9.36,2025-10-23 05:30:43.501,4091.595,4092.305,4091.95,0.7100000000000364,-0.499,4092.305,0.1849999999999454,2025-10-23 05:32:33.973,4097.105,4097.815,4097.459999999999,0.7100000000000364,-0.027,4097.105,4.984999999999673,9.6,11.02,-0.24,-1.66,True,True,True,True,True,MATCHED_LE_1_00,1.8333333333333333,Q1 (0-3m),2025-10-23 05:30:44+00:00,2025-10-23 05:32:34+00:00,2025-10-23 05:30:00+00:00,43,37082195,43,2025-10-23 05:30:00+00:00,,False,40,1,0,True,37082195,2025-10-23 05:30:44+00:00,0,False,discovery
37145681,Sell,0.01,2025-10-24T19:34:45,2025-10-24T19:39:41,2025-10-24 16:34:45,2025-10-24 16:39:41,4133.72,4.13,2025-10-24 16:34:45.057,4133.115,4133.695,4133.405,0.5799999999999272,0.057,4133.115,0.6050000000004729,2025-10-24 16:39:41.022,4128.795,4129.375,4129.085,0.5799999999999272,0.022,4129.375,4.345000000000255,3.74,4.32,0.39,-0.19,False,True,True,True,True,MATCHED_LE_1_00,4.933333333333334,Q2 (3-8m),2025-10-24 16:34:45+00:00,2025-10-24 16:39:41+00:00,2025-10-24 16:34:00+00:00,44,37145681,44,2025-10-24 16:34:00+00:00,,False,41,1,0,True,37145681,2025-10-24 16:34:45+00:00,0,False,discovery
37162697,Buy,0.01,2025-10-27T08:13:05,2025-10-27T08:22:54,2025-10-27 06:13:05,2025-10-27 06:22:54,4073.84,4.38,2025-10-27 06:13:05.392,4080.558,4081.215,4080.8865,0.6570000000001528,0.392,4081.215,7.375,2025-10-27 06:22:54.042,4078.945,4079.655,4079.3,0.7100000000000364,0.042,4078.945,5.105000000000018,-2.27,-1.5865,6.65,5.9665,False,False,False,False,False,TOLERANCE_EXCEEDED,9.816666666666666,Q3 (8-16m),2025-10-27 06:13:05+00:00,2025-10-27 06:22:54+00:00,2025-10-27 06:13:00+00:00,45,37162697,45,2025-10-27 06:13:00+00:00,,False,42,1,0,True,37162697,2025-10-27 06:13:05+00:00,0,False,discovery
37217619,Sell,0.01,2025-10-28T12:52:18,2025-10-28T12:55:35,2025-10-28 10:52:18,2025-10-28 10:55:35,3907.0,5.94,2025-10-28 10:52:18.142,3922.125,3922.845,3922.485,0.7199999999997999,0.142,3922.125,15.125,2025-10-28 10:55:35.256,3925.698,3926.385,3926.0415,0.6870000000003529,0.256,3926.385,19.38500000000022,-4.26,-3.5565,10.2,9.4965,False,False,False,False,False,TOLERANCE_EXCEEDED,3.283333333333333,Q2 (3-8m),2025-10-28 10:52:18+00:00,2025-10-28 10:55:35+00:00,2025-10-28 10:52:00+00:00,46,37217619,46,2025-10-28 10:52:00+00:00,,False,43,1,0,True,37217619,2025-10-28 10:52:18+00:00,0,False,discovery
37296835,Buy,0.01,2025-10-30T09:44:53,2025-10-30T09:56:44,2025-10-30 07:44:53,2025-10-30 07:56:44,3965.57,4.42,2025-10-30 07:44:53.751,3961.155,3961.852,3961.5035,0.6969999999996617,0.751,3961.852,3.718000000000302,2025-10-30 07:56:44.105,3959.125,3959.845,3959.485,0.7199999999997999,0.105,3959.125,6.445000000000164,-2.727,-2.0185,7.147,6.4385,False,False,False,False,True,TOLERANCE_EXCEEDED,11.85,Q3 (8-16m),2025-10-30 07:44:53+00:00,2025-10-30 07:56:44+00:00,2025-10-30 07:44:00+00:00,47,37296835,47,2025-10-30 07:44:00+00:00,,False,44,1,0,True,37296835,2025-10-30 07:44:53+00:00,0,False,discovery
37386001,Buy,0.01,2025-11-03T18:38:37,2025-11-03T18:49:46,2025-11-03 16:38:37,2025-11-03 16:49:46,3998.58,9.65,2025-11-03 16:38:36.971,4001.165,4001.912,4001.5385,0.7469999999998436,-0.029,4001.912,3.33199999999988,2025-11-03 16:49:45.960,4008.405,4009.082,4008.7435,0.6769999999996799,-0.04,4008.405,9.825000000000273,6.493,7.205,3.157,2.445,False,False,False,False,True,TOLERANCE_EXCEEDED,11.15,Q3 (8-16m),2025-11-03 16:38:37+00:00,2025-11-03 16:49:46+00:00,2025-11-03 16:38:00+00:00,48,37386001,48,2025-11-03 16:38:00+00:00,,False,45,1,0,True,37386001,2025-11-03 16:38:37+00:00,0,False,discovery
37400976,Sell,0.01,2025-11-04T10:09:22,2025-11-04T10:17:55,2025-11-04 08:09:22,2025-11-04 08:17:55,3998.11,3.88,2025-11-04 08:09:22.222,3998.065,3998.585,3998.325,0.5199999999999818,0.222,3998.065,0.0450000000000727,2025-11-04 08:17:54.891,3993.565,3994.045,3993.805,0.4800000000000182,-0.109,3994.045,4.065000000000055,4.02,4.52,-0.14,-0.64,True,True,True,True,True,MATCHED_LE_1_00,8.55,Q3 (8-16m),2025-11-04 08:09:22+00:00,2025-11-04 08:17:55+00:00,2025-11-04 08:09:00+00:00,49,37400976,49,2025-11-04 08:09:00+00:00,,False,46,1,0,True,37400976,2025-11-04 08:09:22+00:00,0,False,discovery
37442389,Buy,0.01,2025-11-05T09:55:47,2025-11-05T10:02:35,2025-11-05 07:55:47,2025-11-05 08:02:35,3969.56,5.37,2025-11-05 07:55:46.714,3969.955,3970.595,3970.275,0.6399999999998727,-0.286,3970.595,1.0349999999998545,2025-11-05 08:02:34.978,3974.895,3975.475,3975.185,0.5799999999999272,-0.022,3974.895,5.335000000000036,4.3,4.91,1.07,0.46,False,False,True,True,True,MATCHED_LE_3_00,6.8,Q2 (3-8m),2025-11-05 07:55:47+00:00,2025-11-05 08:02:35+00:00,2025-11-05 07:55:00+00:00,50,37442389,50,2025-11-05 07:55:00+00:00,,False,47,1,0,True,37442389,2025-11-05 07:55:47+00:00,0,False,discovery
37477144,Buy,0.01,2025-11-06T12:42:44,2025-11-06T14:18:29,2025-11-06 10:42:44,2025-11-06 12:18:29,4006.89,7.23,2025-11-06 10:42:44.046,4006.985,4007.702,4007.3435,0.7170000000000982,0.046,4007.702,0.8120000000003529,2025-11-06 12:18:29.165,4014.088,4014.705,4014.3965,0.6169999999997344,0.165,4014.088,7.19800000000032,6.386,7.053,0.844,0.177,False,True,True,True,True,MATCHED_LE_1_00,95.75,Q4 (16m+),2025-11-06 10:42:44+00:00,2025-11-06 12:18:29+00:00,2025-11-06 10:42:00+00:00,51,37477144,51,2025-11-06 10:42:00+00:00,,False,48,1,0,True,37477144,2025-11-06 10:42:44+00:00,0,False,discovery
37507379,Sell,0.01,2025-11-07T11:18:04,2025-11-07T12:42:21,2025-11-07 09:18:04,2025-11-07 10:42:21,4013.03,7.19,2025-11-07 09:18:03.873,4013.355,4013.875,4013.615,0.5199999999999818,-0.127,4013.355,0.3249999999998181,2025-11-07 10:42:21.240,4005.155,4005.705,4005.43,0.5499999999997272,0.24,4005.705,7.325000000000273,7.65,8.185,-0.46,-0.995,True,True,True,True,True,MATCHED_LE_1_00,84.28333333333333,Q4 (16m+),2025-11-07 09:18:04+00:00,2025-11-07 10:42:21+00:00,2025-11-07 09:18:00+00:00,52,37507379,52,2025-11-07 09:18:00+00:00,,False,49,1,0,True,37507379,2025-11-07 09:18:04+00:00,0,False,discovery
37542639,Sell,0.01,2025-11-10T10:42:17,2025-11-10T10:58:53,2025-11-10 08:42:17,2025-11-10 08:58:53,4082.62,0.64,2025-11-10 08:42:16.825,4082.965,4083.485,4083.225,0.5199999999999818,-0.175,4082.965,0.3450000000002546,2025-11-10 08:58:53.066,4081.065,4081.545,4081.305,0.4800000000000182,0.066,4081.545,1.074999999999818,1.42,1.92,-0.78,-1.28,True,True,True,True,True,MATCHED_LE_1_00,16.6,Q4 (16m+),2025-11-10 08:42:17+00:00,2025-11-10 08:58:53+00:00,2025-11-10 08:42:00+00:00,53,37542639,53,2025-11-10 08:42:00+00:00,,False,50,1,0,True,37542639,2025-11-10 08:42:17+00:00,0,False,discovery
37542995,Buy,0.01,2025-11-10T11:00:16,2025-11-10T11:05:07,2025-11-10 09:00:16,2025-11-10 09:05:07,4082.44,-5.33,2025-11-10 09:00:16.014,4082.515,4083.055,4082.785,0.5399999999999636,0.014,4083.055,0.6149999999997817,2025-11-10 09:05:07.214,4077.215,4077.735,4077.475,0.5199999999999818,0.214,4077.215,5.224999999999909,-5.84,-5.31,0.51,-0.02,False,True,True,True,True,MATCHED_LE_1_00,4.85,Q2 (3-8m),2025-11-10 09:00:16+00:00,2025-11-10 09:05:07+00:00,2025-11-10 09:00:00+00:00,54,37542995,54,2025-11-10 09:00:00+00:00,,False,51,1,0,True,37542995,2025-11-10 09:00:16+00:00,0,False,discovery
37543683,Buy,0.02,2025-11-10T11:22:51,2025-11-10T11:35:47,2025-11-10 09:22:51,2025-11-10 09:35:47,4076.89,11.96,2025-11-10 09:22:51.006,4076.795,4077.325,4077.06,0.5299999999997453,0.006,4077.325,0.4349999999999454,2025-11-10 09:35:47.009,4082.935,4083.525,4083.23,0.5900000000001455,0.009,4082.935,6.045000000000073,11.22,12.34,0.74,-0.38,True,True,True,True,True,MATCHED_LE_1_00,12.933333333333334,Q3 (8-16m),2025-11-10 09:22:51+00:00,2025-11-10 09:35:47+00:00,2025-11-10 09:22:00+00:00,55,37543683,55,2025-11-10 09:22:00+00:00,,False,52,1,0,True,37543683,2025-11-10 09:22:51+00:00,0,False,discovery
37610153,Buy,0.01,2025-11-12T10:19:02,2025-11-12T11:06:47,2025-11-12 08:19:02,2025-11-12 09:06:47,4121.1,9.18,2025-11-12 08:19:01.952,4120.885,4121.401,4121.143,0.5159999999996217,-0.048,4121.401,0.3009999999994761,2025-11-12 09:06:46.916,4130.435,4130.905,4130.67,0.4699999999993451,-0.084,4130.435,9.335000000000036,9.034,9.527,0.146,-0.347,True,True,True,True,True,MATCHED_LE_1_00,47.75,Q4 (16m+),2025-11-12 08:19:02+00:00,2025-11-12 09:06:47+00:00,2025-11-12 08:19:00+00:00,56,37610153,56,2025-11-12 08:19:00+00:00,,False,53,1,0,True,37610153,2025-11-12 08:19:02+00:00,0,False,discovery
37701576,Sell,0.01,2025-11-14T11:12:06,2025-11-14T12:22:58,2025-11-14 09:12:06,2025-11-14 10:22:58,4180.12,11.72,2025-11-14 09:12:06.011,4179.115,4179.675,4179.395,0.5600000000004002,0.011,4179.115,1.0050000000001091,2025-11-14 09:59:59.046,4169.145,4169.765,4169.455,0.6199999999998909,-1378.954,4169.765,10.354999999999563,9.35,9.94,2.37,1.78,False,False,True,True,True,MATCHED_LE_3_00,70.86666666666666,Q4 (16m+),2025-11-14 09:12:06+00:00,2025-11-14 10:22:58+00:00,2025-11-14 09:12:00+00:00,57,37701576,57,2025-11-14 09:12:00+00:00,,False,54,1,0,True,37701576,2025-11-14 09:12:06+00:00,0,False,discovery
37748984,Buy,0.01,2025-11-17T09:17:27,2025-11-17T09:42:30,2025-11-17 07:17:27,2025-11-17 07:42:30,4074.19,7.16,2025-11-17 07:17:26.941,4073.675,4074.225,4073.95,0.5499999999997272,-0.059,4074.225,0.0349999999998544,2025-11-17 07:42:29.625,4081.385,4081.925,4081.655,0.5399999999999636,-0.375,4081.385,7.195000000000164,7.16,7.705,-0.0,-0.545,True,True,True,True,True,MATCHED_LE_1_00,25.05,Q4 (16m+),2025-11-17 07:17:27+00:00,2025-11-17 07:42:30+00:00,2025-11-17 07:17:00+00:00,58,37748984,58,2025-11-17 07:17:00+00:00,,False,55,1,0,True,37748984,2025-11-17 07:17:27+00:00,0,False,discovery
37791981,Sell,0.01,2025-11-18T08:48:04,2025-11-18T09:11:45,2025-11-18 06:48:04,2025-11-18 07:11:45,4014.84,8.85,2025-11-18 06:48:03.641,4014.625,4015.265,4014.945,0.6399999999998727,-0.359,4014.625,0.2150000000001455,2025-11-18 07:11:45.023,4005.245,4005.755,4005.5,0.5100000000002183,0.023,4005.755,9.085000000000036,8.87,9.445,-0.02,-0.595,True,True,True,True,True,MATCHED_LE_1_00,23.683333333333334,Q4 (16m+),2025-11-18 06:48:04+00:00,2025-11-18 07:11:45+00:00,2025-11-18 06:48:00+00:00,59,37791981,59,2025-11-18 06:48:00+00:00,,False,56,1,0,True,37791981,2025-11-18 06:48:04+00:00,0,False,discovery
37836776,Sell,0.01,2025-11-19T12:12:16,2025-11-19T12:17:16,2025-11-19 10:12:16,2025-11-19 10:17:16,4110.56,-5.43,2025-11-19 10:12:16.018,4110.025,4110.535,4110.28,0.5100000000002183,0.018,4110.025,0.535000000000764,2025-11-19 10:17:16.231,4115.495,4116.015,4115.755,0.5200000000004366,0.231,4116.015,5.454999999999927,-5.99,-5.475,0.56,0.045,False,True,True,True,True,MATCHED_LE_1_00,5.0,Q2 (3-8m),2025-11-19 10:12:16+00:00,2025-11-19 10:17:16+00:00,2025-11-19 10:12:00+00:00,60,37836776,60,2025-11-19 10:12:00+00:00,,False,57,1,0,True,37836776,2025-11-19 10:12:16+00:00,0,False,discovery
37874673,Sell,0.02,2025-11-20T08:09:10,2025-11-20T08:39:54,2025-11-20 06:09:10,2025-11-20 06:39:54,4076.1,14.9,2025-11-20 06:09:10.156,4076.025,4076.635,4076.33,0.6100000000001273,0.156,4076.025,0.0749999999998181,2025-11-20 06:39:54.126,4068.295,4068.875,4068.585,0.5799999999999272,0.126,4068.875,7.224999999999909,14.3,15.49,0.6,-0.59,True,True,True,True,True,MATCHED_LE_1_00,30.73333333333333,Q4 (16m+),2025-11-20 06:09:10+00:00,2025-11-20 06:39:54+00:00,2025-11-20 06:09:00+00:00,61,37874673,61,2025-11-20 06:09:00+00:00,,False,58,1,0,True,37874673,2025-11-20 06:09:10+00:00,0,False,discovery
37928869,Sell,0.01,2025-11-21T13:14:11,2025-11-21T13:50:20,2025-11-21 11:14:11,2025-11-21 11:50:20,4041.78,7.85,2025-11-21 11:14:10.848,4041.075,4041.845,4041.46,0.7699999999999818,-0.152,4041.075,0.705000000000382,2025-11-21 11:50:19.538,4033.245,4033.975,4033.61,0.7300000000000182,-0.462,4033.975,7.805000000000291,7.1,7.85,0.75,-0.0,False,True,True,True,True,MATCHED_LE_1_00,36.15,Q4 (16m+),2025-11-21 11:14:11+00:00,2025-11-21 11:50:20+00:00,2025-11-21 11:14:00+00:00,62,37928869,62,2025-11-21 11:14:00+00:00,,False,59,1,0,True,37928869,2025-11-21 11:14:11+00:00,0,False,discovery
37964561,Buy,0.01,2025-11-24T13:01:04,2025-11-24T13:45:39,2025-11-24 11:01:04,2025-11-24 11:45:39,4063.89,6.3,2025-11-24 11:01:03.465,4063.815,4064.565,4064.19,0.75,-0.535,4064.565,0.6750000000001819,2025-11-24 11:45:38.870,4070.255,4070.885,4070.57,0.6300000000001091,-0.13,4070.255,6.3650000000002365,5.69,6.38,0.61,-0.08,False,True,True,True,True,MATCHED_LE_1_00,44.583333333333336,Q4 (16m+),2025-11-24 11:01:04+00:00,2025-11-24 11:45:39+00:00,2025-11-24 11:01:00+00:00,63,37964561,63,2025-11-24 11:01:00+00:00,,False,60,1,0,True,37964561,2025-11-24 11:01:04+00:00,0,False,discovery
38045554,Buy,0.01,2025-11-26T09:36:48,2025-11-26T10:38:07,2025-11-26 07:36:48,2025-11-26 08:38:07,4153.89,11.02,2025-11-26 07:36:48.022,4154.035,4154.785,4154.41,0.75,0.022,4154.785,0.8949999999995271,2025-11-26 08:38:06.697,4165.085,4165.785,4165.435,0.6999999999998181,-0.303,4165.085,11.194999999999707,10.3,11.025,0.72,-0.005,False,True,True,True,True,MATCHED_LE_1_00,61.31666666666667,Q4 (16m+),2025-11-26 07:36:48+00:00,2025-11-26 08:38:07+00:00,2025-11-26 07:36:00+00:00,64,38045554,64,2025-11-26 07:36:00+00:00,,False,61,1,0,True,38045554,2025-11-26 07:36:48+00:00,0,False,discovery
38119105,Sell,0.01,2025-11-27T08:09:07,2025-11-27T08:23:12,2025-11-27 06:09:07,2025-11-27 06:23:12,4150.92,-4.83,2025-11-27 06:09:06.823,4150.155,4150.765,4150.46,0.6100000000005821,-0.177,4150.155,0.7650000000003274,2025-11-27 06:23:12.119,4155.015,4155.435,4155.225,0.4200000000000727,0.119,4155.435,4.515000000000327,-5.28,-4.765,0.45,-0.065,False,True,True,True,True,MATCHED_LE_1_00,14.083333333333334,Q3 (8-16m),2025-11-27 06:09:07+00:00,2025-11-27 06:23:12+00:00,2025-11-27 06:09:00+00:00,65,38119105,65,2025-11-27 06:09:00+00:00,,False,62,1,0,True,38119105,2025-11-27 06:09:07+00:00,0,False,discovery
38122859,Sell,0.01,2025-11-27T11:02:26,2025-11-27T11:27:19,2025-11-27 09:02:26,2025-11-27 09:27:19,4160.74,7.41,2025-11-27 09:02:25.969,4161.255,4161.775,4161.514999999999,0.5199999999995271,-0.031,4161.255,0.5150000000003274,2025-11-27 09:27:19.373,4152.645,4153.155,4152.9,0.5099999999993088,0.373,4153.155,7.585000000000036,8.1,8.615,-0.69,-1.205,False,True,True,True,True,MATCHED_LE_1_00,24.883333333333333,Q4 (16m+),2025-11-27 09:02:26+00:00,2025-11-27 09:27:19+00:00,2025-11-27 09:02:00+00:00,66,38122859,66,2025-11-27 09:02:00+00:00,,False,63,1,0,True,38122859,2025-11-27 09:02:26+00:00,0,False,discovery
38185142,Sell,0.02,2025-12-01T12:14:10,2025-12-01T12:50:55,2025-12-01 10:14:10,2025-12-01 10:50:55,4260.23,12.08,2025-12-01 10:14:09.988,4260.545,4261.295,4260.92,0.75,-0.012,4260.545,0.3150000000005093,2025-12-01 10:50:55.061,4253.565,4254.315,4253.94,0.75,0.061,4254.315,5.914999999999964,12.46,13.96,-0.38,-1.88,True,True,True,True,True,MATCHED_LE_1_00,36.75,Q4 (16m+),2025-12-01 10:14:10+00:00,2025-12-01 10:50:55+00:00,2025-12-01 10:14:00+00:00,67,38185142,67,2025-12-01 10:14:00+00:00,,False,64,1,0,True,38185142,2025-12-01 10:14:10+00:00,0,False,discovery
38220734,Sell,0.01,2025-12-02T11:32:10,2025-12-02T12:33:12,2025-12-02 09:32:10,2025-12-02 10:33:12,4192.78,6.06,2025-12-02 09:32:10.110,4194.205,4194.785,4194.495,0.5799999999999272,0.11,4194.205,1.425000000000182,2025-12-02 10:33:12.292,4186.145,4186.715,4186.43,0.569999999999709,0.292,4186.715,6.0649999999996,7.49,8.065,-1.43,-2.005,False,False,True,True,True,MATCHED_LE_3_00,61.03333333333333,Q4 (16m+),2025-12-02 09:32:10+00:00,2025-12-02 10:33:12+00:00,2025-12-02 09:32:00+00:00,68,38220734,68,2025-12-02 09:32:00+00:00,,False,65,1,0,True,38220734,2025-12-02 09:32:10+00:00,0,False,discovery
38258178,Buy,0.01,2025-12-03T09:33:51,2025-12-03T10:10:41,2025-12-03 07:33:51,2025-12-03 08:10:41,4201.92,5.08,2025-12-03 07:33:50.546,4201.905,4202.475,4202.1900000000005,0.5700000000006185,-0.454,4202.475,0.555000000000291,2025-12-03 08:10:40.999,4207.225,4207.795,4207.51,0.569999999999709,-0.001,4207.225,5.305000000000291,4.75,5.32,0.33,-0.24,False,True,True,True,True,MATCHED_LE_1_00,36.833333333333336,Q4 (16m+),2025-12-03 07:33:51+00:00,2025-12-03 08:10:41+00:00,2025-12-03 07:33:00+00:00,69,38258178,69,2025-12-03 07:33:00+00:00,,False,66,1,0,True,38258178,2025-12-03 07:33:51+00:00,0,False,discovery
38293895,Sell,0.02,2025-12-04T13:18:01,2025-12-04T14:08:08,2025-12-04 11:18:01,2025-12-04 12:08:08,4202.96,9.8,2025-12-04 11:18:01.030,4203.085,4203.655,4203.37,0.569999999999709,0.03,4203.085,0.125,2025-12-04 12:08:08.458,4197.395,4197.992,4197.6935,0.5969999999997526,0.458,4197.992,4.967999999999847,10.186,11.353,-0.386,-1.553,True,True,True,True,True,MATCHED_LE_1_00,50.11666666666667,Q4 (16m+),2025-12-04 11:18:01+00:00,2025-12-04 12:08:08+00:00,2025-12-04 11:18:00+00:00,70,38293895,70,2025-12-04 11:18:00+00:00,,False,67,1,0,True,38293895,2025-12-04 11:18:01+00:00,0,False,discovery
38327555,Buy,0.02,2025-12-05T15:06:32,2025-12-05T15:24:10,2025-12-05 13:06:32,2025-12-05 13:24:10,4221.93,12.08,2025-12-05 13:06:31.989,4222.865,4223.405,4223.135,0.5399999999999636,-0.011,4223.405,1.4749999999994543,2025-12-05 13:24:10.147,4228.075,4228.605,4228.34,0.5299999999997453,0.147,4228.075,6.144999999999527,9.34,10.41,2.74,1.67,False,False,True,True,True,MATCHED_LE_3_00,17.633333333333333,Q4 (16m+),2025-12-05 13:06:32+00:00,2025-12-05 13:24:10+00:00,2025-12-05 13:06:00+00:00,71,38327555,71,2025-12-05 13:06:00+00:00,,False,68,1,0,True,38327555,2025-12-05 13:06:32+00:00,0,False,discovery
38381092,Sell,0.01,2025-12-08T16:57:55,2025-12-08T20:23:42,2025-12-08 14:57:55,2025-12-08 18:23:42,4205.31,16.3,2025-12-08 14:57:55.010,4202.385,4202.965,4202.675,0.5799999999999272,0.01,4202.385,2.925000000000182,2025-12-08 18:23:41.956,4188.435,4188.945,4188.6900000000005,0.5099999999993088,-0.044,4188.945,16.36500000000069,13.44,13.985,2.86,2.315,False,False,False,True,True,MATCHED_LE_3_00,205.78333333333333,Q4 (16m+),2025-12-08 14:57:55+00:00,2025-12-08 18:23:42+00:00,2025-12-08 14:57:00+00:00,72,38381092,72,2025-12-08 14:57:00+00:00,,False,69,1,0,True,38381092,2025-12-08 14:57:55+00:00,0,False,discovery
38394143,Buy,0.01,2025-12-09T10:35:42,2025-12-09T10:55:45,2025-12-09 08:35:42,2025-12-09 08:55:45,4185.67,4.76,2025-12-09 08:35:42.485,4187.535,4188.105,4187.82,0.569999999999709,0.485,4188.105,2.4349999999994907,2025-12-09 08:55:44.882,4190.575,4191.085,4190.83,0.5100000000002183,-0.118,4190.575,4.904999999999745,2.47,3.01,2.29,1.75,False,False,False,True,True,MATCHED_LE_3_00,20.05,Q4 (16m+),2025-12-09 08:35:42+00:00,2025-12-09 08:55:45+00:00,2025-12-09 08:35:00+00:00,73,38394143,73,2025-12-09 08:35:00+00:00,,False,70,1,0,True,38394143,2025-12-09 08:35:42+00:00,0,False,discovery
38422656,Buy,0.01,2025-12-09T20:33:05,2025-12-09T21:05:09,2025-12-09 18:33:05,2025-12-09 19:05:09,4204.34,6.64,2025-12-09 18:33:05.510,4206.485,4206.965,4206.725,0.4800000000004729,0.51,4206.965,2.625,2025-12-09 19:05:09.119,4211.185,4211.705,4211.445,0.5199999999995271,0.119,4211.185,6.845000000000255,4.22,4.72,2.42,1.92,False,False,False,True,True,MATCHED_LE_3_00,32.06666666666667,Q4 (16m+),2025-12-09 18:33:05+00:00,2025-12-09 19:05:09+00:00,2025-12-09 18:33:00+00:00,74,38422656,74,2025-12-09 18:33:00+00:00,,False,71,1,0,True,38422656,2025-12-09 18:33:05+00:00,0,False,discovery
38441014,Buy,0.01,2025-12-10T12:33:15,2025-12-10T13:38:15,2025-12-10 10:33:15,2025-12-10 11:38:15,4189.26,7.08,2025-12-10 09:59:59.944,4194.145,4194.715,4194.43,0.569999999999709,-1995.056,4194.715,5.454999999999927,2025-12-10 11:38:14.338,4196.405,4196.965,4196.685,0.5600000000004002,-0.662,4196.405,7.144999999999527,1.69,2.255,5.39,4.825,False,False,False,False,False,TOLERANCE_EXCEEDED,65.0,Q4 (16m+),2025-12-10 10:33:15+00:00,2025-12-10 11:38:15+00:00,2025-12-10 10:33:00+00:00,75,38441014,75,2025-12-10 10:33:00+00:00,,False,72,1,0,True,38441014,2025-12-10 10:33:15+00:00,0,False,discovery
38443239,Sell,0.01,2025-12-10T14:17:30,2025-12-10T14:40:38,2025-12-10 12:17:30,2025-12-10 12:40:38,4200.58,3.25,2025-12-10 12:17:30.357,4199.845,4200.365,4200.105,0.5199999999995271,0.357,4199.845,0.7349999999996726,2025-12-10 12:40:38.603,4196.558,4197.155,4196.8565,0.5969999999997526,0.603,4197.155,3.425000000000182,2.69,3.2485,0.56,0.0015,False,True,True,True,True,MATCHED_LE_1_00,23.133333333333333,Q4 (16m+),2025-12-10 12:17:30+00:00,2025-12-10 12:40:38+00:00,2025-12-10 12:17:00+00:00,76,38443239,76,2025-12-10 12:17:00+00:00,,False,73,1,0,True,38443239,2025-12-10 12:17:30+00:00,0,False,discovery
38448404,Buy,0.01,2025-12-10T16:17:48,2025-12-10T16:26:36,2025-12-10 14:17:48,2025-12-10 14:26:36,4204.15,-4.86,2025-12-10 14:17:47.963,4204.495,4205.025,4204.76,0.5299999999997453,-0.037,4205.025,0.875,2025-12-10 14:26:35.654,4199.385,4199.945,4199.665,0.5599999999994907,-0.346,4199.385,4.764999999999418,-5.64,-5.095,0.78,0.235,False,True,True,True,True,MATCHED_LE_1_00,8.8,Q3 (8-16m),2025-12-10 14:17:48+00:00,2025-12-10 14:26:36+00:00,2025-12-10 14:17:00+00:00,77,38448404,77,2025-12-10 14:17:00+00:00,,False,74,1,0,True,38448404,2025-12-10 14:17:48+00:00,0,False,discovery
38449900,Sell,0.01,2025-12-10T16:31:07,2025-12-10T16:38:36,2025-12-10 14:31:07,2025-12-10 14:38:36,4198.23,2.91,2025-12-10 14:31:06.949,4195.595,4196.155,4195.875,0.5599999999994907,-0.051,4195.595,2.634999999999309,2025-12-10 14:38:36.149,4194.605,4195.225,4194.915,0.6200000000008004,0.149,4195.225,3.0049999999992,0.37,0.96,2.54,1.95,False,False,False,True,True,MATCHED_LE_3_00,7.483333333333333,Q2 (3-8m),2025-12-10 14:31:07+00:00,2025-12-10 14:38:36+00:00,2025-12-10 14:31:00+00:00,78,38449900,78,2025-12-10 14:31:00+00:00,,False,75,1,0,True,38449900,2025-12-10 14:31:07+00:00,0,False,discovery
38487563,Buy,0.01,2025-12-11T09:32:30,2025-12-11T09:46:12,2025-12-11 07:32:30,2025-12-11 07:46:12,4211.49,5.6,2025-12-11 07:32:29.594,4211.375,4211.895,4211.635,0.5200000000004366,-0.406,4211.895,0.4050000000006548,2025-12-11 07:46:12.196,4217.235,4217.815,4217.525,0.5799999999999272,0.196,4217.235,5.744999999999891,5.34,5.89,0.26,-0.29,True,True,True,True,True,MATCHED_LE_1_00,13.7,Q3 (8-16m),2025-12-11 07:32:30+00:00,2025-12-11 07:46:12+00:00,2025-12-11 07:32:00+00:00,79,38487563,79,2025-12-11 07:32:00+00:00,,False,76,1,0,True,38487563,2025-12-11 07:32:30+00:00,0,False,discovery
38492680,Buy,0.01,2025-12-11T13:09:27,2025-12-11T14:10:24,2025-12-11 11:09:27,2025-12-11 12:10:24,4217.4,-4.86,2025-12-11 11:09:27.604,4217.465,4217.975,4217.72,0.5100000000002183,0.604,4217.975,0.5750000000007276,2025-12-11 12:10:24.484,4212.645,4213.175,4212.91,0.5299999999997453,0.484,4212.645,4.7549999999992,-5.33,-4.81,0.47,-0.05,False,True,True,True,True,MATCHED_LE_1_00,60.95,Q4 (16m+),2025-12-11 11:09:27+00:00,2025-12-11 12:10:24+00:00,2025-12-11 11:09:00+00:00,80,38492680,80,2025-12-11 11:09:00+00:00,,False,77,1,0,True,38492680,2025-12-11 11:09:27+00:00,0,False,discovery
38528027,Sell,0.01,2025-12-12T11:25:01,2025-12-12T11:41:40,2025-12-12 09:25:01,2025-12-12 09:41:40,4317.51,6.41,2025-12-12 09:25:00.926,4317.005,4317.565,4317.285,0.5599999999994907,-0.074,4317.005,0.5050000000001091,2025-12-12 09:41:40.050,4310.155,4310.915,4310.535,0.7600000000002183,0.05,4310.915,6.595000000000255,6.09,6.75,0.32,-0.34,False,True,True,True,True,MATCHED_LE_1_00,16.65,Q4 (16m+),2025-12-12 09:25:01+00:00,2025-12-12 09:41:40+00:00,2025-12-12 09:25:00+00:00,81,38528027,81,2025-12-12 09:25:00+00:00,,False,78,1,0,True,38528027,2025-12-12 09:25:01+00:00,0,False,discovery
38568721,Sell,0.01,2025-12-15T12:29:18,2025-12-15T13:48:59,2025-12-15 10:29:18,2025-12-15 11:48:59,4347.89,4.8,2025-12-15 10:29:17.965,4346.815,4347.355,4347.084999999999,0.5399999999999636,-0.035,4346.815,1.0750000000007276,2025-12-15 11:48:58.902,4342.445,4343.045,4342.745,0.6000000000003638,-0.098,4343.045,4.845000000000255,3.77,4.34,1.03,0.46,False,False,True,True,True,MATCHED_LE_3_00,79.68333333333334,Q4 (16m+),2025-12-15 10:29:18+00:00,2025-12-15 11:48:59+00:00,2025-12-15 10:29:00+00:00,82,38568721,82,2025-12-15 10:29:00+00:00,,False,79,1,0,True,38568721,2025-12-15 10:29:18+00:00,0,False,discovery
38570537,Sell,0.01,2025-12-15T15:00:14,2025-12-15T15:09:11,2025-12-15 13:00:14,2025-12-15 13:09:11,4345.38,5.46,2025-12-15 13:00:14.136,4344.895,4345.495,4345.195,0.5999999999994543,0.136,4344.895,0.4849999999996726,2025-12-15 13:09:11.011,4339.245,4339.785,4339.514999999999,0.5399999999999636,0.011,4339.785,5.595000000000255,5.11,5.68,0.35,-0.22,True,True,True,True,True,MATCHED_LE_1_00,8.95,Q3 (8-16m),2025-12-15 13:00:14+00:00,2025-12-15 13:09:11+00:00,2025-12-15 13:00:00+00:00,83,38570537,83,2025-12-15 13:00:00+00:00,,False,80,1,0,True,38570537,2025-12-15 13:00:14+00:00,0,False,discovery
38612361,Sell,0.01,2025-12-16T08:41:45,2025-12-16T11:42:27,2025-12-16 06:41:45,2025-12-16 09:42:27,4291.03,9.02,2025-12-16 06:41:44.970,4290.315,4290.915,4290.615,0.6000000000003638,-0.03,4290.315,0.7150000000001455,2025-12-16 09:42:26.995,4281.365,4281.885,4281.625,0.5200000000004366,-0.005,4281.885,9.144999999999529,8.43,8.99,0.59,0.03,False,True,True,True,True,MATCHED_LE_1_00,180.7,Q4 (16m+),2025-12-16 06:41:45+00:00,2025-12-16 09:42:27+00:00,2025-12-16 06:41:00+00:00,84,38612361,84,2025-12-16 06:41:00+00:00,,False,81,1,0,True,38612361,2025-12-16 06:41:45+00:00,0,False,discovery
38648802,Buy,0.01,2025-12-17T08:21:41,2025-12-17T08:46:28,2025-12-17 06:21:41,2025-12-17 06:46:28,4333.67,-3.99,2025-12-17 06:21:40.688,4331.415,4332.065,4331.74,0.6499999999996362,-0.312,4332.065,1.605000000000473,2025-12-17 06:46:28.230,4329.905,4330.435,4330.17,0.5300000000006548,0.23,4329.905,3.765000000000328,-2.16,-1.57,-1.83,-2.42,False,False,True,True,True,MATCHED_LE_3_00,24.78333333333333,Q4 (16m+),2025-12-17 06:21:41+00:00,2025-12-17 06:46:28+00:00,2025-12-17 06:21:00+00:00,85,38648802,85,2025-12-17 06:21:00+00:00,,False,82,1,0,True,38648802,2025-12-17 06:21:41+00:00,0,False,discovery
38650723,Sell,0.01,2025-12-17T09:38:06,2025-12-17T10:30:10,2025-12-17 07:38:06,2025-12-17 08:30:10,4322.06,5.6,2025-12-17 07:38:04.943,4323.055,4323.615,4323.335,0.5599999999994907,-1.057,4323.055,0.9949999999998907,2025-12-17 07:59:59.957,4317.715,4318.265,4317.99,0.5500000000001819,-1810.043,4318.265,3.7950000000000728,4.79,5.345,0.81,0.255,False,True,True,True,True,MATCHED_LE_1_00,52.06666666666667,Q4 (16m+),2025-12-17 07:38:06+00:00,2025-12-17 08:30:10+00:00,2025-12-17 07:38:00+00:00,86,38650723,86,2025-12-17 07:38:00+00:00,,False,83,1,0,True,38650723,2025-12-17 07:38:06+00:00,0,False,discovery
38683859,Buy,0.01,2025-12-18T08:05:45,2025-12-18T08:17:14,2025-12-18 06:05:45,2025-12-18 06:17:14,4330.83,3.31,2025-12-18 06:05:44.835,4331.775,4332.385,4332.08,0.6100000000005821,-0.165,4332.385,1.555000000000291,2025-12-18 06:17:13.995,4334.215,4334.865,4334.54,0.6499999999996362,-0.005,4334.215,3.3850000000002183,1.83,2.46,1.48,0.85,False,False,True,True,True,MATCHED_LE_3_00,11.483333333333333,Q3 (8-16m),2025-12-18 06:05:45+00:00,2025-12-18 06:17:14+00:00,2025-12-18 06:05:00+00:00,87,38683859,87,2025-12-18 06:05:00+00:00,,False,84,1,0,True,38683859,2025-12-18 06:05:45+00:00,0,False,discovery
38686016,Sell,0.01,2025-12-18T10:02:33,2025-12-18T11:36:35,2025-12-18 08:02:33,2025-12-18 09:36:35,4330.21,5.46,2025-12-18 08:02:32.823,4329.805,4330.385,4330.095,0.5799999999999272,-0.177,4329.805,0.4049999999997453,2025-12-18 09:36:35.009,4323.865,4324.455,4324.16,0.5900000000001455,0.009,4324.455,5.755000000000109,5.35,5.935,0.11,-0.475,True,True,True,True,True,MATCHED_LE_1_00,94.03333333333332,Q4 (16m+),2025-12-18 08:02:33+00:00,2025-12-18 09:36:35+00:00,2025-12-18 08:02:00+00:00,88,38686016,88,2025-12-18 08:02:00+00:00,,False,85,1,0,True,38686016,2025-12-18 08:02:33+00:00,0,False,discovery
38720385,Buy,0.01,2025-12-19T10:43:53,2025-12-19T11:18:47,2025-12-19 08:43:53,2025-12-19 09:18:47,4329.57,-3.16,2025-12-19 08:43:53.302,4329.048,4329.725,4329.3865000000005,0.6770000000005894,0.302,4329.725,0.1550000000006548,2025-12-19 09:18:46.818,4326.515,4327.075,4326.795,0.5599999999994907,-0.182,4326.515,3.054999999999381,-3.21,-2.5915,0.05,-0.5685,True,True,True,True,True,MATCHED_LE_1_00,34.9,Q4 (16m+),2025-12-19 08:43:53+00:00,2025-12-19 09:18:47+00:00,2025-12-19 08:43:00+00:00,89,38720385,89,2025-12-19 08:43:00+00:00,,False,86,1,0,True,38720385,2025-12-19 08:43:53+00:00,0,False,discovery
38723027,Sell,0.01,2025-12-19T14:42:44,2025-12-19T14:53:14,2025-12-19 12:42:44,2025-12-19 12:53:14,4328.49,4.65,2025-12-19 12:42:43.681,4328.035,4328.565,4328.299999999999,0.5299999999997453,-0.319,4328.035,0.4549999999999272,2025-12-19 12:53:13.480,4323.195,4323.792,4323.4935000000005,0.5970000000006621,-0.52,4323.792,4.697999999999411,4.243,4.8065,0.407,-0.1565,True,True,True,True,True,MATCHED_LE_1_00,10.5,Q3 (8-16m),2025-12-19 12:42:44+00:00,2025-12-19 12:53:14+00:00,2025-12-19 12:42:00+00:00,90,38723027,90,2025-12-19 12:42:00+00:00,,False,87,1,0,True,38723027,2025-12-19 12:42:44+00:00,0,False,discovery
38755615,Buy,0.01,2025-12-22T08:17:51,2025-12-22T08:31:29,2025-12-22 06:17:51,2025-12-22 06:31:29,4404.62,-3.47,2025-12-22 06:17:51.124,4403.355,4404.185,4403.77,0.8300000000008367,0.124,4404.185,0.4349999999994907,2025-12-22 06:31:28.952,4401.175,4401.925,4401.55,0.75,-0.048,4401.175,3.444999999999709,-3.01,-2.22,-0.46,-1.25,True,True,True,True,True,MATCHED_LE_1_00,13.633333333333333,Q3 (8-16m),2025-12-22 06:17:51+00:00,2025-12-22 06:31:29+00:00,2025-12-22 06:17:00+00:00,91,38755615,91,2025-12-22 06:17:00+00:00,,False,88,1,0,True,38755615,2025-12-22 06:17:51+00:00,0,False,discovery
38759834,Sell,0.01,2025-12-22T12:07:54,2025-12-22T14:41:53,2025-12-22 10:07:54,2025-12-22 12:41:53,4415.72,6.72,2025-12-22 10:07:54.005,4415.505,4416.322,4415.913500000001,0.8170000000000073,0.005,4415.505,0.2150000000001455,2025-12-22 12:41:52.970,4408.155,4408.825,4408.49,0.6700000000000728,-0.03,4408.825,6.895000000000437,6.68,7.4235,0.04,-0.7035,True,True,True,True,True,MATCHED_LE_1_00,153.98333333333332,Q4 (16m+),2025-12-22 10:07:54+00:00,2025-12-22 12:41:53+00:00,2025-12-22 10:07:00+00:00,92,38759834,92,2025-12-22 10:07:00+00:00,,False,89,1,0,True,38759834,2025-12-22 10:07:54+00:00,0,False,discovery
38786971,Buy,0.02,2025-12-23T11:53:01,2025-12-23T13:23:15,2025-12-23 09:53:01,2025-12-23 11:23:15,4479.23,8.66,2025-12-23 09:53:00.952,4478.555,4479.385,4478.97,0.8299999999999272,-0.048,4479.385,0.1550000000006548,2025-12-23 11:23:15.090,4483.715,4484.302,4484.0085,0.5869999999995343,0.09,4483.715,4.485000000000582,8.66,10.077,0.0,-1.417,True,True,True,True,True,MATCHED_LE_1_00,90.23333333333332,Q4 (16m+),2025-12-23 09:53:01+00:00,2025-12-23 11:23:15+00:00,2025-12-23 09:53:00+00:00,93,38786971,93,2025-12-23 09:53:00+00:00,,False,90,1,0,True,38786971,2025-12-23 09:53:01+00:00,0,False,discovery
38800885,Buy,0.01,2025-12-23T17:38:24,2025-12-23T17:53:02,2025-12-23 15:38:24,2025-12-23 15:53:02,4450.12,5.21,2025-12-23 15:38:24.072,4449.835,4450.412,4450.1235,0.5770000000002256,0.072,4450.412,0.2920000000003711,2025-12-23 15:53:01.951,4455.405,4456.075,4455.74,0.6700000000000728,-0.049,4455.405,5.284999999999855,4.993,5.6165,0.217,-0.4065,True,True,True,True,True,MATCHED_LE_1_00,14.633333333333333,Q3 (8-16m),2025-12-23 15:38:24+00:00,2025-12-23 15:53:02+00:00,2025-12-23 15:38:00+00:00,94,38800885,94,2025-12-23 15:38:00+00:00,,False,91,1,0,True,38800885,2025-12-23 15:38:24+00:00,0,False,discovery
81950224,Buy,0.01,2025-12-29T06:11:17,2025-12-29T06:51:10,2025-12-29 04:11:17,2025-12-29 04:51:10,4509.78,4.94,2025-12-29 04:11:17.043,4510.479,4511.255,4510.867,0.7759999999998399,0.043,4511.255,1.4750000000003638,2025-12-29 04:51:09.888,4514.715,4515.401,4515.058,0.6859999999996944,-0.112,4514.715,4.9350000000004,3.46,4.191,1.48,0.749,False,False,True,True,True,MATCHED_LE_3_00,39.88333333333333,Q4 (16m+),2025-12-29 04:11:17+00:00,2025-12-29 04:51:10+00:00,2025-12-29 04:11:00+00:00,95,81950224,95,2025-12-29 04:11:00+00:00,,False,92,1,0,True,81950224,2025-12-29 04:11:17+00:00,0,False,discovery
81979298,Sell,0.01,2025-12-30T07:20:44,2025-12-30T07:22:21,2025-12-30 05:20:44,2025-12-30 05:22:21,4365.43,-4.41,2025-12-30 05:20:44.016,4366.205,4366.802,4366.5035,0.5969999999997526,0.016,4366.205,0.7749999999996362,2025-12-30 05:22:20.404,4368.995,4369.752,4369.3735,0.7570000000005166,-0.596,4369.752,4.322000000000116,-3.547,-2.87,-0.863,-1.54,False,True,True,True,True,MATCHED_LE_1_00,1.6166666666666667,Q1 (0-3m),2025-12-30 05:20:44+00:00,2025-12-30 05:22:21+00:00,2025-12-30 05:20:00+00:00,96,81979298,96,2025-12-30 05:20:00+00:00,,False,93,1,0,True,81979298,2025-12-30 05:20:44+00:00,0,False,discovery
81983513,Buy,0.01,2025-12-30T12:12:46,2025-12-30T12:19:35,2025-12-30 10:12:46,2025-12-30 10:19:35,4373.1,5.33,2025-12-30 10:12:45.797,4371.275,4371.902,4371.5885,0.6270000000004075,-0.203,4371.902,1.19800000000032,2025-12-30 10:19:35.031,4378.575,4379.202,4378.8885,0.6270000000004075,0.031,4378.575,5.474999999999454,6.673,7.3,-1.343,-1.97,False,False,True,True,True,MATCHED_LE_3_00,6.816666666666666,Q2 (3-8m),2025-12-30 10:12:46+00:00,2025-12-30 10:19:35+00:00,2025-12-30 10:12:00+00:00,97,81983513,97,2025-12-30 10:12:00+00:00,,False,94,1,0,True,81983513,2025-12-30 10:12:46+00:00,0,False,discovery
82028698,Buy,0.01,2026-01-02T09:31:50,2026-01-02T09:47:23,2026-01-02 07:31:50,2026-01-02 07:47:23,4372.8,4.05,2026-01-02 07:31:50.389,4373.735,4374.575,4374.155,0.8400000000001455,0.389,4374.575,1.7749999999996362,2026-01-02 07:47:23.088,4377.105,4377.932,4377.5185,0.8270000000002256,0.088,4377.105,4.3049999999993815,2.53,3.3635,1.52,0.6865,False,False,True,True,True,MATCHED_LE_3_00,15.55,Q4 (16m+),2026-01-02 07:31:50+00:00,2026-01-02 07:47:23+00:00,2026-01-02 07:31:00+00:00,98,82028698,98,2026-01-02 07:31:00+00:00,,False,95,1,0,True,82028698,2026-01-02 07:31:50+00:00,0,False,discovery
82061725,Buy,0.01,2026-01-05T11:12:23,2026-01-05T11:37:56,2026-01-05 09:12:23,2026-01-05 09:37:56,4427.34,3.7,2026-01-05 08:59:59.046,4429.885,4430.552,4430.2185,0.6669999999994616,-743.954,4430.552,3.2119999999995343,2026-01-05 08:59:59.046,4429.885,4430.552,4430.2185,0.6669999999994616,-2276.954,4429.885,2.5450000000000728,-0.667,0.0,4.367,3.7,False,False,False,False,True,TOLERANCE_EXCEEDED,25.55,Q4 (16m+),2026-01-05 09:12:23+00:00,2026-01-05 09:37:56+00:00,2026-01-05 09:12:00+00:00,99,82061725,99,2026-01-05 09:12:00+00:00,,False,96,1,0,True,82061725,2026-01-05 09:12:23+00:00,0,False,discovery
82095097,Buy,0.01,2026-01-06T08:52:50,2026-01-06T09:16:50,2026-01-06 06:52:50,2026-01-06 07:16:50,4463.54,5.09,2026-01-06 06:52:49.887,4463.045,4463.822,4463.4335,0.7770000000000437,-0.113,4463.822,0.2820000000001528,2026-01-06 07:16:49.915,4468.635,4469.475,4469.055,0.8400000000001455,-0.085,4468.635,5.095000000000255,4.813,5.6215,0.277,-0.5315,True,True,True,True,True,MATCHED_LE_1_00,24.0,Q4 (16m+),2026-01-06 06:52:50+00:00,2026-01-06 07:16:50+00:00,2026-01-06 06:52:00+00:00,100,82095097,100,2026-01-06 06:52:00+00:00,,False,97,1,0,True,82095097,2026-01-06 06:52:50+00:00,0,False,discovery
82147110,Sell,0.01,2026-01-07T16:04:17,2026-01-07T16:18:50,2026-01-07 14:04:17,2026-01-07 14:18:50,4453.3,2.51,2026-01-07 14:04:16.860,4453.355,4454.025,4453.69,0.6700000000000728,-0.14,4453.355,0.0549999999993815,2026-01-07 14:18:49.975,4449.915,4450.595,4450.255,0.680000000000291,-0.025,4450.595,2.7049999999999272,2.76,3.435,-0.25,-0.925,True,True,True,True,True,MATCHED_LE_1_00,14.55,Q3 (8-16m),2026-01-07 14:04:17+00:00,2026-01-07 14:18:50+00:00,2026-01-07 14:04:00+00:00,101,82147110,101,2026-01-07 14:04:00+00:00,,False,98,1,0,True,82147110,2026-01-07 14:04:17+00:00,0,False,discovery
82169230,Buy,0.01,2026-01-08T09:05:21,2026-01-08T09:11:57,2026-01-08 07:05:21,2026-01-08 07:11:57,4432.78,4.61,2026-01-08 07:05:21.361,4433.065,4433.895,4433.48,0.8300000000008367,0.361,4433.895,1.1150000000006912,2026-01-08 07:11:56.900,4437.345,4438.175,4437.76,0.8299999999999272,-0.1,4437.345,4.565000000000509,3.45,4.28,1.16,0.33,False,False,True,True,True,MATCHED_LE_3_00,6.6,Q2 (3-8m),2026-01-08 07:05:21+00:00,2026-01-08 07:11:57+00:00,2026-01-08 07:05:00+00:00,102,82169230,102,2026-01-08 07:05:00+00:00,,False,99,1,0,True,82169230,2026-01-08 07:05:21+00:00,0,False,discovery
82199073,Sell,0.01,2026-01-09T09:03:58,2026-01-09T09:57:41,2026-01-09 07:03:58,2026-01-09 07:57:41,4475.16,3.82,2026-01-09 07:03:58.895,4473.425,4474.075,4473.75,0.6499999999996362,0.895,4473.425,1.7349999999996726,2026-01-09 07:57:41.088,4470.419,4471.095,4470.757,0.6760000000003856,0.088,4471.095,4.0649999999996,2.33,2.993,1.49,0.827,False,False,True,True,True,MATCHED_LE_3_00,53.71666666666667,Q4 (16m+),2026-01-09 07:03:58+00:00,2026-01-09 07:57:41+00:00,2026-01-09 07:03:00+00:00,103,82199073,103,2026-01-09 07:03:00+00:00,,False,100,1,0,True,82199073,2026-01-09 07:03:58+00:00,0,False,discovery
82241706,Buy,0.01,2026-01-12T07:30:37,2026-01-12T07:41:10,2026-01-12 05:30:37,2026-01-12 05:41:10,4571.8,4.38,2026-01-12 05:30:37.118,4574.025,4574.725,4574.375,0.7000000000007276,0.118,4574.725,2.925000000000182,2026-01-12 05:41:10.316,4576.175,4576.835,4576.505,0.6599999999998545,0.316,4576.175,4.375,1.45,2.13,2.93,2.25,False,False,False,True,True,MATCHED_LE_3_00,10.55,Q3 (8-16m),2026-01-12 05:30:37+00:00,2026-01-12 05:41:10+00:00,2026-01-12 05:30:00+00:00,104,82241706,104,2026-01-12 05:30:00+00:00,,False,101,1,0,True,82241706,2026-01-12 05:30:37+00:00,0,False,discovery
82462486,Buy,0.01,2026-01-12T11:25:57,2026-01-12T11:31:41,2026-01-12 09:25:57,2026-01-12 09:31:41,4598.3,-2.24,2026-01-12 09:25:57.080,4597.168,4597.745,4597.4565,0.5770000000002256,0.08,4597.745,0.555000000000291,2026-01-12 09:31:40.845,4596.038,4596.655,4596.3465,0.6170000000001892,-0.155,4596.038,2.2620000000006257,-1.707,-1.11,-0.533,-1.13,False,True,True,True,True,MATCHED_LE_1_00,5.733333333333333,Q2 (3-8m),2026-01-12 09:25:57+00:00,2026-01-12 09:31:41+00:00,2026-01-12 09:25:00+00:00,105,82462486,105,2026-01-12 09:25:00+00:00,,False,102,1,0,True,82462486,2026-01-12 09:25:57+00:00,0,False,discovery
82465593,Sell,0.01,2026-01-12T14:11:18,2026-01-12T14:25:53,2026-01-12 12:11:18,2026-01-12 12:25:53,4585.01,1.82,2026-01-12 11:59:57.148,4584.995,4585.575,4585.285,0.5799999999999272,-680.852,4584.995,0.0150000000003274,2026-01-12 11:59:57.148,4584.995,4585.575,4585.285,0.5799999999999272,-1555.852,4585.575,0.5649999999995998,-0.58,0.0,2.4,1.82,True,True,True,True,True,MATCHED_LE_1_00,14.583333333333334,Q3 (8-16m),2026-01-12 12:11:18+00:00,2026-01-12 12:25:53+00:00,2026-01-12 12:11:00+00:00,106,82465593,106,2026-01-12 12:11:00+00:00,,False,103,1,0,True,82465593,2026-01-12 12:11:18+00:00,0,False,discovery
82494965,Sell,0.01,2026-01-13T12:44:06,2026-01-13T12:51:58,2026-01-13 10:44:06,2026-01-13 10:51:58,4587.85,1.89,2026-01-13 10:44:05.954,4587.625,4588.185,4587.905000000001,0.5600000000004002,-0.046,4587.625,0.2250000000003638,2026-01-13 10:51:57.967,4585.275,4585.885,4585.58,0.6100000000005821,-0.033,4585.885,1.9650000000001453,1.74,2.325,0.15,-0.435,True,True,True,True,True,MATCHED_LE_1_00,7.866666666666666,Q3 (8-16m),2026-01-13 10:44:06+00:00,2026-01-13 10:51:58+00:00,2026-01-13 10:44:00+00:00,107,82494965,107,2026-01-13 10:44:00+00:00,,False,104,1,0,True,82494965,2026-01-13 10:44:06+00:00,0,False,discovery
82523311,Buy,0.01,2026-01-14T06:29:14,2026-01-14T06:37:55,2026-01-14 04:29:14,2026-01-14 04:37:55,4625.78,3.35,2026-01-14 04:29:13.953,4625.435,4626.035,4625.735000000001,0.5999999999994543,-0.047,4626.035,0.2550000000001091,2026-01-14 04:37:55.116,4629.315,4629.945,4629.629999999999,0.6300000000001091,0.116,4629.315,3.5349999999998545,3.28,3.895,0.07,-0.545,True,True,True,True,True,MATCHED_LE_1_00,8.683333333333334,Q3 (8-16m),2026-01-14 04:29:14+00:00,2026-01-14 04:37:55+00:00,2026-01-14 04:29:00+00:00,108,82523311,108,2026-01-14 04:29:00+00:00,,False,105,1,0,True,82523311,2026-01-14 04:29:14+00:00,0,False,discovery
82564751,Sell,0.01,2026-01-15T09:19:50,2026-01-15T09:35:26,2026-01-15 07:19:50,2026-01-15 07:35:26,4613.11,4.51,2026-01-15 07:19:50.014,4612.255,4612.955,4612.605,0.6999999999998181,0.014,4612.255,0.8549999999995634,2026-01-15 07:35:25.892,4607.848,4608.545,4608.1965,0.6970000000001164,-0.108,4608.545,4.5649999999996,3.71,4.4085,0.8,0.1015,False,True,True,True,True,MATCHED_LE_1_00,15.6,Q4 (16m+),2026-01-15 07:19:50+00:00,2026-01-15 07:35:26+00:00,2026-01-15 07:19:00+00:00,109,82564751,109,2026-01-15 07:19:00+00:00,,False,106,1,0,True,82564751,2026-01-15 07:19:50+00:00,0,False,discovery
82596177,Buy,0.01,2026-01-16T09:03:56,2026-01-16T10:13:13,2026-01-16 07:03:56,2026-01-16 08:13:13,4599.92,6.46,2026-01-16 07:03:56.451,4599.575,4600.275,4599.924999999999,0.6999999999998181,0.451,4600.275,0.3549999999995634,2026-01-16 08:13:13.615,4606.315,4607.055,4606.685,0.7400000000006912,0.615,4606.315,6.394999999999527,6.04,6.76,0.42,-0.3,True,True,True,True,True,MATCHED_LE_1_00,69.28333333333333,Q4 (16m+),2026-01-16 07:03:56+00:00,2026-01-16 08:13:13+00:00,2026-01-16 07:03:00+00:00,110,82596177,110,2026-01-16 07:03:00+00:00,,False,107,1,0,True,82596177,2026-01-16 07:03:56+00:00,0,False,discovery
82600157,Sell,0.01,2026-01-16T14:48:59,2026-01-16T14:52:41,2026-01-16 12:48:59,2026-01-16 12:52:41,4605.35,4.52,2026-01-16 12:48:59.990,4603.848,4604.575,4604.211499999999,0.7269999999998618,0.99,4603.848,1.5020000000004077,2026-01-16 12:52:41.028,4599.865,4600.565,4600.215,0.6999999999998181,0.028,4600.565,4.785000000000764,3.283,3.9965,1.237,0.5235,False,False,True,True,True,MATCHED_LE_3_00,3.7,Q2 (3-8m),2026-01-16 12:48:59+00:00,2026-01-16 12:52:41+00:00,2026-01-16 12:48:00+00:00,111,82600157,111,2026-01-16 12:48:00+00:00,,False,108,1,0,True,82600157,2026-01-16 12:48:59+00:00,0,False,discovery
82667342,Buy,0.01,2026-01-20T09:00:31,2026-01-20T10:32:19,2026-01-20 07:00:31,2026-01-20 08:32:19,4713.8,6.68,2026-01-20 07:00:31.239,4713.355,4713.965,4713.66,0.6100000000005821,0.239,4713.965,0.1649999999999636,2026-01-20 08:32:19.216,4720.479,4721.175,4720.827,0.6959999999999127,0.216,4720.479,6.679000000000087,6.514,7.167,0.166,-0.487,True,True,True,True,True,MATCHED_LE_1_00,91.8,Q4 (16m+),2026-01-20 07:00:31+00:00,2026-01-20 08:32:19+00:00,2026-01-20 07:00:00+00:00,112,82667342,112,2026-01-20 07:00:00+00:00,,False,109,1,0,True,82667342,2026-01-20 07:00:31+00:00,0,False,discovery
82775023,Buy,0.01,2026-01-22T09:25:06,2026-01-22T09:31:36,2026-01-22 07:25:06,2026-01-22 07:31:36,4831.387,5.73,2026-01-22 06:59:59.949,4826.405,4826.955,4826.68,0.5500000000001819,-1506.051,4826.955,4.431999999999789,2026-01-22 06:59:59.949,4826.405,4826.955,4826.68,0.5500000000001819,-1896.051,4826.405,4.981999999999971,-0.55,0.0,6.28,5.73,False,False,False,False,True,TOLERANCE_EXCEEDED,6.5,Q2 (3-8m),2026-01-22 07:25:06+00:00,2026-01-22 07:31:36+00:00,2026-01-22 07:25:00+00:00,113,82775023,113,2026-01-22 07:25:00+00:00,,False,110,1,0,True,82775023,2026-01-22 07:25:06+00:00,0,False,discovery
82824133,Buy,0.01,2026-01-23T09:00:21,2026-01-23T09:07:55,2026-01-23 07:00:21,2026-01-23 07:07:55,4953.2,3.4,2026-01-23 07:00:21.028,4954.215,4954.775,4954.495,0.5599999999994907,0.028,4954.775,1.574999999999818,2026-01-23 07:07:55.448,4956.875,4957.365,4957.12,0.4899999999997817,0.448,4956.875,3.675000000000182,2.1,2.625,1.3,0.775,False,False,True,True,True,MATCHED_LE_3_00,7.566666666666666,Q2 (3-8m),2026-01-23 07:00:21+00:00,2026-01-23 07:07:55+00:00,2026-01-23 07:00:00+00:00,114,82824133,114,2026-01-23 07:00:00+00:00,,False,111,1,0,True,82824133,2026-01-23 07:00:21+00:00,0,False,discovery
82913535,Buy,0.01,2026-01-26T11:00:40,2026-01-26T11:25:21,2026-01-26 09:00:40,2026-01-26 09:25:21,5085.8,4.8,2026-01-26 09:00:39.989,5089.965,5090.455,5090.21,0.4899999999997817,-0.011,5090.455,4.654999999999745,2026-01-26 09:25:20.995,5090.865,5091.545,5091.205,0.680000000000291,-0.005,5090.865,5.0649999999996,0.41,0.995,4.39,3.805,False,False,False,False,True,TOLERANCE_EXCEEDED,24.683333333333334,Q4 (16m+),2026-01-26 09:00:40+00:00,2026-01-26 09:25:21+00:00,2026-01-26 09:00:00+00:00,115,82913535,115,2026-01-26 09:00:00+00:00,,False,112,1,0,True,82913535,2026-01-26 09:00:40+00:00,0,False,discovery
83084849,Buy,0.01,2026-01-28T09:01:54,2026-01-28T09:05:33,2026-01-28 07:01:54,2026-01-28 07:05:33,5262.98,4.38,2026-01-28 07:01:53.950,5263.975,5264.735,5264.355,0.7599999999993088,-0.05,5264.735,1.7550000000001091,2026-01-28 07:05:33.057,5267.535,5268.325,5267.93,0.7899999999999636,0.057,5267.535,4.555000000000291,2.8,3.575,1.58,0.805,False,False,True,True,True,MATCHED_LE_3_00,3.65,Q2 (3-8m),2026-01-28 07:01:54+00:00,2026-01-28 07:05:33+00:00,2026-01-28 07:01:00+00:00,116,83084849,116,2026-01-28 07:01:00+00:00,,False,113,1,0,True,83084849,2026-01-28 07:01:54+00:00,0,False,discovery
83314376,Buy,0.01,2026-01-30T06:37:54,2026-01-30T06:39:34,2026-01-30 04:37:54,2026-01-30 04:39:34,5220.23,4.47,2026-01-30 04:37:53.941,5220.405,5222.095,5221.25,1.690000000000509,-0.059,5222.095,1.8650000000006912,2026-01-30 04:39:34.467,5224.565,5225.765,5225.165,1.2000000000007276,0.467,5224.565,4.335000000000036,2.47,3.915,2.0,0.555,False,False,True,True,True,MATCHED_LE_3_00,1.6666666666666667,Q1 (0-3m),2026-01-30 04:37:54+00:00,2026-01-30 04:39:34+00:00,2026-01-30 04:37:00+00:00,117,83314376,117,2026-01-30 04:37:00+00:00,,False,114,1,0,True,83314376,2026-01-30 04:37:54+00:00,0,False,discovery
83511633,Buy,0.01,2026-02-02T22:25:35,2026-02-02T22:29:09,2026-02-02 20:25:35,2026-02-02 20:29:09,4661.87,2.43,2026-02-02 20:25:35.059,4653.015,4654.215,4653.615,1.199999999999818,0.059,4654.215,7.654999999999745,2026-02-02 20:29:08.923,4664.435,4665.765,4665.1,1.3299999999999272,-0.077,4664.435,2.5650000000005093,10.22,11.485,-7.79,-9.055,False,False,False,False,False,TOLERANCE_EXCEEDED,3.566666666666667,Q2 (3-8m),2026-02-02 20:25:35+00:00,2026-02-02 20:29:09+00:00,2026-02-02 20:25:00+00:00,118,83511633,118,2026-02-02 20:25:00+00:00,,False,115,1,0,True,83511633,2026-02-02 20:25:35+00:00,0,False,discovery
83541051,Buy,0.01,2026-02-03T14:00:26,2026-02-03T14:09:59,2026-02-03 12:00:26,2026-02-03 12:09:59,4919.67,9.98,2026-02-03 12:00:25.961,4916.185,4917.085,4916.635,0.8999999999996362,-0.039,4917.085,2.5850000000000364,2026-02-03 12:09:58.963,4929.238,4930.355,4929.7965,1.1169999999992797,-0.037,4929.238,9.568000000000213,12.153,13.1615,-2.173,-3.1815,False,False,False,True,True,MATCHED_LE_3_00,9.55,Q3 (8-16m),2026-02-03 12:00:26+00:00,2026-02-03 12:09:59+00:00,2026-02-03 12:00:00+00:00,119,83541051,119,2026-02-03 12:00:00+00:00,,False,116,1,0,True,83541051,2026-02-03 12:00:26+00:00,0,False,discovery
83699779,Sell,0.01,2026-02-04T19:42:53,2026-02-04T19:53:51,2026-02-04 17:42:53,2026-02-04 17:53:51,4910.32,7.05,2026-02-04 17:42:53.107,4908.785,4909.752,4909.2685,0.967000000000553,0.107,4908.785,1.5349999999998545,2026-02-04 17:53:50.978,4903.455,4904.172,4903.8135,0.7169999999996435,-0.022,4904.172,6.148000000000138,4.613,5.455,2.437,1.595,False,False,True,True,True,MATCHED_LE_3_00,10.966666666666669,Q3 (8-16m),2026-02-04 17:42:53+00:00,2026-02-04 17:53:51+00:00,2026-02-04 17:42:00+00:00,120,83699779,120,2026-02-04 17:42:00+00:00,,False,117,1,0,True,83699779,2026-02-04 17:42:53+00:00,0,False,discovery
83821484,Buy,0.01,2026-02-05T17:27:12,2026-02-05T17:30:17,2026-02-05 15:27:12,2026-02-05 15:30:17,4823.0,-4.17,2026-02-05 15:27:11.970,4819.645,4820.785,4820.215,1.139999999999418,-0.03,4820.785,2.215000000000145,2026-02-05 15:30:16.979,4819.585,4820.675,4820.13,1.0900000000001455,-0.021,4819.585,3.414999999999964,-1.2,-0.085,-2.97,-4.085,False,False,False,True,True,MATCHED_LE_3_00,3.083333333333333,Q1 (0-3m),2026-02-05 15:27:12+00:00,2026-02-05 15:30:17+00:00,2026-02-05 15:27:00+00:00,121,83821484,121,2026-02-05 15:27:00+00:00,,False,118,1,0,True,83821484,2026-02-05 15:27:12+00:00,0,False,discovery
83897665,Sell,0.01,2026-02-06T07:30:33,2026-02-06T07:32:07,2026-02-06 05:30:33,2026-02-06 05:32:07,4846.36,7.43,2026-02-06 05:30:32.823,4849.798,4851.425,4850.6115,1.6270000000004077,-0.177,4849.798,3.438000000000102,2026-02-06 05:32:07.028,4839.325,4840.745,4840.035,1.4200000000000728,0.028,4840.745,5.614999999999782,9.053,10.5765,-1.623,-3.1465,False,False,False,False,True,TOLERANCE_EXCEEDED,1.5666666666666669,Q1 (0-3m),2026-02-06 05:30:33+00:00,2026-02-06 05:32:07+00:00,2026-02-06 05:30:00+00:00,122,83897665,122,2026-02-06 05:30:00+00:00,,False,119,1,0,True,83897665,2026-02-06 05:30:33+00:00,0,False,discovery
83915642,Sell,0.01,2026-02-06T09:16:42,2026-02-06T09:21:17,2026-02-06 07:16:42,2026-02-06 07:21:17,4848.32,1.17,2026-02-06 07:16:42.022,4848.928,4850.465,4849.6965,1.537000000000262,0.022,4848.928,0.6080000000001746,2026-02-06 07:21:17.062,4846.945,4847.682,4847.3135,0.73700000000008,0.062,4847.682,0.63799999999992,1.246,2.383,-0.076,-1.213,False,True,True,True,True,MATCHED_LE_1_00,4.583333333333333,Q2 (3-8m),2026-02-06 07:16:42+00:00,2026-02-06 07:21:17+00:00,2026-02-06 07:16:00+00:00,123,83915642,123,2026-02-06 07:16:00+00:00,,False,120,1,0,True,83915642,2026-02-06 07:16:42+00:00,0,False,discovery
83923769,Sell,0.01,2026-02-06T15:34:06,2026-02-06T15:35:48,2026-02-06 13:34:06,2026-02-06 13:35:48,4925.29,2.07,2026-02-06 13:34:05.996,4920.128,4920.935,4920.5315,0.8070000000006985,-0.004,4920.128,5.162000000000262,2026-02-06 13:35:47.930,4923.915,4924.765,4924.34,0.8500000000003638,-0.07,4924.765,0.5249999999996362,-4.637,-3.8085,6.707,5.8785,False,False,False,False,False,TOLERANCE_EXCEEDED,1.7,Q1 (0-3m),2026-02-06 13:34:06+00:00,2026-02-06 13:35:48+00:00,2026-02-06 13:34:00+00:00,124,83923769,124,2026-02-06 13:34:00+00:00,,False,121,1,0,True,83923769,2026-02-06 13:34:06+00:00,0,False,discovery
83980760,Buy,0.01,2026-02-09T12:04:32,2026-02-09T12:15:37,2026-02-09 10:04:32,2026-02-09 10:15:37,5006.26,7.87,2026-02-09 10:04:32.011,5003.085,5003.995,5003.54,0.9099999999998544,0.011,5003.995,2.2650000000003274,2026-02-09 10:15:36.899,5014.845,5015.655,5015.25,0.8099999999994907,-0.101,5014.845,8.585000000000036,10.85,11.71,-2.98,-3.84,False,False,False,True,True,MATCHED_LE_3_00,11.083333333333334,Q3 (8-16m),2026-02-09 10:04:32+00:00,2026-02-09 10:15:37+00:00,2026-02-09 10:04:00+00:00,125,83980760,125,2026-02-09 10:04:00+00:00,,False,122,1,0,True,83980760,2026-02-09 10:04:32+00:00,0,False,discovery
84397864,Buy,0.01,2026-02-11T17:40:50,2026-02-11T17:44:06,2026-02-11 15:40:50,2026-02-11 15:44:06,5044.28,2.61,2026-02-11 15:40:49.966,5044.655,5045.545,5045.1,0.8900000000003274,-0.034,5045.545,1.2650000000003274,2026-02-11 15:44:05.911,5048.175,5048.965,5048.57,0.7899999999999636,-0.089,5048.175,3.895000000000437,2.63,3.47,-0.02,-0.86,False,False,True,True,True,MATCHED_LE_3_00,3.2666666666666666,Q2 (3-8m),2026-02-11 15:40:50+00:00,2026-02-11 15:44:06+00:00,2026-02-11 15:40:00+00:00,126,84397864,126,2026-02-11 15:40:00+00:00,,False,123,1,0,True,84397864,2026-02-11 15:40:50+00:00,0,False,discovery
84448544,Buy,0.01,2026-02-12T07:06:33,2026-02-12T07:10:04,2026-02-12 05:06:33,2026-02-12 05:10:04,5072.67,4.53,2026-02-12 05:06:33.139,5074.085,5074.895,5074.49,0.8100000000004002,0.139,5074.895,2.225000000000364,2026-02-12 05:10:04.022,5077.525,5078.325,5077.924999999999,0.8000000000001819,0.022,5077.525,4.854999999999563,2.63,3.435,1.9,1.095,False,False,False,True,True,MATCHED_LE_3_00,3.5166666666666666,Q2 (3-8m),2026-02-12 05:06:33+00:00,2026-02-12 05:10:04+00:00,2026-02-12 05:06:00+00:00,127,84448544,127,2026-02-12 05:06:00+00:00,,False,124,1,0,True,84448544,2026-02-12 05:06:33+00:00,0,False,discovery
84480811,Sell,0.01,2026-02-12T11:04:59,2026-02-12T11:14:41,2026-02-12 09:04:59,2026-02-12 09:14:41,5071.89,-2.98,2026-02-12 09:04:59.239,5073.035,5073.695,5073.365,0.6599999999998545,0.239,5073.035,1.144999999999527,2026-02-12 09:14:41.006,5074.205,5074.782,5074.4935000000005,0.5770000000002256,0.006,5074.782,2.8919999999998254,-1.747,-1.1285,-1.233,-1.8515,False,False,True,True,True,MATCHED_LE_3_00,9.7,Q3 (8-16m),2026-02-12 09:04:59+00:00,2026-02-12 09:14:41+00:00,2026-02-12 09:04:00+00:00,128,84480811,128,2026-02-12 09:04:00+00:00,,False,125,1,0,True,84480811,2026-02-12 09:04:59+00:00,0,False,discovery
84496990,Buy,0.01,2026-02-12T13:12:51,2026-02-12T13:17:31,2026-02-12 11:12:51,2026-02-12 11:17:31,5063.48,0.7,2026-02-12 11:12:50.083,5062.475,5063.465,5062.97,0.9899999999997816,-0.917,5063.465,0.0149999999994179,2026-02-12 11:17:32.402,5064.305,5065.242,5064.7735,0.936999999999898,1.402,5064.305,0.8250000000007276,0.84,1.8035,-0.14,-1.1035,True,True,True,True,True,MATCHED_LE_1_00,4.666666666666667,Q2 (3-8m),2026-02-12 11:12:51+00:00,2026-02-12 11:17:31+00:00,2026-02-12 11:12:00+00:00,129,84496990,129,2026-02-12 11:12:00+00:00,,False,126,1,0,True,84496990,2026-02-12 11:12:51+00:00,0,False,discovery
84665776,Buy,0.01,2026-02-13T09:18:26,2026-02-13T09:21:14,2026-02-13 07:18:26,2026-02-13 07:21:14,4969.37,0.7,2026-02-13 07:18:26.283,4968.435,4969.441,4968.938,1.0059999999994034,0.283,4969.441,0.0709999999999126,2026-02-13 07:21:14.133,4970.005,4970.685,4970.345,0.680000000000291,0.133,4970.005,0.6350000000002183,0.564,1.407,0.136,-0.707,True,True,True,True,True,MATCHED_LE_1_00,2.8,Q1 (0-3m),2026-02-13 07:18:26+00:00,2026-02-13 07:21:14+00:00,2026-02-13 07:18:00+00:00,130,84665776,130,2026-02-13 07:18:00+00:00,,False,127,1,0,True,84665776,2026-02-13 07:18:26+00:00,0,False,discovery
84675020,Sell,0.01,2026-02-13T13:12:08,2026-02-13T13:19:45,2026-02-13 11:12:08,2026-02-13 11:19:45,4951.87,2.67,2026-02-13 11:12:08.062,4950.625,4951.425,4951.025,0.8000000000001819,0.062,4950.625,1.2449999999998909,2026-02-13 11:19:45.653,4948.175,4948.965,4948.57,0.7899999999999636,0.653,4948.965,2.9049999999997453,1.66,2.455,1.01,0.215,False,False,True,True,True,MATCHED_LE_3_00,7.616666666666666,Q2 (3-8m),2026-02-13 11:12:08+00:00,2026-02-13 11:19:45+00:00,2026-02-13 11:12:00+00:00,131,84675020,131,2026-02-13 11:12:00+00:00,,False,128,1,0,True,84675020,2026-02-13 11:12:08+00:00,0,False,discovery
84803733,Sell,0.01,2026-02-17T12:21:33,2026-02-17T14:00:38,2026-02-17 10:21:33,2026-02-17 12:00:38,4935.63,5.63,2026-02-17 10:21:34.426,4934.365,4935.205,4934.785,0.8400000000001455,1.426,4934.365,1.2650000000003274,2026-02-17 12:00:37.964,4929.155,4929.995,4929.575,0.8400000000001455,-0.036,4929.995,5.635000000000218,4.37,5.21,1.26,0.42,False,False,True,True,True,MATCHED_LE_3_00,99.08333333333331,Q4 (16m+),2026-02-17 10:21:33+00:00,2026-02-17 12:00:38+00:00,2026-02-17 10:21:00+00:00,132,84803733,132,2026-02-17 10:21:00+00:00,,False,129,1,0,True,84803733,2026-02-17 10:21:33+00:00,0,False,discovery
84858142,Sell,0.01,2026-02-18T05:30:40,2026-02-18T05:36:17,2026-02-18 03:30:40,2026-02-18 03:36:17,4920.56,1.77,2026-02-18 03:30:38.039,4919.165,4920.015,4919.59,0.8500000000003638,-1.961,4919.165,1.3950000000004366,2026-02-18 03:36:16.828,4917.898,4918.755,4918.3265,0.8569999999999709,-0.172,4918.755,1.805000000000291,0.41,1.2635,1.36,0.5065,False,False,True,True,True,MATCHED_LE_3_00,5.616666666666666,Q2 (3-8m),2026-02-18 03:30:40+00:00,2026-02-18 03:36:17+00:00,2026-02-18 03:30:00+00:00,133,84858142,133,2026-02-18 03:30:00+00:00,,False,130,1,0,True,84858142,2026-02-18 03:30:40+00:00,0,False,discovery
84960053,Buy,0.01,2026-02-19T22:18:35,2026-02-19T22:25:13,2026-02-19 20:18:35,2026-02-19 20:25:13,4990.98,3.06,2026-02-19 19:59:59.843,4987.675,4988.365,4988.02,0.6899999999995998,-1115.157,4988.365,2.6149999999997817,2026-02-19 19:59:59.843,4987.675,4988.365,4988.02,0.6899999999995998,-1513.157,4987.675,3.304999999999381,-0.69,0.0,3.75,3.06,False,False,False,True,True,MATCHED_LE_3_00,6.633333333333334,Q2 (3-8m),2026-02-19 20:18:35+00:00,2026-02-19 20:25:13+00:00,2026-02-19 20:18:00+00:00,134,84960053,134,2026-02-19 20:18:00+00:00,,False,131,1,0,True,84960053,2026-02-19 20:18:35+00:00,0,False,discovery
84971230,Sell,0.01,2026-02-20T05:54:53,2026-02-20T05:59:23,2026-02-20 03:54:53,2026-02-20 03:59:23,4993.25,3.1,2026-02-20 03:54:52.151,4992.135,4992.965,4992.55,0.8299999999999272,-0.849,4992.135,1.1149999999997815,2026-02-20 03:59:22.460,4989.335,4990.195,4989.764999999999,0.8599999999996726,-0.54,4990.195,3.055000000000291,1.94,2.785,1.16,0.315,False,False,True,True,True,MATCHED_LE_3_00,4.5,Q2 (3-8m),2026-02-20 03:54:53+00:00,2026-02-20 03:59:23+00:00,2026-02-20 03:54:00+00:00,135,84971230,135,2026-02-20 03:54:00+00:00,,False,132,1,0,True,84971230,2026-02-20 03:54:53+00:00,0,False,discovery
85066329,Sell,0.01,2026-02-23T09:30:45,2026-02-23T09:32:44,2026-02-23 07:30:45,2026-02-23 07:32:44,5136.32,1.41,2026-02-23 07:30:45.119,5135.865,5136.635,5136.25,0.7700000000004366,0.119,5135.865,0.4549999999999272,2026-02-23 07:32:44.013,5133.765,5134.525,5134.145,0.7599999999993088,0.013,5134.525,1.7950000000000728,1.34,2.105,0.07,-0.695,True,True,True,True,True,MATCHED_LE_1_00,1.9833333333333332,Q1 (0-3m),2026-02-23 07:30:45+00:00,2026-02-23 07:32:44+00:00,2026-02-23 07:30:00+00:00,136,85066329,136,2026-02-23 07:30:00+00:00,,False,133,1,0,True,85066329,2026-02-23 07:30:45+00:00,0,False,discovery
85084978,Buy,0.01,2026-02-23T11:21:20,2026-02-23T11:33:06,2026-02-23 09:21:20,2026-02-23 09:33:06,5145.47,1.34,2026-02-23 09:21:20.239,5144.875,5145.545,5145.21,0.6700000000000728,0.239,5145.545,0.0749999999998181,2026-02-23 09:33:04.870,5147.115,5147.825,5147.469999999999,0.7100000000000364,-1.13,5147.115,1.644999999999527,1.57,2.26,-0.23,-0.92,True,True,True,True,True,MATCHED_LE_1_00,11.766666666666667,Q3 (8-16m),2026-02-23 09:21:20+00:00,2026-02-23 09:33:06+00:00,2026-02-23 09:21:00+00:00,137,85084978,137,2026-02-23 09:21:00+00:00,,False,134,1,0,True,85084978,2026-02-23 09:21:20+00:00,0,False,discovery
85182793,Sell,0.01,2026-02-23T15:02:41,2026-02-23T15:06:18,2026-02-23 13:02:41,2026-02-23 13:06:18,5161.69,2.2,2026-02-23 13:02:41.550,5162.495,5163.215,5162.855,0.7200000000002547,0.55,5162.495,0.805000000000291,2026-02-23 13:06:18.177,5157.725,5158.425,5158.075000000001,0.6999999999998181,0.177,5158.425,3.264999999999418,4.07,4.78,-1.87,-2.58,False,True,True,True,True,MATCHED_LE_1_00,3.6166666666666663,Q2 (3-8m),2026-02-23 13:02:41+00:00,2026-02-23 13:06:18+00:00,2026-02-23 13:02:00+00:00,138,85182793,138,2026-02-23 13:02:00+00:00,,False,135,1,0,True,85182793,2026-02-23 13:02:41+00:00,0,False,discovery
85342738,Buy,0.01,2026-02-24T10:04:42,2026-02-24T10:05:16,2026-02-24 08:04:42,2026-02-24 08:05:16,5175.12,-0.66,2026-02-24 08:04:42.034,5172.485,5173.265,5172.875,0.7800000000006548,0.034,5173.265,1.8549999999995637,2026-02-24 08:05:15.954,5174.585,5175.345,5174.965,0.7600000000002183,-0.046,5174.585,0.5349999999998545,1.32,2.09,-1.98,-2.75,False,False,True,True,True,MATCHED_LE_3_00,0.5666666666666667,Q1 (0-3m),2026-02-24 08:04:42+00:00,2026-02-24 08:05:16+00:00,2026-02-24 08:04:00+00:00,139,85342738,139,2026-02-24 08:04:00+00:00,,False,136,1,0,True,85342738,2026-02-24 08:04:42+00:00,0,False,discovery
85385479,Sell,0.01,2026-02-24T15:11:40,2026-02-24T15:14:21,2026-02-24 13:11:40,2026-02-24 13:14:21,5160.14,0.21,2026-02-24 13:11:39.681,5158.215,5159.002,5158.6085,0.7870000000002619,-0.319,5158.215,1.925000000000182,2026-02-24 13:14:20.727,5159.195,5160.025,5159.61,0.8299999999999272,-0.273,5160.025,0.1150000000006912,-1.81,-1.0015,2.02,1.2115,False,False,True,True,True,MATCHED_LE_3_00,2.683333333333333,Q1 (0-3m),2026-02-24 13:11:40+00:00,2026-02-24 13:14:21+00:00,2026-02-24 13:11:00+00:00,140,85385479,140,2026-02-24 13:11:00+00:00,,False,137,1,0,True,85385479,2026-02-24 13:11:40+00:00,0,False,discovery
85396743,Buy,0.01,2026-02-24T15:21:50,2026-02-24T15:25:30,2026-02-24 13:21:50,2026-02-24 13:25:30,5153.03,3.86,2026-02-24 13:21:50.159,5152.155,5152.872,5152.5135,0.717000000000553,0.159,5152.872,0.157999999999447,2026-02-24 13:25:29.893,5156.825,5157.665,5157.245,0.8400000000001455,-0.107,5156.825,3.7950000000000728,3.953,4.7315,-0.093,-0.8715,True,True,True,True,True,MATCHED_LE_1_00,3.6666666666666665,Q2 (3-8m),2026-02-24 13:21:50+00:00,2026-02-24 13:25:30+00:00,2026-02-24 13:21:00+00:00,141,85396743,141,2026-02-24 13:21:00+00:00,,False,138,1,0,True,85396743,2026-02-24 13:21:50+00:00,0,False,discovery
85640223,Sell,0.01,2026-02-25T07:59:03,2026-02-25T08:01:42,2026-02-25 05:59:03,2026-02-25 06:01:42,5201.11,2.24,2026-02-25 05:59:02.663,5201.698,5202.565,5202.1315,0.8669999999992797,-0.337,5201.698,0.5880000000006476,2026-02-25 06:01:42.043,5198.115,5198.995,5198.555,0.8800000000001091,0.043,5198.995,2.1149999999997817,2.703,3.5765,-0.463,-1.3365,False,True,True,True,True,MATCHED_LE_1_00,2.65,Q1 (0-3m),2026-02-25 05:59:03+00:00,2026-02-25 06:01:42+00:00,2026-02-25 05:59:00+00:00,142,85640223,142,2026-02-25 05:59:00+00:00,,False,139,1,0,True,85640223,2026-02-25 05:59:03+00:00,0,False,discovery
85668110,Sell,0.01,2026-02-25T11:35:37,2026-02-25T11:49:18,2026-02-25 09:35:37,2026-02-25 09:49:18,5189.86,-1.2,2026-02-25 09:35:36.051,5190.885,5191.575,5191.23,0.6899999999995998,-0.949,5190.885,1.0250000000005457,2026-02-25 09:49:18.405,5190.505,5191.175,5190.84,0.6700000000000728,0.405,5191.175,1.315000000000509,-0.29,0.39,-0.91,-1.59,False,False,True,True,True,MATCHED_LE_3_00,13.683333333333334,Q3 (8-16m),2026-02-25 09:35:37+00:00,2026-02-25 09:49:18+00:00,2026-02-25 09:35:00+00:00,143,85668110,143,2026-02-25 09:35:00+00:00,,False,140,1,0,True,85668110,2026-02-25 09:35:37+00:00,0,False,discovery
85668988,Buy,0.01,2026-02-25T12:03:39,2026-02-25T12:05:22,2026-02-25 10:03:39,2026-02-25 10:05:22,5190.62,-2.1,2026-02-25 10:03:37.963,5190.135,5190.835,5190.485000000001,0.6999999999998181,-1.037,5190.835,0.2150000000001455,2026-02-25 10:05:22.031,5188.285,5188.965,5188.625,0.680000000000291,0.031,5188.285,2.3350000000000364,-2.55,-1.86,0.45,-0.24,True,True,True,True,True,MATCHED_LE_1_00,1.7166666666666666,Q1 (0-3m),2026-02-25 10:03:39+00:00,2026-02-25 10:05:22+00:00,2026-02-25 10:03:00+00:00,144,85668988,144,2026-02-25 10:03:00+00:00,,False,141,1,0,True,85668988,2026-02-25 10:03:39+00:00,0,False,discovery
85704475,Sell,0.01,2026-02-25T16:23:24,2026-02-25T16:23:59,2026-02-25 14:23:24,2026-02-25 14:23:59,5183.13,2.27,2026-02-25 14:23:24.210,5183.045,5183.735,5183.389999999999,0.6899999999995998,0.21,5183.045,0.0850000000000363,2026-02-25 14:23:58.905,5179.885,5180.635,5180.26,0.75,-0.095,5180.635,2.494999999999891,2.41,3.13,-0.14,-0.86,True,True,True,True,True,MATCHED_LE_1_00,0.5833333333333334,Q1 (0-3m),2026-02-25 14:23:24+00:00,2026-02-25 14:23:59+00:00,2026-02-25 14:23:00+00:00,145,85704475,145,2026-02-25 14:23:00+00:00,,False,142,1,0,True,85704475,2026-02-25 14:23:24+00:00,0,False,discovery
85787460,Buy,0.01,2026-02-26T08:05:35,2026-02-26T08:14:22,2026-02-26 06:05:35,2026-02-26 06:14:22,5194.35,2.87,2026-02-26 06:05:34.819,5193.948,5195.022,5194.485000000001,1.0739999999996144,-0.181,5195.022,0.6719999999995707,2026-02-26 06:14:22.848,5197.205,5198.085,5197.645,0.8800000000001091,0.848,5197.205,2.8549999999995634,2.183,3.16,0.687,-0.29,False,True,True,True,True,MATCHED_LE_1_00,8.783333333333333,Q3 (8-16m),2026-02-26 06:05:35+00:00,2026-02-26 06:14:22+00:00,2026-02-26 06:05:00+00:00,146,85787460,146,2026-02-26 06:05:00+00:00,,False,143,1,0,True,85787460,2026-02-26 06:05:35+00:00,0,False,discovery
85827276,Buy,0.01,2026-02-26T11:31:35,2026-02-26T11:34:15,2026-02-26 09:31:35,2026-02-26 09:34:15,5181.39,1.06,2026-02-26 09:31:35.127,5181.535,5182.225,5181.88,0.6900000000005093,0.127,5182.225,0.8350000000000364,2026-02-26 09:34:15.083,5182.235,5182.935,5182.585,0.7000000000007276,0.083,5182.235,0.8449999999993452,0.01,0.705,1.05,0.355,False,True,True,True,True,MATCHED_LE_1_00,2.6666666666666665,Q1 (0-3m),2026-02-26 09:31:35+00:00,2026-02-26 09:34:15+00:00,2026-02-26 09:31:00+00:00,147,85827276,147,2026-02-26 09:31:00+00:00,,False,144,1,0,True,85827276,2026-02-26 09:31:35+00:00,0,False,discovery
85833216,Buy,0.01,2026-02-26T13:27:11,2026-02-26T13:30:05,2026-02-26 11:27:11,2026-02-26 11:30:05,5173.27,-1.73,2026-02-26 11:27:10.946,5172.525,5173.255,5172.889999999999,0.7300000000004729,-0.054,5173.255,0.0150000000003274,2026-02-26 11:30:05.876,5171.705,5172.395,5172.05,0.6900000000005093,0.876,5171.705,1.565000000000509,-1.55,-0.84,-0.18,-0.89,True,True,True,True,True,MATCHED_LE_1_00,2.9,Q1 (0-3m),2026-02-26 11:27:11+00:00,2026-02-26 11:30:05+00:00,2026-02-26 11:27:00+00:00,148,85833216,148,2026-02-26 11:27:00+00:00,,False,145,1,0,True,85833216,2026-02-26 11:27:11+00:00,0,False,discovery
85865765,Sell,0.01,2026-02-26T15:59:18,2026-02-26T16:00:58,2026-02-26 13:59:18,2026-02-26 14:00:58,5166.12,2.23,2026-02-26 13:59:17.951,5170.125,5170.805,5170.465,0.680000000000291,-0.049,5170.125,4.005000000000109,2026-02-26 14:00:58.023,5162.975,5163.675,5163.325000000001,0.6999999999998181,0.023,5163.675,2.444999999999709,6.45,7.14,-4.22,-4.91,False,False,False,False,True,TOLERANCE_EXCEEDED,1.6666666666666667,Q1 (0-3m),2026-02-26 13:59:18+00:00,2026-02-26 14:00:58+00:00,2026-02-26 13:59:00+00:00,149,85865765,149,2026-02-26 13:59:00+00:00,,False,146,1,0,True,85865765,2026-02-26 13:59:18+00:00,0,False,discovery
85935017,Sell,0.01,2026-02-27T06:54:59,2026-02-27T07:00:29,2026-02-27 04:54:59,2026-02-27 05:00:29,5184.0,1.84,2026-02-27 04:54:59.028,5182.715,5183.565,5183.139999999999,0.8499999999994543,0.028,5182.715,1.2849999999998545,2026-02-27 05:00:28.599,5181.185,5182.002,5181.593500000001,0.8170000000000073,-0.401,5182.002,1.9979999999995923,0.713,1.5465,1.127,0.2935,False,False,True,True,True,MATCHED_LE_3_00,5.5,Q2 (3-8m),2026-02-27 04:54:59+00:00,2026-02-27 05:00:29+00:00,2026-02-27 04:54:00+00:00,150,85935017,150,2026-02-27 04:54:00+00:00,,False,147,1,0,True,85935017,2026-02-27 04:54:59+00:00,0,False,discovery
85942844,Sell,0.01,2026-02-27T09:56:14,2026-02-27T09:57:04,2026-02-27 07:56:14,2026-02-27 07:57:04,5180.05,-0.9,2026-02-27 07:56:12.453,5180.025,5180.715,5180.37,0.6900000000005093,-1.547,5180.025,0.0250000000005456,2026-02-27 07:57:04.648,5179.845,5180.575,5180.21,0.7299999999995634,0.648,5180.575,0.5249999999996362,-0.55,0.16,-0.35,-1.06,True,True,True,True,True,MATCHED_LE_1_00,0.8333333333333334,Q1 (0-3m),2026-02-27 07:56:14+00:00,2026-02-27 07:57:04+00:00,2026-02-27 07:56:00+00:00,151,85942844,151,2026-02-27 07:56:00+00:00,,False,148,1,0,True,85942844,2026-02-27 07:56:14+00:00,0,False,discovery
85948772,Buy,0.01,2026-02-27T12:46:26,2026-02-27T12:53:01,2026-02-27 10:46:26,2026-02-27 10:53:01,5176.14,0.91,2026-02-27 10:46:25.992,5176.095,5176.912,5176.503500000001,0.8170000000000073,-0.008,5176.912,0.7719999999999345,2026-02-27 10:52:59.176,5177.305,5178.135,5177.72,0.8299999999999272,-1.824,5177.305,1.1649999999999636,0.393,1.2165,0.517,-0.3065,False,True,True,True,True,MATCHED_LE_1_00,6.583333333333333,Q2 (3-8m),2026-02-27 10:46:26+00:00,2026-02-27 10:53:01+00:00,2026-02-27 10:46:00+00:00,152,85948772,152,2026-02-27 10:46:00+00:00,,False,149,1,0,True,85948772,2026-02-27 10:46:26+00:00,0,False,discovery
86000608,Sell,0.01,2026-02-27T17:00:40,2026-02-27T17:07:46,2026-02-27 15:00:40,2026-02-27 15:07:46,5227.62,-3.08,2026-02-27 15:00:39.965,5220.015,5220.855,5220.435,0.839999999999236,-0.035,5220.015,7.604999999999563,2026-02-27 15:07:45.984,5230.048,5230.845,5230.4465,0.7970000000004802,-0.016,5230.845,3.225000000000364,-10.83,-10.0115,7.75,6.9315,False,False,False,False,False,TOLERANCE_EXCEEDED,7.1,Q2 (3-8m),2026-02-27 15:00:40+00:00,2026-02-27 15:07:46+00:00,2026-02-27 15:00:00+00:00,153,86000608,153,2026-02-27 15:00:00+00:00,,False,150,1,0,True,86000608,2026-02-27 15:00:40+00:00,0,False,discovery
86011644,Sell,0.01,2026-02-27T17:18:57,2026-02-27T17:20:29,2026-02-27 15:18:57,2026-02-27 15:20:29,5226.94,1.46,2026-02-27 15:18:56.988,5221.718,5222.505,5222.1115,0.7870000000002619,-0.012,5221.718,5.221999999999753,2026-02-27 15:20:29.002,5224.735,5225.515,5225.125,0.7800000000006548,0.002,5225.515,1.4249999999992724,-3.797,-3.0135,5.257,4.4735,False,False,False,False,False,TOLERANCE_EXCEEDED,1.5333333333333334,Q1 (0-3m),2026-02-27 15:18:57+00:00,2026-02-27 15:20:29+00:00,2026-02-27 15:18:00+00:00,154,86011644,154,2026-02-27 15:18:00+00:00,,False,151,1,0,True,86011644,2026-02-27 15:18:57+00:00,0,False,discovery
86014472,Buy,0.01,2026-02-27T17:27:11,2026-02-27T17:27:21,2026-02-27 15:27:11,2026-02-27 15:27:21,5225.25,0.58,2026-02-27 15:27:10.989,5224.475,5225.315,5224.895,0.839999999999236,-0.011,5225.315,0.0649999999995998,2026-02-27 15:27:20.940,5225.805,5226.645,5226.225,0.8400000000001455,-0.06,5225.805,0.555000000000291,0.49,1.33,0.09,-0.75,True,True,True,True,True,MATCHED_LE_1_00,0.1666666666666666,Q1 (0-3m),2026-02-27 15:27:11+00:00,2026-02-27 15:27:21+00:00,2026-02-27 15:27:00+00:00,155,86014472,155,2026-02-27 15:27:00+00:00,,False,152,1,0,True,86014472,2026-02-27 15:27:11+00:00,0,False,discovery
86155613,Buy,0.01,2026-03-02T09:32:11,2026-03-02T09:33:24,2026-03-02 07:32:11,2026-03-02 07:33:24,5408.63,0.3,2026-03-02 07:32:11.086,5408.285,5409.105,5408.695,0.819999999999709,0.086,5409.105,0.4749999999994543,2026-03-02 07:33:24.050,5409.335,5410.045,5409.6900000000005,0.7100000000000364,0.05,5409.335,0.7049999999999272,0.23,0.995,0.07,-0.695,True,True,True,True,True,MATCHED_LE_1_00,1.2166666666666666,Q1 (0-3m),2026-03-02 07:32:11+00:00,2026-03-02 07:33:24+00:00,2026-03-02 07:32:00+00:00,156,86155613,156,2026-03-02 07:32:00+00:00,,False,153,1,0,True,86155613,2026-03-02 07:32:11+00:00,0,False,discovery
86161488,Sell,0.01,2026-03-02T10:37:17,2026-03-02T10:38:44,2026-03-02 08:37:17,2026-03-02 08:38:44,5412.01,1.62,2026-03-02 08:37:16.967,5410.765,5411.505,5411.135,0.7399999999997817,-0.033,5410.765,1.2449999999998909,2026-03-02 08:38:43.752,5409.685,5410.405,5410.045,0.7199999999993452,-0.248,5410.405,1.605000000000473,0.36,1.09,1.26,0.53,False,False,True,True,True,MATCHED_LE_3_00,1.45,Q1 (0-3m),2026-03-02 08:37:17+00:00,2026-03-02 08:38:44+00:00,2026-03-02 08:37:00+00:00,157,86161488,157,2026-03-02 08:37:00+00:00,,False,154,1,0,True,86161488,2026-03-02 08:37:17+00:00,0,False,discovery
86192606,Sell,0.01,2026-03-02T14:46:12,2026-03-02T14:50:44,2026-03-02 12:46:12,2026-03-02 12:50:44,5396.47,2.82,2026-03-02 12:46:11.670,5395.725,5396.455,5396.09,0.7299999999995634,-0.33,5395.725,0.7449999999998909,2026-03-02 12:50:43.405,5392.948,5393.735,5393.3415,0.7869999999993524,-0.595,5393.735,2.735000000000582,1.99,2.7485,0.83,0.0715,False,True,True,True,True,MATCHED_LE_1_00,4.533333333333333,Q2 (3-8m),2026-03-02 12:46:12+00:00,2026-03-02 12:50:44+00:00,2026-03-02 12:46:00+00:00,158,86192606,158,2026-03-02 12:46:00+00:00,,False,155,1,0,True,86192606,2026-03-02 12:46:12+00:00,0,False,discovery
86558318,Buy,0.01,2026-03-03T07:57:14,2026-03-03T07:58:46,2026-03-03 05:57:14,2026-03-03 05:58:46,5313.09,3.34,2026-03-03 05:57:14.153,5315.015,5315.902,5315.458500000001,0.8869999999997162,0.153,5315.902,2.811999999999898,2026-03-03 05:58:46.146,5316.105,5317.155,5316.629999999999,1.050000000000182,0.146,5316.105,3.014999999999418,0.203,1.1715,3.137,2.1685,False,False,False,True,True,MATCHED_LE_3_00,1.5333333333333334,Q1 (0-3m),2026-03-03 05:57:14+00:00,2026-03-03 05:58:46+00:00,2026-03-03 05:57:00+00:00,159,86558318,159,2026-03-03 05:57:00+00:00,,False,156,1,0,True,86558318,2026-03-03 05:57:14+00:00,0,False,discovery
86624724,Buy,0.01,2026-03-03T12:45:26,2026-03-03T12:46:57,2026-03-03 10:45:26,2026-03-03 10:46:57,5257.55,-2.93,2026-03-03 10:45:26.293,5256.525,5257.425,5256.975,0.9000000000005457,0.293,5257.425,0.125,2026-03-03 10:46:57.859,5254.365,5255.195,5254.78,0.8299999999999272,0.859,5254.365,3.1850000000004,-3.06,-2.195,0.13,-0.735,True,True,True,True,True,MATCHED_LE_1_00,1.5166666666666666,Q1 (0-3m),2026-03-03 10:45:26+00:00,2026-03-03 10:46:57+00:00,2026-03-03 10:45:00+00:00,160,86624724,160,2026-03-03 10:45:00+00:00,,False,157,1,0,True,86624724,2026-03-03 10:45:26+00:00,0,False,discovery
86716303,Buy,0.01,2026-03-03T16:46:45,2026-03-03T16:46:49,2026-03-03 14:46:45,2026-03-03 14:46:49,5065.94,3.74,2026-03-03 14:46:44.979,5065.185,5066.915,5066.05,1.7299999999995634,-0.021,5066.915,0.9750000000003638,2026-03-03 14:46:49.012,5069.835,5071.425,5070.63,1.5900000000001455,0.012,5069.835,3.895000000000437,2.92,4.58,0.82,-0.84,False,True,True,True,True,MATCHED_LE_1_00,0.0666666666666666,Q1 (0-3m),2026-03-03 14:46:45+00:00,2026-03-03 14:46:49+00:00,2026-03-03 14:46:00+00:00,161,86716303,161,2026-03-03 14:46:00+00:00,,False,158,1,0,True,86716303,2026-03-03 14:46:45+00:00,0,False,discovery
86773790,Buy,0.01,2026-03-04T09:45:10,2026-03-04T09:46:43,2026-03-04 07:45:10,2026-03-04 07:46:43,5170.2,2.28,2026-03-04 07:45:09.596,5168.905,5169.635,5169.27,0.7300000000004729,-0.404,5169.635,0.5649999999995998,2026-03-04 07:46:42.321,5172.665,5173.385,5173.025,0.7200000000002547,-0.679,5172.665,2.465000000000145,3.03,3.755,-0.75,-1.475,False,True,True,True,True,MATCHED_LE_1_00,1.55,Q1 (0-3m),2026-03-04 07:45:10+00:00,2026-03-04 07:46:43+00:00,2026-03-04 07:45:00+00:00,162,86773790,162,2026-03-04 07:45:00+00:00,,False,159,1,0,True,86773790,2026-03-04 07:45:10+00:00,0,False,discovery
86784552,Buy,0.01,2026-03-04T13:12:36,2026-03-04T13:15:03,2026-03-04 11:12:36,2026-03-04 11:15:03,5193.8,1.39,2026-03-04 11:12:35.266,5194.275,5194.955,5194.615,0.680000000000291,-0.734,5194.955,1.1549999999997451,2026-03-04 11:15:01.974,5195.015,5195.675,5195.345,0.6599999999998545,-1.026,5195.015,1.2150000000001455,0.06,0.73,1.33,0.66,False,False,True,True,True,MATCHED_LE_3_00,2.45,Q1 (0-3m),2026-03-04 11:12:36+00:00,2026-03-04 11:15:03+00:00,2026-03-04 11:12:00+00:00,163,86784552,163,2026-03-04 11:12:00+00:00,,False,160,1,0,True,86784552,2026-03-04 11:12:36+00:00,0,False,discovery
86894280,Sell,0.01,2026-03-05T09:02:29,2026-03-05T09:04:54,2026-03-05 07:02:29,2026-03-05 07:04:54,5171.81,0.31,2026-03-05 07:02:29.184,5171.745,5172.435,5172.09,0.6900000000005093,0.184,5171.745,0.0650000000005093,2026-03-05 07:04:53.805,5170.865,5171.535,5171.2,0.6700000000000728,-0.195,5171.535,0.2750000000005457,0.21,0.89,0.1,-0.58,True,True,True,True,True,MATCHED_LE_1_00,2.4166666666666665,Q1 (0-3m),2026-03-05 07:02:29+00:00,2026-03-05 07:04:54+00:00,2026-03-05 07:02:00+00:00,164,86894280,164,2026-03-05 07:02:00+00:00,,False,161,1,0,True,86894280,2026-03-05 07:02:29+00:00,0,False,discovery
87000308,Sell,0.01,2026-03-05T21:20:01,2026-03-05T21:22:51,2026-03-05 19:20:01,2026-03-05 19:22:51,5069.24,1.09,2026-03-05 19:20:01.009,5070.055,5070.895,5070.475,0.8400000000001455,0.009,5070.055,0.8150000000005093,2026-03-05 19:22:50.965,5067.085,5067.925,5067.505,0.8400000000001455,-0.035,5067.925,1.3149999999995998,2.13,2.97,-1.04,-1.88,False,True,True,True,True,MATCHED_LE_1_00,2.833333333333333,Q1 (0-3m),2026-03-05 19:20:01+00:00,2026-03-05 19:22:51+00:00,2026-03-05 19:20:00+00:00,165,87000308,165,2026-03-05 19:20:00+00:00,,False,162,1,0,True,87000308,2026-03-05 19:20:01+00:00,0,False,discovery
87025580,Buy,0.01,2026-03-06T07:23:56,2026-03-06T07:27:34,2026-03-06 05:23:56,2026-03-06 05:27:34,5124.63,2.78,2026-03-06 05:23:56.307,5125.205,5125.965,5125.585,0.7600000000002183,0.307,5125.965,1.3350000000000364,2026-03-06 05:27:34.554,5127.345,5128.105,5127.725,0.7599999999993088,0.554,5127.345,2.715000000000145,1.38,2.14,1.4,0.64,False,False,True,True,True,MATCHED_LE_3_00,3.633333333333333,Q2 (3-8m),2026-03-06 05:23:56+00:00,2026-03-06 05:27:34+00:00,2026-03-06 05:23:00+00:00,166,87025580,166,2026-03-06 05:23:00+00:00,,False,163,1,0,True,87025580,2026-03-06 05:23:56+00:00,0,False,discovery
87031092,Buy,0.01,2026-03-06T10:19:20,2026-03-06T10:20:51,2026-03-06 08:19:20,2026-03-06 08:20:51,5113.18,0.38,2026-03-06 07:59:59.687,5119.435,5120.265,5119.85,0.8299999999999272,-1160.313,5120.265,7.085000000000036,2026-03-06 07:59:59.687,5119.435,5120.265,5119.85,0.8299999999999272,-1251.313,5119.435,6.255000000000109,-0.83,0.0,1.21,0.38,False,False,False,False,False,TOLERANCE_EXCEEDED,1.5166666666666666,Q1 (0-3m),2026-03-06 08:19:20+00:00,2026-03-06 08:20:51+00:00,2026-03-06 08:19:00+00:00,167,87031092,167,2026-03-06 08:19:00+00:00,,False,164,1,0,True,87031092,2026-03-06 08:19:20+00:00,0,False,discovery
87193343,Buy,0.01,2026-03-09T09:09:59,2026-03-09T09:23:35,2026-03-09 07:09:59,2026-03-09 07:23:35,5126.92,0.59,2026-03-09 06:59:59.882,5097.385,5098.155,5097.77,0.7699999999995271,-599.118,5098.155,28.765000000000327,2026-03-09 06:59:59.882,5097.385,5098.155,5097.77,0.7699999999995271,-1415.118,5097.385,29.53499999999985,-0.77,0.0,1.36,0.59,False,False,False,False,False,TOLERANCE_EXCEEDED,13.6,Q3 (8-16m),2026-03-09 07:09:59+00:00,2026-03-09 07:23:35+00:00,2026-03-09 07:09:00+00:00,168,87193343,168,2026-03-09 07:09:00+00:00,,False,165,1,0,True,87193343,2026-03-09 07:09:59+00:00,0,False,discovery
87220510,Buy,0.01,2026-03-09T10:55:33,2026-03-09T11:00:04,2026-03-09 08:55:33,2026-03-09 09:00:04,5095.55,4.36,2026-03-09 08:55:33.023,5095.645,5096.315,5095.98,0.6699999999991633,0.023,5096.315,0.7649999999994179,2026-03-09 09:00:04.263,5095.595,5096.265,5095.93,0.6700000000000728,0.263,5095.595,0.0450000000000727,-0.72,-0.05,5.08,4.41,False,True,True,True,True,MATCHED_LE_1_00,4.516666666666667,Q2 (3-8m),2026-03-09 08:55:33+00:00,2026-03-09 09:00:04+00:00,2026-03-09 08:55:00+00:00,169,87220510,169,2026-03-09 08:55:00+00:00,,False,166,1,0,True,87220510,2026-03-09 08:55:33+00:00,0,False,discovery
87303856,Buy,0.01,2026-03-09T14:32:49,2026-03-09T14:34:35,2026-03-09 12:32:49,2026-03-09 12:34:35,5085.0,-0.47,2026-03-09 12:32:49.009,5110.498,5111.325,5110.9115,0.8270000000002256,0.009,5111.325,26.324999999999815,2026-03-09 12:34:35.605,5109.018,5109.715,5109.3665,0.6970000000001164,0.605,5109.018,24.01800000000003,-2.307,-1.545,1.837,1.075,False,False,False,False,False,TOLERANCE_EXCEEDED,1.7666666666666666,Q1 (0-3m),2026-03-09 12:32:49+00:00,2026-03-09 12:34:35+00:00,2026-03-09 12:32:00+00:00,170,87303856,170,2026-03-09 12:32:00+00:00,,False,167,1,0,True,87303856,2026-03-09 12:32:49+00:00,0,False,discovery
87433721,Sell,0.01,2026-03-10T09:45:41,2026-03-10T09:47:05,2026-03-10 07:45:41,2026-03-10 07:47:05,5177.12,2.13,2026-03-10 07:45:41.142,5178.335,5178.995,5178.665,0.6599999999998545,0.142,5178.335,1.2150000000001455,2026-03-10 07:47:05.052,5175.305,5175.975,5175.64,0.6700000000000728,0.052,5175.975,1.144999999999527,2.36,3.025,-0.23,-0.895,False,False,True,True,True,MATCHED_LE_3_00,1.4,Q1 (0-3m),2026-03-10 07:45:41+00:00,2026-03-10 07:47:05+00:00,2026-03-10 07:45:00+00:00,171,87433721,171,2026-03-10 07:45:00+00:00,,False,168,1,0,True,87433721,2026-03-10 07:45:41+00:00,0,False,discovery
87436917,Sell,0.01,2026-03-10T10:43:46,2026-03-10T10:45:25,2026-03-10 08:43:46,2026-03-10 08:45:25,5175.96,-2.6,2026-03-10 08:43:46.219,5191.945,5192.615,5192.28,0.6700000000000728,0.219,5191.945,15.984999999999673,2026-03-10 08:45:25.023,5192.115,5192.775,5192.445,0.6599999999998545,0.023,5192.775,16.8149999999996,-0.83,-0.165,-1.77,-2.435,False,False,False,False,False,TOLERANCE_EXCEEDED,1.65,Q1 (0-3m),2026-03-10 08:43:46+00:00,2026-03-10 08:45:25+00:00,2026-03-10 08:43:00+00:00,172,87436917,172,2026-03-10 08:43:00+00:00,,False,169,1,0,True,87436917,2026-03-10 08:43:46+00:00,0,False,discovery
87455839,Sell,0.01,2026-03-10T11:14:56,2026-03-10T11:25:53,2026-03-10 09:14:56,2026-03-10 09:25:53,5181.42,1.58,2026-03-10 09:14:56.070,5187.765,5188.425,5188.095,0.6599999999998545,0.07,5187.765,6.345000000000255,2026-03-10 09:25:51.888,5183.485,5184.155,5183.82,0.6700000000000728,-1.112,5184.155,2.7349999999996726,3.61,4.275,-2.03,-2.695,False,False,False,False,False,TOLERANCE_EXCEEDED,10.95,Q3 (8-16m),2026-03-10 09:14:56+00:00,2026-03-10 09:25:53+00:00,2026-03-10 09:14:00+00:00,173,87455839,173,2026-03-10 09:14:00+00:00,,False,170,1,0,True,87455839,2026-03-10 09:14:56+00:00,0,False,discovery
87634841,Sell,0.01,2026-03-11T10:08:12,2026-03-11T10:27:49,2026-03-11 08:08:12,2026-03-11 08:27:49,5199.84,2.84,2026-03-11 08:08:11.836,5193.825,5194.455,5194.139999999999,0.6300000000001091,-0.164,5193.825,6.015000000000327,2026-03-11 08:27:48.531,5182.745,5183.385,5183.0650000000005,0.6400000000003274,-0.469,5183.385,16.454999999999927,10.44,11.075,-7.6,-8.235,False,False,False,False,False,TOLERANCE_EXCEEDED,19.616666666666667,Q4 (16m+),2026-03-11 08:08:12+00:00,2026-03-11 08:27:49+00:00,2026-03-11 08:08:00+00:00,174,87634841,174,2026-03-11 08:08:00+00:00,,False,171,1,0,True,87634841,2026-03-11 08:08:12+00:00,0,False,discovery
87640068,Buy,0.01,2026-03-11T12:39:31,2026-03-11T12:39:50,2026-03-11 10:39:31,2026-03-11 10:39:50,5194.32,1.11,2026-03-11 10:39:31.352,5181.988,5182.635,5182.3115,0.6469999999999345,0.352,5182.635,11.68499999999949,2026-03-11 10:39:49.977,5184.335,5185.092,5184.7135,0.7569999999996071,-0.023,5184.335,9.984999999999673,1.7,2.402,-0.59,-1.292,False,False,False,False,False,TOLERANCE_EXCEEDED,0.3166666666666666,Q1 (0-3m),2026-03-11 10:39:31+00:00,2026-03-11 10:39:50+00:00,2026-03-11 10:39:00+00:00,175,87640068,175,2026-03-11 10:39:00+00:00,,False,172,1,0,True,87640068,2026-03-11 10:39:31+00:00,0,False,discovery
87715345,Buy,0.01,2026-03-12T09:41:54,2026-03-12T09:42:17,2026-03-12 07:41:54,2026-03-12 07:42:17,5166.74,1.86,2026-03-12 07:41:54.015,5172.808,5173.425,5173.1165,0.6170000000001892,0.015,5173.425,6.6850000000004,2026-03-12 07:42:17.001,5175.425,5176.055,5175.74,0.6300000000001091,0.001,5175.425,8.6850000000004,2.0,2.6235,-0.14,-0.7635,False,False,False,False,False,TOLERANCE_EXCEEDED,0.3833333333333333,Q1 (0-3m),2026-03-12 07:41:54+00:00,2026-03-12 07:42:17+00:00,2026-03-12 07:41:00+00:00,176,87715345,176,2026-03-12 07:41:00+00:00,,False,173,1,0,True,87715345,2026-03-12 07:41:54+00:00,0,False,discovery
87725200,Buy,0.01,2026-03-12T11:02:44,2026-03-12T11:03:14,2026-03-12 09:02:44,2026-03-12 09:03:14,5184.43,-1.27,2026-03-12 09:02:43.994,5179.158,5179.765,5179.4615,0.6069999999999709,-0.006,5179.765,4.664999999999964,2026-03-12 09:03:14.470,5178.285,5178.915,5178.6,0.6300000000001091,0.47,5178.285,6.145000000000437,-1.48,-0.8615,0.21,-0.4085,False,False,False,False,True,TOLERANCE_EXCEEDED,0.5,Q1 (0-3m),2026-03-12 09:02:44+00:00,2026-03-12 09:03:14+00:00,2026-03-12 09:02:00+00:00,177,87725200,177,2026-03-12 09:02:00+00:00,,False,174,1,0,True,87725200,2026-03-12 09:02:44+00:00,0,False,discovery
87728679,Buy,0.01,2026-03-12T13:51:53,2026-03-12T13:53:27,2026-03-12 11:51:53,2026-03-12 11:53:27,5180.83,-1.53,2026-03-12 11:51:53.748,5179.005,5179.635,5179.32,0.6300000000001091,0.748,5179.635,1.194999999999709,2026-03-12 11:53:26.910,5177.535,5178.175,5177.855,0.6400000000003274,-0.09,5177.535,3.2950000000000728,-2.1,-1.465,0.57,-0.065,False,False,True,True,True,MATCHED_LE_3_00,1.5666666666666669,Q1 (0-3m),2026-03-12 11:51:53+00:00,2026-03-12 11:53:27+00:00,2026-03-12 11:51:00+00:00,178,87728679,178,2026-03-12 11:51:00+00:00,,False,175,1,0,True,87728679,2026-03-12 11:51:53+00:00,0,False,discovery
87728889,Buy,0.01,2026-03-12T13:54:26,2026-03-12T14:11:23,2026-03-12 11:54:26,2026-03-12 12:11:23,5179.35,1.79,2026-03-12 11:54:25.865,5176.355,5176.995,5176.674999999999,0.6400000000003274,-0.135,5176.995,2.355000000000473,2026-03-12 12:11:23.466,5167.905,5168.535,5168.219999999999,0.6300000000001091,0.466,5167.905,11.445000000000618,-9.09,-8.455,10.88,10.245,False,False,False,True,True,MATCHED_LE_3_00,16.95,Q4 (16m+),2026-03-12 11:54:26+00:00,2026-03-12 12:11:23+00:00,2026-03-12 11:54:00+00:00,179,87728889,179,2026-03-12 11:54:00+00:00,,False,176,1,0,True,87728889,2026-03-12 11:54:26+00:00,0,False,discovery
87764166,Buy,0.01,2026-03-12T18:26:23,2026-03-12T18:27:14,2026-03-12 16:26:23,2026-03-12 16:27:14,5128.93,0.76,2026-03-12 16:26:22.992,5132.018,5132.935,5132.476500000001,0.9170000000003712,-0.008,5132.935,4.005000000000109,2026-03-12 16:27:13.977,5133.505,5134.125,5133.8150000000005,0.6199999999998909,-0.023,5133.505,4.574999999999818,0.57,1.3385,0.19,-0.5785,False,False,False,False,True,TOLERANCE_EXCEEDED,0.85,Q1 (0-3m),2026-03-12 16:26:23+00:00,2026-03-12 16:27:14+00:00,2026-03-12 16:26:00+00:00,180,87764166,180,2026-03-12 16:26:00+00:00,,False,177,1,0,True,87764166,2026-03-12 16:26:23+00:00,0,False,discovery
87966615,Sell,0.01,2026-03-13T08:37:52,2026-03-13T08:39:29,2026-03-13 06:37:52,2026-03-13 06:39:29,5108.89,1.02,2026-03-13 06:37:51.576,5089.645,5090.355,5090.0,0.7099999999991269,-0.424,5089.645,19.24499999999989,2026-03-13 06:39:29.218,5092.345,5093.055,5092.700000000001,0.7100000000000364,0.218,5093.055,15.835000000000036,-3.41,-2.7,4.43,3.72,False,False,False,False,False,TOLERANCE_EXCEEDED,1.6166666666666667,Q1 (0-3m),2026-03-13 06:37:52+00:00,2026-03-13 06:39:29+00:00,2026-03-13 06:37:00+00:00,181,87966615,181,2026-03-13 06:37:00+00:00,,False,178,1,0,True,87966615,2026-03-13 06:37:52+00:00,0,False,discovery
88014898,Buy,0.01,2026-03-13T13:14:10,2026-03-13T13:15:48,2026-03-13 11:14:10,2026-03-13 11:15:48,5092.79,1.37,2026-03-13 11:14:10.133,5090.865,5091.495,5091.18,0.6300000000001091,0.133,5091.495,1.2950000000000728,2026-03-13 11:15:48.054,5089.465,5090.095,5089.780000000001,0.6300000000001091,0.054,5089.465,3.324999999999818,-2.03,-1.4,3.4,2.77,False,False,True,True,True,MATCHED_LE_3_00,1.6333333333333333,Q1 (0-3m),2026-03-13 11:14:10+00:00,2026-03-13 11:15:48+00:00,2026-03-13 11:14:00+00:00,182,88014898,182,2026-03-13 11:14:00+00:00,,False,179,1,0,True,88014898,2026-03-13 11:14:10+00:00,0,False,discovery
88015942,Sell,0.01,2026-03-13T13:36:51,2026-03-13T13:37:20,2026-03-13 11:36:51,2026-03-13 11:37:20,5084.43,-0.69,2026-03-13 11:36:50.220,5093.745,5094.375,5094.06,0.6300000000001091,-0.78,5093.745,9.3149999999996,2026-03-13 11:37:20.127,5093.805,5094.445,5094.125,0.6399999999994179,0.127,5094.445,10.014999999999418,-0.7,-0.065,0.01,-0.625,False,False,False,False,False,TOLERANCE_EXCEEDED,0.4833333333333333,Q1 (0-3m),2026-03-13 11:36:51+00:00,2026-03-13 11:37:20+00:00,2026-03-13 11:36:00+00:00,183,88015942,183,2026-03-13 11:36:00+00:00,,False,180,1,0,True,88015942,2026-03-13 11:36:51+00:00,0,False,discovery
88144292,Sell,0.01,2026-03-16T07:46:16,2026-03-16T07:54:51,2026-03-16 05:46:16,2026-03-16 05:54:51,5016.02,0.35,2026-03-16 05:46:15.996,5016.805,5017.565,5017.185,0.7599999999993088,-0.004,5016.805,0.7849999999998545,2026-03-16 05:54:51.224,5019.235,5019.702,5019.4685,0.467000000000553,0.224,5019.702,3.681999999999789,-2.897,-2.2835,3.247,2.6335,False,True,True,True,True,MATCHED_LE_1_00,8.583333333333334,Q3 (8-16m),2026-03-16 05:46:16+00:00,2026-03-16 05:54:51+00:00,2026-03-16 05:46:00+00:00,184,88144292,184,2026-03-16 05:46:00+00:00,,False,181,1,0,True,88144292,2026-03-16 05:46:16+00:00,0,False,discovery
88154082,Sell,0.01,2026-03-16T11:07:53,2026-03-16T11:09:35,2026-03-16 09:07:53,2026-03-16 09:09:35,4996.64,0.99,2026-03-16 09:07:52.899,4983.535,4984.165,4983.85,0.6300000000001091,-0.101,4983.535,13.105000000000471,2026-03-16 09:09:35.393,4983.595,4984.225,4983.91,0.6300000000001091,0.393,4984.225,12.414999999999964,-0.69,-0.06,1.68,1.05,False,False,False,False,False,TOLERANCE_EXCEEDED,1.7,Q1 (0-3m),2026-03-16 09:07:53+00:00,2026-03-16 09:09:35+00:00,2026-03-16 09:07:00+00:00,185,88154082,185,2026-03-16 09:07:00+00:00,,False,182,1,0,True,88154082,2026-03-16 09:07:53+00:00,0,False,discovery
88163179,Sell,0.01,2026-03-16T14:10:40,2026-03-16T14:11:07,2026-03-16 12:10:40,2026-03-16 12:11:07,5002.98,-2.0,2026-03-16 12:10:39.432,4999.735,5000.365,5000.049999999999,0.6300000000001091,-0.568,4999.735,3.244999999999891,2026-03-16 12:11:06.938,5001.385,5002.015,5001.700000000001,0.6300000000001091,-0.062,5002.015,0.964999999999236,-2.28,-1.65,0.28,-0.35,False,False,False,False,True,TOLERANCE_EXCEEDED,0.45,Q1 (0-3m),2026-03-16 12:10:40+00:00,2026-03-16 12:11:07+00:00,2026-03-16 12:10:00+00:00,186,88163179,186,2026-03-16 12:10:00+00:00,,False,183,1,0,True,88163179,2026-03-16 12:10:40+00:00,0,False,discovery
88172039,Sell,0.01,2026-03-16T14:42:45,2026-03-16T14:45:20,2026-03-16 12:42:45,2026-03-16 12:45:20,5018.75,1.64,2026-03-16 12:42:45.146,5022.055,5022.685,5022.370000000001,0.6300000000001091,0.146,5022.055,3.305000000000291,2026-03-16 12:45:20.025,5021.285,5021.915,5021.6,0.6300000000001091,0.025,5021.915,3.164999999999964,0.14,0.77,1.5,0.87,False,False,False,False,True,TOLERANCE_EXCEEDED,2.583333333333333,Q1 (0-3m),2026-03-16 12:42:45+00:00,2026-03-16 12:45:20+00:00,2026-03-16 12:42:00+00:00,187,88172039,187,2026-03-16 12:42:00+00:00,,False,184,1,0,True,88172039,2026-03-16 12:42:45+00:00,0,False,discovery
88320644,Buy,0.01,2026-03-17T11:20:44,2026-03-17T11:21:56,2026-03-17 09:20:44,2026-03-17 09:21:56,5027.35,0.72,2026-03-17 09:20:44.000,5013.825,5014.455,5014.139999999999,0.6300000000001091,0.0,5014.455,12.895000000000437,2026-03-17 09:21:55.945,5016.475,5017.125,5016.8,0.6499999999996362,-0.055,5016.475,10.875,2.02,2.66,-1.3,-1.94,False,False,False,False,False,TOLERANCE_EXCEEDED,1.2,Q1 (0-3m),2026-03-17 09:20:44+00:00,2026-03-17 09:21:56+00:00,2026-03-17 09:20:00+00:00,188,88320644,188,2026-03-17 09:20:00+00:00,,False,185,1,0,True,88320644,2026-03-17 09:20:44+00:00,0,False,discovery
88335699,Buy,0.01,2026-03-17T16:10:39,2026-03-17T16:12:13,2026-03-17 14:10:39,2026-03-17 14:12:13,5012.85,3.73,2026-03-17 14:10:39.030,5017.485,5018.115,5017.799999999999,0.6300000000001091,0.03,5018.115,5.264999999999418,2026-03-17 14:12:12.891,5016.425,5017.055,5016.74,0.6300000000001091,-0.109,5016.425,3.574999999999818,-1.69,-1.06,5.42,4.79,False,False,False,False,False,TOLERANCE_EXCEEDED,1.5666666666666669,Q1 (0-3m),2026-03-17 14:10:39+00:00,2026-03-17 14:12:13+00:00,2026-03-17 14:10:00+00:00,189,88335699,189,2026-03-17 14:10:00+00:00,,False,186,1,0,True,88335699,2026-03-17 14:10:39+00:00,0,False,discovery
88511817,Buy,0.01,2026-03-18T12:31:31,2026-03-18T12:36:05,2026-03-18 10:31:31,2026-03-18 10:36:05,4992.63,1.42,2026-03-18 10:31:30.924,4982.865,4983.535,4983.2,0.6700000000000728,-0.076,4983.535,9.095000000000256,2026-03-18 10:36:04.994,4965.055,4965.725,4965.39,0.6700000000000728,-0.006,4965.055,27.574999999999815,-18.48,-17.81,19.9,19.23,False,False,False,False,False,TOLERANCE_EXCEEDED,4.566666666666666,Q2 (3-8m),2026-03-18 10:31:31+00:00,2026-03-18 10:36:05+00:00,2026-03-18 10:31:00+00:00,190,88511817,190,2026-03-18 10:31:00+00:00,,False,187,1,0,True,88511817,2026-03-18 10:31:31+00:00,0,False,discovery
88577933,Sell,0.01,2026-03-18T16:30:56,2026-03-18T16:31:29,2026-03-18 14:30:56,2026-03-18 14:31:29,4858.4,1.81,2026-03-18 14:30:55.975,4858.905,4859.695,4859.299999999999,0.7899999999999636,-0.025,4858.905,0.5050000000001091,2026-03-18 14:31:28.970,4860.755,4861.545,4861.15,0.7899999999999636,-0.03,4861.545,3.145000000000437,-2.64,-1.85,4.45,3.66,False,True,True,True,True,MATCHED_LE_1_00,0.55,Q1 (0-3m),2026-03-18 14:30:56+00:00,2026-03-18 14:31:29+00:00,2026-03-18 14:30:00+00:00,191,88577933,191,2026-03-18 14:30:00+00:00,,False,188,1,0,True,88577933,2026-03-18 14:30:56+00:00,0,False,discovery
89517529,Sell,0.01,2026-03-23T08:13:59,2026-03-23T08:15:37,2026-03-23 06:13:59,2026-03-23 06:15:37,4375.13,3.22,2026-03-23 06:13:58.981,4274.625,4275.445,4275.035,0.819999999999709,-0.019,4274.625,100.50500000000012,2026-03-23 06:15:37.075,4304.725,4305.535,4305.13,0.8099999999994907,0.075,4305.535,69.59500000000025,-30.91,-30.095,34.13,33.315,False,False,False,False,False,TOLERANCE_EXCEEDED,1.6333333333333333,Q1 (0-3m),2026-03-23 06:13:59+00:00,2026-03-23 06:15:37+00:00,2026-03-23 06:13:00+00:00,192,89517529,192,2026-03-23 06:13:00+00:00,,False,189,1,0,True,89517529,2026-03-23 06:13:59+00:00,0,False,discovery
89770716,Buy,0.01,2026-03-23T10:06:57,2026-03-23T10:07:35,2026-03-23 08:06:57,2026-03-23 08:07:35,4150.69,1.55,2026-03-23 08:06:57.024,4235.115,4235.852,4235.4835,0.73700000000008,0.024,4235.852,85.16200000000026,2026-03-23 08:07:35.059,4234.415,4235.172,4234.7935,0.7569999999996071,0.059,4234.415,83.72500000000036,-1.437,-0.69,2.987,2.24,False,False,False,False,False,TOLERANCE_EXCEEDED,0.6333333333333333,Q1 (0-3m),2026-03-23 08:06:57+00:00,2026-03-23 08:07:35+00:00,2026-03-23 08:06:00+00:00,193,89770716,193,2026-03-23 08:06:00+00:00,,False,190,1,0,True,89770716,2026-03-23 08:06:57+00:00,0,False,discovery
89797106,Sell,0.01,2026-03-23T16:23:44,2026-03-23T16:24:32,2026-03-23 14:23:44,2026-03-23 14:24:32,4428.76,9.16,2026-03-23 14:23:43.990,4493.915,4494.695,4494.305,0.7799999999997453,-0.01,4493.915,65.15499999999975,2026-03-23 14:24:31.978,4499.585,4500.395,4499.99,0.8100000000004002,-0.022,4500.395,71.63500000000022,-6.48,-5.685,15.64,14.845,False,False,False,False,False,TOLERANCE_EXCEEDED,0.8,Q1 (0-3m),2026-03-23 14:23:44+00:00,2026-03-23 14:24:32+00:00,2026-03-23 14:23:00+00:00,194,89797106,194,2026-03-23 14:23:00+00:00,,False,191,1,0,True,89797106,2026-03-23 14:23:44+00:00,0,False,discovery
90052400,Buy,0.01,2026-03-24T11:47:16,2026-03-24T11:50:01,2026-03-24 09:47:16,2026-03-24 09:50:01,4406.14,3.09,2026-03-24 09:47:16.075,4416.185,4417.172,4416.6785,0.9869999999991704,0.075,4417.172,11.031999999999243,2026-03-24 09:50:01.162,4417.095,4418.085,4417.59,0.9899999999997816,0.162,4417.095,10.954999999999927,-0.077,0.9115,3.167,2.1785,False,False,False,False,False,TOLERANCE_EXCEEDED,2.75,Q1 (0-3m),2026-03-24 09:47:16+00:00,2026-03-24 09:50:01+00:00,2026-03-24 09:47:00+00:00,195,90052400,195,2026-03-24 09:47:00+00:00,,False,192,1,0,True,90052400,2026-03-24 09:47:16+00:00,0,False,discovery
90054432,Sell,0.01,2026-03-24T12:52:17,2026-03-24T12:52:32,2026-03-24 10:52:17,2026-03-24 10:52:32,4414.38,0.31,2026-03-24 09:59:59.482,4425.945,4426.935,4426.4400000000005,0.9900000000006912,-3137.518,4425.945,11.5649999999996,2026-03-24 09:59:59.482,4425.945,4426.935,4426.4400000000005,0.9900000000006912,-3152.518,4426.935,12.555000000000293,-0.99,0.0,1.3,0.31,False,False,False,False,False,TOLERANCE_EXCEEDED,0.25,Q1 (0-3m),2026-03-24 10:52:17+00:00,2026-03-24 10:52:32+00:00,2026-03-24 10:52:00+00:00,196,90054432,196,2026-03-24 10:52:00+00:00,,False,193,1,0,True,90054432,2026-03-24 10:52:17+00:00,0,False,discovery
90080406,Buy,0.01,2026-03-24T15:58:26,2026-03-24T15:59:58,2026-03-24 13:58:26,2026-03-24 13:59:58,4379.38,-0.32,2026-03-24 13:58:25.990,4372.228,4373.355,4372.791499999999,1.126999999999498,-0.01,4373.355,6.025000000000546,2026-03-24 13:59:58.129,4379.975,4381.022,4380.4985,1.0469999999995707,0.129,4379.975,0.5950000000002547,6.62,7.707,-6.94,-8.027,False,False,False,False,False,TOLERANCE_EXCEEDED,1.5333333333333334,Q1 (0-3m),2026-03-24 13:58:26+00:00,2026-03-24 13:59:58+00:00,2026-03-24 13:58:00+00:00,197,90080406,197,2026-03-24 13:58:00+00:00,,False,194,1,0,True,90080406,2026-03-24 13:58:26+00:00,0,False,discovery
90081363,Buy,0.01,2026-03-24T16:11:15,2026-03-24T16:12:55,2026-03-24 14:11:15,2026-03-24 14:12:55,4373.05,4.79,2026-03-24 14:11:14.986,4402.918,4403.695,4403.3065,0.7770000000000437,-0.014,4403.695,30.644999999999527,2026-03-24 14:12:54.989,4391.998,4392.695,4392.3465,0.6970000000001164,-0.011,4391.998,18.94799999999941,-11.697,-10.96,16.487,15.75,False,False,False,False,False,TOLERANCE_EXCEEDED,1.6666666666666667,Q1 (0-3m),2026-03-24 14:11:15+00:00,2026-03-24 14:12:55+00:00,2026-03-24 14:11:00+00:00,198,90081363,198,2026-03-24 14:11:00+00:00,,False,195,1,0,True,90081363,2026-03-24 14:11:15+00:00,0,False,discovery
90188256,Buy,0.01,2026-03-25T08:35:47,2026-03-25T08:40:21,2026-03-25 06:35:47,2026-03-25 06:40:21,4554.47,3.9,2026-03-25 06:35:47.166,4552.805,4553.795,4553.3,0.9899999999997816,0.166,4553.795,0.6750000000001819,2026-03-25 06:40:21.015,4545.375,4546.365,4545.87,0.9899999999997816,0.015,4545.375,9.095000000000256,-8.42,-7.43,12.32,11.33,False,True,True,True,True,MATCHED_LE_1_00,4.566666666666666,Q2 (3-8m),2026-03-25 06:35:47+00:00,2026-03-25 06:40:21+00:00,2026-03-25 06:35:00+00:00,199,90188256,199,2026-03-25 06:35:00+00:00,,False,196,1,0,True,90188256,2026-03-25 06:35:47+00:00,0,False,discovery
90192607,Sell,0.01,2026-03-25T11:00:18,2026-03-25T11:00:31,2026-03-25 09:00:18,2026-03-25 09:00:31,4538.29,-1.31,2026-03-25 09:00:18.284,4555.125,4555.735,4555.43,0.6099999999996726,0.284,4555.125,16.835000000000036,2026-03-25 09:00:31.133,4554.815,4555.432,4555.1235,0.6170000000001892,0.133,4555.432,17.141999999999825,-0.307,0.3065,-1.003,-1.6165,False,False,False,False,False,TOLERANCE_EXCEEDED,0.2166666666666666,Q1 (0-3m),2026-03-25 09:00:18+00:00,2026-03-25 09:00:31+00:00,2026-03-25 09:00:00+00:00,200,90192607,200,2026-03-25 09:00:00+00:00,,False,197,1,0,True,90192607,2026-03-25 09:00:18+00:00,0,False,discovery
90194077,Buy,0.01,2026-03-25T11:38:04,2026-03-25T11:44:39,2026-03-25 09:38:04,2026-03-25 09:44:39,4562.31,3.0,2026-03-25 09:38:03.995,4554.275,4554.885,4554.58,0.6100000000005821,-0.005,4554.885,7.425000000000182,2026-03-25 09:44:38.989,4550.165,4550.775,4550.469999999999,0.6099999999996726,-0.011,4550.165,12.145000000000437,-4.72,-4.11,7.72,7.11,False,False,False,False,False,TOLERANCE_EXCEEDED,6.583333333333333,Q2 (3-8m),2026-03-25 09:38:04+00:00,2026-03-25 09:44:39+00:00,2026-03-25 09:38:00+00:00,201,90194077,201,2026-03-25 09:38:00+00:00,,False,198,1,0,True,90194077,2026-03-25 09:38:04+00:00,0,False,discovery
90297337,Buy,0.01,2026-03-26T10:48:11,2026-03-26T10:48:39,2026-03-26 08:48:11,2026-03-26 08:48:39,4454.88,2.62,2026-03-26 08:48:10.950,4427.135,4428.125,4427.63,0.9899999999997816,-0.05,4428.125,26.75500000000011,2026-03-26 08:48:39.405,4425.435,4426.435,4425.935,1.0,0.405,4425.435,29.44499999999971,-2.69,-1.695,5.31,4.315,False,False,False,False,False,TOLERANCE_EXCEEDED,0.4666666666666667,Q1 (0-3m),2026-03-26 08:48:11+00:00,2026-03-26 08:48:39+00:00,2026-03-26 08:48:00+00:00,202,90297337,202,2026-03-26 08:48:00+00:00,,False,199,1,0,True,90297337,2026-03-26 08:48:11+00:00,0,False,discovery
90303019,Buy,0.01,2026-03-26T13:49:34,2026-03-26T13:50:38,2026-03-26 11:49:34,2026-03-26 11:50:38,4436.97,9.85,2026-03-26 11:49:33.995,4425.905,4426.895,4426.4,0.9900000000006912,-0.005,4426.895,10.074999999999818,2026-03-26 11:50:37.969,4424.085,4425.075,4424.58,0.9899999999997816,-0.031,4424.085,12.885000000000218,-2.81,-1.82,12.66,11.67,False,False,False,False,False,TOLERANCE_EXCEEDED,1.0666666666666669,Q1 (0-3m),2026-03-26 11:49:34+00:00,2026-03-26 11:50:38+00:00,2026-03-26 11:49:00+00:00,203,90303019,203,2026-03-26 11:49:00+00:00,,False,200,1,0,True,90303019,2026-03-26 11:49:34+00:00,0,False,discovery
90367910,Buy,0.01,2026-03-27T10:43:56,2026-03-27T10:48:54,2026-03-27 08:43:56,2026-03-27 08:48:54,4447.18,3.72,2026-03-27 08:43:55.851,4437.355,4438.145,4437.75,0.7900000000008731,-0.149,4438.145,9.034999999999854,2026-03-27 08:48:54.123,4434.605,4435.395,4435.0,0.7900000000008731,0.123,4434.605,12.575000000000728,-3.54,-2.75,7.26,6.47,False,False,False,False,False,TOLERANCE_EXCEEDED,4.966666666666667,Q2 (3-8m),2026-03-27 08:43:56+00:00,2026-03-27 08:48:54+00:00,2026-03-27 08:43:00+00:00,204,90367910,204,2026-03-27 08:43:00+00:00,,False,201,1,0,True,90367910,2026-03-27 08:43:56+00:00,0,False,discovery
90383944,Buy,0.01,2026-03-27T17:23:51,2026-03-27T17:25:23,2026-03-27 15:23:51,2026-03-27 15:25:23,4457.82,6.24,2026-03-27 15:23:51.006,4554.295,4555.305,4554.8,1.0100000000002185,0.006,4555.305,97.48500000000058,2026-03-27 15:25:22.975,4544.998,4545.845,4545.4215,0.8470000000006621,-0.025,4544.998,87.17799999999988,-10.307,-9.3785,16.547,15.6185,False,False,False,False,False,TOLERANCE_EXCEEDED,1.5333333333333334,Q1 (0-3m),2026-03-27 15:23:51+00:00,2026-03-27 15:25:23+00:00,2026-03-27 15:23:00+00:00,205,90383944,205,2026-03-27 15:23:00+00:00,,False,202,1,0,True,90383944,2026-03-27 15:23:51+00:00,0,False,discovery
90446737,Sell,0.01,2026-03-30T10:30:21,2026-03-30T10:46:25,2026-03-30 07:30:21,2026-03-30 07:46:25,4525.59,4.07,2026-03-30 07:30:21.047,4524.975,4525.765,4525.370000000001,0.7899999999999636,0.047,4524.975,0.6149999999997817,2026-03-30 07:46:24.855,4520.545,4521.335,4520.9400000000005,0.7899999999999636,-0.145,4521.335,4.255000000000109,3.64,4.43,0.43,-0.36,False,True,True,True,True,MATCHED_LE_1_00,16.066666666666666,Q4 (16m+),2026-03-30 07:30:21+00:00,2026-03-30 07:46:25+00:00,2026-03-30 07:30:00+00:00,206,90446737,206,2026-03-30 07:30:00+00:00,,False,203,1,0,True,90446737,2026-03-30 07:30:21+00:00,0,False,discovery
90450144,Buy,0.01,2026-03-30T14:14:39,2026-03-30T14:15:03,2026-03-30 11:14:39,2026-03-30 11:15:03,4540.05,-2.03,2026-03-30 11:14:38.968,4538.935,4539.725,4539.33,0.7899999999999636,-0.032,4539.725,0.3249999999998181,2026-03-30 11:15:03.023,4538.095,4538.885,4538.49,0.7899999999999636,0.023,4538.095,1.9549999999999272,-1.63,-0.84,-0.4,-1.19,True,True,True,True,True,MATCHED_LE_1_00,0.4,Q1 (0-3m),2026-03-30 11:14:39+00:00,2026-03-30 11:15:03+00:00,2026-03-30 11:14:00+00:00,207,90450144,207,2026-03-30 11:14:00+00:00,,False,204,1,0,True,90450144,2026-03-30 11:14:39+00:00,0,False,discovery
90468624,Sell,0.01,2026-03-30T14:52:48,2026-03-30T14:54:29,2026-03-30 11:52:48,2026-03-30 11:54:29,4578.01,5.27,2026-03-30 11:52:47.988,4574.105,4574.905,4574.504999999999,0.8000000000001819,-0.012,4574.105,3.905000000000655,2026-03-30 11:54:28.969,4571.985,4572.775,4572.379999999999,0.7899999999999636,-0.031,4572.775,5.235000000000582,1.33,2.125,3.94,3.145,False,False,False,False,True,TOLERANCE_EXCEEDED,1.6833333333333331,Q1 (0-3m),2026-03-30 11:52:48+00:00,2026-03-30 11:54:29+00:00,2026-03-30 11:52:00+00:00,208,90468624,208,2026-03-30 11:52:00+00:00,,False,205,1,0,True,90468624,2026-03-30 11:52:48+00:00,0,False,discovery
90670870,Buy,0.01,2026-03-31T08:16:35,2026-03-31T08:23:15,2026-03-31 05:16:35,2026-03-31 05:23:15,4555.83,4.39,2026-03-31 05:16:35.141,4556.415,4557.322,4556.8685000000005,0.9070000000001528,0.141,4557.322,1.4920000000001892,2026-03-31 05:23:15.083,4560.375,4561.285,4560.83,0.9099999999998544,0.083,4560.375,4.545000000000073,3.053,3.9615,1.337,0.4285,False,False,True,True,True,MATCHED_LE_3_00,6.666666666666667,Q2 (3-8m),2026-03-31 05:16:35+00:00,2026-03-31 05:23:15+00:00,2026-03-31 05:16:00+00:00,209,90670870,209,2026-03-31 05:16:00+00:00,,False,206,1,0,True,90670870,2026-03-31 05:16:35+00:00,0,False,discovery
90689174,Buy,0.01,2026-03-31T15:00:37,2026-03-31T15:03:21,2026-03-31 12:00:37,2026-03-31 12:03:21,4582.99,1.47,2026-03-31 12:00:36.846,4583.088,4583.785,4583.4365,0.6970000000001164,-0.154,4583.785,0.7950000000000728,2026-03-31 12:03:21.043,4584.998,4585.635,4585.3165,0.6370000000006257,0.043,4584.998,2.007999999999811,1.213,1.88,0.257,-0.41,False,True,True,True,True,MATCHED_LE_1_00,2.7333333333333334,Q1 (0-3m),2026-03-31 12:00:37+00:00,2026-03-31 12:03:21+00:00,2026-03-31 12:00:00+00:00,210,90689174,210,2026-03-31 12:00:00+00:00,,False,207,1,0,True,90689174,2026-03-31 12:00:37+00:00,0,False,discovery
90724112,Buy,0.01,2026-03-31T20:13:28,2026-03-31T20:17:12,2026-03-31 17:13:28,2026-03-31 17:17:12,4640.88,1.53,2026-03-31 17:13:27.956,4640.225,4641.015,4640.620000000001,0.7899999999999636,-0.044,4641.015,0.1350000000002182,2026-03-31 17:17:12.097,4642.445,4643.235,4642.84,0.7899999999999636,0.097,4642.445,1.5649999999995998,1.43,2.22,0.1,-0.69,True,True,True,True,True,MATCHED_LE_1_00,3.733333333333333,Q2 (3-8m),2026-03-31 17:13:28+00:00,2026-03-31 17:17:12+00:00,2026-03-31 17:13:00+00:00,211,90724112,211,2026-03-31 17:13:00+00:00,,False,208,1,0,True,90724112,2026-03-31 17:13:28+00:00,0,False,discovery
90765592,Sell,0.01,2026-04-01T07:08:40,2026-04-01T07:16:11,2026-04-01 04:08:40,2026-04-01 04:16:11,4676.78,3.67,2026-04-01 04:08:41.446,4679.005,4679.862,4679.4335,0.8569999999999709,1.446,4679.005,2.225000000000364,2026-04-01 04:16:10.569,4671.925,4672.835,4672.38,0.9099999999998544,-0.431,4672.835,3.944999999999709,6.17,7.0535,-2.5,-3.3835,False,False,False,True,True,MATCHED_LE_3_00,7.516666666666667,Q2 (3-8m),2026-04-01 04:08:40+00:00,2026-04-01 04:16:11+00:00,2026-04-01 04:08:00+00:00,212,90765592,212,2026-04-01 04:08:00+00:00,,False,209,1,0,True,90765592,2026-04-01 04:08:40+00:00,0,False,discovery
90783770,Sell,0.01,2026-04-01T13:01:41,2026-04-01T13:12:15,2026-04-01 10:01:41,2026-04-01 10:12:15,4722.02,3.32,2026-04-01 10:01:41.221,4719.725,4720.515,4720.120000000001,0.7899999999999636,0.221,4719.725,2.2950000000000728,2026-04-01 10:12:14.436,4717.725,4718.515,4718.120000000001,0.7899999999999636,-0.564,4718.515,3.505000000000109,1.21,2.0,2.11,1.32,False,False,False,True,True,MATCHED_LE_3_00,10.566666666666666,Q3 (8-16m),2026-04-01 10:01:41+00:00,2026-04-01 10:12:15+00:00,2026-04-01 10:01:00+00:00,213,90783770,213,2026-04-01 10:01:00+00:00,,False,210,1,0,True,90783770,2026-04-01 10:01:41+00:00,0,False,discovery
90900649,Sell,0.01,2026-04-02T14:51:54,2026-04-02T14:55:50,2026-04-02 11:51:54,2026-04-02 11:55:50,4609.23,7.5,2026-04-02 11:51:53.957,4607.588,4608.682,4608.135,1.094000000000051,-0.043,4607.588,1.6419999999998254,2026-04-02 11:55:50.225,4600.695,4601.485,4601.09,0.7899999999999636,0.225,4601.485,7.744999999999891,6.103,7.045,1.397,0.455,False,False,True,True,True,MATCHED_LE_3_00,3.933333333333333,Q2 (3-8m),2026-04-02 11:51:54+00:00,2026-04-02 11:55:50+00:00,2026-04-02 11:51:00+00:00,214,90900649,214,2026-04-02 11:51:00+00:00,,False,211,1,0,True,90900649,2026-04-02 11:51:54+00:00,0,False,discovery
90927563,Sell,0.01,2026-04-02T20:40:31,2026-04-02T20:40:49,2026-04-02 17:40:31,2026-04-02 17:40:49,4656.39,-1.09,2026-04-02 17:40:30.976,4656.465,4657.455,4656.96,0.9899999999997816,-0.024,4656.465,0.0749999999998181,2026-04-02 17:40:49.054,4656.555,4657.542,4657.048500000001,0.98700000000008,0.054,4657.542,1.1520000000000437,-1.077,-0.0885,-0.013,-1.0015,True,True,True,True,True,MATCHED_LE_1_00,0.3,Q1 (0-3m),2026-04-02 17:40:31+00:00,2026-04-02 17:40:49+00:00,2026-04-02 17:40:00+00:00,215,90927563,215,2026-04-02 17:40:00+00:00,,False,212,1,0,True,90927563,2026-04-02 17:40:31+00:00,0,False,discovery
90928037,Sell,0.01,2026-04-02T21:05:43,2026-04-02T21:09:10,2026-04-02 18:05:43,2026-04-02 18:09:10,4658.23,1.74,2026-04-02 18:05:42.892,4656.485,4657.462,4656.9735,0.9770000000007713,-0.108,4656.485,1.7449999999998909,2026-04-02 18:09:09.883,4655.025,4655.842,4655.433499999999,0.8170000000000073,-0.117,4655.842,2.38799999999992,0.643,1.54,1.097,0.2,False,False,True,True,True,MATCHED_LE_3_00,3.45,Q2 (3-8m),2026-04-02 18:05:43+00:00,2026-04-02 18:09:10+00:00,2026-04-02 18:05:00+00:00,216,90928037,216,2026-04-02 18:05:00+00:00,,False,213,1,0,True,90928037,2026-04-02 18:05:43+00:00,0,False,discovery
90964953,Sell,0.01,2026-04-06T09:32:16,2026-04-06T09:43:01,2026-04-06 06:32:16,2026-04-06 06:43:01,4658.67,2.34,2026-04-06 06:32:15.950,4658.418,4659.035,4658.7265,0.6170000000001892,-0.05,4658.418,0.2520000000004074,2026-04-06 06:43:01.018,4655.335,4656.125,4655.73,0.7899999999999636,0.018,4656.125,2.5450000000000728,2.293,2.9965,0.047,-0.6565,True,True,True,True,True,MATCHED_LE_1_00,10.75,Q3 (8-16m),2026-04-06 06:32:16+00:00,2026-04-06 06:43:01+00:00,2026-04-06 06:32:00+00:00,217,90964953,217,2026-04-06 06:32:00+00:00,,False,214,1,0,True,90964953,2026-04-06 06:32:16+00:00,0,False,discovery
90967915,Sell,0.01,2026-04-06T13:38:30,2026-04-06T13:39:26,2026-04-06 10:38:30,2026-04-06 10:39:26,4690.94,-0.77,2026-04-06 10:38:28.974,4691.005,4691.795,4691.4,0.7899999999999636,-1.026,4691.005,0.0650000000005093,2026-04-06 10:39:25.965,4690.715,4691.505,4691.110000000001,0.7899999999999636,-0.035,4691.505,0.5650000000005093,-0.5,0.29,-0.27,-1.06,True,True,True,True,True,MATCHED_LE_1_00,0.9333333333333332,Q1 (0-3m),2026-04-06 10:38:30+00:00,2026-04-06 10:39:26+00:00,2026-04-06 10:38:00+00:00,218,90967915,218,2026-04-06 10:38:00+00:00,,False,215,1,0,True,90967915,2026-04-06 10:38:30+00:00,0,False,discovery
90970712,Sell,0.01,2026-04-06T15:20:14,2026-04-06T15:24:49,2026-04-06 12:20:14,2026-04-06 12:24:49,4668.5,3.9,2026-04-06 12:20:13.857,4670.415,4671.285,4670.85,0.8699999999998909,-0.143,4670.415,1.914999999999964,2026-04-06 12:24:49.412,4663.535,4664.405,4663.969999999999,0.8699999999998909,0.412,4664.405,4.095000000000255,6.01,6.88,-2.11,-2.98,False,False,True,True,True,MATCHED_LE_3_00,4.583333333333333,Q2 (3-8m),2026-04-06 12:20:14+00:00,2026-04-06 12:24:49+00:00,2026-04-06 12:20:00+00:00,219,90970712,219,2026-04-06 12:20:00+00:00,,False,216,1,0,True,90970712,2026-04-06 12:20:14+00:00,0,False,discovery
91022147,Buy,0.01,2026-04-07T09:04:07,2026-04-07T09:04:55,2026-04-07 06:04:07,2026-04-07 06:04:55,4642.04,1.88,2026-04-07 06:04:07.062,4641.245,4642.235,4641.74,0.9899999999997816,0.062,4642.235,0.1949999999997089,2026-04-07 06:04:55.046,4644.445,4645.392,4644.9185,0.9470000000001164,0.046,4644.445,2.4049999999997453,2.21,3.1785,-0.33,-1.2985,True,True,True,True,True,MATCHED_LE_1_00,0.8,Q1 (0-3m),2026-04-07 06:04:07+00:00,2026-04-07 06:04:55+00:00,2026-04-07 06:04:00+00:00,220,91022147,220,2026-04-07 06:04:00+00:00,,False,217,1,0,True,91022147,2026-04-07 06:04:07+00:00,0,False,discovery
91024794,Sell,0.01,2026-04-07T11:02:14,2026-04-07T11:04:48,2026-04-07 08:02:14,2026-04-07 08:04:48,4657.11,4.19,2026-04-07 08:02:14.037,4649.455,4650.445,4649.95,0.9899999999997816,0.037,4649.455,7.654999999999745,2026-04-07 08:04:48.143,4651.905,4652.905,4652.405,1.0,0.143,4652.905,4.204999999999927,-3.45,-2.455,7.64,6.645,False,False,False,False,False,TOLERANCE_EXCEEDED,2.566666666666667,Q1 (0-3m),2026-04-07 08:02:14+00:00,2026-04-07 08:04:48+00:00,2026-04-07 08:02:00+00:00,221,91024794,221,2026-04-07 08:02:00+00:00,,False,218,1,0,True,91024794,2026-04-07 08:02:14+00:00,0,False,discovery
91045329,Buy,0.01,2026-04-07T16:21:19,2026-04-07T16:31:22,2026-04-07 13:21:19,2026-04-07 13:31:22,4652.83,1.86,2026-04-07 13:21:18.906,4652.318,4653.285,4652.8015,0.9669999999996436,-0.094,4653.285,0.4549999999999272,2026-04-07 13:31:21.991,4654.755,4655.622,4655.1885,0.8670000000001892,-0.009,4654.755,1.925000000000182,1.47,2.387,0.39,-0.527,True,True,True,True,True,MATCHED_LE_1_00,10.05,Q3 (8-16m),2026-04-07 13:21:19+00:00,2026-04-07 13:31:22+00:00,2026-04-07 13:21:00+00:00,222,91045329,222,2026-04-07 13:21:00+00:00,,False,219,1,0,True,91045329,2026-04-07 13:21:19+00:00,0,False,discovery
91124606,Buy,0.01,2026-04-08T08:51:27,2026-04-08T08:53:05,2026-04-08 05:51:27,2026-04-08 05:53:05,4832.95,8.9,2026-04-08 05:51:27.064,4834.228,4834.845,4834.5365,0.6170000000001892,0.064,4834.845,1.8950000000004368,2026-04-08 05:53:04.891,4841.735,4842.475,4842.105,0.7400000000006912,-0.109,4841.735,8.784999999999854,6.89,7.5685,2.01,1.3315,False,False,True,True,True,MATCHED_LE_3_00,1.6333333333333333,Q1 (0-3m),2026-04-08 05:51:27+00:00,2026-04-08 05:53:05+00:00,2026-04-08 05:51:00+00:00,223,91124606,223,2026-04-08 05:51:00+00:00,,False,220,1,0,True,91124606,2026-04-08 05:51:27+00:00,0,False,discovery
91162669,Buy,0.01,2026-04-08T18:32:24,2026-04-08T18:37:00,2026-04-08 15:32:24,2026-04-08 15:37:00,4754.91,5.42,2026-04-08 15:32:24.610,4752.145,4752.892,4752.5185,0.7469999999993888,0.61,4752.892,2.018000000000029,2026-04-08 15:37:00.022,4760.705,4761.362,4761.0335,0.6570000000001528,0.022,4760.705,5.795000000000073,7.813,8.515,-2.393,-3.095,False,False,False,True,True,MATCHED_LE_3_00,4.6,Q2 (3-8m),2026-04-08 15:32:24+00:00,2026-04-08 15:37:00+00:00,2026-04-08 15:32:00+00:00,224,91162669,224,2026-04-08 15:32:00+00:00,,False,221,1,0,True,91162669,2026-04-08 15:32:24+00:00,0,False,discovery
91200522,Buy,0.01,2026-04-09T08:36:36,2026-04-09T08:49:12,2026-04-09 05:36:36,2026-04-09 05:49:12,4716.78,0.06,2026-04-09 05:36:36.154,4718.388,4719.105,4718.746499999999,0.7169999999996435,0.154,4719.105,2.324999999999818,2026-04-09 05:49:12.116,4716.925,4717.715,4717.32,0.7899999999999636,0.116,4716.925,0.1450000000004365,-2.18,-1.4265,2.24,1.4865,False,False,False,True,True,MATCHED_LE_3_00,12.6,Q3 (8-16m),2026-04-09 05:36:36+00:00,2026-04-09 05:49:12+00:00,2026-04-09 05:36:00+00:00,225,91200522,225,2026-04-09 05:36:00+00:00,,False,222,1,0,True,91200522,2026-04-09 05:36:36+00:00,0,False,discovery
91202282,Sell,0.01,2026-04-09T09:07:52,2026-04-09T09:31:20,2026-04-09 06:07:52,2026-04-09 06:31:20,4722.92,2.25,2026-04-09 06:07:51.874,4724.958,4725.735,4725.3465,0.7770000000000437,-0.126,4724.958,2.037999999999556,2026-04-09 06:31:19.917,4719.645,4720.435,4720.040000000001,0.7899999999999636,-0.083,4720.435,2.4849999999996726,4.523,5.3065,-2.273,-3.0565,False,False,False,True,True,MATCHED_LE_3_00,23.466666666666665,Q4 (16m+),2026-04-09 06:07:52+00:00,2026-04-09 06:31:20+00:00,2026-04-09 06:07:00+00:00,226,91202282,226,2026-04-09 06:07:00+00:00,,False,223,1,0,True,91202282,2026-04-09 06:07:52+00:00,0,False,discovery
91206718,Buy,0.01,2026-04-09T11:06:30,2026-04-09T11:15:00,2026-04-09 08:06:30,2026-04-09 08:15:00,4720.48,2.93,2026-04-09 08:06:30.098,4719.565,4720.355,4719.959999999999,0.7899999999999636,0.098,4720.355,0.125,2026-04-09 08:15:00.169,4723.725,4724.515,4724.120000000001,0.7899999999999636,0.169,4723.725,3.2450000000008004,3.37,4.16,-0.44,-1.23,True,True,True,True,True,MATCHED_LE_1_00,8.5,Q3 (8-16m),2026-04-09 08:06:30+00:00,2026-04-09 08:15:00+00:00,2026-04-09 08:06:00+00:00,227,91206718,227,2026-04-09 08:06:00+00:00,,False,224,1,0,True,91206718,2026-04-09 08:06:30+00:00,0,False,discovery
91227583,Buy,0.01,2026-04-09T16:53:03,2026-04-09T16:53:35,2026-04-09 13:53:03,2026-04-09 13:53:35,4762.11,2.31,2026-04-09 13:53:03.003,4761.235,4762.025,4761.629999999999,0.7899999999999636,0.003,4762.025,0.0850000000000363,2026-04-09 13:53:34.927,4764.015,4764.805,4764.41,0.7899999999999636,-0.073,4764.015,1.9050000000006548,1.99,2.78,0.32,-0.47,True,True,True,True,True,MATCHED_LE_1_00,0.5333333333333333,Q1 (0-3m),2026-04-09 13:53:03+00:00,2026-04-09 13:53:35+00:00,2026-04-09 13:53:00+00:00,228,91227583,228,2026-04-09 13:53:00+00:00,,False,225,1,0,True,91227583,2026-04-09 13:53:03+00:00,0,False,discovery
91267065,Buy,0.01,2026-04-10T08:14:46,2026-04-10T08:15:19,2026-04-10 05:14:46,2026-04-10 05:15:19,4760.4,-1.88,2026-04-10 05:14:46.445,4759.545,4760.255,4759.9,0.7100000000000364,0.445,4760.255,0.144999999999527,2026-04-10 05:15:19.104,4758.925,4759.635,4759.280000000001,0.7100000000000364,0.104,4758.925,1.4749999999994543,-1.33,-0.62,-0.55,-1.26,True,True,True,True,True,MATCHED_LE_1_00,0.55,Q1 (0-3m),2026-04-10 05:14:46+00:00,2026-04-10 05:15:19+00:00,2026-04-10 05:14:00+00:00,229,91267065,229,2026-04-10 05:14:00+00:00,,False,226,1,0,True,91267065,2026-04-10 05:14:46+00:00,0,False,discovery
91267485,Buy,0.01,2026-04-10T08:30:33,2026-04-10T08:47:06,2026-04-10 05:30:33,2026-04-10 05:47:06,4760.62,4.78,2026-04-10 05:30:32.974,4761.005,4761.715,4761.360000000001,0.7100000000000364,-0.026,4761.715,1.0950000000002549,2026-04-10 05:47:05.407,4765.685,4766.395,4766.040000000001,0.7100000000000364,-0.593,4765.685,5.065000000000509,3.97,4.68,0.81,0.1,False,False,True,True,True,MATCHED_LE_3_00,16.55,Q4 (16m+),2026-04-10 05:30:33+00:00,2026-04-10 05:47:06+00:00,2026-04-10 05:30:00+00:00,230,91267485,230,2026-04-10 05:30:00+00:00,,False,227,1,0,True,91267485,2026-04-10 05:30:33+00:00,0,False,discovery
91276550,Buy,0.01,2026-04-10T14:42:46,2026-04-10T15:00:36,2026-04-10 11:42:46,2026-04-10 12:00:36,4761.93,5.46,2026-04-10 11:42:45.302,4761.695,4762.485,4762.09,0.7899999999999636,-0.698,4762.485,0.5549999999993815,2026-04-10 12:00:34.495,4767.545,4768.335,4767.9400000000005,0.7899999999999636,-1.505,4767.545,5.614999999999782,5.06,5.85,0.4,-0.39,False,True,True,True,True,MATCHED_LE_1_00,17.833333333333332,Q4 (16m+),2026-04-10 11:42:46+00:00,2026-04-10 12:00:36+00:00,2026-04-10 11:42:00+00:00,231,91276550,231,2026-04-10 11:42:00+00:00,,False,228,1,0,True,91276550,2026-04-10 11:42:46+00:00,0,False,discovery
91352434,Buy,0.01,2026-04-13T09:00:33,2026-04-13T09:31:12,2026-04-13 06:00:33,2026-04-13 06:31:12,4728.93,3.06,2026-04-13 06:00:32.944,4724.865,4725.575,4725.219999999999,0.7100000000000364,-0.056,4725.575,3.355000000000473,2026-04-13 06:31:12.122,4732.125,4732.735,4732.43,0.6099999999996726,0.122,4732.125,3.194999999999709,6.55,7.21,-3.49,-4.15,False,False,False,False,True,TOLERANCE_EXCEEDED,30.65,Q4 (16m+),2026-04-13 06:00:33+00:00,2026-04-13 06:31:12+00:00,2026-04-13 06:00:00+00:00,232,91352434,232,2026-04-13 06:00:00+00:00,,False,229,1,0,True,91352434,2026-04-13 06:00:33+00:00,0,False,discovery
91356501,Sell,0.01,2026-04-13T11:14:05,2026-04-13T11:15:39,2026-04-13 08:14:05,2026-04-13 08:15:39,4734.02,2.56,2026-04-13 08:14:05.025,4735.365,4736.132,4735.7485,0.7669999999998254,0.025,4735.365,1.3449999999993452,2026-04-13 08:15:38.734,4730.685,4731.295,4730.99,0.6099999999996726,-0.266,4731.295,2.725000000000364,4.07,4.7585,-1.51,-2.1985,False,False,True,True,True,MATCHED_LE_3_00,1.5666666666666669,Q1 (0-3m),2026-04-13 08:14:05+00:00,2026-04-13 08:15:39+00:00,2026-04-13 08:14:00+00:00,233,91356501,233,2026-04-13 08:14:00+00:00,,False,230,1,0,True,91356501,2026-04-13 08:14:05+00:00,0,False,discovery
91397685,Buy,0.01,2026-04-13T18:37:59,2026-04-13T18:39:33,2026-04-13 15:37:59,2026-04-13 15:39:33,4713.36,2.98,2026-04-13 15:37:58.973,4713.895,4714.662,4714.2785,0.7669999999998254,-0.027,4714.662,1.3020000000005894,2026-04-13 15:39:32.981,4716.415,4717.205,4716.81,0.7899999999999636,-0.019,4716.415,3.055000000000291,1.753,2.5315,1.227,0.4485,False,False,True,True,True,MATCHED_LE_3_00,1.5666666666666669,Q1 (0-3m),2026-04-13 15:37:59+00:00,2026-04-13 15:39:33+00:00,2026-04-13 15:37:00+00:00,234,91397685,234,2026-04-13 15:37:00+00:00,,False,231,1,0,True,91397685,2026-04-13 15:37:59+00:00,0,False,discovery
91431248,Buy,0.01,2026-04-14T09:44:43,2026-04-14T09:47:16,2026-04-14 06:44:43,2026-04-14 06:47:16,4768.65,4.42,2026-04-14 06:44:43.014,4767.308,4767.975,4767.6415,0.6670000000003711,0.014,4767.975,0.6749999999992724,2026-04-14 06:47:15.954,4773.375,4774.015,4773.695,0.6400000000003274,-0.046,4773.375,4.725000000000364,5.4,6.0535,-0.98,-1.6335,False,True,True,True,True,MATCHED_LE_1_00,2.55,Q1 (0-3m),2026-04-14 06:44:43+00:00,2026-04-14 06:47:16+00:00,2026-04-14 06:44:00+00:00,235,91431248,235,2026-04-14 06:44:00+00:00,,False,232,1,0,True,91431248,2026-04-14 06:44:43+00:00,0,False,discovery
91448019,Sell,0.01,2026-04-14T15:20:42,2026-04-14T15:23:34,2026-04-14 12:20:42,2026-04-14 12:23:34,4768.7,1.1,2026-04-14 12:20:42.241,4766.925,4767.715,4767.32,0.7899999999999636,0.241,4766.925,1.7749999999996362,2026-04-14 12:23:33.757,4766.795,4767.452,4767.1235,0.6570000000001528,-0.243,4767.452,1.2479999999995923,-0.527,0.1965,1.627,0.9035,False,False,True,True,True,MATCHED_LE_3_00,2.8666666666666667,Q1 (0-3m),2026-04-14 12:20:42+00:00,2026-04-14 12:23:34+00:00,2026-04-14 12:20:00+00:00,236,91448019,236,2026-04-14 12:20:00+00:00,,False,233,1,0,True,91448019,2026-04-14 12:20:42+00:00,0,False,discovery
91488864,Buy,0.01,2026-04-14T20:38:32,2026-04-14T20:52:28,2026-04-14 17:38:32,2026-04-14 17:52:28,4834.27,3.37,2026-04-14 17:38:32.469,4832.185,4832.975,4832.58,0.7899999999999636,0.469,4832.975,1.2950000000000728,2026-04-14 17:52:27.887,4837.625,4838.415,4838.02,0.7899999999999636,-0.113,4837.625,3.3549999999995634,4.65,5.44,-1.28,-2.07,False,False,True,True,True,MATCHED_LE_3_00,13.933333333333334,Q3 (8-16m),2026-04-14 17:38:32+00:00,2026-04-14 17:52:28+00:00,2026-04-14 17:38:00+00:00,237,91488864,237,2026-04-14 17:38:00+00:00,,False,234,1,0,True,91488864,2026-04-14 17:38:32+00:00,0,False,discovery
91515698,Sell,0.01,2026-04-15T09:13:14,2026-04-15T09:29:49,2026-04-15 06:13:14,2026-04-15 06:29:49,4819.15,4.27,2026-04-15 06:13:13.948,4820.135,4820.735,4820.435,0.5999999999994543,-0.052,4820.135,0.985000000000582,2026-04-15 06:29:48.887,4813.945,4814.545,4814.245,0.6000000000003638,-0.113,4814.545,4.604999999999563,5.59,6.19,-1.32,-1.92,False,True,True,True,True,MATCHED_LE_1_00,16.583333333333332,Q4 (16m+),2026-04-15 06:13:14+00:00,2026-04-15 06:29:49+00:00,2026-04-15 06:13:00+00:00,238,91515698,238,2026-04-15 06:13:00+00:00,,False,235,1,0,True,91515698,2026-04-15 06:13:14+00:00,0,False,discovery
91531357,Sell,0.01,2026-04-15T16:00:14,2026-04-15T16:19:54,2026-04-15 13:00:14,2026-04-15 13:19:54,4815.58,2.0,2026-04-15 13:00:14.124,4814.645,4815.285,4814.965,0.6399999999994179,0.124,4814.645,0.9349999999994908,2026-04-15 13:19:54.101,4812.715,4813.315,4813.014999999999,0.5999999999994543,0.101,4813.315,2.2650000000003274,1.33,1.95,0.67,0.05,False,True,True,True,True,MATCHED_LE_1_00,19.666666666666668,Q4 (16m+),2026-04-15 13:00:14+00:00,2026-04-15 13:19:54+00:00,2026-04-15 13:00:00+00:00,239,91531357,239,2026-04-15 13:00:00+00:00,,False,236,1,0,True,91531357,2026-04-15 13:00:14+00:00,0,False,discovery
91585973,Buy,0.01,2026-04-16T09:43:59,2026-04-16T09:46:43,2026-04-16 06:43:59,2026-04-16 06:46:43,4819.6,3.38,2026-04-16 06:43:58.962,4822.225,4822.835,4822.530000000001,0.6099999999996726,-0.038,4822.835,3.2349999999996726,2026-04-16 06:46:42.977,4823.305,4823.945,4823.625,0.6399999999994179,-0.023,4823.305,3.7049999999999272,0.47,1.095,2.91,2.285,False,False,False,False,True,TOLERANCE_EXCEEDED,2.7333333333333334,Q1 (0-3m),2026-04-16 06:43:59+00:00,2026-04-16 06:46:43+00:00,2026-04-16 06:43:00+00:00,240,91585973,240,2026-04-16 06:43:00+00:00,,False,237,1,0,True,91585973,2026-04-16 06:43:59+00:00,0,False,discovery
91596159,Sell,0.01,2026-04-16T15:36:23,2026-04-16T15:50:58,2026-04-16 12:36:23,2026-04-16 12:50:58,4819.54,2.19,2026-04-16 12:36:23.048,4817.835,4818.625,4818.23,0.7899999999999636,0.048,4817.835,1.7049999999999272,2026-04-16 12:50:58.016,4816.465,4817.075,4816.77,0.6099999999996726,0.016,4817.075,2.465000000000145,0.76,1.46,1.43,0.73,False,False,True,True,True,MATCHED_LE_3_00,14.583333333333334,Q3 (8-16m),2026-04-16 12:36:23+00:00,2026-04-16 12:50:58+00:00,2026-04-16 12:36:00+00:00,241,91596159,241,2026-04-16 12:36:00+00:00,,False,238,1,0,True,91596159,2026-04-16 12:36:23+00:00,0,False,discovery
91645065,Sell,0.01,2026-04-17T08:14:54,2026-04-17T08:40:27,2026-04-17 05:14:54,2026-04-17 05:40:27,4805.2,4.0,2026-04-17 05:14:49.437,4804.648,4805.305,4804.976500000001,0.6570000000001528,-4.563,4804.648,0.5519999999996799,2026-04-17 05:40:26.948,4800.135,4800.845,4800.49,0.7100000000000364,-0.052,4800.845,4.354999999999563,3.803,4.4865,0.197,-0.4865,False,True,True,True,True,MATCHED_LE_1_00,25.55,Q4 (16m+),2026-04-17 05:14:54+00:00,2026-04-17 05:40:27+00:00,2026-04-17 05:14:00+00:00,242,91645065,242,2026-04-17 05:14:00+00:00,,False,239,1,0,True,91645065,2026-04-17 05:14:54+00:00,0,False,discovery
91655142,Buy,0.01,2026-04-17T13:51:42,2026-04-17T14:12:17,2026-04-17 10:51:42,2026-04-17 11:12:17,4783.65,3.8,2026-04-17 10:51:42.054,4783.565,4784.165,4783.865,0.6000000000003638,0.054,4784.165,0.5150000000003274,2026-04-17 11:12:17.173,4787.795,4788.385,4788.09,0.5900000000001455,0.173,4787.795,4.145000000000437,3.63,4.225,0.17,-0.425,False,True,True,True,True,MATCHED_LE_1_00,20.58333333333333,Q4 (16m+),2026-04-17 10:51:42+00:00,2026-04-17 11:12:17+00:00,2026-04-17 10:51:00+00:00,243,91655142,243,2026-04-17 10:51:00+00:00,,False,240,1,0,True,91655142,2026-04-17 10:51:42+00:00,0,False,discovery
91740834,Sell,0.01,2026-04-20T08:41:45,2026-04-20T08:45:12,2026-04-20 05:41:45,2026-04-20 05:45:12,4786.71,4.4,2026-04-20 05:41:44.302,4790.115,4790.825,4790.469999999999,0.7100000000000364,-0.698,4790.115,3.4049999999997453,2026-04-20 05:45:12.080,4781.385,4782.095,4781.74,0.7100000000000364,0.08,4782.095,4.614999999999782,8.02,8.73,-3.62,-4.33,False,False,False,False,True,TOLERANCE_EXCEEDED,3.45,Q2 (3-8m),2026-04-20 05:41:45+00:00,2026-04-20 05:45:12+00:00,2026-04-20 05:41:00+00:00,244,91740834,244,2026-04-20 05:41:00+00:00,,False,241,1,0,True,91740834,2026-04-20 05:41:45+00:00,0,False,discovery
91776198,Sell,0.01,2026-04-20T18:25:31,2026-04-20T18:29:06,2026-04-20 15:25:31,2026-04-20 15:29:06,4804.88,-1.53,2026-04-20 16:00:00.076,4799.515,4800.305,4799.91,0.7899999999999636,2069.076,4799.515,5.364999999999782,2026-04-20 16:00:00.076,4799.515,4800.305,4799.91,0.7899999999999636,1854.076,4800.305,4.574999999999818,-0.79,0.0,-0.74,-1.53,False,False,False,False,False,TOLERANCE_EXCEEDED,3.583333333333333,Q2 (3-8m),2026-04-20 15:25:31+00:00,2026-04-20 15:29:06+00:00,2026-04-20 15:25:00+00:00,245,91776198,245,2026-04-20 15:25:00+00:00,,False,242,1,0,True,91776198,2026-04-20 15:25:31+00:00,0,False,discovery
91797166,Buy,0.01,2026-04-21T07:24:24,2026-04-21T07:28:52,2026-04-21 04:24:24,2026-04-21 04:28:52,4791.72,0.82,2026-04-21 04:24:23.195,4791.305,4792.015,4791.66,0.7100000000000364,-0.805,4792.015,0.2950000000000727,2026-04-21 04:28:51.795,4792.865,4793.575,4793.219999999999,0.7100000000000364,-0.205,4792.865,1.144999999999527,0.85,1.56,-0.03,-0.74,True,True,True,True,True,MATCHED_LE_1_00,4.466666666666667,Q2 (3-8m),2026-04-21 04:24:24+00:00,2026-04-21 04:28:52+00:00,2026-04-21 04:24:00+00:00,246,91797166,246,2026-04-21 04:24:00+00:00,,False,243,1,0,True,91797166,2026-04-21 04:24:24+00:00,0,False,discovery
91806444,Buy,0.01,2026-04-21T10:42:50,2026-04-21T10:56:42,2026-04-21 07:42:50,2026-04-21 07:56:42,4783.67,5.19,2026-04-21 07:42:50.663,4783.475,4784.335,4783.905000000001,0.8599999999996726,0.663,4784.335,0.6649999999999636,2026-04-21 07:56:42.771,4789.135,4789.842,4789.4885,0.7069999999994252,0.771,4789.135,5.4650000000001455,4.8,5.5835,0.39,-0.3935,False,True,True,True,True,MATCHED_LE_1_00,13.866666666666667,Q3 (8-16m),2026-04-21 07:42:50+00:00,2026-04-21 07:56:42+00:00,2026-04-21 07:42:00+00:00,247,91806444,247,2026-04-21 07:42:00+00:00,,False,244,1,0,True,91806444,2026-04-21 07:42:50+00:00,0,False,discovery
91824729,Buy,0.01,2026-04-21T17:01:47,2026-04-21T17:09:31,2026-04-21 14:01:47,2026-04-21 14:09:31,4777.82,3.78,2026-04-21 14:01:46.744,4778.365,4778.975,4778.67,0.6100000000005821,-0.256,4778.975,1.1550000000006548,2026-04-21 14:09:31.048,4781.915,4782.525,4782.219999999999,0.6099999999996726,0.048,4781.915,4.095000000000255,2.94,3.55,0.84,0.23,False,False,True,True,True,MATCHED_LE_3_00,7.733333333333333,Q3 (8-16m),2026-04-21 14:01:47+00:00,2026-04-21 14:09:31+00:00,2026-04-21 14:01:00+00:00,248,91824729,248,2026-04-21 14:01:00+00:00,,False,245,1,0,True,91824729,2026-04-21 14:01:47+00:00,0,False,discovery
91863976,Sell,0.01,2026-04-22T08:22:08,2026-04-22T08:41:48,2026-04-22 05:22:08,2026-04-22 05:41:48,4770.12,3.89,2026-04-22 05:22:08.251,4770.215,4770.925,4770.57,0.7100000000000364,0.251,4770.215,0.0950000000002546,2026-04-22 05:41:47.613,4765.285,4765.995,4765.639999999999,0.7100000000000364,-0.387,4765.995,4.125,4.22,4.93,-0.33,-1.04,True,True,True,True,True,MATCHED_LE_1_00,19.666666666666668,Q4 (16m+),2026-04-22 05:22:08+00:00,2026-04-22 05:41:48+00:00,2026-04-22 05:22:00+00:00,249,91863976,249,2026-04-22 05:22:00+00:00,,False,246,1,0,True,91863976,2026-04-22 05:22:08+00:00,0,False,discovery
91873683,Sell,0.01,2026-04-22T15:29:56,2026-04-22T15:41:37,2026-04-22 12:29:56,2026-04-22 12:41:37,4755.12,7.53,2026-04-22 12:29:56.142,4752.755,4753.375,4753.0650000000005,0.6199999999998909,0.142,4752.755,2.3649999999997817,2026-04-22 12:41:37.009,4746.695,4747.345,4747.02,0.6500000000005457,0.009,4747.345,7.774999999999636,5.41,6.045,2.12,1.485,False,False,False,True,True,MATCHED_LE_3_00,11.683333333333334,Q3 (8-16m),2026-04-22 12:29:56+00:00,2026-04-22 12:41:37+00:00,2026-04-22 12:29:00+00:00,250,91873683,250,2026-04-22 12:29:00+00:00,,False,247,1,0,True,91873683,2026-04-22 12:29:56+00:00,0,False,discovery
91919177,Buy,0.01,2026-04-23T08:30:37,2026-04-23T08:40:07,2026-04-23 05:30:37,2026-04-23 05:40:07,4698.9,2.69,2026-04-23 05:30:37.140,4696.615,4697.325,4696.969999999999,0.7100000000000364,0.14,4697.325,1.574999999999818,2026-04-23 05:40:07.077,4701.995,4702.705,4702.35,0.7100000000000364,0.077,4701.995,3.0950000000002547,4.67,5.38,-1.98,-2.69,False,False,True,True,True,MATCHED_LE_3_00,9.5,Q3 (8-16m),2026-04-23 05:30:37+00:00,2026-04-23 05:40:07+00:00,2026-04-23 05:30:00+00:00,251,91919177,251,2026-04-23 05:30:00+00:00,,False,248,1,0,True,91919177,2026-04-23 05:30:37+00:00,0,False,discovery
91954421,Buy,0.01,2026-04-23T20:58:13,2026-04-23T21:08:22,2026-04-23 17:58:13,2026-04-23 18:08:22,4708.33,2.91,2026-04-23 17:58:12.997,4705.425,4705.895,4705.66,0.4700000000002546,-0.003,4705.895,2.4349999999994907,2026-04-23 18:08:21.893,4711.415,4712.085,4711.75,0.6700000000000728,-0.107,4711.415,3.0850000000000364,5.52,6.09,-2.61,-3.18,False,False,False,True,True,MATCHED_LE_3_00,10.15,Q3 (8-16m),2026-04-23 17:58:13+00:00,2026-04-23 18:08:22+00:00,2026-04-23 17:58:00+00:00,252,91954421,252,2026-04-23 17:58:00+00:00,,False,249,1,0,True,91954421,2026-04-23 17:58:13+00:00,0,False,discovery
91973017,Sell,0.01,2026-04-24T11:25:06,2026-04-24T11:31:35,2026-04-24 08:25:06,2026-04-24 08:31:35,4690.11,3.17,2026-04-24 08:25:06.211,4691.235,4691.845,4691.54,0.6100000000005821,0.211,4691.235,1.125,2026-04-24 08:31:34.983,4686.095,4686.665,4686.38,0.569999999999709,-0.017,4686.665,3.444999999999709,4.57,5.16,-1.4,-1.99,False,False,True,True,True,MATCHED_LE_3_00,6.483333333333333,Q2 (3-8m),2026-04-24 08:25:06+00:00,2026-04-24 08:31:35+00:00,2026-04-24 08:25:00+00:00,253,91973017,253,2026-04-24 08:25:00+00:00,,False,250,1,0,True,91973017,2026-04-24 08:25:06+00:00,0,False,discovery
91984519,Buy,0.01,2026-04-24T16:32:20,2026-04-24T16:38:46,2026-04-24 13:32:20,2026-04-24 13:38:46,4691.77,5.78,2026-04-24 13:32:20.011,4691.515,4692.075,4691.795,0.5599999999994907,0.011,4692.075,0.3049999999993815,2026-04-24 13:38:46.051,4697.465,4698.035,4697.75,0.569999999999709,0.051,4697.465,5.694999999999709,5.39,5.955,0.39,-0.175,True,True,True,True,True,MATCHED_LE_1_00,6.433333333333334,Q2 (3-8m),2026-04-24 13:32:20+00:00,2026-04-24 13:38:46+00:00,2026-04-24 13:32:00+00:00,254,91984519,254,2026-04-24 13:32:00+00:00,,False,251,1,0,True,91984519,2026-04-24 13:32:20+00:00,0,False,discovery
92024986,Buy,0.01,2026-04-27T06:37:58,2026-04-27T07:23:16,2026-04-27 03:37:58,2026-04-27 04:23:16,4722.65,3.9,2026-04-27 03:37:57.381,4723.025,4723.705,4723.365,0.680000000000291,-0.619,4723.705,1.055000000000291,2026-04-27 04:23:15.425,4726.825,4727.495,4727.16,0.6700000000000728,-0.575,4726.825,4.175000000000182,3.12,3.795,0.78,0.105,False,False,True,True,True,MATCHED_LE_3_00,45.3,Q4 (16m+),2026-04-27 03:37:58+00:00,2026-04-27 04:23:16+00:00,2026-04-27 03:37:00+00:00,255,92024986,255,2026-04-27 03:37:00+00:00,,False,252,1,0,True,92024986,2026-04-27 03:37:58+00:00,0,False,discovery
92029007,Sell,0.01,2026-04-27T11:51:00,2026-04-27T12:12:14,2026-04-27 08:51:00,2026-04-27 09:12:14,4709.01,4.28,2026-04-27 08:51:00.377,4711.205,4711.635,4711.42,0.430000000000291,0.377,4711.205,2.194999999999709,2026-04-27 09:12:14.067,4703.965,4704.365,4704.165,0.3999999999996362,0.067,4704.365,4.645000000000437,6.84,7.255,-2.56,-2.975,False,False,False,True,True,MATCHED_LE_3_00,21.23333333333333,Q4 (16m+),2026-04-27 08:51:00+00:00,2026-04-27 09:12:14+00:00,2026-04-27 08:51:00+00:00,256,92029007,256,2026-04-27 08:51:00+00:00,,False,253,1,0,True,92029007,2026-04-27 08:51:00+00:00,0,False,discovery
92067522,Buy,0.01,2026-04-28T09:04:14,2026-04-28T09:14:44,2026-04-28 06:04:14,2026-04-28 06:14:44,4631.5,7.36,2026-04-28 06:04:14.014,4631.095,4631.622,4631.3585,0.5270000000000437,0.014,4631.622,0.1220000000002983,2026-04-28 06:14:44.029,4639.225,4639.815,4639.52,0.589999999999236,0.029,4639.225,7.725000000000364,7.603,8.1615,-0.243,-0.8015,True,True,True,True,True,MATCHED_LE_1_00,10.5,Q3 (8-16m),2026-04-28 06:04:14+00:00,2026-04-28 06:14:44+00:00,2026-04-28 06:04:00+00:00,257,92067522,257,2026-04-28 06:04:00+00:00,,False,254,1,0,True,92067522,2026-04-28 06:04:14+00:00,0,False,discovery
92099847,Buy,0.01,2026-04-28T19:35:59,2026-04-28T19:38:28,2026-04-28 16:35:59,2026-04-28 16:38:28,4582.29,2.23,2026-04-28 16:35:59.107,4582.765,4583.365,4583.0650000000005,0.5999999999994543,0.107,4583.365,1.074999999999818,2026-04-28 16:38:27.991,4584.755,4585.205,4584.98,0.4499999999998181,-0.009,4584.755,2.465000000000145,1.39,1.915,0.84,0.315,False,False,True,True,True,MATCHED_LE_3_00,2.4833333333333334,Q1 (0-3m),2026-04-28 16:35:59+00:00,2026-04-28 16:38:28+00:00,2026-04-28 16:35:00+00:00,258,92099847,258,2026-04-28 16:35:00+00:00,,False,255,1,0,True,92099847,2026-04-28 16:35:59+00:00,0,False,discovery
92117158,Buy,0.01,2026-04-29T09:00:38,2026-04-29T09:04:05,2026-04-29 06:00:38,2026-04-29 06:04:05,4593.37,2.98,2026-04-29 06:00:37.951,4594.035,4594.655,4594.344999999999,0.6199999999998909,-0.049,4594.655,1.2849999999998545,2026-04-29 06:04:05.255,4596.755,4597.355,4597.055,0.5999999999994543,0.255,4596.755,3.3850000000002183,2.1,2.71,0.88,0.27,False,False,True,True,True,MATCHED_LE_3_00,3.45,Q2 (3-8m),2026-04-29 06:00:38+00:00,2026-04-29 06:04:05+00:00,2026-04-29 06:00:00+00:00,259,92117158,259,2026-04-29 06:00:00+00:00,,False,256,1,0,True,92117158,2026-04-29 06:00:38+00:00,0,False,discovery
92125361,Sell,0.01,2026-04-29T13:38:23,2026-04-29T13:43:56,2026-04-29 10:38:23,2026-04-29 10:43:56,4571.93,3.82,2026-04-29 10:38:23.217,4570.415,4570.975,4570.695,0.5600000000004002,0.217,4570.415,1.5150000000003274,2026-04-29 10:43:56.097,4567.225,4567.775,4567.5,0.5499999999992724,0.097,4567.775,4.155000000000655,2.64,3.195,1.18,0.625,False,False,True,True,True,MATCHED_LE_3_00,5.55,Q2 (3-8m),2026-04-29 10:38:23+00:00,2026-04-29 10:43:56+00:00,2026-04-29 10:38:00+00:00,260,92125361,260,2026-04-29 10:38:00+00:00,,False,257,1,0,True,92125361,2026-04-29 10:38:23+00:00,0,False,discovery
92181621,Buy,0.01,2026-04-30T13:58:53,2026-04-30T14:03:51,2026-04-30 10:58:53,2026-04-30 11:03:51,4634.47,5.54,2026-04-30 10:58:52.844,4637.695,4638.255,4637.975,0.5600000000004002,-0.156,4638.255,3.7849999999998554,2026-04-30 11:03:50.994,4640.335,4640.925,4640.63,0.5900000000001455,-0.006,4640.335,5.864999999999782,2.08,2.655,3.46,2.885,False,False,False,False,True,TOLERANCE_EXCEEDED,4.966666666666667,Q2 (3-8m),2026-04-30 10:58:53+00:00,2026-04-30 11:03:51+00:00,2026-04-30 10:58:00+00:00,261,92181621,261,2026-04-30 10:58:00+00:00,,False,258,1,0,True,92181621,2026-04-30 10:58:53+00:00,0,False,discovery
92218142,Sell,0.01,2026-05-01T09:16:51,2026-05-01T10:12:50,2026-05-01 06:16:51,2026-05-01 07:12:50,4600.22,4.15,2026-05-01 06:16:51.449,4600.575,4601.165,4600.87,0.5900000000001455,0.449,4600.575,0.3549999999995634,2026-05-01 07:12:49.930,4595.045,4595.815,4595.43,0.7699999999995271,-0.07,4595.815,4.405000000000655,4.76,5.44,-0.61,-1.29,True,True,True,True,True,MATCHED_LE_1_00,55.98333333333333,Q4 (16m+),2026-05-01 06:16:51+00:00,2026-05-01 07:12:50+00:00,2026-05-01 06:16:00+00:00,262,92218142,262,2026-05-01 06:16:00+00:00,,False,259,1,0,True,92218142,2026-05-01 06:16:51+00:00,0,False,discovery
92274667,Buy,0.01,2026-05-04T08:18:10,2026-05-04T08:19:50,2026-05-04 05:18:10,2026-05-04 05:19:50,4603.12,8.74,2026-05-04 05:18:09.921,4602.835,4603.555,4603.195,0.7200000000002547,-0.079,4603.555,0.4350000000004002,2026-05-04 05:19:50.102,4612.345,4612.895,4612.620000000001,0.5500000000001819,0.102,4612.345,9.225000000000364,8.79,9.425,-0.05,-0.685,True,True,True,True,True,MATCHED_LE_1_00,1.6666666666666667,Q1 (0-3m),2026-05-04 05:18:10+00:00,2026-05-04 05:19:50+00:00,2026-05-04 05:18:00+00:00,263,92274667,263,2026-05-04 05:18:00+00:00,,False,260,1,0,True,92274667,2026-05-04 05:18:10+00:00,0,False,discovery
92286476,Sell,0.01,2026-05-04T13:52:28,2026-05-04T13:54:59,2026-05-04 10:52:28,2026-05-04 10:54:59,4564.23,1.77,2026-05-04 10:52:27.976,4564.318,4565.035,4564.6765,0.7169999999996435,-0.024,4564.318,0.0880000000006475,2026-05-04 10:54:58.845,4561.465,4562.125,4561.795,0.6599999999998545,-0.155,4562.125,2.1049999999995634,2.193,2.8815,-0.423,-1.1115,True,True,True,True,True,MATCHED_LE_1_00,2.5166666666666666,Q1 (0-3m),2026-05-04 10:52:28+00:00,2026-05-04 10:54:59+00:00,2026-05-04 10:52:00+00:00,264,92286476,264,2026-05-04 10:52:00+00:00,,False,261,1,0,True,92286476,2026-05-04 10:52:28+00:00,0,False,discovery
92319804,Buy,0.01,2026-05-04T20:24:33,2026-05-04T20:26:06,2026-05-04 17:24:33,2026-05-04 17:26:06,4527.89,-2.54,2026-05-04 17:24:33.033,4528.005,4528.585,4528.295,0.5799999999999272,0.033,4528.585,0.694999999999709,2026-05-04 17:26:06.026,4525.465,4525.985,4525.725,0.5199999999995271,0.026,4525.465,2.425000000000182,-3.12,-2.57,0.58,0.03,False,True,True,True,True,MATCHED_LE_1_00,1.55,Q1 (0-3m),2026-05-04 17:24:33+00:00,2026-05-04 17:26:06+00:00,2026-05-04 17:24:00+00:00,265,92319804,265,2026-05-04 17:24:00+00:00,,False,262,1,0,True,92319804,2026-05-04 17:24:33+00:00,0,False,discovery
92331897,Sell,0.01,2026-05-05T06:17:31,2026-05-05T06:33:02,2026-05-05 03:17:31,2026-05-05 03:33:02,4541.33,3.38,2026-05-05 03:17:29.885,4541.535,4542.235,4541.885,0.6999999999998181,-1.115,4541.535,0.2049999999999272,2026-05-05 03:33:02.118,4536.885,4537.555,4537.22,0.6700000000000728,0.118,4537.555,3.774999999999636,3.98,4.665,-0.6,-1.285,True,True,True,True,True,MATCHED_LE_1_00,15.516666666666667,Q4 (16m+),2026-05-05 03:17:31+00:00,2026-05-05 03:33:02+00:00,2026-05-05 03:17:00+00:00,266,92331897,266,2026-05-05 03:17:00+00:00,,False,263,1,0,True,92331897,2026-05-05 03:17:31+00:00,0,False,discovery
92342438,Sell,0.01,2026-05-05T13:41:28,2026-05-05T13:51:12,2026-05-05 10:41:28,2026-05-05 10:51:12,4548.47,4.84,2026-05-05 10:41:28.319,4549.055,4549.605,4549.33,0.5499999999992724,0.319,4549.055,0.5850000000000364,2026-05-05 10:51:12.114,4542.825,4543.215,4543.02,0.3900000000003274,0.114,4543.215,5.255000000000109,5.84,6.31,-1.0,-1.47,False,True,True,True,True,MATCHED_LE_1_00,9.733333333333333,Q3 (8-16m),2026-05-05 10:41:28+00:00,2026-05-05 10:51:12+00:00,2026-05-05 10:41:00+00:00,267,92342438,267,2026-05-05 10:41:00+00:00,,False,264,1,0,True,92342438,2026-05-05 10:41:28+00:00,0,False,discovery
92396538,Sell,0.01,2026-05-06T08:30:50,2026-05-06T08:33:02,2026-05-06 05:30:50,2026-05-06 05:33:02,4649.56,1.28,2026-05-06 05:30:50.047,4649.745,4650.415,4650.08,0.6700000000000728,0.047,4649.745,0.1849999999994906,2026-05-06 05:33:01.141,4647.335,4648.035,4647.685,0.6999999999998181,-0.859,4648.035,1.5250000000005457,1.71,2.395,-0.43,-1.115,True,True,True,True,True,MATCHED_LE_1_00,2.2,Q1 (0-3m),2026-05-06 05:30:50+00:00,2026-05-06 05:33:02+00:00,2026-05-06 05:30:00+00:00,268,92396538,268,2026-05-06 05:30:00+00:00,,False,265,1,0,True,92396538,2026-05-06 05:30:50+00:00,0,False,discovery
92408965,Sell,0.01,2026-05-06T12:41:15,2026-05-06T12:46:00,2026-05-06 09:41:15,2026-05-06 09:46:00,4699.99,3.79,2026-05-06 09:41:15.001,4702.185,4702.795,4702.49,0.6099999999996726,0.001,4702.185,2.1950000000006185,2026-05-06 09:46:00.021,4695.235,4695.835,4695.535,0.6000000000003638,0.021,4695.835,4.154999999999745,6.35,6.955,-2.56,-3.165,False,False,False,True,True,MATCHED_LE_3_00,4.75,Q2 (3-8m),2026-05-06 09:41:15+00:00,2026-05-06 09:46:00+00:00,2026-05-06 09:41:00+00:00,269,92408965,269,2026-05-06 09:41:00+00:00,,False,266,1,0,True,92408965,2026-05-06 09:41:15+00:00,0,False,discovery
92461110,Buy,0.01,2026-05-07T07:56:52,2026-05-07T08:07:54,2026-05-07 04:56:52,2026-05-07 05:07:54,4694.78,3.81,2026-05-07 04:56:51.989,4694.325,4695.015,4694.67,0.6900000000005093,-0.011,4695.015,0.235000000000582,2026-05-07 05:07:54.368,4698.825,4699.505,4699.165,0.680000000000291,0.368,4698.825,4.045000000000073,3.81,4.495,0.0,-0.685,True,True,True,True,True,MATCHED_LE_1_00,11.033333333333331,Q3 (8-16m),2026-05-07 04:56:52+00:00,2026-05-07 05:07:54+00:00,2026-05-07 04:56:00+00:00,270,92461110,270,2026-05-07 04:56:00+00:00,,False,267,1,0,True,92461110,2026-05-07 04:56:52+00:00,0,False,discovery
92535886,Sell,0.01,2026-05-07T19:37:09,2026-05-07T19:45:45,2026-05-07 16:37:09,2026-05-07 16:45:45,4716.22,4.16,2026-05-07 16:37:08.989,4716.395,4716.945,4716.67,0.5499999999992724,-0.011,4716.395,0.1750000000001819,2026-05-07 16:45:45.033,4711.055,4711.525,4711.29,0.4699999999993451,0.033,4711.525,4.6950000000006185,4.87,5.38,-0.71,-1.22,True,True,True,True,True,MATCHED_LE_1_00,8.6,Q3 (8-16m),2026-05-07 16:37:09+00:00,2026-05-07 16:45:45+00:00,2026-05-07 16:37:00+00:00,271,92535886,271,2026-05-07 16:37:00+00:00,,False,268,1,0,True,92535886,2026-05-07 16:37:09+00:00,0,False,discovery
92561346,Sell,0.01,2026-05-08T09:30:27,2026-05-08T09:39:06,2026-05-08 06:30:27,2026-05-08 06:39:06,4732.98,5.57,2026-05-08 06:30:27.171,4731.705,4732.305,4732.005,0.6000000000003638,0.171,4731.705,1.2749999999996362,2026-05-08 06:39:05.980,4726.855,4727.435,4727.145,0.5800000000008367,-0.02,4727.435,5.544999999999163,4.27,4.86,1.3,0.71,False,False,True,True,True,MATCHED_LE_3_00,8.65,Q3 (8-16m),2026-05-08 06:30:27+00:00,2026-05-08 06:39:06+00:00,2026-05-08 06:30:00+00:00,272,92561346,272,2026-05-08 06:30:00+00:00,,False,269,1,0,True,92561346,2026-05-08 06:30:27+00:00,0,False,discovery
92611594,Buy,0.01,2026-05-11T07:03:52,2026-05-11T07:10:26,2026-05-11 04:03:52,2026-05-11 04:10:26,4674.86,2.56,2026-05-11 04:03:52.180,4674.605,4675.545,4675.075,0.9400000000005092,0.18,4675.545,0.6850000000004002,2026-05-11 04:10:25.958,4677.775,4678.445,4678.11,0.6700000000000728,-0.042,4677.775,2.914999999999964,2.23,3.035,0.33,-0.475,False,True,True,True,True,MATCHED_LE_1_00,6.566666666666666,Q2 (3-8m),2026-05-11 04:03:52+00:00,2026-05-11 04:10:26+00:00,2026-05-11 04:03:00+00:00,273,92611594,273,2026-05-11 04:03:00+00:00,,False,270,1,0,True,92611594,2026-05-11 04:03:52+00:00,0,False,discovery
92626347,Sell,0.01,2026-05-11T15:38:02,2026-05-11T15:45:50,2026-05-11 12:38:02,2026-05-11 12:45:50,4696.5,1.66,2026-05-11 12:38:02.024,4696.305,4696.925,4696.615,0.6199999999998909,0.024,4696.305,0.1949999999997089,2026-05-11 12:45:49.787,4693.865,4694.425,4694.145,0.5600000000004002,-0.213,4694.425,2.074999999999818,1.88,2.47,-0.22,-0.81,True,True,True,True,True,MATCHED_LE_1_00,7.8,Q3 (8-16m),2026-05-11 12:38:02+00:00,2026-05-11 12:45:50+00:00,2026-05-11 12:38:00+00:00,274,92626347,274,2026-05-11 12:38:00+00:00,,False,271,1,0,True,92626347,2026-05-11 12:38:02+00:00,0,False,discovery
92649888,Buy,0.01,2026-05-12T05:30:04,2026-05-12T06:18:08,2026-05-12 02:30:04,2026-05-12 03:18:08,4722.52,4.27,2026-05-12 02:30:03.673,4728.125,4728.805,4728.465,0.680000000000291,-0.327,4728.805,6.284999999999855,2026-05-12 03:18:07.936,4726.975,4727.615,4727.295,0.6399999999994179,-0.064,4726.975,4.454999999999927,-1.83,-1.17,6.1,5.44,False,False,False,False,False,TOLERANCE_EXCEEDED,48.06666666666667,Q4 (16m+),2026-05-12 02:30:04+00:00,2026-05-12 03:18:08+00:00,2026-05-12 02:30:00+00:00,275,92649888,275,2026-05-12 02:30:00+00:00,,False,272,1,0,True,92649888,2026-05-12 02:30:04+00:00,0,False,discovery
92660254,Buy,0.01,2026-05-12T13:41:21,2026-05-12T14:01:20,2026-05-12 10:41:21,2026-05-12 11:01:20,4688.79,2.73,2026-05-12 10:41:21.067,4689.585,4690.125,4689.855,0.5399999999999636,0.067,4690.125,1.3350000000000364,2026-05-12 11:01:19.939,4691.945,4692.515,4692.23,0.5700000000006185,-0.061,4691.945,3.1549999999997453,1.82,2.375,0.91,0.355,False,False,True,True,True,MATCHED_LE_3_00,19.98333333333333,Q4 (16m+),2026-05-12 10:41:21+00:00,2026-05-12 11:01:20+00:00,2026-05-12 10:41:00+00:00,276,92660254,276,2026-05-12 10:41:00+00:00,,False,273,1,0,True,92660254,2026-05-12 10:41:21+00:00,0,False,discovery
92699406,Buy,0.01,2026-05-13T08:32:18,2026-05-13T08:38:05,2026-05-13 05:32:18,2026-05-13 05:38:05,4696.22,3.18,2026-05-13 05:32:18.162,4694.645,4695.245,4694.945,0.5999999999994543,0.162,4695.245,0.9750000000003638,2026-05-13 05:38:05.112,4699.875,4700.515,4700.195,0.6400000000003274,0.112,4699.875,3.654999999999745,4.63,5.25,-1.45,-2.07,False,True,True,True,True,MATCHED_LE_1_00,5.783333333333333,Q2 (3-8m),2026-05-13 05:32:18+00:00,2026-05-13 05:38:05+00:00,2026-05-13 05:32:00+00:00,277,92699406,277,2026-05-13 05:32:00+00:00,,False,274,1,0,True,92699406,2026-05-13 05:32:18+00:00,0,False,discovery
92704162,Sell,0.01,2026-05-13T13:32:46,2026-05-13T13:46:28,2026-05-13 10:32:46,2026-05-13 10:46:28,4698.28,2.59,2026-05-13 10:32:46.051,4698.295,4698.755,4698.525,0.4600000000000364,0.051,4698.295,0.0150000000003274,2026-05-13 10:46:27.952,4694.805,4695.385,4695.095,0.5799999999999272,-0.048,4695.385,2.894999999999527,2.91,3.43,-0.32,-0.84,True,True,True,True,True,MATCHED_LE_1_00,13.7,Q3 (8-16m),2026-05-13 10:32:46+00:00,2026-05-13 10:46:28+00:00,2026-05-13 10:32:00+00:00,278,92704162,278,2026-05-13 10:32:00+00:00,,False,275,1,0,True,92704162,2026-05-13 10:32:46+00:00,0,False,discovery
92707912,Buy,0.01,2026-05-13T16:16:14,2026-05-13T16:17:46,2026-05-13 13:16:14,2026-05-13 13:17:46,4688.92,-2.09,2026-05-13 13:16:13.978,4688.875,4689.255,4689.0650000000005,0.3800000000001091,-0.022,4689.255,0.3350000000000364,2026-05-13 13:17:45.843,4687.215,4687.615,4687.415,0.3999999999996362,-0.157,4687.215,1.7049999999999272,-2.04,-1.65,-0.05,-0.44,True,True,True,True,True,MATCHED_LE_1_00,1.5333333333333334,Q1 (0-3m),2026-05-13 13:16:14+00:00,2026-05-13 13:17:46+00:00,2026-05-13 13:16:00+00:00,279,92707912,279,2026-05-13 13:16:00+00:00,,False,276,1,0,True,92707912,2026-05-13 13:16:14+00:00,0,False,discovery
92708453,Sell,0.01,2026-05-13T16:27:45,2026-05-13T16:29:24,2026-05-13 13:27:45,2026-05-13 13:29:24,4692.21,1.18,2026-05-13 13:27:44.984,4690.965,4691.355,4691.16,0.3899999999994179,-0.016,4690.965,1.2449999999998909,2026-05-13 13:29:23.740,4690.145,4690.615,4690.38,0.4699999999993451,-0.26,4690.615,1.5950000000002549,0.35,0.78,0.83,0.4,False,False,True,True,True,MATCHED_LE_3_00,1.65,Q1 (0-3m),2026-05-13 13:27:45+00:00,2026-05-13 13:29:24+00:00,2026-05-13 13:27:00+00:00,280,92708453,280,2026-05-13 13:27:00+00:00,,False,277,1,0,True,92708453,2026-05-13 13:27:45+00:00,0,False,discovery
92749649,Sell,0.01,2026-05-14T07:37:00,2026-05-14T07:54:42,2026-05-14 04:37:00,2026-05-14 04:54:42,4709.23,2.85,2026-05-14 04:37:00.020,4709.848,4710.955,4710.4015,1.106999999999971,0.02,4709.848,0.6180000000003929,2026-05-14 04:54:41.882,4705.355,4706.205,4705.78,0.8500000000003638,-0.118,4706.205,3.024999999999636,3.643,4.6215,-0.793,-1.7715,False,True,True,True,True,MATCHED_LE_1_00,17.7,Q4 (16m+),2026-05-14 04:37:00+00:00,2026-05-14 04:54:42+00:00,2026-05-14 04:37:00+00:00,281,92749649,281,2026-05-14 04:37:00+00:00,,False,278,1,0,True,92749649,2026-05-14 04:37:00+00:00,0,False,discovery
92755985,Buy,0.01,2026-05-14T14:27:21,2026-05-14T14:35:08,2026-05-14 11:27:21,2026-05-14 11:35:08,4691.09,2.64,2026-05-14 11:27:21.062,4691.155,4691.535,4691.344999999999,0.3800000000001091,0.062,4691.535,0.4449999999997089,2026-05-14 11:35:08.043,4694.045,4694.625,4694.335,0.5799999999999272,0.043,4694.045,2.9549999999999272,2.51,2.99,0.13,-0.35,True,True,True,True,True,MATCHED_LE_1_00,7.783333333333333,Q3 (8-16m),2026-05-14 11:27:21+00:00,2026-05-14 11:35:08+00:00,2026-05-14 11:27:00+00:00,282,92755985,282,2026-05-14 11:27:00+00:00,,False,279,1,0,True,92755985,2026-05-14 11:27:21+00:00,0,False,discovery
92794484,Sell,0.01,2026-05-15T06:52:48,2026-05-15T06:56:18,2026-05-15 03:52:48,2026-05-15 03:56:18,4615.85,4.14,2026-05-15 04:00:00.205,4615.295,4615.835,4615.5650000000005,0.5399999999999636,432.205,4615.295,0.555000000000291,2026-05-15 04:00:00.205,4615.295,4615.835,4615.5650000000005,0.5399999999999636,222.205,4615.835,0.0150000000003274,-0.54,0.0,4.68,4.14,False,True,True,True,True,MATCHED_LE_1_00,3.5,Q2 (3-8m),2026-05-15 03:52:48+00:00,2026-05-15 03:56:18+00:00,2026-05-15 03:52:00+00:00,283,92794484,283,2026-05-15 03:52:00+00:00,,False,280,1,0,True,92794484,2026-05-15 03:52:48+00:00,0,False,discovery
92816284,Sell,0.01,2026-05-15T14:15:09,2026-05-15T14:32:57,2026-05-15 11:15:09,2026-05-15 11:32:57,4567.8,7.18,2026-05-15 11:15:08.896,4566.965,4567.585,4567.275,0.6199999999998909,-0.104,4566.965,0.8350000000000364,2026-05-15 11:32:57.022,4559.745,4560.305,4560.025,0.5600000000004002,0.022,4560.305,7.494999999999891,6.66,7.25,0.52,-0.07,False,True,True,True,True,MATCHED_LE_1_00,17.8,Q4 (16m+),2026-05-15 11:15:09+00:00,2026-05-15 11:32:57+00:00,2026-05-15 11:15:00+00:00,284,92816284,284,2026-05-15 11:15:00+00:00,,False,281,1,0,True,92816284,2026-05-15 11:15:09+00:00,0,False,discovery
92863125,Buy,0.01,2026-05-18T09:44:22,2026-05-18T09:55:57,2026-05-18 06:44:22,2026-05-18 06:55:57,4538.98,7.45,2026-05-18 06:44:21.248,4537.575,4538.322,4537.9485,0.7470000000002983,-0.752,4538.322,0.657999999999447,2026-05-18 06:55:57.031,4547.035,4547.585,4547.31,0.5500000000001819,0.031,4547.035,8.055000000000291,8.713,9.3615,-1.263,-1.9115,False,True,True,True,True,MATCHED_LE_1_00,11.583333333333334,Q3 (8-16m),2026-05-18 06:44:22+00:00,2026-05-18 06:55:57+00:00,2026-05-18 06:44:00+00:00,285,92863125,285,2026-05-18 06:44:00+00:00,,False,282,1,0,True,92863125,2026-05-18 06:44:22+00:00,0,False,discovery
92873305,Buy,0.01,2026-05-18T16:08:58,2026-05-18T16:10:38,2026-05-18 13:08:58,2026-05-18 13:10:38,4566.67,-2.38,2026-05-18 13:08:57.967,4565.225,4565.685,4565.455,0.4600000000000364,-0.033,4565.685,0.9849999999996726,2026-05-18 13:10:37.979,4564.645,4565.165,4564.905000000001,0.5199999999995271,-0.021,4564.645,2.024999999999636,-1.04,-0.55,-1.34,-1.83,False,True,True,True,True,MATCHED_LE_1_00,1.6666666666666667,Q1 (0-3m),2026-05-18 13:08:58+00:00,2026-05-18 13:10:38+00:00,2026-05-18 13:08:00+00:00,286,92873305,286,2026-05-18 13:08:00+00:00,,False,283,1,0,True,92873305,2026-05-18 13:08:58+00:00,0,False,discovery
92878258,Sell,0.01,2026-05-18T17:35:04,2026-05-18T17:36:02,2026-05-18 14:35:04,2026-05-18 14:36:02,4550.25,4.72,2026-05-18 14:35:03.995,4549.535,4550.145,4549.84,0.6100000000005821,-0.005,4549.535,0.7150000000001455,2026-05-18 14:36:01.990,4544.885,4545.465,4545.175,0.5799999999999272,-0.01,4545.465,4.784999999999855,4.07,4.665,0.65,0.055,False,True,True,True,True,MATCHED_LE_1_00,0.9666666666666668,Q1 (0-3m),2026-05-18 14:35:04+00:00,2026-05-18 14:36:02+00:00,2026-05-18 14:35:00+00:00,287,92878258,287,2026-05-18 14:35:00+00:00,,False,284,1,0,True,92878258,2026-05-18 14:35:04+00:00,0,False,discovery
92901499,Sell,0.01,2026-05-19T06:40:39,2026-05-19T06:48:46,2026-05-19 03:40:39,2026-05-19 03:48:46,4551.85,2.9,2026-05-19 03:40:39.106,4553.285,4553.925,4553.605,0.6400000000003274,0.106,4553.285,1.434999999999491,2026-05-19 03:48:45.967,4548.115,4548.815,4548.465,0.6999999999998181,-0.033,4548.815,3.035000000000764,4.47,5.14,-1.57,-2.24,False,False,True,True,True,MATCHED_LE_3_00,8.116666666666667,Q3 (8-16m),2026-05-19 03:40:39+00:00,2026-05-19 03:48:46+00:00,2026-05-19 03:40:00+00:00,288,92901499,288,2026-05-19 03:40:00+00:00,,False,285,1,0,True,92901499,2026-05-19 03:40:39+00:00,0,False,discovery
92905766,Sell,0.01,2026-05-19T10:09:51,2026-05-19T10:30:50,2026-05-19 07:09:51,2026-05-19 07:30:50,4551.78,4.06,2026-05-19 07:09:51.010,4553.155,4553.405,4553.28,0.25,0.01,4553.155,1.375,2026-05-19 07:30:50.096,4546.805,4547.385,4547.095,0.5799999999999272,0.096,4547.385,4.394999999999527,5.77,6.185,-1.71,-2.125,False,False,True,True,True,MATCHED_LE_3_00,20.98333333333333,Q4 (16m+),2026-05-19 07:09:51+00:00,2026-05-19 07:30:50+00:00,2026-05-19 07:09:00+00:00,289,92905766,289,2026-05-19 07:09:00+00:00,,False,286,1,0,True,92905766,2026-05-19 07:09:51+00:00,0,False,discovery
92943988,Buy,0.01,2026-05-20T09:00:09,2026-05-20T09:01:47,2026-05-20 06:00:09,2026-05-20 06:01:47,4471.76,3.4,2026-05-20 06:00:08.994,4472.265,4472.982,4472.6235,0.7169999999996435,-0.006,4472.982,1.2219999999997526,2026-05-20 06:01:47.024,4475.485,4476.305,4475.895,0.8200000000006185,0.024,4475.485,3.7249999999994543,2.503,3.2715,0.897,0.1285,False,False,True,True,True,MATCHED_LE_3_00,1.6333333333333333,Q1 (0-3m),2026-05-20 06:00:09+00:00,2026-05-20 06:01:47+00:00,2026-05-20 06:00:00+00:00,290,92943988,290,2026-05-20 06:00:00+00:00,,False,287,1,0,True,92943988,2026-05-20 06:00:09+00:00,0,False,discovery
92991008,Sell,0.01,2026-05-21T09:39:49,2026-05-21T09:54:47,2026-05-21 06:39:49,2026-05-21 06:54:47,4528.46,5.53,2026-05-21 06:39:49.108,4527.515,4528.062,4527.788500000001,0.5469999999995707,0.108,4527.515,0.944999999999709,2026-05-21 06:54:47.148,4521.855,4522.445,4522.15,0.5900000000001455,0.148,4522.445,6.015000000000327,5.07,5.6385,0.46,-0.1085,False,True,True,True,True,MATCHED_LE_1_00,14.966666666666669,Q3 (8-16m),2026-05-21 06:39:49+00:00,2026-05-21 06:54:47+00:00,2026-05-21 06:39:00+00:00,291,92991008,291,2026-05-21 06:39:00+00:00,,False,288,1,0,True,92991008,2026-05-21 06:39:49+00:00,0,False,discovery
93028917,Sell,0.01,2026-05-22T07:41:02,2026-05-22T07:45:37,2026-05-22 04:41:02,2026-05-22 04:45:37,4526.58,-2.66,2026-05-22 04:41:01.712,4525.955,4526.655,4526.305,0.6999999999998181,-0.288,4525.955,0.625,2026-05-22 04:45:37.240,4528.085,4528.785,4528.435,0.6999999999998181,0.24,4528.785,2.2049999999999272,-2.83,-2.13,0.17,-0.53,False,True,True,True,True,MATCHED_LE_1_00,4.583333333333333,Q2 (3-8m),2026-05-22 04:41:02+00:00,2026-05-22 04:45:37+00:00,2026-05-22 04:41:00+00:00,292,93028917,292,2026-05-22 04:41:00+00:00,,False,289,1,0,True,93028917,2026-05-22 04:41:02+00:00,0,False,discovery
93029514,Buy,0.01,2026-05-22T08:36:56,2026-05-22T08:40:30,2026-05-22 05:36:56,2026-05-22 05:40:30,4530.06,3.09,2026-05-22 05:36:56.123,4530.715,4531.475,4531.095,0.7600000000002183,0.123,4531.475,1.4149999999999636,2026-05-22 05:40:30.037,4533.355,4534.115,4533.735,0.7600000000002183,0.037,4533.355,3.2949999999991637,1.88,2.64,1.21,0.45,False,False,True,True,True,MATCHED_LE_3_00,3.566666666666667,Q2 (3-8m),2026-05-22 05:36:56+00:00,2026-05-22 05:40:30+00:00,2026-05-22 05:36:00+00:00,293,93029514,293,2026-05-22 05:36:00+00:00,,False,290,1,0,True,93029514,2026-05-22 05:36:56+00:00,0,False,discovery
93037747,Sell,0.01,2026-05-22T15:30:46,2026-05-22T15:33:14,2026-05-22 12:30:46,2026-05-22 12:33:14,4522.59,4.0,2026-05-22 12:30:46.045,4522.505,4523.195,4522.85,0.6899999999995998,0.045,4522.505,0.0850000000000363,2026-05-22 12:33:13.992,4517.725,4518.285,4518.005,0.5599999999994907,-0.008,4518.285,4.305000000000291,4.22,4.845,-0.22,-0.845,True,True,True,True,True,MATCHED_LE_1_00,2.466666666666667,Q1 (0-3m),2026-05-22 12:30:46+00:00,2026-05-22 12:33:14+00:00,2026-05-22 12:30:00+00:00,294,93037747,294,2026-05-22 12:30:00+00:00,,False,291,1,0,True,93037747,2026-05-22 12:30:46+00:00,0,False,discovery
93064584,Buy,0.02,2026-05-25T09:09:03,2026-05-25T09:28:09,2026-05-25 06:09:03,2026-05-25 06:28:09,4551.65,6.5,2026-05-25 06:09:02.950,4552.045,4552.625,4552.335,0.5799999999999272,-0.05,4552.625,0.9750000000003638,2026-05-25 06:28:10.000,4555.155,4555.745,4555.45,0.5900000000001455,1.0,4555.155,3.505000000000109,5.06,6.23,1.44,0.27,False,True,True,True,True,MATCHED_LE_1_00,19.1,Q4 (16m+),2026-05-25 06:09:03+00:00,2026-05-25 06:28:09+00:00,2026-05-25 06:09:00+00:00,295,93064584,295,2026-05-25 06:09:00+00:00,,False,292,1,0,True,93064584,2026-05-25 06:09:03+00:00,0,False,discovery
93070782,Sell,0.01,2026-05-25T15:59:41,2026-05-25T16:02:57,2026-05-25 12:59:41,2026-05-25 13:02:57,4568.44,5.24,2026-05-25 12:59:40.984,4568.178,4568.715,4568.4465,0.5370000000002619,-0.016,4568.178,0.2619999999997162,2026-05-25 13:02:56.878,4562.205,4562.785,4562.495,0.5799999999999272,-0.122,4562.785,5.654999999999745,5.393,5.9515,-0.153,-0.7115,True,True,True,True,True,MATCHED_LE_1_00,3.2666666666666666,Q2 (3-8m),2026-05-25 12:59:41+00:00,2026-05-25 13:02:57+00:00,2026-05-25 12:59:00+00:00,296,93070782,296,2026-05-25 12:59:00+00:00,,False,293,1,0,True,93070782,2026-05-25 12:59:41+00:00,0,False,discovery
93086094,Sell,0.01,2026-05-26T08:40:30,2026-05-26T08:57:17,2026-05-26 05:40:30,2026-05-26 05:57:17,4532.04,4.61,2026-05-26 06:00:00.069,4527.025,4527.535,4527.28,0.5100000000002183,1170.069,4527.025,5.015000000000327,2026-05-26 06:00:00.069,4527.025,4527.535,4527.28,0.5100000000002183,163.069,4527.535,4.505000000000109,-0.51,0.0,5.12,4.61,False,False,False,False,False,TOLERANCE_EXCEEDED,16.783333333333335,Q4 (16m+),2026-05-26 05:40:30+00:00,2026-05-26 05:57:17+00:00,2026-05-26 05:40:00+00:00,297,93086094,297,2026-05-26 05:40:00+00:00,,False,294,1,0,True,93086094,2026-05-26 05:40:30+00:00,0,False,discovery
93091481,Sell,0.01,2026-05-26T13:48:28,2026-05-26T13:51:18,2026-05-26 10:48:28,2026-05-26 10:51:18,4535.78,-2.57,2026-05-26 10:48:28.064,4534.595,4535.235,4534.915,0.6399999999994179,0.064,4534.595,1.184999999999491,2026-05-26 10:51:17.997,4537.385,4537.985,4537.685,0.5999999999994543,-0.003,4537.985,2.2049999999999272,-3.39,-2.77,0.82,0.2,False,False,True,True,True,MATCHED_LE_3_00,2.833333333333333,Q1 (0-3m),2026-05-26 10:48:28+00:00,2026-05-26 10:51:18+00:00,2026-05-26 10:48:00+00:00,298,93091481,298,2026-05-26 10:48:00+00:00,,False,295,1,0,True,93091481,2026-05-26 10:48:28+00:00,0,False,discovery
93095183,Sell,0.01,2026-05-26T15:35:27,2026-05-26T15:40:56,2026-05-26 12:35:27,2026-05-26 12:40:56,4509.03,4.17,2026-05-26 12:35:26.989,4507.525,4508.062,4507.7935,0.5370000000002619,-0.011,4507.525,1.5050000000001091,2026-05-26 12:40:56.019,4504.085,4504.635,4504.360000000001,0.5500000000001819,0.019,4504.635,4.394999999999527,2.89,3.4335,1.28,0.7365,False,False,True,True,True,MATCHED_LE_3_00,5.483333333333333,Q2 (3-8m),2026-05-26 12:35:27+00:00,2026-05-26 12:40:56+00:00,2026-05-26 12:35:00+00:00,299,93095183,299,2026-05-26 12:35:00+00:00,,False,296,1,0,True,93095183,2026-05-26 12:35:27+00:00,0,False,discovery
93121138,Sell,0.01,2026-05-27T09:21:22,2026-05-27T09:43:57,2026-05-27 06:21:22,2026-05-27 06:43:57,4489.13,3.87,2026-05-27 06:21:22.061,4488.395,4489.085,4488.74,0.6899999999995998,0.061,4488.395,0.7349999999996726,2026-05-27 06:43:57.458,4484.265,4485.065,4484.665,0.7999999999992724,0.458,4485.065,4.065000000000509,3.33,4.075,0.54,-0.205,False,True,True,True,True,MATCHED_LE_1_00,22.58333333333333,Q4 (16m+),2026-05-27 06:21:22+00:00,2026-05-27 06:43:57+00:00,2026-05-27 06:21:00+00:00,300,93121138,300,2026-05-27 06:21:00+00:00,,False,297,1,0,True,93121138,2026-05-27 06:21:22+00:00,0,False,discovery
93131167,Sell,0.01,2026-05-27T14:50:40,2026-05-27T15:01:34,2026-05-27 11:50:40,2026-05-27 12:01:34,4438.17,3.75,2026-05-27 11:50:40.042,4437.945,4438.465,4438.205,0.5200000000004366,0.042,4437.945,0.2250000000003638,2026-05-27 12:01:34.088,4433.285,4433.915,4433.6,0.6300000000001091,0.088,4433.915,4.255000000000109,4.03,4.605,-0.28,-0.855,True,True,True,True,True,MATCHED_LE_1_00,10.9,Q3 (8-16m),2026-05-27 11:50:40+00:00,2026-05-27 12:01:34+00:00,2026-05-27 11:50:00+00:00,301,93131167,301,2026-05-27 11:50:00+00:00,,False,298,1,0,True,93131167,2026-05-27 11:50:40+00:00,0,False,discovery
93169426,Sell,0.01,2026-05-28T07:11:24,2026-05-28T07:23:55,2026-05-28 04:11:24,2026-05-28 04:23:55,4378.3,6.17,2026-05-28 04:11:24.077,4378.515,4379.475,4378.995000000001,0.9600000000000364,0.077,4378.515,0.2150000000001455,2026-05-28 04:23:54.903,4370.995,4372.005,4371.5,1.0100000000002185,-0.097,4372.005,6.295000000000073,6.51,7.495,-0.34,-1.325,True,True,True,True,True,MATCHED_LE_1_00,12.516666666666667,Q3 (8-16m),2026-05-28 04:11:24+00:00,2026-05-28 04:23:55+00:00,2026-05-28 04:11:00+00:00,302,93169426,302,2026-05-28 04:11:00+00:00,,False,299,1,0,True,93169426,2026-05-28 04:11:24+00:00,0,False,discovery
93184362,Sell,0.01,2026-05-28T17:04:21,2026-05-28T17:06:49,2026-05-28 14:04:21,2026-05-28 14:06:49,4424.02,-2.98,2026-05-28 14:04:20.902,4422.925,4423.645,4423.285,0.7200000000002547,-0.098,4422.925,1.0950000000002549,2026-05-28 14:06:48.900,4425.945,4426.635,4426.29,0.6900000000005093,-0.1,4426.635,2.6149999999997817,-3.71,-3.005,0.73,0.025,False,False,True,True,True,MATCHED_LE_3_00,2.466666666666667,Q1 (0-3m),2026-05-28 14:04:21+00:00,2026-05-28 14:06:49+00:00,2026-05-28 14:04:00+00:00,303,93184362,303,2026-05-28 14:04:00+00:00,,False,300,1,0,True,93184362,2026-05-28 14:04:21+00:00,0,False,discovery
93199497,Buy,0.01,2026-05-28T20:45:24,2026-05-28T21:06:30,2026-05-28 17:45:24,2026-05-28 18:06:30,4508.61,4.58,2026-05-28 17:45:24.033,4506.238,4506.955,4506.5965,0.7169999999996435,0.033,4506.955,1.6549999999997451,2026-05-28 18:06:29.951,4513.458,4514.125,4513.791499999999,0.6670000000003711,-0.049,4513.458,4.847999999999956,6.503,7.195,-1.923,-2.615,False,False,True,True,True,MATCHED_LE_3_00,21.1,Q4 (16m+),2026-05-28 17:45:24+00:00,2026-05-28 18:06:30+00:00,2026-05-28 17:45:00+00:00,304,93199497,304,2026-05-28 17:45:00+00:00,,False,301,1,0,True,93199497,2026-05-28 17:45:24+00:00,0,False,discovery
93210316,Sell,0.01,2026-05-29T09:09:04,2026-05-29T09:13:41,2026-05-29 06:09:04,2026-05-29 06:13:41,4515.02,2.66,2026-05-29 06:09:03.941,4517.645,4518.235,4517.9400000000005,0.589999999999236,-0.059,4517.645,2.625,2026-05-29 06:13:41.018,4511.555,4512.105,4511.83,0.5499999999992724,0.018,4512.105,2.915000000000873,5.54,6.11,-2.88,-3.45,False,False,False,True,True,MATCHED_LE_3_00,4.616666666666666,Q2 (3-8m),2026-05-29 06:09:04+00:00,2026-05-29 06:13:41+00:00,2026-05-29 06:09:00+00:00,305,93210316,305,2026-05-29 06:09:00+00:00,,False,302,1,0,True,93210316,2026-05-29 06:09:04+00:00,0,False,discovery
93235333,Buy,0.01,2026-05-29T21:01:51,2026-05-29T21:42:51,2026-05-29 18:01:51,2026-05-29 18:42:51,4553.24,6.35,2026-05-29 18:01:51.050,4552.475,4553.415,4552.945,0.9399999999995998,0.05,4553.415,0.1750000000001819,2026-05-29 18:42:50.877,4559.565,4560.535,4560.049999999999,0.9700000000002548,-0.123,4559.565,6.324999999999818,6.15,7.105,0.2,-0.755,True,True,True,True,True,MATCHED_LE_1_00,41.0,Q4 (16m+),2026-05-29 18:01:51+00:00,2026-05-29 18:42:51+00:00,2026-05-29 18:01:00+00:00,306,93235333,306,2026-05-29 18:01:00+00:00,,False,303,1,0,True,93235333,2026-05-29 18:01:51+00:00,0,False,discovery
93252299,Sell,0.01,2026-06-01T11:07:05,2026-06-01T11:28:55,2026-06-01 08:07:05,2026-06-01 08:28:55,4498.93,3.84,2026-06-01 08:07:05.121,4498.035,4498.652,4498.3435,0.6170000000001892,0.121,4498.035,0.8950000000004366,2026-06-01 08:28:55.695,4494.155,4494.785,4494.469999999999,0.6300000000001091,0.695,4494.785,4.145000000000437,3.25,3.8735,0.59,-0.0335,False,True,True,True,True,MATCHED_LE_1_00,21.83333333333333,Q4 (16m+),2026-06-01 08:07:05+00:00,2026-06-01 08:28:55+00:00,2026-06-01 08:07:00+00:00,307,93252299,307,2026-06-01 08:07:00+00:00,,False,304,1,0,True,93252299,2026-06-01 08:07:05+00:00,0,False,discovery
93277546,Sell,0.01,2026-06-01T16:40:02,2026-06-01T16:41:39,2026-06-01 13:40:02,2026-06-01 13:41:39,4472.54,5.5,2026-06-01 13:40:01.977,4473.065,4473.795,4473.43,0.7300000000004729,-0.023,4473.065,0.5249999999996362,2026-06-01 13:41:38.951,4466.145,4466.785,4466.465,0.6399999999994179,-0.049,4466.785,5.755000000000109,6.28,6.965,-0.78,-1.465,False,True,True,True,True,MATCHED_LE_1_00,1.6166666666666667,Q1 (0-3m),2026-06-01 13:40:02+00:00,2026-06-01 13:41:39+00:00,2026-06-01 13:40:00+00:00,308,93277546,308,2026-06-01 13:40:00+00:00,,False,305,1,0,True,93277546,2026-06-01 13:40:02+00:00,0,False,discovery
93309253,Sell,0.01,2026-06-02T16:27:01,2026-06-02T16:30:32,2026-06-02 13:27:01,2026-06-02 13:30:32,4515.09,5.05,2026-06-02 13:27:01.144,4514.385,4514.875,4514.63,0.4899999999997817,0.144,4514.385,0.7049999999999272,2026-06-02 13:30:32.008,4509.065,4509.602,4509.3335,0.5370000000002619,0.008,4509.602,5.488000000000284,4.783,5.2965,0.267,-0.2465,False,True,True,True,True,MATCHED_LE_1_00,3.5166666666666666,Q2 (3-8m),2026-06-02 13:27:01+00:00,2026-06-02 13:30:32+00:00,2026-06-02 13:27:00+00:00,309,93309253,309,2026-06-02 13:27:00+00:00,,False,306,1,0,True,93309253,2026-06-02 13:27:01+00:00,0,False,discovery
93345132,Sell,0.01,2026-06-03T07:31:17,2026-06-03T07:50:55,2026-06-03 04:31:17,2026-06-03 04:50:55,4476.49,4.54,2026-06-03 04:31:16.813,4476.095,4476.825,4476.46,0.7299999999995634,-0.187,4476.095,0.394999999999527,2026-06-03 04:50:54.240,4470.895,4471.565,4471.23,0.6699999999991633,-0.76,4471.565,4.925000000000182,4.53,5.23,0.01,-0.69,True,True,True,True,True,MATCHED_LE_1_00,19.633333333333333,Q4 (16m+),2026-06-03 04:31:17+00:00,2026-06-03 04:50:55+00:00,2026-06-03 04:31:00+00:00,310,93345132,310,2026-06-03 04:31:00+00:00,,False,307,1,0,True,93345132,2026-06-03 04:31:17+00:00,0,False,discovery
93360769,Sell,0.01,2026-06-03T18:19:30,2026-06-03T18:46:02,2026-06-03 15:19:30,2026-06-03 15:46:02,4446.07,5.42,2026-06-03 15:19:30.030,4448.218,4448.855,4448.5365,0.6369999999997162,0.03,4448.218,2.1480000000001382,2026-06-03 15:46:01.889,4439.745,4440.425,4440.085,0.680000000000291,-0.111,4440.425,5.644999999999527,7.793,8.4515,-2.373,-3.0315,False,False,False,True,True,MATCHED_LE_3_00,26.53333333333333,Q4 (16m+),2026-06-03 15:19:30+00:00,2026-06-03 15:46:02+00:00,2026-06-03 15:19:00+00:00,311,93360769,311,2026-06-03 15:19:00+00:00,,False,308,1,0,True,93360769,2026-06-03 15:19:30+00:00,0,False,discovery
93376580,Sell,0.01,2026-06-04T09:02:48,2026-06-04T09:03:13,2026-06-04 06:02:48,2026-06-04 06:03:13,4472.1,-3.03,2026-06-04 06:02:48.038,4473.315,4473.975,4473.645,0.660000000000764,0.038,4473.315,1.214999999999236,2026-06-04 06:03:12.752,4474.275,4474.845,4474.56,0.5700000000006185,-0.248,4474.845,2.744999999999891,-1.53,-0.915,-1.5,-2.115,False,False,True,True,True,MATCHED_LE_3_00,0.4166666666666667,Q1 (0-3m),2026-06-04 06:02:48+00:00,2026-06-04 06:03:13+00:00,2026-06-04 06:02:00+00:00,312,93376580,312,2026-06-04 06:02:00+00:00,,False,309,1,0,True,93376580,2026-06-04 06:02:48+00:00,0,False,discovery
93377409,Sell,0.01,2026-06-04T10:05:50,2026-06-04T10:13:26,2026-06-04 07:05:50,2026-06-04 07:13:26,4469.47,5.21,2026-06-04 07:05:50.016,4468.935,4469.545,4469.24,0.6099999999996726,0.016,4468.935,0.5349999999998545,2026-06-04 07:13:26.088,4463.505,4463.965,4463.735000000001,0.4600000000000364,0.088,4463.965,5.505000000000109,4.97,5.505,0.24,-0.295,False,True,True,True,True,MATCHED_LE_1_00,7.6,Q2 (3-8m),2026-06-04 07:05:50+00:00,2026-06-04 07:13:26+00:00,2026-06-04 07:05:00+00:00,313,93377409,313,2026-06-04 07:05:00+00:00,,False,310,1,0,True,93377409,2026-06-04 07:05:50+00:00,0,False,discovery
93404708,Sell,0.01,2026-06-05T07:16:51,2026-06-05T07:19:28,2026-06-05 04:16:51,2026-06-05 04:19:28,4442.42,2.41,2026-06-05 04:16:51.116,4442.605,4443.205,4442.905,0.6000000000003638,0.116,4442.605,0.1849999999994906,2026-06-05 04:19:28.042,4439.105,4439.665,4439.385,0.5600000000004002,0.042,4439.665,2.755000000000109,2.94,3.52,-0.53,-1.11,True,True,True,True,True,MATCHED_LE_1_00,2.6166666666666667,Q1 (0-3m),2026-06-05 04:16:51+00:00,2026-06-05 04:19:28+00:00,2026-06-05 04:16:00+00:00,314,93404708,314,2026-06-05 04:16:00+00:00,,False,311,1,0,True,93404708,2026-06-05 04:16:51+00:00,0,False,discovery
93411173,Sell,0.01,2026-06-05T14:55:49,2026-06-05T15:07:21,2026-06-05 11:55:49,2026-06-05 12:07:21,4470.45,2.26,2026-06-05 11:55:49.114,4469.985,4470.575,4470.28,0.5900000000001455,0.114,4469.985,0.4650000000001455,2026-06-05 12:07:21.134,4467.455,4468.015,4467.735000000001,0.5600000000004002,0.134,4468.015,2.4349999999994907,1.97,2.545,0.29,-0.285,True,True,True,True,True,MATCHED_LE_1_00,11.533333333333331,Q3 (8-16m),2026-06-05 11:55:49+00:00,2026-06-05 12:07:21+00:00,2026-06-05 11:55:00+00:00,315,93411173,315,2026-06-05 11:55:00+00:00,,False,312,1,0,True,93411173,2026-06-05 11:55:49+00:00,0,False,discovery
93443489,Buy,0.01,2026-06-08T08:38:58,2026-06-08T08:42:07,2026-06-08 05:38:58,2026-06-08 05:42:07,4279.91,2.95,2026-06-08 05:38:58.019,4289.385,4290.345,4289.865,0.9600000000000364,0.019,4290.345,10.4350000000004,2026-06-08 05:42:07.109,4282.698,4283.605,4283.1515,0.9069999999992432,0.109,4282.698,2.7880000000004657,-7.647,-6.7135,10.597,9.6635,False,False,False,False,False,TOLERANCE_EXCEEDED,3.15,Q2 (3-8m),2026-06-08 05:38:58+00:00,2026-06-08 05:42:07+00:00,2026-06-08 05:38:00+00:00,316,93443489,316,2026-06-08 05:38:00+00:00,,False,313,1,0,True,93443489,2026-06-08 05:38:58+00:00,0,False,discovery
93461391,Buy,0.01,2026-06-08T18:18:03,2026-06-08T18:22:58,2026-06-08 15:18:03,2026-06-08 15:22:58,4324.16,8.15,2026-06-08 15:18:03.015,4323.455,4323.995,4323.725,0.5399999999999636,0.015,4323.995,0.1649999999999636,2026-06-08 15:22:57.920,4332.575,4333.135,4332.855,0.5600000000004002,-0.08,4332.575,8.414999999999964,8.58,9.13,-0.43,-0.98,True,True,True,True,True,MATCHED_LE_1_00,4.916666666666667,Q2 (3-8m),2026-06-08 15:18:03+00:00,2026-06-08 15:22:58+00:00,2026-06-08 15:18:00+00:00,317,93461391,317,2026-06-08 15:18:00+00:00,,False,314,1,0,True,93461391,2026-06-08 15:18:03+00:00,0,False,discovery
93474519,Sell,0.01,2026-06-09T10:32:19,2026-06-09T10:40:24,2026-06-09 07:32:19,2026-06-09 07:40:24,4326.45,0.01,2026-06-09 07:32:19.224,4326.375,4326.955,4326.665,0.5799999999999272,0.224,4326.375,0.0749999999998181,2026-06-09 07:40:23.999,4325.575,4326.125,4325.85,0.5500000000001819,-0.001,4326.125,0.3249999999998181,0.25,0.815,-0.24,-0.805,True,True,True,True,True,MATCHED_LE_1_00,8.083333333333334,Q3 (8-16m),2026-06-09 07:32:19+00:00,2026-06-09 07:40:24+00:00,2026-06-09 07:32:00+00:00,318,93474519,318,2026-06-09 07:32:00+00:00,,False,315,1,0,True,93474519,2026-06-09 07:32:19+00:00,0,False,discovery
93510992,Sell,0.01,2026-06-10T08:02:18,2026-06-10T08:06:00,2026-06-10 05:02:18,2026-06-10 05:06:00,4177.67,1.99,2026-06-10 05:02:17.651,4176.255,4176.925,4176.59,0.6700000000000728,-0.349,4176.255,1.4149999999999636,2026-06-10 05:06:00.078,4174.598,4175.205,4174.9015,0.6069999999999709,0.078,4175.205,2.465000000000145,1.05,1.6885,0.94,0.3015,False,False,True,True,True,MATCHED_LE_3_00,3.7,Q2 (3-8m),2026-06-10 05:02:18+00:00,2026-06-10 05:06:00+00:00,2026-06-10 05:02:00+00:00,319,93510992,319,2026-06-10 05:02:00+00:00,,False,316,1,0,True,93510992,2026-06-10 05:02:18+00:00,0,False,discovery
93557927,Buy,0.01,2026-06-11T09:36:08,2026-06-11T09:57:10,2026-06-11 06:36:08,2026-06-11 06:57:10,4086.19,8.09,2026-06-11 06:36:08.007,4085.465,4086.055,4085.76,0.5899999999996908,0.007,4086.055,0.1350000000002182,2026-06-11 06:57:09.712,4094.635,4095.175,4094.905,0.5399999999999636,-0.288,4094.635,8.445000000000164,8.58,9.145,-0.49,-1.055,True,True,True,True,True,MATCHED_LE_1_00,21.03333333333333,Q4 (16m+),2026-06-11 06:36:08+00:00,2026-06-11 06:57:10+00:00,2026-06-11 06:36:00+00:00,320,93557927,320,2026-06-11 06:36:00+00:00,,False,317,1,0,True,93557927,2026-06-11 06:36:08+00:00,0,False,buffer
93598278,Sell,0.01,2026-06-12T08:17:41,2026-06-12T08:27:33,2026-06-12 05:17:41,2026-06-12 05:27:33,4185.65,-2.4,2026-06-12 05:17:40.852,4184.795,4185.545,4185.17,0.75,-0.148,4184.795,0.8549999999995634,2026-06-12 05:27:32.557,4186.925,4187.695,4187.31,0.7699999999995271,-0.443,4187.695,2.0450000000000728,-2.9,-2.14,0.5,-0.26,False,True,True,True,True,MATCHED_LE_1_00,9.866666666666667,Q3 (8-16m),2026-06-12 05:17:41+00:00,2026-06-12 05:27:33+00:00,2026-06-12 05:17:00+00:00,321,93598278,321,2026-06-12 05:17:00+00:00,,False,318,1,0,True,93598278,2026-06-12 05:17:41+00:00,0,False,lockbox
93609754,Buy,0.01,2026-06-12T17:23:16,2026-06-12T17:29:50,2026-06-12 14:23:16,2026-06-12 14:29:50,4184.03,5.87,2026-06-12 14:23:16.007,4183.925,4184.495,4184.21,0.569999999999709,0.007,4184.495,0.4650000000001455,2026-06-12 14:29:49.991,4190.055,4190.535,4190.295,0.4799999999995634,-0.009,4190.055,6.025000000000546,5.56,6.085,0.31,-0.215,True,True,True,True,True,MATCHED_LE_1_00,6.566666666666666,Q2 (3-8m),2026-06-12 14:23:16+00:00,2026-06-12 14:29:50+00:00,2026-06-12 14:23:00+00:00,322,93609754,322,2026-06-12 14:23:00+00:00,,False,319,1,0,True,93609754,2026-06-12 14:23:16+00:00,0,False,lockbox
93631282,Sell,0.01,2026-06-15T08:44:57,2026-06-15T08:45:22,2026-06-15 05:44:57,2026-06-15 05:45:22,4312.83,2.51,2026-06-15 05:44:56.994,4313.035,4313.735,4313.385,0.6999999999998181,-0.006,4313.035,0.2049999999999272,2026-06-15 05:45:22.040,4309.275,4310.025,4309.65,0.75,0.04,4310.025,2.805000000000291,3.01,3.735,-0.5,-1.225,True,True,True,True,True,MATCHED_LE_1_00,0.4166666666666667,Q1 (0-3m),2026-06-15 05:44:57+00:00,2026-06-15 05:45:22+00:00,2026-06-15 05:44:00+00:00,323,93631282,323,2026-06-15 05:44:00+00:00,,False,320,1,0,True,93631282,2026-06-15 05:44:57+00:00,0,False,lockbox
93650934,Buy,0.01,2026-06-15T16:30:46,2026-06-15T16:41:37,2026-06-15 13:30:46,2026-06-15 13:41:37,4355.08,10.07,2026-06-15 13:30:46.006,4356.875,4357.505,4357.1900000000005,0.6300000000001091,0.006,4357.505,2.425000000000182,2026-06-15 13:41:36.965,4365.465,4365.985,4365.725,0.5199999999995271,-0.035,4365.465,10.385000000000218,7.96,8.535,2.11,1.535,False,False,False,True,True,MATCHED_LE_3_00,10.85,Q3 (8-16m),2026-06-15 13:30:46+00:00,2026-06-15 13:41:37+00:00,2026-06-15 13:30:00+00:00,324,93650934,324,2026-06-15 13:30:00+00:00,,False,321,1,0,True,93650934,2026-06-15 13:30:46+00:00,0,False,lockbox
93681010,Sell,0.01,2026-06-16T13:18:40,2026-06-16T13:22:06,2026-06-16 10:18:40,2026-06-16 10:22:06,4344.69,-1.7,2026-06-16 10:18:40.034,4345.135,4345.525,4345.33,0.3899999999994179,0.034,4345.135,0.4450000000006184,2026-06-16 10:22:05.924,4345.765,4346.085,4345.925,0.3199999999997089,-0.076,4346.085,1.3950000000004366,-0.95,-0.595,-0.75,-1.105,True,True,True,True,True,MATCHED_LE_1_00,3.433333333333333,Q2 (3-8m),2026-06-16 10:18:40+00:00,2026-06-16 10:22:06+00:00,2026-06-16 10:18:00+00:00,325,93681010,325,2026-06-16 10:18:00+00:00,,False,322,1,0,True,93681010,2026-06-16 10:18:40+00:00,0,False,lockbox
93682742,Buy,0.01,2026-06-16T15:06:09,2026-06-16T15:11:57,2026-06-16 12:06:09,2026-06-16 12:11:57,4339.92,3.27,2026-06-16 12:06:09.041,4338.675,4339.025,4338.85,0.3499999999994543,0.041,4339.025,0.8950000000004366,2026-06-16 12:11:56.020,4343.465,4344.015,4343.74,0.5500000000001819,-0.98,4343.465,3.5450000000000728,4.44,4.89,-1.17,-1.62,False,True,True,True,True,MATCHED_LE_1_00,5.8,Q2 (3-8m),2026-06-16 12:06:09+00:00,2026-06-16 12:11:57+00:00,2026-06-16 12:06:00+00:00,326,93682742,326,2026-06-16 12:06:00+00:00,,False,323,1,0,True,93682742,2026-06-16 12:06:09+00:00,0,False,lockbox
93700747,Sell,0.01,2026-06-17T08:49:19,2026-06-17T08:58:07,2026-06-17 05:49:19,2026-06-17 05:58:07,4332.93,6.92,2026-06-17 05:49:18.681,4333.335,4333.885,4333.610000000001,0.5500000000001819,-0.319,4333.335,0.4049999999997453,2026-06-17 05:58:07.055,4325.225,4325.772,4325.4985,0.5469999999995707,0.055,4325.772,7.1580000000003565,7.563,8.1115,-0.643,-1.1915,True,True,True,True,True,MATCHED_LE_1_00,8.8,Q3 (8-16m),2026-06-17 05:49:19+00:00,2026-06-17 05:58:07+00:00,2026-06-17 05:49:00+00:00,327,93700747,327,2026-06-17 05:49:00+00:00,,False,324,1,0,True,93700747,2026-06-17 05:49:19+00:00,0,False,lockbox
93757800,Sell,0.01,2026-06-18T18:09:38,2026-06-18T18:17:36,2026-06-18 15:09:38,2026-06-18 15:17:36,4253.6,7.6,2026-06-18 15:09:37.940,4254.385,4255.015,4254.700000000001,0.6300000000001091,-0.06,4254.385,0.7849999999998545,2026-06-18 15:17:35.980,4245.115,4245.745,4245.43,0.6300000000001091,-0.02,4245.745,7.855000000000473,8.64,9.27,-1.04,-1.67,False,True,True,True,True,MATCHED_LE_1_00,7.966666666666667,Q3 (8-16m),2026-06-18 15:09:38+00:00,2026-06-18 15:17:36+00:00,2026-06-18 15:09:00+00:00,328,93757800,328,2026-06-18 15:09:00+00:00,,False,325,1,0,True,93757800,2026-06-18 15:09:38+00:00,0,False,lockbox
93776205,Sell,0.01,2026-06-19T08:32:37,2026-06-19T08:41:30,2026-06-19 05:32:37,2026-06-19 05:41:30,4137.68,5.04,2026-06-19 05:32:36.668,4137.455,4138.172,4137.8135,0.7169999999996435,-0.332,4137.455,0.2250000000003638,2026-06-19 05:41:30.473,4131.835,4132.505,4132.17,0.6700000000000728,0.473,4132.505,5.175000000000182,4.95,5.6435,0.09,-0.6035,True,True,True,True,True,MATCHED_LE_1_00,8.883333333333333,Q3 (8-16m),2026-06-19 05:32:37+00:00,2026-06-19 05:41:30+00:00,2026-06-19 05:32:00+00:00,329,93776205,329,2026-06-19 05:32:00+00:00,,False,326,1,0,True,93776205,2026-06-19 05:32:37+00:00,0,False,lockbox
93798546,Buy,0.01,2026-06-22T08:28:11,2026-06-22T08:39:30,2026-06-22 05:28:11,2026-06-22 05:39:30,4189.21,6.82,2026-06-22 05:28:10.998,4188.645,4189.295,4188.97,0.6499999999996362,-0.002,4189.295,0.0850000000000363,2026-06-22 05:39:29.978,4196.135,4196.835,4196.485000000001,0.6999999999998181,-0.022,4196.135,6.925000000000182,6.84,7.515,-0.02,-0.695,True,True,True,True,True,MATCHED_LE_1_00,11.316666666666666,Q3 (8-16m),2026-06-22 05:28:11+00:00,2026-06-22 05:39:30+00:00,2026-06-22 05:28:00+00:00,330,93798546,330,2026-06-22 05:28:00+00:00,,False,327,1,0,True,93798546,2026-06-22 05:28:11+00:00,0,False,lockbox
93832434,Buy,0.01,2026-06-23T06:39:04,2026-06-23T06:48:57,2026-06-23 03:39:04,2026-06-23 03:48:57,4135.04,3.98,2026-06-23 03:39:04.108,4134.475,4135.145,4134.81,0.6700000000000728,0.108,4135.145,0.1050000000004729,2026-06-23 03:48:57.254,4139.315,4139.985,4139.65,0.6700000000000728,0.254,4139.315,4.274999999999636,4.17,4.84,-0.19,-0.86,True,True,True,True,True,MATCHED_LE_1_00,9.883333333333333,Q3 (8-16m),2026-06-23 03:39:04+00:00,2026-06-23 03:48:57+00:00,2026-06-23 03:39:00+00:00,331,93832434,331,2026-06-23 03:39:00+00:00,,False,328,1,0,True,93832434,2026-06-23 03:39:04+00:00,0,False,lockbox
93873774,Sell,0.01,2026-06-23T21:06:17,2026-06-23T21:32:06,2026-06-23 18:06:17,2026-06-23 18:32:06,4127.31,4.54,2026-06-23 18:06:16.075,4127.245,4127.905,4127.575,0.6599999999998545,-0.925,4127.245,0.0650000000005093,2026-06-23 18:32:05.926,4121.765,4122.525,4122.145,0.7599999999993088,-0.074,4122.525,4.785000000000764,4.72,5.43,-0.18,-0.89,True,True,True,True,True,MATCHED_LE_1_00,25.816666666666663,Q4 (16m+),2026-06-23 18:06:17+00:00,2026-06-23 18:32:06+00:00,2026-06-23 18:06:00+00:00,332,93873774,332,2026-06-23 18:06:00+00:00,,False,329,1,0,True,93873774,2026-06-23 18:06:17+00:00,0,False,lockbox
93909211,Buy,0.01,2026-06-24T10:08:33,2026-06-24T10:15:20,2026-06-24 07:08:33,2026-06-24 07:15:20,4088.7,-3.38,2026-06-24 07:08:32.640,4089.695,4090.185,4089.94,0.4899999999997817,-0.36,4090.185,1.485000000000127,2026-06-24 07:15:19.957,4085.395,4085.875,4085.635,0.4800000000000182,-0.043,4085.395,3.3049999999998363,-4.79,-4.305,1.41,0.925,False,False,True,True,True,MATCHED_LE_3_00,6.783333333333333,Q2 (3-8m),2026-06-24 07:08:33+00:00,2026-06-24 07:15:20+00:00,2026-06-24 07:08:00+00:00,333,93909211,333,2026-06-24 07:08:00+00:00,,False,330,1,0,True,93909211,2026-06-24 07:08:33+00:00,0,False,lockbox
93935706,Buy,0.01,2026-06-24T16:41:19,2026-06-24T16:46:25,2026-06-24 13:41:19,2026-06-24 13:46:25,4007.36,2.37,2026-06-24 13:41:18.999,4004.975,4005.745,4005.36,0.7699999999999818,-0.001,4005.745,1.6150000000002365,2026-06-24 13:46:24.956,4010.005,4010.775,4010.39,0.7699999999999818,-0.044,4010.005,2.644999999999982,4.26,5.03,-1.89,-2.66,False,False,True,True,True,MATCHED_LE_3_00,5.1,Q2 (3-8m),2026-06-24 13:41:19+00:00,2026-06-24 13:46:25+00:00,2026-06-24 13:41:00+00:00,334,93935706,334,2026-06-24 13:41:00+00:00,,False,331,1,0,True,93935706,2026-06-24 13:41:19+00:00,0,False,lockbox
93990129,Buy,0.01,2026-06-25T07:19:16,2026-06-25T07:30:21,2026-06-25 04:19:16,2026-06-25 04:30:21,3990.0,4.22,2026-06-25 04:19:16.152,3990.115,3990.855,3990.485,0.7400000000002365,0.152,3990.855,0.8550000000000182,2026-06-25 04:30:20.991,3994.495,3995.165,3994.83,0.6700000000000728,-0.009,3994.495,4.494999999999891,3.64,4.345,0.58,-0.125,False,True,True,True,True,MATCHED_LE_1_00,11.083333333333334,Q3 (8-16m),2026-06-25 04:19:16+00:00,2026-06-25 04:30:21+00:00,2026-06-25 04:19:00+00:00,335,93990129,335,2026-06-25 04:19:00+00:00,,False,332,1,0,True,93990129,2026-06-25 04:19:16+00:00,0,False,lockbox
94051620,Buy,0.01,2026-06-25T19:46:01,2026-06-25T20:27:18,2026-06-25 16:46:01,2026-06-25 17:27:18,4025.8,8.77,2026-06-25 16:46:01.055,4024.128,4024.885,4024.5065,0.7570000000000618,0.055,4024.885,0.9149999999999636,2026-06-25 17:27:18.002,4034.865,4035.595,4035.23,0.7300000000000182,0.002,4034.865,9.0649999999996,9.98,10.7235,-1.21,-1.9535,False,True,True,True,True,MATCHED_LE_1_00,41.28333333333333,Q4 (16m+),2026-06-25 16:46:01+00:00,2026-06-25 17:27:18+00:00,2026-06-25 16:46:00+00:00,336,94051620,336,2026-06-25 16:46:00+00:00,,False,333,1,0,True,94051620,2026-06-25 16:46:01+00:00,0,False,lockbox
94074059,Sell,0.01,2026-06-26T14:36:53,2026-06-26T14:49:42,2026-06-26 11:36:53,2026-06-26 11:49:42,4051.97,4.55,2026-06-26 11:36:52.994,4052.025,4052.642,4052.3335,0.6169999999997344,-0.006,4052.025,0.055000000000291,2026-06-26 11:49:42.005,4046.355,4047.125,4046.74,0.7699999999999818,0.005,4047.125,4.8449999999998,4.9,5.5935,-0.35,-1.0435,True,True,True,True,True,MATCHED_LE_1_00,12.816666666666666,Q3 (8-16m),2026-06-26 11:36:53+00:00,2026-06-26 11:49:42+00:00,2026-06-26 11:36:00+00:00,337,94074059,337,2026-06-26 11:36:00+00:00,,False,334,1,0,True,94074059,2026-06-26 11:36:53+00:00,0,False,lockbox
94116926,Buy,0.01,2026-06-29T14:55:16,2026-06-29T15:08:30,2026-06-29 11:55:16,2026-06-29 12:08:30,4037.87,8.67,2026-06-29 11:55:16.928,4036.875,4037.355,4037.115,0.4800000000000182,0.928,4037.355,0.5149999999998727,2026-06-29 12:08:31.341,4046.925,4047.395,4047.16,0.4699999999997999,1.341,4046.925,9.055000000000293,9.57,10.045,-0.9,-1.375,False,True,True,True,True,MATCHED_LE_1_00,13.233333333333333,Q3 (8-16m),2026-06-29 11:55:16+00:00,2026-06-29 12:08:30+00:00,2026-06-29 11:55:00+00:00,338,94116926,338,2026-06-29 11:55:00+00:00,,False,335,1,0,True,94116926,2026-06-29 11:55:16+00:00,0,False,lockbox
94147775,Buy,0.01,2026-06-30T07:15:05,2026-06-30T07:25:58,2026-06-30 04:15:05,2026-06-30 04:25:58,3972.5,5.19,2026-06-30 04:15:05.116,3972.735,3973.465,3973.1,0.7300000000000182,0.116,3973.465,0.9650000000001456,2026-06-30 04:25:57.836,3977.935,3978.675,3978.305,0.7400000000002365,-0.164,3977.935,5.434999999999945,4.47,5.205,0.72,-0.015,False,True,True,True,True,MATCHED_LE_1_00,10.883333333333333,Q3 (8-16m),2026-06-30 04:15:05+00:00,2026-06-30 04:25:58+00:00,2026-06-30 04:15:00+00:00,339,94147775,339,2026-06-30 04:15:00+00:00,,False,336,1,0,True,94147775,2026-06-30 04:15:05+00:00,0,False,lockbox
94199359,Sell,0.01,2026-07-01T17:01:51,2026-07-01T17:03:41,2026-07-01 14:01:51,2026-07-01 14:03:41,4093.49,8.63,2026-07-01 14:01:51.322,4091.275,4091.985,4091.63,0.7100000000000364,0.322,4091.275,2.2149999999996908,2026-07-01 14:03:40.977,4083.945,4084.715,4084.33,0.7699999999999818,-0.023,4084.715,8.774999999999636,6.56,7.3,2.07,1.33,False,False,False,True,True,MATCHED_LE_3_00,1.8333333333333333,Q1 (0-3m),2026-07-01 14:01:51+00:00,2026-07-01 14:03:41+00:00,2026-07-01 14:01:00+00:00,340,94199359,340,2026-07-01 14:01:00+00:00,,False,337,1,0,True,94199359,2026-07-01 14:01:51+00:00,0,False,lockbox
94223505,Buy,0.01,2026-07-02T16:13:42,2026-07-02T16:15:41,2026-07-02 13:13:42,2026-07-02 13:15:41,4124.15,-3.29,2026-07-02 13:13:42.150,4123.515,4124.205,4123.860000000001,0.6899999999995998,0.15,4124.205,0.055000000000291,2026-07-02 13:15:41.002,4121.205,4121.945,4121.575,0.7399999999997817,0.002,4121.205,2.944999999999709,-3.0,-2.285,-0.29,-1.005,True,True,True,True,True,MATCHED_LE_1_00,1.9833333333333332,Q1 (0-3m),2026-07-02 13:13:42+00:00,2026-07-02 13:15:41+00:00,2026-07-02 13:13:00+00:00,341,94223505,341,2026-07-02 13:13:00+00:00,,False,338,1,0,True,94223505,2026-07-02 13:13:42+00:00,0,False,lockbox
94240579,Buy,0.01,2026-07-03T06:32:03,2026-07-03T06:35:00,2026-07-03 03:32:03,2026-07-03 03:35:00,4179.46,1.95,2026-07-03 03:32:03.244,4180.385,4181.095,4180.74,0.7100000000000364,0.244,4181.095,1.6350000000002185,2026-07-03 03:35:00.124,4181.605,4182.355,4181.98,0.75,0.124,4181.605,2.144999999999527,0.51,1.24,1.44,0.71,False,False,True,True,True,MATCHED_LE_3_00,2.95,Q1 (0-3m),2026-07-03 03:32:03+00:00,2026-07-03 03:35:00+00:00,2026-07-03 03:32:00+00:00,342,94240579,342,2026-07-03 03:32:00+00:00,,False,339,1,0,True,94240579,2026-07-03 03:32:03+00:00,0,False,lockbox
94241160,Sell,0.01,2026-07-03T08:08:26,2026-07-03T08:22:23,2026-07-03 05:08:26,2026-07-03 05:22:23,4180.61,4.8,2026-07-03 05:08:25.915,4180.205,4180.935,4180.57,0.7300000000004729,-0.085,4180.205,0.4049999999997453,2026-07-03 05:22:22.814,4174.935,4175.515,4175.225,0.5799999999999272,-0.186,4175.515,5.094999999999345,4.69,5.345,0.11,-0.545,True,True,True,True,True,MATCHED_LE_1_00,13.95,Q3 (8-16m),2026-07-03 05:08:26+00:00,2026-07-03 05:22:23+00:00,2026-07-03 05:08:00+00:00,343,94241160,343,2026-07-03 05:08:00+00:00,,False,340,1,0,True,94241160,2026-07-03 05:08:26+00:00,0,False,lockbox
94258974,Sell,0.01,2026-07-06T06:37:10,2026-07-06T07:23:13,2026-07-06 03:37:10,2026-07-06 04:23:13,4167.97,5.12,2026-07-06 03:37:09.935,4167.955,4168.715,4168.335,0.7600000000002183,-0.065,4167.955,0.0150000000003274,2026-07-06 04:23:13.015,4161.765,4162.405,4162.085,0.6399999999994179,0.015,4162.405,5.565000000000509,5.55,6.25,-0.43,-1.13,True,True,True,True,True,MATCHED_LE_1_00,46.05,Q4 (16m+),2026-07-06 03:37:10+00:00,2026-07-06 04:23:13+00:00,2026-07-06 03:37:00+00:00,344,94258974,344,2026-07-06 03:37:00+00:00,,False,341,1,0,True,94258974,2026-07-06 03:37:10+00:00,0,False,lockbox
94289139,Sell,0.01,2026-07-07T08:30:02,2026-07-07T08:33:52,2026-07-07 05:30:02,2026-07-07 05:33:52,4127.24,5.04,2026-07-07 05:30:01.941,4126.095,4126.975,4126.535,0.8800000000001091,-0.059,4126.095,1.144999999999527,2026-07-07 05:33:51.984,4121.155,4121.955,4121.555,0.8000000000001819,-0.016,4121.955,5.284999999999855,4.14,4.98,0.9,0.06,False,False,True,True,True,MATCHED_LE_3_00,3.8333333333333335,Q2 (3-8m),2026-07-07 05:30:02+00:00,2026-07-07 05:33:52+00:00,2026-07-07 05:30:00+00:00,345,94289139,345,2026-07-07 05:30:00+00:00,,False,342,1,0,True,94289139,2026-07-07 05:30:02+00:00,0,False,lockbox
94291110,Sell,0.01,2026-07-07T10:41:18,2026-07-07T10:43:52,2026-07-07 07:41:18,2026-07-07 07:43:52,4128.54,-2.74,2026-07-07 07:41:19.576,4128.695,4129.295,4128.995,0.6000000000003638,1.576,4128.695,0.1549999999997453,2026-07-07 07:43:51.872,4130.435,4131.025,4130.73,0.589999999999236,-0.128,4131.025,2.4849999999996726,-2.33,-1.735,-0.41,-1.005,True,True,True,True,True,MATCHED_LE_1_00,2.566666666666667,Q1 (0-3m),2026-07-07 07:41:18+00:00,2026-07-07 07:43:52+00:00,2026-07-07 07:41:00+00:00,346,94291110,346,2026-07-07 07:41:00+00:00,,False,343,1,0,True,94291110,2026-07-07 07:41:18+00:00,0,False,lockbox
94292496,Sell,0.01,2026-07-07T11:45:26,2026-07-07T11:57:37,2026-07-07 08:45:26,2026-07-07 08:57:37,4130.41,3.51,2026-07-07 08:45:25.979,4130.265,4130.805,4130.535,0.5399999999999636,-0.021,4130.265,0.144999999999527,2026-07-07 08:57:36.971,4126.085,4126.625,4126.355,0.5399999999999636,-0.029,4126.625,3.7849999999998554,3.64,4.18,-0.13,-0.67,True,True,True,True,True,MATCHED_LE_1_00,12.183333333333334,Q3 (8-16m),2026-07-07 08:45:26+00:00,2026-07-07 08:57:37+00:00,2026-07-07 08:45:00+00:00,347,94292496,347,2026-07-07 08:45:00+00:00,,False,344,1,0,True,94292496,2026-07-07 08:45:26+00:00,0,False,lockbox
94339039,Sell,0.01,2026-07-08T08:08:25,2026-07-08T08:25:20,2026-07-08 05:08:25,2026-07-08 05:25:20,4131.49,6.64,2026-07-08 05:08:25.003,4132.135,4132.845,4132.49,0.7100000000000364,0.003,4132.135,0.6450000000004366,2026-07-08 05:25:19.976,4123.915,4124.635,4124.275,0.7200000000002547,-0.024,4124.635,6.854999999999563,7.5,8.215,-0.86,-1.575,False,True,True,True,True,MATCHED_LE_1_00,16.916666666666668,Q4 (16m+),2026-07-08 05:08:25+00:00,2026-07-08 05:25:20+00:00,2026-07-08 05:08:00+00:00,348,94339039,348,2026-07-08 05:08:00+00:00,,False,345,1,0,True,94339039,2026-07-08 05:08:25+00:00,0,False,lockbox
94351863,Sell,0.01,2026-07-08T14:04:59,2026-07-08T14:34:03,2026-07-08 11:04:59,2026-07-08 11:34:03,4053.41,5.72,2026-07-08 12:00:00.074,4061.655,4062.405,4062.03,0.75,3301.074,4061.655,8.245000000000346,2026-07-08 12:00:00.074,4061.655,4062.405,4062.03,0.75,1557.074,4062.405,8.995000000000346,-0.75,0.0,6.47,5.72,False,False,False,False,False,TOLERANCE_EXCEEDED,29.066666666666663,Q4 (16m+),2026-07-08 11:04:59+00:00,2026-07-08 11:34:03+00:00,2026-07-08 11:04:00+00:00,349,94351863,349,2026-07-08 11:04:00+00:00,,False,346,1,0,True,94351863,2026-07-08 11:04:59+00:00,0,False,lockbox
94375434,Sell,0.01,2026-07-09T07:39:07,2026-07-09T07:43:07,2026-07-09 04:39:07,2026-07-09 04:43:07,4063.53,3.94,2026-07-09 04:39:07.019,4062.695,4063.435,4063.065,0.7399999999997817,0.019,4062.695,0.8350000000000364,2026-07-09 04:43:07.236,4058.765,4059.295,4059.03,0.5300000000002001,0.236,4059.295,4.235000000000127,3.4,4.035,0.54,-0.095,False,True,True,True,True,MATCHED_LE_1_00,4.0,Q2 (3-8m),2026-07-09 04:39:07+00:00,2026-07-09 04:43:07+00:00,2026-07-09 04:39:00+00:00,350,94375434,350,2026-07-09 04:39:00+00:00,,False,347,1,0,True,94375434,2026-07-09 04:39:07+00:00,0,False,lockbox
94382823,Buy,0.01,2026-07-09T10:15:32,2026-07-09T10:37:26,2026-07-09 07:15:32,2026-07-09 07:37:26,4101.86,6.34,2026-07-09 07:15:31.997,4102.445,4103.125,4102.785,0.680000000000291,-0.003,4103.125,1.2650000000003274,2026-07-09 07:37:26.485,4108.425,4109.085,4108.755,0.6599999999998545,0.485,4108.425,6.565000000000509,5.3,5.97,1.04,0.37,False,False,True,True,True,MATCHED_LE_3_00,21.9,Q4 (16m+),2026-07-09 07:15:32+00:00,2026-07-09 07:37:26+00:00,2026-07-09 07:15:00+00:00,351,94382823,351,2026-07-09 07:15:00+00:00,,False,348,1,0,True,94382823,2026-07-09 07:15:32+00:00,0,False,lockbox
94425120,Buy,0.01,2026-07-10T08:49:00,2026-07-10T09:08:48,2026-07-10 05:49:00,2026-07-10 06:08:48,4111.13,5.39,2026-07-10 05:49:00.903,4110.285,4111.155,4110.719999999999,0.8699999999998909,0.903,4111.155,0.0249999999996362,2026-07-10 06:08:48.030,4116.655,4117.495,4117.075,0.8400000000001455,0.03,4116.655,5.524999999999636,5.5,6.355,-0.11,-0.965,True,True,True,True,True,MATCHED_LE_1_00,19.8,Q4 (16m+),2026-07-10 05:49:00+00:00,2026-07-10 06:08:48+00:00,2026-07-10 05:49:00+00:00,352,94425120,352,2026-07-10 05:49:00+00:00,,False,349,1,0,True,94425120,2026-07-10 05:49:00+00:00,0,False,lockbox
94467306,Sell,0.01,2026-07-13T08:16:27,2026-07-13T08:29:25,2026-07-13 05:16:27,2026-07-13 05:29:25,4066.64,8.19,2026-07-13 05:16:26.997,4066.535,4067.325,4066.93,0.7899999999999636,-0.003,4066.535,0.1050000000000181,2026-07-13 05:29:24.064,4057.445,4058.235,4057.84,0.7899999999999636,-0.936,4058.235,8.404999999999745,8.3,9.09,-0.11,-0.9,True,True,True,True,True,MATCHED_LE_1_00,12.966666666666669,Q3 (8-16m),2026-07-13 05:16:27+00:00,2026-07-13 05:29:25+00:00,2026-07-13 05:16:00+00:00,353,94467306,353,2026-07-13 05:16:00+00:00,,False,350,1,0,True,94467306,2026-07-13 05:16:27+00:00,0,False,lockbox
94482317,Sell,0.01,2026-07-13T15:43:27,2026-07-13T15:49:24,2026-07-13 12:43:27,2026-07-13 12:49:24,4063.5,-3.54,2026-07-13 12:43:27.049,4061.645,4062.535,4062.09,0.8899999999998727,0.049,4061.645,1.8550000000000184,2026-07-13 12:49:23.944,4066.125,4067.015,4066.57,0.8899999999998727,-0.056,4067.015,3.5149999999998727,-5.37,-4.48,1.83,0.94,False,False,True,True,True,MATCHED_LE_3_00,5.95,Q2 (3-8m),2026-07-13 12:43:27+00:00,2026-07-13 12:49:24+00:00,2026-07-13 12:43:00+00:00,354,94482317,354,2026-07-13 12:43:00+00:00,,False,351,1,0,True,94482317,2026-07-13 12:43:27+00:00,0,False,lockbox
94517647,Sell,0.01,2026-07-14T07:51:04,2026-07-14T07:55:55,2026-07-14 04:51:04,2026-07-14 04:55:55,4017.7,-1.69,2026-07-14 05:00:00.146,4020.325,4021.135,4020.73,0.8100000000004002,536.146,4020.325,2.625,2026-07-14 05:00:00.146,4020.325,4021.135,4020.73,0.8100000000004002,245.146,4021.135,3.4350000000004,-0.81,0.0,-0.88,-1.69,False,False,False,True,True,MATCHED_LE_3_00,4.85,Q2 (3-8m),2026-07-14 04:51:04+00:00,2026-07-14 04:55:55+00:00,2026-07-14 04:51:00+00:00,355,94517647,355,2026-07-14 04:51:00+00:00,,False,352,1,0,True,94517647,2026-07-14 04:51:04+00:00,0,False,lockbox
94518850,Buy,0.01,2026-07-14T08:30:53,2026-07-14T09:08:09,2026-07-14 05:30:53,2026-07-14 06:08:09,4024.24,7.08,2026-07-14 05:30:53.047,4024.565,4025.355,4024.96,0.7899999999999636,0.047,4025.355,1.1150000000002365,2026-07-14 06:08:09.160,4031.475,4032.135,4031.805,0.6600000000003092,0.16,4031.475,7.235000000000127,6.12,6.845,0.96,0.235,False,False,True,True,True,MATCHED_LE_3_00,37.266666666666666,Q4 (16m+),2026-07-14 05:30:53+00:00,2026-07-14 06:08:09+00:00,2026-07-14 05:30:00+00:00,356,94518850,356,2026-07-14 05:30:00+00:00,,False,353,1,0,True,94518850,2026-07-14 05:30:53+00:00,0,False,lockbox
94571902,Buy,0.01,2026-07-15T08:31:12,2026-07-15T08:41:16,2026-07-15 05:31:12,2026-07-15 05:41:16,4025.35,7.2,2026-07-15 05:31:12.013,4024.785,4025.465,4025.125,0.680000000000291,0.013,4025.465,0.1150000000002364,2026-07-15 05:41:16.102,4032.665,4033.475,4033.07,0.8099999999999454,0.102,4032.665,7.315000000000055,7.2,7.945,0.0,-0.745,True,True,True,True,True,MATCHED_LE_1_00,10.066666666666666,Q3 (8-16m),2026-07-15 05:31:12+00:00,2026-07-15 05:41:16+00:00,2026-07-15 05:31:00+00:00,357,94571902,357,2026-07-15 05:31:00+00:00,,False,354,1,0,True,94571902,2026-07-15 05:31:12+00:00,0,False,lockbox
94588522,Buy,0.01,2026-07-15T15:13:35,2026-07-15T15:24:38,2026-07-15 12:13:35,2026-07-15 12:24:38,4036.97,1.36,2026-07-15 12:13:34.980,4036.585,4037.195,4036.89,0.6100000000001273,-0.02,4037.195,0.2250000000003638,2026-07-15 12:24:38.101,4038.535,4039.145,4038.84,0.6100000000001273,0.101,4038.535,1.5650000000000546,1.34,1.95,0.02,-0.59,True,True,True,True,True,MATCHED_LE_1_00,11.05,Q3 (8-16m),2026-07-15 12:13:35+00:00,2026-07-15 12:24:38+00:00,2026-07-15 12:13:00+00:00,358,94588522,358,2026-07-15 12:13:00+00:00,,False,355,1,0,True,94588522,2026-07-15 12:13:35+00:00,0,False,lockbox
94627775,Sell,0.01,2026-07-16T08:45:23,2026-07-16T08:57:20,2026-07-16 05:45:23,2026-07-16 05:57:20,4032.12,2.64,2026-07-16 05:45:23.058,4031.935,4032.495,4032.215,0.5599999999999454,0.058,4031.935,0.1849999999999454,2026-07-16 05:57:20.025,4028.325,4029.105,4028.715,0.7800000000002001,0.025,4029.105,3.0149999999998727,2.83,3.5,-0.19,-0.86,True,True,True,True,True,MATCHED_LE_1_00,11.95,Q3 (8-16m),2026-07-16 05:45:23+00:00,2026-07-16 05:57:20+00:00,2026-07-16 05:45:00+00:00,359,94627775,359,2026-07-16 05:45:00+00:00,,False,356,1,0,True,94627775,2026-07-16 05:45:23+00:00,0,False,lockbox
94694698,Sell,0.01,2026-07-17T09:35:22,2026-07-17T10:48:29,2026-07-17 06:35:22,2026-07-17 07:48:29,4003.55,5.33,2026-07-17 06:35:21.890,4002.965,4003.625,4003.295,0.6599999999998545,-0.11,4002.965,0.5850000000000364,2026-07-17 07:48:28.660,3997.325,3997.935,3997.63,0.6100000000001273,-0.34,3997.935,5.6150000000002365,5.03,5.665,0.3,-0.335,False,True,True,True,True,MATCHED_LE_1_00,73.11666666666666,Q4 (16m+),2026-07-17 06:35:22+00:00,2026-07-17 07:48:29+00:00,2026-07-17 06:35:00+00:00,360,94694698,360,2026-07-17 06:35:00+00:00,,False,357,1,0,True,94694698,2026-07-17 06:35:22+00:00,0,False,lockbox
94754184,Buy,0.01,2026-07-20T11:10:48,2026-07-20T11:19:04,2026-07-20 08:10:48,2026-07-20 08:19:04,4020.21,5.38,2026-07-20 08:10:47.912,4019.135,4019.695,4019.415,0.5599999999999454,-0.088,4019.695,0.5149999999998727,2026-07-20 08:19:04.018,4025.805,4026.365,4026.085,0.5599999999999454,0.018,4025.805,5.5949999999998,6.11,6.67,-0.73,-1.29,False,True,True,True,True,MATCHED_LE_1_00,8.266666666666667,Q3 (8-16m),2026-07-20 08:10:48+00:00,2026-07-20 08:19:04+00:00,2026-07-20 08:10:00+00:00,361,94754184,361,2026-07-20 08:10:00+00:00,,False,358,1,0,True,94754184,2026-07-20 08:10:48+00:00,0,False,lockbox
94775324,Sell,0.01,2026-07-20T17:51:46,2026-07-20T17:59:42,2026-07-20 14:51:46,2026-07-20 14:59:42,4010.12,3.71,2026-07-20 14:51:45.932,4011.775,4012.375,4012.075,0.599999999999909,-0.068,4011.775,1.6550000000002,2026-07-20 14:59:42.033,4005.545,4006.145,4005.845,0.599999999999909,0.033,4006.145,3.974999999999909,5.63,6.23,-1.92,-2.52,False,False,True,True,True,MATCHED_LE_3_00,7.933333333333334,Q3 (8-16m),2026-07-20 14:51:46+00:00,2026-07-20 14:59:42+00:00,2026-07-20 14:51:00+00:00,362,94775324,362,2026-07-20 14:51:00+00:00,,False,359,1,0,True,94775324,2026-07-20 14:51:46+00:00,0,False,lockbox
94810342,Buy,0.01,2026-07-21T09:41:33,2026-07-21T09:54:41,2026-07-21 06:41:33,2026-07-21 06:54:41,4075.28,4.74,2026-07-21 06:41:33.046,4075.065,4076.005,4075.535,0.9400000000000546,0.046,4076.005,0.724999999999909,2026-07-21 06:54:40.682,4080.055,4080.995,4080.525,0.9400000000000546,-0.318,4080.055,4.774999999999636,4.05,4.99,0.69,-0.25,False,True,True,True,True,MATCHED_LE_1_00,13.133333333333333,Q3 (8-16m),2026-07-21 06:41:33+00:00,2026-07-21 06:54:41+00:00,2026-07-21 06:41:00+00:00,363,94810342,363,2026-07-21 06:41:00+00:00,,False,360,1,0,True,94810342,2026-07-21 06:41:33+00:00,0,False,lockbox
94842197,Sell,0.01,2026-07-21T19:41:05,2026-07-21T19:44:14,2026-07-21 16:41:05,2026-07-21 16:44:14,4074.65,2.32,2026-07-21 16:41:05.263,4074.735,4075.415,4075.075,0.6799999999998363,0.263,4074.735,0.0850000000000363,2026-07-21 16:44:13.977,4071.315,4071.995,4071.655,0.6799999999998363,-0.023,4071.995,2.6550000000002,2.74,3.42,-0.42,-1.1,True,True,True,True,True,MATCHED_LE_1_00,3.15,Q2 (3-8m),2026-07-21 16:41:05+00:00,2026-07-21 16:44:14+00:00,2026-07-21 16:41:00+00:00,364,94842197,364,2026-07-21 16:41:00+00:00,,False,361,1,0,True,94842197,2026-07-21 16:41:05+00:00,0,False,lockbox
94864297,Sell,0.01,2026-07-22T07:00:59,2026-07-22T08:02:01,2026-07-22 04:00:59,2026-07-22 05:02:01,4130.33,2.1,2026-07-22 04:00:59.224,4129.845,4130.555,4130.200000000001,0.7100000000000364,0.224,4129.845,0.4849999999996726,2026-07-22 05:02:01.025,4127.285,4128.085,4127.685,0.8000000000001819,0.025,4128.085,2.244999999999891,1.76,2.515,0.34,-0.415,True,True,True,True,True,MATCHED_LE_1_00,61.03333333333333,Q4 (16m+),2026-07-22 04:00:59+00:00,2026-07-22 05:02:01+00:00,2026-07-22 04:00:00+00:00,365,94864297,365,2026-07-22 04:00:00+00:00,,False,362,1,0,True,94864297,2026-07-22 04:00:59+00:00,0,False,lockbox
94908427,Buy,0.01,2026-07-22T22:54:35,2026-07-22T23:03:30,2026-07-22 19:54:35,2026-07-22 20:03:30,4129.52,1.14,2026-07-22 19:54:35.022,4128.735,4129.405,4129.07,0.6700000000000728,0.022,4129.405,0.1150000000006912,2026-07-22 20:03:30.042,4130.695,4131.355,4131.025,0.6599999999998545,0.042,4130.695,1.1749999999992724,1.29,1.955,-0.15,-0.815,True,True,True,True,True,MATCHED_LE_1_00,8.916666666666666,Q3 (8-16m),2026-07-22 19:54:35+00:00,2026-07-22 20:03:30+00:00,2026-07-22 19:54:00+00:00,366,94908427,366,2026-07-22 19:54:00+00:00,,False,363,1,0,True,94908427,2026-07-22 19:54:35+00:00,0,False,lockbox
94927689,Buy,0.01,2026-07-23T07:48:08,2026-07-23T08:07:30,2026-07-23 04:48:08,2026-07-23 05:07:30,4123.62,-2.1,2026-07-23 04:48:08.414,4123.155,4123.925,4123.54,0.7700000000004366,0.414,4123.925,0.305000000000291,2026-07-23 05:07:29.638,4121.655,4122.345,4122.0,0.6900000000005093,-0.362,4121.655,1.9650000000001453,-2.27,-1.54,0.17,-0.56,True,True,True,True,True,MATCHED_LE_1_00,19.366666666666667,Q4 (16m+),2026-07-23 04:48:08+00:00,2026-07-23 05:07:30+00:00,2026-07-23 04:48:00+00:00,367,94927689,367,2026-07-23 04:48:00+00:00,,False,364,1,0,True,94927689,2026-07-23 04:48:08+00:00,0,False,lockbox
94942223,Sell,0.01,2026-07-23T12:20:23,2026-07-23T13:30:45,2026-07-23 09:20:23,2026-07-23 10:30:45,4096.12,2.96,2026-07-23 09:20:22.888,4095.875,4096.185,4096.030000000001,0.3100000000004002,-0.112,4095.875,0.2449999999998908,2026-07-23 10:30:44.903,4092.285,4092.725,4092.505,0.4400000000000545,-0.097,4092.725,3.394999999999982,3.15,3.525,-0.19,-0.565,True,True,True,True,True,MATCHED_LE_1_00,70.36666666666666,Q4 (16m+),2026-07-23 09:20:23+00:00,2026-07-23 10:30:45+00:00,2026-07-23 09:20:00+00:00,368,94942223,368,2026-07-23 09:20:00+00:00,,False,365,1,0,True,94942223,2026-07-23 09:20:23+00:00,0,False,lockbox
94986774,Sell,0.01,2026-07-24T08:50:08,2026-07-24T09:00:10,2026-07-24 05:50:08,2026-07-24 06:00:10,4028.48,4.29,2026-07-24 05:50:07.687,4028.705,4029.475,4029.09,0.7699999999999818,-0.313,4028.705,0.224999999999909,2026-07-24 06:00:10.048,4023.245,4023.895,4023.57,0.650000000000091,0.048,4023.895,4.585000000000036,4.81,5.52,-0.52,-1.23,True,True,True,True,True,MATCHED_LE_1_00,10.033333333333331,Q3 (8-16m),2026-07-24 05:50:08+00:00,2026-07-24 06:00:10+00:00,2026-07-24 05:50:00+00:00,369,94986774,369,2026-07-24 05:50:00+00:00,,False,366,1,0,True,94986774,2026-07-24 05:50:08+00:00,0,False,lockbox
94991858,Sell,0.01,2026-07-24T10:35:14,2026-07-24T11:26:33,2026-07-24 07:35:14,2026-07-24 08:26:33,4052.29,3.78,2026-07-24 07:35:14.085,4052.245,4052.815,4052.53,0.5700000000001637,0.085,4052.245,0.0450000000000727,2026-07-24 08:26:33.176,4047.765,4048.335,4048.05,0.5700000000001637,0.176,4048.335,3.9549999999999272,3.91,4.48,-0.13,-0.7,True,True,True,True,True,MATCHED_LE_1_00,51.31666666666667,Q4 (16m+),2026-07-24 07:35:14+00:00,2026-07-24 08:26:33+00:00,2026-07-24 07:35:00+00:00,370,94991858,370,2026-07-24 07:35:00+00:00,,False,367,1,0,True,94991858,2026-07-24 07:35:14+00:00,0,False,lockbox
95047920,Buy,0.01,2026-07-27T07:18:11,2026-07-27T08:11:22,2026-07-27 04:18:11,2026-07-27 05:11:22,4087.56,5.58,2026-07-27 04:18:10.905,4086.765,4087.455,4087.11,0.6900000000000546,-0.095,4087.455,0.1050000000000181,2026-07-27 05:11:22.521,4093.545,4094.235,4093.89,0.6900000000000546,0.521,4093.545,5.985000000000127,6.09,6.78,-0.51,-1.2,True,True,True,True,True,MATCHED_LE_1_00,53.18333333333333,Q4 (16m+),2026-07-27 04:18:11+00:00,2026-07-27 05:11:22+00:00,2026-07-27 04:18:00+00:00,371,95047920,371,2026-07-27 04:18:00+00:00,,False,368,1,0,True,95047920,2026-07-27 04:18:11+00:00,0,False,lockbox
95072289,Buy,0.01,2026-07-27T16:33:09,2026-07-27T16:45:17,2026-07-27 13:33:09,2026-07-27 13:45:17,4078.44,9.29,2026-07-27 13:33:08.886,4077.665,4078.285,4077.975,0.6199999999998909,-0.114,4078.285,0.1550000000002001,2026-07-27 13:45:17.142,4088.045,4088.705,4088.375,0.6599999999998545,0.142,4088.045,9.605000000000018,9.76,10.4,-0.47,-1.11,True,True,True,True,True,MATCHED_LE_1_00,12.133333333333333,Q3 (8-16m),2026-07-27 13:33:09+00:00,2026-07-27 13:45:17+00:00,2026-07-27 13:33:00+00:00,372,95072289,372,2026-07-27 13:33:00+00:00,,False,369,1,0,True,95072289,2026-07-27 13:33:09+00:00,0,False,lockbox
95107372,Sell,0.01,2026-07-28T07:47:22,2026-07-28T08:28:37,2026-07-28 04:47:22,2026-07-28 05:28:37,4046.03,4.07,2026-07-28 04:47:22.770,4046.885,4047.645,4047.265,0.7599999999997635,0.77,4046.885,0.8550000000000182,2026-07-28 05:28:36.567,4040.845,4041.595,4041.22,0.75,-0.433,4041.595,4.4350000000004,5.29,6.045,-1.22,-1.975,False,True,True,True,True,MATCHED_LE_1_00,41.25,Q4 (16m+),2026-07-28 04:47:22+00:00,2026-07-28 05:28:37+00:00,2026-07-28 04:47:00+00:00,373,95107372,373,2026-07-28 04:47:00+00:00,,False,370,1,0,True,95107372,2026-07-28 04:47:22+00:00,0,False,lockbox
95168933,Buy,0.01,2026-07-29T07:20:48,2026-07-29T07:53:59,2026-07-29 04:20:48,2026-07-29 04:53:59,4022.45,2.85,2026-07-29 04:20:48.020,4021.945,4022.715,4022.33,0.7699999999999818,0.02,4022.715,0.2650000000003274,2026-07-29 04:53:59.007,4025.275,4026.025,4025.65,0.75,0.007,4025.275,2.825000000000273,2.56,3.32,0.29,-0.47,True,True,True,True,True,MATCHED_LE_1_00,33.18333333333333,Q4 (16m+),2026-07-29 04:20:48+00:00,2026-07-29 04:53:59+00:00,2026-07-29 04:20:00+00:00,374,95168933,374,2026-07-29 04:20:00+00:00,,False,371,1,0,True,95168933,2026-07-29 04:20:48+00:00,0,False,lockbox
95248660,Buy,0.01,2026-07-29T23:00:54,2026-07-29T23:08:41,2026-07-29 20:00:54,2026-07-29 20:08:41,4047.81,3.87,2026-07-29 20:00:53.907,4047.935,4048.645,4048.29,0.7100000000000364,-0.093,4048.645,0.8350000000000364,2026-07-29 20:08:41.507,4052.055,4052.955,4052.505,0.900000000000091,0.507,4052.055,4.244999999999891,3.41,4.215,0.46,-0.345,False,True,True,True,True,MATCHED_LE_1_00,7.783333333333333,Q3 (8-16m),2026-07-29 20:00:54+00:00,2026-07-29 20:08:41+00:00,2026-07-29 20:00:00+00:00,375,95248660,375,2026-07-29 20:00:00+00:00,,False,372,1,0,True,95248660,2026-07-29 20:00:54+00:00,0,False,lockbox
95298275,Buy,0.01,2026-07-30T12:32:41,2026-07-30T12:36:57,2026-07-30 09:32:41,2026-07-30 09:36:57,4062.11,5.28,2026-07-30 09:32:41.056,4062.445,4063.015,4062.73,0.569999999999709,0.056,4063.015,0.9049999999997452,2026-07-30 09:36:56.588,4067.575,4068.175,4067.875,0.6000000000003638,-0.412,4067.575,5.464999999999691,4.56,5.145,0.72,0.135,False,True,True,True,True,MATCHED_LE_1_00,4.266666666666667,Q2 (3-8m),2026-07-30 09:32:41+00:00,2026-07-30 09:36:57+00:00,2026-07-30 09:32:00+00:00,376,95298275,376,2026-07-30 09:32:00+00:00,,False,373,1,0,True,95298275,2026-07-30 09:32:41+00:00,0,False,lockbox
95369124,Buy,0.01,2026-07-31T07:51:51,2026-07-31T08:24:09,2026-07-31 04:51:51,2026-07-31 05:24:09,4076.89,4.76,2026-07-31 04:51:51.034,4076.015,4076.725,4076.37,0.7100000000000364,0.034,4076.725,0.1649999999999636,2026-07-31 05:24:09.981,4081.865,4082.585,4082.225,0.7200000000002547,0.981,4081.865,4.974999999999909,5.14,5.855,-0.38,-1.095,True,True,True,True,True,MATCHED_LE_1_00,32.3,Q4 (16m+),2026-07-31 04:51:51+00:00,2026-07-31 05:24:09+00:00,2026-07-31 04:51:00+00:00,377,95369124,377,2026-07-31 04:51:00+00:00,,False,374,1,0,True,95369124,2026-07-31 04:51:51+00:00,0,False,lockbox
95443868,Sell,0.01,2026-08-03T08:03:06,2026-08-03T08:16:22,2026-08-03 05:03:06,2026-08-03 05:16:22,4063.33,5.5,2026-08-03 05:03:06.009,4064.675,4065.335,4065.005,0.6599999999998545,0.009,4064.675,1.3450000000002549,2026-08-03 05:16:22.118,4056.835,4057.355,4057.095,0.5199999999999818,0.118,4057.355,5.974999999999909,7.32,7.91,-1.82,-2.41,False,False,True,True,True,MATCHED_LE_3_00,13.266666666666667,Q3 (8-16m),2026-08-03 05:03:06+00:00,2026-08-03 05:16:22+00:00,2026-08-03 05:03:00+00:00,378,95443868,378,2026-08-03 05:03:00+00:00,,False,375,1,0,True,95443868,2026-08-03 05:03:06+00:00,0,False,lockbox
95511070,Sell,0.01,2026-08-04T08:06:17,2026-08-04T08:17:10,2026-08-04 05:06:17,2026-08-04 05:17:10,4061.67,2.66,2026-08-04 05:06:15.770,4062.115,4062.865,4062.49,0.75,-1.23,4062.115,0.4449999999997089,2026-08-04 05:17:08.458,4058.085,4058.845,4058.465,0.7599999999997635,-1.542,4058.845,2.825000000000273,3.27,4.025,-0.61,-1.365,True,True,True,True,True,MATCHED_LE_1_00,10.883333333333333,Q3 (8-16m),2026-08-04 05:06:17+00:00,2026-08-04 05:17:10+00:00,2026-08-04 05:06:00+00:00,379,95511070,379,2026-08-04 05:06:00+00:00,,False,376,1,0,True,95511070,2026-08-04 05:06:17+00:00,0,False,lockbox
95576013,Sell,0.01,2026-08-04T21:47:35,2026-08-04T21:59:40,2026-08-04 18:47:35,2026-08-04 18:59:40,4076.22,-4.0,2026-08-04 18:47:33.770,4076.105,4076.685,4076.395,0.5799999999999272,-1.23,4076.105,0.1149999999997817,2026-08-04 18:59:40.072,4079.355,4079.905,4079.63,0.5500000000001819,0.072,4079.905,3.6850000000004,-3.8,-3.235,-0.2,-0.765,True,True,True,True,True,MATCHED_LE_1_00,12.083333333333334,Q3 (8-16m),2026-08-04 18:47:35+00:00,2026-08-04 18:59:40+00:00,2026-08-04 18:47:00+00:00,380,95576013,380,2026-08-04 18:47:00+00:00,,False,377,1,0,True,95576013,2026-08-04 18:47:35+00:00,0,False,lockbox
95598021,Buy,0.01,2026-08-05T07:50:18,2026-08-05T08:20:38,2026-08-05 04:50:18,2026-08-05 05:20:38,4133.53,4.04,2026-08-05 04:50:18.129,4133.065,4133.705,4133.385,0.6400000000003274,0.129,4133.705,0.1750000000001819,2026-08-05 05:20:38.069,4137.835,4138.605,4138.219999999999,0.7699999999995271,0.069,4137.835,4.305000000000291,4.13,4.835,-0.09,-0.795,True,True,True,True,True,MATCHED_LE_1_00,30.33333333333333,Q4 (16m+),2026-08-05 04:50:18+00:00,2026-08-05 05:20:38+00:00,2026-08-05 04:50:00+00:00,381,95598021,381,2026-08-05 04:50:00+00:00,,False,378,1,0,True,95598021,2026-08-05 04:50:18+00:00,0,False,lockbox
95612645,Sell,0.01,2026-08-05T11:44:22,2026-08-05T11:52:17,2026-08-05 08:44:22,2026-08-05 08:52:17,4165.21,3.23,2026-08-05 08:44:22.027,4164.455,4164.995,4164.725,0.5399999999999636,0.027,4164.455,0.7550000000001091,2026-08-05 08:52:17.045,4161.005,4161.595,4161.3,0.5900000000001455,0.045,4161.595,3.6149999999997817,2.86,3.425,0.37,-0.195,False,True,True,True,True,MATCHED_LE_1_00,7.916666666666667,Q3 (8-16m),2026-08-05 08:44:22+00:00,2026-08-05 08:52:17+00:00,2026-08-05 08:44:00+00:00,382,95612645,382,2026-08-05 08:44:00+00:00,,False,379,1,0,True,95612645,2026-08-05 08:44:22+00:00,0,False,lockbox
95709969,Buy,0.01,2026-08-06T07:35:50,2026-08-06T08:04:52,2026-08-06 04:35:50,2026-08-06 05:04:52,4258.33,1.1,2026-08-06 04:35:50.003,4258.735,4259.565,4259.15,0.8299999999999272,0.003,4259.565,1.2349999999996726,2026-08-06 05:04:52.379,4259.425,4260.265,4259.845,0.8400000000001455,0.379,4259.425,1.0950000000002549,-0.14,0.695,1.24,0.405,False,False,True,True,True,MATCHED_LE_3_00,29.03333333333333,Q4 (16m+),2026-08-06 04:35:50+00:00,2026-08-06 05:04:52+00:00,2026-08-06 04:35:00+00:00,383,95709969,383,2026-08-06 04:35:00+00:00,,False,380,1,0,True,95709969,2026-08-06 04:35:50+00:00,0,False,lockbox
95773198,Buy,0.01,2026-08-06T20:23:51,2026-08-06T20:55:52,2026-08-06 17:23:51,2026-08-06 17:55:52,4239.76,5.6,2026-08-06 17:23:50.399,4239.545,4239.995,4239.77,0.4499999999998181,-0.601,4239.995,0.2349999999996725,2026-08-06 17:55:52.043,4245.845,4246.235,4246.04,0.3899999999994179,0.043,4245.845,6.085000000000036,5.85,6.27,-0.25,-0.67,True,True,True,True,True,MATCHED_LE_1_00,32.016666666666666,Q4 (16m+),2026-08-06 17:23:51+00:00,2026-08-06 17:55:52+00:00,2026-08-06 17:23:00+00:00,384,95773198,384,2026-08-06 17:23:00+00:00,,False,381,1,0,True,95773198,2026-08-06 17:23:51+00:00,0,False,lockbox
95800620,Buy,0.01,2026-08-07T08:08:00,2026-08-07T08:17:20,2026-08-07 05:08:00,2026-08-07 05:17:20,4263.68,4.74,2026-08-07 05:08:00.109,4262.155,4262.905,4262.53,0.75,0.109,4262.905,0.7750000000005457,2026-08-07 05:17:19.729,4268.405,4269.175,4268.79,0.7700000000004366,-0.271,4268.405,4.724999999999454,5.5,6.26,-0.76,-1.52,False,True,True,True,True,MATCHED_LE_1_00,9.333333333333334,Q3 (8-16m),2026-08-07 05:08:00+00:00,2026-08-07 05:17:20+00:00,2026-08-07 05:08:00+00:00,385,95800620,385,2026-08-07 05:08:00+00:00,,False,382,1,0,True,95800620,2026-08-07 05:08:00+00:00,0,False,lockbox
95918631,Buy,0.01,2026-08-10T07:10:04,2026-08-10T07:22:20,2026-08-10 04:10:04,2026-08-10 04:22:20,4328.99,7.46,2026-08-10 04:10:04.293,4327.475,4328.315,4327.895,0.839999999999236,0.293,4328.315,0.6750000000001819,2026-08-10 04:22:19.179,4336.645,4337.485,4337.0650000000005,0.839999999999236,-0.821,4336.645,7.655000000000655,8.33,9.17,-0.87,-1.71,False,True,True,True,True,MATCHED_LE_1_00,12.266666666666667,Q3 (8-16m),2026-08-10 04:10:04+00:00,2026-08-10 04:22:20+00:00,2026-08-10 04:10:00+00:00,386,95918631,386,2026-08-10 04:10:00+00:00,,False,383,1,0,True,95918631,2026-08-10 04:10:04+00:00,0,False,lockbox
96004348,Sell,0.01,2026-08-11T07:58:04,2026-08-11T07:59:58,2026-08-11 04:58:04,2026-08-11 04:59:58,4405.96,-3.58,2026-08-11 04:58:03.854,4405.955,4406.715,4406.335,0.7600000000002183,-0.146,4405.955,0.0050000000001091,2026-08-11 04:59:57.849,4408.565,4409.335,4408.95,0.7700000000004366,-0.151,4409.335,3.375,-3.38,-2.615,-0.2,-0.965,True,True,True,True,True,MATCHED_LE_1_00,1.9,Q1 (0-3m),2026-08-11 04:58:04+00:00,2026-08-11 04:59:58+00:00,2026-08-11 04:58:00+00:00,387,96004348,387,2026-08-11 04:58:00+00:00,,False,384,1,0,True,96004348,2026-08-11 04:58:04+00:00,0,False,lockbox
96024216,Sell,0.01,2026-08-11T11:51:13,2026-08-11T12:01:18,2026-08-11 08:51:13,2026-08-11 09:01:18,4375.16,6.7,2026-08-11 08:51:12.317,4375.825,4376.345,4376.085,0.5200000000004366,-0.683,4375.825,0.6649999999999636,2026-08-11 09:01:18.030,4367.685,4368.205,4367.945,0.5199999999995271,0.03,4368.205,6.954999999999927,7.62,8.14,-0.92,-1.44,False,True,True,True,True,MATCHED_LE_1_00,10.083333333333334,Q3 (8-16m),2026-08-11 08:51:13+00:00,2026-08-11 09:01:18+00:00,2026-08-11 08:51:00+00:00,388,96024216,388,2026-08-11 08:51:00+00:00,,False,385,1,0,True,96024216,2026-08-11 08:51:13+00:00,0,False,lockbox
96113042,Sell,0.01,2026-08-12T15:00:05,2026-08-12T15:07:11,2026-08-12 12:00:05,2026-08-12 12:07:11,4412.26,3.54,2026-08-12 12:00:05.018,4412.055,4412.685,4412.370000000001,0.6300000000001091,0.018,4412.055,0.2049999999999272,2026-08-12 12:07:11.189,4407.925,4408.445,4408.185,0.5199999999995271,0.189,4408.445,3.815000000000509,3.61,4.185,-0.07,-0.645,True,True,True,True,True,MATCHED_LE_1_00,7.1,Q2 (3-8m),2026-08-12 12:00:05+00:00,2026-08-12 12:07:11+00:00,2026-08-12 12:00:00+00:00,389,96113042,389,2026-08-12 12:00:00+00:00,,False,386,1,0,True,96113042,2026-08-12 12:00:05+00:00,0,False,lockbox
96202433,Buy,0.01,2026-08-13T08:13:29,2026-08-13T08:15:27,2026-08-13 05:13:29,2026-08-13 05:15:27,4402.6,2.24,2026-08-13 05:13:28.864,4401.745,4402.465,4402.105,0.7200000000002547,-0.136,4402.465,0.1350000000002182,2026-08-13 05:15:27.219,4405.025,4405.785,4405.405,0.7600000000002183,0.219,4405.025,2.4249999999992724,2.56,3.3,-0.32,-1.06,True,True,True,True,True,MATCHED_LE_1_00,1.9666666666666663,Q1 (0-3m),2026-08-13 05:13:29+00:00,2026-08-13 05:15:27+00:00,2026-08-13 05:13:00+00:00,390,96202433,390,2026-08-13 05:13:00+00:00,,False,387,1,0,True,96202433,2026-08-13 05:13:29+00:00,0,False,lockbox
96325914,Sell,0.01,2026-08-14T08:00:52,2026-08-14T08:19:37,2026-08-14 05:00:52,2026-08-14 05:19:37,4324.79,6.04,2026-08-14 05:00:52.010,4324.925,4325.695,4325.31,0.7699999999995271,0.01,4324.925,0.1350000000002182,2026-08-14 05:19:36.585,4317.755,4318.505,4318.13,0.75,-0.415,4318.505,6.284999999999855,6.42,7.18,-0.38,-1.14,True,True,True,True,True,MATCHED_LE_1_00,18.75,Q4 (16m+),2026-08-14 05:00:52+00:00,2026-08-14 05:19:37+00:00,2026-08-14 05:00:00+00:00,391,96325914,391,2026-08-14 05:00:00+00:00,,False,388,1,0,True,96325914,2026-08-14 05:00:52+00:00,0,False,lockbox
96332229,Buy,0.01,2026-08-14T08:50:02,2026-08-14T10:10:43,2026-08-14 05:50:02,2026-08-14 07:10:43,4326.97,6.7,2026-08-14 05:50:01.968,4323.645,4324.395,4324.02,0.75,-0.032,4324.395,2.574999999999818,2026-08-14 07:10:43.305,4333.915,4334.475,4334.195,0.5600000000004002,0.305,4333.915,6.944999999999709,9.52,10.175,-2.82,-3.475,False,False,False,True,True,MATCHED_LE_3_00,80.68333333333334,Q4 (16m+),2026-08-14 05:50:02+00:00,2026-08-14 07:10:43+00:00,2026-08-14 05:50:00+00:00,392,96332229,392,2026-08-14 05:50:00+00:00,,False,389,1,0,True,96332229,2026-08-14 05:50:02+00:00,0,False,lockbox
96391293,Sell,0.01,2026-08-17T07:49:26,2026-08-17T08:04:50,2026-08-17 04:49:26,2026-08-17 05:04:50,4395.88,2.43,2026-08-17 04:49:26.276,4395.965,4396.725,4396.345,0.7600000000002183,0.276,4395.965,0.0850000000000363,2026-08-17 05:04:50.254,4392.365,4393.125,4392.745,0.7600000000002183,0.254,4393.125,2.755000000000109,2.84,3.6,-0.41,-1.17,True,True,True,True,True,MATCHED_LE_1_00,15.4,Q3 (8-16m),2026-08-17 04:49:26+00:00,2026-08-17 05:04:50+00:00,2026-08-17 04:49:00+00:00,393,96391293,393,2026-08-17 04:49:00+00:00,,False,390,1,0,True,96391293,2026-08-17 04:49:26+00:00,0,False,lockbox
96484066,Sell,0.01,2026-08-18T06:00:51,2026-08-18T08:14:35,2026-08-18 03:00:51,2026-08-18 05:14:35,4399.36,6.92,2026-08-18 04:00:00.133,4391.475,4392.225,4391.85,0.75,3549.133,4391.475,7.884999999999309,2026-08-18 05:14:34.910,4391.455,4392.235,4391.844999999999,0.7799999999997453,-0.09,4392.235,7.125,-0.76,0.005,7.68,6.915,False,False,False,False,False,TOLERANCE_EXCEEDED,133.73333333333332,Q4 (16m+),2026-08-18 03:00:51+00:00,2026-08-18 05:14:35+00:00,2026-08-18 03:00:00+00:00,394,96484066,394,2026-08-18 03:00:00+00:00,,False,391,1,0,True,96484066,2026-08-18 03:00:51+00:00,0,False,lockbox
96566692,Sell,0.02,2026-08-19T08:06:43,2026-08-19T08:14:58,2026-08-19 05:06:43,2026-08-19 05:14:58,4343.53,8.0,2026-08-19 05:06:42.885,4345.225,4345.645,4345.435,0.4200000000000727,-0.115,4345.225,1.6950000000006185,2026-08-19 05:14:57.830,4338.845,4339.285,4339.0650000000005,0.4399999999995998,-0.17,4339.285,4.244999999999891,11.88,12.74,-3.88,-4.74,False,False,True,True,True,MATCHED_LE_3_00,8.25,Q3 (8-16m),2026-08-19 05:06:43+00:00,2026-08-19 05:14:58+00:00,2026-08-19 05:06:00+00:00,395,96566692,395,2026-08-19 05:06:00+00:00,,False,392,1,0,True,96566692,2026-08-19 05:06:43+00:00,0,False,lockbox
96653069,Sell,0.01,2026-08-20T08:03:17,2026-08-20T08:27:21,2026-08-20 05:03:17,2026-08-20 05:27:21,4490.48,4.65,2026-08-20 05:03:16.879,4490.375,4491.135,4490.755,0.7600000000002183,-0.121,4490.375,0.1049999999995634,2026-08-20 05:27:20.605,4484.725,4485.475,4485.1,0.75,-0.395,4485.475,5.0049999999992,4.9,5.655,-0.25,-1.005,True,True,True,True,True,MATCHED_LE_1_00,24.066666666666663,Q4 (16m+),2026-08-20 05:03:17+00:00,2026-08-20 05:27:21+00:00,2026-08-20 05:03:00+00:00,396,96653069,396,2026-08-20 05:03:00+00:00,,False,393,1,0,True,96653069,2026-08-20 05:03:17+00:00,0,False,lockbox
96756936,Buy,0.01,2026-08-21T08:11:26,2026-08-21T08:15:14,2026-08-21 05:11:26,2026-08-21 05:15:14,4536.82,1.02,2026-08-21 05:11:25.663,4535.865,4536.615,4536.24,0.75,-0.337,4536.615,0.2049999999999272,2026-08-21 05:15:12.639,4538.015,4538.765,4538.39,0.75,-1.361,4538.015,1.1950000000006185,1.4,2.15,-0.38,-1.13,True,True,True,True,True,MATCHED_LE_1_00,3.8,Q2 (3-8m),2026-08-21 05:11:26+00:00,2026-08-21 05:15:14+00:00,2026-08-21 05:11:00+00:00,397,96756936,397,2026-08-21 05:11:00+00:00,,False,394,1,0,True,96756936,2026-08-21 05:11:26+00:00,0,False,lockbox
96882975,Buy,0.01,2026-08-24T07:34:43,2026-08-24T08:07:05,2026-08-24 04:34:43,2026-08-24 05:07:05,4635.03,6.72,2026-08-24 04:34:41.466,4635.095,4635.935,4635.515,0.8400000000001455,-1.534,4635.935,0.9050000000006548,2026-08-24 05:07:05.019,4641.875,4642.715,4642.295,0.8400000000001455,0.019,4641.875,6.845000000000255,5.94,6.78,0.78,-0.06,False,True,True,True,True,MATCHED_LE_1_00,32.36666666666667,Q4 (16m+),2026-08-24 04:34:43+00:00,2026-08-24 05:07:05+00:00,2026-08-24 04:34:00+00:00,398,96882975,398,2026-08-24 04:34:00+00:00,,False,395,1,0,True,96882975,2026-08-24 04:34:43+00:00,0,False,lockbox
97042659,Buy,0.01,2026-08-25T08:04:19,2026-08-25T08:10:16,2026-08-25 05:04:19,2026-08-25 05:10:16,4629.55,5.93,2026-08-25 05:04:19.066,4627.815,4628.655,4628.235,0.8400000000001455,0.066,4628.655,0.8950000000004366,2026-08-25 05:10:15.954,4635.645,4636.485,4636.0650000000005,0.839999999999236,-0.046,4635.645,6.095000000000255,6.99,7.83,-1.06,-1.9,False,True,True,True,True,MATCHED_LE_1_00,5.95,Q2 (3-8m),2026-08-25 05:04:19+00:00,2026-08-25 05:10:16+00:00,2026-08-25 05:04:00+00:00,399,97042659,399,2026-08-25 05:04:00+00:00,,False,396,1,0,True,97042659,2026-08-25 05:04:19+00:00,0,False,lockbox
97143853,Buy,0.01,2026-08-25T20:27:24,2026-08-25T20:35:19,2026-08-25 17:27:24,2026-08-25 17:35:19,4640.95,-1.09,2026-08-25 17:27:23.694,4639.965,4640.485,4640.225,0.5199999999995271,-0.306,4640.485,0.4650000000001455,2026-08-25 17:35:18.746,4640.215,4640.665,4640.4400000000005,0.4499999999998181,-0.254,4640.215,0.7349999999996726,-0.27,0.215,-0.82,-1.305,True,True,True,True,True,MATCHED_LE_1_00,7.916666666666667,Q3 (8-16m),2026-08-25 17:27:24+00:00,2026-08-25 17:35:19+00:00,2026-08-25 17:27:00+00:00,400,97143853,400,2026-08-25 17:27:00+00:00,,False,397,1,0,True,97143853,2026-08-25 17:27:24+00:00,0,False,lockbox
97182841,Buy,0.02,2026-08-26T07:57:51,2026-08-26T08:09:09,2026-08-26 04:57:51,2026-08-26 05:09:09,4640.61,5.06,2026-08-26 04:57:50.646,4639.705,4640.475,4640.09,0.7700000000004366,-0.354,4640.475,0.1349999999993087,2026-08-26 05:09:08.928,4643.285,4643.935,4643.610000000001,0.6500000000005457,-0.072,4643.285,2.675000000000182,5.62,7.04,-0.56,-1.98,True,True,True,True,True,MATCHED_LE_1_00,11.3,Q3 (8-16m),2026-08-26 04:57:51+00:00,2026-08-26 05:09:09+00:00,2026-08-26 04:57:00+00:00,401,97182841,401,2026-08-26 04:57:00+00:00,,False,398,1,0,True,97182841,2026-08-26 04:57:51+00:00,0,False,lockbox
97352852,Sell,0.02,2026-08-27T11:17:10,2026-08-27T11:30:12,2026-08-27 08:17:10,2026-08-27 08:30:12,4604.68,5.32,2026-08-27 08:17:09.858,4605.315,4605.875,4605.594999999999,0.5600000000004002,-0.142,4605.315,0.6349999999993088,2026-08-27 08:30:12.317,4601.155,4601.725,4601.4400000000005,0.5700000000006185,0.317,4601.725,2.9549999999999272,7.18,8.31,-1.86,-2.99,False,True,True,True,True,MATCHED_LE_1_00,13.033333333333331,Q3 (8-16m),2026-08-27 08:17:10+00:00,2026-08-27 08:30:12+00:00,2026-08-27 08:17:00+00:00,402,97352852,402,2026-08-27 08:17:00+00:00,,False,399,1,0,True,97352852,2026-08-27 08:17:10+00:00,0,False,lockbox
97451919,Buy,0.02,2026-08-28T08:18:43,2026-08-28T08:25:37,2026-08-28 05:18:43,2026-08-28 05:25:37,4580.67,5.5,2026-08-28 05:18:43.194,4580.235,4580.905,4580.57,0.6700000000000728,0.194,4580.905,0.2349999999996725,2026-08-28 05:25:37.919,4583.735,4584.475,4584.105,0.7400000000006912,0.919,4583.735,3.0649999999996,5.66,7.07,-0.16,-1.57,True,True,True,True,True,MATCHED_LE_1_00,6.9,Q2 (3-8m),2026-08-28 05:18:43+00:00,2026-08-28 05:25:37+00:00,2026-08-28 05:18:00+00:00,403,97451919,403,2026-08-28 05:18:00+00:00,,False,400,1,0,True,97451919,2026-08-28 05:18:43+00:00,0,False,lockbox
97638884,Sell,0.01,2026-08-31T08:03:50,2026-08-31T08:09:37,2026-08-31 05:03:50,2026-08-31 05:09:37,4425.37,5.49,2026-08-31 05:03:50.278,4426.005,4426.705,4426.355,0.6999999999998181,0.278,4426.005,0.6350000000002183,2026-08-31 05:09:37.132,4418.885,4419.645,4419.265,0.7600000000002183,0.132,4419.645,5.724999999999454,6.36,7.09,-0.87,-1.6,False,True,True,True,True,MATCHED_LE_1_00,5.783333333333333,Q2 (3-8m),2026-08-31 05:03:50+00:00,2026-08-31 05:09:37+00:00,2026-08-31 05:03:00+00:00,404,97638884,404,2026-08-31 05:03:00+00:00,,False,401,1,0,True,97638884,2026-08-31 05:03:50+00:00,0,False,lockbox
97800092,Sell,0.01,2026-09-01T09:00:02,2026-09-01T09:05:54,2026-09-01 06:00:02,2026-09-01 06:05:54,4440.12,1.9,2026-09-01 06:00:02.109,4439.595,4440.225,4439.91,0.6300000000001091,0.109,4439.595,0.5249999999996362,2026-09-01 06:05:54.463,4437.415,4438.045,4437.73,0.6300000000001091,0.463,4438.045,2.074999999999818,1.55,2.18,0.35,-0.28,False,True,True,True,True,MATCHED_LE_1_00,5.866666666666666,Q2 (3-8m),2026-09-01 06:00:02+00:00,2026-09-01 06:05:54+00:00,2026-09-01 06:00:00+00:00,405,97800092,405,2026-09-01 06:00:00+00:00,,False,402,1,0,True,97800092,2026-09-01 06:00:02+00:00,0,False,lockbox
97982386,Buy,0.01,2026-09-02T09:04:25,2026-09-02T11:50:28,2026-09-02 06:04:25,2026-09-02 08:50:28,4319.11,1.28,2026-09-02 06:04:24.939,4318.285,4318.905,4318.594999999999,0.6199999999998909,-0.061,4318.905,0.2049999999999272,2026-09-02 08:50:27.961,4320.735,4321.285,4321.01,0.5500000000001819,-0.039,4320.735,1.625,1.83,2.415,-0.55,-1.135,True,True,True,True,True,MATCHED_LE_1_00,166.05,Q4 (16m+),2026-09-02 06:04:25+00:00,2026-09-02 08:50:28+00:00,2026-09-02 06:04:00+00:00,406,97982386,406,2026-09-02 06:04:00+00:00,,False,403,1,0,True,97982386,2026-09-02 06:04:25+00:00,0,False,lockbox
98070555,Buy,0.01,2026-09-02T18:21:55,2026-09-02T18:25:56,2026-09-02 15:21:55,2026-09-02 15:25:56,4366.67,2.5,2026-09-02 15:21:54.679,4366.195,4366.785,4366.49,0.5900000000001455,-0.321,4366.785,0.1149999999997817,2026-09-02 15:25:55.923,4369.575,4369.945,4369.76,0.3699999999998908,-0.077,4369.575,2.9049999999997453,2.79,3.27,-0.29,-0.77,True,True,True,True,True,MATCHED_LE_1_00,4.016666666666667,Q2 (3-8m),2026-09-02 15:21:55+00:00,2026-09-02 15:25:56+00:00,2026-09-02 15:21:00+00:00,407,98070555,407,2026-09-02 15:21:00+00:00,,False,404,1,0,True,98070555,2026-09-02 15:21:55+00:00,0,False,lockbox
98161217,Sell,0.01,2026-09-03T08:48:56,2026-09-03T08:52:15,2026-09-03 05:48:56,2026-09-03 05:52:15,4434.66,-3.75,2026-09-03 05:48:56.053,4435.255,4435.985,4435.62,0.7299999999995634,0.053,4435.255,0.5950000000002547,2026-09-03 05:52:14.930,4437.525,4438.305,4437.915,0.7800000000006548,-0.07,4438.305,3.645000000000437,-3.05,-2.295,-0.7,-1.455,False,True,True,True,True,MATCHED_LE_1_00,3.316666666666667,Q2 (3-8m),2026-09-03 05:48:56+00:00,2026-09-03 05:52:15+00:00,2026-09-03 05:48:00+00:00,408,98161217,408,2026-09-03 05:48:00+00:00,,False,405,1,0,True,98161217,2026-09-03 05:48:56+00:00,0,False,lockbox
98188192,Sell,0.01,2026-09-03T12:36:09,2026-09-03T12:57:10,2026-09-03 09:36:09,2026-09-03 09:57:10,4434.76,7.19,2026-09-03 09:36:09.030,4437.205,4437.795,4437.5,0.5900000000001455,0.03,4437.205,2.444999999999709,2026-09-03 09:57:09.846,4426.635,4427.225,4426.93,0.5900000000001455,-0.154,4427.225,7.5349999999998545,9.98,10.57,-2.79,-3.38,False,False,False,True,True,MATCHED_LE_3_00,21.016666666666666,Q4 (16m+),2026-09-03 09:36:09+00:00,2026-09-03 09:57:10+00:00,2026-09-03 09:36:00+00:00,409,98188192,409,2026-09-03 09:36:00+00:00,,False,406,1,0,True,98188192,2026-09-03 09:36:09+00:00,0,False,lockbox
98366050,Sell,0.01,2026-09-04T15:43:11,2026-09-04T15:48:05,2026-09-04 12:43:11,2026-09-04 12:48:05,4401.75,17.67,2026-09-04 12:43:11.130,4401.245,4402.285,4401.764999999999,1.0399999999999636,0.13,4401.245,0.5050000000001091,2026-09-04 12:48:04.944,4382.955,4384.005,4383.48,1.050000000000182,-0.056,4384.005,17.74499999999989,17.24,18.285,0.43,-0.615,False,True,True,True,True,MATCHED_LE_1_00,4.9,Q2 (3-8m),2026-09-04 12:43:11+00:00,2026-09-04 12:48:05+00:00,2026-09-04 12:43:00+00:00,410,98366050,410,2026-09-04 12:43:00+00:00,,False,407,1,0,True,98366050,2026-09-04 12:43:11+00:00,0,False,lockbox
98440487,Buy,0.01,2026-09-07T10:01:54,2026-09-07T10:05:53,2026-09-07 07:01:54,2026-09-07 07:05:53,4394.74,4.39,2026-09-07 07:01:53.900,4393.065,4393.625,4393.344999999999,0.5600000000004002,-0.1,4393.625,1.1149999999997815,2026-09-07 07:05:52.522,4399.515,4400.045,4399.780000000001,0.5299999999997453,-0.478,4399.515,4.775000000000546,5.89,6.435,-1.5,-2.045,False,False,True,True,True,MATCHED_LE_3_00,3.983333333333333,Q2 (3-8m),2026-09-07 07:01:54+00:00,2026-09-07 07:05:53+00:00,2026-09-07 07:01:00+00:00,411,98440487,411,2026-09-07 07:01:00+00:00,,False,408,1,0,True,98440487,2026-09-07 07:01:54+00:00,0,False,lockbox
99000862,Sell,0.01,2026-09-08T20:07:06,2026-09-08T20:29:05,2026-09-08 17:07:06,2026-09-08 17:29:05,4399.59,4.28,2026-09-08 17:07:05.964,4400.225,4400.895,4400.56,0.6700000000000728,-0.036,4400.225,0.6350000000002183,2026-09-08 17:29:04.899,4394.425,4395.055,4394.74,0.6300000000001091,-0.101,4395.055,4.534999999999855,5.17,5.82,-0.89,-1.54,False,True,True,True,True,MATCHED_LE_1_00,21.98333333333333,Q4 (16m+),2026-09-08 17:07:06+00:00,2026-09-08 17:29:05+00:00,2026-09-08 17:07:00+00:00,412,99000862,412,2026-09-08 17:07:00+00:00,,False,409,1,0,True,99000862,2026-09-08 17:07:06+00:00,0,False,lockbox
99208828,Buy,0.01,2026-09-09T16:01:58,2026-09-09T16:15:54,2026-09-09 13:01:58,2026-09-09 13:15:54,4404.63,7.78,2026-09-09 13:01:58.141,4403.865,4404.465,4404.165,0.6000000000003638,0.141,4404.465,0.1649999999999636,2026-09-09 13:15:54.013,4412.715,4413.295,4413.005,0.5799999999999272,0.013,4412.715,8.085000000000036,8.25,8.84,-0.47,-1.06,True,True,True,True,True,MATCHED_LE_1_00,13.933333333333334,Q3 (8-16m),2026-09-09 13:01:58+00:00,2026-09-09 13:15:54+00:00,2026-09-09 13:01:00+00:00,413,99208828,413,2026-09-09 13:01:00+00:00,,False,410,1,0,True,99208828,2026-09-09 13:01:58+00:00,0,False,lockbox
99615317,Sell,0.01,2026-09-10T22:27:09,2026-09-10T23:02:43,2026-09-10 19:27:09,2026-09-10 20:02:43,4329.05,5.71,2026-09-10 19:27:08.832,4329.915,4330.495,4330.205,0.5799999999999272,-0.168,4329.915,0.8649999999997817,2026-09-10 20:02:42.720,4322.465,4322.995,4322.73,0.5299999999997453,-0.28,4322.995,6.055000000000291,6.92,7.475,-1.21,-1.765,False,True,True,True,True,MATCHED_LE_1_00,35.56666666666667,Q4 (16m+),2026-09-10 19:27:09+00:00,2026-09-10 20:02:43+00:00,2026-09-10 19:27:00+00:00,414,99615317,414,2026-09-10 19:27:00+00:00,,False,411,1,0,True,99615317,2026-09-10 19:27:09+00:00,0,False,lockbox
99738973,Buy,0.01,2026-09-11T07:57:55,2026-09-11T08:02:21,2026-09-11 04:57:55,2026-09-11 05:02:21,4333.59,-4.97,2026-09-11 04:57:55.449,4333.718,4334.385,4334.0515,0.6670000000003711,0.449,4334.385,0.7950000000000728,2026-09-11 05:02:20.970,4328.948,4329.372,4329.16,0.4239999999999781,-0.03,4328.948,4.641999999999825,-5.437,-4.8915,0.467,-0.0785,False,True,True,True,True,MATCHED_LE_1_00,4.433333333333334,Q2 (3-8m),2026-09-11 04:57:55+00:00,2026-09-11 05:02:21+00:00,2026-09-11 04:57:00+00:00,415,99738973,415,2026-09-11 04:57:00+00:00,,False,412,1,0,True,99738973,2026-09-11 04:57:55+00:00,0,False,lockbox
99754992,Buy,0.01,2026-09-11T18:20:15,2026-09-11T18:30:18,2026-09-11 15:20:15,2026-09-11 15:30:18,4363.75,6.64,2026-09-11 15:20:14.958,4362.145,4362.795,4362.47,0.6499999999996362,-0.042,4362.795,0.9549999999999272,2026-09-11 15:30:18.110,4370.625,4371.185,4370.905000000001,0.5600000000004002,0.11,4370.625,6.875,7.83,8.435,-1.19,-1.795,False,True,True,True,True,MATCHED_LE_1_00,10.05,Q3 (8-16m),2026-09-11 15:20:15+00:00,2026-09-11 15:30:18+00:00,2026-09-11 15:20:00+00:00,416,99754992,416,2026-09-11 15:20:00+00:00,,False,413,1,0,True,99754992,2026-09-11 15:20:15+00:00,0,False,lockbox
100126875,Sell,0.01,2026-09-15T08:52:49,2026-09-15T08:58:55,2026-09-15 05:52:49,2026-09-15 05:58:55,4298.08,5.8,2026-09-15 05:52:48.758,4297.325,4297.895,4297.610000000001,0.5700000000006185,-0.242,4297.325,0.7550000000001091,2026-09-15 05:58:54.691,4291.378,4292.122,4291.75,0.7440000000005966,-0.309,4292.122,5.957999999999629,5.203,5.86,0.597,-0.06,False,True,True,True,True,MATCHED_LE_1_00,6.1,Q2 (3-8m),2026-09-15 05:52:49+00:00,2026-09-15 05:58:55+00:00,2026-09-15 05:52:00+00:00,417,100126875,417,2026-09-15 05:52:00+00:00,,False,414,1,0,True,100126875,2026-09-15 05:52:49+00:00,0,False,lockbox
100453335,Buy,0.01,2026-09-16T09:36:42,2026-09-16T10:00:07,2026-09-16 06:36:42,2026-09-16 07:00:07,4325.5,6.74,2026-09-16 06:36:41.707,4324.535,4325.225,4324.88,0.6900000000005093,-0.293,4325.225,0.2749999999996362,2026-09-16 07:00:07.010,4332.365,4333.055,4332.71,0.6900000000005093,0.01,4332.365,6.864999999999782,7.14,7.83,-0.4,-1.09,True,True,True,True,True,MATCHED_LE_1_00,23.416666666666668,Q4 (16m+),2026-09-16 06:36:42+00:00,2026-09-16 07:00:07+00:00,2026-09-16 06:36:00+00:00,418,100453335,418,2026-09-16 06:36:00+00:00,,False,415,1,0,True,100453335,2026-09-16 06:36:42+00:00,0,False,lockbox
100653865,Buy,0.01,2026-09-17T06:00:33,2026-09-17T06:21:35,2026-09-17 03:00:33,2026-09-17 03:21:35,4279.11,5.2,2026-09-17 03:00:32.763,4277.985,4278.705,4278.344999999999,0.7200000000002547,-0.237,4278.705,0.4049999999997453,2026-09-17 03:21:34.641,4284.735,4285.425,4285.08,0.6900000000005093,-0.359,4284.735,5.625,6.03,6.735,-0.83,-1.535,True,True,True,True,True,MATCHED_LE_1_00,21.03333333333333,Q4 (16m+),2026-09-17 03:00:33+00:00,2026-09-17 03:21:35+00:00,2026-09-17 03:00:00+00:00,419,100653865,419,2026-09-17 03:00:00+00:00,,False,416,1,0,True,100653865,2026-09-17 03:00:33+00:00,0,False,lockbox
100675478,Sell,0.01,2026-09-17T09:20:36,2026-09-17T09:22:53,2026-09-17 06:20:36,2026-09-17 06:22:53,4306.96,-1.44,2026-09-17 06:20:36.053,4306.915,4307.595,4307.255,0.680000000000291,0.053,4306.915,0.0450000000000727,2026-09-17 06:22:52.401,4307.385,4308.105,4307.745,0.7199999999993452,-0.599,4308.105,1.144999999999527,-1.19,-0.49,-0.25,-0.95,True,True,True,True,True,MATCHED_LE_1_00,2.283333333333333,Q1 (0-3m),2026-09-17 06:20:36+00:00,2026-09-17 06:22:53+00:00,2026-09-17 06:20:00+00:00,420,100675478,420,2026-09-17 06:20:00+00:00,,False,417,1,0,True,100675478,2026-09-17 06:20:36+00:00,0,False,lockbox
100829495,Sell,0.01,2026-09-17T16:21:20,2026-09-17T16:29:43,2026-09-17 13:21:20,2026-09-17 13:29:43,4373.27,6.53,2026-09-17 13:21:19.880,4373.145,4373.775,4373.46,0.6299999999991996,-0.12,4373.145,0.125,2026-09-17 13:29:43.034,4365.815,4366.515,4366.165,0.7000000000007276,0.034,4366.515,6.755000000000109,6.63,7.295,-0.1,-0.765,True,True,True,True,True,MATCHED_LE_1_00,8.383333333333333,Q3 (8-16m),2026-09-17 13:21:20+00:00,2026-09-17 13:29:43+00:00,2026-09-17 13:21:00+00:00,421,100829495,421,2026-09-17 13:21:00+00:00,,False,418,1,0,True,100829495,2026-09-17 13:21:20+00:00,0,False,lockbox
983845,Buy,0.01,2026-09-18T06:25:04,2026-09-18T06:33:14,2026-09-18 03:25:04,2026-09-18 03:33:14,4336.1,8.26,2026-09-18 03:25:03.813,4335.525,4336.325,4335.924999999999,0.8000000000001819,-0.187,4336.325,0.2249999999994543,2026-09-18 03:33:14.042,4344.905,4345.625,4345.264999999999,0.7200000000002547,0.042,4344.905,8.804999999999382,8.58,9.34,-0.32,-1.08,True,True,True,True,True,MATCHED_LE_1_00,8.166666666666666,Q3 (8-16m),2026-09-18 03:25:04+00:00,2026-09-18 03:33:14+00:00,2026-09-18 03:25:00+00:00,422,983845,422,2026-09-18 03:25:00+00:00,,False,419,1,0,True,983845,2026-09-18 03:25:04+00:00,0,False,lockbox
