dt,is_trade,trade_dir,rsi_14,m5_rsi_14,m15_rsi_14,h1_rsi_14,bb_pct_b,m5_bb_pct_b,m15_bb_pct_b,h1_bb_pct_b,macd_hist,m5_macd_hist,m15_macd_hist,h1_macd_hist,stoch_k,stoch_d,m5_stoch_k,m15_stoch_k,dist_ema_8,dist_ema_21,dist_ema_50,dist_ema_200,m5_dist_ema_21,m15_dist_ema_21,h1_dist_ema_21,atr_pct_14,m5_atr_pct_14,h1_atr_pct_14,return_1,return_5,return_15,return_30,candle_body_ratio,upper_wick_ratio,lower_wick_ratio,utc_hour,utc_minute,hour_eet
2025-09-25 16:32:00,1,1.0,55.540917484689956,36.67240896467513,34.68634685351388,48.39259839595655,0.6357970309758779,0.40313690690473414,0.16534562105297929,0.41761306730277353,-0.08724351733284919,0.15983464114183965,-2.131780986295907,1.4766229567646563,48.70550161024307,49.16719692255802,45.36817101958219,37.87177792340188,1.5767232505267437,3.9145992729731134,4.328901563635256,-10.413841452227487,-4.669512239454629,-15.248867992332196,-24.00349453744894,0.051795145770238867,0.1681829956215727,0.31036736593547903,3.9831850777605204,2.6194558748660057,15.764153278958748,18.660087892494737,0.7743589739620513,0.03589743587888105,0.18974358964624707,16,32,19
2025-09-25 16:43:00,1,0.0,20.548510531715095,28.415375021461486,34.68634685351388,48.39259839595655,0.035566589157505636,0.12115804645767286,0.16534562105297929,0.41761306730277353,-1.3867572523635272,-0.4100778963364533,-2.131780986295907,1.4766229567646563,4.352741661709734,9.307607789947463,4.062229904749277,37.87177792340188,-11.7592705543916,-22.85740047629651,-30.507891713161747,-49.44363188470448,-28.151380184350995,-15.248867992332196,-24.00349453744894,0.08607808177609462,0.18452649748435604,0.31036736593547903,-5.793455273049863,-16.798595026598086,-44.08599708498051,-29.113756383686294,0.5984042551599641,0.19680851058600665,0.20478723398807178,16,43,19
2025-09-26 15:47:00,1,1.0,57.82477336498082,50.389321429062484,50.53670304366308,50.0765253945125,0.6756133519363408,0.5752833378161326,0.6430572777671612,0.6497945051320385,0.003067155848459624,0.1146365758605874,-0.010306850476116569,0.6423320748644865,58.51701140968299,49.108925807340746,44.3541102037619,57.370242210563084,4.030238121763517,4.3864038846418305,5.5673595379255305,9.413668341692452,1.477777914872564,5.569561670351034,6.768418827209615,0.06477893505721712,0.08541238889048423,0.24563000808133684,3.1446918002164814,8.639320373462489,1.7586517003631563,5.811233540946592,0.82666666611541,0.08666666660896165,0.08666666660896165,15,47,18
2025-09-29 05:46:00,1,1.0,29.780801177858933,80.24369013277023,69.39799864171519,64.5231872012455,0.05603311982707006,0.7963307315009109,0.9618252506074186,0.7568119920228437,-0.7715393719618979,1.3912338427329014,1.9353079778133266,1.039494196321769,16.068642743199412,21.49627939168444,76.6552900997725,80.34482758389782,-3.6096436665035996,-3.7574390557390496,5.174900341539569,28.26139392876153,19.959978463978345,37.12018466227147,35.35213183135881,0.04976971168313506,0.12688302697203993,0.34578856757968984,-2.2497110716912516,-1.6352949399489614,-10.540892734557383,12.202449734226573,0.4805849720219486,0.0,0.5194150274737649,5,46,8
2025-09-30 08:20:00,1,0.0,52.5099601007861,58.772333536012724,81.03922914196272,86.31458856287468,0.6575144890913028,1.052620336477824,0.8341104104930693,1.0736273361640791,0.2889294251625367,-0.3099396265978531,0.9854683934776842,1.8504638389248154,75.87131366274951,88.17247541266515,89.63659146746129,86.3458942805844,0.5503415312114552,3.145925055006447,5.920948527717015,24.974001337117702,14.844330528606827,32.93383446226282,93.82647246288008,0.03527685675320826,0.0718043103337496,0.2467836587865918,-2.514895521986693,3.2585799574058605,-0.8013887291136168,9.515311707326557,0.6305897597988189,0.0,0.3694102395530929,8,20,11
2025-09-30 08:25:00,1,0.0,76.08695639985969,62.75578586012931,81.03922914196272,86.31458856287468,0.7409375420036796,0.9163677130859962,0.8341104104930693,1.0736273361640791,0.10898351649734561,-0.2592848676248769,0.9854683934776842,1.8504638389248154,82.39202656438756,78.95902545753624,82.70676690692764,86.3458942805844,1.0834922278856232,3.3707050790817124,6.5285605136849245,25.60871601194675,12.192040338104443,32.93383446226282,93.82647246288008,0.0278848587783201,0.06989425108567471,0.2467836587865918,0.8272164554035122,1.9131457674892438,10.453660398350717,9.832040290667088,0.2815533977848096,0.17475728138353788,0.5436893198607786,8,25,11
2025-10-01 06:25:00,1,1.0,52.72952844439044,40.055302194587256,50.87095624912261,73.80622562450984,0.6684089143195241,0.3358049441915668,0.4412184076236291,0.7524985608815975,0.2264111093205752,-0.5091446814351953,-0.8787197640604507,1.6231986472874258,64.64285711976426,80.61870070337068,41.18122977013172,22.52619324665319,-0.1270503094900073,0.4592070519574968,-1.4189566335737882,-1.8880336618964466,-1.7054671904667362,0.9783399659284964,39.89115925075802,0.028050034456983022,0.08999374501593724,0.3341819466680813,-0.5435901020012235,-1.9152452225634775,7.486842974477881,3.444110247781129,0.2134831458275298,0.24719101095840754,0.5393258420904672,6,25,9
2025-10-01 08:28:00,1,0.0,58.140082305598206,63.94344065611914,46.10128277666534,71.37923568343959,0.4409640651979479,0.9274570712671197,0.5609727695559924,0.7445209779042212,-0.25428136727216655,0.8439404157287095,-0.7896334664219458,0.8778479451514709,32.988478713150975,30.92718864387814,83.2229402194472,43.34505273513946,-1.7842835380562743,-1.1448454173728935,2.3040511962993078,6.0272188146920564,11.021378888915077,5.355865334149743,36.85756129111457,0.030061587448434405,0.06960207786405403,0.3110013756363202,-0.388043299422991,-5.119747798120189,1.870791204952038,2.647258612324954,0.22567567537052335,0.0,0.7743243232781253,8,28,11
2025-10-02 05:13:00,1,1.0,61.179698157990124,72.79012340646665,58.06259592052136,33.115386910293665,1.1764105353935599,0.8150567944174508,0.7969059958762819,0.36770202866146634,0.31309082949467304,0.4587648035799087,0.6786117950140329,-2.645242635514685,96.0396039468092,73.7494283537121,84.66257668134503,89.38506587925228,7.271133219489871,9.417045948617686,12.067328841563059,16.19198927834431,7.666128287674947,6.8133502690992716,0.2206152584128094,0.038089895255096214,0.07116882646467479,0.3369567768657507,6.208440633725942,8.978855700472188,8.668078571603122,10.94755912134815,0.895522387725488,0.10447761190137764,0.0,5,13,8
2025-10-02 12:17:00,1,1.0,43.649987222365326,72.77519698215669,58.2830315042267,63.248027691254904,0.7599673293772625,0.7760116142469833,0.9308008557849821,0.9437032738287391,0.011517794586350383,0.5725408298554455,0.663429625549494,-0.14649891433267825,57.76091858565564,43.40783267512782,76.46219685617437,80.5848090792163,2.6926864814807434,3.076897364413795,6.011588948881935,15.191498802284071,8.457947748124761,15.660603742819262,21.262028157236216,0.02784969164109507,0.07806018504779719,0.24884630863933088,1.8062348647185367,4.361881287142655,0.2063938226326556,3.7680287918684385,0.7444444436176657,0.1777777775801571,0.07777777769106609,12,17,15
2025-10-02 12:23:00,1,1.0,56.95562189039027,77.7273595200513,58.2830315042267,63.248027691254904,0.5927190940880492,0.8749298440436483,0.9308008557849821,0.9437032738287391,-0.04116738586836749,0.6002012527817588,0.663429625549494,-0.14649891433267825,47.21794588800842,36.24367714179777,92.91453615099385,80.5848090792163,-0.01534946036203461,0.4308551487270042,3.1662644173522496,12.614213004704073,13.157907351695457,15.660603742819262,21.262028157236216,0.02893639577469861,0.0786395957825304,0.24884630863933088,1.6516747078276772,-3.6369217197751436,4.509844212892133,-3.5853526736029373,0.4471319969265725,0.0,0.5528680023823425,12,23,15
2025-10-02 13:13:00,1,0.0,31.007751870679527,65.21146854482478,58.21541495716792,65.36718040045074,-0.11590354136923854,0.8355871479621422,0.9731280342899424,1.075115686041164,-0.37336409469050036,0.13306523492191236,0.9350802393238096,0.5256333277711089,8.121827409099573,12.960089904722972,85.28138526907908,96.07669778990795,-3.4347694791183585,-4.371259849123439,-2.585783103148757,7.938818895981634,8.594147881434996,19.940097072847113,29.99553851067559,0.023364498896909912,0.06775030074519107,0.23986334876908216,0.10318812614151796,-7.836071447443471,-6.779949395282481,-1.2638817419396986,0.13793103424483835,0.4482758612965087,0.4137931027345151,13,13,16
2025-10-03 07:17:00,1,1.0,50.25062647825677,38.53572991935593,32.63999998781465,31.785039861825283,0.3945526259639329,0.522124394315374,0.2215412137997239,0.24209173022636363,-0.10558459838518974,0.586356747565588,-1.4558449563899556,-0.9985552131592024,25.882352931018975,34.000585295893806,56.84615384178358,29.97971602312577,-1.2049682356469587,0.07786325764103792,0.7067513879513276,-12.558443132307621,-0.5719097522765649,-13.442466204435204,-36.85557473289519,0.025495968124837058,0.090187238366452,0.3858071363975599,-0.8844757595116715,-1.092564965343712,0.6764694021166306,0.9887169186373335,0.30693069276543294,0.24752475223023143,0.4455445540142365,7,17,10
2025-10-03 15:18:00,1,1.0,44.1910965669201,50.4179498149639,52.21776840810048,55.55945280992937,0.3265558681507879,0.6581824910224197,0.6731040518996545,0.7032351948422254,-0.07011187999697072,0.19540184395827123,-0.4339739720840381,1.720301903990796,36.69724769801249,51.98776757217748,87.42773239538796,73.41450257583159,-1.8314905534432084,-1.2193845958608065,0.02918736090691292,0.9294591911283787,5.015590224732731,7.552332408565212,7.652779635870299,0.03563868989439027,0.08482902487289277,0.24291246373208905,-1.320325110640841,-2.7438144456648494,-1.346210353134758,2.9007615794141017,0.5145631062961934,0.2718446599303893,0.21359223280254336,15,18,18
2025-10-06 09:14:00,1,0.0,31.88991050904282,35.641668856196645,64.54206220425839,76.50762093026565,0.23630067053388884,0.024095536369550488,0.6636232733926447,0.9080257993931705,-0.23247293719654727,-1.5932358949911767,-0.5032529714453471,4.5893873162658245,34.81404958317983,30.562673822015075,14.172535210643058,51.96126640496471,-1.459406300954156,-5.934480578028425,-12.01567041532741,-8.707333150322857,-15.619918087507541,18.875662899861933,85.79131144195708,0.05700668159066444,0.12941356934600964,0.32042864535925186,0.5349780085817102,0.38212130823112034,-16.911415968700048,-11.577151537280894,0.24752475223023143,0.15841584142720405,0.5940594053524654,9,14,12
2025-10-06 11:10:00,1,0.0,69.11286280232818,71.2580644839474,57.79686122169191,81.19827371593148,0.8438049439258352,1.041882911241166,0.9177697487615425,0.907863553302079,0.21802159036534619,1.4646722733240907,-0.7479117694358184,3.8889262634256525,87.00623699719254,83.22249999322808,90.3940886654986,84.02288732024485,3.2192172602171794,10.925982948455284,21.517883099013027,37.6474211443536,27.998431511416836,31.049329893981536,91.48429670583172,0.05427446462335676,0.10200320395375205,0.3199141695459565,1.7733393626873095,3.3191908775465073,19.82110249489466,39.593285161925174,0.36842105243755974,0.05789473681169859,0.5736842102244258,11,10,14
2025-10-07 05:47:00,1,0.0,55.266272097782775,78.70498173535469,52.592611040128155,60.93730488973057,0.7652804475140724,0.9292009536339422,0.5404198889341058,0.6597156314970352,-0.14972899768006487,1.1039454789553775,-0.8309813110632462,-1.5487907225515904,78.723404221819,71.71680778942759,94.15309884913522,48.88579386959566,0.9386437594266182,2.6483097387901466,6.894291414569825,7.5423943802446125,8.554254468807608,7.574499160363599,28.491665959210632,0.02265535531719359,0.05962653989753425,0.32944334221712795,0.6051399070861052,1.4877668997081983,3.6319383579352937,10.095235931972812,0.5714285700674084,0.3333333325404043,0.09523809501123474,5,47,8
2025-10-07 05:53:00,1,0.0,48.19897072474003,83.17750804558706,52.592611040128155,60.93730488973057,0.4315528332879857,0.8745384240266003,0.5404198889341058,0.6597156314970352,-0.24211242440028702,1.0682315169460221,-0.8309813110632462,-1.5487907225515904,52.99145296881388,33.04843303431011,93.37501165499879,48.88579386959566,0.07246257606867647,0.6517847826634192,4.205254820763101,5.648609869645164,7.638365159160576,7.574499160363599,28.491665959210632,0.020245259430212468,0.05753828426484146,0.32944334221712795,1.084427743698324,-2.369790714704667,-1.6640130700662503,5.197301944321886,0.31707317047418576,0.6585365848304039,0.024390243882402157,5,53,8
2025-10-07 06:17:00,1,1.0,67.6700110426572,81.12862962587097,44.30183967492754,67.72718789555367,1.0017653464490917,0.8388497534261133,0.6127665544451176,0.7853505090311921,0.4358566798591052,0.6077510207757149,-0.33775144771677734,-1.6125911409614275,91.54676257346632,95.25233222396002,99.90418701735359,55.43175487207873,3.7571239810552597,6.786414342386886,9.708170296583488,13.20450889188201,8.761016482989367,9.807878131312536,41.755559690012966,0.025104046826336095,0.059124661200262295,0.32534676936830553,-0.7053829536640688,6.882702860102619,11.07242348614923,7.387302663841577,0.4385964904584767,0.3859649116031085,0.17543859618402893,6,17,9
2025-10-08 09:19:00,1,0.0,35.9742367647447,51.22556343883691,76.49605293937071,74.59071995924975,0.04418400472652608,0.4203036077721542,0.754139889907445,1.0068261315029903,-0.7178890541576901,-1.0748664691634406,0.6752635986527302,3.647948394714124,14.97390262556865,11.86119292754354,14.880479843446677,68.81060116131957,-6.339015099333929,-11.993986486933744,-15.154440062901848,2.650453911088559,-0.7450198206233881,28.140937289291095,94.92605234414033,0.05432785837121445,0.09892002272441662,0.29917912825303167,-3.1063247754503642,-10.769442792457617,-13.844292053247775,-23.354409425093703,0.2842847395304991,0.31771662489937436,0.39799863534269875,9,19,12
2025-10-08 09:36:00,1,1.0,71.5333208649102,41.38713886771605,71.02564099731235,74.59071995924975,0.8661952647233907,0.40001378985932795,0.7159898811481216,1.0068261315029903,0.6159754675162739,-1.3125895705115962,0.18258923768811108,3.647948394714124,95.90221844059663,88.40382448347818,44.652729233993014,62.29572399821038,2.811275923925596,5.122149534587968,3.960398729822711,17.403423497716155,3.0137553369013776,23.44923015946102,94.92605234414033,0.040730125207422495,0.11016960423314766,0.29917912825303167,0.6949261702993148,1.6878454032909218,14.115992201411132,-4.514667086712443,0.6153846144383542,0.07692307680435702,0.3076923072188273,9,36,12
2025-10-08 09:42:00,1,1.0,69.48968501923271,46.366160361230186,71.02564099731235,74.59071995924975,0.804569615436105,0.5554249680165548,0.7159898811481216,1.0068261315029903,0.42678567202366546,-0.9787074567837455,0.18258923768811108,3.647948394714124,87.91732907982605,90.67022024125806,60.22113490117594,62.29572399821038,1.883473083927943,5.172885818589939,5.941062672748927,19.567869700745756,8.270132523816617,23.44923015946102,94.92605234414033,0.03334490490313898,0.11153811050846976,0.29917912825303167,-0.347312237422015,4.268948734145184,11.524585990425606,0.8435730279932052,0.10882708572109236,0.8101571936996935,0.08101571937002433,9,42,12
2025-10-09 11:04:00,1,0.0,63.10541297955969,57.63798262044492,34.70810468265131,37.642379132923395,0.7661841341862385,0.6479338667203074,0.4686702207383215,0.42189014942585534,0.13644388577676947,0.3343149272084691,-0.6407645319856287,-2.505222470549742,76.03092781544912,83.38367831433304,88.04847062561888,42.82319391431467,0.8126948901732065,2.982332562904272,4.935489033427194,2.3596445191555935,1.8160370250388884,1.9534831716559573,6.5363203510738845,0.031481798715963245,0.0959934797149137,0.4243624782398791,-0.9002087591558627,1.6371585377195075,1.339453478175212,8.986164533693053,0.2992125981896866,0.42519685005887753,0.27559055096403423,11,4,14
2025-10-09 11:19:00,1,1.0,74.78559167693196,58.79265088262943,41.614382215950435,37.642379132923395,0.8499859175316457,1.026235357849533,0.5702574210859483,0.42189014942585534,0.3852656570714632,0.7002864240643332,-0.30713081408186216,-2.505222470549742,75.77388962641311,91.14763565950322,93.50945546958968,56.79657794406877,1.7498316445926083,6.194344178094348,10.489942881162252,11.331777756304573,7.7626937693757245,8.406297763871494,6.5363203510738845,0.033613507841117274,0.08459747370813887,0.4243624782398791,-3.6408894172712536,4.189063075143995,9.846144688725467,11.18691701217589,0.6869158875294259,0.154205607404552,0.15887850459873235,11,19,14
2025-10-09 11:42:00,1,1.0,62.80991721002303,79.05445834190692,45.92087614949722,37.642379132923395,0.7002060199012498,0.9771897189464052,0.6567957344680382,0.42189014942585534,0.03093408539952147,1.0251425988754808,0.05178966093203319,-2.505222470549742,54.09836064464815,65.77868851110708,87.30395817122233,67.3479087420452,-0.39981326566893977,2.382090634440709,7.383300563772328,13.132699246962423,12.517203747780595,12.647233445928494,6.5363203510738845,0.02769198600576608,0.07069939711567039,0.4243624782398791,-2.32746720809196,-2.2532030767374867,5.897797123213255,10.958591647420857,0.7903225800076683,0.09677419347060365,0.1129032257152764,11,42,14
2025-10-10 16:29:00,1,1.0,67.07289672363152,53.963221290308965,34.22526445801408,54.71903643655774,0.8276898702531007,0.7977382141995678,0.22317066441493663,0.6808378320044016,0.28580022447699016,0.5331184867756957,-1.7004476526907517,3.3526901340321675,73.81242386433367,68.25120010650612,90.99356682694687,28.92409727233078,2.4442893319269086,7.329143267837941,11.02769387239975,7.738040435896156,8.246824605374966,-3.1431100644426704,-5.310247276515295,0.05630997124654387,0.14060351437213756,0.41213047736737035,-2.103599785132637,0.8517087406612056,13.092238835543668,17.162320676957776,0.6056338023904573,0.39436619690531727,0.0,16,29,19
2025-10-13 12:38:00,1,0.0,39.908606174316986,41.98219222909106,61.772121833679876,89.13705311522679,0.45528802033299803,0.1674171245383225,0.5603305251746943,0.8691310335480257,0.08520127159582924,-0.7883558237643431,-1.0159085100320464,5.173230410200134,54.75504321187883,31.385517435428948,16.14391143762556,58.97206925341159,1.7979957534822462,-0.9735177065353263,-4.25865354410712,1.2315744531643484,-7.922952432090475,8.262569312975646,102.85703692189321,0.02922332680710124,0.07770786454548612,0.4966218210617066,2.7267802988895085,2.923362456410672,-1.9888745793605889,-16.574294397226907,0.6700701974024582,0.2361199743230529,0.09380982763632674,12,38,15
2025-10-14 07:42:00,1,0.0,40.57287884626325,49.60531779416286,78.5097051384621,92.40440711794709,0.4646317118489444,0.42712869161867334,0.8514725218296896,1.075015742494534,-0.0696781892979117,-1.108054378867502,1.566006729878115,2.9313106452490203,62.40437157788218,58.66302367300843,25.593471808189875,88.21629822088832,1.8679527049750155,-0.0038389825045721834,-0.479865916505555,23.115472141953834,0.781871733242155,47.14028104357476,142.8862325684031,0.04399298899823214,0.10299118751843149,0.36065132714451925,0.38451786866566806,9.501439047066018,-6.6282818700891255,-9.243553221857104,0.06857142853218252,0.8971428566300377,0.034285714266351124,7,42,10
2025-10-14 07:52:00,1,0.0,82.78326203337694,58.58413129890034,70.62047510528977,92.40440711794709,0.8068236268199803,0.8626951712624332,0.8008585511165494,1.075015742494534,0.6326108757186846,-0.8130414374972652,1.0702434252827189,2.9313106452490203,85.7677902541452,88.98825725491194,81.67655785744665,82.63640519314329,2.2695024093163356,6.618514404517115,9.626684918290856,33.37596147357103,16.458421416463356,40.600689878412304,142.8862325684031,0.039324503091015275,0.11274753258161269,0.36065132714451925,-0.9598782874320477,-1.6076919662189049,22.923725093300096,17.574291048050306,0.36134453751184126,0.42857142821084776,0.2100840334369748,7,52,10
2025-10-15 06:35:00,1,1.0,56.47661120760945,54.06469994533148,61.9952829581674,69.49050830017697,0.8494172326626734,0.7955127690382887,0.819340111476425,0.9479880895637568,-0.0508063585652927,0.46034103968148843,0.19885343071510064,2.102991735120341,86.26086955021613,86.26304105326331,94.69129903409812,90.43202416645369,2.1712606229665083,4.393426631084356,9.00564855248811,22.6579478333067,14.366656539992148,31.547959434498935,76.8143231528185,0.04650040892705235,0.13419651167931476,0.44975657562232885,-0.573540429222863,2.741954145537573,5.133725540080736,15.031061401167278,0.047916666617039666,0.11458333321363029,0.8374999991276634,6,35,9
2025-10-16 10:15:00,1,0.0,70.01683940616562,70.72351991926604,49.00129700796349,63.68020239167696,0.7670666755670064,0.9048844781559019,0.5782321237623828,0.7232935925325634,0.4156226314456468,1.7555266264249396,-1.0809745262608685,-1.2211380914796575,76.65903889283061,91.83343010585982,99.38271604324572,78.64482088090278,1.1034942435756485,7.524776100733328,14.177702968851417,13.8939324905427,20.095088605206826,16.793284617077347,34.059098109376215,0.03916723563551114,0.11374568225042905,0.3799306618084266,-4.324712660654928,2.9325339813279783,11.242829737403426,27.215496712447163,0.8767772507696083,0.09004739332207673,0.033175355434381264,10,15,13
2025-10-16 10:23:00,1,1.0,63.00770996883467,69.948171745664,49.00129700796349,63.68020239167696,0.7192442494549212,0.8901223170921168,0.5782321237623828,0.7232935925325634,-0.04273047387753781,1.9431318333995262,-1.0809745262608685,-1.2211380914796575,72.58241756911882,80.45886729605603,94.13055402665364,78.64482088090278,0.6136358920103836,6.046445365983158,14.435153516626576,18.182845028222484,20.54591169182961,16.793284617077347,34.059098109376215,0.03572501992918145,0.11226586035418748,0.3799306618084266,-1.6938961856638457,-2.8275646211906036,14.157110084958013,23.02716106105329,0.6470085464559495,0.0,0.35299145268934956,10,23,13
2025-10-16 10:29:00,1,1.0,65.39528975374454,62.30314671579706,49.00129700796349,63.68020239167696,0.8899582624963538,0.7845939643165458,0.5782321237623828,0.7232935925325634,-0.21283987487748224,1.8132594971760965,-1.0809745262608685,-1.2211380914796575,93.75635548225776,72.17004173811574,80.98189796593776,78.64482088090278,3.81540849575109,7.303301749533535,15.034033469276563,20.58055945903117,13.517290833914847,16.793284617077347,34.059098109376215,0.039487311487061284,0.10724185715994296,0.3799306618084266,0.763011651871981,8.013885060556003,4.85171316520594,25.98651296898291,0.24294117632744658,0.13941176462393742,0.6176470584603807,10,29,13
2025-10-17 10:15:00,1,1.0,44.4613049761011,41.21457488944128,49.247141393756856,68.90412874492033,0.37628200398040723,0.19562367969284442,0.4211419100559689,0.7566183180808421,0.09660316945272251,-0.8549958972719494,-1.9603921840898124,2.5010841372873784,44.79682853866694,50.94152625857819,37.8283712768038,36.81781156565911,-1.1579365547017926,-3.2760075589090003,-6.805176894187922,-7.41066117487228,-10.934078629149875,-2.2752729729454972,104.5988196734847,0.0806429000223145,0.18108300795488752,0.7519713594012107,2.020580067205735,-1.9968165694483897,-9.03668688453485,-22.538282440869306,0.2692307691510634,0.2603550295087946,0.470414201044284,10,15,13
2025-10-17 12:37:00,1,0.0,62.30445687454718,42.16939753826626,31.485963208606364,61.57639512800772,1.0556250826707385,0.4252675699867304,0.13281392283063126,0.6564243812604982,0.7671332483976467,0.01760230343586322,-2.6934711788781245,-1.6141287783295724,97.10273903914175,81.25012841263334,34.692705339765006,44.07195421023675,8.60193925643752,8.84625446034611,5.350541537765121,-6.811899542914783,-8.295445038322743,-28.332843345977313,63.58679355815299,0.07096950696592072,0.15490563319406114,0.8079738364242885,9.174893526282535,9.428710076386793,15.96314635460061,-12.635144056284409,0.8590546080595489,0.06324195983969076,0.07770343188491748,12,37,15
2025-10-20 08:47:00,1,0.0,39.22253643048423,39.89895179954882,41.85480995773954,48.12573685409093,0.26755093455259127,0.17638971920132906,0.25150096682699746,0.5061852823152921,0.19344427019018284,-1.470242471632126,-0.7413462662846291,1.2447301630001686,22.0879599366366,36.675375567530224,36.386526674125626,31.91781963527818,-2.612901564947347,-5.204693130901869,-11.70447909678221,-15.879994423004808,-10.349956296227758,-5.83751938084921,0.3299795507882092,0.059687774927649186,0.11363679860655015,0.7179182189994318,-3.2916640019853283,-1.1217603877478055,-6.221771970998935,-22.684846771100496,0.7356805040801065,0.0,0.26431949539440736,8,47,11
2025-10-21 07:23:00,1,1.0,44.96707425874528,48.30718411740995,30.154046358843956,56.10276904493423,0.2120672830533884,0.5219879803653339,0.26464011515566943,0.6176852274858771,-0.01478186573709106,0.2716224621803598,-1.485092821334478,-0.3776655120453185,38.315217380895085,27.60635063392076,46.09164420071107,27.71239845044091,-0.9515281531993568,-2.1998158466848214,-3.723713113845892,-10.771551411658704,-2.6994433457233944,-15.230994617812085,38.50909900607788,0.03067181470737302,0.08550815204569072,0.5163310217843938,0.9440902826618469,0.2763006565587034,-5.844784162936101,-7.454350729502179,0.3874345547708919,0.26178010457500417,0.3507853401305437,7,23,10
2025-10-21 07:42:00,1,1.0,37.40724077763801,28.03793714329899,30.456845026878526,56.10276904493423,0.24886080549945197,0.14943209602840415,0.2705099991316972,0.6176852274858771,-0.138284504305609,-0.125354365715018,-1.3456317447518262,-0.3776655120453185,34.35448576928368,14.136462959959516,15.110987274536305,25.890213346849603,-0.38882106120867566,-2.7658415893756034,-5.820108884404635,-14.382063478708496,-7.3925004169894555,-15.35335877316941,38.50909900607788,0.03028558197965161,0.06687490179851187,0.5163310217843938,2.9958852668121594,-2.855941913826321,-6.8216121935338325,-10.425500821036326,0.9922480612461498,0.007751937978656296,0.0,7,42,10
2025-10-21 10:56:00,1,0.0,61.066870808831474,23.51384997931588,28.2584553215994,48.19580160491512,0.6480541545414918,0.1524690906038187,-0.23402654297990147,0.5397940361614305,1.180484339892221,-3.3107150135975303,-1.9525931998157535,-3.923946341985719,72.86942923589555,68.9601250923413,20.169058383720365,14.037433154812902,0.7697417145237755,-3.698572664842989,-21.93147428129468,-53.87871858668238,-39.08546554209719,-77.00978185807844,27.18296544937392,0.0995942438291343,0.18755999222539085,0.4729038859009905,2.975135537179874,-3.50745566610966,-1.138450707990346,-58.03094444669199,0.6161137437833175,0.23222748804186186,0.15165876770088693,10,56,13
2025-10-22 07:02:00,1,0.0,33.950230012711714,64.10750183266214,72.84451436979049,31.9554869793851,0.3040345904949401,0.7359441311656946,0.7468589814803539,0.38929606825006435,-1.3253420579140376,1.3853287456234185,5.838527695754373,0.4871693038465139,40.429117777895364,33.05770088934103,59.536111109457316,85.75215179884823,0.8503950757980571,-0.6127772435419547,11.08877667947395,47.62512743194389,21.475234406296554,41.322016247443635,-79.77384246593297,0.07986257125123754,0.16800970152125705,1.046606211642321,0.5565766182180631,1.9047167272367993,-19.055554549241016,17.646966139885922,0.15950920235625254,0.3312883433549933,0.5092024536752572,7,2,10
2025-10-23 05:30:00,1,1.0,63.51909180137876,54.87752469341884,35.888159235156934,57.91203350925483,0.6556481550003372,0.5547750230163613,0.32422443662196326,0.47373133955954405,0.6120324490039744,0.22238708468827317,-2.2423773781164518,8.431208347020302,61.37409342108892,69.96022771036701,44.4603629396147,39.71908522522674,-1.7563042854018118,2.2362336184568345,2.0866394208147283,-7.459818349390704,2.2292876770520693,-4.0392585979488755,-38.84494983239612,0.06408488765841834,0.16117460266894904,0.7913330262515639,-2.6955201680045615,-6.0506367254054005,11.951286849289922,18.139367904295156,0.4060150374413426,0.36842105249310175,0.22556390968961576,5,30,8
2025-10-24 16:34:00,1,0.0,50.2694745071161,76.26339968282126,80.94519274113772,38.56516226642586,0.6426543592095185,0.8751719971953758,1.1662605750807071,0.30398379634121875,-1.14349059651361,4.29753118886898,7.674113170508131,-5.392683021170697,62.14165260858442,53.45699830915074,87.27301944259563,89.87561839147762,5.982818083674407,11.482911848656373,35.55241597145617,90.36331485593632,64.10474544159813,89.10014321814734,-29.177809968461414,0.11816011562207668,0.2833112972578329,0.521575309325519,11.063009308729388,8.337536537490475,-2.282497975498732,70.12034431608028,0.6023936169411751,0.17420212763647347,0.22340425528937272,16,34,19
2025-10-27 06:13:00,1,1.0,58.05117201303789,41.593352869444786,47.94685989437363,52.74222536496701,0.7031194676417196,0.3837635664384656,0.29832677342557634,0.31145010738496787,0.6186373771525135,-0.5197706785649174,0.3294452023226544,-2.6599642853756515,83.06537101739804,89.21083627009425,57.96670629857454,33.954659948766704,0.7753287429368362,2.961159378770956,0.7853363066415668,-10.908827150968591,-3.5817491341527803,-29.00966859007385,-54.27348997302012,0.048712637895842494,0.12978646760465604,0.6185946835489677,-0.6135378852278883,-0.3607693959561953,4.2059878239975035,-7.350137033335091,0.1599999998931878,0.8199999994533455,0.01999999998680006,6,13,9
2025-10-28 10:52:00,1,0.0,58.38143429993948,35.86958969645637,19.795330985213553,34.94738577742038,0.7515913527105539,0.294274295638898,0.05513906661501213,-0.07396479278665985,0.8387869925991651,-0.09917234880981063,-3.7666474184348324,-1.9585744862819752,73.17518247507789,70.95498782807705,51.98437557386608,14.113270687152095,2.479426718132681,3.6215354880408888,-4.483243670952987,-50.27107143946552,-20.01864374860351,-81.1241583774931,-147.22691285785461,0.0688959808165643,0.18131600761376004,0.5529151429509968,3.357211073200528,9.288701757601547,1.118819950085559,-4.853795299442076,0.7462686561860691,0.02132196160513157,0.23240938149806725,10,52,13
2025-10-30 07:44:00,1,1.0,69.67287594331145,86.8748501997117,55.286888051014984,24.37040338556301,0.7784724842891245,1.084557048446395,0.8569941991671371,0.2076974995702782,0.08488283334136248,4.624259748604917,2.502471545710069,-6.276579111857298,83.03448275480277,82.39001341470708,81.64003043984684,86.19745845383792,7.256540240161028,26.14024411672733,55.65656128591551,86.60187525213081,68.7893649748906,39.451027655054816,-63.537486886494456,0.14347634768611617,0.17370039356650288,0.6708541578729446,5.532635634448724,15.002599024076524,49.12664444812087,90.0561614670714,0.4615384614397824,0.27777777771844514,0.2606837606280972,7,44,10
2025-11-03 16:38:00,1,1.0,61.29476578112145,68.548643034452,73.46050866705355,54.10915714455596,0.849657091652143,0.788667987093293,0.7408191919672262,0.6941420487616747,0.39669602337953236,0.42492192689937447,1.2466444711923739,0.47230419581851546,87.07342294859643,92.34684495515141,74.87405541090082,79.37329592289115,4.029100082240365,6.941315245173268,11.3418469134514,24.01116963610595,10.617069802756596,14.585252834697716,17.160934717002476,0.055007328682384865,0.09977620174822811,0.4545015252212809,-1.7165737685143068,12.780858111298699,6.249323093738823,12.830749951107112,0.3562468638453645,0.09683893622826056,0.5469141994246187,16,38,19
2025-11-04 08:09:00,1,0.0,27.684797741452,30.387770304794003,50.15920185306252,29.1763802363008,0.3132475948175713,-0.00013347306231652174,0.3758417784067343,0.10373291543575522,-0.20513055907678956,-0.9283292712118989,0.7687696423160846,-2.4549000195967348,26.733780757635813,15.105950517421329,15.48338368462936,41.90556492234777,0.7645055186211388,-3.8181833335924638,-9.48212421251703,-13.295128660005899,-11.748512800642576,-12.18600093294867,-35.09510681363343,0.04762472576782594,0.09127364110114082,0.40054843378244653,3.993033537714741,-1.4306887762460807,-16.841071162296828,-18.141885077170848,0.8437499995606579,0.15624999991850877,0.0,8,9,11
2025-11-05 07:55:00,1,1.0,44.347647778941536,71.84857023737977,75.65645512291778,39.54119603753109,0.33640202677998543,0.8651595192662389,1.0412735568037277,0.49002786928204384,-0.44922202179894954,0.3714551664305006,3.2913801922316983,0.9457424695053973,16.049382712750738,20.393323819903713,73.89502761920794,97.9765708174122,-1.1517346224436724,0.40008204438906964,7.498212083423148,34.48509305633903,20.5121949664946,50.604736891538295,4.124530965696832,0.037213299687807476,0.07640565405078917,0.47162282581976267,-0.7557255658185991,-0.15871184428695173,-0.629779237185657,17.034076986457425,0.4999999992191053,0.1249999998045987,0.3749999994137961,7,55,10
2025-11-06 10:42:00,1,1.0,50.95320617735425,84.860298856788,74.20989859752687,62.397548671449584,0.31596496058596024,0.9797747588933444,1.2642302064498276,0.8778726592924759,-0.41950268647032996,1.8326059691783905,1.250732085383376,1.0626750332869626,22.72647625324668,38.671806546578125,97.5194372418539,79.85157699147031,-3.190288956666428,-0.39444046902491897,9.764767139872182,31.970316508048423,32.1237143656677,39.34874462846439,29.009456676661653,0.03768312039852302,0.09232455261082731,0.24086527525913312,-2.9706739560508844,-5.241175171305512,-4.168429512979577,19.089293108214278,0.6397849458923298,0.08064516124700834,0.2795698923230274,10,42,13
2025-11-07 09:18:00,1,0.0,68.82069340223418,43.797318224338554,53.47495011939826,51.047201852798615,0.8999480657782717,0.40342636569448515,0.46984040132686933,0.5163086372564637,0.29083281443535963,-0.24349492302392708,-0.19030557487058974,0.0982277360097934,85.41666665049016,82.03178634722289,46.24277455979496,72.25950782459034,2.4908197600064734,3.675764916058441,3.4125212712444215,4.607733208188191,0.11546902123526195,2.6290330133783666,8.755290761892134,0.0342542445612945,0.07954655780106108,0.30162281647231043,-0.37530634380389394,5.908530440823512,8.263872976759234,4.455786953305729,0.11111111098754205,0.7444444436172896,0.14444444428405728,9,18,12
2025-11-10 08:42:00,1,0.0,82.7487472327508,71.29817438890936,64.49914403426386,82.43976456278571,0.9052579205573729,1.19692447993133,0.7232191058560355,1.0214825325560823,0.4313010590922972,0.32935399073783334,-0.5759853939861515,5.318633666433636,90.68100357610443,94.86798492101995,94.99602858657616,91.66666666189059,4.955068262556957,11.790838110436558,18.63834717455899,35.23224085349138,20.01015071049264,30.648665117359304,90.48950792399943,0.04870175811114508,0.07160663395006,0.3839250365033362,1.2551853305753369,6.402277240766807,20.170263655923115,31.40015823507536,0.3062499998086719,0.6499999995935795,0.043749999972748616,8,42,11
2025-11-10 09:00:00,1,1.0,80.80882344622579,80.67098737592795,79.47702386544712,88.99777008197502,0.9888385440709778,1.0785534888619999,1.0689301326992455,1.0719257164470513,0.1531549697646506,1.2425387569417405,0.3573736965647303,6.162302209350077,98.43400446326385,92.25066591757957,97.51521297679827,98.4429615475543,6.066425255279047,12.613878524110516,22.81974088009621,45.62404009386134,29.156046883647463,55.5844300533856,116.72472424236389,0.04177511696664377,0.07978704263623333,0.3767073933874769,3.391309155920119,4.841918727040984,18.50810406378356,28.183136186876734,0.8238993705511326,0.08805031440996829,0.08805031440996829,9,0,12
2025-11-10 09:22:00,1,1.0,48.816326474822304,82.82456781318425,75.34900805949627,88.99777008197502,0.6633480518239209,0.8486126518023376,1.0223462762488387,1.0719257164470513,-0.13265801040099512,0.8441133364582685,0.4927366854289801,6.162302209350077,70.33707863587745,82.32175994369011,90.7390084148391,88.03905320863173,0.0016218558997695203,2.2914444509770635,9.82079579619822,35.88507343140706,20.716608956350264,47.11690186001358,116.72472424236389,0.036766699584123555,0.08981152516002276,0.3767073933874769,-0.7370346393986704,-1.9651843035806138,2.6788073163386272,9.00057913562513,0.2962962960221194,0.6666666660492423,0.03703703700271229,9,22,12
2025-11-12 08:19:00,1,1.0,47.2618219174486,49.724866421812514,19.471728473348165,35.73907626145427,0.39902161352994703,0.3165769359565869,0.1397660402589374,0.15906767182732826,-0.17460771962288713,0.5986345553561083,-2.31583151270603,-3.5419317185698054,55.223880585228535,30.05655692059587,48.59284889865945,13.168505610190108,0.4279821830571647,-1.3573496185360714,-3.41959966307693,-21.355761683700152,-10.48261760684506,-30.093707812760307,-29.39593236096479,0.03167183575093719,0.08562279243957123,0.33464968872322187,4.749639210097634,-0.4698472485209493,-3.115261006547687,-7.857437380726084,0.9103773580605073,0.07547169807793956,0.014150943389854984,8,19,11
2025-11-14 09:12:00,1,0.0,49.04826864895349,27.25457569445642,41.65526556321668,47.87970657401171,0.42390324769056065,0.25656080720370006,0.3404461326065947,0.40143834769951786,0.002160074733083772,-0.3121084670001313,-1.7466503761751877,-0.6790824238280013,50.896551717124744,53.47126436044558,28.49872773392102,21.692870200303418,-1.4214158141156565,-2.220005259647368,-4.505668594143555,-13.225564924366893,-11.530385097824771,-10.61253414131071,-9.97480090653815,0.04828903244109868,0.1266502426013681,0.46458599880669826,0.6445090810136556,-7.370137110787045,3.1039550356304346,-14.182013631417467,0.25925925901898605,0.5462962957906379,0.19444444426445007,9,12,12
2025-11-17 07:17:00,1,1.0,48.633057379744585,59.97102844811167,43.890323850298586,40.70863763647706,0.2598254723170219,0.5909292374152509,0.30850903169200933,0.3240256038190343,-0.39465597511252126,0.7660258548346883,-0.5631707669346779,0.5425157092073718,8.450163240167557,14.452586923191882,66.28849270127111,43.64658132864085,-2.3796352397546983,-2.672181928844448,-0.7524131587279987,-5.97265130540083,-0.5746531187403012,-8.704421758227307,-68.0808202609011,0.04318833212809061,0.10639539043099258,0.6439419586379097,-1.371369910381226,-3.182960486238784,-0.661243166542036,-1.4864499192490666,0.43069694562996563,0.4753328109041639,0.09397024268278505,7,17,10
2025-11-18 06:48:00,1,0.0,53.04630378786958,33.612804866092944,40.23585567087898,32.6090449005857,0.46086316048690107,0.4750001309963805,0.2386167952148755,0.05421573539293613,-0.23671940001393565,0.4677779456470512,-1.0509012742096608,-1.7502339015224067,26.005132589733943,36.370433880544994,50.29175783915758,37.554466229914205,-4.140135763645079,-1.5450181978576976,-1.0162577422458943,-21.611530068777803,0.1831797046341517,-22.78127942725245,-95.09235004420823,0.06759535309504752,0.14674628343681242,0.5501993087973394,-4.726950209043013,-9.300370895806154,9.242892502170363,16.105127089647286,0.7230769227988838,0.21923076914634543,0.05769230767015534,6,48,9
2025-11-19 10:12:00,1,0.0,32.85486439713338,35.56019483306058,70.13479357662418,64.77421058469953,0.07820300623502564,-0.17258154718639646,0.7577761218906264,0.8862722211652616,-0.5934723137337752,-1.2776612631779738,1.655172516402435,3.085972219085444,13.55721392866391,18.251084243982074,17.40391587981188,77.64084506814463,-4.578250061077703,-10.02048344122098,-13.583848902672928,-0.7731409441365744,-8.155065609313764,21.758591699626006,56.94084823847631,0.040751741127318684,0.1021350668098633,0.3653847933505054,-2.960661132759279,-3.4009402743506723,-13.833980018942427,-17.176735907074026,0.6363636360234013,0.22459893036098588,0.13903743308085348,10,12,13
2025-11-20 06:09:00,1,0.0,76.00798398945824,39.19381227801988,36.773383546581215,36.47425346513855,0.9388026824450629,0.545858148835368,0.20968741427721388,0.11907872581181421,1.015083252569295,1.3766509225308088,-3.9871211833499443,-3.3551029851556144,86.23711339761836,89.14828434389018,70.42502591478262,38.27266606445955,9.442875463911546,23.623692077314214,33.38917431180213,8.972992464790542,5.969262824587587,-36.45358760114402,-46.20587825221846,0.07881698590899286,0.21279154380320198,0.5691800033055802,2.1804079322751413,19.756322329920195,36.40712557016812,64.95995779451702,0.4846938773038578,0.31632653045079223,0.19897959173514582,6,9,9
2025-11-21 11:14:00,1,0.0,64.38797419823047,53.96697540251612,31.739690715923246,42.47447230850259,0.8014672878393022,0.5840299782544938,0.132054594951984,-0.019157814465339783,0.5095019282427504,0.7220297810109804,-1.2621842489929982,-3.8312911692911165,85.6386109425756,76.88836570079135,70.65902578391747,16.922233026231307,5.160288969658196,7.979707404416382,7.777628552761099,-10.253516813327883,-3.5789552726485994,-37.363749010067586,-74.39883425755995,0.09758859726344955,0.14136798717176938,0.43794534055180384,3.5190281534647205,5.502670158299416,13.147042225571948,8.851850520263937,0.6167400878340802,0.3700440527004882,0.013215859024902962,11,14,14
2025-11-24 11:01:00,1,1.0,48.557089041417875,56.194125134524114,60.34679441376132,32.85546901526652,0.6952898898533201,0.7682320903213397,0.892648173484715,0.43302586213982064,-0.09159439715881268,0.4908300059199959,2.013728259848966,-1.4446277500954232,89.33764134259734,49.10817074447042,53.70828182610049,72.68417213447583,6.497085520159966,7.709197273767313,12.092735935952316,24.224495204235048,9.343314197998966,15.030233197719191,1.0370154711142987,0.03960095316488718,0.11165016516166415,0.41479813329931886,4.628404369904082,13.256537407213553,-8.187682332677637,20.34271934074905,0.6678321675987384,0.027972027962220855,0.3041958040893903,11,1,14
2025-11-26 07:36:00,1,1.0,58.43971619600754,39.16434841279047,66.29538870732668,65.63392222907676,0.7180524025031599,0.2510564989735504,0.627820562129942,1.0977549371634143,0.42954841637209806,-1.3628426835255505,0.5965497166094673,1.4730897752754064,85.64814812832374,86.32216277046808,31.307692305281783,60.98901098704137,1.7969803509760554,1.4923876605274846,-1.8787321908990235,6.2825219658709965,-1.0970336639123526,9.913841569850932,67.74160885543041,0.0243993023962969,0.07330127883209434,0.3797347460276101,0.14423440976241153,3.919847534765708,0.3365534284593963,-4.060894189679143,0.1797752806968358,0.4719101118297049,0.34831460634986383,7,36,10
2025-11-27 06:09:00,1,0.0,57.36906202154057,42.09291409717004,16.13987648532732,34.00098303666735,0.604160575265861,0.04167575581372637,-0.06706109024003179,0.030683613930818546,0.30872241975722803,-0.3817123148974524,-1.6112536602061454,-2.6135073031235505,79.10863507545805,77.0823531542889,18.656716416362837,4.093063334596275,0.7585739301155237,-0.9046976398263626,-5.664897521450782,-19.963555844382963,-13.939590522079289,-30.12479505092559,-27.76467202451056,0.036374134247548914,0.08234744661757895,0.29974819807315733,0.988815531639542,1.4229914415508915,0.6511492180760747,-17.404848080713187,0.24369747878667394,0.26050420146198594,0.4957983189110039,6,9,9
2025-11-27 09:02:00,1,0.0,51.30759646834966,35.815650741026204,38.547420357279435,54.06510045029327,0.7688513236812693,0.13280318753052087,0.2033956227946341,0.15778768613271163,0.3837486222608184,-0.6044068322850661,0.256147842675964,-3.015768517606119,77.30923693226303,80.72289155005937,23.471810086695857,35.52396425381425,1.5123325887858614,1.108374300660469,-1.837285855240484,-5.6426216605937425,-6.717220615732183,-12.64571505150403,-18.9413503272979,0.040359288757718395,0.0672119273025282,0.24772986634162522,1.1572413776472779,3.762014027970384,4.164910185531223,-8.718910280729464,0.3369565213722931,0.5108695646623347,0.1521739128784157,9,2,12
2025-12-01 10:14:00,1,0.0,48.21118813150919,63.3412754622419,51.53133901849311,72.39679503253144,0.40618831503566416,0.853201933801992,0.5197265898101435,0.7297644543230191,-0.206839695352785,1.108364846210308,-1.2419239420742776,1.3488056724510642,60.24119086862317,56.786633994704744,83.99303135303423,68.33386428581449,-0.3868624037979937,-0.22771647457289146,2.9655965646531994,6.226403481013518,9.258283742223552,8.647458630024083,51.31532006124497,0.03884000591417632,0.08993086462600654,0.43748582758077115,2.5261318900526852,-2.6970663563274933,0.16522195799728578,4.250300177450761,0.6956246032365067,0.15852885215056142,0.1458465439788164,10,14,13
2025-12-02 09:32:00,1,0.0,17.344906078408926,27.381893342757763,30.350739292997204,38.60877683565963,0.26234524349673954,-0.2735369277000769,-0.236617881006404,0.3035235095548566,-0.7388137006316859,-1.3766401009648748,0.10774676526841809,-3.4485272380108123,20.811921889990007,14.071814626157225,6.546275394737603,6.527708998940072,-1.0200815229221343,-13.087645875225457,-23.724796038926034,-29.021453376258535,-32.983411018593394,-34.67703680476024,-6.746154961673926,0.0698552287013009,0.09620442535940195,0.3227081590119092,3.756721380856476,-0.09507025097388322,-34.28119629129256,-40.73772926808217,0.5770609316926999,0.02867383511514496,0.3942652328337322,9,32,12
2025-12-03 07:33:00,1,1.0,61.02484458783388,42.33726291170123,65.2258783905969,54.504764649414824,0.6190196244250133,0.4827837031024604,0.6921584140515739,0.794457417460864,-0.0251223719280107,-0.3446067436017275,-0.3728008141163679,3.7037828279028924,54.48275860190682,57.849785780358125,62.189616245800906,64.39476867751196,0.1369335999093898,1.4453196003389701,2.2798578271274974,6.2553753763464615,1.8146152031539453,12.275982225233726,25.454217637081726,0.02197284332483082,0.05603710252639674,0.37928461686467807,1.3026399775473152,-0.023681222330873553,4.501468307884782,10.715407547012834,0.9016393427836357,0.09836065557702012,0.0,7,33,10
2025-12-04 11:18:00,1,0.0,54.7135534441057,56.94644050985843,43.418994399824605,46.30914825816727,0.8647122189296114,0.5919824927269662,0.49103591117459566,0.2607782654966328,0.1237739433946638,0.333375222168638,0.9267409680934726,-1.8248351286269586,85.75702175739461,75.58584010709744,51.60944205455425,67.72975241008426,3.796306367762173,5.171192267550094,7.3526119733404265,9.30412021700726,1.6805354336646463,-3.752067479269784,-18.9431598060948,0.04680456944189169,0.07769271370268618,0.2817289563863796,-0.04052622106009984,7.593731771644574,4.323888590109792,13.494400408673446,0.010897435890335629,0.5256410253043379,0.46346153816430086,11,18,14
2025-12-05 13:06:00,1,1.0,44.51939281226952,64.54615974370537,42.030416005395125,69.38159876894542,0.40286272405686097,0.8000976154981424,0.516547136200419,0.8612049473618396,-0.1118359040637884,0.47931439536249043,-0.8292855870007565,1.7721933591311183,32.5925925805275,49.506172821176676,88.39999999116145,50.44067796268544,-1.1631116277835758,-0.2366442866852106,2.0952671408804475,3.8792101241654313,4.601400865166285,6.017667661691451,26.076425250632294,0.020478631790647104,0.05716551369072543,0.19576165190543218,-1.6806225404619735,-2.816498051526617,-1.3492768941059108,5.211152339748004,0.6160714280210675,0.37499999966528,0.00892857142079525,13,6,16
2025-12-08 14:57:00,1,0.0,29.317269021362122,64.52416537601574,53.425899044810336,47.22183344071272,0.09936536050128579,0.8582883378406954,0.7875435828178878,0.32874297494835747,-0.44665518340625043,1.0657964774473854,0.045742458269974584,-0.5774246791518434,23.277909733177573,24.50571472363436,86.08173568355899,81.51527638303081,-1.625198947024155,-1.6671141465333823,2.1509789683903184,4.7452620845664235,8.898595831138866,10.786597705295183,-17.08002197740092,0.027227881078794404,0.07572518814709579,0.24400854207474315,-0.854933261771329,-2.0183575556032007,-7.665426671177311,7.653409867431904,0.25190839675431076,0.0,0.7480916024823304,14,57,17
2025-12-09 08:35:00,1,1.0,40.23605144170675,19.35483869682288,32.03176702685464,40.496815279401794,0.13586222376414475,0.07173724058891429,0.03196376745028627,0.2367839261535669,-0.16491422419197,-0.7078231748434622,-0.9308136873426089,0.1470520233408923,19.3609022519961,19.360902251990463,1.2142857141930028,12.350519505168444,-1.5665497327639262,-3.849421071254899,-8.053166388323891,-18.064819972736775,-15.41167261495866,-13.938873052161908,-22.25458015042553,0.03116241601202542,0.06403385439664587,0.25821823328138116,2.0566265823784846,-0.4542569253251916,-4.277941951434938,-4.588487913994577,0.5172413790131878,0.4137931032104457,0.06896551720165384,8,35,11
2025-12-09 18:33:00,1,1.0,62.942080938945615,64.51420622087713,52.918642817568916,61.05912706952807,0.5529981080307063,0.8217379504201481,0.7768990141700222,0.8583674428247946,0.03853182028846547,0.6581040689526587,-0.40548186939363684,2.51520065048532,52.63628239029647,62.46160637002129,80.39683296382833,80.39683296382833,-2.8994569321255703,0.45187643697887575,4.002062167584649,5.972521157433631,13.151728805021044,14.194393717352582,17.91886709072949,0.060850113833743745,0.16144297063488797,0.27143803411289336,0.4044715519690989,-11.786666096343934,14.41459471758666,13.126313971425496,0.06748466253563806,0.5092024536752572,0.4233128831756078,18,33,21
2025-12-10 10:33:00,1,1.0,44.73684198753148,55.641793939233594,52.03748978556168,45.58835997493244,0.6310725297403055,0.5007057414109114,0.4153406581341784,0.4352692141252388,0.11387730657618414,0.1009854785664403,-0.17309889004192258,-0.29953177971935885,67.12389377559468,70.3005825619541,71.10754412983333,44.64566928782119,0.1577343283672626,0.9760485115988785,1.4132670094562079,-0.3442409716778013,0.46217457001376944,-2.4339195399952107,1.0330407553849692,0.017418393721905664,0.06198055609837027,0.21446474900588494,-1.354580442471942,1.8304547253666925,-2.1624010731213783,2.591360309631696,0.6753246744486121,0.23376623346198167,0.09090909079070503,10,33,13
2025-12-10 12:17:00,1,0.0,57.14285707230926,31.03070173056811,18.63041735957823,45.65261690997647,0.22554093233113415,0.1268063949407037,0.0040189825544969145,-0.03300096734543495,-0.0021102472022089813,-0.44238581939524124,-0.9489000407905706,-1.3682307803529694,36.56149822227035,52.643482149699594,27.677100491950668,16.859006521982103,-2.7684014784173634,-4.03172602043139,-7.355994030469759,-16.909517161426475,-9.676947011238518,-16.775653556961657,-18.626388979597266,0.03350391097396094,0.07049344047025305,0.19711574375242488,-3.0492126242187556,-5.192077080909963,0.07148823005787008,-11.18721325327865,0.8618421046966879,0.07894736836906634,0.05921052627635098,12,17,15
2025-12-10 14:17:00,1,1.0,59.96978839281797,57.91632990546309,28.022598855280762,32.03975126862619,0.8824932375494672,0.7951076609606991,0.2768093062383469,-0.05075679208612799,0.18225621786016077,0.5004343860456837,-0.43908180144965847,-2.2793516228251223,79.1095890140153,74.37703846085172,86.21867880567046,39.121447026404454,1.1100164130469814,2.501082039825376,3.0295639038589086,-4.727212168205682,1.7440982308305184,-9.698172813668506,-24.907469387667717,0.01994000968904133,0.05827213516193172,0.1986323107264115,-0.14303474432986185,2.6707331758735187,4.913342706847068,4.817892029131965,0.13114754076856172,0.6393442612463656,0.22950819634572847,14,17,17
2025-12-10 14:31:00,1,0.0,38.18255897828244,48.82434296794281,31.565549408488963,32.03975126862619,0.0358037463709199,0.6908672705431042,0.27080216151450337,-0.05075679208612799,-0.19704042555586082,0.5802314179448811,-0.2528183975771623,-2.2793516228251223,2.638522426434874,13.188921374345162,80.36646177891943,36.64727657130375,-1.7096632114644361,-1.7735965013935586,-0.9301358986618641,-6.855151724206606,0.04479510912954902,-10.203117716584702,-24.907469387667717,0.018180916986590166,0.053870441537015645,0.1986323107264115,-0.9299098345127987,-1.7166215457464773,-2.908373134737907,1.8603386531856891,0.6666666654332216,0.20370370332588203,0.12962962938904454,14,31,17
2025-12-11 07:32:00,1,1.0,44.03578522698405,46.06834085446879,22.477995930610987,59.60026521895961,0.4901317029648133,0.26200315729783574,0.1309381724301147,0.6116166582057627,0.0018191968717139462,0.46184485216511284,-3.1015622348248244,1.916994386172778,71.2454212323615,59.80402929366056,37.1864776404358,9.225957779274731,2.1908500292134083,0.6097093117621719,-1.6715903874038953,-17.43501927983565,-12.561868313301002,-24.099409777597245,4.611597856130613,0.02738879530485518,0.06709577259838387,0.372745122984357,0.37966108129783294,7.3135432336068895,-4.316616721199429,0.42712074347361906,0.23809523771669044,0.4603174595866602,0.3015873011093478,7,32,10
2025-12-11 11:09:00,1,1.0,60.645812225125056,55.17063077702226,56.31144314634818,55.657708620133164,0.9093217197463912,0.5325931364055072,0.7566104240124,0.5578781066532765,0.10751141076310966,0.31597864308584434,0.6436829350787141,-0.8984437981556095,93.60824740338953,85.01051874556673,42.997542992259014,81.83687456601797,3.3211434712126033,3.9901195194570587,5.522272482243066,7.303544408028984,0.5395564157066955,0.20916367142848957,4.3091790677945125,0.02981007089207083,0.06482018416458614,0.3511480413264055,0.40312970935652004,7.8787713388339675,5.551818754470084,7.783772495517649,0.24242424217920241,0.31313131281457346,0.44444444399612315,11,9,14
2025-12-12 09:25:00,1,0.0,58.87850457660365,88.77799777212964,55.20833330900894,74.36668570327598,0.8653355611884969,0.7595849366980204,0.9030732308213076,0.7218904977758239,0.13283580950912222,0.4293026814985059,0.739881816114739,-0.3685821204881261,81.54406028553359,83.80432055776696,89.19098693862071,81.61312371280505,1.5114602191853814,2.252848201213848,4.4913692765523985,13.431116501105153,9.193502798922891,12.087736127946851,49.461973752972,0.028270413844337428,0.06308017191057497,0.331336066042302,0.4673841792790512,1.542533611456065,3.529831164201802,-0.3972422044140611,0.26190476159322834,0.3452380948269944,0.39285714238930114,9,25,12
2025-12-15 10:29:00,1,0.0,62.79620842663972,51.19363388888696,76.94865160409066,86.29670028349918,0.7786178651333437,0.5209074493544846,0.8088163128049147,0.8240488270299653,0.19584275146095653,-0.735405572279991,0.6837800198962309,1.754771323409571,80.1261829400203,82.67965182446314,37.64019739231387,79.64565306634991,0.599460208389682,1.5786497962342163,2.0206475290216344,15.566702186443138,4.668072432365154,24.043107058554728,71.70932230270257,0.029314258154575164,0.05570027799976829,0.3398704182667607,-0.7826608396799273,1.8420383074868596,3.615641217848964,1.151194421771251,0.27419354816613856,0.17741935469586614,0.5483870963315436,10,29,13
2025-12-15 13:00:00,1,0.0,33.97009962827286,37.84880768493754,47.74080558079253,84.83960742364572,-0.08238365966084117,0.06152399826707009,0.5138880927065967,0.767762162870875,-0.1453950990597248,-0.6743692856964529,-0.9146987816253915,1.4558177937007333,3.5714285706284774,8.650343987899065,2.0382165602481965,54.05389257011351,-4.198794903951687,-6.5746366986312,-8.894179804180377,-4.59039205436465,-5.144559902225905,5.132533692505443,51.74576602286733,0.03336548060722977,0.06808595895497836,0.25647997681284157,-3.2701526032830053,-4.236971026256864,-10.424781062337019,-17.851525347648554,0.6576576573616258,0.2702702701483608,0.07207207203956288,13,0,16
2025-12-16 06:41:00,1,0.0,45.981873072882934,23.907910264959852,37.837439142503285,23.826892741191728,0.3583820697447596,0.18330106641046742,-0.0024300777853715006,0.078443739117391,0.10973061619166602,-1.3923166651426868,-2.31119218871551,-4.104112785379953,49.41373533510142,37.018425454434905,11.973392460817378,19.00294827073228,-0.10110401022256126,-1.4164075585744513,-9.213216599689083,-33.63677927171211,-26.5433474015308,-36.693299108031134,-52.705139399812474,0.049515503052343486,0.1401006463836703,0.3515631699849996,1.3301456509484666,-2.0295403091219466,-3.1256159387760274,0.2566672227777289,0.3881578944810932,0.611842104861012,0.0,6,41,9
2025-12-17 06:21:00,1,1.0,52.3809523137997,46.67779630539312,60.9721248489353,63.90119687506593,0.7117249560020407,0.3684275000439817,0.5919683918607288,0.6989716764612374,0.3292124289518259,-0.719171163758795,-0.10281281028384326,2.2444121694786334,97.0034959052867,81.87557984598844,49.563145349516105,40.84372003639565,2.5527813797015098,4.195246342040537,3.488348278895665,5.133549547433738,-0.032263772864904346,2.8341896015549786,16.337776062359914,0.03517358937183154,0.09748551243180203,0.3716777639668635,0.39370033151797657,2.802895089490942,-2.454138290691743,11.221015756950337,0.10317460309286178,0.1428571427433517,0.7539682533701356,6,21,9
2025-12-17 07:38:00,1,0.0,61.53091257492871,62.17656005552033,61.83799074637113,61.997475071583125,1.134387609133237,0.5221136637021899,0.7374115449453013,0.8187452519240314,0.21826994503567837,-0.03729523324464479,0.302841669932262,2.500775912600304,97.67054906860187,60.364820696473714,38.64734299050052,69.24460431239906,8.215956892590567,8.367228965662333,8.833612166917442,15.77011938279151,-0.964991932126951,12.322913186356745,34.92807333747908,0.026967199675990126,0.05654883482717727,0.3618012979037975,7.6569944099302845,12.7063773747782,5.967284018433272,7.49494264865147,0.9591836731896504,0.04081632651880444,0.0,7,38,10
2025-12-18 06:05:00,1,1.0,51.78399221552736,60.68493146805615,41.53458211161813,61.1704807502268,0.6982729426957064,0.6186281747093811,0.3836480588575726,0.5684874987048578,0.09725140147920641,0.3318734553230798,-0.31531782831585553,-0.909071232333293,84.644194724853,70.53768993053939,51.745379871484836,46.48941251146524,1.4607127046204653,0.6699786091831462,0.1193230813567952,-1.633885809025106,0.499897717473228,-2.5865645902990906,6.660430325774247,0.026915049365131036,0.06734661142836262,0.3338459593241243,0.0692374533084461,4.964446481534601,3.0242622012233156,-10.029292450710603,0.12962962938904454,0.09259259242146792,0.7777777763376358,6,5,9
2025-12-18 08:02:00,1,0.0,77.08609257228774,45.300592664336875,63.80320183939148,39.92435672737286,1.214569859623566,0.49264259921632114,0.4504315106608169,0.5084249759186203,0.26044427600542486,-0.015453543330098074,-0.14698604171438223,-1.3056925458338018,97.88732392068042,82.57023413707002,64.01590455984609,55.10812825838424,5.06265484755102,6.960185298063135,7.580559970012911,4.938329893058002,0.30821099513179057,-2.629728520869773,2.629883984369449,0.020280826914585173,0.042061378578297566,0.29034174643355354,4.731739237313626,6.094386815811426,8.913242515242725,10.392621700487936,0.8846153842371645,0.0384615384451617,0.0769230768903234,8,2,11
2025-12-19 08:43:00,1,1.0,71.95512812440717,72.20708441357712,44.280821896577585,44.126147563602984,0.7394393368255214,1.1777611410504287,0.4729075892199131,0.33049754042671164,0.19834522148437905,0.5504652823236696,0.5362322643601178,-1.8858112011604782,81.52492667426168,84.65572623412086,91.04803492456111,47.37187910332587,1.0712478414526334,4.515214081198457,7.9617259481781595,10.09255311306612,11.472828536275676,-4.305837125531912,-12.546929346895245,0.03676812416343357,0.057258851193207505,0.3975052106975933,0.09248266239048064,4.788225129856993,13.427868615252248,13.775619468769928,0.0,0.8064516120358212,0.19354838688891002,8,43,11
2025-12-19 12:42:00,1,0.0,68.05537056398637,60.37069718930531,52.55723328125479,44.0895086651979,1.1536819316273126,0.7131142740365405,0.6979110669787317,0.4175832654319973,0.23164009228246213,0.06456747638317872,0.4058436853118115,-0.613363487884687,92.4129930179971,94.97886101149726,46.307692300571404,59.91902833401637,3.4581737601658165,4.935535822317105,6.096680708239557,9.187136561368312,2.595627642166172,4.452289389566607,-2.788848856799513,0.02350927598490998,0.0485087124037681,0.24784436317834263,0.6536830884340539,6.293225480282771,4.859624332320678,6.778893212209258,0.2253846152109536,0.2515384613451087,0.5230769226747068,12,42,15
2025-12-22 06:17:00,1,1.0,51.43552797807844,59.72706294064016,88.6207105241135,82.87418824393572,0.7461377638530611,0.79234382781698,0.8356198524431049,1.0776466654700556,-0.2518661349592377,-0.2634503287974024,2.1105127138507225,4.83423488220417,64.0569394883777,31.285411772273857,70.26338893149672,91.87769783952398,2.6457690837732724,3.200222758906474,7.038950598681782,32.248158723557495,12.791989039739226,43.0446759932525,86.55020074525964,0.037120566571445676,0.08436403130805205,0.2785140898783413,5.518061618963177,2.035501609825019,3.2439739706990878,11.026228644237523,0.8929889295597975,0.0,0.10701107007119877,6,17,9
2025-12-22 10:07:00,1,0.0,50.205412409333526,70.92496762636199,80.72557760173942,85.46025311243089,0.444603485685612,0.9202227229683155,1.0936424291894018,1.037485714296244,-0.7643943864641214,1.1138231159788892,0.3991611426452355,6.720085337648992,25.71245185805631,21.81883741847173,74.8267898348814,97.90297339286664,-1.6410263994430174,1.0508516997081458,9.912392446524207,31.551863777356093,19.89454347262309,57.135327209546126,122.61515041004823,0.04834850378208645,0.09815388503480187,0.27875088800292813,2.62620096577848,-8.646058868345685,3.5872955802385142,26.536019415381862,0.47872779823246203,0.40520446079940525,0.11606774055508022,10,7,13
2025-12-23 09:53:00,1,1.0,71.40522859482414,39.957311208606605,28.607382533534533,77.33932407616008,0.9611262931454501,0.5112305826642686,0.17932924568323538,0.765976888061155,0.28703411784089994,0.2795985575794071,-2.9589521923828794,1.4694900050158388,80.29350103139144,80.1330460481298,55.60053980731402,34.43298968894421,2.3699869452173954,5.130141160593464,6.354220277149797,0.23563939418548355,-0.3732717059436672,-3.757566838896385,65.33295621861618,0.027241456128625392,0.08564559312129505,0.29606725423191826,-0.17859793920327327,4.802210356917858,8.423668049386546,18.691994315236382,0.0,0.3644067793523544,0.6355932198001879,9,53,12
2025-12-23 15:38:00,1,1.0,65.9242759637145,54.75367325987274,44.54374410574833,74.83030137525887,1.0009519654261962,0.43907559446757605,0.46640740186801644,0.7876482006384837,0.33551536745069865,-0.3685248496100251,-0.1576663677086323,-1.545807220314348,96.21993123842346,88.62266517435977,22.351885096734197,43.52428393253595,2.057968466235405,2.571893902527661,1.5300428911266057,3.3193945720818663,-1.3760204735782653,0.8325096965006483,66.90236125964009,0.018196415258432033,0.05827059078139306,0.28251271131543254,1.0922225949649977,3.6342353892027113,3.478109647407912,-0.7354440577789223,0.5365853652000977,0.13414634129946987,0.32926829228092025,15,38,18
2025-12-29 04:11:00,1,1.0,67.66199534111391,39.87886014982093,32.86086313747737,44.704404432018706,0.9022118149867028,0.43036114784178653,0.04707403178570002,0.02593404089349669,1.0634540960581624,0.08774535370926095,-4.7609352260508855,-2.616910912191976,87.07920791647881,89.95398221881113,63.51811872065388,32.77634961397452,6.082934771143105,13.674066303422682,13.17195181037124,-16.14937003821091,-5.9441409829233045,-49.624722113815466,-43.92441999372639,0.10581897947218383,0.2831169223047108,0.4630120550897044,-2.571635569089681,10.077584079015711,18.82422466433331,18.690675212582608,0.3135982697177864,0.3919978371474789,0.29440389286439134,4,11,7
2025-12-30 05:20:00,1,0.0,55.83512576751066,76.23413255601209,66.55043263681105,30.240516074647942,0.6581502967806554,0.785764965542017,0.9579326733078325,0.36513955481920757,-0.23902796582724273,1.4599206370390614,3.565797234001837,-0.7566122247435914,89.28886534510468,80.00508843298537,78.13021702577424,82.91925465624031,3.758745613653726,4.771642186651684,12.252033428026387,30.476475543681588,18.120737070254346,26.593046285868503,-69.40893520341679,0.05550757814935712,0.14041810526584897,0.6856591738695137,3.42820010309719,8.382919061524774,3.1893209869027217,4.806571660518344,0.6787330313673573,0.0257918551918641,0.29547511298828993,5,20,8
2025-12-30 10:12:00,1,1.0,50.152360104516866,23.56349768851382,46.69000878862614,66.21266249109402,0.7302189248476099,0.23323531826609958,0.5036191243315156,0.48157299868735204,0.1397488381176777,-1.1758586986680895,-0.6049211660132334,7.329046373959798,80.38655460833155,48.9405281892038,20.47999999890851,34.915966385085156,3.0933972430393086,2.1667017710869825,-1.9654174843696008,-3.9120265262982947,-7.69339907300924,4.072042272463434,-38.24850838315169,0.04753231074178062,0.11569640731002881,0.42808779399622343,4.707155541339159,6.4508213732450415,0.7632074423025159,5.778520322734515,0.7644802451994727,0.11775987720864674,0.11775987720829786,10,12,13
2026-01-02 07:31:00,1,1.0,37.35581184356752,67.70790863493862,71.88405794857528,71.53680033623249,0.08647600530169283,0.6487504739457985,0.8730811811282441,1.0524679377597994,-0.17821986487536579,-0.5993185191553447,1.7661421695512907,7.294857649289365,22.362869193584615,40.57665259340727,61.8022328499362,85.84515366176598,-2.827242624837772,-3.9524876864463643,-2.0551716338295725,24.07881127623701,10.341280623300168,40.927988964916715,80.91214657514065,0.03300014621352179,0.07856686357925452,0.4358716368185274,-3.475242895473185,-7.496191911655625,-5.417582455263803,-9.984817137329571,0.6728110595977771,0.32718893994139336,0.0,7,31,10
2026-01-05 09:12:00,1,1.0,74.76624304442753,65.71058363508169,58.01365858411734,70.1346640168033,0.9908352442555134,0.9914331311382131,0.9124202167376021,0.8197086586743609,0.4469220669090823,0.5859181250083292,-1.7204206776033626,6.88590495569524,95.87006959443916,90.51725565090625,89.97809782372072,87.59376802726149,7.450226571254253,12.975265163852958,18.65621522989504,31.44275518181426,14.59466161233835,32.32888537694522,90.85022363203444,0.05291018461410057,0.09584572003943741,0.4311776850439687,1.7970773727804534,12.93796190619867,23.030557335403934,26.942245709014045,0.42295081944050694,0.1945355190196603,0.38251366099338463,9,12,12
2026-01-06 06:52:00,1,1.0,59.6649483459673,75.09405564141055,70.76136563628813,66.18760553332265,0.7075614495132697,0.7899787880490422,0.937470819592643,0.8691823204918128,-0.1628930776151597,0.25381389969614254,2.127006767650842,-1.1447301596948591,57.368421034880235,42.511347190955014,88.65394532807414,95.40688966311973,0.7936296587245619,1.871179301859276,6.549559105053795,26.842981063654282,14.47524700379015,33.9255686704288,54.75532671636661,0.028698428393199582,0.09025693162262004,0.37020331518607635,1.0815858332402506,-0.22390158361029755,3.5681047719204884,3.7697686060922386,0.38557435406462637,0.35618877973605745,0.2582368653088441,6,52,9
2026-01-07 14:04:00,1,0.0,34.2431761191816,50.50079068492433,62.70182990102741,42.26104271730971,0.3396272234124524,0.5720647921975599,0.6546425222253561,0.301583533194428,-0.2030050914654289,-0.003205800993557939,1.0505130750162288,-3.5763724207808245,46.197718622399485,40.430925214112385,62.36080177479355,50.43911144270892,0.4440887998583796,-0.5872901009756103,-0.4704417043295275,1.6109284471108583,0.256537793341652,2.1103058557638503,-6.823369033778564,0.02232795402560265,0.06620122811646627,0.3537415118373852,-0.8735844851381902,-0.268811483625786,-4.791636578994618,1.18742361561619,0.31896551696635494,0.344827585909361,0.336206896262215,14,4,17
2026-01-08 07:05:00,1,1.0,38.8007465535216,38.86708171737081,28.986606004402205,47.42479981969311,0.3151753661906411,0.11966443176194505,0.1862971362972032,0.10348666980536803,-0.13910448764576144,0.16508353092505157,-1.1432037291271349,-1.3183385656810667,37.18244802835739,20.0183264808516,10.90909090791974,24.85981308318485,0.36813542945251804,-2.1054309931721202,-4.749814591525195,-15.026466738240378,-9.683102889413526,-17.7482727602895,-30.893769993837697,0.02815812516485287,0.08111525957381567,0.3648291999784429,1.3294681113551476,0.8111588418002746,-8.509230151038105,-7.58697157136945,0.7624999990462924,0.23749999970370766,0.0,7,5,10
2026-01-09 07:03:00,1,0.0,38.078703642000235,33.96053233247116,47.95682342144951,66.0573470312184,0.062159102513206034,0.2959948125984802,0.33064259609097374,0.6747458259499352,-0.2149121845921561,-0.24491052600252927,-1.2171112971552551,2.3214429966829027,29.969418951070672,15.980585826620809,34.26183843692798,47.74356811270458,-1.5460733241243139,-2.1604356926408164,-2.9258571368292676,-6.471241069399525,-3.8312454583696383,-4.831291627398933,15.914603926243743,0.02328067934068894,0.06960913626714005,0.345751085652586,0.08962189642192087,-3.516390973403727,-4.7476628397968845,1.4341431386877268,0.08571428563191061,0.06666666660375206,0.8476190468119563,7,3,10
2026-01-12 05:30:00,1,1.0,43.6702292927597,39.00275154817688,75.01097164004062,73.28414164803621,-0.028812986579864336,0.2118082382348674,0.6568567669709193,1.0282793084344801,0.029021760895506565,-3.190675409961946,0.13386464016743105,8.51831168710027,14.845768118088202,33.70582585034693,20.64831261009757,60.69209197912873,-5.295846166295219,-7.053651154094381,-12.431175894605373,6.789326194912969,-8.368149112478758,34.701532867102266,143.01856680490587,0.05477140656834455,0.14222967968091016,0.5083345355963912,-3.745068172286148,-8.34918781491445,-1.978008401826159,-20.115906981421627,0.5382436258929698,0.15423355361838134,0.3075228201738865,5,30,8
2026-01-12 09:25:00,1,1.0,68.70056486307212,57.541918608933095,42.28220857443053,71.8834770587554,0.8797590644144351,0.5203148923779044,0.46112946671944677,0.8675664611603576,0.5446840343545618,-0.36251688411959204,-2.1073749981606937,6.220374666100078,99.36507934930772,87.91107702434196,32.480314958497935,43.22658386044096,3.445153773071005,3.098087076425442,1.395297047339136,7.142982161505136,-0.07512552308893068,9.457546308732015,117.96018283999524,0.031433026626126834,0.09024905190635968,0.48043874716290236,2.8637604234882374,6.707273334838337,1.4644664697294196,-7.926897842377434,0.7692307687373586,0.025641025624559187,0.2051282049970565,9,25,12
2026-01-12 12:11:00,1,0.0,49.84392065726446,65.01788323401954,72.26370422488294,82.62546694147933,0.6250062644940426,0.8829476546561017,1.091901413629521,0.8494705361750509,-0.28936784197027565,0.8839307821541187,0.0579131775768289,4.410964364886269,71.22352939500725,65.66069442455809,81.97064989088408,94.3866943834242,1.7081754729037044,3.770410573771316,10.33082518993505,27.264581068414834,15.939004621371874,39.39803669218825,119.69513603526386,0.03950247826842873,0.09485257254783624,0.4380258922054691,-2.1970348730326883,5.9150368203986226,-1.153019878714634,19.445519301095615,0.6099415201109366,0.10526315783334739,0.2847953214709207,12,11,15
2026-01-13 10:44:00,1,0.0,24.446680046047945,50.11424216673173,40.05808324180441,27.619704607393274,0.05123950536093398,0.5623620310906164,0.19474187337961962,0.15670432600155934,-0.5654394153333098,0.6772551061394312,-1.2137359333760815,-5.700228734457353,11.567732113920465,9.457003600052323,83.48017620532438,36.19846261229433,-3.039498080511413,-5.121837666897857,-5.577358622968333,-14.46077313815569,-0.22437800056821608,-12.319858057175695,-14.77758581216484,0.03483514168219208,0.09029577134980055,0.34710610574045775,-0.80776943203964,-9.92432430074297,-7.7230437955488895,-9.641045551757044,0.17934782598943114,0.4076086954306152,0.41304347803647534,10,44,13
2026-01-14 04:29:00,1,1.0,45.73089940819811,59.07723167434592,80.87281742520474,59.34579438582944,0.36513013332843197,0.7226497745370714,1.023580907827964,0.7384000015952984,-0.35711803275153464,0.38267730781706444,2.9754687298744726,-1.3906089364729226,39.82169390195967,41.45616641286057,59.872611461152985,95.22164651424272,-0.3528670746552079,0.32700800392874313,5.305420960603176,25.02135853666899,11.503184477576623,33.17618063972408,27.47259643957193,0.04009674735396306,0.10104886576144166,0.42656152759913213,0.21671876947237934,4.878445402065612,-1.841730359842808,11.88353484932847,0.12149532698939174,0.42990654165444386,0.4485981304215849,4,29,7
2026-01-15 07:19:00,1,0.0,68.35793349105145,44.38674578087501,37.5326127403963,27.604166662939306,0.6495522013209359,0.4543479220168456,0.20776543099595288,-0.06435793086642154,0.4183208786487297,0.2092473327666422,-1.1300283692540187,-4.966470457373191,74.65321562740634,86.96931482719924,60.619047616158916,34.90540169906888,-0.8941378610918859,1.188517536357518,0.6751972347429118,-15.434804337731698,-3.2022363861633427,-23.83012660931131,-52.38087872030092,0.03777493090226616,0.13764793891947563,0.4511869283652497,-2.7427825093195857,-2.2639923982104015,7.648550207501881,-1.4869490287805487,0.6595744677341144,0.015957446800370024,0.3244680849336006,7,19,10
2026-01-16 07:03:00,1,1.0,69.9468082501969,49.753914957647275,34.85386135146476,42.59831153726525,0.8095249096622346,0.473172321896019,0.23453901022940205,0.17175606902048104,0.10255376784786463,0.3028410341060117,-0.47811390890925454,-1.5427349874034195,77.4774774425803,87.3478786151998,55.80808080103474,29.625360228837614,0.4849477290380363,1.2615128985711208,1.3516607944973882,-5.339021585085707,-2.2310818636181557,-11.707405821928413,-23.434159354907383,0.016271463702997545,0.061837940459341295,0.34258592000293325,-1.0005513908206698,0.8049366547480119,2.5893122329789797,6.965902993270046,0.4393939387282328,0.07575757564308386,0.4848484841135319,7,3,10
2026-01-16 12:48:00,1,0.0,61.61388619814158,43.807919098008625,48.914052335533704,42.48142119979983,0.6208294906886265,0.4025213364991188,0.47816086939295815,0.4056100389245828,0.30638724262946915,-0.4244066102326538,-0.05110327702070086,-0.00528221383757943,57.734553762524726,69.46400470999808,46.0905349746857,51.39198217976912,-0.8373459207056361,-0.16382839259562734,-1.8155413005633165,-5.096307486638222,-0.8080259386861754,-0.1701443004175971,-6.169809974532237,0.02098284470434982,0.06718616185725086,0.27267864533247765,-1.0582665940872538,-3.860395750305834,3.898177770385036,-4.4466891499272965,0.7089285701631555,0.0,0.29107142805113034,12,48,15
2026-01-20 07:00:00,1,1.0,74.63987856394112,86.07669609409311,70.11741681053542,61.20268535795603,0.8796336101141667,0.9437032609850234,1.0258611952019858,0.9775003514011378,-0.028047004650164187,0.9268279327278073,1.1857321645376921,-1.8384976247056066,84.58244109539275,73.18625261755412,91.2291933360295,93.77838328366165,2.407639242399436,5.260889794051497,10.57299510434923,19.32756748452721,13.689361001060348,18.657985824717944,35.95690196558894,0.024166623812630968,0.05700567721600035,0.2218673167297978,1.944450676660825,3.825517914217702,7.525588604719857,15.126796574540524,0.5602409635181516,0.43373493949739356,0.006024096382045216,7,0,10
2026-01-22 07:25:00,1,1.0,33.201580990922665,64.13056423389668,53.854324723005114,38.62453161607336,-0.046826742330889466,0.747195168339382,0.7648830643472595,0.21653189120497426,-0.4602798595001165,0.9407134741776823,1.9450051340412031,-9.913848971573051,5.482456139148103,17.98653782907618,75.3229095801949,69.29070392076171,-3.024296108749782,-3.2727689791742987,0.11460213605936452,4.160833612037182,6.015669634092788,2.519593799862301,-36.45733940778744,0.033466399630517354,0.07448258526362403,0.8180599862008577,-1.5844507011719688,-7.271825634541651,-7.54249162668974,3.75465029082811,0.3799999998101091,0.49499999975239084,0.1249999999375,7,25,10
2026-01-23 07:00:00,1,1.0,60.1518025766466,40.62370919932298,49.98002928105774,88.63092806836092,0.6591716665220443,0.47016646730849787,0.5505497736807454,0.793058188682026,-0.044665477835562184,-0.1440187899465415,-2.8724819196064573,6.797114297832689,60.847880284064544,53.21213264327232,57.91649441678535,51.029601027958215,0.8230197216250846,2.1693693048850053,2.8338944263609562,4.731181228291598,0.7686687369481054,13.611537159754183,108.01323000840591,0.028786171100330993,0.11825294330537253,0.5060253754833877,1.8578896191434602,-1.0498062400898789,2.100273944385389,12.129114423033993,0.7833333326803408,0.0,0.21666666648632585,7,0,10
2026-01-26 09:00:00,1,1.0,81.48742637020679,60.102208416838835,40.23488472432587,84.91510086129371,0.7829992060423653,0.8690434466966137,0.5062687430339256,0.8494635561159269,0.41357196542873353,1.3724397613762176,-4.784465827457279,7.181501329394244,97.49216300175914,90.9232546183229,91.13871635233608,54.198473281109116,5.05348173194295,11.839127467816859,17.693729584633612,17.37024934119358,12.365606785884287,23.374471360518367,135.56624799138254,0.0521284713676841,0.16534675026629642,0.5328089986020261,3.9612272709788066,6.445985304335267,27.93331957080536,22.686415102162183,0.6881355929868166,0.10847457623459829,0.20338983043960202,9,0,12
2026-01-28 07:01:00,1,1.0,55.541125507463065,56.760453286544404,81.53212375193763,80.28811233506576,0.5897936683064733,0.5727001728857818,0.810073026242222,0.9846584039558165,-0.10089929587519583,-1.845281089783521,1.118223122064201,13.239996368781036,54.08532176036695,42.68498433048614,46.292327473366406,85.17686028528057,2.7894486917596573,2.798609987017948,4.457621307569715,42.441244655721064,10.677433446617556,66.04730257922373,189.99760767594233,0.06084673509265079,0.1463380090089623,0.6069691276603668,3.2274728601033864,9.554776098155138,5.3293143808397225,1.393859951444032,0.8918918914098546,0.04864864862244509,0.059459459427159765,7,1,10
2026-01-30 04:37:00,1,1.0,57.33009051746174,35.95764272343237,44.07890488597834,43.45344536093823,0.6434317045018249,0.3221739487380831,0.3770500561372102,0.42092330543289863,2.7696364233168964,-7.593763043193995,-4.846397209842909,-9.659397410986838,56.47918769133189,64.44613147994443,50.50882776893271,37.228308120078076,-2.268689950795593,3.2513201258467532,-18.730516324218087,-58.788604827434476,-27.363499568494845,-48.8697337774617,6.717793563926727,0.18528755937622932,0.4956950683259062,1.71271415268112,3.659259466699538,-1.5860916555721083,41.45337947176975,-29.146440814471486,0.19583843326849468,0.34883720925966966,0.4553243573494366,4,37,7
2026-02-02 20:25:00,1,1.0,23.078030516934035,43.85743174613746,53.06659610410564,47.338329262996524,0.09724892900414073,0.5119368147858312,0.46282766395496344,0.4107982314400456,-3.8263584616084576,3.6194740092959465,-5.452088463899061,20.065601567401075,7.249466950818652,10.229342114677173,39.70523858106336,56.47198065641016,-20.53143413987647,-33.064843633588026,-29.316536095411134,-51.48416846019939,-19.9621785329435,22.251806061857675,-174.3541342359162,0.2100726858934009,0.5571797884208985,2.5215428074654302,-14.212334851169128,-7.5178822789601085,-79.94335476312231,15.33419990275231,0.6379310344216647,0.003831417624150741,0.3582375478583992,20,25,23
2026-02-03 12:00:00,1,1.0,36.451069956472466,45.78368998680196,69.44233990496411,75.91923499267644,0.11577130512040018,0.28324764685909715,0.7269725156934096,0.9215485910339261,-2.137087846294198,-3.6493591402814083,2.762935955224087,31.840896996156033,33.1232768793561,14.53223807427917,27.490272373005947,72.70796719337478,-7.776467985415815,-18.5888416000633,-18.490188453054593,48.70466312049141,-10.038809211013094,77.57350652899834,242.988273940807,0.09968057204596872,0.2683927162742357,1.3275662627826927,14.57617629844421,-27.54985682791533,-29.975223319467226,-28.378656412512136,0.7728638899986159,0.16530699869414867,0.06182911119989318,12,0,15
2026-02-04 17:42:00,1,0.0,25.141794510906195,28.471058396296513,44.57545698032296,74.85860201562838,0.1531961430135965,-0.3231544168149913,0.1623471060327399,0.6315609815960453,-4.11450312986352,-5.600249937050212,-0.6318890000576416,-7.23167987486611,21.359495444689983,15.987343952138836,14.139818909094593,35.66015157487777,-15.942898076931185,-53.781782250183625,-87.33111045720973,-118.02225270124984,-107.26686148221812,-31.86313978890751,75.69315527414383,0.3057485335417515,0.3616533799276104,0.7210833337691217,17.99789052657319,-31.77502958899625,-105.77922806585538,-120.10356354174468,0.6166219838728654,0.1434316353791478,0.2399463806809627,17,42,20
2026-02-05 15:27:00,1,1.0,53.390121435572325,16.35706030658524,32.70265724664536,43.20155548604144,0.7334378325399047,-0.04794155437962014,0.0623362620910671,0.27087624709288405,1.7079015946489928,-5.744458170803496,-2.4939410861367577,-5.886108460332764,94.40181869581306,53.4432130324879,8.151534944374037,7.267863114399459,28.86859395193671,15.57580089997718,-13.881953320680726,-58.109103700325,-78.08035215846529,-88.23220049536553,-102.1535743798987,0.20565944712782297,0.27493251956521164,1.2385357380935487,28.221360650562133,36.88733096328889,10.334197616728158,-52.82371727399094,0.9304229194454324,0.010231923600914445,0.059345156885440266,15,27,18
2026-02-06 05:30:00,1,0.0,83.4043341143225,83.00811492516553,56.56986226118736,37.359446980665496,1.1277083902204328,1.0201145490300667,0.8726760269696763,0.19337349141754903,1.8659981676041966,8.28477572953584,10.36873802013713,-7.839796674351582,88.4719156220638,94.7943239902458,99.01179928461853,99.29843496972295,31.969781480655712,55.69128643108222,91.42903271406115,134.3309015494837,114.75602064846036,97.52825561349522,-130.726446555503,0.1613105965929231,0.4323543625259071,1.333430093151275,9.336186748631903,65.9734791621247,80.5490288670585,97.61784414005214,0.214916584876603,0.2306182531780753,0.5544651618962539,5,30,8
2026-02-06 07:16:00,1,0.0,56.18163908593354,44.11099381110018,64.11605006029072,46.646415999748484,0.6210279083004592,0.46708439909876026,0.7650790601555703,0.450533510090955,-0.2859210641530119,-2.298723679254591,9.23065579837377,0.9251826550410343,69.31074961686363,53.74488234769799,47.541323921232284,82.11438294046113,2.580218760267127,3.754176550239801,7.882301502779292,49.791303158709226,13.837511772133675,50.878084414166466,-20.792290384781687,0.08809699792241707,0.27510013781986276,1.3594497032912718,2.6960019328270413,-3.1711257600075538,9.650095826490013,26.42112276259656,0.6388349511459771,0.3009708736401939,0.06019417472839199,7,16,10
2026-02-06 13:34:00,1,0.0,55.17261605689091,54.64091294055634,52.96958417167088,50.9420422639194,0.7184689913718115,0.3362327939220662,0.42642356640273726,0.714991368491373,1.0732173666285791,-0.8842006138224789,-1.464203994917602,12.015495164980049,93.66799771285585,86.67145057163295,24.407266085367354,48.94280241767928,12.563395980722927,11.147496207358676,8.305115838082926,20.565778934280573,-14.918480685387978,7.78032689523015,47.79971902620561,0.07881980847125439,0.20553242255206158,1.2909706923727164,3.9045842902152295,27.47063169887598,4.1451241461620825,-8.380442104752861,0.6498422710884891,0.35015772859605343,0.0,13,34,16
2026-02-09 10:04:00,1,1.0,51.06557375095813,50.485261307089296,53.90807031409275,68.91985369359162,0.3230393964890953,0.461716623464692,0.7321355001348717,0.8231519553757066,-0.9587763038948607,-0.41717850836757897,-0.3834633251733077,4.583545087994494,36.67840375371613,23.571987479055355,54.319570677969985,61.967975205011406,0.27911286036139943,-2.9171514548731414,-3.0383594897519193,8.170733845395954,2.9458618704582182,21.82436010688904,125.27334028179476,0.08161455346854046,0.1859995036946478,0.6746847894505894,3.2821353373591045,-4.023145809817219,-2.8825232614648755,4.953868344481638,0.5399361020637715,0.43450479219361976,0.02555910542311992,10,4,13
2026-02-11 15:40:00,1,1.0,22.013339312707075,32.4200431193528,70.25761123162006,78.96749521202659,0.11380137574811768,0.08557773974821511,0.7148336160332633,1.158755887279382,-0.42679737245367644,-3.8962792355218916,2.8578763669061615,5.594127119780984,7.391769107033086,18.284449443599847,10.408893431881946,66.7221759635485,-6.6968479567414585,-15.971749648256777,-26.930296008546755,-11.388496026488822,-20.454811455526187,27.190796089145206,110.55115643764879,0.07401565407677485,0.1759749944262282,0.4368815563291464,-5.291361233166203,0.7538353588154578,-31.169590471172846,-39.65657367987485,0.7848484846106528,0.0,0.21515151508631689,15,40,18
2026-02-12 05:06:00,1,1.0,70.57079314351267,54.7543075818991,38.13410345889196,39.740086771224696,0.8273515994365882,1.0057201752657654,0.3629596033906095,0.35615613732537194,0.7031288215030189,1.7334739637832977,-1.0001157112783003,-3.089478279375406,78.7491593760048,76.09302950596486,86.51903511929687,33.78495399542165,4.111891669703105,10.484548487742142,15.95585213224544,9.809308441648449,15.502648776101427,-7.621077538336833,-9.23457069314349,0.06219285619170657,0.1676806689695273,0.6975448247140761,2.9600248642092097,-3.904551464651851,24.145633170287173,18.103249790260012,0.5636363634311403,0.2327272726427637,0.20363636356245957,5,6,8
2026-02-12 09:04:00,1,0.0,50.38693032220779,69.42311476723839,56.352488224883096,57.752907273112726,0.23445352992732024,0.7720297938743356,0.9101780444721475,0.5160214695554284,-0.6445539791799386,0.5453591428642159,2.179081650946027,-2.2979515517673788,34.51957295066437,17.013888887372676,88.18862934824934,90.22860684397634,-2.1182793536967788,-3.7535467880453126,-2.552585400123171,5.58118992717066,14.34685713311934,17.46062495077917,15.227335953528225,0.050233722727944574,0.11445313528041601,0.48270895501067534,4.223743954272496,-12.964712535084022,-1.9527686412990075,7.561839758098987,0.778597785690423,0.19557195564762941,0.025830258292943824,9,4,12
2026-02-12 11:12:00,1,1.0,71.69089510300672,68.8006917651723,55.7840616842654,44.78527606787876,0.6517342342969835,1.1002559400340741,0.5005973411742543,0.3335450102359111,0.30682428442779885,1.2941764555293356,-0.16530995384023872,-2.620338715522455,57.75145667611742,74.60915731094123,95.08804448123088,53.3480218394701,-1.9069844828250515,3.920520756893946,9.90092730001486,12.034703544312041,18.25754859319427,-0.1715554202533255,-6.230141379320217,0.04601767118030713,0.10082839063400033,0.4358264565813492,-4.437034049799005,-3.4513667905544665,13.631501015940461,19.193535474930634,0.7234726685777376,0.21221864944942292,0.06430868165129597,11,12,14
2026-02-13 07:18:00,1,1.0,70.74438968280216,51.899426052840276,72.24946066864584,38.80189708867121,0.930563706960763,0.8610950207705867,0.7265831258943756,0.43044073181941517,1.5529085353382945,-0.8841636986070389,2.985113538600377,1.267569145983007,83.78127895811944,90.15556103893634,88.12316714896566,91.16738727468949,7.834668255502897,17.1943969259885,22.933642229152913,41.13629834772512,14.338248096418793,36.545091266052225,-18.347305811535207,0.08276548287422344,0.11799279438347719,0.9196836451276443,-2.202398411871309,17.533600215859924,30.391748228570936,32.60853186263235,0.44262295063831203,0.0,0.5573770489518518,7,18,10
2026-02-13 11:12:00,1,0.0,70.42413886583343,61.33407744275154,44.84551850078701,54.96231822152903,0.7493398583924126,0.9650720070336943,0.5878009284159181,0.48300575730804596,0.48683669316208844,2.246964794841061,-0.30744032126336096,4.233566412289168,65.59633027146731,70.09239377573336,94.83781050761496,72.6033946910684,1.101088151066471,7.385814730029726,16.32948587254494,28.70164569726312,29.6271271597156,16.661550800781544,-15.660566857130009,0.07921720495579307,0.20317538256850823,0.6684156563097492,-1.223934950868033,-0.14046677108137118,19.220890453992556,28.53615367664375,0.14974619285544652,0.0,0.8502538068907464,11,12,14
2026-02-17 10:21:00,1,0.0,59.408229272691386,69.34560177866766,32.27665705709222,30.479070434287564,1.256225907575992,0.6938977436063237,0.29282826449287197,0.010574249968693952,0.37527951223785005,2.9389282261526093,-1.3739310876497264,-8.541673962208101,94.95949594105218,58.52308400959361,77.01768982827393,48.24334909582253,12.538139213795114,14.494232668913476,18.683113294671177,-0.5386618541449731,-0.24208302204376703,-41.71820468045386,-112.54204338122024,0.05527270994220968,0.14775650015216932,0.5377787236729162,12.424169286435749,19.40336685102073,10.324151897393996,12.322206347057385,0.759305210823942,0.0694789081799066,0.17121588087208195,10,21,13
2026-02-18 03:30:00,1,0.0,52.38154403854753,47.10589035411098,39.23701707454469,35.262155069350996,0.6241820228379847,0.5022780984370678,0.22930731847520863,0.16817326075085254,0.38169222803953273,0.40365181129730043,-0.8840176964179212,-0.2817768034579018,75.20719699120193,81.41720383829623,53.970936125246595,48.82298990985023,-1.004079658328288,2.459899058969738,2.9274884104176575,-9.169590693777774,0.36625679353081436,-13.455463394434913,-88.73257988528347,0.06528165008302089,0.20072626272745975,0.6190559985158053,-2.6284743862348137,-5.9326409181825746,5.199411829379663,13.01897211821501,0.3411458332443477,0.3854166665664063,0.2734374999288293,3,30,6
2026-02-19 20:18:00,1,1.0,58.24866952997333,28.375966674680996,51.16273315920171,59.208899870698076,0.8531170729296075,0.200718316359929,0.5153175541803109,0.5636456764619708,0.327636393544102,-1.7683809443677565,0.11380124870175035,-1.605100680834358,86.06224626711337,57.419936843830975,29.466791392448464,56.697015679368086,3.9207527073066784,3.0333676280499997,-1.2536803479845402,-2.137184675740343,-9.598338278908761,-3.650672490080825,12.558247559314776,0.05222425389584842,0.14869250187032645,0.41366047144120005,4.8841173108948865,1.8810213946185428,7.588445940331923,-3.2600945427396777,0.9837398369984948,0.016260162595001165,0.0,20,18,23
2026-02-20 03:54:00,1,0.0,68.00563770598393,44.89001057429931,52.72078500021262,38.512564378498624,0.9185645199967236,0.5926662167490718,0.5418624862457164,0.3293689336728859,0.5713275501894739,0.05473861487197307,-0.2567918363872587,-2.930876816472903,96.13636362543747,91.21781187397266,70.11642949093762,39.10390593510397,5.089232446781435,9.94817493721006,12.803185406392846,12.000803607147446,3.7519451275881437,0.8467282481138667,-3.290792141006942,0.03493336635698212,0.10535384907493267,0.4184235185980556,1.3999874001124901,9.728006149058999,16.304113784286756,20.679601436750517,0.4785714282297681,0.2428571426838405,0.2785714283721056,3,54,6
2026-02-23 07:30:00,1,0.0,53.41118618636893,55.77852996177657,59.48265440792041,81.63571964713753,0.6558283038233551,0.2726165621134829,0.5295997313219188,0.8959586004980147,0.131542751584674,-1.2236854588511563,-3.307759122486111,9.75583680170707,65.22204386210008,41.02609832215686,30.487033521161454,55.07641921247093,2.4337386187602603,1.1609177170234217,-1.7073270806736518,5.819732373960385,-6.413163921733172,17.661211098637065,149.4867157346459,0.03844714330682424,0.09515365325769712,0.6012458763544407,4.748131029035374,6.784424898840236,1.239893175453144,-10.101410811025335,0.6813186811314949,0.31868131859377985,0.0,7,30,10
2026-02-23 09:21:00,1,1.0,51.615969513059774,59.18993939987153,32.70512524803813,75.6026174140253,0.8695602360170512,0.8194236045463676,0.36505816606644387,0.7909426295462604,0.04084973049096641,0.548175254710139,-3.7278084717879523,5.902137627506995,98.27932317226292,85.65130036728702,92.47572814410795,30.084917103516045,1.5867734363848562,2.7033411459293024,4.169141958387365,4.116258657386002,3.5953557134484853,8.92021995597122,109.16809339770806,0.025787012564210825,0.06826964190032257,0.559093695728011,2.170843440514325,1.9188221920507509,1.5117377716400426,6.903445808434938,0.4999999997663551,0.0,0.4999999997663551,9,21,12
2026-02-23 13:02:00,1,0.0,67.84282269849132,83.11633762437674,47.6996047325251,70.22483812283602,1.050819458622883,0.7730090645210829,0.5937049999867483,0.679453439320434,0.5266401709009931,1.1877454773899654,0.07360115984908866,-2.2348892834019622,85.99221788768035,93.2249407978397,97.3317865372775,79.12539121718311,4.263729480103595,7.5011907049493525,11.429910310058963,15.78677718451942,11.717764016165496,8.884461100752574,66.84244746521358,0.031287352691488364,0.07561666637768096,0.4605330050456923,-0.6793300253205015,8.820252387442551,9.792597068631892,9.111935956107597,0.15752688163607498,0.42311827934213586,0.4193548384841547,13,2,16
2026-02-24 08:04:00,1,1.0,56.80751164374377,40.32258063093609,52.45539171160065,55.3210116693848,0.9050813497187522,0.31534660778638035,0.29786528227102654,0.3354575421925681,0.21930549902493787,0.17741475138346097,-1.7568698617824712,-9.283370018390094,85.46365913716097,74.54808065794474,43.868582163797434,23.415407512104387,3.8212974900375114,4.231549831576625,2.3994853674437855,-16.012543196232944,-9.323880983723598,-33.587034777263874,-25.543534250221676,0.03253324573071723,0.10525066035632709,0.549773334444581,1.257281351518813,5.031023029506976,0.2901137922983743,6.05719892286416,0.26315789459838834,0.6105263154681844,0.12631578940711152,8,4,11
2026-02-24 13:11:00,1,0.0,54.062450154782525,49.55194041863453,52.86608593267195,39.11253821273582,0.5623906601985926,0.5029247018876317,0.38205717419501,0.2710668445592668,-0.10613191641770137,0.25332741515612156,0.5873343406482592,-8.381687923078566,48.95238094306847,44.44444443599039,48.71477462690461,54.06605504388479,-0.19393045887601484,0.9255294952802259,2.0441468531138716,-0.17026984809837997,0.8429231010580307,-6.956589456438795,-15.280597531545142,0.02777238902056059,0.0884013862866221,0.46182079055362735,0.8699476581486287,-0.9664310185697467,2.6876600632097514,3.2872633049563227,0.4173913039854204,0.5565217386461727,0.02608695649884163,13,11,16
2026-02-24 13:21:00,1,1.0,58.373205643869866,43.49950036604941,55.82536432994613,39.11253821273582,0.7503185755679395,0.6356960758758474,0.5354280099091929,0.2710668445592668,0.015334778573214525,0.4026574174862436,0.8199597490543322,-8.381687923078566,91.14754095370833,76.72131145024557,67.76556775935835,52.81582952547781,1.4358240319025468,2.5445953932612175,3.9809426593809842,2.75030514597637,1.7303077832762792,-0.6724856088543733,-15.280597531545142,0.02284451005013658,0.08065358980819816,0.46182079055362735,0.40583435194641027,4.67875603090695,2.0488337593671524,6.961721169529422,0.4999999989120549,0.10869565193800498,0.39130434697602706,13,21,16
2026-02-25 05:59:00,1,0.0,40.51164564462784,44.511768803934686,75.71326310399803,50.97420717617629,0.4293506577476854,-0.03734306342474413,0.8385484629682793,0.7535458043556699,0.15783749080737075,-1.9573172995771344,4.348961666323367,0.5231666757178899,69.38574938233799,72.61261260904304,33.86665690206605,88.08393017900721,1.3432732546811554,-1.673550415543465,-4.536733563081587,16.865869976683832,-7.505899452803812,38.904898291563924,32.5783868711919,0.07555648397680702,0.1230533630100467,0.5336764035635229,0.5984538654790761,9.409800684190284,-10.393937962268618,-17.458716206256717,0.20567375871937574,0.4113475174387515,0.3829787231326529,5,59,8
2026-02-25 09:35:00,1,0.0,39.63585430288022,53.78036621800885,59.20363538343228,73.87277333285368,0.3895479992158603,0.46675289878226994,0.5958753854684001,0.9979590385185072,0.29940929055442167,-1.239284046460325,-0.08499261494452526,4.8602750078314925,42.38810592498749,52.90811972427045,37.15553977140709,45.35816618793107,-0.5975606112567234,-1.0790034731686138,-3.3907246520634295,5.515824554418526,1.192225093712593,10.649810416254224,63.59339392278911,0.03905964593827964,0.12965471500227838,0.4592472862079881,-2.8752245005325694,1.978760405831892,-5.063754205754112,-1.6178783259179763,0.8572254330302971,0.023121387269856835,0.1196531791218114,9,35,12
2026-02-25 10:03:00,1,1.0,35.853131713323194,32.83052138834189,58.69610066388023,65.95954576538708,-0.11134244257183544,0.4828675043593332,0.7448705002269081,0.8776247285138606,-0.4432036594506148,-0.700148005744093,-0.4973429060198207,5.010644296683906,3.2564450470450588,3.2085910938331943,43.50142045300088,58.556915861981544,-5.581514947375962,-7.122802796155973,-8.25394460507362,-2.644480742360786,4.342139539520656,17.398470883398527,45.74251629505941,0.035914379919999385,0.10839093286139953,0.43489895416721164,-1.406967185864083,-12.052379719272865,-7.993243301808173,-7.729573931554157,0.4411764703287669,0.4176470585779207,0.141176470505077,10,3,13
2026-02-25 14:23:00,1,0.0,40.410101584239136,18.92303466897357,31.930613548875286,57.75228007643036,0.4555023974175854,-0.009849235140737997,-0.21067980283447738,0.5863843359166956,0.24260298333548835,-1.684817976757925,-3.143818503064338,1.8479461889234772,62.72788655889942,47.17890397381339,13.851875808088758,2.2429362073347185,4.2999268426121375,-1.2651392000367911,-11.29225948710993,-30.978988254199347,-32.24666383731902,-36.578302512443024,-0.3956801476237986,0.0761619279158837,0.11003552448526678,0.4322332784288213,2.5373459555000366,8.003790657269416,-11.624319779039993,-16.64477328020886,0.4523809522272875,0.12585034009318927,0.42176870733938715,14,23,17
2026-02-26 06:05:00,1,1.0,55.06172833161371,45.828381254063224,58.991200882068775,50.94275637063778,0.5866983509127361,0.638836839191735,0.6843337965218449,0.4563268737820096,0.2240756536862587,-0.2861983747958201,0.9623297855797988,-1.6745688167965955,47.55381603765164,77.08095931773316,62.00210844469917,67.34177215034966,-1.3747613816158613,1.276528795308562,2.0443982480026968,3.0974865637568647,7.237272517268997,3.886828905962516,2.585395567014371,0.033692572906551824,0.12054339541579823,0.4645665526687204,-4.877366992950272,2.9132666497511117,2.990462354417467,14.486609061470368,0.8124999997328237,0.0,0.18749999993822888,6,5,9
2026-02-26 09:31:00,1,1.0,50.272331116348575,40.57244748768535,63.46758066585068,52.35529859580181,0.554248582750914,0.2599243552524059,0.5946238571098852,0.6722710640908733,0.060887660483180395,-0.6797685013822015,0.5446253956334814,0.2334720580679921,71.28309570849842,56.10549897026436,17.618040872612614,48.090586143511594,0.8531490575526808,0.5085323205279736,-0.20638475478678459,4.650170939059168,-4.095459199543019,3.5217698069883947,23.98878346879968,0.043791996197193074,0.09341026979336675,0.43616169463954485,-0.7889827222407053,-0.5195879859720698,-1.0776038324222803,-5.155001072356669,0.2611464966487557,0.28662420363944335,0.4522292990748582,9,31,12
2026-02-26 11:27:00,1,1.0,20.069547924442148,49.42129627627531,43.50867373785301,40.85017421204218,-0.20580297665179748,0.4933522455129061,0.32985463065012616,0.458793491203785,-0.877395534420375,0.3688940838136916,-1.331158879956793,-0.20481575444454192,0.8869179600223499,6.8315870313618925,66.91781414506774,38.63975226369046,-12.061940827092473,-14.560670778067442,-15.55922737714962,-22.65776865983697,-1.4584108846031643,-1.825773954124428,-1.0186138572293146,0.0471297681466519,0.09979619910434546,0.3955348473831377,-8.31804659071178,-17.738718319759705,-22.97116174916125,-17.642482326186702,0.8051948050453964,0.17254174393834745,0.022263450830727293,11,27,14
2026-02-26 13:59:00,1,0.0,45.239428701887974,36.66993783076878,35.76358689697304,44.696196498429764,0.41258558666836764,0.15995613456546798,0.05297397829223675,0.4654444093499582,0.1782910393942423,-1.2834731262765615,-0.962395735970859,-0.9448823421898056,70.08598763835582,36.91184379776279,22.06638616072375,19.421593829500342,1.34765227213154,-2.0842392870285953,-9.133690019913356,-19.231561802604165,-11.946596631105951,-23.21158880130572,1.0338693013622844,0.04921583542399143,0.08420677362838072,0.42048281563997775,4.314168173238375,-3.8467226020078016,-1.0692606323758902,-14.603746653670813,0.6977491959172193,0.051446945321036774,0.25080385844020053,13,59,16
2026-02-27 04:54:00,1,0.0,59.1516103041551,73.03095410520515,43.14721667953841,46.20466134984362,0.7526436241215639,0.78608140857439,0.564382452758792,0.34454772652138926,0.060095921993096546,1.7233058502910013,-1.0641813818393873,0.29140847350517957,68.31395347843902,82.2636056621434,88.17995909660024,71.55172413555873,1.058379740434849,6.71690120739761,14.576061844362677,16.183567499005044,12.373292274009376,10.578194260546605,-12.32813205466185,0.040375670961398824,0.11128086788806091,0.48473822211762135,-1.5215613916319537,6.071592752252553,1.7917987636595356,26.499147758822783,0.4248704661010887,0.0,0.5751295333807765,4,54,7
2026-02-27 07:56:00,1,0.0,21.577380907427468,41.24268344991553,61.28421663911409,50.070162632074215,0.09218330520896151,0.041847144986073656,0.6322274049777479,0.6022623002941673,-0.3891531581112545,-0.28550614940324903,0.17320834524274054,0.6497082449994454,20.8480565334214,14.958775026806684,17.486338795906065,53.90362345708263,-1.6270595607074043,-3.6912290182792526,-4.573940235365848,-3.3734537756604372,-5.283823778612268,4.007211914789971,2.5140728946451123,0.01851756667764279,0.05902256038039769,0.4723717109138646,0.7524447218409946,-3.934020308415942,-7.190742641779435,-5.745713610882941,0.4430379741220664,0.03797468349591398,0.5189873411161968,7,56,10
2026-02-27 10:46:00,1,1.0,60.30927826518031,34.089695662646974,43.770358293713755,50.00263448548387,0.668777185116956,0.2092886183591408,0.18624010747709296,0.6216227054815664,0.24312792462473265,-1.0130155016975557,-1.4253362248867307,0.8560587329361078,67.86570741777508,66.72394928693974,23.251326578713446,19.514170039694747,1.2566352721374656,0.831991227740073,-3.1831372453743714,-11.219285498094074,-10.158240384209057,-12.184395437446257,3.030849678094188,0.026768249164604224,0.0914485706757014,0.3630251063667393,2.1814187522872786,1.6408015218916105,10.9939900165279,3.86156669553106,0.8333333327017904,0.12121212112021032,0.045454545420423376,10,46,13
2026-02-27 15:00:00,1,0.0,91.43546426054277,67.76406031327305,61.85055455732847,45.16099854710337,0.9837447588171682,1.1632007195427323,1.1593553782300112,0.5935534159466695,0.5124068442218797,1.0881698382450957,0.7209112053255438,-0.41085882369495047,94.10785191570223,97.45111661584035,99.84939758283939,99.88479262097187,4.863738042045491,9.597466840681694,14.238845393157087,16.405377712913978,14.191186631315256,11.641336467230376,6.808294839905475,0.0253483696661816,0.05864435314276009,0.3096825168777782,2.641984998539293,6.7523703231398,15.312028438279057,16.781974344242112,0.7253886006604643,0.23834196878851907,0.03626943003288184,15,0,18
2026-02-27 15:18:00,1,0.0,54.11449009323789,70.38478162622758,58.09284815516577,45.16099854710337,0.6187247868990885,0.8698699329108195,1.0504599227285198,0.5935534159466695,-0.3687947948963628,1.222660836009972,1.0943850476727288,-0.41085882369495047,47.44268076765517,35.05584949411466,71.18551042419439,76.45739909971063,1.5596746219042443,2.9243924103141765,8.03562153489065,14.843432856577824,9.671297393602451,10.073015353992146,6.808294839905475,0.033249041475588305,0.06348281862943642,0.3096825168777782,1.060358497568803,1.0217960668579273,2.4680907678953368,13.506475657265593,0.43549712371841653,0.27937551332782257,0.28512736213206813,15,18,18
2026-02-27 15:27:00,1,1.0,41.697761139575206,79.41309250060107,58.09284815516577,45.16099854710337,0.13136114826313822,0.846548387848252,1.0504599227285198,0.5935534159466695,-0.4605593563383449,1.052498228637146,1.0943850476727288,-0.41085882369495047,4.730760844830126,11.951804175325316,79.03402853572999,76.45739909971063,-2.1453027252905272,-2.280690048188384,1.5480179103333083,9.20457368572203,10.117131283593448,10.073015353992146,6.808294839905475,0.028782663067198986,0.06139956693639482,0.3096825168777782,-1.4655051895273719,-3.643686060780249,-3.7207724169319167,1.1765715668943244,0.5352112672288507,0.394366196904997,0.07042253516192686,15,27,18
2026-03-02 07:32:00,1,1.0,50.56548700547666,56.43298413134389,55.59766116983919,77.65654941865847,0.36732519605178376,0.7222405910604109,0.6401054923260034,0.9177217556183651,-0.34452743307269046,-0.285300138842846,-1.6362348007297562,12.779869222956137,19.915254234473394,18.24317508724749,72.76775935804834,94.19364881546953,-2.6326083106819227,-2.9934962772336693,-1.049084530238714,20.217213199697028,12.653182874456336,44.55897754972937,181.87556042597814,0.04525180528157878,0.10470817889143541,0.668859624310468,-0.16790245986442187,-5.630982336056745,0.9142345384738348,-9.021426820664535,0.0526315789242424,0.3289473682768142,0.6184210523603468,7,32,10
2026-03-02 08:37:00,1,0.0,64.96598634299986,39.45762078765244,65.0897701498348,72.28499580549199,0.8730743809635758,0.45636331775325384,0.5577928867215085,0.8404996120090804,0.6727793823974775,-1.0391092458727336,-3.5710986366444715,11.104317635876868,76.39034626690714,76.36188503719696,56.85402345099713,67.3241681596461,2.7218370062257917,6.200575844933408,6.282617688817899,9.833127194039436,2.5266309157328166,13.148486981240316,147.23657178423588,0.050385540070175205,0.12476507335634263,0.6282902874960904,0.31742030649706265,8.988915228549388,10.3545498808022,16.43895564941822,0.1374999999141904,0.3937499997538849,0.46874999970692466,8,37,11
2026-03-02 12:46:00,1,0.0,30.603513342303202,35.77605302494378,62.516704034822475,73.97841055706859,-0.006144513731055847,0.3394679650150496,0.6176994792542178,0.8188313964856189,-0.4355319528998027,-1.5009087463342325,-2.6312300891748137,8.241616454005552,4.528146546818303,10.58084203966755,37.97631487154465,50.48112999226549,-5.960655381198652,-7.549236609652977,-10.067864375917177,-5.476391681032886,-3.3513324387910277,19.588663796013236,151.24567912265567,0.05122692622066563,0.151221443266304,0.629895525485237,-1.4836965855324902,-6.117412045518744,-15.310946298712214,-9.16775773546985,0.1827982188462571,0.714084836954891,0.10311694396449517,12,46,15
2026-03-03 05:57:00,1,1.0,61.15400240324675,49.6628397417655,58.597740281532595,38.28814112784796,0.9096965051318557,0.5868718681179705,0.7399870064764748,0.39204751959752016,0.17586292099046386,0.36037665135163466,0.8429288484501836,-5.936630585128411,86.62280700805276,83.37893683074066,89.61638303750907,62.406606369201576,3.921112337534588,8.095803041409765,13.501473857231884,23.989161969748636,11.50656810395986,23.47685139704786,9.425336172482771,0.06415490881550616,0.20782968992145912,0.6385410616734208,0.8758843869882682,3.523105701559448,13.453337351296835,21.43792851347248,0.2884615382771878,0.2756410254640262,0.4358974356177603,5,57,8
2026-03-03 10:45:00,1,1.0,72.897553477808,62.3791674714284,38.06084526548366,48.71921425061895,0.8217314643614817,0.9434102550652675,0.34400091911209396,0.23997545614631685,0.5023544305412533,3.690955000187796,-3.644324261260568,-5.666654282431308,83.31034482184016,81.36666587865061,95.04396482560585,49.232854319405774,3.3786194812042125,9.650182839003135,16.325824690425733,-3.3014177343473596,12.988424075190618,-14.669313574685816,-49.48987384038121,0.06690026321525108,0.1839885664612023,0.590490932674024,-1.05140921691671,1.1830997024420142,21.979903819102642,23.243667982553173,0.17251461983263694,0.15204678358113136,0.6754385962938341,10,45,13
2026-03-03 14:46:00,1,1.0,73.67821700804018,23.262249413204174,13.859448280239377,32.31534699986098,0.6587951784540222,0.08478332384651463,-0.11351983908333065,-0.11602515006761746,5.031599940801659,-11.211437777555766,-15.836685891002258,-12.182104779133672,91.76120249444405,86.75080355331704,26.159006708590404,20.348157956147897,18.309142483092536,1.4918930441747844,-61.678852940908115,-198.02588632816548,-156.51121562525162,-252.8464704255831,-135.43191068663714,0.3416305364963478,0.7173588507515152,0.6826536999840348,-3.6199341600162693,53.9009218962172,68.7217253334338,-112.17364102317329,0.2576718891289694,0.4250938753818946,0.31723423535965267,14,46,17
2026-03-04 07:45:00,1,1.0,47.616777867811315,55.799522654386585,50.90673368505553,45.15067782145585,0.46024542751190795,0.35211867104261596,0.5537318565920184,0.5470030766417866,-0.10401502346233338,-1.0193560822866292,-0.6817195692280542,10.583255134745144,64.08185244673669,57.06336384542751,33.34494773402899,40.998791783305975,3.96262385831781,-0.22941261224918807,-4.292774228839266,5.200344996630326,-8.804586559864559,12.047855881949896,1.9377599663879597,0.07907943175353117,0.15049007566505254,1.1306566933881168,4.514300937250582,6.162163733340886,-4.200643647011004,-14.870262279328417,0.8736059476305996,0.08178438658677643,0.044609665410876756,7,45,10
2026-03-04 11:12:00,1,1.0,28.91023329029423,42.12346956038365,50.21077282549219,60.608865608939496,0.22113812712112113,0.14355639430004744,0.6933680082116788,0.6983219817284732,-1.3915496849246733,-1.3952472957329265,0.10108603492451618,11.745279912446932,24.29442403099658,15.886730998940351,4.295774647733814,86.46409330785166,-2.155330029072952,-13.662858861295,-20.527178531742628,-14.47672085243585,-26.087347484538252,19.38245844294629,-2.4946265197430773,0.08900615796645706,0.16760080674363118,0.7197872633024365,5.61125279470609,-12.061297673912064,-29.389884191473037,-24.724991811890806,0.6016427103488119,0.1786447638236685,0.21971252562218077,11,12,14
2026-03-05 07:02:00,1,0.0,31.047116550544544,49.287908386203796,55.04250951670212,53.617985860809256,0.25892081062625444,0.20697869991919213,0.6336757119181922,0.7213136101091887,-0.4591003497309374,-1.242638164013103,0.38710512488587767,6.461646140946149,34.46088794561942,19.590355749329365,11.658653845451209,48.76263506278268,-0.2625368319853347,-5.045277772867898,-8.706043804469381,1.8331691512013184,-6.703349610952237,14.053692490715692,30.978849845883058,0.0377205242041413,0.105496766976731,0.4960547477268301,3.0512268152627087,1.7571248031678088,-11.903205516083926,-14.227315095509674,0.5429447851093447,0.0,0.4570552145839068,7,2,10
2026-03-05 19:20:00,1,0.0,37.07381659983273,53.44096689142082,26.648983198508375,28.333848529232426,0.3024661654408928,0.21125763670817746,0.16237244094715947,-0.027340749735459954,-0.5701773000284893,1.049851062612646,-4.020921735228324,-6.211979211037308,31.203765969653087,28.217483949075255,34.34343434258713,21.55196828073666,-2.647698419181269,-10.636898805637106,-18.257444663701758,-56.812406912508436,-29.58143406152906,-70.12601658663124,-91.29015983724713,0.10041869614259195,0.2612803147579361,0.6096695909277707,-1.9890405833211666,-5.43352544258191,-21.816402200116602,-25.541203363973473,0.23809523804129734,0.3424036280403321,0.4195011336916132,19,20,22
2026-03-06 05:23:00,1,1.0,52.5847505073315,79.43715871199763,72.11095355443337,41.88646477484871,0.6234321172141603,0.7825581820110764,1.0752608245966744,0.6028763470396995,-0.6705304032240358,3.31299435091411,6.114792469089979,1.7400278452853364,58.17995909425305,48.03340149474541,80.03381710469161,82.62104583495638,1.1666473041373584,1.770876410462747,15.339878812143638,59.076158533958846,38.32062115113392,69.50140412874016,42.23403733679276,0.06733253006513153,0.20354691000631875,0.7144505679103064,2.846356225381097,1.4619669303073124,2.066371461459937,-10.513558109312982,0.45222929921914223,0.3280254776025194,0.21974522285986703,5,23,8
2026-03-06 08:19:00,1,1.0,45.57453411195254,36.50677405671697,56.622094861625555,53.09218202551989,0.7783783831254871,0.14586917799596041,0.599243834511934,0.5965800283725303,0.5049926198365153,-1.517837779410638,-0.4654774340949359,6.5596507837215885,82.25108223921812,76.49783507926252,28.528974737851748,34.63878326864689,2.243638315845433,2.1376099845890018,-0.6390489422803376,6.030222099500105,-5.379650185631428,14.911017413488297,20.879607274074996,0.030419229633007215,0.0809857511392176,0.6294756090408595,0.42900753980834594,3.6282240720963976,-0.19499125951782936,-9.74025657783928,0.3703703699131646,0.25925925893910295,0.3703703699131646,8,19,11
2026-03-09 07:09:00,1,1.0,56.78851171474933,46.88421051249719,68.15214601146707,51.14869222760749,0.7575871209498144,0.5038440535885965,0.688761246147904,0.3567766575586597,0.460082743019188,-0.45845922167078035,4.139918397183534,-5.506321618540577,63.65403303560413,81.29168290350196,38.34296724285416,87.39284489556006,2.3171754554823827,4.249989644837845,5.1930390549713215,12.129254994327814,4.061957070142789,0.2943063842168922,-36.731238639257235,0.04921083850136488,0.15101578465822962,0.8471705819143501,-4.337198542623266,7.663068626708736,4.24271054205505,15.613616095788707,0.6086956520083991,0.2201086955924531,0.1711956521274086,7,9,10
2026-03-09 08:55:00,1,1.0,65.87393656376273,71.41314778071228,65.10832382084948,41.416540236105064,0.5508835771201502,0.9962143297198379,1.1135796455336682,0.35678791893141665,-0.7853646994496248,3.942095264636653,5.04615583084981,-4.852976504712371,50.46588518032926,60.153724812189814,75.70469798530748,99.13079469993505,-7.864677816133864,4.202368038322302,25.40440681365615,54.10677534783762,46.51493691542818,51.89416340858278,-35.37932999767372,0.12344149019737596,0.21900887080265755,0.7923174928118966,-3.9017652561457172,-30.101053536872868,31.481233132431008,59.98034686506948,0.572254335094592,0.3034682080048273,0.12427745661156331,8,55,11
2026-03-09 12:32:00,1,1.0,81.23835253739632,69.19199872470142,50.501946315232495,37.717935371243804,1.034090288055365,1.0895735590622182,0.886269642770724,0.365488343797854,0.5156343387367608,3.3102099819810222,1.3916707412966016,-1.1915016032780272,98.9583333272693,96.50601118575584,95.78313252771558,81.3646055419755,10.216443153857082,21.594856890999164,37.32837927245935,51.16528219989384,37.803551907251574,43.73766274777214,-19.875795409818913,0.06172082367756431,0.17445836638207904,0.8143449300448167,4.114371734462718,19.28876275778757,28.283787838363494,55.446833072496645,0.4873096445463236,0.043147208110889235,0.4695431470889801,12,32,15
2026-03-10 07:45:00,1,0.0,46.024635986075936,46.31217835984645,60.126928538770336,64.15752179253802,0.25858831699478574,0.44525940102787637,0.5506852628178539,0.8165269675068357,-0.3348389412177962,-0.0410080088347915,-2.120369870916454,6.651739871009894,15.738498785529714,12.956446633872394,62.47960847777261,44.52598840882081,-1.052509394277605,-1.4238480568505565,-0.7851961243694425,0.5039978210321387,-2.5828432164595925,8.230991208199342,55.23063341412857,0.02381471295383648,0.08432575718892636,0.5626450332914371,0.17435828884693194,-2.730819623553149,-0.193724301261744,0.24604068234346244,0.0609756096819129,0.2682926825997513,0.6707317064988236,7,45,10
2026-03-10 08:43:00,1,0.0,45.77187804125993,61.90476187419226,40.130117414124996,71.66563783539748,0.5060974033592823,0.7210780841295247,0.646560261664671,0.8287805759184643,-0.07766590934150816,0.5558759181118222,-1.1799328596136345,5.950867182935768,39.83286907523868,38.85793871325321,59.818731113308274,53.615998519284034,0.5507374345776642,0.46182592600670674,2.4146727156626784,9.971247054187405,4.592931331427739,21.288328771377447,61.4445841437084,0.04670941581521603,0.07054977390603699,0.5182502864413339,0.46425569656394217,1.3155031073930346,-1.1411120426974009,-3.422555024339413,0.34414945885541925,0.08849557513430177,0.5673549650269947,8,43,11
2026-03-10 09:14:00,1,0.0,58.845437565250954,67.40806640143478,48.62694715463658,70.85317696059084,0.8486087611403402,0.8167696876371875,0.7703767306281495,0.8854859335496141,0.04312490050083495,0.8743394939606537,-0.6531930830014918,6.00732502863865,77.31213871715588,73.94084148413114,69.92393211996131,75.2390057337387,3.262525362525096,5.560528006156704,10.266693114896121,22.548305216485247,10.073135858059526,29.01090072611657,80.592570377472,0.04178782953599423,0.08866957001186142,0.46159041687974733,0.0965404721808838,7.245711746264316,2.877706178474604,20.818560249513673,0.021929824551867393,0.6885964909260034,0.2894736840835327,9,14,12
2026-03-11 08:08:00,1,0.0,73.0941702888672,63.77726745735585,40.93372966299929,49.75190697847493,1.063265348907257,0.4733069716906057,0.333596997525157,0.5538331468864065,0.47667907189367875,-0.04516159620350635,-0.5855436177715534,-2.664014543234657,93.8582677017498,90.81973739279401,62.85097191546406,39.003044138546684,3.490820743454286,5.038085588851166,4.941596315024007,2.6712928628875803,-1.9879541979003235,-3.412844210635734,18.353426710565724,0.02826855317540123,0.06320100882280826,0.4421004347986619,2.074280363959513,6.879158359953674,9.86050177075759,0.17282383586447736,0.5575757572376926,0.23636363622050593,0.20606060593574088,8,8,11
2026-03-11 10:39:00,1,1.0,19.840818631165646,33.42760179671848,43.38028849338421,36.86165273473398,0.008838004809582823,0.028111987489116343,0.20514259714983674,0.41959745783685276,-0.8434219840324719,-0.407376113644375,-0.9683893395130508,-3.6192149543543195,12.736921909568334,17.673290176350037,10.728862973131116,36.61553686113002,-6.230936201729563,-12.241026593213634,-17.411974350428075,-26.36943082481037,-13.882748079986252,-9.267926119602508,3.75420862266634,0.05408702427856586,0.09285913090710231,0.4048283087354617,-1.8505756543274465,-9.861828463895161,-21.893056842109402,-21.259546353987744,0.27598566298367777,0.16129032252277192,0.5627240141351274,10,39,13
2026-03-12 07:41:00,1,1.0,29.25925922891497,36.10744744106763,49.64874989741519,45.55207703607446,0.16562602765668896,-0.23409185271148736,0.4371798964736089,0.23915745934797597,-0.5108037359426629,-0.2808871177415191,-0.15897788546015024,-2.413661653937889,24.999999997222222,16.92453861164059,9.07278165412911,23.079537728651093,-1.5888236824151867,-5.427004512189179,-8.45741467889159,-16.044907294699165,-13.990479297828417,-9.20670077672698,-30.371150659565863,0.03435217012027171,0.06514766058022854,0.4505311776446916,1.6713909373677893,0.194319081647798,-10.152372947324073,-12.110590653303666,0.6206896547441789,0.0,0.37931034456616586,7,41,10
2026-03-12 09:02:00,1,1.0,52.01365182742778,63.04073071515546,37.52665636213352,41.613708841908604,0.7725589589817202,0.8811635139739801,0.4842315668719129,0.3242458853597493,-0.10210035175088161,1.5240428743432217,0.3385401876359957,-1.779643985233566,78.68338556760997,76.33228838929143,84.18269230364538,50.85681091923178,1.541745812068671,4.508828013116984,9.899654845610412,9.890367576904618,9.217301780029697,2.6677761305510512,-20.43483596301726,0.03779568746274821,0.09869582105929645,0.42105366727313176,-0.36846805527290805,0.21333602265860563,4.481968806662184,18.594348833480545,0.14383561633985995,0.17808219165899286,0.6780821913162156,9,2,12
2026-03-12 11:51:00,1,1.0,31.574780448969307,68.56411582453468,79.97636822522736,51.86297272183095,-0.2070866140285169,0.6152734117922426,0.8589113169743241,0.7827023005191063,-0.30975176389945525,-0.7010961231575452,2.9563139641054175,1.6488394672595756,2.1994134894213775,35.33724339658177,54.45507929650791,84.11037107356702,-5.113986495575084,-6.681474960547305,-6.387739523114432,11.302030282534705,7.098154920310916,28.31072236358476,29.650220552717172,0.03513596574088124,0.10440913498222884,0.4296955703092265,-6.255725968309367,-7.85701392930771,-9.573487615748277,-8.672894627321792,0.8514588857159099,0.13527851455281015,0.013262599466028003,11,51,14
2026-03-12 11:54:00,1,1.0,45.593154874016,68.56411582453468,79.97636822522736,51.86297272183095,0.363616452737505,0.6152734117922426,0.8589113169743241,0.7827023005191063,-0.1664146271987771,-0.7010961231575452,2.9563139641054175,1.6488394672595756,44.630404456812855,35.79730357473237,54.45507929650791,84.11037107356702,0.5839161738650368,-0.8192631634479909,-0.9073946882952592,16.071150461052596,7.098154920310916,28.31072236358476,29.650220552717172,0.037232071221197434,0.10440913498222884,0.4296955703092265,1.139408569703626,-1.6217609427837676,-2.7605404868014105,1.2746098679916606,0.24812030056528192,0.5338345860648426,0.21804511261799575,11,54,14
2026-03-12 16:26:00,1,1.0,34.80001184548658,53.80829620920296,49.747474733945694,65.98989331144419,0.31730863402164683,0.3239900678383219,0.7476460759565791,0.7272754885075814,-0.7873601733223516,0.1720005610982237,-0.7528195092241297,3.624363012533197,50.33294163531631,46.19984891543612,47.64359351812678,74.18440225122211,1.3901228493929354,-5.3574118080630555,-8.692509596284497,-9.931344234633082,-10.156123257244372,14.721560242023664,17.373514965472527,0.09054575925335615,0.13579832062761601,0.3822503850103531,6.075245984580313,1.9920222410241273,-21.66746898686789,-23.284414200214208,0.7910052907960259,0.20899470893942385,0.0,16,26,19
2026-03-13 06:37:00,1,0.0,39.092728449148304,33.69116430752686,61.29794581243121,29.303418008466153,0.083895092659705,0.20368376743078115,0.5461283567784292,0.34255676640267646,-0.22688159785649198,-1.246051034857313,0.844622051061283,-0.2576602953668825,28.91566264673209,24.211947242716874,15.433854906441482,41.83344092828116,-2.446454445186645,-4.740183267365993,-8.18102305814419,-7.808851071785769,-6.8691269885985795,0.28600522680437124,-30.306548960742518,0.03892919542833671,0.08776067907283767,0.46302223217106686,1.2530506398888974,-6.338753554543386,-9.50511780185237,-12.161751292186773,0.277343749891732,0.15624999993885383,0.5664062497787892,6,37,9
2026-03-13 11:14:00,1,1.0,45.558958627955,37.19482221004895,29.692832756159106,35.89364844532845,0.5739916352274451,0.015912668542534876,0.09615088635840044,0.23990032545796128,0.7609769608733497,-0.915078265765823,-2.055808882285435,-0.5135022290749269,79.25568572851323,60.423008743302496,21.808318263225104,34.21583459318609,5.271634769380659,1.9897201031266325,-5.95518880864764,-27.531733879437567,-27.32057492468288,-25.845224964590326,-60.729500254952164,0.07406078892674849,0.1482348398554811,0.3869527260366047,2.04852038721004,10.783839224195457,-14.060894489210662,-22.30202044515739,0.30232558129483816,0.162790697620251,0.5348837207526849,11,14,14
2026-03-13 11:36:00,1,0.0,82.43052279067398,50.46289898153272,23.450134765684183,35.89364844532845,0.9463196831937132,0.3805904861476044,-0.04516436652665718,0.23990032545796128,1.4977500725478232,-0.32079773379359544,-2.7839167473539517,-0.5135022290749269,99.9999999937578,96.27208019806123,51.34706814417196,18.563114589232157,8.223080217862064,12.18124102765432,8.013621608981992,-15.247400493060072,-7.566575851463249,-46.07653870471773,-60.729500254952164,0.057392052817562475,0.1518749650945007,0.3869527260366047,3.5640199388220495,14.370039354985042,32.06884533397458,17.272706658766346,0.5266272187792811,0.0,0.4733727809248609,11,36,14
2026-03-16 05:46:00,1,0.0,45.702811219283,66.61888181583811,49.60044948998381,32.241224120380735,0.3193208241671156,0.5122542984124224,0.4379301925350853,0.21128379487916762,0.0217981787574002,-0.14513999705676164,2.2775179101708396,-2.842927735627697,39.357429713604866,48.841598828227724,61.83228886714951,60.85448525838191,-1.000991163084621,-4.330970814169952,-7.07186409584172,-9.783206100334638,-6.277529354848848,-15.089183230461657,-77.0547038740368,0.07462410728289065,0.13736700049871575,0.6676927769874863,-3.2955608794948965,3.477673436471651,-1.7579028219338877,-14.842818739058128,0.35294117639365974,0.38344226571170376,0.26361655767677156,5,46,8
2026-03-16 09:07:00,1,0.0,47.246770859182405,52.637517609677566,54.1417871680873,42.57836698924471,0.6204285462634617,0.6119044774566449,0.6705532324544684,0.32436685100174706,-0.184515630983616,0.4050649844869112,1.3921192869708992,0.6678434677840492,69.84352772833387,75.15410145919962,80.03544004252566,69.61538461294911,0.9226705488107086,2.470664667702683,5.474959184966954,7.940056912594388,3.7832897910800245,6.116490734161995,-48.05153212543702,0.04411931132706041,0.09438917644197911,0.5794117190659819,-0.35871544000753985,3.8279000080754244,0.05978840882159275,23.652161406024774,0.07980845963261743,0.15403032709196057,0.7661612124773374,9,7,12
2026-03-16 12:10:00,1,0.0,31.018276739724044,40.0804386148482,38.13467770335024,33.6893032009458,0.24789811738320086,0.057138664711082206,0.15407798995638006,0.20447084584190156,-0.3695771830443042,-0.14208192476246584,-2.5370856204678267,0.2122515497604347,35.60606060305946,33.30324181763379,19.999999999154085,12.124170245760961,-1.6910761305680009,-6.584269847880517,-12.751306605768788,-33.63659194751111,-21.140663584944004,-27.59841442341578,-79.60942990468939,0.062382236992308174,0.15746287018928687,0.5539581164196088,-0.9830681557154719,5.92255902733374,-22.92728569203706,-7.3983553195489105,0.26130653253213537,0.547738693191974,0.19095477377337808,12,10,15
2026-03-16 12:42:00,1,0.0,38.64583330515483,33.62526669799158,33.36048405321159,33.6893032009458,0.10639991776742254,0.155602374817247,0.19795006419517192,0.20447084584190156,-0.3358787945596263,0.3378776392232403,-2.177465470698902,0.2122515497604347,18.534961152216233,28.708842024190897,21.17962466374316,16.153709304106716,-2.8121195883071297,-4.57046286177878,-7.032240809256999,-25.52089288714223,-15.318526561676256,-25.729071091925054,-79.60942990468939,0.04916610237504045,0.12665336118645737,0.5539581164196088,-3.068804399822822,-3.068804399822822,-9.541210110075582,-2.2466298045531463,0.46417445468398455,0.22118380055415718,0.3146417444503318,12,42,15
2026-03-17 09:20:00,1,1.0,57.37439217702513,25.24597494737256,37.70392748447331,59.57688561199253,0.6011742613727886,0.05350125200615866,0.03934093308177693,0.6839349960519507,0.8501599334547238,-3.119392208805048,-2.0967510175655804,5.475678589814249,94.30199428856577,56.922946752798715,14.531043592747078,16.063408189800214,3.3719158331679333,-1.1780388544965492,-14.13301855711443,-26.075332275038505,-26.985367571024078,-24.41037128108157,8.11755979151426,0.06573743922204174,0.13352369532181646,0.3809647112887318,2.234634642224176,0.638365146858888,-6.379172003408984,-29.197631968622684,0.374517374372982,0.15444015438043013,0.47104247086048745,9,20,12
2026-03-17 14:10:00,1,1.0,55.41619151791339,40.78462347101135,33.92967303156448,45.69125980228275,0.8920702480759158,0.38469844806583026,0.05220961544383486,0.31206977374054135,0.5475108473247328,0.11131195244722925,-2.3373656863052905,0.7874229779720947,99.22380335068911,95.08239014770025,47.030105775142935,22.236981933521385,3.6996838114946824,5.527606104520412,3.428384364559268,-12.507086175244481,-5.368112647496055,-26.41388163362107,-29.631603323472163,0.044280799906249,0.12480917932225259,0.3566639386287162,1.9387223819511412,8.900329312186983,3.058327095080138,8.800237606416683,0.5823529408343789,0.03529411762600176,0.382352940951384,14,10,17
2026-03-18 10:31:00,1,1.0,55.192352988827686,50.059358895890625,72.21207030296715,58.38481905240678,0.6264394910487189,0.5518959793751244,0.823539720811276,0.7709673307607402,0.20516431930962753,-0.729484909973185,2.2239414289898045,0.48942079139539363,83.48348345840755,85.20181621029708,29.673590501516927,79.47459584066243,0.8271196749614987,0.288143787348151,-0.23960199046297598,11.666802756947641,4.982756904488043,15.16038122678677,13.604476458989804,0.024072231525808983,0.06805525589383593,0.26497605004144587,0.3593850921057573,2.196645721981305,0.8186369694462847,-3.8318343609766714,0.3508771923661823,0.19298245580259699,0.4561403500768348,10,31,13
2026-03-18 14:30:00,1,0.0,29.928448052825573,21.46422628535123,17.38291776241263,35.360502695011775,0.2653247338689746,-0.05549077216781162,-0.15535870298307491,-0.2728891295460885,-1.8242499365180795,-1.9350042458406334,-3.8683384118786446,-1.7168398714634678,31.868923297376792,13.54206357963959,4.496644295201924,4.025313413625901,-1.105791739079832,-11.717343269772984,-23.006725478190504,-52.1823836771647,-51.44712463207382,-72.10480356099227,-57.9118394227619,0.09334373401173335,0.20124140003732927,0.33362162861672207,13.317933840788498,-18.533422105738715,-34.03245352468276,-23.698423964200188,0.718279569815256,0.04838709676897013,0.233333333308247,14,30,17
2026-03-23 06:13:00,1,0.0,41.073453640685265,39.074954572340275,30.443643202927632,16.785978032547007,0.04863424386769348,0.12151620390831401,0.15337098862322132,0.05633610890667038,-1.394069520376786,-2.9300882673131845,-1.5494671121154653,-19.933931798001254,5.402264501598348,7.127823700813198,2.4240188845910224,23.703364089497164,-16.920283650116605,-32.692272017526726,-57.27328476962689,-132.2805717121929,-74.02120630281843,-161.42743951712202,-375.24800770710914,0.15252681508158,0.45248545985991373,1.5951993517968344,3.266060912037183,-40.5097032074564,-41.832334081676194,-72.3148159772835,0.4814686524139229,0.4918600621781615,0.026671285061535276,6,13,9
2026-03-23 08:06:00,1,1.0,80.91500131429402,63.23353292352993,34.53048152531508,20.566583502686868,0.7908770922423052,0.7734200296226448,0.38074455124592255,0.16209172840107794,1.5196504836516196,2.3982748194910224,4.768552244147095,-16.036533704794053,83.93880186495436,80.3954035142432,72.66208544748675,27.549224968349197,6.653775024369955,13.891635721034245,17.99155956714119,-5.596399999196392,12.617458256260928,-60.09555765503895,-296.20867238907846,0.11166017923817252,0.24311827315846862,1.551786427770852,1.6917359840240564,1.348770275846345,24.60240208532749,0.9372424726272754,0.19111111102589795,0.19111111102630218,0.6177777775033554,8,6,11
2026-03-23 14:23:00,1,0.0,41.14633459893066,71.51074486669518,73.75656100548426,25.425366789551916,0.3475190887030639,0.9579294459481495,1.2979581280625008,0.2346211939735921,-10.751288676200268,17.316822352806934,22.391177938313962,-9.568878515237841,15.42094136367434,11.625901937461244,69.16914213669476,97.44708470018593,-25.83721597565305,-9.556643454748963,78.724419908285,207.24171406982305,220.99728700366438,402.1964608407376,-280.58954776947184,0.6050610400289763,0.7800909607934925,1.9203002040928685,23.85212781621293,-55.19408490154865,-59.837503991442276,247.53196053950433,0.540670143227169,0.2373673799534059,0.2219624767594838,14,23,17
2026-03-24 09:47:00,1,1.0,45.564216766186235,69.44708833631323,56.84723496860043,38.21021267741714,0.2027409928523877,0.7334656527174822,0.8721407022437722,0.35427335165935914,-2.0432901540441373,3.4283777988511037,6.432848970463349,0.29608825318451437,27.622950818542257,19.97267759481062,70.25555723468531,74.58984627212762,-4.13522058911829,-7.163613213454719,8.052776719056087,46.35836886242287,30.251935178844768,41.216189789927434,-82.65146723953927,0.15608294346850005,0.40315220383550876,1.425978474537869,0.9363178273780193,-16.853376761990503,-26.87956551800097,14.017403990500554,0.11294117644412512,0.31999999992462885,0.5670588233959519,9,47,12
2026-03-24 10:52:00,1,0.0,71.77481123016989,66.25229703894118,67.46743157078646,54.323605032341185,1.0547801722105263,0.8225079447403822,0.8860152392594467,0.5537079547034577,2.5500800489050537,-0.0929612079929143,9.52118114017936,3.883546114574898,94.69871583487792,90.99503360147709,93.65570379189572,83.91436382993962,21.26558172511236,33.76212263558804,44.10058388818639,102.7721319843646,55.86532890210255,73.83434967369907,38.73325469487808,0.14454707941959943,0.30085007571933203,1.2883756637015238,12.843022315880415,46.166428272456095,53.62459829795219,28.148377958210347,0.7278920145415928,0.2031033177491307,0.06900466758312537,10,52,13
2026-03-24 13:58:00,1,1.0,61.29774503317595,59.57037035801429,51.19537286084332,47.09296405493507,0.9291129139980361,0.81330902122472,0.768329338328406,0.6732658990946097,1.464585260297841,-0.39060515664865036,1.9149729807361773,10.24983490996335,80.83806197813733,86.80439767527098,79.50428979601853,86.2592327832678,8.761862426159462,18.717550695595655,26.15181389737608,54.46325960430514,20.343080049066323,54.573891570047344,74.50900518978202,0.10864201553549377,0.2057551373864916,1.1613936200549917,-6.389992240564135,11.853332776732284,26.78604721060518,29.664575325030196,0.6304444443044444,0.3451111110343939,0.024444444438939585,13,58,16
2026-03-24 14:11:00,1,1.0,37.48633497000441,43.36126248486133,62.06359387089836,55.69970105256983,0.34905888895339204,0.19027926224970984,0.9141770595938731,0.7580926748867172,-0.6935210477851226,-1.7265324073296906,2.326733194909533,11.689672659733386,55.34969556860462,56.764074767522914,57.50032695326098,94.32090928739906,-2.6777869668227052,-12.88235756625804,-20.396543486930707,-3.9695911671471267,-15.518180495566916,72.98719380107579,93.51428146053118,0.31802289049738597,0.3323666682357626,1.1090595918165056,-3.2633984033836327,0.0453399795685705,-49.866407112623136,-26.002580360409144,0.15409663863924578,0.28707983190265024,0.5588235293530619,14,11,17
2026-03-25 06:35:00,1,1.0,46.94804762907412,28.0846703047618,65.4633632178801,76.70199012802087,0.4510480868454643,0.11260593372820259,0.6341645819562053,0.9893065210838389,0.08854430439101035,-3.333397047627633,-3.372288858815992,21.994982225759685,47.81071835258717,26.6065079645888,7.127422942259614,58.515216722126084,1.510665575594235,-1.388363149773895,-8.611376504417322,14.883013495258588,-13.030643688546208,59.473464453280734,268.70312848919644,0.05104463111592988,0.17108719366019204,0.9899846571149633,4.264254308754545,0.11585218572696121,2.4115905018762263,-7.114297291127558,0.5974943782210115,0.15097976223875106,0.25152585921900394,6,35,9
2026-03-25 09:00:00,1,0.0,38.45101104518269,36.058059577830115,31.17661154521295,73.46679526342851,0.17107736906050944,0.12070420129033092,0.03485456987103442,0.7677777050253982,-0.5503948869578252,-0.8144582932251936,-7.659506895793328,13.556144902374228,12.623591629292196,22.717137443321985,25.640297113056285,11.868036898343592,-4.1250087278729755,-8.023613095364636,-13.30768833058864,-24.680317380273106,-20.48512995819775,-8.909738832536465,148.12436176211133,0.07586023362768987,0.14717511373541764,0.8309314551720259,-0.9000672855175029,-3.5181221699198684,-18.758087507791956,2.870320795136383,0.16538461532080276,0.5461538459439296,0.28846153835065225,9,0,12
2026-03-25 09:38:00,1,1.0,42.27005867946333,43.8361559588589,34.212790359631,73.46679526342851,0.08140277311777372,0.4025646173086976,0.13639152035762592,0.7677777050253982,-0.14705077991357307,-0.10012105801930193,-8.523280752230335,13.556144902374228,5.591397848865725,27.367675248984202,60.48632218666467,33.11043071485861,-7.128977558078198,-6.0292842564050675,-8.459117451960218,-27.780298067547637,-6.758792545784268,-13.359151350520726,148.12436176211133,0.0554861418150266,0.20101245115054195,0.8309314551720259,-5.318511827645533,-15.631706457629457,-8.414706622241752,6.66711407476317,0.8101694912506426,0.013559322029290428,0.17627118638108388,9,38,12
2026-03-26 08:48:00,1,1.0,32.563872692605386,12.68335475085108,22.435712385088934,43.60436395420358,0.14988600890639708,-0.09327921825476476,-0.12288691361972871,0.2933814033160119,-0.9761397947065653,-3.440335667168101,-2.7966412832355942,-6.801573779223073,37.15629522296943,20.89866360402353,7.185019336291145,5.9890285971682005,-6.297690494743817,-21.553604798012767,-42.527810389487875,-72.26491900989082,-52.88925928605391,-68.33699549400977,-10.901426873743645,0.12320476913042705,0.1577279476517592,0.7146847146515298,8.358765361187181,-24.570544528264016,-28.81302152626497,-69.14652387916887,0.8598574819809981,0.1330166270468833,0.007125890734588881,8,48,11
2026-03-26 11:49:00,1,1.0,42.04261853352685,22.13684054514718,25.945165787197084,30.18643962780658,0.2856259872585896,-0.10585644119164869,0.1604866273499063,0.03900550343931789,0.27774320354380855,-1.8476422823833278,-2.549613862099527,-12.620625509716366,46.72399672208264,53.96413305935693,13.53044840388602,7.028786491638289,-4.169950675067081,-11.797525858627571,-27.390485935650556,-68.33378991956992,-56.004546210395844,-100.43191298916277,-119.3823539144587,0.15452546472516282,0.2860711453302694,0.7931656087157478,-4.744577907662695,10.182135782175195,-30.871813245809676,-47.445555156864216,0.49999999986702126,0.2765957446072626,0.22340425525975863,11,49,14
2026-03-27 08:43:00,1,1.0,84.45366525083452,88.90848518038844,74.00989183486104,48.916220120593614,0.7256104134024783,1.314372909942318,0.7310546324139695,0.7618413499209273,1.1001562685354598,1.9815193956586983,1.3342407979673663,7.952795424470814,78.60006166886977,81.48722792647357,98.4915924802557,80.8046683021863,1.0710198784132035,18.211254811975653,36.07386349999813,68.77016848246082,65.48006068255748,33.94024640797625,38.429477164806876,0.12032776113819364,0.13399897461820956,0.8477245346305426,-2.30476358831444,-8.609460343370623,58.19286940372148,53.89258611281589,0.3322259135108643,0.6279069765353401,0.03986710962156961,8,43,11
2026-03-27 15:23:00,1,1.0,50.62103227411806,69.65412507592487,42.03801806499715,59.90772099917186,0.3237476304804357,0.8783523561767276,0.3951184911463209,0.5343586345117743,-0.9412187632244475,1.6312738582038016,-1.2559176607807947,3.220569671156058,9.609784507300708,20.505647249192837,65.3886594042268,59.56889018178003,-6.761495917536285,-8.091746538506278,-4.611857780651457,-11.63521096536666,9.207382144091588,-7.163659486751177,-24.831341625042736,0.08101263039834386,0.16352011079275897,0.6043819916566001,2.3995608350912967,-20.597810805041973,8.539525886428478,-10.467617644831506,0.3941605837977564,0.3978102188330008,0.20802919700427924,15,23,18
2026-03-30 07:30:00,1,0.0,53.586206844812516,32.66264251157399,69.46620634064219,59.20055985247174,0.5380042633689793,0.29451746926471856,0.7026784382000502,0.6804457982156981,0.4008327793230442,-2.7563069211112285,3.546173653044944,-0.5004913111250389,43.38235293586033,43.0555555502761,12.231710880532392,68.59168022230325,-1.2715867407474897,-2.0271116690897992,-7.020020130709955,9.56106082001661,-3.897456161926936,16.360680277298194,59.468415353320616,0.04506839551326406,0.1305081410706364,0.9532150892661533,0.48993244499806465,-5.074656431292013,3.608809504980215,-11.38852094920595,0.062295081946970345,0.14098360651098377,0.796721311214177,7,30,10
2026-03-30 11:14:00,1,1.0,69.25515963510037,52.03084831656487,71.30698378222785,52.23034062365106,0.7378171669580142,0.6776772075080522,0.7189447007416355,0.7806889457453958,0.10167846480154585,-0.6726013697597102,0.6898475194969294,4.6571875682753525,71.01449274719226,66.50510548661451,95.04459860777784,63.59133126836588,1.4389308722100995,7.024242034890904,12.19316472923627,28.248319920683645,19.28919928935114,32.95495418166424,92.58204395822806,0.06371078577266136,0.16050603346747774,0.7913059380212336,1.3677702587178153,-2.690326841634505,14.535124526033893,27.93682252375973,0.42553191459212325,0.17730496441327717,0.39716312028537964,11,14,14
2026-03-30 11:52:00,1,0.0,53.48333444561892,66.23676811937395,67.00412946779309,52.23034062365106,0.8429316519894521,0.8033025356863817,0.7311136730602903,0.7806889457453958,0.0977188144223351,0.21865872591522706,-0.014856378044356688,4.6571875682753525,87.4768245259691,81.28455403511398,87.65971918147692,62.02227095488345,2.7917210482755057,5.008004381858105,9.058959564942764,26.089392901860993,12.459955891260352,34.80687052115781,92.58204395822806,0.04151902082563912,0.1361212288135637,0.7913059380212336,1.5432864284514736,3.0363180685410995,11.822689234752826,9.929445771434953,0.4877551017093018,0.505442176526471,0.006802721083954983,11,52,14
2026-03-31 05:16:00,1,1.0,44.107846088533186,67.83594447738145,72.0053536732955,63.49955793632474,0.12417488282749284,0.6528083286815923,0.8913086433779284,1.23053898075569,-1.4443270433839608,0.4304457291049886,10.621613244660407,2.1473012751568152,12.03007518714904,9.728083937002813,66.15507960066316,78.44324481997103,-8.042707895555882,-15.489756261980153,-5.183392658726563,75.62156712337143,36.00575063781627,98.20069240392041,174.73175062705198,0.09848737407435636,0.35334821258350846,0.820877012474698,2.245860693403934,-19.993756030489696,-17.278956124727742,-36.3662980876589,0.3498233214310897,0.5017667842750326,0.14840989394052073,5,16,8
2026-03-31 12:00:00,1,1.0,38.524388416628724,67.42064177124527,55.42255746607214,62.69775939668097,0.1200225524903355,0.6421171003384187,0.7167380837560182,0.7170917630993414,-0.5257434142588608,0.6033683561925085,0.17227356762450752,0.6208800117374302,31.09243697152286,20.821942508321868,63.89774630795521,65.33940181884691,-2.7559913892086114,-4.971257832884842,-2.8471571448399735,7.143692961776544,4.962673790845066,13.307944977076005,52.43206936809632,0.058514615516826546,0.12461489888644689,0.6838910432632934,-2.0861663311588785,0.27807531593149193,-6.745701283806804,-6.986216608160234,0.22892145082185952,0.06005284649049224,0.7110257024474368,12,0,15
2026-03-31 17:13:00,1,1.0,52.3609138440369,69.7094100564192,66.15430688011101,67.25896955951873,0.5495591115853278,0.8871547633300945,1.0558904997587057,0.9376118838813059,-1.3368510192604965,2.8205031750153466,2.801467715412034,1.8502973126910973,35.36261914482674,31.016915073496875,65.3725626729558,96.62515566504821,2.9187471342522113,8.316681120090275,26.275280846328126,60.748144681248945,36.07270388957601,70.7168425666064,110.86289816441436,0.16180296987031223,0.2569880910114198,0.7729990462659493,5.563472535916603,-0.4707551498328577,7.598952473546472,48.00784762527543,0.49366336623902746,0.3063366336026647,0.19999999996028797,17,13,20
2026-04-01 04:08:00,1,0.0,44.11806241183955,59.82797067796128,72.35940388324802,83.44827585703345,0.33302140010499603,0.5652798939972525,0.9211846711224159,0.9403833138171762,-1.1827251720453829,-0.5007988213325927,1.078821568954691,8.503547837414331,39.38356164271222,24.800228309794324,37.65639304126768,80.39828834627421,2.1171544233608977,-4.759080486295407,-5.379048943711032,23.647008575932794,7.199775590241175,58.9280083394557,183.53325722128008,0.16866976889431654,0.21405754437544555,0.6800951981639731,6.787847837306238,-10.684407456144074,-25.113450649628668,-1.998424646102448,0.5212418299802818,0.14542483657745245,0.3333333332788671,4,8,7
2026-04-01 10:01:00,1,0.0,62.38298810078233,69.95252900106993,69.41441440565904,77.70397177567496,0.6911941432371843,1.0175404217166493,1.2196987491246727,0.8837896658361329,-0.10384108473172926,3.279995390156545,3.6184203422639687,0.8438025548515924,62.64591439200899,70.25248036945764,94.70763131625935,95.96554850262962,1.064720801605334,12.261014298468835,31.834257009984583,67.66092712997644,56.914835732332904,77.84292415794135,161.41039647787434,0.08367502978843815,0.17879359924955232,0.6130430836701214,1.7706236403003395,1.9885573333855433,20.303471194185185,37.55603417620268,0.1432098765078572,0.2765432098082837,0.5802469134369456,10,1,13
2026-04-02 11:51:00,1,0.0,31.183341786780048,44.50610431864418,39.2859074895862,27.498987632355224,0.176554193529015,0.2989217497899992,0.46239705623477717,0.1642284779811453,-1.0947204514364919,-0.6567607855121382,6.195161102951449,-21.231346991810753,17.947368420107267,10.274267111565644,9.076863653567935,60.75239645457737,-3.6564624546278557,-10.973773928914168,-13.793279841050303,-10.382394192324949,-8.390061480861727,-27.919443296188803,-113.41137808425464,0.09681277353848709,0.2015150909411136,0.9564828196229263,7.265422535134292,-7.06069063054926,-23.819506343425445,-9.023819212747863,0.7031963468713822,0.24429223738707534,0.052511415513231914,11,51,14
2026-04-02 17:40:00,1,0.0,68.75331804931872,82.67332110741893,62.66113918520494,29.072576122321905,0.9570115985789777,0.9376541047294806,1.1156422685079201,0.36803688767901593,1.2455275333391524,6.738518733286202,7.433434160306037,-8.743678957094055,80.77131993262441,66.90476190294483,92.54147421271846,88.66315789380309,17.91115721659873,37.639286781702715,70.6161024672064,128.56190796044197,101.82495687791865,87.88499708914824,-35.605980001513196,0.19213556803897436,0.38005246041772567,1.0606530026216863,2.3616513895352576,11.295659071812736,50.06700752044679,87.43799572491939,0.2559864050276808,0.37586899422588294,0.3681446005919484,17,40,20
2026-04-02 18:05:00,1,0.0,46.618159447758025,71.5605065124071,66.84851219124263,35.844049748749725,0.12397727052734743,0.7270320321993402,0.9923020919750909,0.5080537080819872,-1.6819001522174122,2.5679501914560916,10.8004177566183,-2.9672020651496425,18.415841583248167,34.554455443835145,72.26439331904317,84.42399798265316,-9.329788903947216,-13.089330270408045,2.3689817314872355,69.53394616252108,51.70495612978163,99.2341575043791,36.84536703653902,0.14732364015325888,0.34726210073144526,1.120867979508839,-16.21574850420915,-5.609893602367411,-6.913618052648562,-21.715851183428114,0.8022075489502486,0.08672514042697153,0.11106731052422858,18,5,21
2026-04-06 06:32:00,1,0.0,36.99273812396807,18.355283420806245,56.284670284127536,59.778295902004835,0.19269730890795694,0.2878166306817781,0.49425504972339807,0.5898711767424972,0.4039590107844626,-2.9721175483641353,1.7300516229160157,0.3847171708373498,27.44656917577001,37.781120149534466,10.535405871966084,41.67487684670351,-4.465157733089297,-8.356012515123975,-18.53558518123331,-19.717558482789205,-16.204249706479466,-15.850575211550986,-8.32606277031303,0.06493555606423988,0.17857779235491433,0.8122584530946971,-5.831212319838963,-7.881318145060989,-17.430190254409396,-23.99386895208466,0.5018382352017408,0.19485294114070734,0.3033088234737284,6,32,9
2026-04-06 10:38:00,1,0.0,94.02618647165201,48.03329275311983,55.53092606038029,51.32826721604412,0.888774643806808,0.37024981277434604,0.48419330124239907,0.7132259769960894,1.120078669330455,-1.2526605777658228,-0.32542775531009127,4.022655475157608,91.29720853108911,93.48997567201191,36.60360756548354,28.111311516925756,3.7764156119382477,7.0061152245676155,4.363618002505281,3.4851227479679765,-4.508347192583625,-2.3598088201528875,28.13311870250733,0.042189580953139204,0.1393047916138664,0.6388173061805356,-0.8375847920383261,8.254487571512925,14.669711026051857,-6.224839039615793,0.24598930468132293,0.021390374320093893,0.7326203204638237,10,38,13
2026-04-06 12:20:00,1,0.0,36.94817653385083,69.09121898974233,70.09445350897009,61.39423169630471,0.528731379099268,0.7675257190787151,0.9621568443458322,0.9327305368273225,-0.23780441930120233,0.1523792007098166,3.817641266754949,7.410564322232433,41.73228345799277,41.3648293898107,83.17476213905093,96.61772067250757,0.014442767840125036,1.8461312157346823,9.022346000722164,46.582316337672395,25.457790211194332,65.35431032375708,78.0228348595567,0.04714621756474944,0.12203634433823579,0.6507932958480365,-0.723403485741736,0.2702393299092165,-1.7657714772589816,10.287901491745632,0.19745222917377442,0.6369426747532888,0.1656050954359941,12,20,15
2026-04-07 06:04:00,1,1.0,39.11191960360545,69.0544479742623,47.854396355979475,38.30643103314786,0.2482471833531917,0.7653090068530202,0.48073134828566766,0.26470204900465877,-0.6629982396402729,2.8582776169209074,-0.5050711519272841,-2.8375376580510836,22.00258397647987,58.940568467837494,90.78817864786409,70.75041459223075,-4.793827436744896,-1.2365251354668765,8.569495438547914,4.680437612720386,16.211028665500542,3.8067957977258615,-16.833540647316095,0.057900545136518516,0.18072669467085378,0.4834523949048094,-5.784401383268634,-5.176171546970032,-6.472063263666117,21.936033379512665,0.7493755201918687,0.14709963914866392,0.10352484038192088,6,4,9
2026-04-07 08:02:00,1,0.0,31.861901341900065,72.8916120786835,52.76736094588664,41.72797122295065,0.1292018959226839,0.820397184497297,0.7819584606313783,0.4230303131738994,-0.6646845590749462,1.2575512948552312,2.41991050936183,-1.1992994398993004,25.58608058139312,17.648231437304986,75.47362206431922,90.43793023893679,-1.1482041674676196,-0.8584404897477301,5.589577894987347,20.003549000314653,14.675702424276967,20.01854244240233,3.9924892290413565,0.03690660276369769,0.07895050875162378,0.45842468263425373,0.6803848273762014,-3.2032178930518906,-4.575703763833872,7.7537112032532995,0.18606060594765264,0.15333333324072373,0.660606060205563,8,2,11
2026-04-07 13:21:00,1,1.0,42.87770428640649,40.48643671041089,63.41154856398854,53.64777598776617,0.11408853163589017,0.4101570881122361,0.7404635207225874,0.7304631895753748,-0.0911021756721454,-1.6480902992938202,1.8044121115033587,2.2264130483783724,60.888007488518994,76.5328044909079,51.5809330728496,69.46077578588545,-5.885507371654478,-4.6757155355876305,-5.211507617929488,7.476437445058425,4.781228660147352,26.820972210094602,25.489639399632967,0.10142508395254855,0.18902441147722876,0.520330519015866,-10.282483991606028,-7.02900882849522,-2.7383615356058044,6.816042862052285,0.8884297518825667,0.03719008263700321,0.07438016527381851,13,21,16
2026-04-08 05:51:00,1,1.0,16.421568616182626,59.39964383537058,44.777521479343484,77.82783134690786,0.17800299695396657,0.41810082145715866,0.5536363536595063,0.933120046901334,-0.5841903621221434,-0.8139646168488981,-5.057215469177802,19.05283009806931,4.299754299489137,10.401310400671505,32.60416666553551,26.958121477742875,-3.7932080679357725,-8.651702860166129,-11.45474786259186,2.750897689492948,-8.784045722750506,39.14970414331375,204.18175578629905,0.06150444931338669,0.1363305929185812,0.8416100288289023,-4.618058480846399,-5.740725140944702,-26.65097497112301,-15.480696402763172,0.5184275182999815,0.3882063881111524,0.09336609334316592,5,51,8
2026-04-08 15:32:00,1,1.0,37.483787279512036,49.75670713404802,44.50599448753233,68.31938082695974,0.5157762446036994,0.3247601278745796,0.26282854921279386,0.6189062976292711,1.038566191903473,-0.8804690408543947,0.052016329142996476,-3.275047427824177,60.26081592915041,59.44646482922459,40.633279315775354,40.633279315775354,7.7587117524506795,2.985091431469994,-3.884274327133968,-8.201736490984416,-13.562992530323665,-23.139135504966067,65.63371025295775,0.1499544383491775,0.20915879743098087,0.7125278895390521,-1.7120910164281078,20.96837479400593,-29.918707311969996,-27.59327307240156,0.20951276097209773,0.48654292332109617,0.3039443154747875,15,32,18
2026-04-09 05:36:00,1,1.0,59.82241948737254,66.31675032112128,53.544260021182346,38.12612239922063,0.9830453432544556,0.743013911311102,0.8870198089922748,0.2985659282071826,0.10632426715750554,0.6278288473301012,3.3789307359433565,-8.77727239786078,87.94435856446263,58.42349303578968,84.55045871249342,88.94702419591371,4.40050348447309,6.728334733428248,11.518168975479824,23.18604073458339,11.391944991714977,13.530721154773182,-28.219744472331637,0.04413343279717974,0.12302999276454053,0.644171811586465,4.865804291005471,3.4478856317310402,8.359407984610545,14.590425165836862,0.7191358022472063,0.012345679008524887,0.26851851843562685,5,36,8
2026-04-09 06:07:00,1,0.0,27.99285287066691,43.737854490316,53.59936152633353,32.35080754428073,0.21891736283246954,0.34008737322083155,0.6172090724463974,0.267418365467731,-0.4472935063338599,-0.9385095517173898,3.0847200285092917,-7.477220627536199,12.560429721340416,9.663740959047239,19.80791618045466,60.098522165745194,-2.606847047375768,-9.157519191957425,-13.800707602828666,-6.993094054406622,-6.704771002343152,-2.449561539055444,-41.64607262414832,0.05812575347217136,0.10955225288560291,0.6312770052472242,2.8694769726045344,-4.93131235000277,-23.83155677154192,-30.11576400757221,0.5274436088240493,0.4725563908000109,0.0,6,7,9
2026-04-09 08:06:00,1,1.0,27.0149253449097,63.998625870971935,59.838207830271635,37.003149084942756,-0.09831506537530416,0.650579253444788,0.6261545721540405,0.3210536537953913,-0.6578493332446453,0.577002255725753,1.1705385564100657,-5.331085891901667,1.2310722637948799,2.7364064408614124,63.06479522764289,58.09358751965016,-5.178264968459041,-7.119773496834319,-5.559931136299794,-2.000416318435768,1.8357632275441156,4.638024115078043,-29.883825369091678,0.038859320990075684,0.08377043386658449,0.5605892347776967,-2.2466789951403054,-6.800523280140469,-12.153922869172495,-2.0347712736923373,0.49650349615621564,0.43356643326307565,0.06993006988140794,8,6,11
2026-04-09 13:53:00,1,1.0,64.28913022476982,69.99650712609282,61.21094714839455,59.69033852280064,0.8065246207413743,1.049205087924028,1.003676690435358,0.5292460870111412,0.1627991757629883,1.1428930042381316,1.7101039262753526,-0.17838757192579013,78.76609762615448,87.10419771311614,99.02403845677563,98.21328866280973,1.167708252164557,6.248182406710949,14.374470620069351,30.688215719052447,22.788994194630547,30.297654160746458,-1.6618477060413537,0.04640037466002758,0.10317578263041219,0.4239459865437622,-1.601781180673445,4.37167919508763,9.01536705498307,25.302278008065837,0.5043132047084569,0.1373589912826176,0.35832780334535547,13,53,16
2026-04-10 05:14:00,1,1.0,31.449727184713225,46.53110046548205,50.07859437087654,59.53434017323506,0.1349046226690995,0.3805057299652212,0.5883125175127578,0.5854990257772018,-0.6856775084034106,-0.441024195677052,0.8694888771351179,-0.4959409004527071,27.903780066813137,10.775618996534744,21.649029981411864,52.18373493779406,-4.676310214984158,-12.594583118897818,-18.70343841304944,-20.47557243726724,-6.1961756665417465,0.34334959058332326,11.484263386420897,0.06793244841939261,0.14567675590964033,0.44758757368177265,4.168135864388578,-14.624106873645237,-25.25011360452134,-40.53109567036084,0.3423423422807461,0.2684684684200476,0.38918918911902606,5,14,8
2026-04-10 05:30:00,1,1.0,26.59033077301767,33.221654021069995,36.31477494254669,59.53434017323506,0.13640793389410705,0.026612933530598144,-0.14051146089394537,0.5854990257772018,0.05891972193068229,-2.379895418676865,-0.8306981233302442,-0.4959409004527071,3.765690376252452,12.141306073865316,6.473789744873933,6.473789744873933,-6.162956957309765,-13.624939910017735,-25.34874767535628,-36.90469149197676,-27.331724382659342,-35.718463794534536,11.484263386420897,0.06184520113020296,0.15683803064043345,0.44758757368177265,-4.489517608710081,-11.689612357711487,-23.79266929136259,-41.09768838628014,0.5514511871896344,0.3298153033430598,0.11873350920345353,5,30,8
2026-04-10 11:42:00,1,1.0,53.66894191541522,40.79646015171948,36.506817101290665,31.987771510494085,0.41084253374950863,0.39442700522243623,0.1453470519443193,0.2106051332778506,-0.09563561709337509,0.09366659460012228,-0.8029927754084336,-2.961459617422417,24.877250405098515,36.83534098904102,46.93611472966355,20.55974165695726,-2.0537521037587445,-2.070714378131652,-3.0940157054123807,-11.279747362028335,-2.577827803520521,-16.63669315989902,-17.1991229228485,0.036269797220433865,0.09012034645798898,0.3637997761199744,-0.8487859412387166,-2.926965884000321,1.7064325132287728,-6.462307591106331,0.2711538459799735,0.7288461533790008,0.0,11,42,14
2026-04-13 06:00:00,1,1.0,66.82027644380838,56.78404331950333,88.2863340422884,37.997522456330906,0.7756637671793535,0.590997377502705,0.7959210073559897,0.3315670179702461,0.8514807238695788,-1.8358529591592943,6.999227487832988,-5.662939869384216,86.43263756295424,89.44838621891851,54.763296314742476,90.10609740393598,2.38885268564536,4.427609955422141,3.9336616312455126,25.93316119683447,12.808860852920173,24.158158354987147,-33.04892987242381,0.04344247447317571,0.13158983858908477,0.6145363493474163,-0.5508130318132576,0.06355925470380441,4.896427833329664,-8.742285673765116,0.05882352937738292,0.7823529407163039,0.1588235293180779,6,0,9
2026-04-13 08:14:00,1,0.0,38.79941430870077,56.690287586758366,54.67171070385987,37.06947899253233,0.09405334718160825,0.7266975523504107,0.6900763888751879,0.37294549993929366,-0.6450737630133605,0.5407017332499033,2.4230934325717186,-2.701399767870168,11.840333046187164,6.708318490815412,70.499158717301,73.11167512319423,-2.2141305915953615,-2.8857793225373065,0.3772192037074622,8.971039208978832,7.432488058486701,19.41707061763564,-22.182669697402066,0.03874487610858006,0.09559759047410386,0.5990940606305688,0.7629373511885973,-4.109381569846748,-7.989009765098087,1.144449683951887,0.45977011441474225,0.14942528718471285,0.39080459725111966,8,14,11
2026-04-13 15:37:00,1,1.0,64.30282698129804,42.62783763823065,39.29824560484209,40.85112408044471,0.7314536271703316,0.44578507112860916,0.2179178009529043,0.33696729972285056,0.4900715241112201,0.06003412354628601,-1.1158929878056574,0.12837856506943446,81.24488123822763,80.60971730032499,54.926624735069424,28.266770064820886,1.7110863605482332,3.4199966345951576,2.67968341967396,-5.717918608059919,-0.34959330759715973,-14.715594410235969,-42.95633654266878,0.06442112594671129,0.13978718016675948,0.5661581652977221,-0.8485713770522985,-0.8061462285613441,10.683091300076608,-0.5091601085793762,0.18162947577519067,0.5967825632605317,0.22158796044533619,15,37,18
2026-04-14 06:44:00,1,1.0,41.71702431922995,45.36562642593841,60.30532887322825,78.69392025536182,0.5631647067891319,0.22625490829515243,0.5984090297695391,1.0002507018295543,0.2024290751985418,-0.7980272448029391,-0.9373593831345062,6.055196570286476,49.47265144726483,55.68637068375151,31.086387432521043,65.29662659692595,0.464303840776249,-0.2641904316245743,-2.532911466529483,0.6508943225918187,-5.181187710857469,10.252192542316667,66.6672926043541,0.026666702625811348,0.07745502395191127,0.41055824198838003,-0.6502189245172207,1.6154258482803385,-1.6987809673618681,-3.124472483150287,0.5862068955404278,0.05172413784290934,0.36206896489252494,6,44,9
2026-04-14 12:20:00,1,0.0,68.23104684519389,60.17543855954204,67.78532290526636,73.30647335365867,0.6881759687489364,0.6582187240823743,0.7885572856875535,0.8842448884391199,0.11119062169081334,-0.1685923942538814,0.8098066723914998,3.622666471903443,83.66477271539361,72.82196968663095,66.04166666208363,71.09438020782255,1.1781517879907486,2.127939571743832,3.793602037021088,14.690508419469582,5.0673614874968225,19.234712171384967,61.782519693552054,0.033793398952093025,0.09403023686394409,0.3436720820358945,2.2570839520286157,-0.543219936169903,10.185844604169159,7.632207077461484,0.3630136985059452,0.037671232863698154,0.5993150682878908,12,20,15
2026-04-14 17:38:00,1,1.0,62.2417599404107,64.88974610269638,83.857829182684,62.92675432162038,0.47227876181785267,0.987507541411607,1.165008525014951,0.9236362186173622,-0.2814411937393424,1.827549292323396,3.1009219422374423,1.0800588739148616,40.78708041443947,58.144999446624986,92.10816776787637,96.87345424367571,-6.951127222963873,-1.0114759223060952,11.030238045349648,40.28958061737541,40.856028379316044,54.72896831195198,61.36987474312828,0.07462111029828332,0.19214156678044703,0.413148217695951,-7.379836001335516,-16.096855297579317,12.706334732763835,18.73123645752539,0.6153041658332407,0.16733484396595574,0.2173609900264965,17,38,20
2026-04-15 06:13:00,1,0.0,40.86543765470414,17.763460647754144,41.926072670950106,69.50062331981022,0.45317379788255086,0.10149607227512118,-0.006823381454100501,0.6270266968334125,0.5451777718922917,-2.497882938052805,-2.6014281604361833,0.244012435468683,46.134423464459495,52.08119419428373,6.252563085922088,6.499901516514289,0.2955075415741471,-2.136757740156182,-11.725186549716122,-29.833775135814875,-27.680815078021368,-26.099267197306443,26.907004735858298,0.058953500898490545,0.13124393284743163,0.43253297375915095,-4.582595055151462,3.4864138809087564,-5.390852345590336,-12.25162640185018,0.8589430890814633,0.14105691051203254,0.0,6,13,9
2026-04-15 13:00:00,1,0.0,63.66229316079461,31.993437231395006,33.73186984570252,31.421416523431972,0.7205036584913744,0.24136423557065328,0.07574277456270545,0.10652131444969466,0.7093874981002162,-0.8277684404895083,-1.2575354969522508,-5.946476686038471,84.55625436166542,89.15189661815616,34.39414904033997,33.730268622714455,1.231366846150761,1.7329659368633932,-3.6912561291681802,-20.68979011782206,-11.958788124949749,-28.231815351163807,-29.47685353843643,0.05964408570919339,0.15086587733060897,0.37283928893358964,-0.16673388126275945,4.441335278069225,5.359285901218591,-10.243800366652733,0.03773584903254675,0.5031446537716755,0.4591194965668469,13,0,16
2026-04-16 06:43:00,1,1.0,35.53141966660522,50.27044096869989,50.37971105391366,52.5817366794385,0.2089401952253784,0.36631884521051405,0.5931100031982687,0.7124297685870812,-0.3590707054343575,0.1657583970343473,-0.4456942225929952,1.0183342725751192,16.35581061457628,18.077474889798566,46.65137923742677,47.66539175038329,-1.1710165340664684,-3.787409952321502,-4.473674540205166,-1.9638791538517661,-5.147944026383767,11.420615173831845,17.08465203854996,0.0317641115333189,0.07863690497805709,0.3497944003076731,-0.3941831022014064,-0.40040679670894086,-6.323923818489785,-11.21170327740284,0.12396694204675557,0.4214876029568643,0.4545454541699338,6,43,9
2026-04-16 12:36:00,1,0.0,29.6610169198257,50.300508520376944,41.184068878868494,58.84081262965296,0.26332427298105104,0.3425679012372212,0.2016169978524054,0.4938907459414114,-0.39894900140735134,0.4388368382343044,-1.5927820814472926,0.09230362346691834,41.271442982719385,43.319911528092746,42.153740204685526,27.58158247541128,-0.8924051252224393,-3.8990401382817184,-5.427011287743717,-13.963942562330518,-8.362202913720441,-12.900634253681844,-5.492511848772699,0.04189090369160488,0.0818417815627374,0.31100728537778644,-0.9769085831812241,7.447402718301355,-12.539796726572794,-10.735506806248685,0.3543307083824055,0.6220472436048902,0.023622047225302728,12,36,15
2026-04-17 05:14:00,1,0.0,51.26182959639743,45.887881828761124,46.80581017267993,36.47516223461224,0.5879102850633418,0.6041291956303741,0.47780770610769635,0.2518088472014501,-0.6561785183959725,1.478905987310572,-0.95698751457364,-1.2096895491004034,47.18543045575525,25.15714445656774,78.97799599640099,64.31711383767527,1.8807603948832186,4.526705493331715,10.473228717894013,5.993565313034536,8.821313046005372,0.5097750965437311,-22.38081261204569,0.03628899818659802,0.1567391200281676,0.35471366393030784,4.949321661009698,2.484490204530676,3.5287620204971226,28.314694797020312,0.9296296292848159,0.04074074072585618,0.02962962961895761,5,14,8
2026-04-17 10:51:00,1,1.0,29.96610166647335,40.62803494435669,39.70851722772524,37.313793653185336,0.26644996323137626,-0.03542255691804169,0.22533048138350775,0.23671534066478178,-0.5800405608831691,-0.12842716567763168,-1.0373685717601036,0.007697596906588444,33.76711663263114,18.294402604965228,0.40540540537459174,23.97003745228716,-0.693438906573906,-6.026558257365514,-9.548397093329262,-16.727064463228455,-17.886757777503615,-11.065057298125453,-25.138416385366405,0.0437063707401381,0.09170987282110582,0.2800911160098935,2.8029162879761316,-0.18819927794289093,-13.991051991375514,-10.110896057272667,0.5229007631591783,0.08396946561690624,0.39312977084223605,10,51,13
2026-04-20 05:41:00,1,0.0,32.12927752378481,41.479462598261506,60.81101573249862,53.74870733951647,0.07781838139655606,0.33335862518246456,0.652502469985724,0.4269279204409825,-0.22654656499495074,-1.366002682696509,6.041440828721333,-7.7049962391990015,14.446227927062843,14.172017119310425,5.189189188908889,81.97674418498752,-3.047414036558884,-6.23169626251939,-8.57566918406869,6.261510741875675,-0.21067444536581217,5.5796566459832455,-14.797588692053,0.041871872398082356,0.11564992472926265,0.6604274400177693,-0.14593959560049719,-6.958659520496235,-9.768543830872556,-11.120887588442763,0.08106508870981839,0.7692307687753547,0.1497041419231109,5,41,8
2026-04-20 15:25:00,1,0.0,50.71627834162628,82.16867466799424,68.85511649515679,45.02973661517425,0.4819818273855508,0.8925506365233,1.1461097413533101,0.5045271885606619,-0.4134815009662658,2.0875057162519868,1.8073264570929906,-0.05770251128865844,28.081563534317443,39.51922556499513,76.74556046276057,92.93642784752878,-5.498158222309916,-1.094258164912509,9.98320020463851,28.177111288253975,24.601504524441253,30.94046042548068,15.654135288868751,0.06780559762849697,0.11662825108521191,0.48725431368644695,-4.009485653624356,-15.93580857110033,3.8463097776308963,5.510495414331462,0.6123076921195026,0.08307692305121543,0.30461538452158965,15,25,18
2026-04-21 04:24:00,1,1.0,47.44214368671179,32.7597195519884,48.379804056568794,67.19848394023859,0.5524405290918677,0.20286200477786162,0.21235363081187925,0.8661359981368478,0.2811536497662357,-0.8459463432874728,-1.2925997677872112,2.896456196814369,78.92644133620658,63.724433883083464,25.873731678362258,8.591408590980535,0.54053009926937,-0.9900140372507759,-5.081948001081981,-9.650549546036752,-8.403388627393094,-11.888087077399101,25.78973200042245,0.04192770148140938,0.08872571107711895,0.3393794639849361,3.0527534486246566,-1.286997279661417,-2.947149514913594,-14.55279690452338,0.7553191485343995,0.09042553186682838,0.15425531906685716,4,24,7
2026-04-21 07:42:00,1,1.0,53.44352606773965,28.76712325702067,14.617940194802046,46.66407497002069,0.7376267720792367,0.29411962768297245,0.10382242260666358,0.2543624574097094,0.2802619937402637,0.2346211315275193,-2.377904983987369,-0.5523803506629781,90.27149319225842,74.93247744843505,33.268292679679725,2.8220639508057985,1.1678139965342462,1.1534255589264633,-1.252865864665162,-17.585662417022142,-8.278731128218304,-30.318014751711573,-26.272200267137983,0.022775435015429092,0.061502904577054304,0.3167670852416012,0.8554186074416492,2.107514541329625,-2.2943027249000547,-2.669633853459308,0.37931034450108114,0.37068965485236705,0.24999999978448273,7,42,10
2026-04-21 14:01:00,1,1.0,70.06369411133016,61.337760870081866,55.83936374611796,35.22765720318591,0.7538677452930095,0.9948426909517647,0.8790813969255287,0.29146441811253443,0.040331226691587174,0.6559354017731186,1.3704468110500994,-2.4035075816376077,83.8709677226151,87.327188919974,93.74358973397837,83.43921376535943,0.5628680990779215,2.8894681346564224,6.004788926924697,8.082234826201976,8.27908832865689,6.069631085029348,-16.79859674941423,0.021087377951580943,0.06391711712625252,0.27936075128113613,-0.751572822708102,0.5637537648839341,4.69989106696822,9.299613700315401,0.46511627852819676,0.06976744177975829,0.4651162785292543,14,1,17
2026-04-22 05:22:00,1,0.0,68.83384922975215,84.45518775818532,90.47916664027598,40.626274276861594,0.7814430038899397,0.9121074013509358,0.9043292161032559,0.5080566386841996,0.17620751656794686,0.34273705035728685,3.4245121220736756,1.9141981034550177,81.97343451955146,89.49676280740293,99.86091793695289,99.13771864747271,0.9365845315297383,4.093649305201931,9.550997271273438,32.32309980205772,20.04872244855194,42.3730231201672,5.023601592703124,0.02906626227868533,0.09381113184592321,0.6448944117939295,-1.5974356953318836,2.986050727113998,10.14300159194459,6.942158148675048,0.556881463359307,0.18297533796133894,0.260143197883809,5,22,8
2026-04-22 12:29:00,1,0.0,25.66287875385541,58.139534839699536,40.98625705810218,66.32157118444319,-0.16733035153458845,0.7634584758205185,0.46148425484073713,0.6421610047401889,-0.5964455357032667,0.7297261386729117,-1.7988363203250648,5.741029577294405,0.0,10.845986982457193,91.21756486115443,42.88499025131884,-4.977482812023761,-6.527070885055631,-5.543829782730026,-7.646896376767415,3.4322814139917854,3.808505055484384,4.305966399739444,0.027077638030997553,0.06371998375417609,0.4007153045532707,-4.896506143223789,-9.704281961903094,-8.99075611628719,-1.366460541348813,0.9288537545738128,0.0711462450309302,0.0,12,29,15
2026-04-23 05:30:00,1,1.0,51.102130759904014,29.25531914055675,45.90908146790893,35.711337256100606,0.3256530175439514,0.19932566529440499,0.1837222068947814,0.12015392501842456,0.5059143022391619,-2.2272114353257733,-1.7475277367401332,-0.30702274332576174,26.708633091125876,53.66437068435099,28.442367600358043,33.65806462318892,-8.021153595602653,-9.830448120703196,-19.87399111749103,-39.06292832132422,-22.022453659743288,-31.10928257511925,-37.339970358885445,0.06378790022698769,0.1412262224364521,0.4067200593805771,-8.50691000813475,-13.167897048673716,4.07826444358772,-28.455013449438795,0.6780238499696105,0.09028960816174882,0.23168654169828293,5,30,8
2026-04-23 17:58:00,1,1.0,58.96742009839861,51.351758397496894,69.95256877550915,49.04236795887082,0.7167722047908422,0.8450873257984334,0.6998630069372594,0.5525650082990889,0.3570029299213746,-0.0014540677077399256,1.1500835368526223,2.8072501507169285,72.77970010693934,86.23695868478875,74.91776315481337,73.75294369356278,-0.30390703784269607,3.5005367980797693,7.196157644962991,18.114486355578745,13.13162814406812,20.94356125454892,4.35405789358578,0.057651566965368266,0.15144230805493603,0.45683078781629094,-4.560555627695084,-3.6107829381004652,7.440940179701538,3.5288387479148753,0.7003257326711478,0.01302931595665736,0.2866449510464619,17,58,20
2026-04-24 08:25:00,1,0.0,65.33406347674358,58.13712805138651,38.3613673285806,29.52685002935985,0.9568156503227265,0.7686090543510896,0.32174101288842305,0.11643527513619588,0.25543241222987767,1.5201189329799347,-0.5690140247816773,-2.8197238387347507,98.48901097548672,91.89576012205339,95.90885551031053,37.15285880893445,3.6509988210976116,5.95625636988498,9.017422700219495,0.561851304289787,6.994731784558388,-15.484899494024557,-57.659702804780984,0.03668796004097615,0.09236669825142474,0.469048441698337,1.0692888480656748,6.526220965004104,10.767477081650156,3.251347330526233,0.6266666658314507,0.14666666647067456,0.22666666636454147,8,25,11
2026-04-24 13:32:00,1,1.0,32.41338811193033,25.170340667240055,59.18079094582343,41.902643505974375,-0.13719873075521594,0.2790708567304018,0.43460712521788336,0.2935750841888156,-0.6317599185695337,-0.5327320707653248,-0.025305375623671966,0.3662640928110257,4.106776180272869,3.7948903283133575,19.099678455364778,42.70127915565607,-8.480082784005237,-11.301310977811896,-13.58890343920684,-16.583166671872636,-5.6093080204089745,-4.042745050242295,-28.45482954142125,0.04401727762149315,0.09350229957075117,0.3677145356173675,-2.629348445318813,-17.971657287753075,-11.234527162032881,-12.535757340198517,0.559090908837038,0.2590909089730296,0.18181818173538686,13,32,16
2026-04-27 03:37:00,1,1.0,45.82504963802155,42.107093164482315,14.966653585531716,45.56587490229377,0.20283565659257885,0.30525695277276554,0.24987668050479056,0.2616544831513611,-0.28601865501093576,1.0018796334306916,-2.0243950650915403,-1.520535711278071,20.917431188829195,18.428787740327966,56.1538461484452,18.841220698390043,-1.6655916635812336,-2.39731198116606,-2.8551340748243845,-21.14118871434187,-7.720975409542806,-29.233650169912657,-50.54807153924058,0.033552635095048695,0.09138326382410987,0.40039653497421535,0.6841400306378809,-4.700930036271034,-1.9236420957002842,7.016875800229805,0.25563909755227443,0.1428571427494384,0.6015037589464074,3,37,6
2026-04-27 08:51:00,1,0.0,44.99999992499784,13.496659234347547,60.490367761001124,56.512508069868026,0.18750556377046662,0.08960054835723436,0.4656261068590214,0.7513346299095105,0.19388996998590957,-1.958167232050582,-0.15300436436417186,2.1014852594356253,18.471337575693646,33.055160241736445,12.617309696944618,40.879897236967054,-3.1934783991268634,-5.754766912982705,-12.318003357889076,-14.591437989323202,-14.46611543409102,-4.268954241974807,35.97597854208679,0.034989805635949035,0.06345082424667552,0.3620127035527756,-1.1252498638547603,-6.281173773128312,-2.9081460993163333,-18.312165190991216,0.2062937062216501,0.48951048933926083,0.3041958040894387,8,51,11
2026-04-28 06:04:00,1,1.0,51.74029446289243,24.99999998911551,30.13020354993924,28.368623671833916,0.8288505761458742,0.19432430489112976,0.0012527036622402357,0.13892281460850747,0.35322251973958396,-0.5499747679103129,-2.4683844502899657,-1.2218197115833167,81.46167556480141,77.01021368327281,14.197530863467955,7.896995707929016,2.606477187616651,1.7965407811000451,-3.1065956806433577,-21.27968387702206,-17.612169719803592,-28.6775030325036,-41.246987564084726,0.0383997856585422,0.09330888545680244,0.27365404724804837,2.4841395186969706,4.198058397990589,1.563150755183873,-5.606190775248043,0.4509090907450446,0.3781818180442843,0.17090909084703473,6,4,9
2026-04-28 16:35:00,1,1.0,51.48104263267973,49.97670444634786,40.18036071674562,23.499210108728548,0.8232543036271697,0.43521204591154083,0.2680646332163638,0.11666038940229871,0.571771231849816,0.48377952815460734,0.3334006472685971,-8.0176758750378,69.2479523403388,62.99329858056537,24.974653598345874,43.053979574597385,4.373320023211601,3.968795525556689,-0.14268267962377626,-20.587583349731805,-10.354946274086688,-38.627340866617196,-106.77481185905312,0.1081271605352267,0.20574606666291378,0.47886920085008083,4.718459772399264,5.111865754541256,1.7033747566408408,-6.131709557719578,0.40831758026305326,0.14933837426287913,0.4423440452850317,16,35,19
2026-04-29 06:00:00,1,1.0,37.857142822727695,63.18524289725621,50.86290062480333,64.86795689857804,0.21193870367258694,0.5504108282221378,0.4767746354812969,0.4554460726552875,-0.35611967033778313,0.2302226585128816,0.12302396114031036,3.518541141030404,9.73154362307175,10.961968678862418,56.40809443269599,51.614780330182406,-1.7345514136669127,-5.169635407426939,-6.076567293530107,-2.458504013997853,-1.5749738516035596,-0.7666547375827111,-28.47662003158833,0.045021976789807086,0.10654811987763305,0.3742502516330692,-1.240866298832799,-0.6966646093287121,-7.679714566981577,-16.128979668138534,0.34337349376890686,0.36144578291504253,0.29518072271364093,6,0,9
2026-04-29 10:38:00,1,0.0,52.546483397910976,36.58343240142008,24.258691197862504,48.72624341983847,0.6100430263095351,0.22789061199146182,-0.04786521443869144,0.33982615909969954,0.38041924382524206,-0.5769767324546304,-2.5843148188293674,3.3308917773701836,79.2165397084646,64.52665940538618,43.020238710791766,14.748953974510645,1.5733360371292948,0.3383567638577655,-5.502744471848493,-25.140999488990875,-13.88746735181176,-33.847484422423214,-39.26739952679287,0.06314600383027355,0.10449715367354126,0.28932441370477585,1.3548728987178293,0.04369984759611256,-1.682153768517436,-10.084440821029883,0.4054054051312337,0.3378378376096687,0.25675675658342195,10,38,13
2026-04-30 10:58:00,1,1.0,51.63899363366828,74.62394996982373,79.1637336180727,64.57289927028374,0.5351465284519322,0.8756943085414658,0.9854309785780322,1.0587928158914672,-0.17147972799189404,0.7518967513531027,4.114414205574615,5.210916547574101,33.47865427050153,58.769262835153974,97.09433961897936,97.833304209369,-2.691525073555569,1.440669078593858,10.446136697114852,43.898353784906035,32.898251899667834,55.81256099830908,56.712309277894235,0.05906316911198441,0.12485130741560116,0.42162412532258325,-2.7334198082706873,-6.905688552795164,2.1168717726127717,17.961990658368343,0.6222772274151156,0.297029702823052,0.0806930692667828,10,58,13
2026-05-01 06:16:00,1,0.0,64.77732781283576,42.26167500611056,38.24053450923505,44.7363447304259,1.1177671400709905,0.3380002044446842,0.29878304104587766,0.4936703033146446,0.6345269095265469,-0.7916408027734266,-0.45411268571097196,-1.1896393264915535,96.13034621260879,88.2705549502416,21.736896196213237,30.646630235400707,3.765666707977438,4.575111925395654,1.3137385628733338,-2.0154281884875074,-4.468481747254473,-5.185651247821373,15.87194390005528,0.02531281336776322,0.08274368179702295,0.30620319573798493,2.423694207696059,5.433306166802154,7.686286906356532,3.744236202867235,0.8333333326725592,0.1507936506737384,0.0158730158600516,6,16,9
2026-05-04 05:18:00,1,1.0,29.686174706714667,60.446428546241464,36.77823709141283,68.89870946850266,0.17385605336187135,0.671817661207665,0.37317113850234923,0.5709258696876665,-1.0451828985072236,1.5684210941763146,-0.49191857657212523,-0.43738513972497106,10.319634702246777,7.845792872872934,60.29298380646387,42.90809327728509,-3.7530808032599867,-7.112791930811079,-5.153705086018192,-10.645255493022587,4.232736425507371,-6.707018716564642,1.5272638419794091,0.05085886892742845,0.11090803375634316,0.47261088837833465,-0.28239475093339017,-13.840274983268896,-23.73055097138255,3.389981518080454,0.07211538458097863,0.5913461535616635,0.3365384613765885,5,18,8
2026-05-04 10:52:00,1,0.0,43.35025377629954,51.84198842761684,25.763917949755722,19.147179878465593,0.15486578801729853,0.36090589358495595,0.1607011386464427,0.20780403090583455,-0.07069052866962655,0.32253078420414205,-1.2272684502651945,-3.0973502692592443,10.209102089764146,32.03540470219233,45.26710402574717,17.46552856147422,-6.303529506786383,-6.777149890480875,-8.555167443300325,-22.590095171617094,-6.085894371166202,-21.768633303572667,-42.663038605378205,0.04824838568163707,0.10514883628592411,0.37692646452400314,-7.543245579516578,-13.943886749494538,-2.988137964728965,-16.01036861967664,0.9971428568578968,0.0,0.002857142856388896,10,52,13
2026-05-04 17:24:00,1,1.0,79.02528759252763,50.47801145999082,51.60029771636789,20.51464484421693,0.8235074375234228,0.8750697590823323,0.40984350114490165,0.13661073956552786,1.7148203630354133,-0.03738938554750859,1.3049954917800992,-4.744214095843905,80.53392658210868,87.54435443547219,83.87661342883729,31.299353911297068,4.781238635954707,16.902333958254275,23.25833094704256,23.702921695499462,18.26189759869895,-15.951319771362284,-54.26870783036712,0.0920301172448765,0.17876961975566744,0.4313721500760999,-2.4902655737157886,8.922703797946685,47.68423028497448,30.002224416201262,0.33333333324283476,0.013550135497730315,0.6531165309884321,17,24,20
2026-05-05 03:17:00,1,0.0,63.91683427935656,75.20110667352154,59.33227432828532,24.378333506928755,0.6146862631043875,1.172841211234808,1.1086240591407912,0.2333846174356669,-0.09229151744358166,0.757417749260944,2.0960005797406627,-3.064215804542947,62.362030898197304,54.96688741115443,92.60869564411782,94.93142515832048,-0.37744972656852527,2.4200982869562795,6.458122836313919,10.236227847455117,14.755444797427797,12.391970415210597,-68.63170715936201,0.04634605697818433,0.06073958730211606,0.49187832271450455,2.1220135698341025,-1.2816135957105512,4.04586641787219,11.305672416483947,0.5048543684419918,0.08737864069195111,0.40776698989518323,3,17,6
2026-05-05 10:41:00,1,0.0,64.52369775207418,72.64539369487827,63.45720719053253,65.48729456347075,0.8387187806280014,0.8011938299447032,0.8192180036397453,0.6511596675252106,0.34848075078713836,0.2650484644959068,0.9861347395508604,4.659940370578427,73.13585290366213,64.31733060289407,82.79618701394547,75.73025603765967,2.6377235927399165,5.249966608912215,8.974923859872295,23.192366359580213,13.31635446033504,17.59046673781742,6.727230085744451,0.0525589975531507,0.10048665528748436,0.3287301655359369,3.1401000659858624,-1.953332901696303,10.548001648125194,7.798983935192183,0.7193877547349187,0.21428571417641798,0.06632653057845928,10,41,13
2026-05-06 05:30:00,1,0.0,34.364713595712544,68.57923494352976,78.9986473592603,79.39389606810404,-0.1736229709483361,0.7056467048152434,0.814261250757696,1.1426030745531826,-0.8778853461931708,-0.7150746840951818,4.024177784943829,7.29127265269905,13.016528924277015,8.166522092729268,68.11881187781452,90.43332293342715,-6.751062012178651,-7.887991287191235,-2.1440181127333044,40.075989907591605,16.892901507623233,65.0689351229582,117.68133712385286,0.04068574935324747,0.10133145645917885,0.401833533320807,-4.276656475408203,-11.67655720703653,-13.185395070905992,-0.4321516506566869,0.6430594899027284,0.0,0.35694050981398545,5,30,8
2026-05-06 09:41:00,1,0.0,44.114077632428746,66.56842103300991,70.34001212755686,79.16756990311147,0.35529533995782714,0.8812127194545458,0.9403846043045269,0.9995483680490503,-0.2943042870297701,0.7072084507752514,-0.6438003602894753,9.999801875124422,28.571428567037724,48.387096766760415,89.23395444765286,97.69992922513578,-2.523563018559472,-0.9326063907965825,5.263997700969989,28.945239994218703,19.37253362412561,52.95764257205269,143.97079483569902,0.04497180073283431,0.12329510531903128,0.35612149156904105,-3.9008122048267424,3.4961697637081457,-5.207546441993172,2.402013401947567,0.7489160422745463,0.055183287325632505,0.19590067000565484,9,41,12
2026-05-07 04:56:00,1,1.0,50.64102559557793,74.4542973901376,62.29098295246021,44.48812311289059,0.3929943456488271,0.8719007991470955,1.1302809582151703,0.500999385487111,-0.5796829087197732,2.1135392666887967,1.4919529427932274,-4.426638233328372,25.52342970832501,36.35759388138917,87.69994484038332,83.7314786790521,-4.95547276303552,-1.5613193924924822,8.736770393113991,28.789811100355013,27.08256965537526,33.769781479588254,29.06914594630435,0.04936464817175665,0.14634727706080408,0.39932575015551064,-0.5303346093188388,-11.273395739630487,-1.951354016979101,19.917587527380487,0.14655172401167443,0.8534482751262565,0.0,4,56,7
2026-05-07 16:37:00,1,0.0,70.77464784371452,64.8436363504326,59.40377531271115,69.59080439592601,0.7725849868021786,1.0242664799804748,0.8129296220556322,0.9334623071447832,0.85869102754386,0.3665357106648064,-0.38350127586264193,0.7775708962492764,63.780025280420546,63.814366013540706,91.6050295824128,72.05374279953845,1.8718606546573924,10.050475829913985,15.579433983670542,25.254355564197414,26.782246047896596,17.12842937714971,81.47957842427405,0.07222059310466825,0.16162939686284855,0.4038038255099232,0.8207217511269072,-1.5779325086706653,19.417700889399203,26.626242039291537,0.16140350871528916,0.4982456138602266,0.340350877073607,16,37,19
2026-05-08 06:30:00,1,0.0,46.242774513014346,51.88124630434012,61.290776140915284,40.67570993553864,0.8652715975665765,0.5335822710577574,0.7824900071930264,0.38686771003986764,0.058570163990499524,-0.3529388393650974,2.0277681415668716,-3.904775886414499,83.30404216462613,66.139425881761,79.64809383696951,67.9989685387315,3.6088238464356834,5.513810435992188,7.787686821537278,16.836063152432796,6.805091582509315,18.90222629570567,4.568882361553733,0.03279763360837841,0.11260104169204632,0.5237147036906645,2.944787355634304,6.145766997021074,0.720147503152635,15.952228167774862,0.6090534976918692,0.22633744846657552,0.1646090534300326,6,30,9
2026-05-11 04:03:00,1,1.0,45.04522216613026,36.347098408062195,27.787217352124358,39.71718636290052,0.5654165851634262,0.24908786321951065,0.21186336757271282,-0.045348123418707066,0.10157510397488068,0.24010694579077674,-1.4534872044628315,-4.410379856201575,68.77890841494994,49.131242966171804,46.56272147248257,26.93174830852843,9.050103988818075,5.164120746653521,-0.20108073003280807,-18.197860157566527,-12.287103655299466,-32.4340591651227,-57.33985565644932,0.13646911957369376,0.16966185525940275,0.4070267827497024,11.582248387942418,14.856633486850512,-15.557419130723948,-16.02552149540415,0.8291536048856927,0.10031347960815094,0.07053291534941654,4,3,7
2026-05-11 12:38:00,1,0.0,51.28819648184152,10.511159101971984,54.75976244796414,27.037260129261185,0.5223761000140897,-0.09967232760407885,0.02595630764738345,0.20608567941730604,0.5097083192367311,-1.5942156555489897,-0.0070285974558093045,-3.540658917348022,83.04466726680961,72.16808980668515,15.450804339115857,26.65382145065368,3.4667706823285553,0.03513205711269135,-7.8964535762588905,-20.35623020833231,-25.689920493880184,-30.14838000732769,-47.470344879852014,0.0524434010610985,0.08893150371279268,0.41449704354815053,-0.08584639718756115,16.014634581507092,-7.420266979489831,-17.268326439929815,0.011764705875690583,0.20588235281977021,0.7823529407163039,12,38,15
2026-05-12 02:30:00,1,1.0,47.35169484502889,81.9762122073361,91.5001490819853,76.39990830030945,0.536127193805626,0.7878522226206691,0.9749673149720892,0.905583973136853,-0.07945916085356675,0.2802418997771916,1.304762184615992,6.692228586017681,37.37373736431116,56.73400671968534,86.78389108980288,92.85648587874888,-1.3718861928057178,-0.26288487514742614,4.128892777001126,24.640366338796408,14.430183580654369,36.338627917223256,81.45424525824764,0.03176042806984545,0.08661602054460799,0.4030585556062242,-1.031017856597538,-0.5470971760301868,-0.5470971760301868,-0.08417269290572627,0.27374301660673106,0.21787709485053533,0.5083798879840743,2,30,5
2026-05-12 10:41:00,1,1.0,57.819905165317,55.53801629104086,29.403012824778145,37.67709355781015,1.0354154940209532,0.5437027309936784,0.150652733246049,0.244418260238594,0.23695513802267743,0.9675337062866616,-1.8309698367367266,-3.9114118329171,96.4586846380335,88.37378641835808,74.19536984335086,25.115740740158202,3.774055556483806,5.893546059357579,6.307654404908107,-12.529626060962132,-2.3855404862254432,-32.848405653048225,-44.846926381997285,0.0411600103378619,0.11958775733821954,0.38047140556186365,4.043185476876321,7.237484207915923,6.555862654678002,8.00441946138486,0.884444444051261,0.09333333329186802,0.02222222221242652,10,41,13
2026-05-13 05:32:00,1,1.0,42.616279035079806,40.75059099968919,32.081686419649216,53.3322267346118,0.025203594260970075,0.15625694730983894,0.012336651963327522,0.5638468669536079,-0.48748869428108454,-0.38016185917879897,-3.134004007887989,2.681124185525929,11.027568920925834,9.690031529217825,17.053642912966012,7.438969021498501,-4.463927671995356,-8.346744629040021,-13.19962849929219,-26.81139261192853,-14.441274984433086,-17.420806732662957,-2.836619214474086,0.04279614238553274,0.10581352036827125,0.40867539366666705,-0.4683935485161328,-7.1701288601944135,-8.509398098361931,-19.040960378439166,0.20338983033603192,0.12711864395982725,0.6694915248566832,5,32,8
2026-05-13 10:32:00,1,0.0,49.33206100279914,41.48148146277719,60.17346052311454,69.05272180704355,0.5174074806864054,0.5625239676030608,0.7841735451782826,0.5707804430685214,-0.02768396872939094,-0.30713068674081734,0.7012934275943605,0.6529171237966671,37.44493391245336,39.394202462841214,64.45890005532313,64.94515539008462,-0.746855173001631,0.8577809413294071,1.639993239238531,3.6274472170005327,5.796710643857315,7.845182387174131,-0.5627322365211983,0.03647447416724754,0.09885017462311911,0.3107645005430548,0.9563510743548775,-3.462585489217851,4.2305815774112965,7.443110709892675,0.3643410849890905,0.0620155038278403,0.5736434104078753,10,32,13
2026-05-13 13:16:00,1,1.0,52.6057751414278,51.930787070541605,42.041673952222276,53.70675451921678,0.49330892702354495,0.7595990995752177,0.5511698730351949,0.5601927122433317,-0.35944489723352024,1.609212364066602,-0.11789955421183729,0.4077211329679402,28.244274806764164,32.42861181517519,66.74816625644927,62.37623762138694,-2.6564663237660278,0.43301770665286543,6.481374911615588,6.283027849099665,8.785590309742554,4.742541351913642,-2.0190113489979855,0.06084250693004537,0.10809679311328008,0.30133825291826966,-2.5090287826001756,-9.264384497453815,4.7237912041731,18.452327049385264,0.49999999977876103,0.03097345131359679,0.46902654846516423,13,16,16
2026-05-13 13:27:00,1,0.0,37.263880908890556,59.66331436739665,42.041673952222276,53.70675451921678,0.13560577155498,0.7722259732489036,0.5511698730351949,0.5601927122433317,-0.5580004186922882,1.361934528659991,-0.11789955421183729,0.4077211329679402,8.81889763641227,18.308467189299247,70.94539527013214,62.37623762138694,-4.0424591940414585,-4.142194584959789,0.02162291971639909,1.6689550251443728,9.54281660867287,4.742541351913642,-2.0190113489979855,0.04209713008514963,0.10860467669871444,0.30133825291826966,-0.7871695616423757,-11.369999989372381,-6.740113348719934,2.234534626242013,0.30275229330012005,0.18348623836358272,0.513761467418866,13,27,16
2026-05-14 04:37:00,1,0.0,51.66101690012059,39.548022585835874,53.99117527565494,52.440964141267784,0.3680905725972271,0.31321273819283335,0.3885485885204387,0.8265057339381334,0.2180844414833354,-0.925082490719864,-0.3339169603823098,1.6834035599990491,33.10580204213752,57.89995380829197,37.42304309422194,37.20316622527742,-2.0033520386820394,-2.1727375231400186,-5.178822922944247,-8.422465922030689,-5.5417829643623495,-5.637158440925649,21.296903281632726,0.05590842589613908,0.13610537728650393,0.3366259128911024,-3.2815634732152876,-0.19183895759056213,0.08526412160314578,6.313474682646536,0.5159235667145855,0.29299363047993093,0.19108280248701223,4,37,7
2026-05-14 11:27:00,1,1.0,63.04647439866411,56.46406559622232,46.2294657787193,48.98892633055795,0.9183481442891386,0.5105759679049188,0.612885337406114,0.5733911286638069,0.5308100082205267,-0.5893454322084068,0.5997394415783552,0.8872169192331474,74.90979380477887,83.00257730779492,36.33146248037843,38.74308543212217,2.9995689486748827,5.134028628515618,4.743566823279001,9.373499703153554,2.69780119081555,5.8463821676042915,-0.11260846703209956,0.041911397901409304,0.13556628222815773,0.38395066933345784,0.13396516693076066,5.985150953251583,8.284944194207888,12.823747459682622,0.08424657528510437,0.18287671220338492,0.7328767118265791,11,27,14
2026-05-15 03:52:00,1,0.0,45.288858300067325,29.471808159225716,28.469567153202632,31.888141439382636,0.41323955850619454,0.15773128070657974,-0.22637816946291214,0.06703785639076594,1.0711287257001336,-3.2441332861678767,-2.4693474840383756,-3.800389787278947,48.90459363612159,51.990577145914216,31.336302894624634,10.20801232645837,-3.905029600970665,-8.3790548119441,-25.62164041681377,-60.358186780330094,-32.78532794601375,-76.87077454348417,-53.582594976696676,0.08427379289116345,0.167695937135747,0.3693653924254908,-0.32465459456565426,-12.926585425165893,-8.974340953593618,-57.26576933795635,0.12019230763452712,0.2644230767956099,0.6153846150890937,3,52,6
2026-05-15 11:15:00,1,0.0,45.660828000031316,45.0598498553292,31.712626991618592,17.673347125833445,0.22037483506166794,0.1893199861251816,0.2188318071302582,0.08417286496411952,0.2734841499762841,-0.7997831057169984,0.6925173738192942,-8.909260507634041,49.66378481751688,56.53259700634029,25.47770700555833,15.923680456207322,-4.758645890253246,-8.86403730194622,-17.091451210453425,-37.86708119418148,-18.098368701877874,-49.06247117367785,-132.51918902740408,0.07884416582136672,0.14441630699496122,0.46123596041168713,-6.199105182167486,-8.234589436728612,-11.996956976240147,-34.22880877410827,0.8294117644619409,0.1558823528952705,0.01470588234867099,11,15,14
2026-05-18 06:44:00,1,1.0,77.2710139056983,51.83993563792951,49.63252725998788,44.42429736704779,1.1358308954590222,0.6811957588812055,0.6291005676238856,0.26590279529050076,1.3259345274008691,-0.5197031003379857,3.025522347896069,2.1075686043013917,89.40919036808178,94.78388461211922,57.98175598301184,88.81241997297079,16.421967897547106,23.4034459622663,26.741854182862372,37.01206026476324,11.53484161873619,13.381153771879902,-51.866724080282125,0.08697894543803453,0.1776226937218506,0.6062299120166238,10.615302112160219,22.623162281500964,21.783442158678223,35.30233836596119,0.6434426228629482,0.3306010928509096,0.025956284149530134,6,44,9
2026-05-18 13:08:00,1,1.0,32.92831102910333,27.096774182424625,57.98764340065126,43.15217390799214,-0.14859858129131873,0.12130638184940724,0.45132681776584266,0.5192271822641437,-0.3569616928763054,-0.8298522725569106,-0.5989332888434253,5.369261552179484,1.701570680406909,32.31531880032484,1.6284680336745692,33.227597143805504,-6.622720641371609,-9.307260041948656,-12.703098130613617,-15.83525418431906,-10.141993493314155,-1.0443133336789021,-16.430454362443868,0.04325946533001224,0.09916166466366538,0.5229181476420186,-9.093841619628451,-9.533801509775675,-11.02937534329218,-17.029159685776342,0.9425287354155154,0.02758620689018267,0.02988505746441683,13,8,16
2026-05-18 14:35:00,1,0.0,66.42246638461725,52.60416665132378,30.546009911124102,47.44438315256259,1.1452707446458361,0.7213012617657164,-0.0005848592100373074,0.45141047909015447,0.990730933317207,0.23693986297273484,-1.3020529484779142,4.933342202769534,87.30259001343491,82.13463943222047,66.55386350442373,22.843391335696367,10.229086214372696,14.537187765502154,14.909807452775606,9.14554248626869,4.488622423556893,-12.249412137208063,-20.35525330310186,0.07117187182022881,0.1345021854246017,0.5237494758918083,8.190918869168673,16.395266968494138,15.997972708692298,14.364982930568093,0.6226734347508812,0.3401015227851381,0.03722504229477589,14,35,17
2026-05-19 03:40:00,1,0.0,47.299729943193775,25.255474442234885,66.30176618456036,61.04067067931432,0.36529205465359366,-0.12250626448202052,0.6125672459870064,1.0197173768291345,-0.17020197372383228,-2.1917835861699237,0.5674378015456059,5.261592316867011,51.62907267523003,25.139252828606413,1.333968556390703,49.7787610603731,0.47350745831585783,-4.558427621279828,-11.318691556556404,-4.8446065179594235,-19.110881542378362,8.963497427103919,54.976554353902955,0.058303872848816794,0.12812188331523539,0.44304870038808836,7.704792621785472,-5.421256791601214,-0.44397708990784324,-20.3212326322777,0.8179611648500046,0.0,0.18203883490727696,3,40,6
2026-05-19 07:09:00,1,0.0,29.52978053834667,39.98744505461918,31.203703697925278,40.772775607437964,0.09914644107776126,0.1063476594242626,0.14303480661477758,0.3151387624507637,-0.1560757438440632,0.056212675395808986,-2.9363393314340893,0.7035321314285574,15.228426394015568,25.25618999647269,20.62004325734315,5.08578431356918,-3.6170058714308295,-6.89073455063152,-11.438376935382738,-29.071970094172002,-15.30767334434179,-29.36861090058325,-23.493416558428617,0.052494470231245045,0.10756244452070286,0.4173359679483465,-2.795358823923788,-4.4674246617237845,-14.400272615846532,-27.182773411381646,0.481343283402418,0.07089552236144912,0.4477611938629985,7,9,10
2026-05-20 06:00:00,1,1.0,51.81721811443027,44.06724861595591,40.19329163764685,27.369512614012223,0.2857804285457952,0.21651060864279767,0.09817688142622139,0.09298975859464025,0.48039117946905385,-1.3646214878685932,-1.989220763778019,-2.3727698456939645,40.05235601569157,70.28795810597485,22.783539644602143,17.771084337014138,-3.826030465275543,-7.551555535887401,-17.762967671634534,-41.209766251170144,-22.665960295745307,-39.52848625883802,-90.22437055193973,0.07263553459013651,0.1813971353160593,0.5457719300518878,-8.398533951913256,-3.838201328785207,-0.15690194861139872,-35.11252424875045,0.8063829785518568,0.04468085105433269,0.14893617018104446,6,0,9
2026-05-21 06:39:00,1,0.0,31.90327609619993,29.454109165795117,42.120594223860856,61.48572666706762,0.18575214780827004,0.2923325377877291,0.24959193185601192,0.6256572734705792,-0.3544464468612645,-0.4252735934882672,-2.969139612460363,3.4968908666984113,15.090909088163967,16.89898989627483,16.206694068334016,10.51392405036506,-1.742625006410344,-4.6068513889468505,-8.621183563657379,-23.802535064295054,-14.621221901100034,-18.20743258063447,15.884361331624403,0.03285311304758192,0.10624523144965485,0.4658969161708527,-0.5515665040278783,-3.727405361948488,-11.482081011481293,-10.271206128339427,0.17985611497859608,0.2302158271723936,0.5899280571295857,6,39,9
2026-05-22 04:41:00,1,0.0,33.02401744201542,33.93564709803047,34.49863494324727,48.48746948420149,0.2805910092886459,0.03686105763223896,0.07647050385400285,0.5025437879332855,-0.4254640454373144,-0.5903563554125739,-2.0731331408095794,0.7518749173068047,31.764705879243266,16.724692640471336,5.7941024311534095,24.80141217895813,0.3285494154287129,-4.272476529295624,-9.43666299519774,-21.052634612908125,-17.93486268196181,-13.24252674661714,-4.946238839686662,0.05658324540389516,0.1266416932559916,0.420065864514681,5.440558033171783,-4.6176160949329415,-15.559118581448539,-2.762244754773713,0.7477203645141833,0.027355623092026143,0.22492401208983914,4,41,7
2026-05-22 05:36:00,1,1.0,35.75289571424332,33.60979461016605,31.133613128318203,56.25956794703498,0.30775722046562065,-0.10988318225438422,0.12259880103762673,0.5101033504124326,-0.29014655583730087,-0.19629506604488567,-1.806970287823266,0.04557280550940046,48.66666666018505,30.844444440338147,10.82474226724606,14.88645920879311,0.6098704269999056,-2.781007502275108,-6.548893568398095,-18.14087452232434,-15.921654107945173,-16.557361570965583,-4.924409874483927,0.040228522396753265,0.10393785506542585,0.3959243687731714,4.048659130555521,-1.9899419489699532,-2.8962085093242607,-2.5425630583264525,0.8051948048463485,0.012987012981278412,0.18181818173947265,5,36,8
2026-05-22 12:30:00,1,0.0,44.67754462894477,30.648182823939266,57.105662816240724,34.744033629215124,-0.010617351229026387,0.11035499656045221,0.19560277423629663,0.42006733690257064,-0.060338784858873895,-0.5745948820595441,-0.4014050279835284,-1.4449741130044573,12.178387647997623,45.28187251297064,16.313823162122265,37.108095459191624,-5.816905847155571,-8.001533852459694,-11.473001116849352,-16.962054509840634,-9.13076758925517,-12.824905389614985,-8.528521408209652,0.039626777450797825,0.09686023270805195,0.31460705396032945,-4.89202677111833,-6.418421311813471,-4.1175904126544705,-13.99923700840966,0.5702917770370329,0.24137931028079293,0.18832891241692215,12,30,15
2026-05-25 06:09:00,1,1.0,59.44223100938795,44.97257767734185,38.51880097255722,64.09616849651947,0.6494671284858343,0.37878913338579184,0.3113885160827433,0.8567195821766858,0.10895117357389428,-0.2551983369638363,-2.2615949454265376,5.785734958559603,74.20634919162192,67.19576718243422,38.884045332267625,12.342803911863466,1.4120894274147349,0.6898022303828796,-0.7313157970957546,-0.6751213792438275,-3.51131553210937,6.590831689532342,55.90439121914231,0.041760676586513355,0.10253469729010016,0.4045902958902392,1.4905007973076145,-0.17532382859064555,2.4771059510819704,-4.84106095903436,0.35632183887565905,0.15517241370419427,0.488505746845434,6,9,9
2026-05-25 12:59:00,1,0.0,66.48508097922662,84.49156725908327,62.02956177715363,65.54406106920317,0.6888530451553128,0.9697387508497063,0.9409925461658587,0.6514045526740426,-0.13784787453518366,1.2841053688682789,0.1006478652148518,1.5673521044720555,63.47000230171594,81.22612946425727,91.39254019541013,97.62760603179659,-0.37522890707170714,2.862959949333476,9.401321334305994,16.764775272943652,14.458909616914214,15.383812418415575,21.15331847702771,0.024815629630446145,0.05433394543739354,0.3236052236392068,-2.5981786483120217,0.882418307881494,3.9271903723614443,18.908575938552108,0.7012121207873914,0.036363636341297134,0.26242424226525085,12,59,15
2026-05-26 05:40:00,1,0.0,54.1533545720324,39.40308515923315,22.25611980802519,38.879023172298034,0.7282781687916052,0.4286318893039295,0.16932647758612085,-0.23407844597895622,0.20639375170429,0.8307564167783976,-2.4518543433284288,-4.158992619611235,91.04833895145619,79.60455022569323,59.3037214850315,17.471133825146442,2.0569002657144413,2.546721956100955,1.7802201075634547,-17.200441437053463,-5.863266879217019,-34.14000656659371,-46.12509864449108,0.034654938836401555,0.09364336838426379,0.2855829781284686,1.6088952069259754,3.41676485273279,-0.41866865570949763,-1.4101124895216088,0.503546098933733,0.3191489359437699,0.17730496441327717,5,40,8
2026-05-26 10:48:00,1,0.0,69.87557295492591,43.4189145073821,37.029702957465375,34.529229994480474,1.0552085218269462,0.2057885389666188,0.23117159552985786,0.13301503685469182,0.9173819622072417,-0.43542239522360204,0.7817220722366169,-5.414465340895951,99.99999999043978,94.59879855678287,40.806451609613816,28.299776284772772,8.423882733618765,11.101041859871552,9.607093006092395,2.81819392039004,-5.209162998465629,-15.614297697917149,-37.227210548487534,0.049206245883388997,0.1004818717776388,0.2948943613399475,4.32672514368182,14.296841767988955,15.868227410704705,17.26296850115938,0.999999999484536,0.0,0.0,10,48,13
2026-05-26 12:35:00,1,0.0,32.59127335457352,37.61593015475542,47.96720190175008,30.025620139635507,0.015354608693511249,0.13151153347608457,0.2939317934276538,0.10781918446565687,-0.7169482323539889,-0.27074986104090093,0.16503153819068928,-4.4022988437217965,6.072477962185738,17.05061434559635,9.389243390216395,31.4956855210204,-6.729100678835861,-10.640767702574292,-13.564744515274517,-22.47895423172031,-14.746780425020447,-10.83045379526356,-46.41991562002809,0.05416389060254413,0.10543808504580052,0.3254137997734125,-2.5897073520020353,-10.72637460702075,-15.142923778036499,-17.195289198020937,0.5525114152729433,0.16438356156865516,0.2831050227017804,12,35,15
2026-05-27 06:21:00,1,0.0,56.410256337933866,63.60028856816705,33.8015154227824,49.21738574163024,0.4792048095269341,0.8796884021936348,0.41874328841811426,0.3251359232737378,-0.10111893916584025,1.154158785466917,-1.2298119540241628,1.2020524606835572,47.91666665898589,68.42948716852062,92.77539341253217,38.14951391088747,-1.9884799901837409,0.5318526406065517,4.162212110500886,-0.4152897225376047,7.606048313443968,-0.4433969207492989,-24.268846379501625,0.03333419414981862,0.08254983829700982,0.3873348790202723,-3.547628576592299,-1.1089043913725671,2.7289518495288156,11.94739150469415,0.6460905347133458,0.33744855953212827,0.01646090534300326,6,21,9
2026-05-27 11:50:00,1,0.0,78.81198817369406,75.49292590845529,40.025054798617035,39.90295544279979,0.8489539744304055,1.003700127263576,0.5562546185609546,-0.050980499441469755,0.18824350188581507,1.8544152028161656,0.4340982627902452,-1.1908321193944804,93.28782706560834,85.73389194239466,96.74872270800147,61.5732368878372,4.7868013673897885,9.793539706831162,16.690976478326213,16.47130965379612,16.57439501843711,6.03076062455078,-57.32947197650615,0.0436462015147847,0.09512933182462632,0.4015201078004759,3.158057438836792,3.9968345604068922,19.424677582651206,21.90273004272436,0.7093596055617837,0.2906403939456055,0.0,11,50,14
2026-05-28 04:11:00,1,0.0,31.208240517145853,47.32522856899061,52.322183355097756,38.16540092401771,0.24789025523063168,0.13930574473366722,0.7422314590585068,0.4714907071550654,-0.5701387706623033,-0.01599696675313922,-0.31127916398384503,2.9592661727064815,15.77624135664663,15.803477895509234,11.961030797489972,60.20670668140085,-1.957760305340115,-6.92703566915066,-9.658596088345055,-13.837336431342774,-12.917870965473712,11.707636573104883,-13.69827316724009,0.06759027128187464,0.13889390685491915,0.47321121247709863,-1.394645237117187,-3.845578652765802,-12.746515772604772,-11.752320409152972,0.2780487803520047,0.25853658524003476,0.4634146339201557,4,11,7
2026-05-28 14:04:00,1,0.0,65.06928633397253,39.04146351150467,42.12526854090565,27.63003571032459,0.9529417925084867,0.05851253741713981,0.2623727211701294,0.23204480974107097,0.9794206887621053,-2.0072158186863054,1.1544507670688873,-0.6527347172088795,99.9999999926938,90.9052080760268,27.83717811985168,27.83717811985168,7.2137745781936875,5.386623946907435,-2.561100318702721,-6.146898839073873,-19.579597131623494,-19.118149699888406,-75.29473764100094,0.08503004128937817,0.1322205354239896,0.45122586228392514,5.1298244574060625,12.754476330636422,17.95914528439413,-23.393514608442967,0.8650519028150352,0.0,0.13494809683894407,14,4,17
2026-05-28 17:45:00,1,1.0,67.0410908560757,79.55170499505732,81.05896892598147,45.439553943060616,1.1481109058090622,0.915337810526644,1.00575516381198,0.6199783843311566,0.747741043848702,1.9651352974183354,7.6400480264515025,5.969601905848606,97.85478547451287,94.33436351648395,91.83070509168405,95.1945836432972,19.029958602203134,30.124849122732613,50.792478781443656,113.32369457394465,63.36277870666699,111.32127121183409,30.6053169685758,0.097821387998028,0.28451654677022753,0.5246329687892269,16.463555725230172,24.247579273257713,21.30752101534794,46.83795016461989,0.8648172092553772,0.06112613141394439,0.07405665921312819,17,45,20
2026-05-29 06:09:00,1,0.0,32.970550546635124,40.818808245989395,58.637339041113826,84.02105010658823,0.07638991421904139,0.09469812184505956,0.5874842465259982,0.7159663683278193,-0.3417513456191881,-0.858879167400916,-0.7369048386756196,5.586560986294197,17.01388888692199,19.914493572732937,24.92236024651231,40.42821158562731,-3.174124183336616,-7.079625412897059,-10.799053269397168,-9.333779068551397,-5.706488000762586,3.32139265832499,66.82670638138444,0.04649963260510065,0.09097280923812326,0.46799854335078556,0.06669845959983434,-7.686591452110703,-11.214907610258562,-17.865326508260672,0.02499999998434658,0.08124999994926849,0.8937499994413849,6,9,9
2026-05-29 18:01:00,1,1.0,77.96403001411775,66.7009067614315,65.99738528943725,76.26987802170927,0.8191020857380329,1.131197397894907,1.2645961134745871,1.127677306583838,1.5463661164976674,2.213255497467557,2.165208409517663,1.9969313349766402,95.72827054002705,88.47059870638515,86.01059134849892,89.03493600676146,11.005235210474515,31.7776236887992,51.08801083014759,75.75203596068404,55.35158454806609,69.3202694326002,114.64529214739638,0.1447838528415639,0.22213151917501134,0.4292245218122622,6.1317113496883735,1.7949371826730953,65.49186638602045,82.16482479653564,0.4542586750072215,0.22712933750353903,0.31861198733151075,18,1,21
2026-06-01 08:07:00,1,0.0,68.90756293513883,56.29921256394433,36.71614099231881,38.96396395862206,0.8482517365747532,0.5697647899212743,0.21866464385624268,0.14420886564548152,0.45829285071602877,0.545554551444849,-0.6179497852334794,-6.947442072448192,84.05714284112352,86.66834524219314,66.30727762207239,22.149460707930274,2.1606023059325103,4.473910340412654,4.555815222457023,-7.330463770049545,-0.8848719124530864,-22.47137075147488,-29.93694373954979,0.031872067916826466,0.07295219852311254,0.4075506783993084,0.737315352874468,2.6419962241375217,11.976552291295128,5.478213964904555,0.2007092197154376,0.4588652479015149,0.3404255316738276,8,7,11
2026-06-01 13:40:00,1,0.0,61.38268150423725,60.053066012949884,49.209245728124166,13.83194127823728,0.7033489635236607,0.7854921428702093,0.41823159168992635,0.11161453403715586,-0.008748735306272737,0.8925012129946929,0.9909937940401239,-7.099719846916367,69.1813804062321,57.158588816851676,79.80659840274026,56.402877695139075,0.9542634120175655,3.7517559854673426,8.005164098262346,8.15728930550393,7.152820900009557,-7.396510135439696,-49.29374270548872,0.040545629690119614,0.09845828006851756,0.3363627711992454,3.619813035546926,-1.420560166828233,8.687508540310418,7.175553356235653,0.7415254234147107,0.25847457616156044,0.0,13,40,16
2026-06-02 13:27:00,1,0.0,45.98450485225279,32.4980111195316,45.912491580305506,72.37117893816571,0.4505068925138787,0.20282624299178142,0.47771377526658676,0.8616206811113989,-0.11588771299448397,-0.1175216683170911,-2.0125074631934012,6.445610968748091,65.59356135501238,51.26882155662714,27.593360993940788,37.66617429652256,1.613743491625301,0.21870963908826813,-0.731605404894361,-0.6880831253949488,-7.748879901323775,8.9903667635074,50.82951605951668,0.02784438255752095,0.08503113846351928,0.32634809338414494,1.6346456518978592,5.7833001627805025,-3.3118321828395914,-5.628809793688516,0.6415094333570989,0.0,0.35849056569950477,13,27,16
2026-06-03 04:31:00,1,0.0,45.11784508239723,39.47580644047121,36.63342251869551,24.696215711771814,0.6399786626164451,0.15001446766208815,0.03204305837002583,0.2458462250927233,0.7204184808986569,-1.905839458678373,-0.2846014147503233,-3.2688396875877834,75.29494806137355,66.09128363165267,11.649819601883365,14.388904940353946,4.398754474552301,0.9137405022956219,-8.774685931512211,-20.128139969288696,-22.86045325264026,-34.410588672291446,-22.936480922462355,0.06897204065494832,0.1383002760472747,0.31451242691909403,-1.3643312372590977,13.013381833004711,-1.968096705116107,-9.185270937558387,0.14087759812002648,0.2193995380555276,0.6397228635934991,4,31,7
2026-06-03 15:19:00,1,0.0,28.139445275171283,37.54928720803676,51.17847328629856,38.65930411606005,0.14629780033787,0.2951868101166696,0.6166946764209584,0.32460121981889617,-0.34535445437748624,-0.663235498408163,1.8400579225186298,-1.671324438398976,7.891770010382289,12.438932730654933,13.305860804646162,67.54542337787085,-2.7818205078709077,-6.5717349476263145,-9.58590917268944,-6.104658149793558,-3.8031003983414036,-1.036959562730861,-23.841454706348664,0.04461365421781435,0.09205177751875102,0.3986105274953069,-0.5834233712675996,-5.0309099285450465,-16.272136984374352,-13.06581652949057,0.23577235753177214,0.5284552841234476,0.23577235753177214,15,19,18
2026-06-04 06:02:00,1,0.0,57.83953417806497,60.11833500226349,68.20355293171271,55.29391834004655,0.6335655613613846,1.0223645041044669,0.9683978574025397,1.0539764338928754,-0.1552401612605343,0.8748227479433646,1.6877999864999342,4.442692730925948,53.015075370227194,60.56975301519301,91.57994323124127,94.68021517947835,-0.3553711745241499,5.321312850878183,13.585460631879188,30.048684168017978,25.420222182628486,41.884081793188976,38.4951262128303,0.06600730692519567,0.13029982560389877,0.44112236061282384,-1.788322921941754,1.8784277112815495,13.836383643961447,28.543016882531802,0.3973509931748023,0.16963830862495682,0.43301069769081646,6,2,9
2026-06-04 07:05:00,1,0.0,68.72998922494942,29.96124029382004,59.326810276219824,51.34497403870676,0.6730142879737683,0.3801475364400977,0.6312949316568274,0.7910912282783151,0.3791426490266848,-1.1373073493468622,0.16947576487604188,4.40168671392675,62.0034542207277,64.52669002080425,30.595050024719527,60.76583210424745,-0.02315671808216333,0.7482992939363078,-1.7505936008200844,3.0366751194876587,-2.35172384676127,10.086222615373021,12.457771859366773,0.033375391949228776,0.08732316339320625,0.44229441327059615,0.02240286398169644,-2.710005856748632,6.927264840095315,-4.769523417126331,0.04943153729655236,0.2090954027635443,0.741473059445588,7,5,10
2026-06-05 04:16:00,1,0.0,54.901036721554014,47.67905900719376,32.66186064568011,45.74355883199927,0.4805582536189697,0.41711465212994353,0.19587808995403033,0.19035423923919997,-0.2681796470824432,0.8302220039346819,-1.1185877657362564,-2.7026176933120225,29.338446785301347,34.90691430871102,47.99999999750536,29.980532121025515,-0.2624798082593265,-0.7833364589925633,0.25885189303571543,-8.28550688659028,-7.156057161698909,-18.3185764274314,-29.47097351668488,0.07318812451729478,0.13989300132984003,0.38561629450994345,-1.3892016459793322,-1.8148474687929017,8.410664722868777,-4.4799104017922975,0.3815028899527001,0.41618497085772993,0.20231213861153524,4,16,7
2026-06-05 11:55:00,1,0.0,53.818288549689434,55.06912437955301,60.680654207011784,36.06536447714908,0.5328190587648325,0.6039977855440267,0.7856824457736622,0.41074579986837123,0.030621871320071176,-0.5930926766836802,2.7348534617109292,-1.8683845039987608,40.5315614483339,58.054289243130825,53.52564101992148,84.0404040382804,-0.5460040892696753,-0.4831170092285466,0.12127860384000261,12.983098078614834,6.587398938271202,16.215178526852227,1.2712682701996558,0.026528506299760793,0.06952131206514242,0.3031483120414653,-2.2403516455937744,0.17927150781860135,3.6763510870452265,-4.211030884999634,0.7421874994196441,0.015624999988126035,0.24218749981097973,11,55,14
2026-06-08 05:38:00,1,1.0,29.98256824986801,37.196144163437154,48.95825593379699,21.295195922403167,0.20212238964918938,0.14406576918994238,0.16954764612559797,0.2602408068707621,-0.1655925637418756,-1.02022698074708,-0.7965504595258803,-2.716039944971129,22.476586886318024,18.845907417929336,31.16591197735385,28.031227128041575,-1.7651892112861673,-7.174035466890871,-16.0183036484043,-37.701378606274716,-29.624979988146666,-34.064185939226036,-110.49460618734611,0.07730174366094149,0.19454971075453562,0.6995283557117127,-1.1137291480334266,-6.191972003938284,-12.700340336675442,-24.675783126254515,0.15925925920039286,0.040740740725533055,0.7999999997037037,5,38,8
2026-06-08 15:18:00,1,1.0,38.13449021545024,70.30195380134487,69.68542638270337,51.353212962080065,0.30320364975769737,0.6052090437205991,0.8561947195718373,0.6795062601277571,-0.8152031278004404,0.08287371038886526,4.801061899306369,4.614543323881804,33.01435406472828,24.37912964062062,65.72823900988959,80.75185543593435,1.0332766560696889,-3.122407758496911,0.31099484503405667,32.830592473694566,10.831523624883678,34.16140487119178,0.06886824555543125,0.07463555503071638,0.18402540875211199,0.5828283942731746,3.353861277357595,3.955481175033082,-10.278857314446332,7.242528683768512,0.5053380781120969,0.34163701055465245,0.15302491097737886,15,18,18
2026-06-09 07:32:00,1,0.0,29.690949181490268,35.174456434955175,62.83106568344469,52.52308510809565,-0.03548650512849612,0.08689371258089792,0.5104427495869482,0.6869883723336017,-0.2507961880430378,-1.1228447545895972,0.009429241383280607,4.100525828196107,9.698996653894506,8.329781274575707,13.484848483825163,50.336134451666254,-5.041273509911664,-9.645646406634123,-15.2189719154368,-15.587385404024285,-8.940223401982388,-3.8636990155768434,12.246972193794532,0.030820836120230767,0.0944750239305187,0.3235680477417624,-0.023115160887599018,-8.383788109571633,-11.820999590189674,-19.03375434459842,0.03478260866535828,0.49565217348234414,0.4695652169827323,7,32,10
2026-06-10 05:02:00,1,0.0,45.956232129239766,42.2811968233396,19.754329078987084,11.42943552438959,0.5517533773659572,0.14106739897462725,0.0904917291322936,-0.0045493812008169515,0.5703063902640806,-0.3685247318402407,-2.7479912965593947,-9.859136368925697,46.069315296189,50.80304310644065,13.40872374761829,6.771824857127886,-0.6325535236138872,-3.6484139824238695,-14.497490839789506,-59.530913111252445,-36.225283349110015,-85.99470267830979,-198.29030034069305,0.08255304332286956,0.2913640754885589,0.6591239500437821,-2.1003013216391864,-1.1457282833782223,10.49083485777036,-28.23234793869256,0.37815126034552654,0.35714285699255144,0.26470588224175395,5,2,8
2026-06-11 06:36:00,1,1.0,55.278278707634364,34.83655769862963,55.65339907869575,34.92633753359297,0.577094884787443,0.35617913299487464,0.42105166352739587,0.2134303773805632,0.5524557098415425,-1.4239881004085513,0.24254272095963714,0.5824767345814834,70.01689188597983,83.45439188466872,39.69304048585098,32.97743975973565,-1.2611655563380006,-1.0616873961260327,-7.190963531049331,-24.57399439732741,-14.439109084433289,-31.960140962569657,-133.32566504488415,0.08590873571826471,0.22493561864671419,0.9229071520852654,-4.974221582269012,-6.416631121152205,5.6120797555303525,-15.131027079871018,0.5189189187785929,0.24324324317753837,0.23783783777359851,6,36,9
2026-06-12 05:17:00,1,0.0,50.76841543663172,57.8638497516752,36.5012352320636,68.23852144415685,0.49374018545955234,0.5488105798858289,0.2650159197963446,0.7298158282241329,-0.44179483640826245,1.5772189684567408,-7.763252644342646,14.013155636099036,25.224327016433165,32.09630367860786,78.71894328270855,29.945365360443233,-2.7180844375534225,0.21878868030321533,4.1017919277152,-14.604652825391677,-1.1309257479411892,-2.649323768475976,83.7074769920056,0.059798334601811866,0.1998858495902286,0.8681418295188302,-0.33393401702164205,-4.601554276284503,-1.0494318161480276,6.396753886088735,0.1322314048492713,0.30578512371412775,0.5619834706101546,5,17,8
2026-06-12 14:23:00,1,1.0,56.45161282824598,26.209166868398242,64.6299174829035,50.60688105614942,1.0407961103033097,0.13643742917118748,0.5467745309821762,0.6557529236984581,0.39619696638352564,-1.8975432155268568,-0.4763403337205716,1.9693551471915853,93.53049905850705,73.64062668864752,14.388813711576955,62.06704945245253,4.226428849579425,2.76799206182652,-3.259390894564418,-4.551106227129847,-16.52707192571798,1.186554879853123,73.90264525152085,0.04312428942932165,0.1354942900654587,0.5509592664801036,4.89694428299714,9.155952022812386,2.471644415924512,-9.969225948944782,0.7024221450860351,0.1211072663939161,0.176470588174028,14,23,17
2026-06-15 05:44:00,1,0.0,49.884792586498556,86.5514650335157,82.23322744492654,79.42796727443134,0.478356822171282,0.8330762760155571,0.8210257165934861,1.0766286814024024,-0.3801126937377459,0.8011329593137102,1.8613476910631697,8.84674906066536,33.76413569729131,45.86353990013951,95.27559054829457,93.9975990377351,-1.567760123783569,0.6484234445379359,10.39591227135754,57.70501102148992,37.267000168597455,91.58333240281594,204.5084913918932,0.05341539310215605,0.13784566725892344,0.6293046343643278,-4.68608429180839,-5.862686195104994,4.806064884186334,8.066650410092358,0.6393442620858519,0.11147540979929237,0.2491803277869868,5,44,8
2026-06-15 13:30:00,1,1.0,42.64560704866401,48.40305364658316,78.32966785148218,82.8705287038747,0.36117211511845343,0.513036903250077,0.7734342064438792,0.7890440116585787,0.04450151276694818,-0.7953841811304523,0.23309227523632714,2.5371605566279314,41.86746986690945,58.835341347744496,44.62809916829115,82.81872509754022,-1.459693044548764,-1.2405218223838124,-1.2886641880407927,11.284392001684132,4.340586186296575,24.649686273297043,130.5900882373231,0.027617098887163523,0.08154779123699693,0.5150710789622555,-2.328055255584882,-1.1756881521762796,-1.360084740195111,1.5680143519447576,0.6578947364094845,0.1513157893738942,0.19078947355872655,13,30,16
2026-06-16 10:18:00,1,0.0,49.472573766599744,68.70426168911371,42.96542036513124,34.36080780286923,0.6206561097683193,0.9714519672637675,0.7066728575141683,0.41615348511304845,-0.2438910847597473,1.261956457091584,0.12215437508525812,-4.7215434714764655,37.63066200779309,58.67035307685851,83.12148363664988,64.84295845669354,-0.07501327740856766,2.9952326131541223,9.143906191568613,13.009512386862614,11.256995976739978,12.358630703949691,14.047005781348872,0.0365682746196537,0.08462308547493186,0.31938251941975854,-1.0861991465249687,-2.0335418869188437,7.285940794212742,18.779951533367534,0.3719008261387634,0.0,0.6280991730347902,10,18,13
2026-06-16 12:06:00,1,1.0,67.91627340217636,76.28987786262209,70.13301086292148,61.78913065420978,0.7962050083401899,0.8116291278535636,1.0358218713704999,0.77932738206261,-0.09078002617761882,0.493748069407677,2.5754629334157197,-1.8128871638170594,76.96701675382819,60.446354926768834,81.73792102063842,97.29885057191787,2.4752004382075263,4.708605496246252,10.540789384292411,32.93862263261353,17.288982901739825,40.93205669492251,58.299984344137506,0.03526028307153158,0.09131426953762735,0.29350527157618134,4.925751205828721,-0.4831067907562492,11.262700768004397,9.579746205810036,0.717687074585585,0.19387755095464018,0.08843537411963873,12,6,15
2026-06-17 05:49:00,1,0.0,25.925925895372643,48.79154073390378,52.697095417677254,45.762887660609096,0.147046495374289,0.2624062709112929,0.6005842909333533,0.6165374114086886,-0.6833577127298014,-0.42567976553778775,0.3799282574062144,-1.541933949274517,30.924548349528735,14.959326442040341,26.28865979042551,48.5224022855785,-2.4477423992124634,-7.839030250749283,-11.448346559279372,-10.018289902204971,-2.7724376430749613,1.0475508924958699,16.36151461011744,0.038188927913494465,0.07520833261305704,0.3302761502695835,3.969769741816176,-9.565264491087078,-13.11013085938062,-17.825045109569615,0.7198067629372872,0.02898550723213218,0.25120772934748886,5,49,8
2026-06-18 15:09:00,1,0.0,66.07642116262295,21.094495695345245,11.379186169258247,45.24081839729728,0.8964780681676501,0.27080088615899256,0.12103257056297834,0.15785300728987076,0.2904651862051304,-0.007680781436654627,-2.5207503957246065,-5.569439703390209,74.98522748179391,56.83682730953537,15.027537371453821,4.448928221737983,2.9491638552728765,2.8181117096039445,-2.1972137906916664,-36.9080871007325,-19.254474038787958,-63.73623387134305,-119.4673763384633,0.053129600577904924,0.12333391638088148,0.4729680692079359,4.243146434519396,2.4511565805895863,4.573319864829006,3.0877110279603492,0.5884244371099903,0.2411575561925087,0.1704180063759576,15,9,18
2026-06-19 05:32:00,1,0.0,59.54198464192245,39.084373796929086,22.311887016112465,21.728335733588196,0.4508638694178059,0.15887906363371604,0.15205376322192657,0.13033787492095517,0.31209061333892785,-0.43930094493019833,0.11893112735130096,-3.822363509114801,52.928870281811534,67.54355940907546,26.137817582030717,13.050223587349846,-1.6789381877254594,-3.2489700532186827,-8.607248052761364,-26.711221044835174,-12.198666972042474,-36.010717702120125,-118.70263135857651,0.03933767979330029,0.09452732151851137,0.45084717121708484,-1.2685207014218047,-0.2633043499089549,3.855405529991085,-16.353567816524972,0.3767123285092163,0.32191780799885283,0.3013698628069993,5,32,8
2026-06-22 05:28:00,1,1.0,67.53569205800768,26.086039638017354,62.41897102753874,61.19561390349392,0.7889322711323616,0.2735935634562008,0.674000221617533,0.919059869034858,0.5638540249214348,-3.2621955381447556,3.346838613598461,8.279646766247414,92.52966162405892,71.63224450881722,17.50165944882617,56.465807472192814,3.4764166204529796,2.770614922736768,-3.1975172423935625,19.88963671330163,-0.9742299693190225,23.758870071511158,40.28610206552202,0.048738322417632776,0.17048544305189411,0.5378518616618277,5.970755240829462,3.438284582515383,7.500415030925467,-0.31028437563085376,0.968627450600569,0.019607843129635486,0.011764705877638625,5,28,8
2026-06-23 03:39:00,1,1.0,69.1753401946804,39.34981373007521,40.666593014599144,43.93269466206084,0.8857049951913678,0.26374849664219663,0.10272908691620666,0.3655768420927011,0.43621095877258176,-0.7550937818191403,-0.7554534195507439,-0.41143023635178877,95.65217389415238,84.58600550011208,34.99999999794011,32.352941174567476,3.6932149986437044,5.249184569273332,2.4422574477802605,-5.628898613380729,-7.2153659987447,-11.9460366273109,-4.085354129444857,0.04637513090304935,0.09097484781900216,0.3570852875027828,2.0310414822310996,4.421558563543204,8.82309690701577,3.895546768668545,0.5857142852965123,0.15714285703018532,0.2571428569590166,3,39,6
2026-06-23 18:06:00,1,0.0,49.7306034107626,46.08208527163299,52.23518713848615,31.177732742659842,0.4743439148187886,0.618882121166626,0.6975965680644306,0.39149860208689913,0.34264593676552535,-0.5363141809641689,1.8817598259567219,0.5371571185440658,38.711555249953896,65.93760842303112,49.75908497096602,62.65476460491997,-5.187042361012174,-2.2302968335702924,-1.4413552964623089,8.060376281995559,12.532546536372065,14.315619201656757,-26.05372061238667,0.06804487259551632,0.17791488134319358,0.5593482785046431,-6.624335781457713,-8.172056021054086,2.5993689323322577,6.20389788965614,0.7558311187613769,0.19102450540565816,0.053144375537718405,18,6,21
2026-06-24 07:08:00,1,1.0,35.32804610709688,42.74182290516969,29.665150611744778,28.05112543488157,0.28009563145814553,0.3998337886354684,0.19697680834267106,-0.0510923935426049,-0.5970205025783719,1.534778083894989,-1.7277700414894195,-4.0758677979633795,41.65571615747243,26.912717809579913,42.07167402837257,23.67354813768697,0.18221911116381495,-3.9825146856079607,-5.404163201773111,-31.94294685312087,-14.916580962797703,-46.39826179619854,-117.61204812372293,0.049500098278722766,0.14610391610235235,0.5210853324617006,1.921951520005294,-2.955406608534661,-10.213360798658755,-4.907479362977751,0.2832764504154102,0.6348122864726841,0.08191126277060883,7,8,10
2026-06-24 13:41:00,1,1.0,65.68446894293625,28.150445893986188,20.695887928383968,25.20476544719959,0.9057408471928108,0.16342283498692461,0.0635468951736867,0.18674377284951907,0.28031606508127876,-0.4680815445343782,-1.7688201193921724,-0.2725830722714022,95.33239036841209,64.08986773908975,16.971125514616116,15.838247682791142,6.879631257864999,7.350126214774927,3.2422298688787543,-17.234913743858876,-19.78594956391819,-31.668926829353317,-73.6276699292593,0.04976743262102897,0.10342522912339919,0.5008002421024527,4.678322255149414,10.544715877804922,9.85419486916772,4.0378722875167306,0.7952755902380847,0.12992125979134278,0.0748031495768717,13,41,16
2026-06-25 04:19:00,1,1.0,46.73617124569021,32.97661664430291,41.403345716745015,36.12832761218349,0.626063805459197,0.2138839265017469,0.21224317386247687,0.26887304227653747,0.4311918157314141,-1.2043589382558113,-0.530392991814379,1.3681208723163287,81.34377037955917,61.4407406141843,21.978021977447032,20.81784386565511,11.721766774023047,10.990921344249966,5.773952425461318,-6.674227620956626,-23.127211689180914,-26.061202990747592,-86.56530673577207,0.115418366542195,0.23698223744129462,0.8032156043110753,10.300609891342738,19.39075891115749,-5.680062355574167,28.011492821506945,0.6220238094311985,0.09672619046180657,0.2812499999581854,4,19,7
2026-06-25 16:46:00,1,1.0,41.5750447307069,60.161113135087774,63.732394357220805,55.6981917432285,0.03463791458206133,0.5527920249645111,0.8073383501347456,1.0002306633815103,-1.1395399102400998,-0.28021269461642895,4.0523696418078625,5.4634020816205435,9.893048127812817,6.7772262354262205,50.167448089971806,63.034117256325835,-11.996841425406643,-20.728821576093154,-20.147552722834572,18.33251182075624,4.617043102841044,36.47077620692896,28.596612822233634,0.1298753120760867,0.30602591685361025,0.5764023114414368,-1.770381517216535,-26.514873575541607,-22.650882297028385,-42.465217634239934,0.2616487454259423,0.07526881717733702,0.6630824370382977,16,46,19
2026-06-26 11:36:00,1,0.0,50.40599620826492,56.97738552681492,68.6223712136437,50.86974492609599,0.48676116112805523,0.7228442039948298,0.8569449977965676,0.7072580009641692,-0.12466678985422064,-0.40701492585429166,2.3364790483795277,1.7416184773269598,49.006622508443506,54.13907283871876,61.5056818138128,87.58720929977953,-1.133752915442919,0.26226778296821907,2.8389095862372318,20.04605015716269,11.964101533852238,32.739598365256626,36.93079340574509,0.0474659639814808,0.11370144959610294,0.45390544267224914,1.1903330080587082,-5.402532003186966,-1.1652598839451134,11.31961657281133,0.4615384610314302,0.07692307683823855,0.4615384610314302,11,36,14
2026-06-29 11:55:00,1,1.0,16.444132099069463,27.999999983834897,49.811655202805966,39.769832201029814,0.04279566695242056,-0.20288109043706723,0.3181563476771683,0.36418766877363407,-0.5239385129562222,-1.3286843598644045,0.23194372923870765,-3.2153346669093725,2.3286508907000822,7.004594189283775,1.0701545778188932,56.182065215482716,-7.8879675270352685,-15.39809446228735,-22.655077281546347,-25.51913432128058,-20.40674331831602,-12.568903233744141,5.886304773811872,0.05170655257138555,0.10423899977100308,0.437294993240525,-4.689256543055631,-8.90582887733582,-28.95357211002869,-30.794414666117653,0.6007208647975062,0.3003604323987531,0.09891870240326005,11,55,14
2026-06-30 04:15:00,1,1.0,32.453341834764615,12.938223028640394,15.421142020717454,21.688101671379314,0.1791691374265843,-0.106227471571238,-0.36796587787860047,-0.07823198018585717,-0.7082952668592775,-4.505727857438943,-4.543167893900161,-3.915483389944221,28.44107351158889,34.31207591045765,22.537070750273983,20.116104543457208,-14.39781929804244,-37.8027246026615,-70.62359163530695,-122.08558888821773,-91.66253060927691,-121.1388788795557,-101.05218075165448,0.2185720084961699,0.24011689196030214,0.40798179206540014,-10.182566082452826,-20.898562466635795,-66.00527388922362,-95.52718440181019,0.5062656640969535,0.0,0.49373433577773324,4,15,7
2026-07-01 14:01:00,1,0.0,87.26726719388773,68.40738600814423,86.32753807236362,40.181435993333835,1.0054788885452033,1.094768206333869,1.1074468326473987,0.48951278131011433,0.8836367383715089,0.8316250631632038,3.065126955524155,0.08782104587153938,92.29738780359651,96.15973532300838,97.57225432961971,98.89035666845713,10.899483617486096,20.526845425870654,30.444725573964327,51.13929962393369,29.902067469673852,43.290857039749085,10.138149825919335,0.04313305521406083,0.09735236930368776,0.3656297004587845,3.2739727910358063,15.915099450602987,35.880353688517715,35.603561860562124,0.46183206089238343,0.4389312975423694,0.09923664118356769,14,1,17
2026-07-02 13:13:00,1,1.0,41.49076513318862,24.19213972320209,43.66076526825725,51.1521376963066,0.04548012868849084,0.1532671400281414,0.37646171078420887,0.5426042436961785,-0.05087801418944493,-0.9416809113312858,-0.9547991741647324,0.22425936835938387,2.0356234091492387,17.129432583501405,9.709425938361335,24.18096723743017,-3.1694712237164486,-5.803546499061924,-10.23621752739266,-15.120107422126035,-10.835681543552177,-5.7156526800749665,29.958202663597135,0.046997397297150995,0.09339813671244591,0.4226554124896492,-2.7069360314113666,-3.3711417958848244,-8.01811207894243,-15.459008436096155,0.7583892612359332,0.22818791931000243,0.013422818782923366,13,13,16
2026-07-03 03:32:00,1,1.0,50.94462536070188,63.99049879107132,71.07085772522677,68.308007006456,0.24289283988261728,0.9490516429050416,1.0690959984024158,0.7426712092764947,-0.693380013225013,1.0171213947929836,0.7518344035161411,0.36098797134054195,8.690012969042405,18.14670610511335,81.62955465173904,85.12904546967873,-5.077381056645062,-3.19477478775888,3.7363175694697395,17.610685832841977,18.15883544987952,31.57112812068527,65.91913405795434,0.051841164891708445,0.1466931621406651,0.5138377487324555,-1.1369202764899278,-9.740098875296033,1.306568044974199,14.803526195092953,0.38793103414822716,0.0344827585909361,0.5775862063987677,3,32,6
2026-07-03 05:08:00,1,0.0,46.576576517830475,70.90410241713253,83.08689716602429,81.97870109171954,0.39815486796798616,0.6521379979771944,0.9752667519069607,1.0551341010489281,-0.04739386306777438,-0.3519840051719907,5.794513574552848,3.7328723220753837,24.08660351500703,41.174999912221324,66.93777958383531,82.30088495464891,-2.0535537273033064,-3.1968551234046307,2.012398115810487,58.00845354135511,27.38943507739644,91.54276466533796,174.46723950721955,0.05567396695902688,0.2237662985598235,0.6042837347914941,-3.5405470384408666,-1.7945095186766569,6.15407456008521,-16.19899437216299,0.7213114751141555,0.2090163933570063,0.06967213111900211,5,8,8
2026-07-06 03:37:00,1,0.0,60.9164420102049,42.92845256903501,57.43870868274444,52.42305539189785,0.9433110226617836,0.3708100707554146,0.4431007916226449,0.6896357698028824,0.9011530107531143,-1.6452535321696624,-0.10949837988097766,-3.041713935195805,99.31740613487116,88.32704097812594,33.842239184672806,30.074036251465365,6.68789433312601,10.242003764647304,6.861653986286723,5.024734598771157,-1.7231071446850426,-11.533126053154099,47.76000934475856,0.0694218280329962,0.18458067947353157,0.331604019821448,6.244175990066658,6.220237062803946,13.239246105134495,23.221734009297723,0.8138801259261791,0.025236593051952305,0.16088328070641114,3,37,6
2026-07-07 05:30:00,1,0.0,41.348314574220275,57.08775310835015,28.78228781544398,40.4111600504288,-0.0034220250444133766,0.45384224213826285,0.18779108073183007,0.20989166764479342,-0.23748424092348158,0.8972589347192024,-2.1476618794801277,-1.2013259110534258,26.923076920117957,41.36072260513689,72.07949587629189,37.147139644337194,-7.088274643400269,-7.38517944813601,-7.078418764779697,-22.454169062609445,-7.552319454414195,-23.81233387891064,-32.20173097707011,0.04582577265618621,0.11613910953460606,0.3268385856138267,-4.854656182862183,-15.923009834869495,-10.259269853799546,-6.785546544381127,0.39425051326609145,0.10266940449637409,0.5030800820321957,5,30,8
2026-07-07 07:41:00,1,0.0,27.549467216786837,47.659952586870865,35.499474227192124,43.21184146737209,0.3766472524183811,0.319606001580228,0.24440832401086446,0.042068767589396185,-0.02359244768452351,0.30800847467706083,-0.7310127480946225,-2.772239120042265,32.18623481129796,29.040000504057108,36.45584725319776,32.75202041545358,0.33019500536254626,-1.5111394124797743,-3.464331810227343,-15.670067162885013,-7.944155708110379,-22.84948157371387,-49.15716824508091,0.03059039461609143,0.1022916971826818,0.31814505816924477,0.26631126218035206,2.71219604334183,-8.151940560984228,-22.295520726018925,0.1309523807960728,0.7976190466694496,0.07142857134400145,7,41,10
2026-07-07 08:45:00,1,0.0,47.583826397130075,36.4159891426206,28.243272798174118,39.759759751402065,0.5024369666556515,0.21151955264020977,0.06699894910493852,0.018323330048588087,0.03578216429612091,-0.2824447510407566,-0.6901548967641933,-3.37556440761544,65.14399204913843,52.78963131272271,39.20377867481489,20.400280898158627,4.259157805074493,1.5862035377166268,-3.3159319493240296,-20.13953224647889,-11.729376925867008,-31.34846898495971,-54.44115548374313,0.06784118302827324,0.11091175143015015,0.3199587328706378,1.819361646644424,11.169182767891694,-3.927563128910405,3.6636568876158293,0.40223463664674236,0.4581005584034178,0.1396648043911806,8,45,11
2026-07-08 05:08:00,1,0.0,66.10878656785025,42.092293893608655,57.944050317076396,40.973749812482694,1.0828982666054756,0.4660446169076094,0.7279260628913783,0.26836110534465535,0.4829525846503375,0.1219507178102166,1.995867395567541,-3.3269276505255228,87.95718108046448,86.47456027307577,54.45097152939726,50.419625563251955,10.173598753410673,15.199352759758302,18.758993104417417,20.050331770560224,3.2328968261759976,2.6598365560152786,-40.002488827622734,0.06123125855749473,0.18020082550895086,0.4751253752395846,2.0171506410537887,20.037421040266512,17.305859773855126,43.68362803512716,0.3130434781248497,0.5869565214840436,0.09999999995632403,5,8,8
2026-07-08 11:04:00,1,0.0,24.8006379308475,44.607707218616,44.52328158263195,35.733841203424944,0.12545960696800929,0.3519706389199822,0.16776815102222445,0.4104847579833043,-0.5601820008220852,-0.009936205605380888,-0.7726602030712111,1.390471673379995,9.161290321399013,13.127664645048322,49.317269072347344,32.19716832552783,-3.8459018152163797,-7.781157986328943,-10.05361386572842,-14.616943928783964,-4.951581638799957,-4.690144078217255,-11.095440380200086,0.042195461801743814,0.1029457673931811,0.4033414819787722,-2.1127966263245757,-9.367215473862212,-17.627810720471928,-16.853203745532674,0.391812865267448,0.19298245602798084,0.4152046781197758,11,4,14
2026-07-09 04:39:00,1,0.0,50.22026427846435,43.084066456423194,42.71523177643157,61.65841954668457,0.6497923895971661,0.28926723806085364,-0.09471335696759743,0.48311171948637477,0.47686654087881786,-0.6699444489079167,-1.4171978475887008,3.601705847275362,86.80377034389039,88.50711356157525,47.70875763504635,7.9321231251810795,1.9997093748765515,2.6281729922444264,-0.24793676506899737,-6.571475185172534,-6.383507613226708,-19.73152280125813,-14.893638968127416,0.06784737707968934,0.15936934371725575,0.5120068786568921,-0.3928959501020568,1.8666774737452485,-0.8594197934197467,-2.7250799418165883,0.03424657531913293,0.006849315063639703,0.9589041089322958,4,39,7
2026-07-09 07:15:00,1,1.0,41.534810080578346,40.1906518892165,35.87350958178274,46.43794853273111,-0.003230382918003533,0.35454004935649686,0.15802241414367604,0.4559353468056091,-0.19686701022981784,0.3518271639164241,-1.7307600974799529,2.3990810814584016,11.434108524919013,44.63881659355342,48.99068322601093,22.187060477419347,-5.218676527907661,-5.803084185303363,-6.374438351419596,-19.330791979300248,-8.697886155404333,-20.829758244141207,-31.526843804873657,0.036953321795683475,0.10335280001646607,0.4631456465627466,-2.758420262566341,-6.3027253131975325,-8.246103100904012,-5.539927488504848,0.75886524768862,0.10638297864803081,0.13475177295412935,7,15,10
2026-07-10 05:49:00,1,1.0,57.96425790120219,58.43925507484023,52.286657219895346,62.068027199061724,0.6739245558330209,0.7129758725351278,0.7371020073492022,0.5084074492212818,0.004432205417239654,0.7236179705505823,0.28640632407874994,-0.4567416433929452,84.66819220030271,73.68421050945521,83.9900249334668,75.8558558524402,1.833614627667453,2.4294202199441797,4.971557174367177,8.349010805212743,8.121845595481958,7.314444113972299,7.681255964064276,0.03772753173120885,0.12546045597586214,0.3212164023728229,3.4432380987015065,0.16968154410212932,5.796672612903286,-3.804202310873084,0.8117647054049953,0.08823529406607437,0.09999999994069497,5,49,8
2026-07-13 05:16:00,1,0.0,50.491159089266915,50.96134785503576,44.9705085185782,37.57357999750756,0.37559604720253,0.332192111924555,0.30544817728138207,-0.0022813615520831305,0.36443964063335743,-0.5197179094130842,-0.04204489660525912,-3.7422948730996244,42.71255059863408,51.55195680467472,21.170165251400455,37.27574750706821,-1.3512286214819083,-4.126234519816315,-9.500778784562607,-18.326105998151682,-11.340435541349226,-27.116693693425614,-62.928254000957025,0.06222140047794922,0.1724351153675133,0.499680825254852,-3.068904266144701,-0.171908441564117,-4.124171943602484,-29.33509964261671,0.776315789133473,0.19298245605555547,0.03070175437237501,5,16,8
2026-07-13 12:43:00,1,0.0,40.16203697195794,38.27603896686147,71.16578011976242,39.696897559662354,0.31122372113331026,0.13349276382377115,0.7788104217064173,0.38442190843797375,-0.048158605872157256,-1.0315134244789284,2.641909470565861,-1.5975510324486422,33.185840700622734,33.11209438795655,0.0,78.1596752346919,-0.2164370606789406,-2.2428076634606104,-4.225154010286352,6.392624388416749,-4.4226465093182625,13.562296164296232,-15.311812162358388,0.03739205916192376,0.07895423726046785,0.47250944203668455,0.41762936376699145,0.1719608076755641,-5.818613917781823,-4.54253593821119,0.15254237275196514,0.8474576264005772,0.0,12,43,15
2026-07-14 04:51:00,1,0.0,66.4762992044166,48.80323280437539,47.81070321385782,21.270693509639443,0.8812394077197985,0.6844543023351459,0.65155351824073,0.2748585159237161,0.35849767025185364,0.2944895792419616,1.1418663989086357,-1.1439663199900174,92.1322690886962,80.65263220885514,68.26424870024348,77.51155947551479,4.469441342430154,7.480379223882191,9.37277114650485,10.024313014109325,7.643092576657629,2.731365995673789,-62.62761046582944,0.06215067014053666,0.16867613949200874,0.4573673573115353,5.674042505328103,8.375848054615886,14.785960092920103,10.653502338895393,0.7093749997782541,0.0,0.29062499990924584,4,51,7
2026-07-14 05:30:00,1,1.0,44.20731702599851,69.79668269188929,65.15605711669514,27.52053434077719,0.5165211519221968,0.9203834198130705,1.103955095976172,0.34760522039542746,-0.3601068190166048,1.6993330755255567,2.936607418770409,0.24389596050158246,45.368620029232915,66.45875119587659,95.47872340062744,96.64977477205363,-0.6344627448159302,2.9541635635179366,13.37687396261196,31.6935184664987,27.06969220340374,33.43465115470593,-41.78903078302904,0.04729338314167889,0.1449687367825375,0.44999340130787663,-4.106914176693621,3.2381282124416266,-6.544575902771577,19.985254325460833,0.535714285540247,0.40259740246677544,0.06168831166830219,5,30,8
2026-07-15 05:31:00,1,1.0,54.7711403594422,23.565965575288857,39.56145198905762,55.27775874529835,0.6030418084857226,0.17982329856765641,-0.04188184731300009,0.3755853651390698,0.6293269703550972,-1.5883814136885581,-2.0520680242649965,-0.7638257645753344,63.674033140376196,76.2041027700739,14.410480348820702,12.043795620071732,1.3362682761978235,0.06648095473251832,-8.738439956081162,-31.54595478405628,-23.99048561628397,-38.218530489416246,-25.064223620152127,0.04682093136465847,0.13212573481656475,0.5057697993641769,-5.599790875066013,4.365247175921461,-0.371861949970409,-2.2059762126358518,0.8124999997179017,0.10069444440946465,0.08680555552541144,5,31,8
2026-07-15 12:13:00,1,1.0,46.05146400668051,65.19739360242312,55.43752249232756,31.108719047535757,0.08999796235491839,0.9016886210542198,0.6627855446250419,0.22870301398073953,-0.4863289204097794,1.1251329119980822,0.9093103904000808,-2.90395901470275,12.798264639309036,12.457491293025717,89.57963291358183,71.07438016161804,-2.9195041921292075,-2.7866542880418566,1.5569020008495933,4.774375864893732,10.911324398877483,3.698792089281144,-20.698968451967175,0.04009191718945361,0.09792391729680505,0.33544315797848917,-0.2977560360728493,-4.613226815745053,-3.4727174634285873,4.145612787354036,0.13888888869581223,0.04166666660905946,0.8194444433062394,12,13,15
2026-07-16 05:45:00,1,0.0,40.94063218402729,24.405884558970328,19.640516752012644,54.099355322279905,0.417934903226906,0.06736637485925746,0.000993320258500661,0.36816549012272615,-0.06235419859039504,-0.459731677397218,-2.989766892657625,-0.8134624377168125,59.4742606725633,42.03397610277357,17.420814478849397,10.272145143802524,3.0277818157840573,-1.1746709676250717,-8.818960880810428,-35.683739845892326,-24.745373747692266,-46.17888855993894,-24.035104553122096,0.05030474481444346,0.10785844020893218,0.45023272134437753,3.923092489388491,7.252685294312222,-13.384840181290825,-4.564788363758954,0.8541666662216895,0.1145833332737828,0.031249999983694352,5,45,8
2026-07-17 06:35:00,1,0.0,31.978319758933253,64.78756474804104,61.8104667473621,26.725622160164704,0.41858546630429966,0.8409664087449185,1.1203131104366446,0.2630937079262565,-1.0860984387745662,2.3999832063761906,1.3573329211358973,-0.2993094688253226,26.895450915653132,16.119498674181425,72.16956292595616,80.17377566929454,-0.21768158788887998,2.6591085554338467,15.889470964991558,31.87064539605936,22.806244690599453,39.81626843529855,-50.77033892240807,0.0590161556726145,0.15508432710286088,0.49799589862498134,2.7014689237292444,-1.0001737801934585,-14.458029887419732,23.210085107823186,0.9243697471226416,0.03361344534987255,0.04201680668714962,6,35,9
2026-07-20 08:10:00,1,1.0,28.793103413524264,33.85105533755856,64.31400790600628,60.26266415718879,-0.12242176003602291,-0.05780700865910431,0.6428794151280613,0.7549648159434709,-0.3559732987260251,-1.429614913241,0.8890510603423252,2.376176626384929,0.0,5.557405590655084,4.60584588090279,69.09690968889674,-6.380323735517211,-10.5282176249872,-14.929273235052332,-8.911630275635128,-11.448377989790027,9.905362974072995,29.961800884070644,0.03436012147574877,0.07600439911256544,0.3921995221084818,-3.834904855761767,-8.587098693143558,-11.645020944864859,-21.452532853075688,0.9869281039301259,0.01307189541627928,0.0,8,10,11
2026-07-20 14:51:00,1,0.0,38.94601538912469,57.32991742662574,64.10256407228553,54.17455508558846,0.24309818044057624,0.6779286535219439,0.9839674350557519,0.8254207628990302,-0.7965756769171881,0.720339794893063,0.75383871813407,1.3922626557237283,30.459126536346172,15.741611962275314,37.24832214586506,68.42309182222263,-0.5870426978932584,-1.6364379343167488,2.7379129659166566,14.226624091569924,6.137592267149972,30.9826000140254,32.55627535742543,0.05867991992292125,0.1179259714349213,0.3702674804894655,5.36546651613623,-1.3901076464606366,-6.426009708484504,16.487308129884415,0.7482993194734465,0.07482993194726731,0.17687074823915014,14,51,17
2026-07-21 06:41:00,1,1.0,35.20982594749769,71.41280350442148,88.31996707307285,57.53001306542957,0.42196745326670115,0.8133373295733665,0.9867829506500078,1.120559841779937,-0.40798598414725573,0.601904870821345,2.5462319004338196,2.151269759851341,8.037094280055493,14.094366262238841,69.07477819733465,91.19865884134067,-1.3856947659116796,0.0698991597724914,6.741439285273501,32.81515294603722,20.2525389114139,56.10457927000788,59.91757603737861,0.03920302840302702,0.13076148472839236,0.3526039568702315,-0.5193822319338182,-0.12366732993651652,-10.3527214191379,7.400871025589062,0.36842105198518427,0.5614035077871374,0.07017543847329245,6,41,9
2026-07-21 16:41:00,1,0.0,43.377063029738316,39.97706420734673,31.93971802510538,74.02109779155822,0.16778293756666474,0.1841499571367934,-0.008851295482675907,0.6571719788316938,-0.10321481901209517,-0.26422502397590675,-1.7415272348423032,1.1753752253349283,26.113360321242563,40.654520913562806,32.28589032456511,3.884964681943117,-5.464200802010609,-8.076452914845635,-11.811272736877996,-20.438428360415674,-9.420291825811807,-19.358518740674242,27.05246603861476,0.07553950426825524,0.1407041907217728,0.36948714275317823,-4.072500379482813,-11.616364028732562,-7.426735012368013,-19.271835149412553,0.6264591437251228,0.12840466921070098,0.24513618667507112,16,41,19
2026-07-22 04:00:00,1,0.0,81.19057457062188,70.32098763001288,65.2372073562607,68.93028844993961,1.45389872035815,0.8162922681527736,1.0463657219577907,1.0622257382925728,0.9102221878335859,0.7013790512604965,1.1618913082477578,0.8066763181109771,95.3931203872608,77.65156557500093,79.92322456507195,79.92322456507195,23.484352702788293,29.070085584104508,35.12434804687029,52.32079509691752,18.23866392279186,31.86730143167175,76.78545539122939,0.06708793997768243,0.13512893908876922,0.3147836568425775,25.554379940175842,32.45956293161933,37.141883215656705,26.019324107782182,0.8658333332611321,0.062499999994791666,0.07166666666074295,4,0,7
2026-07-22 19:54:00,1,1.0,32.638164707303474,33.045499818578094,64.51036944234036,65.06306596934931,0.4177663517139733,0.11599713643649136,0.5655506584800385,0.9468113418104378,0.18740746067724245,-1.9926607372325427,-0.35992714895401967,1.665019551905516,32.18045112297339,30.02506265211819,12.115563839138881,53.63769531119107,0.16328352627961562,-1.9835479145210242,-8.193336456424975,-5.142804059824699,-11.753020955585527,7.56288479662169,106.35002911074693,0.037552869013355375,0.09792132912573111,0.3799915538350235,-0.5787630146314449,-0.9163438363224419,-3.977643234331918,-13.84779705632,0.2577319584971159,0.44329896861533935,0.2989690718566169,19,54,22
2026-07-23 04:48:00,1,1.0,19.15074308840373,36.06889562631015,48.52830187653753,56.66719142952329,0.10203891399057827,0.00356224001201126,0.1961911639511275,0.5271529793178177,-0.735774028970845,-0.9922628149254678,0.6981287998527455,-3.7240878961326906,4.1533546323258115,1.701911861548287,1.2339331618937939,24.041122972559176,-8.678426662202504,-18.598290375002616,-26.20964433727647,-26.279448431058857,-19.42673954843548,-20.205697242785305,16.88098752217509,0.07076282849431823,0.14026856907863341,0.38920176909423454,-4.101867077661581,-17.282690767091992,-38.169739233919756,-43.058898335304185,0.5809859152882274,0.19014084500344897,0.22887323935621096,4,48,7
2026-07-23 09:20:00,1,0.0,65.06300104113225,56.50574709006692,51.277108416436036,37.32052473378252,0.7023916965352783,0.8144359454910219,0.4183021213323675,0.3672477523483454,0.37256223019166346,0.08036979523878217,0.1488360010139409,-4.127955412317892,62.16617209759753,79.64685280421855,65.67992598837466,29.280575537458585,0.4859863082012673,1.7991555954497465,1.8178452829810137,1.2158798472912342,5.210360516747927,-6.1052933418739235,-0.8650346284761977,0.03747090766693804,0.09244708525123652,0.333264105754339,-3.828739048414853,4.535273880823532,4.996307340812134,2.109482122139017,0.8009708733976962,0.1796116503981589,0.019417475718707947,9,20,12
2026-07-24 05:50:00,1,0.0,18.966292122896718,28.336755636635033,42.57161890748382,26.56028703265207,0.004771918982849098,-0.4521047491178337,0.05909974281303909,0.2796579685651501,-1.6094637078294194,-1.2585735061889098,0.009908293398668278,-0.5844979569210764,20.447110140651578,11.455631116623422,0.8634868420699017,17.59014951472399,-12.036909517438598,-24.00946213177204,-31.529466128179976,-38.877568065194815,-41.22221643471967,-12.210642621516191,-56.91322282717341,0.07018414096182331,0.1080194541104935,0.31607258787522813,6.879722824162382,-27.547970719452586,-36.77084247761919,-39.726438847365046,0.5659999998867854,0.24999999995,0.18399999996321456,5,50,8
2026-07-24 07:35:00,1,0.0,43.84236438083837,41.83082264360952,33.42109592779495,33.41126244696355,0.2341780126577951,0.422345444259991,0.19933801110718047,0.17460451533554816,-0.05759296853036567,0.47127044685007613,-1.1650992515435261,-1.349099895487619,3.553299490589932,31.125060802202043,29.187396346732402,24.60260115518049,-1.675765325334759,-1.780910620989983,-2.598263695665103,-15.881786716280153,-6.062569779296269,-20.991053318664008,-75.32325405888132,0.020551157576310475,0.05092168786955806,0.2995924415268209,-0.7943215935080072,-3.697486081694068,-0.02482446003648775,-1.8366772027400557,0.2073170730441464,0.7499999995427522,0.042682926803345254,7,35,10
2026-07-27 04:18:00,1,1.0,41.20662458292928,54.273504261015205,71.17753324850975,68.13157424715772,0.05119336954060436,0.7115826018725312,0.8211271427778822,1.0185484061799768,-0.5690178482752869,-0.41763500630502737,2.4751990487487348,5.567936244306784,1.2257405514569346,20.243367614633595,63.85775028744176,86.04894061345749,-8.051912730855856,-8.371701829399113,-4.120550789712469,24.779039866420938,18.142448452787317,53.96692407278703,83.65333790384234,0.07461957682725909,0.1789890726397196,0.3920062977432675,-6.138503642298954,-14.578802810130131,-8.47499936072138,-6.357596536205046,0.9044585984382845,0.057324840745888554,0.038216560497355584,4,18,7
2026-07-27 13:33:00,1,1.0,80.29629612975691,50.13550131696962,46.635262434883494,69.64874281029226,0.8958792497678321,0.3903497131813128,0.421184047014785,0.7046253422301089,0.43457972177688553,-0.19087284050620498,-0.4646162465774031,1.145201057444237,88.51485146762164,89.69729012572549,46.960926190521675,33.26499230992932,2.3820739291674773,4.322614363349802,4.087695669250896,3.0514965534907805,-1.1820769116794347,-0.9305869829585469,33.05902715716682,0.027891735411912377,0.08315905998324728,0.3680321909582046,0.4884344820088593,5.106497345965799,10.340566433251208,-1.2941206633232394,0.3333333329749104,0.0,0.6666666659498208,13,33,16
2026-07-28 04:47:00,1,0.0,54.27018627641416,25.921299176673543,20.116496769677,24.534326764988407,0.21186468820645568,0.1615056065533636,-0.012376289718537636,-0.0997925975560515,0.18573818604434078,-0.8143965717307227,-2.489328574399308,-3.1962695245002504,46.327683609279056,52.212806018994264,23.43612334698563,15.748963883489175,-2.3766181287218515,-4.92601717668888,-12.928768219507942,-39.57554975377367,-21.225565349002313,-44.69439375441678,-49.50715444527436,0.04573611760554621,0.1132505628565325,0.3065473219885849,-0.9142857142852012,-2.371854975892207,-2.0754346367801713,-23.692622127330367,0.15286624194069454,0.2484076431540631,0.5987261142682996,4,47,7
2026-07-29 04:20:00,1,1.0,57.670043356918676,49.104196117692844,32.519652452311334,48.98971994935797,0.7005782248303679,0.2250475754739933,-0.10791091277888264,0.254980312047943,0.5776933565338387,-0.9413113113441938,-0.17188166781755987,0.4895255225155619,72.71317828329805,78.6405620516375,32.54376930831464,14.081027667290119,1.607050484363679,0.06580622932439506,-5.887368418252046,-12.948214814568566,-8.021668050451963,-24.997838313160063,-31.805134280537537,0.06127604654418103,0.127229155644082,0.3329846833794839,-1.4689863371830647,8.398931815378763,8.673318703338317,-15.812458277859598,0.29207920777627305,0.5792079205053838,0.12871287122329356,4,20,7
2026-07-29 20:00:00,1,1.0,79.86139416559067,72.79549715387205,61.905649806699856,48.88006515287787,0.8810500951001736,1.1297600465638256,0.9675897516033248,0.5316119695279479,0.7463041009771301,1.6359924468488565,2.432105415368068,-0.5843784082134604,85.26499708297932,72.98815018051795,77.95463589025235,85.0027070902814,7.724910718986744,17.85048735314588,28.828370101833706,40.05957387286967,29.619945548469495,28.23641940030877,2.2745993845921113,0.062423665268780314,0.11342922167333443,0.32490953598313504,7.474444724495655,2.5067912947340787,35.9095487773442,34.93495450114459,0.7906976742142982,0.20413436687231307,0.005167958654990805,20,0,23
2026-07-30 09:32:00,1,1.0,58.96629209772895,40.92458456384886,18.905574979126214,55.049248130776796,0.6903174590492427,0.2609638995138717,0.1762474330428654,0.3785414477234451,-0.003192462486346359,0.48715084389001717,-3.0351376810502018,-1.7893070694111781,63.448275855816235,43.382594412801986,21.376027692712718,11.85505159558698,4.5822563985349545,3.594715551518854,0.15561981144131792,-27.421104281980107,-16.18482229189477,-45.708095239085644,-43.80905988630612,0.06830324232429448,0.16438987923666432,0.7075624981073493,5.280845530308831,11.411631181041937,5.5041026639113255,-2.1058238416427066,0.7847222219496374,0.21527777770314038,0.0,9,32,12
2026-07-31 04:51:00,1,1.0,44.25634820921457,36.10406089766988,24.74723157567466,60.98125920647362,0.23047125687891762,0.05306877230693143,-0.015117499810479367,0.6028904263755772,-0.07934376447655267,-0.7540946941553144,-2.595069801196121,-0.21291342817265857,31.08808289752354,16.92086694862103,2.915291528993685,7.60674560431933,-1.5602384363553727,-5.835074310973458,-13.034969137796383,-32.62917334689871,-23.14255645037774,-32.99466582987623,16.19105802464501,0.053553479760650474,0.12369810456092757,0.45610150576562164,3.772203027805343,-12.765161380251522,-7.804806439577483,-20.574447367167625,0.5917602994037917,0.3707865167151397,0.03745318350653676,4,51,7
2026-08-03 05:03:00,1,0.0,74.37252304879817,47.930535436439364,42.17295649703142,50.79709022820645,0.9934419908056396,0.4991360665807867,0.4061871952947197,0.5362624580450635,0.8207258453933528,-0.047705072849238306,-1.9177584604115556,1.8578079344446703,97.27767694216915,90.35087718478233,57.77363183720317,28.96788275556669,6.7215114400050755,12.570936178739013,13.92582643473916,3.720774970377445,-0.9440895635405558,-3.8608175683059076,-5.733900046178326,0.05602903165824903,0.14462244174733552,0.4412454821995351,2.1431078759204247,13.094670025413091,16.577550000924646,20.112308115625144,0.5714285710400212,0.1972789114304246,0.23129251684928198,5,3,8
2026-08-04 05:06:00,1,0.0,38.850452339334524,52.939421046220914,57.409515119423524,54.735761921330926,0.12836445268610894,0.6640055629692229,0.7976301715670444,0.6867348339376205,-0.6585313217322815,0.8816136843238096,-0.15590732113703965,1.9084718779791645,10.969793320984195,9.498851593770787,74.67700258012006,60.10498687438735,-3.1268457298094483,-3.3912878049366157,1.006446922894316,5.7380695771022685,6.254745795616701,15.14523212820674,18.814316504055913,0.05113996872079456,0.12030961105292098,0.3461624770646244,-0.9614234984234304,-11.943032964003564,-7.710831501087645,3.378774146212127,0.24324324302416053,0.13513513501351357,0.6216216210614249,5,6,8
2026-08-04 18:47:00,1,0.0,69.68992240498902,60.73474887595879,63.263324014984875,68.84581689702277,0.626674094369605,0.6233375936774349,0.7259614847937904,1.029657666153233,0.26660574023991046,-0.4627270534892416,0.34708120434690315,3.1600114979571376,58.98876403942313,64.82521847083528,74.76562499415826,69.01025950304731,-1.392684171928801,2.227739016225277,3.984578190868687,11.27232554147589,7.660871523163211,21.817713437930788,51.9433431067967,0.05756086449070205,0.11913842532986334,0.40227676368457127,-1.5918555770655374,-5.165561130497931,9.929914418849162,12.65489058792646,0.5154639169944735,0.48453608197459874,0.0,18,47,21
2026-08-05 04:50:00,1,1.0,79.64509382932664,71.70716109322512,64.80600291165334,69.49010196793203,0.7547763076366283,1.0037079415291068,1.1187244375963417,0.6925245801208493,0.2500850083765691,1.2060830561755718,1.8380453803205732,-0.39647251409707973,88.03763439677094,87.54682709874942,95.65962306706813,99.3189964122106,2.286913443871608,8.42723343278088,16.86946118930137,32.408631042861025,25.95747131959487,31.540769066475292,23.45193291486624,0.03564575966383195,0.10061799723950667,0.40284569582207536,-0.3175390237142306,-0.2931136609285456,16.858475665928463,16.49084990268168,0.021276595729728308,0.2056737587193094,0.7730496448417424,4,50,7
2026-08-05 08:44:00,1,0.0,81.58859465815792,72.05069869975078,79.56306164992466,76.85898769968725,0.935260266890581,1.3255886525318685,0.7544523954288113,1.037509919609327,0.8758127178702151,0.28152023831760964,1.1634226305696842,5.50890759248019,88.32487309196217,87.7521551059029,90.87117701154743,94.36830834915675,11.327797947637885,23.180308079808857,35.138282494388385,66.56335764466995,36.728582675057325,49.74487019242995,113.01484486260172,0.08405898356330718,0.0938825303655874,0.370276840091955,10.13789707265289,12.28369556185216,42.76142146695694,48.44201160046025,0.636229749538071,0.3387334314670782,0.025036818847575384,8,44,11
2026-08-06 04:35:00,1,1.0,58.683729411815555,51.03077815455246,66.65897819244296,84.67823791521788,0.5250483203473447,0.5305363828737835,0.7061070513720932,0.936990330482861,0.6708278099826084,-1.8632288928169407,1.1696444537413342,3.8883430240253034,67.26361031036359,73.87774593548802,38.75893437171036,53.08728353938874,-1.2907087547536282,-2.454218713727359,-5.584619889998603,19.70148308714054,6.578882351687068,23.67678147344735,194.6085839637375,0.11071636675493081,0.24731825934768062,0.5507203807124281,-4.225353756656114,-5.7185471155785095,6.917673838686689,-15.413440473457385,0.6024096383726559,0.21084337343064874,0.18674698789549046,4,35,7
2026-08-06 17:23:00,1,1.0,47.54956974688674,78.80952379076054,51.41780685385858,45.80060422476435,0.280606907150263,0.7067853731218914,0.5948700961417402,0.5313062246813325,-0.7929228295730161,2.008124114149921,0.47602870219326077,-6.8434985631974605,23.2666666651141,19.199999998721,78.21650399116706,84.02839396441857,-1.3553031774835096,-4.569639091348921,-0.32250321621979944,5.575795263559208,11.880634958531843,12.574831056966149,38.17672936636981,0.08302735563735723,0.2013067775626241,0.5192169359538125,1.782825990317427,-2.438626912357744,-14.473627201051498,-2.2041952401119502,0.20216606490881597,0.5126353788764187,0.2851985558537545,17,23,20
2026-08-07 05:08:00,1,1.0,62.29611035933686,82.52983290798298,61.55094093345689,45.84066642824257,0.604068255049121,0.9892786596215027,1.0207232002684339,0.5319035151215514,-0.180381946926226,2.149137656169028,1.7849913390905527,-4.42065806150134,58.860759486218264,80.13948468160184,97.84845649835333,90.96102150231822,-2.6952881653915877,3.042929636435459,14.481042984095707,29.77238028692016,31.406099099304537,27.18551202282844,21.32132935321006,0.05570757765638162,0.15273917108446766,0.48534687735618764,-5.42187974927999,-4.764995358236268,9.943640947582821,38.68645231558831,0.9058823525860208,0.03137254900727411,0.06274509801454822,5,8,8
2026-08-10 04:10:00,1,1.0,35.68450310981366,37.36111109658192,44.459485580690846,57.050271494143566,0.1541323160079907,-0.11839401113969891,0.0010905162417726168,0.5824075696529559,-0.8529049190489291,-1.5577421155698956,-1.338346561483558,-2.5533381936589556,6.8485821291133595,7.544141251602428,5.762304921736652,7.859454461031969,-5.308947486660725,-13.913534742922833,-22.657693771848432,-34.73405191349328,-28.884915201547695,-16.389674205980413,29.248787052942927,0.09842235101042039,0.12956177818501358,0.4802516580686025,-0.3700821004004595,2.0590817652132998,-20.705534748711727,-30.715838142291176,0.16525423721827426,0.3855932201755879,0.44915254218240896,4,10,7
2026-08-11 04:58:00,1,0.0,83.61581916179779,66.20447400763851,75.49060981099728,78.95856376154654,0.8357021104550569,1.132753125283796,0.8502585383234228,0.9779349082920537,0.6186083435361711,1.1939229002106373,0.3748014036207543,4.886344351314587,88.35198371880213,87.01254662154952,99.73711881967186,77.45940782943538,4.769045100379906,14.032258491486996,25.633813006830927,54.02740508044353,39.26728043449448,35.25841636855315,103.99660392113734,0.06621285822115161,0.1682801845730615,0.3711617455628249,2.1667323081220324,3.4536739302937214,28.240948696742763,32.10022150963887,0.36363636349871653,0.22727272718648253,0.409090908936013,4,58,7
2026-08-11 08:51:00,1,0.0,26.484691981897015,5.507123111267518,14.616822427356183,80.76584207976424,0.07577498193601773,-0.04085459114227759,-0.22360929992369905,0.7643379366479369,-0.026184098280353396,-3.4755763493336644,-5.5458620608299745,3.0023011557683006,7.8665827559553705,4.555498976654704,0.5130597014790439,7.054140127276652,-8.117711463808703,-19.69215042221089,-40.76978220103608,-77.84775276642091,-58.943997878284776,-65.96479656900966,65.00917449566256,0.08108625501333444,0.1494135294318509,0.4367048399136159,-1.2586402794645402,-8.141227427247433,-32.46282914810883,-62.5236681310104,0.14189189184397827,0.43581081066355976,0.4222972971546241,8,51,11
2026-08-12 12:00:00,1,0.0,39.015817175201214,29.189189164644404,60.15053761629813,68.47234813056939,0.2567199682979237,0.09582545446078472,0.5962660043781486,0.7471696318529081,-0.08670153467418285,-0.9765341500429843,0.1768750336974665,1.5346691149890797,27.868852451414988,17.363269553998126,1.485714285545737,67.65478423761142,-0.2454861756915256,-2.4967056114573576,-5.039557350040089,0.9782484201028837,-5.633726791205529,3.7264733907579632,26.872081096936252,0.026753944990061278,0.059782572536273816,0.32153417270185786,2.02196214387218,-0.29527436098630844,-4.903836003009587,-9.145403980632683,0.5769230764796128,0.33076923051450224,0.0923076922366541,12,0,15
2026-08-13 05:13:00,1,1.0,56.62100452599257,38.66283707449671,55.84449355374096,48.36819462485435,0.5791713925796852,0.20593222570767375,0.3912380246110473,0.4198099832683745,0.9026174564508027,-2.7074106013363757,0.2710592234425655,-1.292697047113955,63.74002279774763,74.9524895391516,25.458792124609463,19.395121950842064,-0.46177556511941775,-1.17100647750127,-10.375032616289607,-16.623865110287877,-14.70457874191329,-17.59133284388953,-0.4300698330196719,0.057829425704088146,0.16842257247715028,0.5122660114725928,-3.739457280099723,0.9296324890684105,4.173362380539558,-22.46258215638619,0.5447761191996648,0.2985074625752192,0.15671641785198162,5,13,8
2026-08-14 05:00:00,1,0.0,45.63456342759358,35.47783803073362,20.84890150512699,24.171839038019343,0.5529833573719116,0.26915474815433593,0.0280848821095508,-0.1148805935378501,0.37655802316641684,-0.37702009631906286,-3.4315634311074774,-4.088870071896366,70.72649571894078,68.94031898198904,19.625543295899913,11.290632813785361,0.5553255641260146,0.9862405846409942,-5.4228112540997,-42.10168109531568,-23.660546623865795,-56.49675270115339,-108.5303918664405,0.06830862066370688,0.16309241346498893,0.4717752854861656,1.7369614985107695,-1.4122838597940834,-7.450504470879471,5.722672789385541,0.30476190461701513,0.20952380942390017,0.4857142854828942,5,0,8
2026-08-14 05:50:00,1,1.0,41.25714282413463,46.48014438475522,19.58699336917435,24.171839038019343,0.3348726114593013,0.42156291847481325,0.2314569759841727,-0.1148805935378501,-0.4140564579004098,1.5575135825178696,-2.511217179806094,-4.088870071896366,46.993865024904686,35.83168611170501,49.41084053029121,19.54130150998346,0.06168408079844057,-0.6610223786022295,-0.7495678673747564,-26.386839265423383,-11.099201142258707,-34.33441802333008,-108.5303918664405,0.05169707861049503,0.13793717405185776,0.4717752854861656,2.478765435816044,-5.115805872528689,-7.33642604963558,3.2434924536661747,0.5775401066430215,0.18716577530118633,0.23529411752103283,5,50,8
2026-08-17 04:49:00,1,0.0,32.740879305035335,61.939655153724175,68.97442871374359,66.19309728557923,0.044164990530062856,0.6506271599747034,0.8945345576135563,0.9036973974114235,-0.5368810855846202,-0.22299853701014705,3.36319130791245,2.9834163594417946,10.542476969244463,6.098023782525433,56.19636113779188,74.15434474227085,-6.81627661813216,-13.079551461595482,-14.774236487224773,9.975968353152615,14.414879143250657,37.02597311375268,64.79556298782671,0.061758281013508345,0.14489368380329612,0.37367294649096405,-1.4104901794620428,-19.21209953502645,-15.83376590333585,-28.994088881174605,0.23255813944453996,0.368217054120786,0.39922480604707716,4,49,7
2026-08-18 03:00:00,1,0.0,53.95752888461174,75.60859183491357,65.10209491086064,62.95703453343361,0.44433716931896805,0.9738827177383165,0.9827586917167963,0.8871563285904657,-0.10305493476404304,1.0590316433747864,0.7167293003192416,0.17685553631131512,14.354066983925764,67.122071414285,99.40405243745884,99.40405243745884,-2.437129513672166,-0.48876011376991246,4.419708009457278,13.104384185359695,16.00779056168967,21.741382514133726,45.1079895014226,0.03851998622002061,0.06231593517399586,0.3496858460191199,-6.869117329720842,-3.096790526987414,1.786612842127333,3.3023418353561595,0.38911022571194237,0.5617529879732207,0.04913678618203478,3,0,6
2026-08-19 05:06:00,1,0.0,52.337858183372845,61.61313094135917,70.64797885457996,28.17708885874788,0.39744738558443865,0.8173725293069216,1.0829978982358692,0.3674481284845991,-0.3845721179975812,1.292487056140938,3.639265898246504,-2.6585872993816917,32.61261260674261,58.078078067617895,90.41504926573842,96.71543744112415,-2.6652441685469515,-0.9246800659188036,6.841679904236505,22.604352699838866,18.337081371958124,26.99966880869326,-20.141044169637816,0.05627856280630212,0.170492005511256,0.4268106022111434,-7.758121065708501,-5.509964426291258,-0.8268819315959686,5.4700508967542305,0.8524999997868387,0.02249999999441138,0.12499999996875,5,6,8
2026-08-20 05:03:00,1,0.0,68.77572011507831,34.15973082206095,23.032069965314236,79.39846005239848,0.9911182791860078,0.16498247672614666,-0.027462253534025573,0.658298229442728,1.237154436628579,-1.075790638356759,-5.094403094263622,3.8276513169586863,88.58350950749984,90.71518620246813,19.861698039959688,13.442537701158718,10.642147941948542,11.675570961502178,5.282733263852578,-15.722646125948431,-22.16660802525065,-30.547871726830166,70.49068495066521,0.057408135466681345,0.15632669654243678,0.5508141319333699,4.716870934617923,20.72504220220317,9.883831587522707,-5.756559755424329,0.5021645020557574,0.35064935057343716,0.14718614715435518,5,3,8
2026-08-21 05:11:00,1,1.0,28.93968869624527,60.386162496453885,58.84075842725826,61.87025130995803,0.13968725910906662,0.5564554600107265,0.8832437384794057,0.8329497892316635,-0.6059997948677396,0.25833218944303415,0.11066568965435764,-0.8845997624642372,11.599297011288337,12.194126695827995,41.20674864051382,62.91106662673929,-3.6946148141094466,-8.529213965337368,-9.512784904921928,-3.3532523896266313,-1.466163969369965,20.881980348351824,56.86695441789013,0.06057372512768168,0.1699584200405026,0.46730423318670805,1.3936742673537061,-7.293857356461819,-14.180089343397428,-11.642999563662437,0.48666666634253747,0.1199999999195877,0.3933333330712081,5,11,8
2026-08-24 04:34:00,1,1.0,45.64052602830167,37.40300050830054,54.75255906436889,63.75228969358512,0.4317720979742044,0.3995774440006662,0.5169800401692666,0.767507056920044,-0.3504903247354587,-0.08248863653889749,-0.15497262049326554,-1.2438619306037495,61.135758645859354,36.545619701222336,49.86555854192387,43.87096774099124,3.8923321448222814,-1.4515163806708016,-4.658777338684317,-3.1467554475641886,-4.757721803089973,-0.5562293937138051,67.75941813955323,0.08115748561323649,0.21970020279661545,0.47119063460895105,6.288510349476972,0.1733701311446012,-14.412012607266655,-16.421196107808676,0.8606060603452291,0.0,0.13939393935174055,4,34,7
2026-08-25 05:04:00,1,1.0,14.437819412173411,19.286351467082454,50.25130889315712,55.46274393275835,0.05037271625831847,0.02507177303798266,0.3152631920000958,0.5780084559897316,-1.2952187958342538,-2.6236152031583675,-1.5888097551885307,-0.9979079345177269,4.9323017405717335,3.640586991431352,4.036353915957927,3.75062096364308,-11.2285184399269,-23.085009299624048,-35.45308713572926,-43.30851227477933,-32.54950095490972,-21.86865126583331,17.360293152287714,0.07346853653101401,0.18878893378800615,0.49045865237119546,0.5160263818493327,-14.427148802514944,-49.8665625551542,-35.840566250955334,0.09174311922391364,0.550458715343899,0.3577981649734718,5,4,8
2026-08-25 17:27:00,1,1.0,53.4252297097751,51.70382834491879,38.128221640885634,27.271427547488898,0.7907140380079016,0.569869124389088,0.26648417535076946,0.10728711268797948,0.1719719933711139,1.2897662200337976,-2.0725831407532675,-3.5961991588902844,74.87437185177096,84.27353709847644,88.75432525567552,42.557206887412725,2.1655866548224747,6.69581592067696,10.769278154634438,-3.2362554579166667,5.794551610325422,-15.831562782956876,-49.00311216696092,0.06619725856569446,0.20185410508490095,0.4609632707177005,-4.192124640077788,9.889174167398984,0.9729025032778615,38.802883305970596,0.8999999995500909,0.0699999999651637,0.02999999998474534,17,27,20
2026-08-26 04:57:00,1,1.0,87.64591433720318,71.60349851304932,30.44164037014653,50.33506606936364,1.0153153099464856,0.9190190205200137,0.2321404433655879,0.39344538720722827,1.0034228506520138,1.7243356449576028,-2.780910019466624,0.3462799771901106,98.52398523379448,97.7694378282772,92.63420723709226,34.35596661325725,11.003364841944657,19.171354978152667,25.17989286193307,17.85869939017609,10.517937297107247,-13.726713211461467,-21.63688836792055,0.05389713054130297,0.13669952195093105,0.3969995374448624,7.863045512208622,13.84379087707277,32.69321680362536,27.272678351371038,0.9005102038520609,0.06122448978024305,0.038265306112593905,4,57,7
2026-08-27 08:17:00,1,0.0,57.6713818490289,25.973053864999073,46.43628508549121,45.99889114369485,0.47107468484390136,0.31130905404262976,0.37217917490800045,0.5906717469309494,0.04729638733021199,-0.23651763963868655,-2.1313414004112428,3.5381206714161184,37.789203075107274,61.63550091864601,35.948905106205274,14.674115455690647,-1.6665617035285714,-1.119657941433139,-2.480727633026803,-9.932119439835624,-6.327628215957699,-5.117929682379553,-0.4826899072995962,0.03352651803759191,0.06177062918681247,0.4193779330433621,-1.407049752197853,-3.462794973321248,5.6321613744203525,1.8189278935842879,0.3273809521863115,0.06547619043704576,0.6071428567814046,8,17,11
2026-08-28 05:18:00,1,1.0,62.71428565157125,35.14906970427978,29.229559741993555,44.952178529016415,0.7099838767200237,0.31123145926577944,0.11023224248624719,0.06010459191309679,0.33198313251864403,-0.4383729217342145,-2.380107595983527,-0.9978468827038993,60.4958677585915,56.560287092054466,23.599999999141023,18.19456125544666,0.9918605176619698,1.9199922427170986,-1.9334607101639119,-21.71793775388764,-10.094674883591106,-26.915228733104783,-52.71968448920437,0.04037499307979702,0.13823803416971153,0.3841178223582334,1.7469251387969287,-1.3097934346617546,8.78447551545758,0.8078770192820883,0.7692307686389456,0.23076923059182358,0.0,5,18,8
2026-08-31 05:03:00,1,0.0,27.342192678311648,36.94312556301444,38.62188766021212,11.221872730911812,-0.10808213148832373,0.18854345420643448,-0.05656616532998763,0.17464595896244678,-1.7082771993871528,-1.2628189380465589,1.4038059992357823,-8.852274837523893,20.751465011347697,13.347590988604324,12.937062936650774,11.847168773724889,-22.657333023499326,-34.72894370930528,-45.36857270952467,-65.37895497760223,-22.379440738051112,-41.151083878697094,-162.8865618887582,0.10386122512647436,0.27011125417438503,0.7679725181225832,-14.560033047890109,-38.75519485125656,-33.907584371870584,-33.86267704401313,0.5199999999592242,0.007843137254315347,0.47215686270802903,5,3,8
2026-09-01 06:00:00,1,0.0,89.96095921587711,52.43268774836949,49.95720398431639,44.82001013497135,0.8676482033131185,0.613033796257102,0.3461073794572005,0.5420458760696789,1.161190130310437,-0.04365372305225135,-1.7002832034587112,5.476442233859618,92.1744708087108,94.85691102336345,71.8270571793649,45.588669222614925,5.043395102228886,10.093139661790003,8.518531844593172,-2.368138308170104,3.05460730866454,-3.1239628992783937,-14.238865857395789,0.051530023674867836,0.12085269235265128,0.3921241408116351,-0.4726711660463234,6.41924421845852,33.266371492548515,11.041693660602814,0.011278195484386761,0.45864661636905063,0.5300751877706227,6,0,9
2026-09-02 06:04:00,1,1.0,28.479906790987002,47.174226050028594,34.445808678623024,24.7225167879391,0.22678943345120922,0.43364554419567847,0.1872833715565073,0.1527709616789665,-0.7092548517543391,1.3258350842765054,-0.8860931674421089,-2.729361311321366,20.715036801188845,11.298528955900501,56.94194013498303,32.40303714277873,-1.5425146095755857,-6.9267265937548474,-8.625508722449101,-25.092233325934508,-10.546591978969033,-32.77343634227663,-112.31473366856683,0.05404014880803752,0.1809322718330152,0.48444495427388884,2.2092586541888615,-3.904511453814985,-22.03902763810106,-15.762014473661434,0.6223404252008853,0.37234042533374306,0.005319148933456675,6,4,9
2026-09-02 15:21:00,1,1.0,56.18906940068907,69.51270302013333,61.433946470316215,52.12456872408051,0.7298463892114601,0.7313635543829397,0.9325584125537437,0.6286884197338042,0.30869042490775866,1.0258403774352391,2.233724733603894,5.18134180432498,43.106926695150186,57.041522829898405,80.43737574232796,89.87633016710286,1.8355186817949176,6.070536997681567,14.260314511588826,35.42936751591073,15.884470704819325,32.042537847684244,2.2134491566560293,0.08939146095729955,0.15003934038760985,0.42894026938735086,-15.590331231211119,9.904476061297629,4.061002721564844,25.342769044363056,0.6463178293947619,0.173449612386295,0.18023255812204383,15,21,18
2026-09-03 05:48:00,1,0.0,38.54692224625174,57.404432996990714,86.01161662139027,82.40205522701609,0.17036232682222618,0.7690988852698131,0.9556695823001353,0.8831229173640772,-0.3829406550052459,0.16127427362289204,1.673755826139561,7.1390970404311584,26.527570785908495,39.09587679496349,75.01378929536257,87.81930626276208,-2.2583717060554287,-1.7192374633838547,2.9866507563431313,27.392442495570705,15.405836035114723,40.206916733211564,94.06589804854103,0.05062957586238609,0.12002394652525458,0.4211803642876497,-2.6052551394317724,-3.4658236937745723,-5.231789804350795,6.2354671101783055,0.42711864392297927,0.25423728804934836,0.3186440676886893,5,48,8
2026-09-03 09:36:00,1,0.0,55.212550568167906,46.65417557138232,51.09879961744406,76.31017079708485,0.7488258725800416,0.1910791914792827,0.42302914877831554,0.8386577862777738,0.5716625083295759,-1.4610193854042683,-2.1756385994224186,7.4065693888247885,98.8995873316516,85.6259330919825,23.240434576134394,14.66063348349829,4.854094754753883,3.1491034436208936,-2.4609377581727117,-2.3622277600703505,-10.857296359639376,0.06226006087874199,96.95180818463598,0.05439581981844827,0.14587822551484778,0.31858659299019243,3.6621631855382475,6.6255041205876,2.5315797622793568,-23.558931709534157,0.8341232223532979,0.03791469192513031,0.12796208524763808,9,36,12
2026-09-04 12:43:00,1,0.0,48.19182384632964,25.10350017495456,44.90866691354925,45.024176311364954,0.3866776160418713,0.18293032381046528,0.27210996376421986,0.4750272506982353,0.18503363618169255,-1.554902299839215,-0.22644098871199891,-3.9353918064964617,33.74340948440187,47.46854343039271,21.197668255368555,22.05211726312393,-2.4975704482084735,-3.458650378686571,-8.707850826612043,-15.820484591953248,-11.388213867872684,-15.453193987258556,25.510921710385528,0.04107006716587025,0.08428819720624463,0.2872741293598196,-2.7084832605661635,-3.9614995954584398,3.8301947015639826,-7.875151993790297,0.4720812180347812,0.22335025369360192,0.3045685277640026,12,43,15
2026-09-07 07:01:00,1,1.0,39.206534358359676,27.88104087900038,37.111801234901876,54.652099930463336,0.38364115573585733,0.24319302227532258,0.25736188777022906,0.2226196409703391,0.28776440807354997,-0.4821332631445059,-0.24495696008219348,-3.3401905953002657,35.11450380785908,66.6639668836378,17.385943278827405,36.35680280540309,-1.3739217705217734,-2.4046970742883413,-6.395382252266193,-17.774327751223936,-7.768876426162173,-20.344619321349743,-58.58947196378979,0.02628445392992308,0.08328798584996529,0.4907746593667355,-4.904025273892998,0.11357609086992682,-2.4526140210034963,-10.279299691506871,0.8291666663212153,0.08749999996357008,0.08333333329854795,7,1,10
2026-09-08 17:07:00,1,0.0,50.80264398139047,48.68559409951631,47.474220067032576,40.019109212404345,0.3568288793002988,0.4580596820288876,0.3025479384484852,0.20324991727259062,-0.0727445462672392,-0.5105576093353066,0.5157703650999053,-1.295013028102185,38.20826952234652,43.36396120137905,50.73656845534102,36.497134669181634,-1.756936927983328,-2.1475043522945385,-3.3831728496712787,-3.7571648025216664,1.0433904773730993,-12.662803941700137,-31.396912564900195,0.08972706313385198,0.17046965729351335,0.41072673801162946,-2.000029545891069,2.182763219076289,2.5693935208082053,-3.4540940672511677,0.27616279061730076,0.6918604649150861,0.03197674417691542,17,7,20
2026-09-09 13:01:00,1,1.0,23.466160637031507,25.84382869714014,38.98809522185086,56.34672303772648,-0.04005833462595909,-0.11340861600697565,0.163549120502454,0.6187873051662042,-0.32365171693307726,-1.0714355707161571,-2.224383598994674,4.443201008221126,1.4672686228502456,21.19549130421405,14.607508531427799,8.82110469873082,-7.596867697917194,-12.953924641229035,-19.626488609125655,-26.769627821725027,-17.123415132231663,-11.286368273118901,3.6200672532028224,0.03914773237086073,0.06343306103809251,0.35339649958180425,-10.362422893894774,-7.563271205921485,-17.728297343827528,-23.268270880886234,0.9478079329962819,0.02505219206174302,0.027139874733206837,13,1,16
2026-09-10 19:27:00,1,0.0,60.784443798049224,52.688908654598116,64.72375507643231,36.5827292352436,0.8285485131593725,0.45229741064000645,0.4275964955332898,0.19962300527506077,0.6110034965505109,-0.5257904890148022,2.080861664080473,-5.810808427382273,90.60846559648037,84.2016923183641,39.63716327434559,56.43961364697646,2.497675984432284,2.679988642469398,-0.08851183410836963,-3.686729044678771,-3.2674752310681505,-18.25457016960563,-48.85386038510247,0.04549994178640284,0.13068490130701094,0.5038881134350363,-0.045850159385851796,0.5960903351986957,9.86755673558326,-7.239114124862889,0.018298261647970354,0.5791399811717834,0.4025617562653331,19,27,22
2026-09-11 04:57:00,1,1.0,52.19747135877257,48.07288263081934,57.169029770051125,31.304573613614238,0.45705114949929254,0.35920633040928607,0.7339116383057794,0.27406221545843035,0.08796811795081638,-0.7823971437708872,2.8989441672289686,-4.480558519436631,35.87884645789076,40.96761025461334,22.18931890012154,53.37017328239543,-0.6326540287400786,-2.270674834202752,-4.728119685458194,0.8005322679470067,-4.939251500442119,-0.8770029501790567,-55.972128169545584,0.06009667179883342,0.15816075856653192,0.49928100092980937,-3.142702978750078,-5.336801869498808,6.198760479201315,-8.337692722533152,0.35779816502817074,0.03058103974610685,0.611620794919912,4,57,7
2026-09-11 15:20:00,1,1.0,57.29636504810544,39.30285512172928,19.188892211849563,56.61354127018588,0.7511818285231153,0.2884307123713404,-0.08946236609774497,0.45984589381676044,0.6081796620119941,-0.4318107425755482,-2.4900121643082187,3.3463526662361023,78.61259337474861,80.68658839409562,39.108152683840835,10.506177242759902,2.4301927540097337,3.2334549170088467,-0.4976707368408115,-15.52394919757283,-9.013624327635696,-27.4229614298944,-25.378744176110438,0.06340778507244096,0.10651043750502384,0.4079354983602002,1.6785581854761311,4.87329997470809,5.035054837057018,-5.952374085946843,0.18179544881673002,0.3130782694892205,0.5051262814439869,15,20,18
2026-09-15 05:52:00,1,0.0,51.05719773937379,82.04537977150335,76.46136060462237,53.46311848387983,0.640015285612175,1.0051576880835027,0.9989353187152016,0.6016844563313152,-0.12698216952178143,0.8825023841283217,2.253806044826314,2.4693850536593125,55.643879164444854,54.57086113112374,97.83362217946994,82.37033999817484,0.41511189212622446,3.3490140925334244,10.369749412541308,30.419005490743785,25.80171880802852,27.972392767561175,2.407071655615941,0.05145990132506479,0.11003164917746291,0.43578852098808435,2.088764856078562,2.828503431879792,4.707328243389597,16.297402050173826,0.40481599254647743,0.5951840069991836,0.0,5,52,8
2026-09-16 06:36:00,1,1.0,8.53658535613856,81.57699441294918,77.87915877277933,63.62732973463223,0.0991247588525639,0.7343899837439638,1.0432250992268388,1.1395862005359363,-1.3818516216484544,1.6029463996384425,5.706657640795061,2.4073921063822903,2.039274924313737,3.024631526920404,75.13655232521005,86.04331909569719,-5.3765438474583345,-9.098561703926785,1.7131517197873622,49.16665090872739,31.762196695101917,71.80176180150174,67.72029718709618,0.046862111990709325,0.14853815391311592,0.3963246675862182,-2.3103839049420927,-5.266117958732108,-28.941125777534047,-2.5644609607033964,0.6594202893770741,0.14492753612737988,0.19565217377090835,6,36,9
2026-09-17 03:00:00,1,1.0,38.142292437355295,55.624110072200466,62.822953482736146,35.976083995218204,-0.09595104532167952,0.7054033676484501,0.5150037218032201,0.1394175573804982,-0.40599825963893543,1.0444154786241466,3.1205043776258385,-10.156581255752128,12.824427478959969,22.399316641578025,82.19254312285695,82.32258064161803,-5.043008485355572,-5.1670168529059,-1.906659457019031,-5.706361396420738,7.186232495690354,-18.40137283915126,-80.06790471289295,0.04878108351217449,0.10783715285841487,0.6290667772791653,-5.875034963478409,-5.453947499317602,-8.073470925559212,-3.7224372833699615,0.4639498431146706,0.27272727264177826,0.26332288393007147,3,0,6
2026-09-17 06:20:00,1,0.0,49.57152269650595,48.95996419849227,55.483507181874025,35.737356751912216,0.6066076871200193,0.4031152037270759,0.5320135587537982,0.23671116508146473,0.2863857061712424,-0.9373893146493526,1.1680039460370466,-5.820692327371935,48.33659490246844,67.83528332810486,66.2310507022357,36.30084420498294,-0.6356287393374247,1.6894746470654562,-0.4450306737462815,-7.098400027049919,-2.9691814630816427,-5.917398573871164,-57.02057284065219,0.04603072905439527,0.1396614763122911,0.7184016265243444,-4.619277083137696,-0.2567385106611031,4.716997654343746,5.698318412223902,0.7759336096365436,0.15767634848234677,0.06639004146617182,6,20,9
2026-09-17 13:21:00,1,0.0,44.48951990379521,31.181577937466457,50.36473691284899,64.96167062576339,0.4125547527073489,0.17215739557534288,0.44037474586535535,0.5105752019085363,-0.22256992036595052,-0.20844032167157334,-2.0183286737090462,2.374528197746966,29.802259882791972,18.36158191830943,11.118930329969977,16.74876847235467,-0.21552318792918407,-0.7923296134752198,-1.8173692921653937,-7.449548182535316,-10.42427037429151,0.7184065217501385,2.2680481446107223,0.03947387835579388,0.09288619467320744,0.5244022383475522,0.7427808088644738,-0.11604953458421718,-3.7354425049263007,-3.480314759667369,0.42666666609738974,0.29333333294256175,0.2799999996267152,13,21,16
2026-09-18 03:25:00,1,1.0,59.54653932973425,70.87319197244327,67.13226479404457,62.14884178786115,0.6455452890817924,1.1274863711897694,0.9247672676997168,0.5890871119817165,0.0857138909978068,1.2688752060608417,0.6977098323820212,-0.8717584825230755,50.527903461463495,75.90625500647596,90.47619047052453,97.2238287971503,-0.5979707650801176,4.688645042578309,11.706130880207997,16.877699478174176,19.74611197952602,15.037136417689887,18.22181084021623,0.04777954866668189,0.08196020996533623,0.41030131770099015,-4.040696239512309,0.6201685710061078,11.65824107725033,15.250862892901562,0.6974169739121681,0.0,0.30258302571882817,3,25,6
