event_id,is_trade,ticket,side,open_time_utc,archetype,archetype_name,archetype_metric,ret_mid_60_0s,ret_mid_30_0s,ret_mid_5_0s,accel_10_0s,vol_5_0s,spread_5_0s
TRADE_983845,1,983845.0,Buy,2026-09-18 03:25:04,H,Unstructured / Noise / Exogenous,0.0400000000008731,0.0249999999996362,-0.0400000000008731,-0.2650000000012369,-0.43000000000211,0.0561174977500342,0.7433333333333394
TRADE_100829495,1,100829495.0,Sell,2026-09-17 13:21:20,D,Acceleration Continuation,1.0000000000009095,-1.0299999999997451,-0.5549999999993815,-1.069999999999709,-1.0000000000009095,0.0836896294747172,0.6548275862068264
TRADE_100675478,1,100675478.0,Sell,2026-09-17 06:20:36,H,Unstructured / Noise / Exogenous,0.0500000000010913,-0.0649999999995998,0.0500000000010913,-0.4699999999993451,-0.4949999999989813,0.1186488559589791,0.6899999999997135
TRADE_100653865,1,100653865.0,Buy,2026-09-17 03:00:33,F,Spread Pulse / Liquidity Shock,0.7240909090910876,1.0199999999986176,0.7499999999990905,0.1549999999988358,0.2300000000004729,0.101742193424966,0.7240909090910876
TRADE_100453335,1,100453335.0,Buy,2026-09-16 06:36:42,A,Volatility Expansion,0.2265423328461586,-0.6500000000005457,-0.4200000000000727,-0.7349999999996726,0.3799999999991996,0.2265423328461586,0.688750000000141
TRADE_100126875,1,100126875.0,Sell,2026-09-15 05:52:49,D,Acceleration Continuation,0.5349999999998545,1.0085000000008222,0.180000000000291,-0.625,-0.5349999999998545,0.0473650742118814,0.5906896551724803
TRADE_99754992,1,99754992.0,Buy,2026-09-11 15:20:15,H,Unstructured / Noise / Exogenous,0.2215000000005602,0.0349999999998544,0.2215000000005602,-0.6899999999995998,-0.2029999999995198,0.0655814920443535,0.6236545454544697
TRADE_99738973,1,99738973.0,Buy,2026-09-11 04:57:55,H,Unstructured / Noise / Exogenous,0.462999999999738,-0.0279999999993378,-0.462999999999738,0.0250000000005456,0.2680000000000291,0.0158145502621404,0.6766363636362175
TRADE_99615317,1,99615317.0,Sell,2026-09-10 19:27:09,H,Unstructured / Noise / Exogenous,0.8249999999998181,0.4049999999997453,0.8249999999998181,0.1700000000000727,0.3135000000011132,0.0596275648695344,0.5857666666665258
TRADE_99208828,1,99208828.0,Buy,2026-09-09 13:01:58,H,Unstructured / Noise / Exogenous,0.5749999999989086,-0.5450000000000728,0.5749999999989086,0.0149999999994179,-0.0550000000012005,0.1079751823338411,0.6638461538461622
TRADE_99000862,1,99000862.0,Sell,2026-09-08 17:07:06,E,Acceleration Reversal / Fade,0.410000000000764,-0.6449999999995271,0.410000000000764,-0.1049999999995634,0.1850000000004001,0.0875571983093874,0.6688888888889374
TRADE_98440487,1,98440487.0,Buy,2026-09-07 07:01:54,H,Unstructured / Noise / Exogenous,0.2749999999996362,-1.5200000000004366,0.2749999999996362,-0.3450000000011641,-0.75,0.0842246221854634,0.5371428571427584
TRADE_98366050,1,98366050.0,Sell,2026-09-04 12:43:11,F,Spread Pulse / Liquidity Shock,1.062592592592578,-1.1049999999995634,-3.8049999999993815,-2.2999999999992724,-3.4549999999999272,0.241771384508016,1.062592592592578
TRADE_98188192,1,98188192.0,Sell,2026-09-03 09:36:09,H,Unstructured / Noise / Exogenous,0.2049999999999272,1.2250000000003638,0.2049999999999272,-0.1900000000005093,0.3899999999994179,0.0592988872128422,0.5773684210526928
TRADE_98161217,1,98161217.0,Sell,2026-09-03 05:48:56,H,Unstructured / Noise / Exogenous,1.4050000000006548,2.5799999999999272,1.4050000000006548,0.7649999999994179,0.1849999999994906,0.1209401943616888,0.7309090909091703
TRADE_98070555,1,98070555.0,Buy,2026-09-02 15:21:55,H,Unstructured / Noise / Exogenous,0.2450000000008003,-1.1000000000003638,-0.2450000000008003,0.0049999999991996,-0.0300000000006548,0.0804295743936601,0.5688235294117154
TRADE_97982386,1,97982386.0,Buy,2026-09-02 06:04:25,D,Acceleration Continuation,0.7199999999993452,-2.0450000000000728,-1.1700000000000728,0.694999999999709,0.7199999999993452,0.1564243471739725,0.6215384615385259
TRADE_97800092,1,97800092.0,Sell,2026-09-01 06:00:02,D,Acceleration Continuation,0.4900000000006912,-0.269999999999527,-0.269999999999527,-0.269999999999527,-0.4900000000006912,0.1315716957068603,0.63199999999988
TRADE_97638884,1,97638884.0,Sell,2026-08-31 05:03:50,H,Unstructured / Noise / Exogenous,0.8550000000004729,0.3550000000004729,-0.8550000000004729,-0.0099999999993087,0.5750000000016371,0.0726100697030905,0.584999999999809
TRADE_97451919,1,97451919.0,Buy,2026-08-28 05:18:43,H,Unstructured / Noise / Exogenous,0.2049999999999272,-0.0349999999998544,0.2049999999999272,0.2300000000004729,0.4700000000011641,0.099999999999909,0.7033333333335273
TRADE_97352852,1,97352852.0,Sell,2026-08-27 08:17:10,A,Volatility Expansion,0.1832750664985087,0.7849999999998545,0.144999999999527,0.589999999999236,-1.1900000000014188,0.1832750664985087,0.5604761904760813
TRADE_97182841,1,97182841.0,Buy,2026-08-26 04:57:51,H,Unstructured / Noise / Exogenous,0.7399999999997817,-1.5049999999991996,-0.7399999999997817,-0.1599999999998544,-0.3100000000004002,0.0686002915446567,0.7516666666663999
TRADE_97143853,1,97143853.0,Buy,2026-08-25 17:27:24,H,Unstructured / Noise / Exogenous,0.1500000000005457,1.1850000000004002,0.1500000000005457,-0.4699999999993451,-0.0649999999995998,0.0703914673642389,0.4752173913044396
TRADE_97042659,1,97042659.0,Buy,2026-08-25 05:04:19,H,Unstructured / Noise / Exogenous,0.0950000000002546,0.1450000000004365,-0.0950000000002546,0.0100000000002182,-0.2249999999994543,0.146437700063658,0.812727272727319
TRADE_96882975,1,96882975.0,Buy,2026-08-24 04:34:43,H,Unstructured / Noise / Exogenous,0.8800000000001091,-0.089999999999236,0.8800000000001091,0.1549999999997453,-0.214999999999236,0.0931343116147853,0.7983333333334789
TRADE_96756936,1,96756936.0,Buy,2026-08-21 05:11:26,H,Unstructured / Noise / Exogenous,0.4499999999998181,1.309999999999491,0.4499999999998181,-0.1199999999998908,-0.4299999999993815,0.0231084400167486,0.6766666666665818
TRADE_96653069,1,96653069.0,Sell,2026-08-20 05:03:17,H,Unstructured / Noise / Exogenous,0.6300000000001091,0.9399999999995998,0.6300000000001091,0.0150000000003274,-0.2799999999997453,0.0975560736190605,0.768000000000211
TRADE_96566692,1,96566692.0,Sell,2026-08-19 05:06:43,H,Unstructured / Noise / Exogenous,1.159999999998945,-1.4799999999995634,-1.159999999998945,0.0,-0.1249999999990905,0.0737008696138565,0.4366666666666485
TRADE_96484066,1,96484066.0,Sell,2026-08-18 03:00:51,H,Unstructured / Noise / Exogenous,0.0,0.0,0.0,0.0,0.0,0.0,0.75
TRADE_96391293,1,96391293.0,Sell,2026-08-17 04:49:26,B,Local Breakout,0.6300000000001091,-0.6300000000001091,-0.5150000000003274,-0.0099999999993087,0.1350000000011277,0.0750925355072741,0.6542857142858338
TRADE_96332229,1,96332229.0,Buy,2026-08-14 05:50:02,C,Break-and-Retest,2.0100000000002183,2.8299999999999272,2.0100000000002183,-0.2099999999991268,-0.3199999999987994,0.0979205277358203,0.7278260869565123
TRADE_96325914,1,96325914.0,Sell,2026-08-14 05:00:52,H,Unstructured / Noise / Exogenous,0.3199999999997089,-1.819999999999709,0.3199999999997089,0.25,0.2799999999997453,0.1337259843447498,0.7707692307693343
TRADE_96202433,1,96202433.0,Buy,2026-08-13 05:13:29,H,Unstructured / Noise / Exogenous,2.1549999999997453,2.125,2.1549999999997453,0.7699999999995271,-0.2000000000007276,0.1293391918301264,0.7329729729730192
TRADE_96113042,1,96113042.0,Sell,2026-08-12 12:00:05,D,Acceleration Continuation,0.5900000000001455,-0.3999999999996362,-0.3999999999996362,-0.3999999999996362,-0.5900000000001455,0.10960155108402,0.6154545454544749
TRADE_96024216,1,96024216.0,Sell,2026-08-11 08:51:13,C,Break-and-Retest,0.4800000000004729,1.4350000000004002,-0.4800000000004729,0.8299999999999272,1.5449999999991633,0.118091806407243,0.5727777777778
TRADE_96004348,1,96004348.0,Sell,2026-08-11 04:58:04,E,Acceleration Reversal / Fade,0.5700000000006185,0.0050000000001091,0.5700000000006185,-0.1300000000001091,-0.5249999999987267,0.1400167400709221,0.7566666666665091
TRADE_95918631,1,95918631.0,Buy,2026-08-10 04:10:04,B,Local Breakout,1.3049999999993815,1.3049999999993815,0.4499999999998181,0.2999999999992724,0.5100000000002183,0.1934683436639222,0.8363636363635372
TRADE_95800620,1,95800620.0,Buy,2026-08-07 05:08:00,H,Unstructured / Noise / Exogenous,0.0149999999994179,-0.5950000000002547,-0.0149999999994179,0.2950000000000727,0.7700000000004366,0.0910233105065466,0.7092307692306489
TRADE_95773198,1,95773198.0,Buy,2026-08-06 17:23:51,H,Unstructured / Noise / Exogenous,0.1599999999998544,0.2150000000001455,-0.1599999999998544,0.1400000000003274,0.1499999999996362,0.034292856398859,0.5099999999997635
TRADE_95709969,1,95709969.0,Buy,2026-08-06 04:35:50,B,Local Breakout,1.7100000000000364,1.7100000000000364,2.179999999999381,0.6149999999997817,-0.5399999999999636,0.0819584498388658,0.787692307692081
TRADE_95612645,1,95612645.0,Sell,2026-08-05 08:44:22,B,Local Breakout,0.5799999999999272,-0.5799999999999272,-2.5799999999999272,-1.1499999999996362,-1.3799999999991996,0.1161593067394506,0.60033333333328
TRADE_95598021,1,95598021.0,Buy,2026-08-05 04:50:18,H,Unstructured / Noise / Exogenous,0.0349999999998544,0.2049999999999272,0.0349999999998544,-0.2250000000003638,-0.3100000000013097,0.0883861379122824,0.7033333333335273
TRADE_95576013,1,95576013.0,Sell,2026-08-04 18:47:35,H,Unstructured / Noise / Exogenous,0.3400000000001455,0.3550000000000182,-0.3400000000001455,0.0549999999998362,-0.5949999999997999,0.0318318285074572,0.542500000000075
TRADE_95511070,1,95511070.0,Sell,2026-08-04 05:06:17,H,Unstructured / Noise / Exogenous,0.2799999999997453,0.2049999999999272,0.2799999999997453,-0.5850000000000364,-0.0199999999999818,0.1695522314323206,0.7099999999999795
TRADE_95443868,1,95443868.0,Sell,2026-08-03 05:03:06,H,Unstructured / Noise / Exogenous,0.6449999999999818,0.7950000000000728,0.6449999999999818,-0.0349999999998544,0.135000000000673,0.0916125381312053,0.7187500000001137
TRADE_95369124,1,95369124.0,Buy,2026-07-31 04:51:51,H,Unstructured / Noise / Exogenous,0.2849999999998545,0.5749999999998181,0.2849999999998545,0.0049999999996543,-0.1399999999998726,0.0587662507075923,0.6485714285714234
TRADE_95298275,1,95298275.0,Buy,2026-07-30 09:32:41,H,Unstructured / Noise / Exogenous,0.2800000000002001,-1.5450000000000728,-0.2800000000002001,-0.055000000000291,-0.0700000000006184,0.0901225073249619,0.5546666666667079
TRADE_95248660,1,95248660.0,Buy,2026-07-29 20:00:54,B,Local Breakout,3.5950000000002547,3.5950000000002547,4.399999999999636,1.5249999999996362,-0.2280000000009749,0.1963165660394075,0.6547499999999705
TRADE_95168933,1,95168933.0,Buy,2026-07-29 04:20:48,H,Unstructured / Noise / Exogenous,0.2600000000002183,0.6050000000000182,0.2600000000002183,0.0050000000001091,-0.1949999999997089,0.0124721912895187,0.7550000000001091
TRADE_95107372,1,95107372.0,Sell,2026-07-28 04:47:22,H,Unstructured / Noise / Exogenous,0.2299999999995634,-0.0699999999997089,-0.2299999999995634,-0.1149999999997817,0.0200000000004365,0.0,0.7549999999998818
TRADE_95072289,1,95072289.0,Buy,2026-07-27 13:33:09,H,Unstructured / Noise / Exogenous,0.9599999999995816,0.3600000000001273,0.9599999999995816,0.2750000000000909,-0.5700000000001637,0.1335580761140699,0.6400000000000242
TRADE_95047920,1,95047920.0,Buy,2026-07-27 04:18:11,H,Unstructured / Noise / Exogenous,0.1300000000001091,-0.7150000000001455,-0.1300000000001091,-0.2750000000005457,-0.4900000000006912,0.1226603259232584,0.6862499999999727
TRADE_94991858,1,94991858.0,Sell,2026-07-24 07:35:14,H,Unstructured / Noise / Exogenous,0.0050000000001091,-0.2599999999997635,-0.0050000000001091,0.2750000000000909,0.3049999999998363,0.0485534699725965,0.5288888888889132
TRADE_94986774,1,94986774.0,Sell,2026-07-24 05:50:08,H,Unstructured / Noise / Exogenous,0.7300000000004729,0.4800000000004729,0.7300000000004729,0.2550000000001091,-0.5399999999999636,0.1009021803531283,0.7510526315789704
TRADE_94942223,1,94942223.0,Sell,2026-07-23 09:20:23,H,Unstructured / Noise / Exogenous,0.6049999999995634,1.2400000000006912,-0.6049999999995634,-0.1199999999998908,0.0050000000001091,0.07735420783227,0.4486666666666982
TRADE_94927689,1,94927689.0,Buy,2026-07-23 04:48:08,H,Unstructured / Noise / Exogenous,0.0200000000004365,0.375,-0.0200000000004365,-0.2100000000000363,-0.2649999999994179,0.0736303508848591,0.739999999999947
TRADE_94908427,1,94908427.0,Buy,2026-07-22 19:54:35,H,Unstructured / Noise / Exogenous,2.2349999999996726,-3.355000000000473,-2.2349999999996726,-0.0700000000006184,0.6549999999988358,0.0460644928333555,0.6431707317073144
TRADE_94864297,1,94864297.0,Sell,2026-07-22 04:00:59,H,Unstructured / Noise / Exogenous,0.2749999999996362,-0.7999999999992724,-0.2749999999996362,-0.1000000000003638,-0.1450000000004365,0.0732175011121432,0.7900000000001072
TRADE_94842197,1,94842197.0,Sell,2026-07-21 16:41:05,H,Unstructured / Noise / Exogenous,0.0050000000001091,0.9900000000002364,0.0050000000001091,0.3350000000000364,0.6150000000006912,0.0469641370120222,0.6669565217390379
TRADE_94810342,1,94810342.0,Buy,2026-07-21 06:41:33,D,Acceleration Continuation,0.5200000000008913,0.0949999999997999,1.4599999999995816,0.6399999999998727,0.5200000000008913,0.0786145464502198,0.915263157894778
TRADE_94775324,1,94775324.0,Sell,2026-07-20 14:51:46,H,Unstructured / Noise / Exogenous,0.3850000000002183,-0.3100000000004002,-0.3850000000002183,-0.2400000000002364,0.1349999999993087,0.0660743242608988,0.6300000000000778
TRADE_94754184,1,94754184.0,Buy,2026-07-20 08:10:48,H,Unstructured / Noise / Exogenous,0.3350000000000364,-0.7899999999999636,-0.3350000000000364,-0.0050000000001091,-0.0799999999999272,0.0645769417507974,0.5495454545455025
TRADE_94694698,1,94694698.0,Sell,2026-07-17 06:35:22,B,Local Breakout,3.369999999999891,-3.369999999999891,-2.069999999999709,-0.2300000000000182,0.7300000000000182,0.0477996574907017,0.6731818181817744
TRADE_94627775,1,94627775.0,Sell,2026-07-16 05:45:23,H,Unstructured / Noise / Exogenous,0.0349999999998544,1.3849999999997635,-0.0349999999998544,-0.1950000000001637,-0.9150000000004184,0.0987868926449438,0.6437499999999924
TRADE_94588522,1,94588522.0,Buy,2026-07-15 12:13:35,H,Unstructured / Noise / Exogenous,0.1799999999993815,-1.0649999999995998,-0.1799999999993815,-0.1999999999998181,-0.3599999999996726,0.0754495221025319,0.617272727272724
TRADE_94571902,1,94571902.0,Buy,2026-07-15 05:31:12,H,Unstructured / Noise / Exogenous,0.0349999999998544,2.4099999999998545,-0.0349999999998544,-0.955000000000382,-1.5649999999995998,0.1109215180611327,0.7040000000000418
TRADE_94518850,1,94518850.0,Buy,2026-07-14 05:30:53,H,Unstructured / Noise / Exogenous,1.330000000000382,2.4799999999995634,-1.330000000000382,-0.2800000000002001,-1.2000000000002728,0.0849346153749911,0.7900000000000545
TRADE_94517647,1,94517647.0,Sell,2026-07-14 04:51:04,H,Unstructured / Noise / Exogenous,0.0,0.0,0.0,0.0,0.0,0.0,0.8100000000004002
TRADE_94482317,1,94482317.0,Sell,2026-07-13 12:43:27,H,Unstructured / Noise / Exogenous,1.0349999999998545,-0.6150000000002365,1.0349999999998545,0.2849999999998545,0.6599999999998545,0.0397207046136529,0.8855555555555333
TRADE_94467306,1,94467306.0,Sell,2026-07-13 05:16:27,H,Unstructured / Noise / Exogenous,1.2449999999998909,-0.4450000000001637,1.2449999999998909,0.1050000000000181,-0.2149999999996907,0.0605490503641284,0.7704761904762043
TRADE_94425120,1,94425120.0,Buy,2026-07-10 05:49:00,H,Unstructured / Noise / Exogenous,0.4549999999999272,1.0300000000006548,0.4549999999999272,-0.0499999999992724,0.1250000000009095,0.0514439926034277,0.8658823529411379
TRADE_94382823,1,94382823.0,Buy,2026-07-09 07:15:32,H,Unstructured / Noise / Exogenous,0.2049999999999272,-0.4500000000007276,0.2049999999999272,0.0450000000000727,0.1850000000004001,0.0876813596685186,0.6546153846154014
TRADE_94375434,1,94375434.0,Sell,2026-07-09 04:39:07,D,Acceleration Continuation,0.409999999998945,0.3500000000003638,-0.3599999999996726,-0.3549999999995634,-0.409999999998945,0.0882639640155961,0.6864705882352984
TRADE_94351863,1,94351863.0,Sell,2026-07-08 11:04:59,H,Unstructured / Noise / Exogenous,0.0,0.0,0.0,0.0,0.0,0.0,0.75
TRADE_94339039,1,94339039.0,Sell,2026-07-08 05:08:25,A,Volatility Expansion,0.1144961015836426,-0.8849999999993088,-0.5799999999999272,0.1300000000001091,0.3150000000014188,0.1144961015836426,0.6941666666666227
TRADE_94292496,1,94292496.0,Sell,2026-07-07 08:45:26,H,Unstructured / Noise / Exogenous,0.7200000000002547,0.2449999999998908,-0.7200000000002547,0.3249999999998181,0.3299999999999272,0.0645927412501225,0.4924999999996089
TRADE_94291110,1,94291110.0,Sell,2026-07-07 07:41:18,H,Unstructured / Noise / Exogenous,0.410000000000764,-0.0249999999996362,0.410000000000764,-0.019999999999527,-0.0350000000007639,0.0,0.599999999999909
TRADE_94289139,1,94289139.0,Sell,2026-07-07 05:30:02,A,Volatility Expansion,0.2953733728061795,-1.2900000000008731,-1.6700000000000728,-1.930000000000291,-2.030000000000655,0.2953733728061795,0.8812820512820252
TRADE_94258974,1,94258974.0,Sell,2026-07-06 03:37:10,H,Unstructured / Noise / Exogenous,0.6350000000002183,-0.2349999999996725,-0.6350000000002183,-0.4499999999998181,-0.0449999999991632,0.0780575121727706,0.6873913043478435
TRADE_94241160,1,94241160.0,Sell,2026-07-03 05:08:26,H,Unstructured / Noise / Exogenous,0.2150000000001455,0.0349999999998544,0.2150000000001455,-0.0200000000004365,0.110000000000582,0.0378675404178438,0.6699999999999818
TRADE_94240579,1,94240579.0,Buy,2026-07-03 03:32:03,A,Volatility Expansion,0.1604999783662751,0.2399999999997817,0.3149999999995998,-0.305000000000291,-0.0500000000001819,0.1604999783662751,0.6823076923077539
TRADE_94223505,1,94223505.0,Buy,2026-07-02 13:13:42,H,Unstructured / Noise / Exogenous,0.8900000000003274,-0.4049999999988358,0.8900000000003274,0.805000000000291,-0.1749999999992724,0.1364148543691865,0.7314285714285559
TRADE_94199359,1,94199359.0,Sell,2026-07-01 14:01:51,C,Break-and-Retest,4.8650000000002365,-7.675000000000637,-4.8650000000002365,0.1349999999997635,0.4549999999994725,0.2102369705045116,0.7012500000000017
TRADE_94147775,1,94147775.0,Buy,2026-06-30 04:15:05,H,Unstructured / Noise / Exogenous,0.9600000000000364,0.9800000000004728,0.9600000000000364,0.430000000000291,2.000000000000909,0.1711369497086126,0.7040000000000077
TRADE_94116926,1,94116926.0,Buy,2026-06-29 11:55:16,H,Unstructured / Noise / Exogenous,0.7350000000001273,-0.6900000000000546,-0.7350000000001273,-0.4400000000000545,-0.2149999999996907,0.0595781466273566,0.4487499999999897
TRADE_94074059,1,94074059.0,Sell,2026-06-26 11:36:53,B,Local Breakout,1.336500000000342,-1.336500000000342,-0.8150000000005093,-0.1200000000003456,0.3164999999989959,0.0450512054346931,0.7307368421052879
TRADE_94051620,1,94051620.0,Buy,2026-06-25 16:46:01,H,Unstructured / Noise / Exogenous,4.611499999999978,-6.890000000000327,-4.611499999999978,-1.2965000000003783,-0.775000000000091,0.1208809923890845,0.7365869565217646
TRADE_93990129,1,93990129.0,Buy,2026-06-25 04:19:16,D,Acceleration Continuation,0.5969999999997526,2.0,0.3649999999997817,0.7984999999998763,0.5969999999997526,0.1369956280763698,0.6916764705882836
TRADE_93935706,1,93935706.0,Buy,2026-06-24 13:41:19,H,Unstructured / Noise / Exogenous,1.2849999999998545,1.3149999999995998,1.2849999999998545,-0.0350000000003092,-1.3699999999998909,0.1260411137708792,0.7440576923076885
TRADE_93909211,1,93909211.0,Buy,2026-06-24 07:08:33,C,Break-and-Retest,0.8800000000001091,1.7549999999996544,0.8800000000001091,-0.2100000000000363,0.0199999999999818,0.0425489913707795,0.4915384615384517
TRADE_93873774,1,93873774.0,Sell,2026-06-23 18:06:17,H,Unstructured / Noise / Exogenous,0.1850000000004001,0.1884999999992942,0.1850000000004001,0.0634999999992942,0.0800000000008367,0.027994562964111,0.6630625000001373
TRADE_93832434,1,93832434.0,Buy,2026-06-23 03:39:04,E,Acceleration Reversal / Fade,1.324999999999818,-1.9849999999996728,-1.324999999999818,0.3549999999995634,-0.1250000000009095,0.0774494835138507,0.6496428571428103
TRADE_93798546,1,93798546.0,Buy,2026-06-22 05:28:11,H,Unstructured / Noise / Exogenous,0.9550000000008368,0.8300000000008367,0.9550000000008368,0.5450000000000728,-0.1549999999997453,0.1378944846208894,0.6774999999999523
TRADE_93776205,1,93776205.0,Sell,2026-06-19 05:32:37,H,Unstructured / Noise / Exogenous,0.0115000000005238,-0.8315000000002328,-0.0115000000005238,0.0385000000005675,-0.1814999999987776,0.0790208186032966,0.6383043478259502
TRADE_93757800,1,93757800.0,Sell,2026-06-18 15:09:38,H,Unstructured / Noise / Exogenous,1.4200000000000728,1.2435000000004948,1.4200000000000728,0.660000000000764,0.3200000000015279,0.1097953371872881,0.6127916666666048
TRADE_93700747,1,93700747.0,Sell,2026-06-17 05:49:19,E,Acceleration Reversal / Fade,1.265000000001237,1.4000000000005457,1.265000000001237,-0.1399999999994179,0.1649999999990541,0.0593535130061917,0.5036842105263005
TRADE_93682742,1,93682742.0,Buy,2026-06-16 12:06:09,D,Acceleration Continuation,0.5750000000007276,-0.6650000000008731,-0.5249999999996362,0.4549999999999272,0.5750000000007276,0.0827270209788012,0.4946153846154419
TRADE_93681010,1,93681010.0,Sell,2026-06-16 10:18:40,H,Unstructured / Noise / Exogenous,0.1099999999996725,-0.2049999999999272,-0.1099999999996725,0.0650000000005093,0.0750000000007276,0.0,0.4249999999997271
TRADE_93650934,1,93650934.0,Buy,2026-06-15 13:30:46,D,Acceleration Continuation,2.9199999999991637,3.384999999999309,4.404999999998836,2.399999999999636,2.9199999999991637,0.1281873814345909,0.5885714285714563
TRADE_93631282,1,93631282.0,Sell,2026-06-15 05:44:57,H,Unstructured / Noise / Exogenous,1.3850000000002185,-2.1849999999994907,-1.3850000000002185,-0.6464999999998327,-0.5635000000002037,0.083671571486747,0.6777142857141977
TRADE_93609754,1,93609754.0,Buy,2026-06-12 14:23:16,H,Unstructured / Noise / Exogenous,0.6950000000006185,-1.0700000000006185,-0.6950000000006185,-0.4000000000005457,-0.0699999999997089,0.0822915046109392,0.5426190476189385
TRADE_93598278,1,93598278.0,Sell,2026-06-12 05:17:41,H,Unstructured / Noise / Exogenous,2.014999999999418,-2.139999999999418,-2.014999999999418,-0.3350000000000364,0.4600000000000364,0.0736619624415858,0.7586956521740633
TRADE_93557927,1,93557927.0,Buy,2026-06-11 06:36:08,H,Unstructured / Noise / Exogenous,2.4799999999995634,1.144999999999527,2.4799999999995634,0.2649999999998726,-1.3150000000000546,0.0760423287642524,0.5918800000000011
TRADE_93510992,1,93510992.0,Sell,2026-06-10 05:02:18,E,Acceleration Reversal / Fade,2.4200000000000728,2.1149999999997817,2.4200000000000728,-0.1700000000000727,-0.625,0.083609373539899,0.7157575757576276
TRADE_93474519,1,93474519.0,Sell,2026-06-09 07:32:19,H,Unstructured / Noise / Exogenous,1.7650000000003274,-2.994999999999891,-1.7650000000003274,0.2650000000003274,1.0299999999997451,0.0418640078790275,0.5683333333334607
TRADE_93461391,1,93461391.0,Buy,2026-06-08 15:18:03,D,Acceleration Continuation,0.8350000000000364,-2.039999999999964,0.3350000000000364,0.6850000000004002,0.8350000000000364,0.0941659996301358,0.548980769230761
TRADE_93443489,1,93443489.0,Buy,2026-06-08 05:38:58,D,Acceleration Continuation,0.7800000000006548,15.614999999999782,5.83350000000064,1.3400000000001455,0.7800000000006548,0.1912139675458198,0.8746499999999894
TRADE_93411173,1,93411173.0,Sell,2026-06-05 11:55:49,H,Unstructured / Noise / Exogenous,1.4000000000005457,-1.850000000000364,-1.4000000000005457,-0.660000000000764,-0.2100000000009458,0.0922441055026758,0.54319047619057
TRADE_93404708,1,93404708.0,Sell,2026-06-05 04:16:51,E,Acceleration Reversal / Fade,1.464999999999236,0.569999999999709,1.464999999999236,-0.1650000000008731,-0.6049999999995634,0.0845340168219152,0.5933333333335516
TRADE_93377409,1,93377409.0,Sell,2026-06-04 07:05:50,H,Unstructured / Noise / Exogenous,1.375,-1.25,-1.375,0.0450000000000727,-0.055000000000291,0.0511595237957136,0.5674799999999596
TRADE_93376580,1,93376580.0,Sell,2026-06-04 06:02:48,F,Spread Pulse / Liquidity Shock,0.6350000000000434,0.6149999999997817,0.8299999999999272,0.6700000000000728,1.0699999999987997,0.0732240397683368,0.6350000000000434
TRADE_93360769,1,93360769.0,Sell,2026-06-03 15:19:30,H,Unstructured / Noise / Exogenous,1.8535000000010768,0.5614999999988868,-1.8535000000010768,-0.3185000000012223,1.3484999999991487,0.061289516845423,0.64993333333335
TRADE_93345132,1,93345132.0,Sell,2026-06-03 04:31:17,H,Unstructured / Noise / Exogenous,0.4299999999993815,-0.2449999999998908,-0.4299999999993815,0.019999999999527,0.0699999999987994,0.0386522961797202,0.7150000000001455
TRADE_93309253,1,93309253.0,Sell,2026-06-02 13:27:01,C,Break-and-Retest,0.518500000000131,0.7450000000008004,-0.518500000000131,0.1350000000002182,-0.4149999999990541,0.0651378253252598,0.5340000000001055
TRADE_93277546,1,93277546.0,Sell,2026-06-01 13:40:02,H,Unstructured / Noise / Exogenous,3.924999999999272,-0.6999999999989086,-3.924999999999272,-0.5849999999991269,0.3999999999996362,0.1368676790103639,0.6587400000000162
TRADE_93252299,1,93252299.0,Sell,2026-06-01 08:07:05,H,Unstructured / Noise / Exogenous,3.0935000000008586,2.4335000000000946,3.0935000000008586,0.1935000000003128,-1.8215000000000143,0.0549699886555293,0.6400540540542204
TRADE_93235333,1,93235333.0,Buy,2026-05-29 18:01:51,A,Volatility Expansion,0.1184886304907186,-0.055000000000291,-0.6700000000000728,-0.0349999999998544,0.2550000000001091,0.1184886304907186,0.9443749999999796
TRADE_93210316,1,93210316.0,Sell,2026-05-29 06:09:04,H,Unstructured / Noise / Exogenous,0.3649999999997817,-0.3699999999989813,0.3649999999997817,0.4600000000009459,0.7050000000017462,0.0905615199125517,0.5404000000000088
TRADE_93199497,1,93199497.0,Buy,2026-05-28 17:45:24,A,Volatility Expansion,0.1153340439826467,1.4650000000001455,1.3700000000008004,1.6850000000004002,1.335000000000946,0.1153340439826467,0.7056190476190577
TRADE_93184362,1,93184362.0,Sell,2026-05-28 14:04:21,H,Unstructured / Noise / Exogenous,1.02350000000024,0.8534999999992579,1.02350000000024,0.788499999999658,0.3500000000003638,0.0780346712179014,0.7622727272726368
TRADE_93169426,1,93169426.0,Sell,2026-05-28 04:11:24,H,Unstructured / Noise / Exogenous,0.998500000000604,-2.5600000000004,-0.998500000000604,-0.2750000000005457,-0.7800000000006548,0.0994901479586702,0.866275862068819
TRADE_93131167,1,93131167.0,Sell,2026-05-27 11:50:40,F,Spread Pulse / Liquidity Shock,0.5499117647059393,-1.4614999999994325,-1.0114999999996144,-0.2014999999992142,-0.5764999999992142,0.0656646389753611,0.5499117647059393
TRADE_93121138,1,93121138.0,Sell,2026-05-27 06:21:22,H,Unstructured / Noise / Exogenous,1.315000000000509,-0.6085000000002765,-1.315000000000509,-0.4700000000002546,-0.9350000000004002,0.0640748216262527,0.7154418604650769
TRADE_93095183,1,93095183.0,Sell,2026-05-26 12:35:27,H,Unstructured / Noise / Exogenous,2.6400000000003274,-0.2100000000000363,-2.6400000000003274,-0.301499999999578,0.8485000000000582,0.0565542475867741,0.5881764705882768
TRADE_93091481,1,93091481.0,Sell,2026-05-26 10:48:28,H,Unstructured / Noise / Exogenous,0.9184999999997672,0.5534999999999854,0.9184999999997672,0.1584999999995489,0.1869999999998981,0.0239187509747888,0.5978999999997086
TRADE_93086094,1,93086094.0,Sell,2026-05-26 05:40:30,H,Unstructured / Noise / Exogenous,0.0,0.0,0.0,0.0,0.0,0.0,0.5100000000002183
TRADE_93070782,1,93070782.0,Sell,2026-05-25 12:59:41,H,Unstructured / Noise / Exogenous,0.0664999999999054,0.6814999999996871,0.0664999999999054,0.0064999999995052,-0.3384999999998399,0.0800543721478962,0.5461818181818837
TRADE_93064584,1,93064584.0,Buy,2026-05-25 06:09:03,H,Unstructured / Noise / Exogenous,0.5950000000002547,-0.3599999999996726,-0.5950000000002547,-0.2100000000000363,-0.430000000000291,0.0431075917073214,0.5875000000001668
TRADE_93037747,1,93037747.0,Sell,2026-05-22 12:30:46,H,Unstructured / Noise / Exogenous,0.1350000000002182,1.269999999999527,-0.1350000000002182,0.4149999999999636,0.2100000000009458,0.0756138586591736,0.5778571428570883
TRADE_93029514,1,93029514.0,Buy,2026-05-22 05:36:56,H,Unstructured / Noise / Exogenous,1.2049999999999272,2.4399999999996,1.2049999999999272,-0.3549999999995634,-0.7049999999999272,0.1041101459826832,0.7482500000000333
TRADE_93028917,1,93028917.0,Sell,2026-05-22 04:41:02,H,Unstructured / Noise / Exogenous,0.8099999999994907,0.0450000000000727,-0.8099999999994907,-0.1000000000003638,0.7899999999999636,0.0754157712203986,0.6798636363637343
TRADE_92991008,1,92991008.0,Sell,2026-05-21 06:39:49,B,Local Breakout,0.933500000001004,-0.933500000001004,-1.2385000000003856,-0.4200000000000727,-0.6650000000008731,0.0987261769983656,0.5785000000000764
TRADE_92943988,1,92943988.0,Buy,2026-05-20 06:00:09,H,Unstructured / Noise / Exogenous,0.3315000000002328,-0.3315000000002328,-0.3315000000002328,0.6934999999994034,2.268499999998312,0.1376468601167695,0.8207843137255729
TRADE_92905766,1,92905766.0,Sell,2026-05-19 07:09:51,C,Break-and-Retest,1.0850000000000364,2.119999999999891,-1.0850000000000364,0.0999999999994543,-0.6149999999988722,0.0864196700700642,0.5784848484850734
TRADE_92901499,1,92901499.0,Sell,2026-05-19 03:40:39,D,Acceleration Continuation,0.8100000000004002,-1.3850000000002185,-1.1685000000006769,-0.5399999999999636,-0.8100000000004002,0.1259409032484503,0.6300000000001091
TRADE_92878258,1,92878258.0,Sell,2026-05-18 14:35:04,H,Unstructured / Noise / Exogenous,3.0950000000002547,3.649999999999636,3.0950000000002547,0.1649999999999636,-2.6149999999997817,0.1431918298873559,0.5804615384616297
TRADE_92873305,1,92873305.0,Buy,2026-05-18 13:08:58,E,Acceleration Reversal / Fade,1.8100000000004,-2.524999999999636,-1.8100000000004,0.4549999999999272,2.290000000000873,0.0858028681717445,0.4743750000000659
TRADE_92863125,1,92863125.0,Buy,2026-05-18 06:44:22,B,Local Breakout,1.7935000000006769,1.7935000000006769,2.228500000000168,0.0835000000006402,-0.3314999999984138,0.0322183037608073,0.7628461538462523
TRADE_92816284,1,92816284.0,Sell,2026-05-15 11:15:09,H,Unstructured / Noise / Exogenous,0.180000000000291,0.5249999999996362,-0.180000000000291,0.269999999999527,0.6199999999989814,0.0754951943883857,0.5869999999999891
TRADE_92794484,1,92794484.0,Sell,2026-05-15 03:52:48,H,Unstructured / Noise / Exogenous,0.0,0.0,0.0,0.0,0.0,0.0,0.5399999999999636
TRADE_92755985,1,92755985.0,Buy,2026-05-14 11:27:21,B,Local Breakout,1.210000000000946,1.210000000000946,0.9650000000001456,0.4350000000004002,-0.0200000000004365,0.0486546156732499,0.6353888888889843
TRADE_92749649,1,92749649.0,Sell,2026-05-14 04:37:00,F,Spread Pulse / Liquidity Shock,1.0837419354839444,0.4400000000005093,-1.4364999999997965,-0.4349999999994907,-0.2980000000006839,0.0678349713151553,1.0837419354839444
TRADE_92708453,1,92708453.0,Sell,2026-05-13 13:27:45,H,Unstructured / Noise / Exogenous,0.5100000000002183,-1.8350000000000364,-0.5100000000002183,-0.0349999999998544,-0.2899999999990541,0.0402051874835862,0.3788888888888727
TRADE_92707912,1,92707912.0,Buy,2026-05-13 13:16:14,H,Unstructured / Noise / Exogenous,0.3799999999991996,0.0200000000004365,-0.3799999999991996,0.0150000000003274,0.0235000000011496,0.0346912356930798,0.4271428571428519
TRADE_92704162,1,92704162.0,Sell,2026-05-13 10:32:46,D,Acceleration Continuation,0.9050000000015644,-0.0799999999999272,-0.4800000000004729,-0.5700000000006185,-0.9050000000015644,0.0776183572035252,0.5476470588234994
TRADE_92699406,1,92699406.0,Buy,2026-05-13 05:32:18,H,Unstructured / Noise / Exogenous,2.395000000000437,-1.3100000000004002,-2.395000000000437,-0.7950000000009823,0.3549999999995634,0.0771021304530351,0.6099999999998921
TRADE_92660254,1,92660254.0,Buy,2026-05-12 10:41:21,D,Acceleration Continuation,1.289999999999054,2.8299999999999272,3.209999999999127,1.2100000000000364,1.289999999999054,0.1142245079969068,0.54702564102573
TRADE_92649888,1,92649888.0,Buy,2026-05-12 02:30:04,B,Local Breakout,1.4899999999997815,1.4899999999997815,1.809999999999491,1.180000000000291,0.1700000000000727,0.1533329414368794,0.6594418604650263
TRADE_92626347,1,92626347.0,Sell,2026-05-11 12:38:02,D,Acceleration Continuation,0.3229999999994106,-1.3250000000007276,0.2250000000003638,-0.4899999999997817,-0.3229999999994106,0.0852236026834401,0.5653157894736595
TRADE_92611594,1,92611594.0,Buy,2026-05-11 04:03:52,F,Spread Pulse / Liquidity Shock,0.6795714285715457,-1.406500000000051,0.5285000000003492,-0.7749999999996362,-1.4515000000010332,0.088577155632837,0.6795714285715457
TRADE_92561346,1,92561346.0,Sell,2026-05-08 06:30:27,B,Local Breakout,1.059999999999491,-1.059999999999491,-1.5099999999993088,-0.3799999999991996,0.0414999999993597,0.1208107768437561,0.5846956521737688
TRADE_92535886,1,92535886.0,Sell,2026-05-07 16:37:09,H,Unstructured / Noise / Exogenous,0.2250000000003638,-0.9799999999995634,-0.2250000000003638,-0.8800000000001091,-0.0250000000014551,0.0670249725010863,0.5377192982456236
TRADE_92461110,1,92461110.0,Buy,2026-05-07 04:56:52,A,Volatility Expansion,0.1558653264838838,-0.7399999999997817,-0.2799999999997453,0.2299999999995634,0.3099999999994907,0.1558653264838838,0.6883333333333516
TRADE_92408965,1,92408965.0,Sell,2026-05-06 09:41:15,H,Unstructured / Noise / Exogenous,0.4600000000000364,-2.024999999999636,-0.4600000000000364,-0.019999999999527,0.305000000000291,0.0896478535955858,0.6226842105263706
TRADE_92396538,1,92396538.0,Sell,2026-05-06 05:30:50,E,Acceleration Reversal / Fade,0.7335000000002765,-0.6050000000004729,0.7335000000002765,-0.1999999999998181,-0.1199999999998908,0.0544058820350385,0.7161904761905178
TRADE_92342438,1,92342438.0,Sell,2026-05-05 10:41:28,D,Acceleration Continuation,0.3699999999998908,-0.1999999999989086,-0.4549999999999272,-0.5849999999991269,-0.3699999999998908,0.0512849167619187,0.4549999999998363
TRADE_92331897,1,92331897.0,Sell,2026-05-05 03:17:31,H,Unstructured / Noise / Exogenous,0.1599999999998544,-0.1499999999996362,-0.1599999999998544,-0.1199999999989813,0.0100000000002182,0.0,0.6999999999998181
TRADE_92319804,1,92319804.0,Buy,2026-05-04 17:24:33,H,Unstructured / Noise / Exogenous,0.3600000000005821,-0.2949999999991632,0.3600000000005821,-0.3549999999995634,-0.8749999999990905,0.0484644236750257,0.595000000000122
TRADE_92286476,1,92286476.0,Sell,2026-05-04 10:52:28,H,Unstructured / Noise / Exogenous,0.1085000000002764,0.3814999999995052,-0.1085000000002764,-0.1585000000004583,-0.3335000000006403,0.1029618132378969,0.6524074074073319
TRADE_92274667,1,92274667.0,Buy,2026-05-04 05:18:10,D,Acceleration Continuation,0.3700000000008003,2.1149999999997817,-0.3985000000002401,0.7049999999999272,0.3700000000008003,0.1492782113202622,0.7080000000000655
TRADE_92218142,1,92218142.0,Sell,2026-05-01 06:16:51,C,Break-and-Retest,0.7049999999999272,-0.4350000000004002,-0.7049999999999272,0.2299999999995634,0.6514999999999418,0.0358036311005117,0.5858181818182195
TRADE_92181621,1,92181621.0,Buy,2026-04-30 10:58:53,B,Local Breakout,2.4950000000008004,2.4950000000008004,2.585000000000946,0.25,0.3799999999991996,0.0712801471310041,0.6223529411764128
TRADE_92125361,1,92125361.0,Sell,2026-04-29 10:38:23,H,Unstructured / Noise / Exogenous,0.1350000000002182,-0.5900000000001455,0.1350000000002182,-0.1599999999998544,-0.0049999999991996,0.0283207718061908,0.5408333333332394
TRADE_92117158,1,92117158.0,Buy,2026-04-29 06:00:38,B,Local Breakout,1.7949999999991633,1.7949999999991633,2.7399999999997817,0.0599999999994906,0.4799999999995634,0.0642920762954277,0.613913043478177
TRADE_92099847,1,92099847.0,Buy,2026-04-28 16:35:59,D,Acceleration Continuation,0.266499999998814,2.113499999999476,2.09349999999904,1.2034999999996217,0.266499999998814,0.0781696044136428,0.5927090909091435
TRADE_92067522,1,92067522.0,Buy,2026-04-28 06:04:14,A,Volatility Expansion,0.1289505768824764,0.7599999999993088,2.019999999999527,0.3800000000001091,-0.2449999999989813,0.1289505768824764,0.6279999999999171
TRADE_92029007,1,92029007.0,Sell,2026-04-27 08:51:00,H,Unstructured / Noise / Exogenous,0.2700000000004365,-0.8800000000001091,0.2700000000004365,0.0150000000003274,-0.1849999999994906,0.0374252727667148,0.4223999999999432
TRADE_92024986,1,92024986.0,Buy,2026-04-27 03:37:58,H,Unstructured / Noise / Exogenous,1.444999999999709,1.6899999999995998,1.444999999999709,0.0299999999997453,-0.125,0.038809960290088,0.6950000000000988
TRADE_91984519,1,91984519.0,Buy,2026-04-24 13:32:20,E,Acceleration Reversal / Fade,0.5200000000004366,-1.8649999999997815,-0.5200000000004366,0.1999999999998181,0.9549999999999272,0.0569968981377952,0.5546000000000276
TRADE_91973017,1,91973017.0,Sell,2026-04-24 08:25:06,B,Local Breakout,1.574999999999818,-1.574999999999818,-2.014999999999418,-0.4549999999999272,-0.2349999999996725,0.0429416500338001,0.5805882352941915
TRADE_91954421,1,91954421.0,Buy,2026-04-23 17:58:13,H,Unstructured / Noise / Exogenous,1.2449999999998909,-1.1599999999998545,1.2449999999998909,-0.9050000000006548,-1.7000000000007276,0.1110687795071072,0.5316949152543126
TRADE_91919177,1,91919177.0,Buy,2026-04-23 05:30:37,H,Unstructured / Noise / Exogenous,6.779999999999745,-9.280000000000657,-6.779999999999745,-0.5200000000004366,0.8899999999994179,0.1857654864936418,0.6985306122449921
TRADE_91873683,1,91873683.0,Sell,2026-04-22 12:29:56,H,Unstructured / Noise / Exogenous,3.231499999999869,-4.511500000000524,-3.231499999999869,-0.7800000000006548,0.5300000000006548,0.1643504130326074,0.6316666666666
TRADE_91863976,1,91863976.0,Sell,2026-04-22 05:22:08,H,Unstructured / Noise / Exogenous,0.0200000000004365,0.2849999999998545,0.0200000000004365,-0.1199999999989813,0.4930000000003929,0.0729868698860238,0.7047499999999521
TRADE_91824729,1,91824729.0,Buy,2026-04-21 14:01:47,B,Local Breakout,3.3549999999995634,3.3549999999995634,0.4315000000005966,0.0599999999994906,-0.0650000000005093,0.1064318297079777,0.6112121212120132
TRADE_91806444,1,91806444.0,Buy,2026-04-21 07:42:50,H,Unstructured / Noise / Exogenous,1.321999999999207,1.5034999999998035,1.321999999999207,-0.0100000000002182,-0.0284999999994397,0.0124096736462617,0.7824545454542947
TRADE_91797166,1,91797166.0,Buy,2026-04-21 04:24:24,F,Spread Pulse / Liquidity Shock,0.4050000000000252,-1.8464999999996508,-1.7800000000006548,-0.6810000000004948,0.0514999999995779,0.1115194261104972,0.4050000000000252
TRADE_91776198,1,91776198.0,Sell,2026-04-20 15:25:31,H,Unstructured / Noise / Exogenous,0.0,0.0,0.0,0.0,0.0,0.0,0.7899999999999636
TRADE_91740834,1,91740834.0,Sell,2026-04-20 05:41:45,H,Unstructured / Noise / Exogenous,1.850000000000364,-2.4400000000005093,-1.850000000000364,-0.3500000000003638,-1.3300000000017462,0.1046232849132025,0.7099999999999951
TRADE_91655142,1,91655142.0,Buy,2026-04-17 10:51:42,H,Unstructured / Noise / Exogenous,2.75,-2.573500000000422,-2.75,-0.430000000000291,-0.4849999999996726,0.0805100752839307,0.5957096774194021
TRADE_91645065,1,91645065.0,Sell,2026-04-17 05:14:54,H,Unstructured / Noise / Exogenous,0.5434999999997672,-0.3034999999999854,-0.5434999999997672,0.0,-0.0149999999994179,0.0,0.6570000000001528
TRADE_91596159,1,91596159.0,Sell,2026-04-16 12:36:23,H,Unstructured / Noise / Exogenous,2.340000000000145,-1.460000000000946,-2.340000000000145,0.2899999999990541,1.2899999999972351,0.0986989532848705,0.7887000000000626
TRADE_91585973,1,91585973.0,Buy,2026-04-16 06:43:59,H,Unstructured / Noise / Exogenous,3.6500000000005457,-0.8249999999989086,3.6500000000005457,-0.4349999999994907,-1.284999999998945,0.1014254004804161,0.6719999999998834
TRADE_91531357,1,91531357.0,Sell,2026-04-15 13:00:14,H,Unstructured / Noise / Exogenous,3.3900000000003274,3.3900000000003274,3.3900000000003274,0.7599999999993088,-1.4899999999997815,0.1430023191968141,0.6112857142855622
TRADE_91515698,1,91515698.0,Sell,2026-04-15 06:13:14,H,Unstructured / Noise / Exogenous,3.5,2.6700000000000728,3.5,1.1549999999988358,-0.1600000000016734,0.1156953481356329,0.6511071428571995
TRADE_91488864,1,91488864.0,Buy,2026-04-14 17:38:32,H,Unstructured / Noise / Exogenous,0.4700000000011641,0.5200000000004366,0.4700000000011641,-0.3199999999997089,-0.2299999999995634,0.0560072539944018,0.7907058823529951
TRADE_91448019,1,91448019.0,Sell,2026-04-14 12:20:42,A,Volatility Expansion,0.1933505682629832,-3.149999999999636,-2.1234999999996944,-1.128499999998894,-0.8314999999993233,0.1933505682629832,0.7780312499999695
TRADE_91431248,1,91431248.0,Buy,2026-04-14 06:44:43,E,Acceleration Reversal / Fade,0.4700000000002546,-1.105000000000473,-0.4700000000002546,0.1049999999995634,0.1385000000000218,0.0639061812348756,0.7433333333331879
TRADE_91397685,1,91397685.0,Buy,2026-04-13 15:37:59,H,Unstructured / Noise / Exogenous,1.5784999999996217,1.7985000000007858,1.5784999999996217,-0.3415000000004511,-0.6614999999983411,0.0823272851189459,0.788761904761876
TRADE_91356501,1,91356501.0,Sell,2026-04-13 08:14:05,H,Unstructured / Noise / Exogenous,1.39850000000024,1.940000000000509,1.39850000000024,0.3215000000000145,0.0285000000003492,0.0631912893779172,0.7469285714287253
TRADE_91352434,1,91352434.0,Buy,2026-04-13 06:00:33,D,Acceleration Continuation,1.1149999999979627,-4.260000000000218,-3.0600000000013097,1.0799999999999272,1.1149999999979627,0.1444337033886453,0.684814814814874
TRADE_91276550,1,91276550.0,Buy,2026-04-10 11:42:46,H,Unstructured / Noise / Exogenous,0.3899999999994179,0.9014999999999418,0.3899999999994179,0.1015000000006693,0.0815000000011423,0.0840770798564007,0.7645999999999428
TRADE_91267485,1,91267485.0,Buy,2026-04-10 05:30:33,H,Unstructured / Noise / Exogenous,0.3600000000005821,0.6900000000005093,0.3600000000005821,-0.2299999999995634,-0.4199999999982537,0.1575377433811743,0.7100000000000364
TRADE_91267065,1,91267065.0,Buy,2026-04-10 05:14:46,A,Volatility Expansion,0.2003518079246694,-0.1499999999996362,0.3299999999999272,0.7399999999997817,0.6000000000003638,0.2003518079246694,0.7071250000000191
TRADE_91227583,1,91227583.0,Buy,2026-04-09 13:53:03,H,Unstructured / Noise / Exogenous,1.2785000000003492,-0.9500000000007276,1.2785000000003492,0.1299999999991996,0.2100000000009458,0.1134530498941354,0.7860333333333074
TRADE_91206718,1,91206718.0,Buy,2026-04-09 08:06:30,H,Unstructured / Noise / Exogenous,0.8764999999993961,-0.8500000000003638,-0.8764999999993961,-0.0900000000001455,0.3200000000015279,0.0581350797717959,0.8802222222222755
TRADE_91202282,1,91202282.0,Sell,2026-04-09 06:07:52,H,Unstructured / Noise / Exogenous,1.5564999999987776,2.646499999998923,1.5564999999987776,0.3649999999997817,0.2664999999979045,0.1021712349325521,0.7835833333332781
TRADE_91200522,1,91200522.0,Buy,2026-04-09 05:36:36,H,Unstructured / Noise / Exogenous,1.559999999999491,1.309999999999491,1.559999999999491,-0.2899999999990541,-0.7000000000007276,0.0641014820422319,0.7900000000001289
TRADE_91162669,1,91162669.0,Buy,2026-04-08 15:32:24,H,Unstructured / Noise / Exogenous,0.0250000000005456,0.5450000000000728,0.0250000000005456,0.25,1.3385000000007494,0.080553723338752,0.6997878787877915
TRADE_91124606,1,91124606.0,Buy,2026-04-08 05:51:27,B,Local Breakout,2.1599999999998545,2.1599999999998545,1.430000000000291,0.4899999999997817,0.7769999999982247,0.077259303646946,0.7099999999999537
TRADE_91045329,1,91045329.0,Buy,2026-04-07 13:21:19,H,Unstructured / Noise / Exogenous,0.0100000000002182,1.087999999999738,0.0100000000002182,-0.3950000000004365,-0.9220000000013896,0.1009409200272343,0.9701818181818068
TRADE_91024794,1,91024794.0,Sell,2026-04-07 08:02:14,H,Unstructured / Noise / Exogenous,1.3900000000003274,3.798500000000786,1.3900000000003274,0.430000000000291,-0.2899999999981446,0.1650120104101136,0.9412380952381204
TRADE_91022147,1,91022147.0,Buy,2026-04-07 06:04:07,H,Unstructured / Noise / Exogenous,0.9400000000005092,0.5149999999994179,-0.9400000000005092,-0.0065000000004147,1.3984999999993306,0.1430628276424061,0.95830555555555
TRADE_90970712,1,90970712.0,Sell,2026-04-06 12:20:14,D,Acceleration Continuation,1.8700000000008004,-2.0499999999992724,-1.2999999999992724,-1.6899999999995998,-1.8700000000008004,0.1387397473033807,0.8403750000000514
TRADE_90967915,1,90967915.0,Sell,2026-04-06 10:38:30,E,Acceleration Reversal / Fade,0.4984999999996944,1.7964999999994689,0.4984999999996944,-0.2000000000007276,0.1349999999983993,0.1159817880010253,0.7914285714285663
TRADE_90964953,1,90964953.0,Sell,2026-04-06 06:32:16,D,Acceleration Continuation,0.2100000000000363,1.5850000000000364,0.1750000000001819,-0.7250000000003638,-0.2100000000000363,0.1318769217540968,0.6447777777777143
TRADE_90928037,1,90928037.0,Sell,2026-04-02 18:05:43,H,Unstructured / Noise / Exogenous,2.280000000000655,5.513500000000022,2.280000000000655,0.0799999999999272,0.2570000000014261,0.0649257695800131,0.9395161290322874
TRADE_90927563,1,90927563.0,Sell,2026-04-02 17:40:31,H,Unstructured / Noise / Exogenous,3.300000000000182,3.539999999999964,3.300000000000182,0.930000000000291,0.7820000000001528,0.1105527712222038,0.94755769230766
TRADE_90900649,1,90900649.0,Sell,2026-04-02 11:51:54,F,Spread Pulse / Liquidity Shock,0.7863611111111418,0.7649999999994179,-1.8024999999997815,-0.9414999999999054,1.1149999999997815,0.2107774655888967,0.7863611111111418
TRADE_90783770,1,90783770.0,Sell,2026-04-01 10:01:41,H,Unstructured / Noise / Exogenous,1.9499999999989088,-4.329999999999927,-1.9499999999989088,-0.0499999999992724,0.0600000000013096,0.0807009913198664,0.7704285714285756
TRADE_90765592,1,90765592.0,Sell,2026-04-01 04:08:40,H,Unstructured / Noise / Exogenous,0.3064999999996871,-0.4385000000002037,0.3064999999996871,0.089999999999236,-0.1370000000015352,0.0,0.9100000000003092
TRADE_90724112,1,90724112.0,Buy,2026-03-31 17:13:28,H,Unstructured / Noise / Exogenous,1.71349999999984,-2.959999999999127,-1.71349999999984,-0.3899999999994179,-0.249999999998181,0.1508311956683008,0.787199999999959
TRADE_90689174,1,90689174.0,Buy,2026-03-31 12:00:37,A,Volatility Expansion,0.2116332934387692,0.938000000000102,-0.7020000000002256,2.0164999999997235,2.2364999999990687,0.2116332934387692,0.7863571428571439
TRADE_90670870,1,90670870.0,Buy,2026-03-31 05:16:35,C,Break-and-Retest,1.3699999999998909,3.149999999999636,1.3699999999998909,-0.1099999999996725,-0.8315000000011423,0.1037884871677441,0.8572142857144627
TRADE_90468624,1,90468624.0,Sell,2026-03-30 11:52:48,H,Unstructured / Noise / Exogenous,3.3650000000016007,-5.365000000001601,-3.3650000000016007,-0.6400000000012369,0.1649999999990541,0.1622374984924475,0.7933333333333698
TRADE_90450144,1,90450144.0,Buy,2026-03-30 11:14:39,H,Unstructured / Noise / Exogenous,0.3299999999999272,2.340000000000145,-0.3299999999999272,0.218499999999949,-0.396999999999025,0.1414045702942027,0.7767272727272608
TRADE_90446737,1,90446737.0,Sell,2026-03-30 07:30:21,H,Unstructured / Noise / Exogenous,3.2399999999997817,1.889999999999418,3.2399999999997817,0.430000000000291,0.2000000000007276,0.1033475961190195,0.7900000000000463
TRADE_90383944,1,90383944.0,Buy,2026-03-27 15:23:51,B,Local Breakout,11.979999999999563,11.979999999999563,12.228499999999258,3.5299999999997453,-1.850000000000364,0.2601497596787782,0.980138461538445
TRADE_90367910,1,90367910.0,Buy,2026-03-27 08:43:56,H,Unstructured / Noise / Exogenous,0.3600000000005821,-1.1535000000003492,0.3600000000005821,0.0200000000004365,-0.3699999999989813,0.0491807889322751,0.7900000000002668
TRADE_90303019,1,90303019.0,Buy,2026-03-26 11:49:34,H,Unstructured / Noise / Exogenous,5.545000000000073,-6.079999999999927,-5.545000000000073,-0.8650000000006912,-1.160000000000764,0.1385787514320016,0.9945999999999912
TRADE_90297337,1,90297337.0,Buy,2026-03-26 08:48:11,H,Unstructured / Noise / Exogenous,3.8400000000001455,-0.9234999999998764,-3.8400000000001455,-0.2100000000000363,1.5700000000006185,0.1807636578519333,1.0413783783783033
TRADE_90194077,1,90194077.0,Buy,2026-03-25 09:38:04,H,Unstructured / Noise / Exogenous,4.4350000000004,-4.005000000000109,-4.4350000000004,-0.6300000000001091,0.8135000000011132,0.1430617582258284,0.6300000000001091
TRADE_90192607,1,90192607.0,Sell,2026-03-25 09:00:18,D,Acceleration Continuation,2.2400000000016007,-0.8699999999989814,-0.8699999999989814,-2.0049999999992,-2.2400000000016007,0.2654418355411773,0.6128461538461264
TRADE_90188256,1,90188256.0,Buy,2026-03-25 06:35:47,H,Unstructured / Noise / Exogenous,0.2235000000000582,-0.9700000000002548,-0.2235000000000582,-0.2299999999995634,-0.0229999999992287,0.0982041524358193,0.9747500000000286
TRADE_90081363,1,90081363.0,Buy,2026-03-24 14:11:15,H,Unstructured / Noise / Exogenous,0.1049999999995634,5.9780000000000655,0.1049999999995634,-0.5985000000000582,-0.3170000000000073,0.0905138170194022,0.8541267605635088
TRADE_90080406,1,90080406.0,Buy,2026-03-24 13:58:26,F,Spread Pulse / Liquidity Shock,1.0832028985507904,-8.415000000000873,-6.275000000000546,-1.480000000000473,0.8850000000002183,0.1673804988683019,1.0832028985507904
TRADE_90054432,1,90054432.0,Sell,2026-03-24 10:52:17,H,Unstructured / Noise / Exogenous,0.0,0.0,0.0,0.0,0.0,0.0,0.9570000000003348
TRADE_90052400,1,90052400.0,Buy,2026-03-24 09:47:16,H,Unstructured / Noise / Exogenous,1.472000000000662,-2.366499999999178,1.472000000000662,0.1635000000005675,0.2250000000003638,0.085411747826132,0.96100000000024
TRADE_89797106,1,89797106.0,Sell,2026-03-23 14:23:44,D,Acceleration Continuation,3.369999999999891,2.8099999999994907,-2.414999999999054,-4.779999999999745,-3.369999999999891,0.1945253010424767,0.7958805970149196
TRADE_89770716,1,89770716.0,Buy,2026-03-23 08:06:57,H,Unstructured / Noise / Exogenous,5.618499999999585,15.61200000000008,5.618499999999585,-2.2200000000002547,-2.4300000000012005,0.3437162876412933,0.9701346153846876
TRADE_89517529,1,89517529.0,Sell,2026-03-23 06:13:59,D,Acceleration Continuation,2.194999999999709,0.7849999999998545,-0.1965000000000145,-2.449999999999818,-2.194999999999709,0.2308250970439296,0.7816382978723808
TRADE_88577933,1,88577933.0,Sell,2026-03-18 14:30:56,D,Acceleration Continuation,1.2800000000024738,-2.688500000000204,-3.723500000000058,-1.5200000000004366,-1.2800000000024738,0.1114987282385813,0.7772105263157802
TRADE_88511817,1,88511817.0,Buy,2026-03-18 10:31:31,E,Acceleration Reversal / Fade,0.7285000000001673,-0.6500000000005457,-0.7285000000001673,1.0,-1.2270000000007713,0.1865034173717821,0.6696842105263242
TRADE_88335699,1,88335699.0,Buy,2026-03-17 14:10:39,D,Acceleration Continuation,0.7900000000026921,-0.3884999999991123,-1.0,0.8065000000005966,0.7900000000026921,0.1340136715375874,0.6253513513514475
TRADE_88320644,1,88320644.0,Buy,2026-03-17 09:20:44,E,Acceleration Reversal / Fade,0.8200000000006185,-0.6850000000013097,-0.8200000000006185,0.109999999998763,0.7699999999986176,0.0493913572685195,0.6300000000001091
TRADE_88172039,1,88172039.0,Sell,2026-03-16 12:42:45,E,Acceleration Reversal / Fade,0.8500000000003638,2.1700000000000728,0.8500000000003638,-0.1200000000008003,0.1900000000005093,0.0547722557507158,0.6299999999999792
TRADE_88163179,1,88163179.0,Sell,2026-03-16 12:10:40,D,Acceleration Continuation,0.5900000000019645,0.733499999999367,0.0699999999997089,-0.7100000000009459,-0.5900000000019645,0.16953009786375,0.6240666666664765
TRADE_88154082,1,88154082.0,Sell,2026-03-16 09:07:53,H,Unstructured / Noise / Exogenous,1.0400000000008731,-0.7714999999989232,1.0400000000008731,-0.0299999999988358,-0.8800000000010186,0.1017671812109267,0.6269285714287045
TRADE_88144292,1,88144292.0,Sell,2026-03-16 05:46:16,H,Unstructured / Noise / Exogenous,0.0349999999998544,-0.2749999999996362,0.0349999999998544,0.3549999999995634,0.8000000000001819,0.0943042375767642,0.7666666666666894
TRADE_88015942,1,88015942.0,Sell,2026-03-13 11:36:51,H,Unstructured / Noise / Exogenous,0.1899999999986903,-0.1599999999998544,0.1899999999986903,0.1364999999996143,0.0214999999998326,0.0595273046592428,0.6237999999998465
TRADE_88014898,1,88014898.0,Buy,2026-03-13 11:14:10,H,Unstructured / Noise / Exogenous,1.309999999999491,1.7364999999999782,1.309999999999491,0.3800000000001091,-0.430000000000291,0.1159218263422906,0.6300000000000442
TRADE_87966615,1,87966615.0,Sell,2026-03-13 06:37:52,B,Local Breakout,4.579999999999927,-4.579999999999927,-3.530000000000655,-0.5,-0.5799999999999272,0.1325980713308903,0.7099999999998415
TRADE_87764166,1,87764166.0,Buy,2026-03-12 16:26:23,F,Spread Pulse / Liquidity Shock,0.6538000000000466,-1.569999999999709,-2.1884999999992942,-0.128499999998894,0.6315000000004147,0.1099965300500483,0.6538000000000466
TRADE_87728889,1,87728889.0,Buy,2026-03-12 11:54:26,H,Unstructured / Noise / Exogenous,1.6300000000010186,-1.0300000000006548,-1.6300000000010186,-1.1150000000006912,0.1849999999994906,0.1339411601228429,0.6311111111110423
TRADE_87728679,1,87728679.0,Buy,2026-03-12 11:51:53,B,Local Breakout,1.899999999999636,1.899999999999636,0.5300000000006548,1.1700000000000728,0.9000000000014552,0.1379038010112418,0.6033846153846193
TRADE_87725200,1,87725200.0,Buy,2026-03-12 09:02:44,H,Unstructured / Noise / Exogenous,0.7015000000001237,1.0615000000007058,0.7015000000001237,-0.0784999999996216,-0.3784999999998035,0.0415636225832564,0.6267142857142451
TRADE_87715345,1,87715345.0,Buy,2026-03-12 07:41:54,H,Unstructured / Noise / Exogenous,2.055000000000291,3.2935000000006767,2.055000000000291,0.1235000000006039,0.9070000000028812,0.0193830180541989,0.601142857142934
TRADE_87640068,1,87640068.0,Buy,2026-03-11 10:39:31,H,Unstructured / Noise / Exogenous,0.0235000000011496,-0.7264999999988504,0.0235000000011496,-0.6264999999993961,-0.5299999999988358,0.0870617368983,0.7649090909091931
TRADE_87634841,1,87634841.0,Sell,2026-03-11 08:08:12,H,Unstructured / Noise / Exogenous,1.3400000000001455,-0.805000000000291,-1.3400000000001455,-0.2000000000007276,-0.7999999999992724,0.1184884221047531,0.6299999999999273
TRADE_87455839,1,87455839.0,Sell,2026-03-10 09:14:56,H,Unstructured / Noise / Exogenous,0.0999999999994543,-0.235000000000582,0.0999999999994543,-0.125,0.1349999999993087,0.0459702654562086,0.6662499999997635
TRADE_87436917,1,87436917.0,Sell,2026-03-10 08:43:46,H,Unstructured / Noise / Exogenous,0.0514999999995779,-0.03650000000016,-0.0514999999995779,-0.0715000000000145,-1.108499999999367,0.0587538479457854,0.5955294117647474
TRADE_87433721,1,87433721.0,Sell,2026-03-10 07:45:41,H,Unstructured / Noise / Exogenous,1.125,1.235000000000582,1.125,0.0200000000004365,-0.2649999999994179,0.0432614788876538,0.6668749999999477
TRADE_87303856,1,87303856.0,Buy,2026-03-09 12:32:49,H,Unstructured / Noise / Exogenous,0.2300000000004729,-0.8384999999998399,0.2300000000004729,-0.1414999999997235,-0.7569999999996071,0.0834174887573379,0.8273076923077707
TRADE_87220510,1,87220510.0,Buy,2026-03-09 08:55:33,H,Unstructured / Noise / Exogenous,0.5,-1.6199999999998909,0.5,0.1649999999999636,0.6850000000004002,0.1081774785429827,0.6657142857142649
TRADE_87193343,1,87193343.0,Buy,2026-03-09 07:09:59,H,Unstructured / Noise / Exogenous,0.0,0.0,0.0,0.0,0.0,0.0,0.6699999999991633
TRADE_87031092,1,87031092.0,Buy,2026-03-06 08:19:20,H,Unstructured / Noise / Exogenous,0.0,0.0,0.0,0.0,0.0,0.0,0.0
TRADE_87025580,1,87025580.0,Buy,2026-03-06 05:23:56,H,Unstructured / Noise / Exogenous,2.4049999999997453,1.375,2.4049999999997453,-0.4900000000006912,-0.4799999999995634,0.1466806138498701,0.7114166666665369
TRADE_87000308,1,87000308.0,Sell,2026-03-05 19:20:01,H,Unstructured / Noise / Exogenous,3.5600000000004,4.8200000000006185,3.5600000000004,0.9400000000005092,0.340000000001055,0.0952017847137631,0.836749999999995
TRADE_86894280,1,86894280.0,Sell,2026-03-05 07:02:29,H,Unstructured / Noise / Exogenous,5.765000000000327,5.780000000000655,5.765000000000327,0.7700000000004366,-0.9299999999993817,0.1096165953667599,0.6760588235293814
TRADE_86784552,1,86784552.0,Buy,2026-03-04 11:12:36,H,Unstructured / Noise / Exogenous,2.1149999999997817,1.694999999999709,2.1149999999997817,-0.0250000000005456,-0.1300000000001091,0.0,0.6750000000001819
TRADE_86773790,1,86773790.0,Buy,2026-03-04 07:45:10,H,Unstructured / Noise / Exogenous,1.0499999999992724,5.203500000000531,-1.0499999999992724,-0.2999999999992724,-0.6399999999994179,0.1152738587017568,0.7294705882353917
TRADE_86716303,1,86716303.0,Buy,2026-03-03 14:46:45,F,Spread Pulse / Liquidity Shock,1.578934210526325,13.50500000000011,4.931499999999687,-1.3234999999995125,-3.222000000000662,0.292056932501614,1.578934210526325
TRADE_86624724,1,86624724.0,Buy,2026-03-03 10:45:26,E,Acceleration Reversal / Fade,3.3900000000003274,1.0999999999994543,-3.3900000000003274,0.5349999999998545,1.5649999999995998,0.1584457004781423,0.9103846153845482
TRADE_86558318,1,86558318.0,Buy,2026-03-03 05:57:14,B,Local Breakout,5.989999999999782,5.989999999999782,7.163500000000568,0.7335000000002765,-0.180000000000291,0.1773801492382815,1.0181219512193886
TRADE_86192606,1,86192606.0,Sell,2026-03-02 12:46:12,H,Unstructured / Noise / Exogenous,1.9899999999997815,-1.184999999999491,-1.9899999999997815,-0.8899999999994179,0.4799999999995634,0.1176726598461817,0.7250454545455796
TRADE_86161488,1,86161488.0,Sell,2026-03-02 08:37:17,H,Unstructured / Noise / Exogenous,0.768500000000131,-1.7399999999997815,-0.768500000000131,-0.4449999999997089,0.5200000000004366,0.1139950672015234,0.7360000000000128
TRADE_86155613,1,86155613.0,Buy,2026-03-02 07:32:11,H,Unstructured / Noise / Exogenous,1.103499999999258,0.5299999999997453,1.103499999999258,0.3899999999994179,-0.2000000000007276,0.0877137622136386,0.8233750000001692
TRADE_86014472,1,86014472.0,Buy,2026-02-27 15:27:11,D,Acceleration Continuation,1.769999999999527,3.5799999999999272,-0.1715000000003783,1.485000000000582,1.769999999999527,0.0949346321159387,0.8366829268293148
TRADE_86011644,1,86011644.0,Sell,2026-02-27 15:18:57,A,Volatility Expansion,0.2599088103732327,-8.263500000000022,-4.878499999999804,-4.353500000000167,0.8864999999996144,0.2599088103732327,0.8028933333333407
TRADE_86000608,1,86000608.0,Sell,2026-02-27 15:00:40,F,Spread Pulse / Liquidity Shock,0.7736136363635482,-4.380000000001019,-5.540000000000873,0.3024999999997817,3.3299999999999272,0.2098083952958385,0.7736136363635482
TRADE_85948772,1,85948772.0,Buy,2026-02-27 10:46:26,H,Unstructured / Noise / Exogenous,0.5150000000012369,-0.3699999999989813,0.5150000000012369,-0.0299999999988358,0.1950000000024374,0.0811080030777566,0.8258055555555125
TRADE_85942844,1,85942844.0,Sell,2026-02-27 07:56:14,H,Unstructured / Noise / Exogenous,0.1950000000006184,0.0050000000001091,-0.1950000000006184,0.2849999999998545,0.4399999999995998,0.1074060312814768,0.6837000000001353
TRADE_85935017,1,85935017.0,Sell,2026-02-27 04:54:59,H,Unstructured / Noise / Exogenous,1.324999999999818,-2.016500000000633,-1.324999999999818,0.0399999999999636,0.2849999999998545,0.1005962721839765,0.8381363636364189
TRADE_85865765,1,85865765.0,Sell,2026-02-26 13:59:18,H,Unstructured / Noise / Exogenous,0.1849999999994906,0.4049999999997453,0.1849999999994906,0.5349999999998545,0.2384999999994761,0.1666648537317151,0.6871249999998099
TRADE_85833216,1,85833216.0,Buy,2026-02-26 11:27:11,H,Unstructured / Noise / Exogenous,2.3700000000008004,-2.460000000000946,-2.3700000000008004,-1.0400000000008731,0.5800000000008367,0.1062464165893473,0.6709714285714133
TRADE_85827276,1,85827276.0,Buy,2026-02-26 09:31:35,B,Local Breakout,1.6765000000004875,1.6765000000004875,1.0300000000006548,0.0799999999999272,0.0900000000001455,0.0,0.6899999999995998
TRADE_85787460,1,85787460.0,Buy,2026-02-26 06:05:35,F,Spread Pulse / Liquidity Shock,0.8126000000000204,-0.7799999999997453,0.4150000000008731,-0.5949999999993452,-0.9199999999991632,0.1286889569675968,0.8126000000000204
TRADE_85704475,1,85704475.0,Sell,2026-02-25 14:23:24,D,Acceleration Continuation,0.4549999999981082,-0.9299999999993817,-1.894999999999527,-0.4799999999995634,-0.4549999999981082,0.1557143752730916,0.6760624999998299
TRADE_85668988,1,85668988.0,Buy,2026-02-25 10:03:39,H,Unstructured / Noise / Exogenous,0.0200000000004365,-1.2600000000002185,0.0200000000004365,0.0350000000007639,0.0365000000010695,0.0316488350549734,0.6680833333333188
TRADE_85668110,1,85668110.0,Sell,2026-02-25 09:35:37,H,Unstructured / Noise / Exogenous,1.7799999999997451,3.469999999999345,1.7799999999997451,0.1099999999996725,-0.4799999999995634,0.1117565310046346,0.6854375000000346
TRADE_85640223,1,85640223.0,Sell,2026-02-25 05:59:03,A,Volatility Expansion,0.1474677282236729,-0.5200000000004366,-1.125,-0.2235000000000582,-0.3620000000009895,0.1474677282236729,0.92113333333297
TRADE_85396743,1,85396743.0,Buy,2026-02-24 13:21:50,H,Unstructured / Noise / Exogenous,3.28650000000016,-1.8265000000010327,-3.28650000000016,-1.0300000000006548,-0.3464999999996507,0.1924982171592574,0.8294444444444943
TRADE_85385479,1,85385479.0,Sell,2026-02-24 13:11:40,H,Unstructured / Noise / Exogenous,1.8964999999998329,-1.856499999999869,-1.8964999999998329,0.323500000000422,0.1864999999997962,0.0398585309217427,0.8048620689655607
TRADE_85342738,1,85342738.0,Buy,2026-02-24 08:04:42,H,Unstructured / Noise / Exogenous,1.710000000000946,-2.400000000001455,-1.710000000000946,-0.0050000000010186,-0.3000000000010914,0.0850403907304222,0.6974615384614691
TRADE_85182793,1,85182793.0,Sell,2026-02-23 13:02:41,F,Spread Pulse / Liquidity Shock,0.8158999999997831,-1.4885000000003856,2.008500000000822,0.2835000000004584,-0.0649999999995998,0.1003200434169249,0.8158999999997831
TRADE_85084978,1,85084978.0,Buy,2026-02-23 09:21:20,E,Acceleration Reversal / Fade,0.4049999999997453,-1.5050000000001091,-0.4049999999997453,0.1300000000001091,0.1300000000001091,0.0668515953621287,0.6749999999998181
TRADE_85066329,1,85066329.0,Sell,2026-02-23 07:30:45,H,Unstructured / Noise / Exogenous,0.8400000000001455,0.1649999999999636,-0.8400000000001455,0.0249999999996362,0.2250000000003638,0.0491768174551662,0.7711111111111677
TRADE_84971230,1,84971230.0,Sell,2026-02-20 03:54:53,H,Unstructured / Noise / Exogenous,0.110000000000582,-2.005000000000109,0.110000000000582,0.0200000000004365,0.0400000000008731,0.0329983164554493,0.8300000000001546
TRADE_84960053,1,84960053.0,Buy,2026-02-19 20:18:35,H,Unstructured / Noise / Exogenous,0.0,0.0,0.0,0.0,0.0,0.0,0.6799999999993815
TRADE_84858142,1,84858142.0,Sell,2026-02-18 03:30:40,H,Unstructured / Noise / Exogenous,0.3585000000002765,-0.2600000000002183,-0.3585000000002765,0.0699999999997089,-0.032999999999447,0.0431515417514887,0.8225714285714015
TRADE_84803733,1,84803733.0,Sell,2026-02-17 10:21:33,H,Unstructured / Noise / Exogenous,1.2399999999997815,-0.1099999999996725,-1.2399999999997815,-0.0500000000001819,-0.019999999999527,0.037043517951451,0.8425000000002001
TRADE_84675020,1,84675020.0,Sell,2026-02-13 11:12:08,H,Unstructured / Noise / Exogenous,4.726999999999862,5.971999999999753,4.726999999999862,1.8215000000000143,0.8349999999991269,0.1971604876428305,0.7832857142857067
TRADE_84665776,1,84665776.0,Buy,2026-02-13 07:18:26,E,Acceleration Reversal / Fade,1.4454999999998108,0.6649999999999636,-1.4454999999998108,0.4449999999997089,0.5555000000003929,0.0998606972806253,1.004705882352937
TRADE_84496990,1,84496990.0,Buy,2026-02-12 11:12:51,H,Unstructured / Noise / Exogenous,0.6900000000005093,-0.3499999999994543,0.6900000000005093,-0.019999999999527,0.0,0.0,0.9899999999997816
TRADE_84480811,1,84480811.0,Sell,2026-02-12 09:04:59,H,Unstructured / Noise / Exogenous,0.9200000000000728,1.1850000000004002,0.9200000000000728,-0.0599999999994906,-0.2049999999990177,0.0721976453910088,0.6566666666664484
TRADE_84448544,1,84448544.0,Buy,2026-02-12 05:06:33,H,Unstructured / Noise / Exogenous,2.105000000000473,5.490000000000691,2.105000000000473,-0.1149999999997817,-0.0800000000008367,0.2408171493233528,0.7992857142856857
TRADE_84397864,1,84397864.0,Buy,2026-02-11 15:40:50,H,Unstructured / Noise / Exogenous,0.019999999999527,0.8215000000000146,-0.019999999999527,0.6514999999999418,1.2329999999992651,0.0795004628523221,0.8706097560976648
TRADE_83980760,1,83980760.0,Buy,2026-02-09 10:04:32,H,Unstructured / Noise / Exogenous,4.350000000000364,4.725000000000364,4.350000000000364,0.3699999999998908,-2.005000000000109,0.1185297317018021,0.9894210526316016
TRADE_83923769,1,83923769.0,Sell,2026-02-06 13:34:06,A,Volatility Expansion,0.2971420694530071,-4.288499999999658,-5.109999999999673,-3.3749999999990905,-2.503499999998894,0.2971420694530071,0.9272068965517912
TRADE_83915642,1,83915642.0,Sell,2026-02-06 07:16:42,F,Spread Pulse / Liquidity Shock,1.0933636363638055,-0.5635000000002037,0.2800000000006548,1.35149999999976,2.003000000000611,0.1643313394202107,1.0933636363638055
TRADE_83897665,1,83897665.0,Sell,2026-02-06 05:30:33,F,Spread Pulse / Liquidity Shock,1.2351525423728624,-0.3334999999997308,8.113000000000284,2.5715000000000146,3.006499999999505,0.4591055714735383,1.2351525423728624
TRADE_83821484,1,83821484.0,Buy,2026-02-05 15:27:12,F,Spread Pulse / Liquidity Shock,1.3902608695652157,-14.289999999999054,-12.404999999999744,-5.279999999999745,-4.385000000000218,0.2527185434375865,1.3902608695652157
TRADE_83699779,1,83699779.0,Sell,2026-02-04 17:42:53,F,Spread Pulse / Liquidity Shock,1.156020000000208,-5.625,-6.248000000000502,-0.6615000000001601,-1.3295000000007349,0.0526335037243034,1.156020000000208
TRADE_83541051,1,83541051.0,Buy,2026-02-03 12:00:26,F,Spread Pulse / Liquidity Shock,0.8086000000000139,1.7650000000003274,0.3449999999993451,2.175000000000182,3.675000000000182,0.2092084810255725,0.8086000000000139
TRADE_83511633,1,83511633.0,Buy,2026-02-02 20:25:35,F,Spread Pulse / Liquidity Shock,1.222080645161294,-4.298499999999876,-2.96349999999984,-3.8299999999999272,-5.511499999999614,0.3046717322269326,1.222080645161294
TRADE_83314376,1,83314376.0,Buy,2026-01-30 04:37:54,F,Spread Pulse / Liquidity Shock,1.4847441860465762,3.5570000000006985,4.954999999999927,-0.6549999999997453,0.2670000000007348,0.1961936676232015,1.4847441860465762
TRADE_83084849,1,83084849.0,Buy,2026-01-28 07:01:54,H,Unstructured / Noise / Exogenous,1.2750000000005457,-0.3950000000004365,-1.2750000000005457,-0.1200000000008003,-0.1899999999986903,0.1043647364600661,0.6779000000000754
TRADE_82913535,1,82913535.0,Buy,2026-01-26 09:00:40,B,Local Breakout,8.029999999999745,8.029999999999745,3.850000000000364,1.1099999999996726,2.1699999999991637,0.1163082291442088,0.5007999999999447
TRADE_82824133,1,82824133.0,Buy,2026-01-23 07:00:21,H,Unstructured / Noise / Exogenous,0.0999999999985448,-0.9599999999991268,-0.0999999999985448,0.465000000001055,-1.4199999999991633,0.084094594513891,0.5173529411765284
TRADE_82775023,1,82775023.0,Buy,2026-01-22 07:25:06,H,Unstructured / Noise / Exogenous,0.0,0.0,0.0,0.0,0.0,0.0,0.0
TRADE_82667342,1,82667342.0,Buy,2026-01-20 07:00:31,B,Local Breakout,0.5200000000004366,0.5200000000004366,1.2900000000008731,0.3950000000004365,-0.7349999999987631,0.0431457478269846,0.6100000000000136
TRADE_82600157,1,82600157.0,Sell,2026-01-16 12:48:59,D,Acceleration Continuation,0.3965000000007421,-0.3685000000004947,0.3400000000001455,-0.4135000000005675,-0.3965000000007421,0.0804231792155778,0.7243750000000091
TRADE_82596177,1,82596177.0,Buy,2026-01-16 07:03:56,B,Local Breakout,1.2099999999991269,1.2099999999991269,0.3999999999996362,0.0,-0.5400000000008731,0.0574456264655033,0.6999999999999393
TRADE_82564751,1,82564751.0,Sell,2026-01-15 07:19:50,B,Local Breakout,0.6649999999990541,-0.6649999999990541,-0.9949999999989814,-0.625,-0.5150000000012369,0.0884698237941829,0.7015384615385231
TRADE_82523311,1,82523311.0,Buy,2026-01-14 04:29:14,H,Unstructured / Noise / Exogenous,0.5999999999994543,-0.6199999999989814,-0.5999999999994543,-0.1149999999997817,-0.0199999999986175,0.0656125510761482,0.6239285714285481
TRADE_82494965,1,82494965.0,Sell,2026-01-13 10:44:06,H,Unstructured / Noise / Exogenous,0.2150000000001455,-0.4399999999986903,0.2150000000001455,-0.0699999999997089,0.055000000000291,0.0407546009675495,0.5599999999998949
TRADE_82465593,1,82465593.0,Sell,2026-01-12 12:11:18,H,Unstructured / Noise / Exogenous,0.0,0.0,0.0,0.0,0.0,0.0,0.0
TRADE_82462486,1,82462486.0,Buy,2026-01-12 09:25:57,H,Unstructured / Noise / Exogenous,0.7984999999989668,-1.0985000000000582,-0.7984999999989668,-0.4934999999995852,-0.5834999999988213,0.0525910544714866,0.653159999999989
TRADE_82241706,1,82241706.0,Buy,2026-01-12 05:30:37,D,Acceleration Continuation,1.1649999999999636,1.4249999999992724,1.8299999999999272,0.6549999999997453,1.1649999999999636,0.0975751080006299,0.6710416666665727
TRADE_82199073,1,82199073.0,Sell,2026-01-09 07:03:58,H,Unstructured / Noise / Exogenous,0.3950000000004365,-0.5349999999998545,-0.3950000000004365,0.1450000000004365,0.2200000000002546,0.0197582612815218,0.6517500000002201
TRADE_82169230,1,82169230.0,Buy,2026-01-08 07:05:21,H,Unstructured / Noise / Exogenous,0.3299999999999272,0.3600000000005821,0.3299999999999272,0.0399999999999636,-0.1599999999998544,0.0648769604713321,0.8561923076922889
TRADE_82147110,1,82147110.0,Sell,2026-01-07 14:04:17,E,Acceleration Reversal / Fade,1.449999999999818,2.0299999999997453,1.449999999999818,-0.4550000000008367,-0.2500000000009095,0.0643734777427325,0.6722222222220908
TRADE_82095097,1,82095097.0,Buy,2026-01-06 06:52:50,H,Unstructured / Noise / Exogenous,0.106499999999869,0.2650000000003274,-0.106499999999869,0.2550000000001091,1.1150000000006912,0.0389930658410309,0.7653953488372577
TRADE_82061725,1,82061725.0,Buy,2026-01-05 09:12:23,H,Unstructured / Noise / Exogenous,0.0,0.0,0.0,0.0,0.0,0.0,0.0
TRADE_82028698,1,82028698.0,Buy,2026-01-02 07:31:50,H,Unstructured / Noise / Exogenous,1.7199999999993452,-0.2200000000002546,1.7199999999993452,0.125,0.0449999999991632,0.027499999999236,0.8399999999998423
TRADE_81983513,1,81983513.0,Buy,2025-12-30 10:12:46,H,Unstructured / Noise / Exogenous,0.4084999999995489,-0.8249999999998181,0.4084999999995489,0.0450000000000727,-0.2999999999992724,0.020137097034572,0.7158095238095528
TRADE_81979298,1,81979298.0,Sell,2025-12-30 05:20:44,H,Unstructured / Noise / Exogenous,0.8400000000001455,1.7450000000008004,0.8400000000001455,0.0200000000004365,0.0600000000013096,0.022779555818073,0.6664999999997008
TRADE_81950224,1,81950224.0,Buy,2025-12-29 04:11:17,B,Local Breakout,1.238999999999578,1.238999999999578,1.4320000000006985,0.4869999999991705,0.2669999999998254,0.087888934705985,0.6118235294118088
TRADE_38800885,1,38800885.0,Buy,2025-12-23 15:38:24,C,Break-and-Retest,1.711500000000342,1.9315000000005969,1.711500000000342,-0.4600000000000364,-1.1064999999989595,0.1156578323359054,0.6495681818181228
TRADE_38786971,1,38786971.0,Buy,2025-12-23 09:53:01,H,Unstructured / Noise / Exogenous,1.178499999999076,-0.8834999999999127,-1.178499999999076,-0.6399999999994179,0.2300000000004729,0.0579504302223636,0.8171666666666321
TRADE_38759834,1,38759834.0,Sell,2025-12-22 10:07:54,H,Unstructured / Noise / Exogenous,0.8384999999998399,1.3485000000000582,0.8384999999998399,0.3254999999999199,0.0299999999988358,0.0580430105303592,0.8235333333333983
TRADE_38755615,1,38755615.0,Buy,2025-12-22 06:17:51,H,Unstructured / Noise / Exogenous,1.6115000000008877,-1.1520000000000437,-1.6115000000008877,-0.0720000000001164,0.405999999999949,0.0527817698160974,0.7826666666667026
TRADE_38723027,1,38723027.0,Sell,2025-12-19 12:42:44,H,Unstructured / Noise / Exogenous,0.2700000000004365,0.1699999999991632,-0.2700000000004365,0.3249999999989086,0.2799999999988358,0.0491766113144188,0.5516666666665818
TRADE_38720385,1,38720385.0,Buy,2025-12-19 08:43:53,H,Unstructured / Noise / Exogenous,0.3000000000001819,-0.7184999999999491,0.3000000000001819,0.0,-0.1300000000001091,0.0,0.6270000000004075
TRADE_38686016,1,38686016.0,Sell,2025-12-18 08:02:33,B,Local Breakout,0.7650000000003274,-0.7650000000003274,-2.4899999999997817,-1.050000000000182,0.0450000000009822,0.0598431144503569,0.5908695652173581
TRADE_38683859,1,38683859.0,Buy,2025-12-18 06:05:45,B,Local Breakout,0.6550000000006548,0.6550000000006548,0.0,0.3299999999999272,-0.7699999999995271,0.0447469585939339,0.619047619047684
TRADE_38650723,1,38650723.0,Sell,2025-12-17 07:38:06,H,Unstructured / Noise / Exogenous,0.6500000000005457,-1.300000000000182,-0.6500000000005457,-0.0999999999994543,-0.3799999999982901,0.0530606454803367,0.698199999999997
TRADE_38648802,1,38648802.0,Buy,2025-12-17 06:21:41,E,Acceleration Reversal / Fade,3.1149999999997817,-3.270000000000437,-3.1149999999997817,0.1700000000000727,-0.3434999999990396,0.111975157737675,0.6441333333334316
TRADE_38612361,1,38612361.0,Sell,2025-12-16 06:41:45,H,Unstructured / Noise / Exogenous,0.6149999999997817,-0.4800000000004729,-0.6149999999997817,-0.0699999999997089,-0.2399999999997817,0.051045286773364,0.5964285714287924
TRADE_38570537,1,38570537.0,Sell,2025-12-15 13:00:14,H,Unstructured / Noise / Exogenous,0.8500000000003638,-0.3100000000004002,-0.8500000000003638,-0.3550000000004729,-0.0150000000012369,0.0635919191660299,0.5928571428570693
TRADE_38568721,1,38568721.0,Sell,2025-12-15 10:29:18,H,Unstructured / Noise / Exogenous,0.8415000000004511,-0.7000000000007276,-0.8415000000004511,-0.2500000000009095,0.5099999999983993,0.0712078335266985,0.5945161290322968
TRADE_38528027,1,38528027.0,Sell,2025-12-12 09:25:01,H,Unstructured / Noise / Exogenous,0.25,1.4769999999998618,0.25,0.110000000000582,-0.0699999999997089,0.0290846758168051,0.5362499999999955
TRADE_38492680,1,38492680.0,Buy,2025-12-11 11:09:27,H,Unstructured / Noise / Exogenous,0.0050000000010186,-0.1549999999988358,0.0050000000010186,0.0,0.0900000000001455,0.0,0.5099999999993088
TRADE_38487563,1,38487563.0,Buy,2025-12-11 07:32:30,H,Unstructured / Noise / Exogenous,0.4399999999995998,-1.1149999999997815,-0.4399999999995998,-0.0249999999996362,0.0450000000000727,0.0228320339688838,0.5264285714286286
TRADE_38449900,1,38449900.0,Sell,2025-12-10 14:31:07,H,Unstructured / Noise / Exogenous,0.1000000000003638,-1.050000000000182,0.1000000000003638,-0.4949999999998908,0.3500000000003638,0.1107094820103007,0.579708333333258
TRADE_38448404,1,38448404.0,Buy,2025-12-10 14:17:48,H,Unstructured / Noise / Exogenous,0.6200000000008004,-0.2099999999991268,0.6200000000008004,0.0850000000000363,0.0400000000008731,0.0378175214754803,0.5603999999998632
TRADE_38443239,1,38443239.0,Sell,2025-12-10 12:17:30,B,Local Breakout,1.6599999999998545,-1.6599999999998545,-1.0700000000006185,-0.0700000000006184,0.3119999999998981,0.0381049127410154,0.5340588235295025
TRADE_38441014,1,38441014.0,Buy,2025-12-10 10:33:15,H,Unstructured / Noise / Exogenous,0.0,0.0,0.0,0.0,0.0,0.0,0.5399999999999636
TRADE_38422656,1,38422656.0,Buy,2025-12-09 18:33:05,H,Unstructured / Noise / Exogenous,0.019999999999527,-0.9399999999995998,0.019999999999527,0.1599999999998544,0.1450000000004365,0.0572117417232377,0.5027777777776363
TRADE_38394143,1,38394143.0,Buy,2025-12-09 08:35:42,H,Unstructured / Noise / Exogenous,1.4885000000003856,1.308500000001004,1.4885000000003856,0.0799999999999272,-0.0600000000013096,0.0284999104908469,0.5537500000001501
TRADE_38381092,1,38381092.0,Sell,2025-12-08 14:57:55,H,Unstructured / Noise / Exogenous,3.054999999999381,-5.659999999999855,-3.054999999999381,0.0850000000000363,1.2250000000003638,0.1476528699347592,0.5883333333333534
TRADE_38327555,1,38327555.0,Buy,2025-12-05 13:06:32,H,Unstructured / Noise / Exogenous,1.319999999999709,-1.074999999999818,-1.319999999999709,-0.144999999999527,0.4065000000009604,0.0400993822628183,0.543437499999925
TRADE_38293895,1,38293895.0,Sell,2025-12-04 11:18:01,H,Unstructured / Noise / Exogenous,0.6849999999994907,0.3199999999997089,-0.6849999999994907,-0.125,-0.089999999999236,0.020138409955753,0.5625
TRADE_38258178,1,38258178.0,Buy,2025-12-03 07:33:51,C,Break-and-Retest,0.6750000000010914,0.7650000000012369,0.6750000000010914,-0.9499999999989086,-1.3500000000003638,0.1256962547945786,0.5523103448275802
TRADE_38220734,1,38220734.0,Sell,2025-12-02 09:32:10,H,Unstructured / Noise / Exogenous,0.5314999999991414,-0.9750000000003638,0.5314999999991414,0.2349999999996725,0.1549999999988358,0.091716933250529,0.5828499999999167
TRADE_38185142,1,38185142.0,Sell,2025-12-01 10:14:10,B,Local Breakout,1.1185000000004948,-1.1185000000004948,-1.1700000000000728,-0.4849999999996726,-0.3469999999988431,0.0454062663621934,0.7410000000000267
TRADE_38122859,1,38122859.0,Sell,2025-11-27 09:02:26,B,Local Breakout,2.9000000000005457,-2.9000000000005457,-1.2400000000006912,-0.2415000000000873,0.1649999999981446,0.0409162046440255,0.4702857142859621
TRADE_38119105,1,38119105.0,Sell,2025-11-27 06:09:07,H,Unstructured / Noise / Exogenous,0.0099999999993087,-0.6999999999998181,-0.0099999999993087,0.0900000000001455,0.1500000000005457,0.0581843335157429,0.6100000000001623
TRADE_38045554,1,38045554.0,Buy,2025-11-26 07:36:48,B,Local Breakout,0.7700000000004366,0.7700000000004366,0.2400000000006912,0.4435000000012223,0.28650000000016,0.0760577093260087,0.7512142857143382
TRADE_37964561,1,37964561.0,Buy,2025-11-24 11:01:04,H,Unstructured / Noise / Exogenous,0.2400000000002364,0.0650000000000545,0.2400000000002364,-0.1799999999998363,-0.1599999999993997,0.0324100790362584,0.7233333333333197
TRADE_37928869,1,37928869.0,Sell,2025-11-21 11:14:11,B,Local Breakout,2.090000000000145,-2.090000000000145,-2.070000000000164,-0.2550000000001091,0.2449999999998908,0.0786694914747375,0.7579999999999927
TRADE_37874673,1,37874673.0,Sell,2025-11-20 06:09:10,E,Acceleration Reversal / Fade,2.4400000000005093,6.680000000000291,2.4400000000005093,-0.1799999999998363,0.2720000000003892,0.0444409720865105,0.6115789473683914
TRADE_37836776,1,37836776.0,Sell,2025-11-19 10:12:16,H,Unstructured / Noise / Exogenous,1.4949999999998909,-0.8500000000003638,-1.4949999999998909,0.9249999999992724,1.0450000000000728,0.0976454632244136,0.5239285714285741
TRADE_37791981,1,37791981.0,Sell,2025-11-18 06:48:04,H,Unstructured / Noise / Exogenous,0.9349999999994908,1.0299999999997451,0.9349999999994908,0.1899999999995998,0.169999999999618,0.0481970868794353,0.6313333333333503
TRADE_37748984,1,37748984.0,Buy,2025-11-17 07:17:27,H,Unstructured / Noise / Exogenous,1.25,0.9399999999995998,-1.25,-0.4700000000002546,0.8800000000001091,0.0673910643598945,0.546875
TRADE_37701576,1,37701576.0,Sell,2025-11-14 09:12:06,D,Acceleration Continuation,0.2600000000002183,-0.0450000000000727,-0.4700000000011641,-0.8250000000007276,-0.2600000000002183,0.0710483590112829,0.553999999999865
TRADE_37610153,1,37610153.0,Buy,2025-11-12 08:19:02,H,Unstructured / Noise / Exogenous,0.0969999999997526,0.3330000000005384,-0.0969999999997526,0.1229999999995925,-0.1820000000006985,0.041480737342588,0.5006842105262637
TRADE_37543683,1,37543683.0,Buy,2025-11-10 09:22:51,C,Break-and-Retest,0.6799999999998363,-0.4000000000005457,0.6799999999998363,-0.1150000000002364,-0.6100000000001273,0.0317187072385867,0.5153846153845664
TRADE_37542995,1,37542995.0,Buy,2025-11-10 09:00:16,H,Unstructured / Noise / Exogenous,1.264999999999873,1.1449999999999818,1.264999999999873,0.0799999999999272,-0.1750000000001819,0.0395637366309574,0.5200000000000197
TRADE_37542639,1,37542639.0,Sell,2025-11-10 08:42:17,D,Acceleration Continuation,0.5449999999987085,-0.3449999999993451,-0.7234999999996035,-0.1349999999993087,-0.5449999999987085,0.0501456212778045,0.5242857142857896
TRADE_37507379,1,37507379.0,Sell,2025-11-07 09:18:04,H,Unstructured / Noise / Exogenous,0.8800000000001091,0.4499999999998181,0.8800000000001091,-0.0650000000005093,-0.1050000000004729,0.0503094743549742,0.5158421052631782
TRADE_37477144,1,37477144.0,Buy,2025-11-06 10:42:44,B,Local Breakout,0.6600000000003092,0.6600000000003092,0.3785000000002583,-0.0164999999997235,-0.2480000000000473,0.035709688015651,0.7340000000000751
TRADE_37442389,1,37442389.0,Buy,2025-11-05 07:55:47,H,Unstructured / Noise / Exogenous,0.8649999999997817,0.0799999999999272,0.8649999999997817,0.0399999999999636,-0.0650000000000545,0.0850809938246202,0.6362499999999045
TRADE_37400976,1,37400976.0,Sell,2025-11-04 08:09:22,H,Unstructured / Noise / Exogenous,0.9350000000004002,0.0549999999993815,-0.9350000000004002,-0.205000000000382,-0.0850000000000363,0.1284472167857785,0.5319047619047004
TRADE_37386001,1,37386001.0,Buy,2025-11-03 16:38:37,B,Local Breakout,2.3864999999996144,2.3864999999996144,3.581499999999778,0.9514999999996688,-0.1784999999999854,0.0678142181158906,0.7286923076922577
TRADE_37296835,1,37296835.0,Buy,2025-10-30 07:44:53,E,Acceleration Reversal / Fade,2.8895000000002256,-1.4465000000000146,-2.8895000000002256,0.3400000000001455,0.7100000000000364,0.0454936808798047,0.6418571428570691
TRADE_37217619,1,37217619.0,Sell,2025-10-28 10:52:18,A,Volatility Expansion,0.1339436629492757,0.4599999999995816,0.875,0.4649999999996907,0.1479999999992287,0.1339436629492757,0.7053888888888701
TRADE_37162697,1,37162697.0,Buy,2025-10-27 06:13:05,C,Break-and-Retest,0.41150000000016,0.0065000000004147,0.41150000000016,-0.1999999999998181,0.1480000000001382,0.106550074459537,0.7088000000001254
TRADE_37145681,1,37145681.0,Sell,2025-10-24 16:34:45,H,Unstructured / Noise / Exogenous,1.3400000000001455,-0.7034999999996217,-1.3400000000001455,-0.1750000000001819,-0.0900000000001455,0.1091188965932844,0.5805882352941112
TRADE_37082195,1,37082195.0,Buy,2025-10-23 05:30:44,H,Unstructured / Noise / Exogenous,0.7300000000000182,2.4849999999996726,0.7300000000000182,-0.6150000000002365,-0.410000000000764,0.1200472908516586,0.7133333333334122
TRADE_37045628,1,37045628.0,Sell,2025-10-22 07:02:29,H,Unstructured / Noise / Exogenous,1.0649999999995998,-2.7849999999998545,1.0649999999995998,0.1049999999995634,-0.0129999999990104,0.1018016862988219,0.6309677419353794
TRADE_37005647,1,37005647.0,Sell,2025-10-21 10:56:35,H,Unstructured / Noise / Exogenous,0.337999999999738,0.8814999999995052,0.337999999999738,-0.0650000000005093,0.4349999999976717,0.1060084408940857,0.4759655172414067
TRADE_36998918,1,36998918.0,Buy,2025-10-21 07:42:21,H,Unstructured / Noise / Exogenous,4.063500000000204,-3.2200000000002547,-4.063500000000204,-0.2399999999997817,1.2449999999998909,0.1477855445634312,0.6816779661016341
TRADE_36997575,1,36997575.0,Buy,2025-10-21 07:23:43,H,Unstructured / Noise / Exogenous,0.1149999999997817,-0.2399999999997817,-0.1149999999997817,-0.0450000000000727,-0.0499999999983629,0.0695862773829682,0.5827272727272595
TRADE_36954767,1,36954767.0,Sell,2025-10-20 08:47:26,H,Unstructured / Noise / Exogenous,0.0399999999999636,-1.1549999999997451,0.0399999999999636,-0.1300000000001091,0.0749999999998181,0.0488165035660128,0.6453448275861492
TRADE_36902372,1,36902372.0,Sell,2025-10-17 12:37:18,H,Unstructured / Noise / Exogenous,0.467000000000553,2.288499999999658,-0.467000000000553,0.3699999999998908,-0.0520000000005893,0.0681085861979481,0.8217959183672733
TRADE_36893509,1,36893509.0,Buy,2025-10-17 10:15:10,E,Acceleration Reversal / Fade,1.4515000000001237,-2.630000000000109,-1.4515000000001237,0.3000000000001819,0.5235000000002401,0.0653149062789291,0.6401481481482025
TRADE_36829995,1,36829995.0,Buy,2025-10-16 10:29:09,H,Unstructured / Noise / Exogenous,0.1485000000002401,0.125,-0.1485000000002401,0.0435000000006766,0.1085000000002764,0.0417470058806311,0.6638571428572634
TRADE_36829878,1,36829878.0,Buy,2025-10-16 10:23:12,H,Unstructured / Noise / Exogenous,0.2534999999998035,-0.1999999999998181,-0.2534999999998035,-0.019999999999527,0.2000000000007276,0.0512076383190676,0.6714285714286754
TRADE_36829765,1,36829765.0,Sell,2025-10-16 10:15:47,H,Unstructured / Noise / Exogenous,1.5799999999999272,2.533499999999549,1.5799999999999272,0.4949999999989813,-0.1235000000015134,0.0809437215367212,0.5591249999999945
TRADE_36768836,1,36768836.0,Buy,2025-10-15 06:35:08,H,Unstructured / Noise / Exogenous,0.7849999999998545,0.3400000000001455,0.7849999999998545,0.3199999999997089,-0.4099999999998545,0.0606428150768819,0.6046666666666473
TRADE_36726171,1,36726171.0,Sell,2025-10-14 07:52:46,H,Unstructured / Noise / Exogenous,0.1080000000001746,-0.9070000000001528,0.1080000000001746,0.0545000000001891,0.2629999999990104,0.0727449214302419,0.7080526315788982
TRADE_36725889,1,36725889.0,Sell,2025-10-14 07:42:54,H,Unstructured / Noise / Exogenous,1.3429999999989377,-0.9349999999994908,-1.3429999999989377,-0.0249999999996362,0.235000000000582,0.1153855987463545,0.8409318181818848
TRADE_36682106,1,36682106.0,Sell,2025-10-13 12:38:45,H,Unstructured / Noise / Exogenous,1.4799999999995634,0.1700000000000727,1.4799999999995634,0.4915000000000873,0.4549999999999272,0.0779946294447579,0.5560625000000528
TRADE_36640713,1,36640713.0,Buy,2025-10-10 16:29:10,H,Unstructured / Noise / Exogenous,0.6350000000002183,-0.4915000000000873,-0.6350000000002183,-0.1450000000004365,0.0649999999995998,0.0782458547983033,0.6396666666666988
TRADE_36562770,1,36562770.0,Buy,2025-10-09 11:42:13,H,Unstructured / Noise / Exogenous,0.1700000000000727,0.3699999999998908,0.1700000000000727,-0.0150000000003274,-0.1499999999996362,0.0824494794808603,0.5714285714285714
TRADE_36562289,1,36562289.0,Buy,2025-10-09 11:19:30,H,Unstructured / Noise / Exogenous,0.7264999999997599,-1.5549999999998363,-0.7264999999997599,-0.1815000000001418,-0.2934999999993124,0.0620465367871106,0.5630833333334143
TRADE_36561296,1,36561296.0,Sell,2025-10-09 11:04:35,C,Break-and-Retest,0.949999999999818,-0.5050000000001091,-0.949999999999818,0.2300000000000182,0.3199999999997089,0.068276413489974,0.5782222222221916
TRADE_36508993,1,36508993.0,Buy,2025-10-08 09:42:32,H,Unstructured / Noise / Exogenous,0.4099999999998545,0.2364999999999781,-0.4099999999998545,-0.2600000000002183,0.2585000000003674,0.0707988585621132,0.5877714285713799
TRADE_36508676,1,36508676.0,Buy,2025-10-08 09:36:16,B,Local Breakout,1.4900000000002365,1.4900000000002365,0.3600000000001273,0.5549999999998363,0.5650000000000546,0.0481865126358337,0.635269230769224
TRADE_36508294,1,36508294.0,Sell,2025-10-08 09:19:47,H,Unstructured / Noise / Exogenous,0.551499999999578,0.5799999999999272,0.551499999999578,0.4214999999999236,0.3865000000000691,0.060488678348498,0.5684615384615986
TRADE_36451248,1,36451248.0,Buy,2025-10-07 06:17:36,H,Unstructured / Noise / Exogenous,0.711500000000342,-0.2215000000001055,-0.711500000000342,-0.4515000000001237,0.3135000000002037,0.072371344952674,0.6415833333333012
TRADE_36450588,1,36450588.0,Sell,2025-10-07 05:53:49,H,Unstructured / Noise / Exogenous,1.3885000000000218,1.7284999999997126,1.3885000000000218,0.099999999999909,0.1449999999999818,0.034560488070109,0.6618888888888503
TRADE_36450406,1,36450406.0,Sell,2025-10-07 05:47:44,H,Unstructured / Noise / Exogenous,0.2849999999998545,-0.375,0.2849999999998545,-0.1000000000003638,-0.5799999999999272,0.0382222121286312,0.5605882352941829
TRADE_36416362,1,36416362.0,Sell,2025-10-06 11:10:55,H,Unstructured / Noise / Exogenous,0.1599999999998544,-0.5500000000001819,-0.1599999999998544,-0.1100000000001273,0.2300000000000182,0.0592375802095151,0.6399999999999105
TRADE_36414174,1,36414174.0,Sell,2025-10-06 09:14:39,H,Unstructured / Noise / Exogenous,0.186500000000251,-0.5215000000002874,-0.186500000000251,0.0034999999998035,0.0484999999994215,0.0445357892423669,0.5822352941175749
TRADE_36383087,1,36383087.0,Buy,2025-10-03 15:18:08,H,Unstructured / Noise / Exogenous,0.455000000000382,-0.5100000000002183,-0.455000000000382,-0.0965000000005602,-0.1765000000004875,0.0492161920917866,0.5915555555555885
TRADE_36368405,1,36368405.0,Buy,2025-10-03 07:17:25,H,Unstructured / Noise / Exogenous,1.5635000000002035,1.6734999999998763,1.5635000000002035,0.5784999999996217,-0.1765000000000327,0.1000841963793311,0.4922499999999315
TRADE_36337657,1,36337657.0,Sell,2025-10-02 13:13:13,H,Unstructured / Noise / Exogenous,0.055000000000291,0.1099999999996725,-0.055000000000291,0.36850000000004,0.3585000000002765,0.0565908663950006,0.6080000000000382
TRADE_36335183,1,36335183.0,Buy,2025-10-02 12:23:08,H,Unstructured / Noise / Exogenous,1.019999999999527,-1.7899999999999636,-1.019999999999527,-0.6999999999998181,-0.3529999999996107,0.0904235020458712,0.6202799999999843
TRADE_36335196,1,36335196.0,Buy,2025-10-02 12:23:37,H,Unstructured / Noise / Exogenous,0.0500000000001819,-1.1300000000001091,-0.0500000000001819,-0.0350000000003092,0.1570000000001528,0.0815762679950297,0.6260000000001128
TRADE_36334931,1,36334931.0,Buy,2025-10-02 12:17:55,H,Unstructured / Noise / Exogenous,0.8320000000003347,-1.438000000000102,0.8320000000003347,0.1085000000002764,-0.233499999999367,0.108533455269271,0.599348837209322
TRADE_36322976,1,36322976.0,Buy,2025-10-02 05:13:35,H,Unstructured / Noise / Exogenous,0.4400000000000545,0.2364999999999781,-0.4400000000000545,0.0699999999997089,0.0635000000002037,0.0299816610612387,0.7878333333333103
TRADE_36283671,1,36283671.0,Sell,2025-10-01 08:28:02,H,Unstructured / Noise / Exogenous,0.4265000000004875,-0.4565000000002328,-0.4265000000004875,0.093499999999949,0.4819999999999709,0.0260151867344427,0.6294285714284342
TRADE_36274877,1,36274877.0,Buy,2025-10-01 06:25:14,B,Local Breakout,1.6065000000003238,1.6065000000003238,1.205000000000382,0.1750000000001819,-0.4249999999997271,0.0487493377788856,0.5256521739130102
TRADE_36228676,1,36228676.0,Sell,2025-09-30 08:25:56,H,Unstructured / Noise / Exogenous,0.4479999999998654,0.6065000000003238,-0.4479999999998654,-0.1100000000001273,0.8350000000004911,0.0703793608799552,0.6329629629629179
TRADE_36227388,1,36227388.0,Sell,2025-09-30 08:20:57,H,Unstructured / Noise / Exogenous,0.4549999999999272,0.0349999999998544,-0.4549999999999272,-0.1649999999999636,-0.048500000000331,0.0927778026430318,0.589172413793049
TRADE_36227385,1,36227385.0,Sell,2025-09-30 08:20:52,E,Acceleration Reversal / Fade,0.7635000000000218,-0.9164999999998144,0.7635000000000218,-0.1464999999998326,-0.2000000000002728,0.0968354759040984,0.5843666666666952
TRADE_36168589,1,36168589.0,Buy,2025-09-29 05:46:42,H,Unstructured / Noise / Exogenous,0.2565000000004147,-0.4184999999997671,0.2565000000004147,-0.0999999999994543,-0.4469999999992069,0.0421440650889788,0.5941249999999911
TRADE_36168590,1,36168590.0,Buy,2025-09-29 05:46:47,H,Unstructured / Noise / Exogenous,0.0664999999999054,-0.3935000000001309,0.0664999999999054,0.0100000000002182,0.1529999999993379,0.0686605759614066,0.587473684210588
TRADE_36148327,1,36148327.0,Buy,2025-09-26 15:47:57,H,Unstructured / Noise / Exogenous,0.5599999999994907,1.430000000000291,-0.5599999999994907,-0.3734999999996944,-0.4050000000006548,0.0454851197853754,0.5220499999999447
TRADE_36095791,1,36095791.0,Sell,2025-09-25 16:43:46,H,Unstructured / Noise / Exogenous,0.75,-1.3735000000001492,-0.75,-0.2134999999998399,-0.0435000000002219,0.0527534270949533,0.5897826086956546
TRADE_36094988,1,36094988.0,Buy,2025-09-25 16:32:56,B,Local Breakout,0.8814999999995052,0.8814999999995052,0.301499999999578,0.1214999999992869,0.0715000000000145,0.0309199215918526,0.599749999999949
CTRL_983845,0,,Control,2026-09-18 03:10:04,H,Unstructured / Noise / Exogenous,0.1300000000010186,-1.9600000000009457,-0.1300000000010186,0.0999999999985448,-0.3550000000004729,0.1138398681083186,0.7883333333335132
CTRL_100829495,0,,Control,2026-09-17 13:06:20,D,Acceleration Continuation,1.3549999999995634,-0.3999999999996362,0.6649999999990541,1.2349999999996726,1.3549999999995634,0.0886781823131555,0.670588235294123
CTRL_100675478,0,,Control,2026-09-17 06:05:36,D,Acceleration Continuation,0.2099999999991268,-0.0900000000001455,1.7049999999999272,0.4200000000000727,0.2099999999991268,0.0881557064030436,0.6899999999999409
CTRL_100653865,0,,Control,2026-09-17 02:45:33,H,Unstructured / Noise / Exogenous,0.0,0.0,0.0,0.0,0.0,0.0,0.8000000000001819
CTRL_100453335,0,,Control,2026-09-16 06:21:42,H,Unstructured / Noise / Exogenous,1.125,0.1149999999997817,1.125,-0.6350000000002183,-1.5849999999991269,0.1428820816486611,0.6758333333333818
CTRL_100126875,0,,Control,2026-09-15 05:37:49,D,Acceleration Continuation,0.9694999999992432,-1.6934999999994034,-0.4084999999995489,-0.9799999999995634,-0.9694999999992432,0.1031924096465372,0.5029761904762987
CTRL_99754992,0,,Control,2026-09-11 15:05:15,H,Unstructured / Noise / Exogenous,0.0949999999993451,0.1949999999997089,-0.0949999999993451,-0.0749999999998181,0.4014999999999418,0.0510690993968327,0.6225333333333158
CTRL_99738973,0,,Control,2026-09-11 04:42:55,H,Unstructured / Noise / Exogenous,1.2039999999997235,2.213999999999942,1.2039999999997235,-0.1284999999998035,-0.2764999999999418,0.0649269275198908,0.626071428571387
CTRL_99615317,0,,Control,2026-09-10 19:12:09,F,Spread Pulse / Liquidity Shock,0.5640967741937857,-0.7619999999997162,0.1314999999995052,-0.0835000000006402,0.0324999999993451,0.0528409063972044,0.5640967741937857
CTRL_99208828,0,,Control,2026-09-09 12:46:58,H,Unstructured / Noise / Exogenous,0.0,0.0,0.0,0.0,0.0,0.0,0.6200000000008004
CTRL_99000862,0,,Control,2026-09-08 16:52:06,H,Unstructured / Noise / Exogenous,0.0,0.0,0.0,0.0,0.0,0.0,0.6300000000001091
CTRL_98440487,0,,Control,2026-09-07 06:46:54,H,Unstructured / Noise / Exogenous,0.0,0.0,0.0,0.0,0.0,0.0,0.6400000000003274
CTRL_98366050,0,,Control,2026-09-04 12:28:11,H,Unstructured / Noise / Exogenous,1.4949999999998909,-1.3200000000006185,-1.4949999999998909,-0.4849999999996726,-0.9200000000000728,0.1139702988719794,0.6940909090908463
CTRL_98188192,0,,Control,2026-09-03 09:21:09,H,Unstructured / Noise / Exogenous,0.7600000000002183,-0.3099999999994907,-0.7600000000002183,-0.0599999999994906,0.1250000000009095,0.0465725240888631,0.5927272727273124
CTRL_98161217,0,,Control,2026-09-03 05:33:56,H,Unstructured / Noise / Exogenous,1.8900000000003276,1.25,1.8900000000003276,0.269999999999527,0.285000000000764,0.1475240997258779,0.7476923076923623
CTRL_98070555,0,,Control,2026-09-02 15:06:55,H,Unstructured / Noise / Exogenous,1.2299999999995634,-0.25,-1.2299999999995634,-0.1450000000004365,0.305000000000291,0.0714191422346738,0.6197222222222081
CTRL_97982386,0,,Control,2026-09-02 05:49:25,H,Unstructured / Noise / Exogenous,0.0,0.0,0.0,0.0,0.0,0.0,0.6599999999998545
CTRL_97800092,0,,Control,2026-09-01 05:45:02,H,Unstructured / Noise / Exogenous,0.0,0.0,0.0,0.0,0.0,0.0,0.6300000000001091
CTRL_97638884,0,,Control,2026-08-31 04:48:50,H,Unstructured / Noise / Exogenous,0.0,0.0,0.0,0.0,0.0,0.0,0.7300000000004729
CTRL_97451919,0,,Control,2026-08-28 05:03:43,H,Unstructured / Noise / Exogenous,0.0249999999996362,-0.6000000000003638,0.0249999999996362,0.0249999999996362,0.8500000000003638,0.0958908844908434,0.6300000000001091
CTRL_97352852,0,,Control,2026-08-27 08:02:10,H,Unstructured / Noise / Exogenous,0.7849999999998545,2.090000000000145,0.7849999999998545,0.0,0.0050000000010186,0.0511940751776551,0.5661538461541008
CTRL_97182841,0,,Control,2026-08-26 04:42:51,H,Unstructured / Noise / Exogenous,0.1199999999989813,0.3299999999999272,0.1199999999989813,0.0,0.0050000000010186,0.0,0.7899999999999636
CTRL_97143853,0,,Control,2026-08-25 17:12:24,H,Unstructured / Noise / Exogenous,0.2550000000010186,1.199999999999818,-0.2550000000010186,0.2250000000003638,0.3849999999993088,0.075018516232712,0.5080000000000837
CTRL_97042659,0,,Control,2026-08-25 04:49:19,H,Unstructured / Noise / Exogenous,0.0,0.0,0.0,0.0,0.0,0.0,0.8400000000001455
CTRL_96882975,0,,Control,2026-08-24 04:19:43,H,Unstructured / Noise / Exogenous,0.930000000000291,0.0,-0.930000000000291,0.0100000000002182,0.1150000000006912,0.0,0.5100000000002183
CTRL_96756936,0,,Control,2026-08-21 04:56:26,H,Unstructured / Noise / Exogenous,0.0,0.0,0.0,0.0,0.0,0.0,0.7599999999993088
CTRL_96653069,0,,Control,2026-08-20 04:48:17,H,Unstructured / Noise / Exogenous,0.0,0.0,0.0,0.0,0.0,0.0,0.7600000000002183
CTRL_96566692,0,,Control,2026-08-19 04:51:43,H,Unstructured / Noise / Exogenous,0.0,0.0,0.0,0.0,0.0,0.0,0.3500000000003638
CTRL_96484066,0,,Control,2026-08-18 02:45:51,H,Unstructured / Noise / Exogenous,0.0,0.0,0.0,0.0,0.0,0.0,0.0
CTRL_96391293,0,,Control,2026-08-17 04:34:26,H,Unstructured / Noise / Exogenous,0.2449999999998908,0.8099999999994907,0.2449999999998908,0.0100000000002182,-0.5,0.129096862858623,0.7716666666665333
CTRL_96332229,0,,Control,2026-08-14 05:35:02,C,Break-and-Retest,0.7799999999997453,-0.910000000000764,-0.7799999999997453,0.0900000000001455,0.3499999999994543,0.1687522839352975,0.735000000000241
CTRL_96325914,0,,Control,2026-08-14 04:45:52,H,Unstructured / Noise / Exogenous,0.0,0.0,0.0,0.0,0.0,0.0,0.6700000000000728
CTRL_96202433,0,,Control,2026-08-13 04:58:29,H,Unstructured / Noise / Exogenous,0.0,0.0,0.0,0.0,0.0,0.0,0.7199999999993452
CTRL_96113042,0,,Control,2026-08-12 11:45:05,H,Unstructured / Noise / Exogenous,0.0,0.0,0.0,0.0,0.0,0.0,0.6000000000003638
CTRL_96024216,0,,Control,2026-08-11 08:36:13,H,Unstructured / Noise / Exogenous,0.1949999999997089,-0.0850000000009458,0.1949999999997089,-0.4200000000000727,-0.4550000000008367,0.0703393136703285,0.5463636363634081
CTRL_96004348,0,,Control,2026-08-11 04:43:04,H,Unstructured / Noise / Exogenous,0.5250000000005457,-1.9049999999997451,0.5250000000005457,-0.3300000000008367,-0.7200000000020736,0.1297279204080451,0.7125000000002046
CTRL_95918631,0,,Control,2026-08-10 03:55:04,H,Unstructured / Noise / Exogenous,0.0,0.0,0.0,0.0,0.0,0.0,0.8400000000001455
CTRL_95800620,0,,Control,2026-08-07 04:53:00,H,Unstructured / Noise / Exogenous,0.0,0.0,0.0,0.0,0.0,0.0,0.75
CTRL_95773198,0,,Control,2026-08-06 17:08:51,F,Spread Pulse / Liquidity Shock,0.4745454545454777,-0.3600000000005821,0.3349999999991269,0.0799999999999272,-0.0600000000013096,0.0838212383588076,0.4745454545454777
CTRL_95709969,0,,Control,2026-08-06 04:20:50,F,Spread Pulse / Liquidity Shock,0.7219999999998435,-0.7749999999996362,0.3099999999994907,0.0450000000000727,-0.1550000000006548,0.0947804480540653,0.7219999999998435
CTRL_95612645,0,,Control,2026-08-05 08:29:22,H,Unstructured / Noise / Exogenous,0.0699999999997089,1.1200000000008004,-0.0699999999997089,-0.0599999999994906,-0.5400000000008731,0.0864551316921293,0.5919999999999467
CTRL_95598021,0,,Control,2026-08-05 04:35:18,H,Unstructured / Noise / Exogenous,0.3150000000005093,-0.4149999999999636,-0.3150000000005093,0.0699999999997089,0.2799999999997453,0.1129404956405825,0.7500000000001299
CTRL_95576013,0,,Control,2026-08-04 18:32:35,H,Unstructured / Noise / Exogenous,0.2000000000002728,-0.0750000000002728,0.2000000000002728,-0.0250000000000909,0.2300000000000182,0.0672513424071975,0.5415384615384937
CTRL_95511070,0,,Control,2026-08-04 04:51:17,H,Unstructured / Noise / Exogenous,0.0,0.0,0.0,0.0,0.0,0.0,0.75
CTRL_95443868,0,,Control,2026-08-03 04:48:06,H,Unstructured / Noise / Exogenous,0.0,0.0,0.0,0.0,0.0,0.0,0.7799999999997453
CTRL_95369124,0,,Control,2026-07-31 04:36:51,H,Unstructured / Noise / Exogenous,0.044999999999618,0.1649999999995088,0.044999999999618,0.0,0.0950000000002546,0.0,0.7699999999999818
CTRL_95298275,0,,Control,2026-07-30 09:17:41,H,Unstructured / Noise / Exogenous,0.2649999999998726,-0.0799999999999272,0.2649999999998726,0.1749999999997271,-0.2850000000003092,0.0519949249662637,0.5399999999999636
CTRL_95248660,0,,Control,2026-07-29 19:45:54,H,Unstructured / Noise / Exogenous,0.0,0.0,0.0,0.0,0.0,0.0,0.6600000000003092
CTRL_95168933,0,,Control,2026-07-29 04:05:48,H,Unstructured / Noise / Exogenous,0.4000000000005457,-0.3650000000002364,-0.4000000000005457,0.0,0.0699999999997089,0.0,0.6799999999998363
CTRL_95107372,0,,Control,2026-07-28 04:32:22,H,Unstructured / Noise / Exogenous,0.0899999999996907,0.8899999999998727,-0.0899999999996907,0.0100000000002182,-0.099999999999909,0.0997775303140836,0.75
CTRL_95072289,0,,Control,2026-07-27 13:18:09,H,Unstructured / Noise / Exogenous,1.0049999999996544,-0.5599999999999454,-1.0049999999996544,-0.1500000000000909,0.3400000000001455,0.0722029452732263,0.6404545454546141
CTRL_95047920,0,,Control,2026-07-27 04:03:11,H,Unstructured / Noise / Exogenous,0.4600000000000364,-1.050000000000182,-0.4600000000000364,-0.1750000000001819,-0.0100000000002182,0.1341770182341929,0.750000000000065
CTRL_94991858,0,,Control,2026-07-24 07:20:14,A,Volatility Expansion,0.1839165121644242,0.8100000000004002,0.6850000000004002,0.3650000000002364,1.2500000000004547,0.1839165121644242,0.4940909090908421
CTRL_94986774,0,,Control,2026-07-24 05:35:08,D,Acceleration Continuation,0.7699999999995271,1.2849999999998545,-0.2950000000000727,-0.8649999999997817,-0.7699999999995271,0.1093182710026006,0.6709756097561139
CTRL_94942223,0,,Control,2026-07-23 09:05:23,H,Unstructured / Noise / Exogenous,1.2550000000001091,0.3699999999998908,-1.2550000000001091,0.0950000000002546,0.7200000000002547,0.0939040914711806,0.4478947368420689
CTRL_94927689,0,,Control,2026-07-23 04:33:08,H,Unstructured / Noise / Exogenous,0.3799999999991996,-0.2150000000001455,-0.3799999999991996,-0.0249999999996362,0.1900000000005093,0.0544030100274057,0.7576190476188674
CTRL_94908427,0,,Control,2026-07-22 19:39:35,H,Unstructured / Noise / Exogenous,0.0249999999996362,-0.2200000000002546,0.0249999999996362,-0.0249999999996362,0.0100000000011277,0.0339784512209993,0.5163636363634148
CTRL_94864297,0,,Control,2026-07-22 03:45:59,H,Unstructured / Noise / Exogenous,0.0,0.0,0.0,0.0,0.0,0.0,0.8000000000001819
CTRL_94842197,0,,Control,2026-07-21 16:26:05,H,Unstructured / Noise / Exogenous,0.9149999999999636,-1.3350000000004911,-0.9149999999999636,-0.3550000000004729,0.0349999999989449,0.0720743976239978,0.6335714285713558
CTRL_94810342,0,,Control,2026-07-21 06:26:33,H,Unstructured / Noise / Exogenous,0.3649999999997817,-1.0399999999999636,-0.3649999999997817,0.1000000000003638,0.5849999999995816,0.0860377823982571,0.7614285714285827
CTRL_94775324,0,,Control,2026-07-20 14:36:46,H,Unstructured / Noise / Exogenous,0.4950000000003456,-1.0350000000003092,-0.4950000000003456,-0.599999999999909,0.169999999999618,0.0419197618789088,0.6288888888889232
CTRL_94754184,0,,Control,2026-07-20 07:55:48,H,Unstructured / Noise / Exogenous,0.0,0.0,0.0,0.0,0.0,0.0,0.4600000000000364
CTRL_94694698,0,,Control,2026-07-17 06:20:22,C,Break-and-Retest,1.7799999999997451,2.130000000000109,1.7799999999997451,-0.1050000000004729,-0.3700000000008003,0.0303440097642003,0.7044827586207154
CTRL_94627775,0,,Control,2026-07-16 05:30:23,D,Acceleration Continuation,0.3900000000003274,0.3600000000001273,0.9149999999999636,0.6099999999996726,0.3900000000003274,0.1482586928311406,0.8130769230768482
CTRL_94588522,0,,Control,2026-07-15 11:58:35,H,Unstructured / Noise / Exogenous,0.0,0.0,0.0,0.0,0.0,0.0,0.5500000000001819
CTRL_94571902,0,,Control,2026-07-15 05:16:12,H,Unstructured / Noise / Exogenous,1.360000000000127,0.4500000000002728,1.360000000000127,0.099999999999909,-0.599999999999909,0.0747006954840974,0.7974999999999681
CTRL_94518850,0,,Control,2026-07-14 05:15:53,D,Acceleration Continuation,0.6099999999996726,0.1300000000001091,-0.3400000000001455,-0.474999999999909,-0.6099999999996726,0.0695658660710634,0.7530769230769553
CTRL_94517647,0,,Control,2026-07-14 04:36:04,H,Unstructured / Noise / Exogenous,0.0,0.0,0.0,0.0,0.0,0.0,0.8100000000004002
CTRL_94482317,0,,Control,2026-07-13 12:28:27,C,Break-and-Retest,0.4650000000001455,0.2049999999999272,0.4650000000001455,-0.2400000000002364,-0.0050000000001091,0.0996515969332011,0.8814705882352749
CTRL_94467306,0,,Control,2026-07-13 05:01:27,H,Unstructured / Noise / Exogenous,0.6100000000001273,0.0300000000002,0.6100000000001273,-0.099999999999909,0.1200000000003456,0.0649879796577884,0.7852941176470535
CTRL_94425120,0,,Control,2026-07-10 05:34:00,H,Unstructured / Noise / Exogenous,0.2600000000002183,-0.2449999999998908,0.2600000000002183,0.0450000000000727,0.4350000000013097,0.0706975823359434,0.8389285714285961
CTRL_94382823,0,,Control,2026-07-09 07:00:32,H,Unstructured / Noise / Exogenous,1.2700000000004366,-0.1499999999996362,1.2700000000004366,0.3299999999999272,-0.2249999999985448,0.0529490425603195,0.7014999999998508
CTRL_94375434,0,,Control,2026-07-09 04:24:07,H,Unstructured / Noise / Exogenous,0.9249999999997272,-0.7249999999994543,-0.9249999999997272,-0.3799999999996544,-0.0499999999997271,0.0657436097443881,0.6791999999999644
CTRL_94351863,0,,Control,2026-07-08 10:49:59,H,Unstructured / Noise / Exogenous,0.0,0.0,0.0,0.0,0.0,0.0,0.0
CTRL_94339039,0,,Control,2026-07-08 04:53:25,H,Unstructured / Noise / Exogenous,0.0,0.0,0.0,0.0,0.0,0.0,0.75
CTRL_94292496,0,,Control,2026-07-07 08:30:26,H,Unstructured / Noise / Exogenous,2.649999999999636,-1.9099999999998545,-2.649999999999636,-0.0850000000000363,1.4899999999997815,0.103795182932557,0.5934615384616546
CTRL_94291110,0,,Control,2026-07-07 07:26:18,H,Unstructured / Noise / Exogenous,0.1000000000003638,-0.6700000000000728,-0.1000000000003638,0.0,0.0799999999990177,0.0387298334620585,0.5942857142860832
CTRL_94289139,0,,Control,2026-07-07 05:15:02,D,Acceleration Continuation,0.2800000000006548,-2.7950000000000728,-2.4200000000000728,-0.6950000000006185,-0.2800000000006548,0.1142855524552964,0.763809523809522
CTRL_94258974,0,,Control,2026-07-06 03:22:10,H,Unstructured / Noise / Exogenous,0.1300000000001091,-0.7650000000003274,-0.1300000000001091,0.1399999999994179,-0.2249999999994543,0.0486723740944388,0.7072727272727041
CTRL_94241160,0,,Control,2026-07-03 04:53:26,H,Unstructured / Noise / Exogenous,0.1300000000001091,0.2750000000005457,0.1300000000001091,-0.0100000000002182,-0.0600000000004001,0.0197230829232392,0.7227272727270081
CTRL_94240579,0,,Control,2026-07-03 03:17:03,H,Unstructured / Noise / Exogenous,0.3500000000003638,-0.1199999999998908,0.3500000000003638,0.0300000000006548,0.0700000000006184,0.029951751835469,0.7208333333330756
CTRL_94223505,0,,Control,2026-07-02 12:58:42,H,Unstructured / Noise / Exogenous,0.0,0.0,0.0,0.0,0.0,0.0,0.6700000000000728
CTRL_94199359,0,,Control,2026-07-01 13:46:51,F,Spread Pulse / Liquidity Shock,1.150000000000091,0.0,0.0,0.0,0.0,0.0,1.150000000000091
CTRL_94147775,0,,Control,2026-06-30 04:00:05,H,Unstructured / Noise / Exogenous,0.0099999999997635,-0.0099999999997635,-0.0099999999997635,-0.0099999999997635,0.5899999999996908,0.0941041820510685,0.7183636363636817
CTRL_94116926,0,,Control,2026-06-29 11:40:16,H,Unstructured / Noise / Exogenous,0.8500000000003638,-1.2150000000001455,-0.8500000000003638,-0.3899999999998726,-0.0350000000003092,0.09825365498715,0.5229166666666174
CTRL_94074059,0,,Control,2026-06-26 11:21:53,H,Unstructured / Noise / Exogenous,0.3350000000000364,-0.3899999999998726,-0.3350000000000364,0.25,0.0199999999990723,0.0663555666427696,0.5562500000001478
CTRL_94051620,0,,Control,2026-06-25 16:31:01,H,Unstructured / Noise / Exogenous,0.2164999999999963,-2.7464999999997417,-0.2164999999999963,0.2599999999997635,0.918500000000222,0.0766926586375061,0.7524799999999959
CTRL_93990129,0,,Control,2026-06-25 04:04:16,H,Unstructured / Noise / Exogenous,0.9650000000001456,0.910000000000764,0.9650000000001456,-1.133499999999458,-1.4900000000006912,0.1055540685568954,0.6508709677419545
CTRL_93935706,0,,Control,2026-06-24 13:26:19,D,Acceleration Continuation,1.875,-0.2249999999994543,-0.0299999999997453,-1.6899999999995998,-1.875,0.0949583698990021,0.742897959183693
CTRL_93909211,0,,Control,2026-06-24 06:53:33,H,Unstructured / Noise / Exogenous,0.0,0.0,0.0,0.0,0.0,0.0,0.9899999999997816
CTRL_93873774,0,,Control,2026-06-23 17:51:17,H,Unstructured / Noise / Exogenous,0.0,0.0,0.0,0.0,0.0,0.0,0.6700000000000728
CTRL_93832434,0,,Control,2026-06-23 03:24:04,H,Unstructured / Noise / Exogenous,1.684999999999491,-1.9700000000002549,-1.684999999999491,-1.2100000000000364,0.0449999999982537,0.0962041457325885,0.6389761904760278
CTRL_93798546,0,,Control,2026-06-22 05:13:11,H,Unstructured / Noise / Exogenous,0.394999999999527,-0.1850000000004001,-0.394999999999527,-0.019999999999527,0.0350000000007639,0.0767431180811751,0.6549999999998363
CTRL_93776205,0,,Control,2026-06-19 05:17:37,H,Unstructured / Noise / Exogenous,0.1399999999994179,0.3250000000007276,-0.1399999999994179,0.2399999999997817,1.0600000000013097,0.0691179088120812,0.66949999999988
CTRL_93757800,0,,Control,2026-06-18 14:54:38,H,Unstructured / Noise / Exogenous,0.0,0.0,0.0,0.0,0.0,0.0,0.6199999999998909
CTRL_93700747,0,,Control,2026-06-17 05:34:19,H,Unstructured / Noise / Exogenous,1.0600000000004002,-0.2700000000004365,-1.0600000000004002,-0.180000000000291,0.0800000000008367,0.0430761599443317,0.5449999999999818
CTRL_93682742,0,,Control,2026-06-16 11:51:09,H,Unstructured / Noise / Exogenous,2.675000000000182,4.105000000000473,2.675000000000182,0.3249999999998181,-0.340000000001055,0.0480744945350984,0.5283333333334213
CTRL_93681010,0,,Control,2026-06-16 10:03:40,H,Unstructured / Noise / Exogenous,0.5,-0.7299999999995634,-0.5,-0.0300000000006548,0.0450000000000727,0.0198494332412542,0.3699999999998908
CTRL_93650934,0,,Control,2026-06-15 13:15:46,H,Unstructured / Noise / Exogenous,0.6350000000002183,3.6149999999997817,0.6350000000002183,-0.5349999999998545,-0.5449999999982538,0.1384085116593032,0.5881818181817173
CTRL_93631282,0,,Control,2026-06-15 05:29:57,H,Unstructured / Noise / Exogenous,0.5599999999994907,1.059999999999491,0.5599999999994907,0.0,-0.1599999999998544,0.0728910506382041,0.670199999999977
CTRL_93609754,0,,Control,2026-06-12 14:08:16,H,Unstructured / Noise / Exogenous,1.264999999999418,2.889999999999418,1.264999999999418,0.2250000000003638,0.4099999999998545,0.1105660350519449,0.5577068965517356
CTRL_93598278,0,,Control,2026-06-12 05:02:41,D,Acceleration Continuation,0.2100000000009458,-0.3299999999999272,-0.9099999999998544,-0.3549999999995634,-0.2100000000009458,0.0541722945794952,0.7329523809523293
CTRL_93557927,0,,Control,2026-06-11 06:21:08,D,Acceleration Continuation,0.3935000000005857,2.033500000000004,1.223500000000513,0.9699999999998,0.3935000000005857,0.0753953249034696,0.7577428571428495
CTRL_93510992,0,,Control,2026-06-10 04:47:18,H,Unstructured / Noise / Exogenous,0.0,0.0,0.0,0.0,0.0,0.0,0.6200000000008004
CTRL_93474519,0,,Control,2026-06-09 07:17:19,H,Unstructured / Noise / Exogenous,0.1649999999990541,2.725000000000364,0.1649999999990541,0.0349999999998544,0.7950000000000728,0.0310970206186675,0.5923157894738228
CTRL_93461391,0,,Control,2026-06-08 15:03:03,H,Unstructured / Noise / Exogenous,0.7150000000001455,0.6149999999997817,0.7150000000001455,0.3350000000000364,0.6649999999999636,0.0722142062313675,0.5427586206896476
CTRL_93443489,0,,Control,2026-06-08 05:23:58,H,Unstructured / Noise / Exogenous,0.2984999999989668,0.7550000000010186,-0.2984999999989668,0.055000000000291,0.1599999999998544,0.1125114708185489,0.5912272727273375
CTRL_93411173,0,,Control,2026-06-05 11:40:49,H,Unstructured / Noise / Exogenous,0.1799999999993815,-0.8099999999994907,-0.1799999999993815,-0.0999999999994543,-0.7349999999996726,0.0447555719935243,0.5324999999999136
CTRL_93404708,0,,Control,2026-06-05 04:01:51,H,Unstructured / Noise / Exogenous,0.0649999999995998,-0.3450000000002546,-0.0649999999995998,-0.1649999999999636,0.0499999999983629,0.0465977914355689,0.6038461538461118
CTRL_93377409,0,,Control,2026-06-04 06:50:50,H,Unstructured / Noise / Exogenous,0.7349999999987631,0.0450000000000727,-0.7349999999987631,0.0100000000002182,0.3050000000012005,0.0642374211889432,0.6041666666666666
CTRL_93376580,0,,Control,2026-06-04 05:47:48,H,Unstructured / Noise / Exogenous,0.0,0.0,0.0,0.0,0.0,0.0,0.4099999999998545
CTRL_93360769,0,,Control,2026-06-03 15:04:30,H,Unstructured / Noise / Exogenous,1.4515000000010332,-0.9050000000006548,-1.4515000000010332,0.2549999999991996,0.0684999999994033,0.1015369098652905,0.5749599999999918
CTRL_93345132,0,,Control,2026-06-03 04:16:17,H,Unstructured / Noise / Exogenous,1.0850000000000364,-0.4785000000001673,-1.0850000000000364,-0.2750000000005457,0.3335000000006403,0.0801391010069533,0.7246249999998327
CTRL_93309253,0,,Control,2026-06-02 13:12:01,H,Unstructured / Noise / Exogenous,0.6399999999994179,0.0850000000000363,0.6399999999994179,0.0299999999997453,0.0200000000004365,0.0687529393312836,0.5741874999998231
CTRL_93277546,0,,Control,2026-06-01 13:25:02,H,Unstructured / Noise / Exogenous,0.4614999999994325,-3.2549999999992,-0.4614999999994325,0.3199999999997089,-0.2579999999998108,0.157771426474572,0.6556323529411175
CTRL_93252299,0,,Control,2026-06-01 07:52:05,H,Unstructured / Noise / Exogenous,0.0,0.0,0.0,0.0,0.0,0.0,0.6700000000000728
CTRL_93235333,0,,Control,2026-05-29 17:46:51,H,Unstructured / Noise / Exogenous,0.0,0.0,0.0,0.0,0.0,0.0,0.9400000000005092
CTRL_93210316,0,,Control,2026-05-29 05:54:04,H,Unstructured / Noise / Exogenous,0.0,0.0,0.0,0.0,0.0,0.0,0.4600000000000364
CTRL_93199497,0,,Control,2026-05-28 17:30:24,H,Unstructured / Noise / Exogenous,2.1099999999996726,2.178499999999985,2.1099999999996726,-0.0465000000003783,-0.3615000000008876,0.0295525024323084,0.6287307692308997
CTRL_93184362,0,,Control,2026-05-28 13:49:21,F,Spread Pulse / Liquidity Shock,0.7581052631579663,0.9900000000006912,1.0835000000006405,0.4285000000008949,-0.5199999999986176,0.0886083985999294,0.7581052631579663
CTRL_93169426,0,,Control,2026-05-28 03:56:24,H,Unstructured / Noise / Exogenous,0.0,0.0,0.0,0.0,0.0,0.0,0.8500000000003638
CTRL_93131167,0,,Control,2026-05-27 11:35:40,A,Volatility Expansion,0.274691062548043,-1.315000000000509,-1.4885000000003856,-2.153500000000349,-1.9249999999992724,0.274691062548043,0.556341463414777
CTRL_93121138,0,,Control,2026-05-27 06:06:22,H,Unstructured / Noise / Exogenous,1.2550000000001091,0.8299999999999272,1.2550000000001091,0.0900000000001455,-0.446500000000924,0.0451011825419106,0.7309999999998552
CTRL_93095183,0,,Control,2026-05-26 12:20:27,H,Unstructured / Noise / Exogenous,2.566500000000815,-2.941500000000815,-2.566500000000815,0.1299999999991996,-0.7165000000004511,0.1317255573114579,0.5677586206896915
CTRL_93091481,0,,Control,2026-05-26 10:33:28,H,Unstructured / Noise / Exogenous,1.139999999999418,0.6000000000003638,1.139999999999418,0.0249999999996362,-0.0334999999995488,0.0700041427345567,0.6345000000000465
CTRL_93086094,0,,Control,2026-05-26 05:25:30,H,Unstructured / Noise / Exogenous,0.0,0.0,0.0,0.0,0.0,0.0,0.5100000000002183
CTRL_93070782,0,,Control,2026-05-25 12:44:41,H,Unstructured / Noise / Exogenous,0.5099999999993088,-0.8699999999989814,-0.5099999999993088,-0.019999999999527,0.1400000000003274,0.0937704051871527,0.5487142857143356
CTRL_93064584,0,,Control,2026-05-25 05:54:03,H,Unstructured / Noise / Exogenous,0.0,0.0,0.0,0.0,0.0,0.0,0.6499999999996362
CTRL_93037747,0,,Control,2026-05-22 12:15:46,D,Acceleration Continuation,1.0999999999994543,2.5649999999996,0.1500000000005457,0.7449999999998909,1.0999999999994543,0.0643250608450132,0.4841999999999643
CTRL_93029514,0,,Control,2026-05-22 05:21:56,H,Unstructured / Noise / Exogenous,0.0900000000001455,2.058499999999185,-0.0900000000001455,-0.1750000000001819,0.0999999999994543,0.0619587676512341,0.7550000000001091
CTRL_93028917,0,,Control,2026-05-22 04:26:02,H,Unstructured / Noise / Exogenous,0.949999999999818,0.7699999999995271,0.949999999999818,-0.0399999999999636,0.0299999999988358,0.0394405318872564,0.6700000000000728
CTRL_92991008,0,,Control,2026-05-21 06:24:49,H,Unstructured / Noise / Exogenous,1.7000000000007276,-1.7400000000006912,-1.7000000000007276,0.1299999999991996,0.1919999999990977,0.0263769766645987,0.5480000000000018
CTRL_92943988,0,,Control,2026-05-20 05:45:09,H,Unstructured / Noise / Exogenous,0.0,0.0,0.0,0.0,0.0,0.0,0.8800000000001091
CTRL_92905766,0,,Control,2026-05-19 06:54:51,H,Unstructured / Noise / Exogenous,0.1700000000000727,0.4950000000008003,0.1700000000000727,-0.0149999999994179,0.0399999999990541,0.033105890714491,0.6599999999997029
CTRL_92901499,0,,Control,2026-05-19 03:25:39,H,Unstructured / Noise / Exogenous,0.1399999999994179,0.1200000000008003,-0.1399999999994179,-0.1549999999988358,0.2000000000007276,0.0770598612913976,0.6893749999998704
CTRL_92878258,0,,Control,2026-05-18 14:20:04,D,Acceleration Continuation,0.375,2.1700000000000728,0.055000000000291,0.4849999999996726,0.375,0.0812168799131761,0.5122641509433894
CTRL_92873305,0,,Control,2026-05-18 12:53:58,H,Unstructured / Noise / Exogenous,0.0,0.0,0.0,0.0,0.0,0.0,0.5900000000001455
CTRL_92863125,0,,Control,2026-05-18 06:29:22,A,Volatility Expansion,0.1455062907407471,-0.0399999999990541,0.4700000000002546,0.7750000000005457,0.7869999999993524,0.1455062907407471,0.6505312499999718
CTRL_92816284,0,,Control,2026-05-15 11:00:09,D,Acceleration Continuation,0.9800000000004728,1.4700000000002549,1.4700000000002549,1.210000000000946,0.9800000000004728,0.0673219745987261,0.5444897959184104
CTRL_92794484,0,,Control,2026-05-15 03:37:48,H,Unstructured / Noise / Exogenous,0.0,0.0,0.0,0.0,0.0,0.0,0.5399999999999636
CTRL_92755985,0,,Control,2026-05-14 11:12:21,H,Unstructured / Noise / Exogenous,0.6149999999997817,-0.6000000000003638,-0.6149999999997817,-0.5249999999996362,0.4549999999981082,0.0701359224581448,0.3868181818181917
CTRL_92749649,0,,Control,2026-05-14 04:22:00,F,Spread Pulse / Liquidity Shock,0.9468333333334158,1.5985000000000582,-1.5900000000001455,-0.0100000000002182,0.4084999999995489,0.0670419875838973,0.9468333333334158
CTRL_92708453,0,,Control,2026-05-13 13:12:45,H,Unstructured / Noise / Exogenous,0.3165000000008149,1.2849999999998545,0.3165000000008149,-0.1299999999991996,0.1550000000006548,0.0361109401702357,0.3900000000001758
CTRL_92707912,0,,Control,2026-05-13 13:01:14,H,Unstructured / Noise / Exogenous,4.480000000000473,4.985000000000582,4.480000000000473,0.1565000000000509,-1.87999999999829,0.0711368382135027,0.4345208333332569
CTRL_92704162,0,,Control,2026-05-13 10:17:46,H,Unstructured / Noise / Exogenous,0.180000000000291,0.3900000000003274,-0.180000000000291,0.1599999999998544,0.1750000000001819,0.0392043442671142,0.5824999999999818
CTRL_92699406,0,,Control,2026-05-13 05:17:18,H,Unstructured / Noise / Exogenous,0.6700000000000728,-0.8099999999994907,-0.6700000000000728,-0.0349999999998544,-0.1200000000008003,0.0385083105229197,0.6268888888889503
CTRL_92660254,0,,Control,2026-05-12 10:26:21,H,Unstructured / Noise / Exogenous,0.7650000000003274,0.2100000000000363,-0.7650000000003274,-0.0649999999995998,-0.1700000000009822,0.0416786441119451,0.5644444444443353
CTRL_92649888,0,,Control,2026-05-12 02:15:04,H,Unstructured / Noise / Exogenous,1.7250000000003638,1.1400000000003274,1.7250000000003638,0.3900000000003274,-0.0249999999996362,0.1131200859536655,0.6785185185185078
CTRL_92626347,0,,Control,2026-05-11 12:23:02,C,Break-and-Retest,2.3499999999994543,4.15349999999944,2.3499999999994543,-0.2750000000005457,-0.1850000000004001,0.1465410894905159,0.5544107142857554
CTRL_92611594,0,,Control,2026-05-11 03:48:52,H,Unstructured / Noise / Exogenous,0.0,0.0,0.0,0.0,0.0,0.0,0.5799999999999272
CTRL_92561346,0,,Control,2026-05-08 06:15:27,H,Unstructured / Noise / Exogenous,0.5900000000001455,-0.6199999999998909,-0.5900000000001455,-0.0500000000001819,0.0300000000006548,0.0561928722248274,0.5884615384615105
CTRL_92535886,0,,Control,2026-05-07 16:22:09,D,Acceleration Continuation,0.9750000000003638,-0.6649999999990541,0.3000000000001819,1.0600000000004002,0.9750000000003638,0.0582877043469755,0.5737333333333784
CTRL_92461110,0,,Control,2026-05-07 04:41:52,H,Unstructured / Noise / Exogenous,0.1599999999998544,-0.0865000000003419,0.1599999999998544,-0.0514999999995779,-0.0935000000008585,0.037580678519419,0.6342666666666142
CTRL_92408965,0,,Control,2026-05-06 09:26:15,H,Unstructured / Noise / Exogenous,0.4500000000007276,1.3500000000003638,0.4500000000007276,0.0249999999996362,-0.5650000000005093,0.0376813033801612,0.5014705882351924
CTRL_92396538,0,,Control,2026-05-06 05:15:50,H,Unstructured / Noise / Exogenous,2.180000000000291,-4.125,-2.180000000000291,0.1750000000010914,0.8350000000000364,0.0980988730255841,0.6875909090909276
CTRL_92342438,0,,Control,2026-05-05 10:26:28,H,Unstructured / Noise / Exogenous,1.1099999999996726,-2.2999999999992724,-1.1099999999996726,-0.25,-0.1649999999990541,0.0429643370256267,0.4888571428572114
CTRL_92331897,0,,Control,2026-05-05 03:02:31,H,Unstructured / Noise / Exogenous,0.7750000000005457,0.1000000000003638,0.7750000000005457,0.1050000000004729,0.25,0.0427217500694712,0.6957142857142051
CTRL_92319804,0,,Control,2026-05-04 17:09:33,H,Unstructured / Noise / Exogenous,0.875,-0.8149999999995998,0.875,0.2049999999999272,-0.1000000000003638,0.0708456643928881,0.582416666666682
CTRL_92286476,0,,Control,2026-05-04 10:37:28,D,Acceleration Continuation,1.089999999999236,1.894999999999527,2.0850000000000364,1.0,1.089999999999236,0.1318972137689646,0.5869696969697763
CTRL_92274667,0,,Control,2026-05-04 05:03:10,H,Unstructured / Noise / Exogenous,0.5500000000010914,0.3500000000003638,0.5500000000010914,0.0400000000008731,0.0599999999994906,0.0,0.6999999999998181
CTRL_92218142,0,,Control,2026-05-01 06:01:51,C,Break-and-Retest,0.9200000000000728,-0.4850000000005821,-0.9200000000000728,0.180000000000291,-0.0999999999985448,0.0532071423777544,0.6236363636362512
CTRL_92181621,0,,Control,2026-04-30 10:43:53,H,Unstructured / Noise / Exogenous,0.4750000000003638,-2.255000000001018,0.4750000000003638,0.1350000000002182,0.2849999999998545,0.0945163400775871,0.6686800000000221
CTRL_92125361,0,,Control,2026-04-29 10:23:23,H,Unstructured / Noise / Exogenous,0.1299999999991996,0.125,-0.1299999999991996,0.0450000000000727,-0.3400000000001455,0.0353553390593273,0.5349999999999454
CTRL_92117158,0,,Control,2026-04-29 05:45:38,H,Unstructured / Noise / Exogenous,0.2599999999993088,0.0900000000001455,-0.2599999999993088,-0.3449999999993451,-0.5799999999990177,0.0551055450364087,0.703529411764922
CTRL_92099847,0,,Control,2026-04-28 16:20:59,H,Unstructured / Noise / Exogenous,0.0500000000001819,2.2549999999992,-0.0500000000001819,0.0649999999995998,0.3150000000005093,0.0551507930796565,0.5477272727273224
CTRL_92067522,0,,Control,2026-04-28 05:49:14,H,Unstructured / Noise / Exogenous,0.0,0.0,0.0,0.0,0.0,0.0,0.6499999999996362
CTRL_92029007,0,,Control,2026-04-27 08:36:00,H,Unstructured / Noise / Exogenous,0.1400000000003274,-0.2899999999999636,-0.1400000000003274,-0.2299999999995634,-0.1799999999993815,0.068945429306072,0.4246153846151383
CTRL_92024986,0,,Control,2026-04-27 03:22:58,H,Unstructured / Noise / Exogenous,0.3249999999998181,-0.714999999999236,-0.3249999999998181,0.144999999999527,0.410000000000764,0.0943107380214593,0.6739999999998569
CTRL_91984519,0,,Control,2026-04-24 13:17:20,A,Volatility Expansion,0.1713357248569231,-1.6350000000002185,-2.1900000000005093,-1.2400000000006912,0.0699999999997089,0.1713357248569231,0.6031666666666398
CTRL_91973017,0,,Control,2026-04-24 08:10:06,H,Unstructured / Noise / Exogenous,0.0900000000001455,0.25,-0.0900000000001455,-0.0650000000005093,-0.0450000000000727,0.0354603407187904,0.5258799999998882
CTRL_91954421,0,,Control,2026-04-23 17:43:13,H,Unstructured / Noise / Exogenous,7.694999999999709,-1.9435000000003129,-7.694999999999709,1.7450000000008004,2.595000000001164,0.189067019519038,0.6763787878787684
CTRL_91919177,0,,Control,2026-04-23 05:15:37,H,Unstructured / Noise / Exogenous,0.0965000000005602,-1.1300000000001091,-0.0965000000005602,0.0099999999993087,0.4819999999990614,0.0716583113128997,0.6290526315790071
CTRL_91873683,0,,Control,2026-04-22 12:14:56,H,Unstructured / Noise / Exogenous,0.6049999999995634,0.625,0.6049999999995634,0.3199999999997089,0.1999999999989086,0.1552726075154371,0.6055833333333188
CTRL_91863976,0,,Control,2026-04-22 05:07:08,H,Unstructured / Noise / Exogenous,0.180000000000291,0.4200000000000727,0.180000000000291,-0.0900000000001455,-0.3499999999985448,0.0650000000005093,0.7100000000000364
CTRL_91824729,0,,Control,2026-04-21 13:46:47,H,Unstructured / Noise / Exogenous,0.0,0.0,0.0,0.0,0.0,0.0,0.9669999999996436
CTRL_91806444,0,,Control,2026-04-21 07:27:50,H,Unstructured / Noise / Exogenous,0.2035000000005311,-0.2214999999996507,0.2035000000005311,-0.3814999999995052,-0.7714999999998327,0.0344762957572435,0.7438947368423454
CTRL_91797166,0,,Control,2026-04-21 04:09:24,H,Unstructured / Noise / Exogenous,0.5385000000005675,-0.6500000000014552,-0.5385000000005675,-0.3500000000003638,-0.6534999999985303,0.0493146235791087,0.7058000000000902
CTRL_91776198,0,,Control,2026-04-20 15:10:31,H,Unstructured / Noise / Exogenous,0.0,0.0,0.0,0.0,0.0,0.0,0.7899999999999636
CTRL_91740834,0,,Control,2026-04-20 05:26:45,H,Unstructured / Noise / Exogenous,1.8400000000001453,-2.020000000000437,-1.8400000000001453,0.0200000000004365,0.1699999999982537,0.1307631251462738,0.6851999999999558
CTRL_91655142,0,,Control,2026-04-17 10:36:42,H,Unstructured / Noise / Exogenous,0.2100000000000363,1.3350000000000364,0.2100000000000363,0.0,-0.019999999999527,0.0,0.6000000000003638
CTRL_91645065,0,,Control,2026-04-17 04:59:54,H,Unstructured / Noise / Exogenous,0.0,0.0,0.0,0.0,0.0,0.0,0.7100000000000364
CTRL_91596159,0,,Control,2026-04-16 12:21:23,H,Unstructured / Noise / Exogenous,0.0800000000017462,-2.1200000000008004,-0.0800000000017462,-0.0815000000002328,0.1314999999985957,0.0534956793267368,0.7861304347826144
CTRL_91585973,0,,Control,2026-04-16 06:28:59,H,Unstructured / Noise / Exogenous,0.1700000000000727,-0.7950000000000728,0.1700000000000727,0.0149999999994179,0.1900000000005093,0.0738569960622935,0.5865517241378758
CTRL_91531357,0,,Control,2026-04-15 12:45:14,H,Unstructured / Noise / Exogenous,0.0,0.0,0.0,0.0,0.0,0.0,0.6199999999998909
CTRL_91515698,0,,Control,2026-04-15 05:58:14,H,Unstructured / Noise / Exogenous,0.0,0.0,0.0,0.0,0.0,0.0,0.7100000000000364
CTRL_91488864,0,,Control,2026-04-14 17:23:32,H,Unstructured / Noise / Exogenous,1.3320000000003347,-2.2600000000002183,-1.3320000000003347,0.2365000000008876,0.9235000000007858,0.0548253817373893,0.7615599999998812
CTRL_91448019,0,,Control,2026-04-14 12:05:42,A,Volatility Expansion,0.171233758353841,1.3999999999996362,1.680000000000291,0.2700000000004365,0.180000000000291,0.171233758353841,0.8549090909091319
CTRL_91431248,0,,Control,2026-04-14 06:29:43,H,Unstructured / Noise / Exogenous,0.0,0.0349999999998544,0.0,-0.0300000000006548,0.2050000000008367,0.0399999999999636,0.6066666666668729
CTRL_91397685,0,,Control,2026-04-13 15:22:59,H,Unstructured / Noise / Exogenous,0.1515000000008513,-0.3715000000001964,-0.1515000000008513,-0.1349999999993087,0.0284999999976207,0.0525701671411932,0.7729333333332761
CTRL_91356501,0,,Control,2026-04-13 07:59:05,C,Break-and-Retest,0.9299999999993817,2.5299999999997453,0.9299999999993817,-1.0900000000001455,-2.429999999999381,0.1577156347772824,0.6433333333333798
CTRL_91352434,0,,Control,2026-04-13 05:45:33,H,Unstructured / Noise / Exogenous,0.0,0.0,0.0,0.0,0.0,0.0,0.7100000000000364
CTRL_91276550,0,,Control,2026-04-10 11:27:46,A,Volatility Expansion,0.2344027279895561,1.5200000000004366,1.6700000000000728,0.5200000000004366,0.3200000000015279,0.2344027279895561,0.7767692307691575
CTRL_91267485,0,,Control,2026-04-10 05:15:33,H,Unstructured / Noise / Exogenous,0.5500000000010914,0.0,-0.5500000000010914,-0.110000000000582,-0.2000000000007276,0.0828009661778646,0.7099999999998848
CTRL_91267065,0,,Control,2026-04-10 04:59:46,H,Unstructured / Noise / Exogenous,0.0,0.0,0.0,0.0,0.0,0.0,0.7100000000000364
CTRL_91227583,0,,Control,2026-04-09 13:38:03,H,Unstructured / Noise / Exogenous,0.5400000000008731,-0.2300000000013824,-0.5400000000008731,-0.6700000000000728,-1.5300000000006548,0.1414150486205503,0.7860740740741137
CTRL_91206718,0,,Control,2026-04-09 07:51:30,F,Spread Pulse / Liquidity Shock,0.776730769230723,-1.2399999999997815,-0.0100000000002182,0.7534999999998035,0.8770000000004075,0.1617090300507312,0.776730769230723
CTRL_91202282,0,,Control,2026-04-09 05:52:52,H,Unstructured / Noise / Exogenous,2.026499999999942,-1.5900000000001455,-2.026499999999942,-0.429999999998472,1.0900000000019645,0.1617932820475928,0.7899999999999636
CTRL_91200522,0,,Control,2026-04-09 05:21:36,H,Unstructured / Noise / Exogenous,2.400000000001455,3.450000000000728,2.400000000001455,0.180000000000291,0.0300000000024738,0.0694523217760623,0.7847999999999956
CTRL_91162669,0,,Control,2026-04-08 15:17:24,D,Acceleration Continuation,0.2015000000010331,-1.7099999999991269,-2.0799999999999272,-0.6199999999989814,-0.2015000000010331,0.1189506312526013,0.7793999999999263
CTRL_91124606,0,,Control,2026-04-08 05:36:27,C,Break-and-Retest,1.4699999999993452,-0.6684999999997672,-1.4699999999993452,0.0699999999997089,0.750000000001819,0.150376822977761,0.7091874999999845
CTRL_91045329,0,,Control,2026-04-07 13:06:19,C,Break-and-Retest,1.3499999999994543,2.340000000000145,1.3499999999994543,-0.0650000000005093,-0.9350000000004002,0.1280673600074485,0.9937500000000624
CTRL_91024794,0,,Control,2026-04-07 07:47:14,C,Break-and-Retest,0.4849999999996726,0.481499999999869,0.4849999999996726,-0.2870000000002619,-0.2484999999996944,0.0778427109903958,0.972899999999936
CTRL_91022147,0,,Control,2026-04-07 05:49:07,H,Unstructured / Noise / Exogenous,0.0,0.0,0.0,0.0,0.0,0.0,0.9769999999998618
CTRL_90970712,0,,Control,2026-04-06 12:05:14,D,Acceleration Continuation,0.6299999999991996,0.7000000000007276,1.4650000000001455,0.7999999999992724,0.6299999999991996,0.0543425633076059,0.7916666666666161
CTRL_90967915,0,,Control,2026-04-06 10:23:30,H,Unstructured / Noise / Exogenous,1.2385000000003856,-0.625,1.2385000000003856,0.1599999999998544,-0.3400000000001455,0.0490108775241239,0.7958333333333485
CTRL_90964953,0,,Control,2026-04-06 06:17:16,A,Volatility Expansion,0.2607028960333827,-0.7199999999993452,-0.3949999999986175,-0.6299999999991996,-0.375,0.2607028960333827,0.7909090909090744
CTRL_90928037,0,,Control,2026-04-02 17:50:43,H,Unstructured / Noise / Exogenous,1.5099999999993088,1.7950000000009825,1.5099999999993088,-0.0749999999998181,-0.4199999999991632,0.0862291440161917,0.8667297297297164
CTRL_90927563,0,,Control,2026-04-02 17:25:31,H,Unstructured / Noise / Exogenous,0.9400000000005092,-2.003500000000713,-0.9400000000005092,0.3034999999999854,0.6185000000004948,0.1016165852604763,0.9668076923076814
CTRL_90900649,0,,Control,2026-04-02 11:36:54,H,Unstructured / Noise / Exogenous,0.2649999999994179,-1.0,-0.2649999999994179,0.6000000000003638,1.5649999999986903,0.0963057287415964,0.7924999999999424
CTRL_90783770,0,,Control,2026-04-01 09:46:41,H,Unstructured / Noise / Exogenous,0.0,0.0,0.0,0.0,0.0,0.0,0.7899999999999636
CTRL_90765592,0,,Control,2026-04-01 03:53:40,H,Unstructured / Noise / Exogenous,0.0,0.0,0.0,0.0,0.0,0.0,0.8269999999993161
CTRL_90724112,0,,Control,2026-03-31 16:58:28,H,Unstructured / Noise / Exogenous,0.0,0.0,0.0,0.0,0.0,0.0,0.7899999999999636
CTRL_90689174,0,,Control,2026-03-31 11:45:37,H,Unstructured / Noise / Exogenous,0.0,0.0,0.0,0.0,0.0,0.0,0.6869999999998981
CTRL_90670870,0,,Control,2026-03-31 05:01:35,H,Unstructured / Noise / Exogenous,0.0600000000004001,0.8600000000005821,0.0600000000004001,-0.0500000000001819,0.2330000000001746,0.0957052586841164,0.8614444444443607
CTRL_90468624,0,,Control,2026-03-30 11:37:48,C,Break-and-Retest,1.1000000000003638,-4.850000000000364,-1.1000000000003638,0.6299999999991996,1.9199999999982535,0.1626788118758462,0.7815199999999822
CTRL_90450144,0,,Control,2026-03-30 10:59:39,H,Unstructured / Noise / Exogenous,1.2600000000002185,1.7399999999997815,1.2600000000002185,0.1214999999992869,-0.1670000000012805,0.0792628696173414,0.7788181818183478
CTRL_90446737,0,,Control,2026-03-30 07:15:21,H,Unstructured / Noise / Exogenous,0.3599999999987631,2.8699999999989814,0.3599999999987631,-0.180000000000291,0.7999999999992724,0.0548478260612524,0.7900000000000286
CTRL_90383944,0,,Control,2026-03-27 15:08:51,H,Unstructured / Noise / Exogenous,3.4399999999996,2.7100000000000364,3.4399999999996,0.9099999999998544,1.9835000000002765,0.158710518149947,0.9954444444446028
CTRL_90367910,0,,Control,2026-03-27 08:28:56,H,Unstructured / Noise / Exogenous,2.1999999999989086,-0.3700000000008003,2.1999999999989086,0.1399999999994179,0.5999999999985448,0.1565021636309828,0.920375000000187
CTRL_90303019,0,,Control,2026-03-26 11:34:34,D,Acceleration Continuation,0.9614999999994324,-0.3765000000003056,-1.488499999999476,-0.3599999999996726,-0.9614999999994324,0.1073962289840593,0.9839999999999886
CTRL_90297337,0,,Control,2026-03-26 08:33:11,H,Unstructured / Noise / Exogenous,1.7885000000005675,-1.4399999999995998,-1.7885000000005675,-0.5249999999996362,0.3499999999994543,0.1449710151653832,0.9961395348836536
CTRL_90194077,0,,Control,2026-03-25 09:23:04,C,Break-and-Retest,1.184999999999491,-0.8500000000003638,-1.184999999999491,0.430000000000291,-0.6699999999982538,0.1149969806364783,0.6200000000001007
CTRL_90192607,0,,Control,2026-03-25 08:45:18,H,Unstructured / Noise / Exogenous,0.0,0.0,0.0,0.0,0.0,0.0,0.6099999999996726
CTRL_90188256,0,,Control,2026-03-25 06:20:47,H,Unstructured / Noise / Exogenous,0.7385000000003856,1.5335000000004584,0.7385000000003856,-0.0065000000004147,-0.0284999999994397,0.0811001740266389,0.9608499999999822
CTRL_90081363,0,,Control,2026-03-24 13:56:15,F,Spread Pulse / Liquidity Shock,1.1604642857142835,0.2514999999993961,-1.355000000000473,-1.133499999999913,0.676500000001397,0.1596644974173766,1.1604642857142835
CTRL_90080406,0,,Control,2026-03-24 13:43:26,H,Unstructured / Noise / Exogenous,4.614999999999782,-1.75,-4.614999999999782,-0.2799999999997453,1.2650000000003274,0.2241769585114441,1.0029615384615296
CTRL_90054432,0,,Control,2026-03-24 10:37:17,H,Unstructured / Noise / Exogenous,0.0,0.0,0.0,0.0,0.0,0.0,0.9570000000003348
CTRL_90052400,0,,Control,2026-03-24 09:32:16,C,Break-and-Retest,5.916500000001179,4.045000000000073,5.916500000001179,-0.6234999999996944,-3.627000000000408,0.1307124013818925,0.6245714285714712
CTRL_89797106,0,,Control,2026-03-23 14:08:44,H,Unstructured / Noise / Exogenous,7.599999999999454,-6.650000000000546,-7.599999999999454,-0.6500000000005457,0.8299999999990177,0.1850484429102086,0.9947600000000238
CTRL_89770716,0,,Control,2026-03-23 07:51:57,F,Spread Pulse / Liquidity Shock,1.0691874999999793,6.275000000000546,8.550000000000182,3.824999999999818,6.380000000000109,0.2675970138807569,1.0691874999999793
CTRL_89517529,0,,Control,2026-03-23 05:58:59,H,Unstructured / Noise / Exogenous,4.1850000000004,-9.489999999999782,-4.1850000000004,-2.1700000000000728,2.416999999998552,0.2108567981343086,0.7450425531915243
CTRL_88577933,0,,Control,2026-03-18 14:15:56,H,Unstructured / Noise / Exogenous,1.2749999999996362,-0.0200000000004365,-1.2749999999996362,-0.2399999999997817,1.1650000000008731,0.1495166211495882,0.7451960784313747
CTRL_88511817,0,,Control,2026-03-18 10:16:31,H,Unstructured / Noise / Exogenous,0.4549999999999272,-0.4150000000008731,0.4549999999999272,-0.0150000000003274,0.0649999999986903,0.0370944739820324,0.6150000000000849
CTRL_88335699,0,,Control,2026-03-17 13:55:39,D,Acceleration Continuation,0.3650000000006912,1.8200000000006185,1.0999999999994543,0.7899999999999636,0.3650000000006912,0.1513126746516558,0.6435862068964494
CTRL_88320644,0,,Control,2026-03-17 09:05:44,H,Unstructured / Noise / Exogenous,0.5299999999988358,1.429999999998472,0.5299999999988358,0.6399999999994179,-0.1314999999995052,0.0608479180890229,0.6415789473684479
CTRL_88172039,0,,Control,2026-03-16 12:27:45,H,Unstructured / Noise / Exogenous,2.1419999999998254,0.2335000000002765,2.1419999999998254,-0.3264999999992142,-0.5794999999980064,0.0892231434226889,0.6207000000000638
CTRL_88163179,0,,Control,2026-03-16 11:55:40,H,Unstructured / Noise / Exogenous,0.1649999999990541,1.8950000000004368,0.1649999999990541,1.434999999999491,-0.054999999998472,0.1796141372316451,0.6303125000000591
CTRL_88154082,0,,Control,2026-03-16 08:52:53,H,Unstructured / Noise / Exogenous,1.6599999999998545,2.1299999999992,1.6599999999998545,0.0,-1.320000000001528,0.1123239363034121,0.6300000000001091
CTRL_88144292,0,,Control,2026-03-16 05:31:16,H,Unstructured / Noise / Exogenous,0.0799999999999272,-1.3999999999996362,-0.0799999999999272,0.0300000000006548,0.3299999999999272,0.0504066305400056,0.7214285714284675
CTRL_88015942,0,,Control,2026-03-13 11:21:51,C,Break-and-Retest,0.5100000000002183,-0.7000000000007276,-0.5100000000002183,0.430000000000291,0.3600000000005821,0.0831342622241496,0.6038571428571231
CTRL_88014898,0,,Control,2026-03-13 10:59:10,H,Unstructured / Noise / Exogenous,0.4699999999993451,-0.9200000000000728,0.4699999999993451,0.1700000000000727,0.1200000000008003,0.0441273409835435,0.6299999999999792
CTRL_87966615,0,,Control,2026-03-13 06:22:52,H,Unstructured / Noise / Exogenous,1.7100000000000364,0.2614999999996144,1.7100000000000364,0.4234999999998763,-0.2229999999999563,0.045120734500062,0.6981739130435175
CTRL_87764166,0,,Control,2026-03-12 16:11:23,C,Break-and-Retest,2.645000000000437,-3.530000000000655,-2.645000000000437,0.680000000000291,2.198500000000422,0.0905668951660208,0.6074634146341007
CTRL_87728889,0,,Control,2026-03-12 11:39:26,D,Acceleration Continuation,0.2300000000013824,0.0199999999986175,-0.5700000000006185,0.0,-0.2300000000013824,0.0,0.6300000000001091
CTRL_87728679,0,,Control,2026-03-12 11:36:53,H,Unstructured / Noise / Exogenous,0.25,-0.6650000000008731,0.25,0.1299999999991996,0.1699999999982537,0.1217322882393846,0.6300000000001091
CTRL_87725200,0,,Control,2026-03-12 08:47:44,C,Break-and-Retest,1.3065000000005966,-1.6599999999998545,-1.3065000000005966,0.4399999999986903,0.2699999999986175,0.1088577052852767,0.6300000000001091
CTRL_87715345,0,,Control,2026-03-12 07:26:54,H,Unstructured / Noise / Exogenous,0.1300000000010186,0.0200000000004365,0.1300000000010186,-0.0199999999986175,0.2235000000018772,0.0500000000001819,0.6300000000001091
CTRL_87640068,0,,Control,2026-03-11 10:24:31,H,Unstructured / Noise / Exogenous,1.7049999999999272,-2.1900000000005093,-1.7049999999999272,-0.1150000000006912,-0.2550000000010186,0.1368111250982548,0.630999999999949
CTRL_87634841,0,,Control,2026-03-11 07:53:12,H,Unstructured / Noise / Exogenous,0.4899999999997817,-1.1200000000008004,-0.4899999999997817,-0.2399999999997817,-0.1499999999996362,0.065838392124982,0.6299999999999879
CTRL_87455839,0,,Control,2026-03-10 08:59:56,H,Unstructured / Noise / Exogenous,0.3000000000001819,-2.0599999999994907,0.3000000000001819,0.2299999999995634,-0.110000000000582,0.0486383625488453,0.689388888888819
CTRL_87436917,0,,Control,2026-03-10 08:28:46,H,Unstructured / Noise / Exogenous,0.5450000000000728,0.2550000000001091,0.5450000000000728,0.0299999999997453,-0.305000000000291,0.072342733390163,0.6591666666667303
CTRL_87433721,0,,Control,2026-03-10 07:30:41,H,Unstructured / Noise / Exogenous,1.3299999999999272,-1.5100000000002185,-1.3299999999999272,-0.6135000000003856,-0.1364999999996143,0.0972170766891986,0.6578333333333527
CTRL_87303856,0,,Control,2026-03-09 12:17:49,D,Acceleration Continuation,0.2564999999985957,0.1000000000003638,0.4414999999999054,0.4399999999995998,0.2564999999985957,0.1419463470192981,0.837999999999829
CTRL_87220510,0,,Control,2026-03-09 08:40:33,D,Acceleration Continuation,0.3449999999993451,-1.4549999999999272,-2.694999999999709,-0.819999999999709,-0.3449999999993451,0.1223416284363461,0.6633333333333111
CTRL_87193343,0,,Control,2026-03-09 06:54:59,C,Break-and-Retest,2.519999999999527,-0.25,2.519999999999527,-0.1649999999999636,-0.6700000000000728,0.0421930088996297,0.753636363636443
CTRL_87031092,0,,Control,2026-03-06 08:04:20,H,Unstructured / Noise / Exogenous,0.0,0.0,0.0,0.0,0.0,0.0,0.0
CTRL_87025580,0,,Control,2026-03-06 05:08:56,H,Unstructured / Noise / Exogenous,0.8064999999996871,-0.680000000000291,-0.8064999999996871,-0.0300000000006548,-0.1450000000004365,0.0420565096034751,0.75
CTRL_87000308,0,,Control,2026-03-05 19:05:01,H,Unstructured / Noise / Exogenous,1.8715000000001965,2.4200000000000728,1.8715000000001965,0.0799999999999272,0.0799999999999272,0.0821970478257849,0.8337222222221499
CTRL_86894280,0,,Control,2026-03-05 06:47:29,A,Volatility Expansion,0.2414276979415065,3.5299999999997453,0.5850000000000364,0.7635000000000218,0.8270000000002256,0.2414276979415065,0.7281000000000859
CTRL_86784552,0,,Control,2026-03-04 10:57:36,H,Unstructured / Noise / Exogenous,0.4450000000006184,2.3100000000004,0.4450000000006184,0.1150000000006912,-0.2949999999991632,0.0825402258833515,0.6687500000001023
CTRL_86773790,0,,Control,2026-03-04 07:30:10,H,Unstructured / Noise / Exogenous,0.4400000000005093,-4.011500000000524,-0.4400000000005093,0.6899999999995998,2.4899999999997817,0.1727595872882447,0.7521904761903594
CTRL_86716303,0,,Control,2026-03-03 14:31:45,F,Spread Pulse / Liquidity Shock,1.3843972602740182,-8.203500000000531,-13.808500000000096,-5.795000000000073,-5.5900000000001455,0.3830595940384332,1.3843972602740182
CTRL_86624724,0,,Control,2026-03-03 10:30:26,H,Unstructured / Noise / Exogenous,0.9099999999998544,-1.5949999999993452,-0.9099999999998544,-0.1900000000005093,-3.460000000000946,0.0861245464430133,0.7780487804877738
CTRL_86558318,0,,Control,2026-03-03 05:42:14,H,Unstructured / Noise / Exogenous,1.0245000000004438,-1.753500000000713,-1.0245000000004438,0.7349999999996726,2.232999999999265,0.1279146219906551,0.9620555555556064
CTRL_86192606,0,,Control,2026-03-02 12:31:12,H,Unstructured / Noise / Exogenous,0.0400000000008731,1.113499999999476,-0.0400000000008731,0.4499999999989086,0.3099999999985812,0.0735224833336715,0.731000000000131
CTRL_86161488,0,,Control,2026-03-02 08:22:17,C,Break-and-Retest,0.9199999999991632,2.0850000000000364,0.9199999999991632,-0.2100000000000363,-0.8000000000001819,0.1688280930413737,0.6984761904761745
CTRL_86155613,0,,Control,2026-03-02 07:17:11,D,Acceleration Continuation,0.9900000000016008,4.274999999999636,0.9234999999998764,1.0100000000002185,0.9900000000016008,0.1637032138185357,0.7470000000000456
CTRL_86014472,0,,Control,2026-02-27 15:12:11,H,Unstructured / Noise / Exogenous,2.180000000000291,3.055000000000291,2.180000000000291,-0.1700000000000727,-0.4400000000005093,0.1054649017274868,0.819074999999998
CTRL_86011644,0,,Control,2026-02-27 15:03:57,D,Acceleration Continuation,2.139999999999418,1.694999999999709,1.7100000000000364,1.4099999999998545,2.139999999999418,0.1885960665850825,0.8321249999999963
CTRL_86000608,0,,Control,2026-02-27 14:45:40,H,Unstructured / Noise / Exogenous,0.5850000000000364,-3.430000000000291,0.5850000000000364,0.8950000000004366,1.6679999999987558,0.1340146605244811,0.8338222222222612
CTRL_85948772,0,,Control,2026-02-27 10:31:26,D,Acceleration Continuation,0.413499999999658,-1.0299999999997451,-0.8400000000001455,-0.8999999999996362,-0.413499999999658,0.1675672336042225,0.8220000000000686
CTRL_85942844,0,,Control,2026-02-27 07:41:14,H,Unstructured / Noise / Exogenous,0.3800000000001091,-1.0,0.3800000000001091,0.110000000000582,0.375000000001819,0.0533593686446961,0.7142857142858442
CTRL_85935017,0,,Control,2026-02-27 04:39:59,H,Unstructured / Noise / Exogenous,0.1550000000006548,0.2849999999998545,0.1550000000006548,-0.0149999999994179,-0.1949999999997089,0.0126294945358534,0.748666666666395
CTRL_85865765,0,,Control,2026-02-26 13:44:18,A,Volatility Expansion,0.1778709037475201,-2.543499999999767,-1.913499999999658,-0.8634999999994761,-0.3834999999999127,0.1778709037475201,0.7883076923078709
CTRL_85833216,0,,Control,2026-02-26 11:12:11,H,Unstructured / Noise / Exogenous,0.0100000000002182,0.0249999999996362,-0.0100000000002182,0.1000000000003638,0.1649999999999636,0.1563975833625478,0.6787500000000364
CTRL_85827276,0,,Control,2026-02-26 09:16:35,H,Unstructured / Noise / Exogenous,0.6565000000009604,-0.9714999999996508,-0.6565000000009604,-0.0015000000003055,-0.161500000001979,0.0611580943126709,0.6781428571428998
CTRL_85787460,0,,Control,2026-02-26 05:50:35,H,Unstructured / Noise / Exogenous,0.0285000000003492,-0.1564999999991414,0.0285000000003492,-0.4494999999988067,-0.3665000000000873,0.0865558522317243,0.8074999999998909
CTRL_85704475,0,,Control,2026-02-25 14:08:24,C,Break-and-Retest,0.8350000000000364,1.0900000000001455,0.8350000000000364,-0.1700000000000727,-0.3350000000000364,0.0268741924943698,0.6714285714286754
CTRL_85668988,0,,Control,2026-02-25 09:48:39,A,Volatility Expansion,0.1902443150485046,-1.1585000000004584,-0.9050000000006548,-0.6000000000003638,0.4799999999995634,0.1902443150485046,0.6800000000000311
CTRL_85668110,0,,Control,2026-02-25 09:20:37,H,Unstructured / Noise / Exogenous,0.3850000000002183,0.875,0.3850000000002183,-0.8500000000003638,-1.4950000000008004,0.1605284640022839,0.7037499999999
CTRL_85640223,0,,Control,2026-02-25 05:44:03,H,Unstructured / Noise / Exogenous,0.1435000000001309,2.33849999999984,0.1435000000001309,-1.5150000000003274,-2.345000000001164,0.1440874165003784,0.8424081632652927
CTRL_85396743,0,,Control,2026-02-24 13:06:50,C,Break-and-Retest,1.2935000000006769,1.6364999999996144,-1.2935000000006769,0.1099999999996725,1.5150000000003274,0.035067152941562,0.8718181818182363
CTRL_85385479,0,,Control,2026-02-24 12:56:40,H,Unstructured / Noise / Exogenous,0.2550000000001091,0.3850000000002183,0.2550000000001091,0.2550000000001091,-0.3150000000005093,0.0839801563861338,0.6893750000000978
CTRL_85342738,0,,Control,2026-02-24 07:49:42,H,Unstructured / Noise / Exogenous,1.6199999999998909,-2.4899999999997817,-1.6199999999998909,-0.1599999999998544,-0.109999999998763,0.1069527413812419,0.7142857142855844
CTRL_85182793,0,,Control,2026-02-23 12:47:41,H,Unstructured / Noise / Exogenous,1.305000000000291,-1.875,-1.305000000000291,0.0049999999991996,0.6449999999986176,0.1004892369098576,0.7126666666667006
CTRL_85084978,0,,Control,2026-02-23 09:06:20,D,Acceleration Continuation,0.4949999999989813,-1.7899999999999636,-2.0049999999992,-1.014999999999418,-0.4949999999989813,0.1343528269101877,0.6964210526316252
CTRL_85066329,0,,Control,2026-02-23 07:15:45,H,Unstructured / Noise / Exogenous,1.0284999999994398,-0.555000000000291,1.0284999999994398,-0.0100000000002182,-0.0035000000016225,0.0503115294934198,0.7379999999997381
CTRL_84971230,0,,Control,2026-02-20 03:39:53,C,Break-and-Retest,0.5799999999999272,-1.305000000000291,-0.5799999999999272,0.0799999999999272,-0.0799999999999272,0.0,0.8299999999999272
CTRL_84960053,0,,Control,2026-02-19 20:03:35,H,Unstructured / Noise / Exogenous,0.0,0.0,0.0,0.0,0.0,0.0,0.6799999999993815
CTRL_84858142,0,,Control,2026-02-18 03:15:40,H,Unstructured / Noise / Exogenous,0.8164999999999054,2.0299999999997453,0.8164999999999054,0.0699999999997089,0.0565000000015061,0.0649999999995998,0.8300000000002304
CTRL_84803733,0,,Control,2026-02-17 10:06:33,H,Unstructured / Noise / Exogenous,0.8000000000001819,0.5614999999997963,0.8000000000001819,-0.0650000000005093,-0.0320000000010622,0.0794981170675799,0.8291000000001987
CTRL_84675020,0,,Control,2026-02-13 10:57:08,H,Unstructured / Noise / Exogenous,4.009999999999309,-3.970000000000255,-4.009999999999309,0.0119999999997162,0.6400000000003274,0.1059357718388521,0.7072413793102583
CTRL_84665776,0,,Control,2026-02-13 07:03:26,H,Unstructured / Noise / Exogenous,0.2450000000008003,0.5850000000009459,0.2450000000008003,0.0950000000011641,-0.1899999999986903,0.0266087333661838,1.0429999999999382
CTRL_84496990,0,,Control,2026-02-12 10:57:51,H,Unstructured / Noise / Exogenous,0.218499999999949,-0.7700000000004366,0.218499999999949,-0.0200000000004365,-0.1500000000005457,0.0101980390275865,0.9636666666665406
CTRL_84480811,0,,Control,2026-02-12 08:49:59,H,Unstructured / Noise / Exogenous,1.2600000000002185,-1.6049999999995634,-1.2600000000002185,-0.2550000000001091,0.8099999999994907,0.0554949322009272,0.6479999999999564
CTRL_84448544,0,,Control,2026-02-12 04:51:33,C,Break-and-Retest,1.3500000000003638,2.0100000000002183,1.3500000000003638,-0.2250000000003638,-0.6334999999999127,0.0537587202229193,0.956666666666782
CTRL_84397864,0,,Control,2026-02-11 15:25:50,D,Acceleration Continuation,0.3634999999994761,2.895000000000437,0.9099999999998544,0.660000000000764,0.3634999999994761,0.12511003490265,0.8831224489795204
CTRL_83980760,0,,Control,2026-02-09 09:49:32,H,Unstructured / Noise / Exogenous,0.2999999999992724,-1.055000000000291,0.2999999999992724,-0.0400000000008731,-0.0450000000018917,0.0307205143185602,0.7177777777777818
CTRL_83923769,0,,Control,2026-02-06 13:19:06,F,Spread Pulse / Liquidity Shock,1.0774897959184142,3.836500000000342,1.1700000000000728,-0.0849999999991268,-1.0900000000001455,0.1892359076197971,1.0774897959184142
CTRL_83915642,0,,Control,2026-02-06 07:01:42,F,Spread Pulse / Liquidity Shock,1.6200000000000307,1.7349999999996726,3.188999999999396,-0.1000000000003638,0.0150000000003274,0.0248607231501098,1.6200000000000307
CTRL_83897665,0,,Control,2026-02-06 05:15:33,F,Spread Pulse / Liquidity Shock,1.6225000000004002,-1.125,-1.9350000000004,0.0050000000001091,-0.4449999999997089,0.0143372087787173,1.6225000000004002
CTRL_83821484,0,,Control,2026-02-05 15:12:12,F,Spread Pulse / Liquidity Shock,1.34182089552228,-6.1950000000006185,-1.910000000000764,3.6599999999998554,7.1800000000012005,0.256571357657584,1.34182089552228
CTRL_83699779,0,,Control,2026-02-04 17:27:53,F,Spread Pulse / Liquidity Shock,1.2633513513512815,5.889999999999418,12.866499999999178,1.6765000000004875,-2.7454999999999927,0.4032094728105404,1.2633513513512815
CTRL_83541051,0,,Control,2026-02-03 11:45:26,H,Unstructured / Noise / Exogenous,0.0050000000001091,-0.2550000000001091,0.0050000000001091,-0.2800000000006548,-0.2300000000013824,0.0344342022666616,0.8999999999998636
CTRL_83511633,0,,Control,2026-02-02 20:10:35,F,Spread Pulse / Liquidity Shock,1.0557872340423853,-1.343499999999949,-0.3684999999995852,3.581999999999425,3.698499999999513,0.2380806274367375,1.0557872340423853
CTRL_83314376,0,,Control,2026-01-30 04:22:54,F,Spread Pulse / Liquidity Shock,1.659967741935508,-2.539999999999964,-1.559999999999491,-0.8550000000004729,-1.1899999999995998,0.162199465679428,1.659967741935508
CTRL_83084849,0,,Control,2026-01-28 06:46:54,D,Acceleration Continuation,0.4849999999987631,-2.119999999999891,-1.389999999999418,-0.4949999999998908,-0.4849999999987631,0.1138801106068454,0.5951944444444608
CTRL_82913535,0,,Control,2026-01-26 08:45:40,D,Acceleration Continuation,0.2999999999992724,-0.1199999999989813,-0.4915000000000873,-0.551499999999578,-0.2999999999992724,0.0768293114405428,0.5019583333333344
CTRL_82824133,0,,Control,2026-01-23 06:45:21,H,Unstructured / Noise / Exogenous,1.7300000000013824,1.3700000000008004,1.7300000000013824,0.3000000000010914,0.1000000000021827,0.0845484328651586,0.5441176470587166
CTRL_82775023,0,,Control,2026-01-22 07:10:06,H,Unstructured / Noise / Exogenous,0.0,0.0,0.0,0.0,0.0,0.0,0.0
CTRL_82667342,0,,Control,2026-01-20 06:45:31,H,Unstructured / Noise / Exogenous,0.6550000000006548,0.3149999999986903,-0.6550000000006548,-0.2000000000007276,-0.250000000001819,0.0423921149833118,0.6329999999998563
CTRL_82600157,0,,Control,2026-01-16 12:33:59,H,Unstructured / Noise / Exogenous,0.8400000000001455,-0.4749999999994543,-0.8400000000001455,-0.0084999999999126,0.25,0.0484040545822923,0.6884545454544919
CTRL_82596177,0,,Control,2026-01-16 06:48:56,H,Unstructured / Noise / Exogenous,0.1414999999997235,-1.3284999999996217,0.1414999999997235,0.0900000000001455,0.4000000000014552,0.1153853928748801,0.6816304347826783
CTRL_82564751,0,,Control,2026-01-15 07:04:50,H,Unstructured / Noise / Exogenous,0.4284999999999854,-0.2585000000008222,-0.4284999999999854,-0.0250000000005456,-0.2300000000013824,0.0631921627505548,0.7154545454545769
CTRL_82523311,0,,Control,2026-01-14 04:14:14,H,Unstructured / Noise / Exogenous,0.5150000000003274,-0.3100000000004002,0.5150000000003274,0.0450000000000727,-0.0349999999989449,0.0470814896396734,0.6575000000000273
CTRL_82494965,0,,Control,2026-01-13 10:29:06,H,Unstructured / Noise / Exogenous,0.0470000000004802,-0.5149999999994179,0.0470000000004802,0.0349999999998544,0.0850000000009458,0.0147441137034944,0.7039999999999509
CTRL_82465593,0,,Control,2026-01-12 11:56:18,A,Volatility Expansion,0.1476685267809337,-2.9849999999996726,-2.1149999999997817,-1.875,-1.7050000000008367,0.1476685267809337,0.4403478260868644
CTRL_82462486,0,,Control,2026-01-12 09:10:57,A,Volatility Expansion,0.1321429528953274,2.4000000000005457,1.5200000000004366,0.5580000000009022,1.25,0.1321429528953274,0.6159999999999286
CTRL_82241706,0,,Control,2026-01-12 05:15:37,H,Unstructured / Noise / Exogenous,0.2534999999998035,-1.8299999999999272,-0.2534999999998035,-0.0099999999993087,0.1050000000004729,0.0443082273201795,0.6339166666666642
CTRL_82199073,0,,Control,2026-01-09 06:48:58,H,Unstructured / Noise / Exogenous,0.2700000000004365,-0.4335000000000946,-0.2700000000004365,0.1099999999996725,-0.1650000000008731,0.0447465082437396,0.6347619047617714
CTRL_82169230,0,,Control,2026-01-08 06:50:21,H,Unstructured / Noise / Exogenous,0.5399999999999636,0.4200000000000727,0.5399999999999636,-0.1699999999991632,-1.229999999998654,0.0533451971520237,0.8299999999999946
CTRL_82147110,0,,Control,2026-01-07 13:49:17,H,Unstructured / Noise / Exogenous,0.0,0.0,0.0,0.0,0.0,0.0,0.6570000000001528
CTRL_82095097,0,,Control,2026-01-06 06:37:50,D,Acceleration Continuation,0.7399999999988722,1.5299999999997451,0.8350000000000364,1.1835000000000946,0.7399999999988722,0.0803046283429817,0.7446785714285592
CTRL_82061725,0,,Control,2026-01-05 08:57:23,H,Unstructured / Noise / Exogenous,0.5799999999999272,0.4950000000008003,0.5799999999999272,-0.0100000000002182,0.0750000000007276,0.0830263512384196,0.7617777777778529
CTRL_82028698,0,,Control,2026-01-02 07:16:50,H,Unstructured / Noise / Exogenous,1.2900000000008731,-0.6050000000004729,-1.2900000000008731,0.5049999999991996,-0.949999999999818,0.0839499614099721,0.8341142857142976
CTRL_81983513,0,,Control,2025-12-30 09:57:46,H,Unstructured / Noise / Exogenous,0.1599999999998544,0.125,0.1599999999998544,0.0299999999988358,-0.4099999999998545,0.035206817521498,0.7860769230771019
CTRL_81979298,0,,Control,2025-12-30 05:05:44,H,Unstructured / Noise / Exogenous,0.304999999998472,-0.0514999999995779,-0.304999999998472,0.0300000000006548,-0.1499999999987267,0.0261533936613976,0.7583333333332121
CTRL_81950224,0,,Control,2025-12-29 03:56:17,H,Unstructured / Noise / Exogenous,0.3749999999990905,-0.6299999999991996,-0.3749999999990905,-0.0334999999995488,0.1715000000003783,0.083931363038511,0.848600000000306
CTRL_38800885,0,,Control,2025-12-23 15:23:24,H,Unstructured / Noise / Exogenous,0.0299999999997453,-1.5100000000002185,0.0299999999997453,-0.805000000000291,-2.399999999999636,0.0991553414901809,0.6766046511628553
CTRL_38786971,0,,Control,2025-12-23 09:38:01,C,Break-and-Retest,0.8599999999996726,0.0500000000001819,-0.8599999999996726,0.0685000000003128,0.3550000000004729,0.0399433483119056,0.8195000000002134
CTRL_38759834,0,,Control,2025-12-22 09:52:54,H,Unstructured / Noise / Exogenous,0.1914999999989959,0.1349999999993087,0.1914999999989959,0.006999999999607,-0.0670000000009167,0.026537185650198,0.8389999999997144
CTRL_38755615,0,,Control,2025-12-22 06:02:51,H,Unstructured / Noise / Exogenous,1.019999999999527,-0.4650000000001455,-1.019999999999527,0.25,0.0700000000006184,0.0419774865256534,0.8311764705882417
CTRL_38723027,0,,Control,2025-12-19 12:27:44,H,Unstructured / Noise / Exogenous,1.6650000000008731,2.0100000000002183,1.6650000000008731,-0.305000000000291,-0.0864999999976134,0.0740729745294102,0.538571428571361
CTRL_38720385,0,,Control,2025-12-19 08:28:53,H,Unstructured / Noise / Exogenous,0.2400000000006912,-0.2750000000005457,-0.2400000000006912,0.1300000000001091,0.0299999999997453,0.0447871509349781,0.5277692307690813
CTRL_38686016,0,,Control,2025-12-18 07:47:33,H,Unstructured / Noise / Exogenous,0.1949999999997089,0.375,-0.1949999999997089,-0.0399999999999636,-0.0299999999997453,0.0,0.5799999999999272
CTRL_38683859,0,,Control,2025-12-18 05:50:45,H,Unstructured / Noise / Exogenous,0.2649999999994179,0.0649999999995998,-0.2649999999994179,0.0700000000006184,-0.0249999999987267,0.0394481938750296,0.5919230769230546
CTRL_38650723,0,,Control,2025-12-17 07:23:06,A,Volatility Expansion,0.1042121234148483,-0.1149999999997817,0.6000000000003638,0.6000000000003638,0.1419999999989158,0.1042121234148483,0.5651578947367613
CTRL_38648802,0,,Control,2025-12-17 06:06:41,H,Unstructured / Noise / Exogenous,0.8649999999988722,1.089999999999236,0.8649999999988722,0.054999999998472,0.2199999999993451,0.0563673019335096,0.6141666666666575
CTRL_38612361,0,,Control,2025-12-16 06:26:45,H,Unstructured / Noise / Exogenous,0.0349999999998544,-0.7299999999995634,-0.0349999999998544,-0.1349999999993087,-0.2065000000002328,0.0433447297311592,0.5487916666667919
CTRL_38570537,0,,Control,2025-12-15 12:45:14,A,Volatility Expansion,0.1010228751412944,-0.4750000000003638,-0.7749999999996362,0.0049999999991996,0.3149999999986903,0.1010228751412944,0.5507142857143533
CTRL_38568721,0,,Control,2025-12-15 10:14:18,H,Unstructured / Noise / Exogenous,0.3549999999995634,-0.5049999999991996,-0.3549999999995634,-0.0699999999997089,0.0599999999994906,0.0267079315837171,0.5507142857144183
CTRL_38528027,0,,Control,2025-12-12 09:10:01,H,Unstructured / Noise / Exogenous,0.0350000000007639,-0.2714999999998326,0.0350000000007639,-0.6599999999998545,-0.6850000000004002,0.096815391338313,0.6733461538462087
CTRL_38492680,0,,Control,2025-12-11 10:54:27,C,Break-and-Retest,0.8000000000001819,0.9650000000001456,0.8000000000001819,-0.0799999999999272,-0.089999999999236,0.0023570226044353,0.5850000000000364
CTRL_38487563,0,,Control,2025-12-11 07:17:30,H,Unstructured / Noise / Exogenous,1.1650000000008731,1.335000000000946,1.1650000000008731,0.3250000000007276,-0.6049999999995634,0.0827564393741457,0.5432142857143845
CTRL_38449900,0,,Control,2025-12-10 14:16:07,C,Break-and-Retest,1.2785000000003492,-0.7229999999999563,-1.2785000000003492,0.1000000000003638,0.2300000000013824,0.0402862208681676,0.5641333333333023
CTRL_38448404,0,,Control,2025-12-10 14:02:48,H,Unstructured / Noise / Exogenous,0.2199999999993451,-1.5949999999993452,-0.2199999999993451,0.2449999999998908,0.4349999999994907,0.070984924226669,0.5792962962962486
CTRL_38443239,0,,Control,2025-12-10 12:02:30,D,Acceleration Continuation,0.3400000000019645,1.0250000000014552,0.75,0.3550000000013824,0.3400000000019645,0.0512943033438961,0.5635806451613932
CTRL_38441014,0,,Control,2025-12-10 10:18:15,H,Unstructured / Noise / Exogenous,0.0,0.0,0.0,0.0,0.0,0.0,0.5399999999999636
CTRL_38422656,0,,Control,2025-12-09 18:18:05,H,Unstructured / Noise / Exogenous,0.1700000000000727,-0.6864999999997963,-0.1700000000000727,0.0049999999991996,-0.1950000000006184,0.0360147419030941,0.5880512820514037
CTRL_38394143,0,,Control,2025-12-09 08:20:42,H,Unstructured / Noise / Exogenous,0.2199999999993451,0.643500000000131,-0.2199999999993451,-0.0799999999999272,-0.3299999999999272,0.0503015597528629,0.5642105263158508
CTRL_38381092,0,,Control,2025-12-08 14:42:55,H,Unstructured / Noise / Exogenous,2.540000000000873,-4.110000000000582,-2.540000000000873,-0.1300000000001091,0.0100000000002182,0.064997099634616,0.5393103448274721
CTRL_38327555,0,,Control,2025-12-05 12:51:32,H,Unstructured / Noise / Exogenous,0.1400000000003274,0.4050000000006548,0.1400000000003274,0.0300000000006548,-0.0599999999994906,0.0257120810341289,0.5390000000001237
CTRL_38293895,0,,Control,2025-12-04 11:03:01,F,Spread Pulse / Liquidity Shock,0.3680000000000031,0.4184999999997671,1.0184999999992217,0.3284999999996216,0.4620000000004438,0.0864887998528107,0.3680000000000031
CTRL_38258178,0,,Control,2025-12-03 07:18:51,H,Unstructured / Noise / Exogenous,0.1499999999996362,0.1300000000010186,-0.1499999999996362,-0.1299999999991996,1.8189894035458565e-12,0.0677052435197107,0.599999999999909
CTRL_38220734,0,,Control,2025-12-02 09:17:10,H,Unstructured / Noise / Exogenous,1.75,-2.5450000000000728,-1.75,0.0299999999988358,0.1449999999986175,0.0522522726777381,0.5554375000002096
CTRL_38185142,0,,Control,2025-12-01 09:59:10,H,Unstructured / Noise / Exogenous,0.1700000000000727,0.9864999999999782,0.1700000000000727,-0.1850000000004001,0.4600000000009459,0.0646984498576279,0.7463333333333063
CTRL_38122859,0,,Control,2025-11-27 08:47:26,H,Unstructured / Noise / Exogenous,0.3749999999990905,0.5799999999999272,0.3749999999990905,-0.2399999999997817,-0.8999999999996362,0.0517543466452882,0.693333333333309
CTRL_38119105,0,,Control,2025-11-27 05:54:07,H,Unstructured / Noise / Exogenous,0.1299999999991996,0.6100000000005821,-0.1299999999991996,-0.0699999999997089,-0.0449999999982537,0.0666874967459761,0.6100000000001923
CTRL_38045554,0,,Control,2025-11-26 07:21:48,H,Unstructured / Noise / Exogenous,0.0399999999999636,0.2114999999994324,0.0399999999999636,0.0,0.0300000000006548,0.0664194132880558,0.7528571428571402
CTRL_37964561,0,,Control,2025-11-24 10:46:04,H,Unstructured / Noise / Exogenous,0.1950000000001637,0.0199999999999818,0.1950000000001637,-0.0399999999999636,0.1100000000001273,0.0448729344585242,0.7520000000000436
CTRL_37928869,0,,Control,2025-11-21 10:59:11,H,Unstructured / Noise / Exogenous,0.0,0.0,0.0,0.0,0.0,0.0,0.7399999999997817
CTRL_37874673,0,,Control,2025-11-20 05:54:10,H,Unstructured / Noise / Exogenous,0.1599999999998544,-0.4499999999998181,-0.1599999999998544,-0.269999999999527,-0.6300000000001091,0.036770451665849,0.6116666666666409
CTRL_37836776,0,,Control,2025-11-19 09:57:16,H,Unstructured / Noise / Exogenous,1.309999999999491,1.9749999999994543,1.309999999999491,0.0349999999998544,-1.3869999999997162,0.0635571773515732,0.5468148148148194
CTRL_37791981,0,,Control,2025-11-18 06:33:04,H,Unstructured / Noise / Exogenous,0.6499999999996362,-0.2300000000000182,0.6499999999996362,0.9149999999999636,-0.0599999999999454,0.0774620307694658,0.5642424242423933
CTRL_37748984,0,,Control,2025-11-17 07:02:27,D,Acceleration Continuation,0.8249999999993634,2.675000000000182,2.3450000000002547,0.6350000000002183,0.8249999999993634,0.1086970648321737,0.4972222222222626
CTRL_37701576,0,,Control,2025-11-14 08:57:06,H,Unstructured / Noise / Exogenous,0.3635000000012951,-0.4664999999986321,0.3635000000012951,0.448500000000422,-0.3329999999996289,0.0957259448727205,0.5938750000000633
CTRL_37610153,0,,Control,2025-11-12 08:04:02,D,Acceleration Continuation,0.4500000000016371,-0.1199999999998908,0.7950000000000728,0.410000000000764,0.4500000000016371,0.0586944631119461,0.5223076923076895
CTRL_37543683,0,,Control,2025-11-10 09:07:51,H,Unstructured / Noise / Exogenous,0.2034999999996216,-0.0799999999999272,-0.2034999999996216,-0.125,0.4450000000006184,0.102932691060177,0.5171428571427766
CTRL_37542995,0,,Control,2025-11-10 08:45:16,H,Unstructured / Noise / Exogenous,0.2199999999997999,-1.5949999999998,-0.2199999999997999,0.0900000000001455,0.1599999999998544,0.0542065076671511,0.549375000000083
CTRL_37542639,0,,Control,2025-11-10 08:27:17,H,Unstructured / Noise / Exogenous,0.5050000000001091,0.6300000000001091,0.5050000000001091,-0.0250000000000909,0.2200000000002546,0.0219089023002074,0.493333333333491
CTRL_37507379,0,,Control,2025-11-07 09:03:04,A,Volatility Expansion,0.125715571208546,0.8800000000001091,0.1599999999998544,-0.0399999999999636,0.1199999999998908,0.125715571208546,0.5459999999998723
CTRL_37477144,0,,Control,2025-11-06 10:27:44,H,Unstructured / Noise / Exogenous,0.0534999999999854,-0.2784999999998945,-0.0534999999999854,-0.0234999999997853,-0.0650000000000545,0.0369914592245423,0.6079999999999798
CTRL_37442389,0,,Control,2025-11-05 07:40:47,H,Unstructured / Noise / Exogenous,0.7600000000002183,-1.4099999999998545,-0.7600000000002183,-0.2514999999998508,0.0635000000002037,0.0689823205874426,0.6664444444444244
CTRL_37400976,0,,Control,2025-11-04 07:54:22,H,Unstructured / Noise / Exogenous,0.8850000000002183,-0.2000000000002728,-0.8850000000002183,-0.0300000000002,0.1299999999991996,0.0294392028879901,0.5
CTRL_37386001,0,,Control,2025-11-03 16:23:37,D,Acceleration Continuation,0.5630000000005566,-0.3989999999998872,-1.9650000000001453,-0.5704999999998108,-0.5630000000005566,0.0357952488992234,0.7216585365853927
CTRL_37296835,0,,Control,2025-10-30 07:29:53,D,Acceleration Continuation,0.839999999999236,1.1649999999999636,2.769999999999982,0.5299999999997453,0.839999999999236,0.0721536231157521,0.7247777777777427
CTRL_37217619,0,,Control,2025-10-28 10:37:18,C,Break-and-Retest,1.5880000000001928,1.5050000000001091,1.5880000000001928,-0.5850000000000364,-1.1114999999995234,0.0961423223863205,0.7073499999999967
CTRL_37162697,0,,Control,2025-10-27 05:58:05,C,Break-and-Retest,0.6934999999998581,2.686999999999898,0.6934999999998581,-0.3265000000001237,0.991500000000542,0.0901350427288571,0.6910606060606149
CTRL_37145681,0,,Control,2025-10-24 16:19:45,H,Unstructured / Noise / Exogenous,0.2099999999991268,1.2150000000001455,0.2099999999991268,-0.0900000000001455,0.1650000000008731,0.0243812313971234,0.5880000000001928
CTRL_37082195,0,,Control,2025-10-23 05:15:44,D,Acceleration Continuation,0.3164999999999054,0.2049999999999272,0.6649999999999636,0.2635000000000218,0.3164999999999054,0.0932500000003528,0.7089999999999842
CTRL_37045628,0,,Control,2025-10-22 06:47:29,H,Unstructured / Noise / Exogenous,0.0,0.0,0.0,0.0,0.0,0.0,0.589999999999236
CTRL_37005647,0,,Control,2025-10-21 10:41:35,F,Spread Pulse / Liquidity Shock,0.5305909090908988,-2.889999999999418,0.1114999999999781,-0.3484999999991487,-0.7205000000003565,0.0491129938793603,0.5305909090908988
CTRL_36998918,0,,Control,2025-10-21 07:27:21,H,Unstructured / Noise / Exogenous,1.190000000000509,-1.144999999999527,-1.190000000000509,0.0850000000000363,0.6849999999994907,0.0712428684565483,0.5037500000000819
CTRL_36997575,0,,Control,2025-10-21 07:08:43,D,Acceleration Continuation,0.5050000000010186,-1.125,0.5900000000001455,0.4400000000005093,0.5050000000010186,0.1077796623732536,0.5975555555557245
CTRL_36954767,0,,Control,2025-10-20 08:32:26,H,Unstructured / Noise / Exogenous,1.059999999999491,-0.3400000000001455,1.059999999999491,-0.0249999999996362,-0.1999999999998181,0.0928675409671661,0.5833333333334091
CTRL_36902372,0,,Control,2025-10-17 12:22:18,H,Unstructured / Noise / Exogenous,0.3964999999998326,-5.744999999999891,-0.3964999999998326,0.0450000000000727,0.5029999999997017,0.0771343579973872,0.8749534883721047
CTRL_36893509,0,,Control,2025-10-17 10:00:10,H,Unstructured / Noise / Exogenous,1.6350000000002185,-1.6350000000002185,-1.6350000000002185,-0.5950000000002547,0.4150000000008731,0.0830965976214789,0.5830588235294807
CTRL_36829995,0,,Control,2025-10-16 10:14:09,A,Volatility Expansion,0.122111754603224,1.4385000000002035,1.0200000000004366,0.8550000000004729,0.3500000000003638,0.122111754603224,0.6782666666667865
CTRL_36829878,0,,Control,2025-10-16 10:08:12,H,Unstructured / Noise / Exogenous,0.3549999999995634,-0.6099999999996726,-0.3549999999995634,0.25,0.2385000000012951,0.0493424822594267,0.6774615384613824
CTRL_36829765,0,,Control,2025-10-16 10:00:47,H,Unstructured / Noise / Exogenous,1.8784999999998035,2.043499999999767,1.8784999999998035,0.1585000000004583,0.0485000000007858,0.0573672412604499,0.6314074074075338
CTRL_36768836,0,,Control,2025-10-15 06:20:08,H,Unstructured / Noise / Exogenous,0.9150000000008732,0.4049999999988358,-0.9150000000008732,0.0999999999994543,-0.7300000000013824,0.0449586507451258,0.5816666666666808
CTRL_36726171,0,,Control,2025-10-14 07:37:46,H,Unstructured / Noise / Exogenous,0.0164999999997235,-2.904500000000553,0.0164999999997235,-0.1149999999997817,-0.1274999999995998,0.0491575273992843,0.9129523809523172
CTRL_36725889,0,,Control,2025-10-14 07:27:54,H,Unstructured / Noise / Exogenous,0.806999999999789,1.5685000000003129,0.806999999999789,0.0850000000000363,0.2969999999995707,0.123134771185809,0.9574634146342428
CTRL_36682106,0,,Control,2025-10-13 12:23:45,H,Unstructured / Noise / Exogenous,0.1400000000003274,0.4449999999997089,0.1400000000003274,0.2399999999997817,-0.0200000000004365,0.0541602560307451,0.5700000000000988
CTRL_36640713,0,,Control,2025-10-10 16:14:10,H,Unstructured / Noise / Exogenous,0.731499999999869,-0.6149999999997817,-0.731499999999869,-0.0765000000001236,1.508499999999913,0.0879904277287991,0.7708571428571125
CTRL_36562770,0,,Control,2025-10-09 11:27:13,H,Unstructured / Noise / Exogenous,0.2100000000000363,0.1350000000002182,0.2100000000000363,0.2399999999997817,-0.1700000000000727,0.0987420882906569,0.5722222222221818
CTRL_36562289,0,,Control,2025-10-09 11:04:30,H,Unstructured / Noise / Exogenous,0.8034999999999854,-0.7834999999995489,-0.8034999999999854,-0.1084999999993669,-0.2319999999999709,0.0412115808966564,0.5698461538461813
CTRL_36561296,0,,Control,2025-10-09 10:49:35,H,Unstructured / Noise / Exogenous,0.0,0.0,0.0,0.0,0.0,0.0,0.5700000000001637
CTRL_36508993,0,,Control,2025-10-08 09:27:32,H,Unstructured / Noise / Exogenous,0.3049999999998363,-0.4450000000001637,-0.3049999999998363,0.0,0.2150000000001455,0.0,0.5399999999999636
CTRL_36508676,0,,Control,2025-10-08 09:21:16,H,Unstructured / Noise / Exogenous,0.019999999999527,0.0450000000000727,0.019999999999527,0.0135000000000218,0.0815000000006875,0.0082499999998617,0.5879999999998896
CTRL_36508294,0,,Control,2025-10-08 09:04:47,H,Unstructured / Noise / Exogenous,0.1950000000001637,-0.4650000000001455,0.1950000000001637,0.2850000000003092,-0.2150000000001455,0.0409631440037446,0.5164615384617789
CTRL_36451248,0,,Control,2025-10-07 06:02:36,H,Unstructured / Noise / Exogenous,0.1399999999998726,0.680000000000291,-0.1399999999998726,-0.1750000000001819,-0.0299999999997453,0.0646458777197303,0.5873684210526239
CTRL_36450588,0,,Control,2025-10-07 05:38:49,D,Acceleration Continuation,0.3900000000003274,-0.1849999999999454,0.4149999999999636,0.2984999999998763,0.3900000000003274,0.0598039040902457,0.5766842105262616
CTRL_36450406,0,,Control,2025-10-07 05:32:44,H,Unstructured / Noise / Exogenous,0.0300000000002,-1.3099999999999454,0.0300000000002,-0.5949999999997999,-0.1779999999994288,0.0853822071731875,0.5747037037036635
CTRL_36416362,0,,Control,2025-10-06 10:55:55,H,Unstructured / Noise / Exogenous,0.4349999999999454,-0.3949999999999818,-0.4349999999999454,0.0149999999998726,-0.1249999999995452,0.0541951047143608,0.5092222222222316
CTRL_36414174,0,,Control,2025-10-06 08:59:39,H,Unstructured / Noise / Exogenous,0.0,0.0,0.0,0.0,0.0,0.0,0.6399999999998727
CTRL_36383087,0,,Control,2025-10-03 15:03:08,C,Break-and-Retest,0.4349999999999454,-1.0199999999999818,-0.4349999999999454,0.3350000000000364,0.0949999999997999,0.0660804858573147,0.6309090909091786
CTRL_36368405,0,,Control,2025-10-03 07:02:25,H,Unstructured / Noise / Exogenous,0.099999999999909,0.1199999999998908,-0.099999999999909,-0.1199999999998908,-0.2100000000000363,0.0667006715996588,0.5399999999999636
CTRL_36337657,0,,Control,2025-10-02 12:58:13,H,Unstructured / Noise / Exogenous,0.6685000000002219,-0.2635000000000218,-0.6685000000002219,0.4214999999999236,0.8614999999995234,0.0319416097902241,0.6292222222221729
CTRL_36335183,0,,Control,2025-10-02 12:08:08,H,Unstructured / Noise / Exogenous,0.1715000000003783,0.555000000000291,-0.1715000000003783,-0.3450000000002546,-0.1034999999992578,0.0779251381034225,0.6184242424242394
CTRL_36335196,0,,Control,2025-10-02 12:08:37,H,Unstructured / Noise / Exogenous,0.0600000000004001,-0.3964999999998326,-0.0600000000004001,-0.0250000000000909,-0.3299999999999272,0.0285593443104654,0.6223333333332448
CTRL_36334931,0,,Control,2025-10-02 12:02:55,H,Unstructured / Noise / Exogenous,0.0300000000002,0.1900000000000545,-0.0300000000002,0.0899999999996907,0.169999999999618,0.0298607881118004,0.6400000000001975
CTRL_36322976,0,,Control,2025-10-02 04:58:35,H,Unstructured / Noise / Exogenous,0.0,0.0,0.0,0.0,0.0,0.0,0.7269999999998618
CTRL_36283671,0,,Control,2025-10-01 08:13:02,C,Break-and-Retest,2.1799999999998363,-0.6734999999998763,-2.1799999999998363,0.1334999999999127,0.9169999999994616,0.0599793885859934,0.6312812500000291
CTRL_36274877,0,,Control,2025-10-01 06:10:14,H,Unstructured / Noise / Exogenous,0.5049999999996544,-0.900000000000091,-0.5049999999996544,0.0099999999997635,-0.031999999999698,0.1047015199699111,0.506000000000053
CTRL_36228676,0,,Control,2025-09-30 08:10:56,H,Unstructured / Noise / Exogenous,0.1799999999998363,1.2049999999999272,0.1799999999998363,0.2199999999997999,0.8049999999993815,0.0523576171077905,0.5717222222221557
CTRL_36227388,0,,Control,2025-09-30 08:05:57,H,Unstructured / Noise / Exogenous,1.2400000000002365,-1.1534999999998945,-1.2400000000002365,-0.0849999999995816,-0.5500000000001819,0.0445284247671322,0.6013333333334231
CTRL_36227385,0,,Control,2025-09-30 08:05:52,C,Break-and-Retest,0.9050000000002,-0.3985000000002401,-0.9050000000002,0.2199999999997999,0.3700000000003456,0.0574026282358702,0.5647368421052641
CTRL_36168589,0,,Control,2025-09-29 05:31:42,H,Unstructured / Noise / Exogenous,0.169999999999618,1.8600000000001276,0.169999999999618,0.0899999999996907,-0.9770000000003164,0.0700547497943044,0.621636363636395
CTRL_36168590,0,,Control,2025-09-29 05:31:47,H,Unstructured / Noise / Exogenous,1.3885000000000218,1.8285000000000764,1.3885000000000218,0.2885000000001128,0.128500000000713,0.0826779262538134,0.575457142857262
CTRL_36148327,0,,Control,2025-09-26 15:32:57,H,Unstructured / Noise / Exogenous,0.4634999999998399,0.1784999999995307,0.4634999999998399,0.0084999999999126,0.0770000000006803,0.0534996714358314,0.5137777777777046
CTRL_36095791,0,,Control,2025-09-25 16:28:46,H,Unstructured / Noise / Exogenous,0.4549999999999272,0.694999999999709,0.4549999999999272,-0.0185000000001309,-0.0185000000001309,0.0188600474255564,0.582571428571425
CTRL_36094988,0,,Control,2025-09-25 16:17:56,H,Unstructured / Noise / Exogenous,0.1050000000000181,-0.330000000000382,0.1050000000000181,0.2899999999999636,0.5149999999994179,0.0434222008694242,0.5399999999999636
