timestamp_utc,epoch_id,is_case,partition,feat_raw_jump_z,feat_raw_disp30,feat_raw_tick_rate_30,feat_raw_tick_rate_ratio,feat_raw_spread_now,feat_raw_spread_ratio,feat_raw_ret5,feat_raw_n_ticks_300,feat_raw_tick_coverage,feat_raw_utc_hour,feat_raw_raw_abs_move_30,feat_raw_raw_mean_spread_300,feat_raw_utc_minute,feat_raw_day_of_week,feat_raw_is_monday,feat_raw_is_friday,eta,R1
2025-10-02 05:08:00+00:00,-1,False,discovery,1.325159717068567,2.769500000001244,2.3666666666666667,1.513859275053305,0.9370000000003529,1.296227412960464,0.10800000000017462,469.0,0.9996366666666666,5,1.16150000000016,0.83164818763328,8,3,0,0,1.7254427332982032,1
2025-10-06 14:01:00+00:00,-1,False,discovery,2.1172494596529448,25.071500000001834,12.033333333333333,4.972451790633609,0.5470000000000255,0.7824367376634273,0.0534999999995307,726.0,0.19997333333333334,14,3.4534999999996217,0.5922548209366577,1,0,1,0,1.5719825284897042,1
2025-10-07 05:04:00+00:00,-1,False,discovery,2.760987098842519,4.360000000002401,2.933333333333333,1.9864559819413092,0.569999999999709,0.788526814713777,-1.4549999999999272,443.0,0.7996833333333333,5,2.4200000000000728,0.577221218961631,4,1,0,0,1.9716805213049793,1
2025-10-07 05:13:00+00:00,-1,False,discovery,2.399320606969349,28.307000000004336,10.9,2.2154471544715446,0.6870000000003529,0.9503823187875783,1.5565000000001419,1476.0,0.9997133333333333,5,2.1030000000000655,0.6389288617886353,13,1,0,0,1.610354702820044,1
2025-10-15 09:22:00+00:00,-1,False,discovery,11.937767718179515,58.44449999997869,12.633333333333333,1.30374957000344,0.7700000000004366,1.160890407723459,1.3535000000001673,2907.0,0.9999633333333333,9,10.921499999999469,0.7955514275885976,22,2,0,0,2.299244829418634,1
2025-10-15 14:01:00+00:00,-1,False,discovery,2.680050966518706,25.67449999999917,10.366666666666667,5.1490066225165565,0.7169999999996435,1.025607204578377,0.7214999999996508,604.0,0.19982333333333333,14,4.371499999999287,0.7258609271523512,1,2,0,0,1.6632674262770435,1
2025-10-16 05:10:00+00:00,-1,False,discovery,3.148894377192449,10.843999999997322,5.566666666666666,1.6150870406189555,0.680000000000291,0.9406986561506518,0.024999999999636202,1034.0,0.9976266666666667,5,2.7600000000002183,0.6338800773694458,10,3,0,0,1.891041230371497,1
2025-10-16 05:21:00+00:00,-1,False,discovery,2.949236219219136,11.626999999993131,5.8,1.2831858407079646,0.6300000000001091,0.8715296373158231,0.024999999999636202,1356.0,0.9988066666666666,5,2.585000000000946,0.657234513274339,21,3,0,0,1.5428750696325197,1
2025-10-16 05:24:00+00:00,-1,False,discovery,4.689114452993397,10.980000000003201,6.066666666666666,1.1607142857142856,0.6300000000001091,0.8715296373158231,0.4899999999997817,1568.0,0.9978866666666667,5,4.110000000000582,0.6398903061224426,24,3,0,0,1.902330218494983,1
2025-10-16 05:31:00+00:00,-1,False,discovery,6.32631134838079,31.14899999998852,12.666666666666666,2.700781805259417,0.6970000000001164,0.9642161225541666,0.266500000000633,1407.0,0.9996466666666667,5,5.545000000000073,0.641274342572867,31,3,0,0,2.8274100271950875,1
2025-10-16 05:32:00+00:00,-1,False,discovery,3.8847773022966083,30.528000000004795,11.366666666666667,1.8313641245972072,0.6970000000001164,0.9642161225541666,-1.718499999999949,1862.0,0.9996633333333333,5,3.4049999999997453,0.6629199785177268,32,3,0,0,1.852264698268627,1
2025-10-17 05:01:00+00:00,-1,False,discovery,1.0039953086690636,10.632000000005064,6.066666666666666,4.439024390243902,0.5900000000001455,0.8161944222482117,-0.30349999999998545,410.0,0.19966666666666666,5,0.8799999999991996,0.6391439024390154,1,4,0,1,1.6946378655614909,1
2025-10-17 05:02:00+00:00,-1,False,discovery,5.8226023384061305,26.76149999998688,10.7,3.5313531353135312,0.8270000000002256,1.1440555715242182,1.1414999999997235,909.0,0.39966666666666667,5,5.103500000000167,0.6614444444444432,2,4,0,1,3.105663424455199,1
2025-10-17 05:18:00+00:00,-1,False,discovery,5.105544325339218,16.848000000005413,7.6,1.5988779803646564,0.6400000000003274,0.8853634410830404,-1.5200000000004366,1426.0,0.9998666666666667,5,4.475000000000364,0.6376234221598797,18,4,0,1,2.31477325660758,1
2025-10-17 05:19:00+00:00,-1,False,discovery,4.934408761360758,13.571999999988293,6.666666666666667,1.2594458438287155,0.9099999999998545,1.2588761427891029,0.8849999999993088,1588.0,0.9996933333333333,5,4.324999999999818,0.662564231738025,19,4,0,1,2.2304765599759064,1
2025-10-17 05:24:00+00:00,-1,False,discovery,1.8881957225551773,7.087999999991553,3.933333333333333,0.8676470588235294,1.1700000000000728,1.618555040729206,0.11999999999989086,1360.0,0.9999633333333333,5,1.6549999999997453,0.6937220588235471,24,4,0,1,1.5487434288896322,1
2025-10-17 05:33:00+00:00,-1,False,discovery,9.498023800770781,44.049000000004526,13.166666666666666,1.8863419293218717,0.5299999999997453,0.7331915996461655,-1.2950000000000728,2094.0,0.9990033333333334,5,8.325000000000728,0.7238027698185326,33,4,0,1,3.0865002749820927,1
2025-10-17 05:47:00+00:00,-1,False,discovery,4.5008653326167805,14.665000000002692,6.033333333333333,1.1776187378009109,0.75,1.0375352825186572,1.2714999999998327,1537.0,0.9997566666666666,5,3.944999999999709,0.658047495120372,47,4,0,1,1.6983999405739931,1
2025-10-17 07:20:00+00:00,-1,False,discovery,7.013165225291013,32.21449999999186,10.933333333333334,1.6950904392764858,0.6260000000002037,0.9796886386108077,-0.9555000000000291,1935.0,0.9997566666666666,7,7.645499999999629,0.6096413436692516,20,4,0,1,1.705254023931082,1
2025-10-17 07:21:00+00:00,-1,False,discovery,15.452262743136224,116.08049999999366,13.966666666666667,1.8713711478338546,1.131999999999607,1.7715775381895982,0.45500000000083674,2239.0,0.9999166666666667,7,16.845500000000357,0.9107748995087098,21,4,0,1,2.5159661892577123,1
2025-10-21 05:01:00+00:00,-1,False,discovery,2.219057812912287,4.385000000000218,2.8333333333333335,5.120481927710844,0.5100000000002183,0.7055239921129889,0.5950000000002547,166.0,0.19979,5,1.944999999999709,0.5823433734939861,1,1,0,0,1.8176420270619822,1
2025-10-21 07:34:00+00:00,-1,False,discovery,10.16360874975184,37.11599999999453,11.166666666666666,1.7411642411642412,0.9899999999997817,1.5493478470034665,-0.8400000000001455,1924.0,0.99945,7,11.079999999999927,0.5744771309771347,34,1,0,0,2.2650905873647043,1
2025-10-21 12:11:00+00:00,-1,False,discovery,16.715813865776212,80.12750000001779,12.566666666666666,1.765807962529274,0.9359999999996944,1.4089493105153734,1.6469999999999345,2135.0,0.9999933333333333,12,23.506500000000415,0.6525836065574024,11,1,0,0,3.645765528651025,1
2025-10-23 05:01:00+00:00,-1,False,discovery,0.7244738875064255,2.514999999997599,2.1333333333333333,2.782608695652174,0.7100000000000364,0.9822000674510459,-0.3150000000005093,230.0,0.19966666666666666,5,0.6350000000002183,0.7249608695652272,1,3,0,0,1.5475867642591412,1
2025-10-23 05:02:00+00:00,-1,False,discovery,0.7244738875059067,9.624999999995907,5.033333333333333,3.31140350877193,0.75,1.0375352825186572,0.01999999999998181,456.0,0.39966666666666667,5,0.6349999999997635,0.7254627192982459,2,3,0,0,1.6148017723578572,1
2025-10-23 05:11:00+00:00,-1,False,discovery,2.549919903269916,6.6920000000041,3.933333333333333,1.2330198537095087,0.7200000000002547,0.9960338712182633,-0.38999999999987267,957.0,0.9998633333333333,5,2.2350000000001273,0.7000146290491287,11,3,0,0,1.7121549599351833,1
2025-10-23 05:12:00+00:00,-1,False,discovery,2.542504028830403,6.268500000000586,3.3,1.0323253388946818,0.7200000000002547,0.9960338712182633,-0.580000000000382,959.0,0.9996733333333333,5,2.2284999999997126,0.7033336809176323,12,3,0,0,1.652011844177766,1
2025-10-23 05:21:00+00:00,-1,False,discovery,1.7684008277711896,9.637000000005173,5.266666666666667,1.992433795712484,0.7100000000000364,0.9822000674510459,-0.27500000000009095,793.0,0.9991266666666667,5,1.550000000000182,0.7126973518284929,21,3,0,0,1.5900019455064034,1
2025-10-27 05:57:00+00:00,-1,False,discovery,3.3941886855598105,8.233000000005632,5.166666666666667,1.7653758542141231,0.5470000000000255,0.7567090660503093,-0.4249999999992724,878.0,0.9992433333333334,5,2.9749999999994543,0.7058507972665217,57,0,1,0,1.6205704379659753,1
2025-11-10 15:01:00+00:00,-1,False,discovery,2.349440880989929,19.83299999999781,11.0,5.903398926654741,0.5700000000001637,0.8256577218166048,-0.024999999999636202,559.0,0.19998,15,3.0950000000002547,0.5707155635062656,1,0,1,0,1.600520670072976,1
2025-11-17 06:01:00+00:00,-1,False,discovery,2.7651758306841665,10.035000000000764,5.466666666666667,5.239616613418531,0.5799999999999272,0.8585882483621214,0.04500000000007276,313.0,0.19953333333333334,6,2.625,0.5934185303514399,1,0,1,0,1.7142592108086123,1
2025-11-18 05:22:00+00:00,-1,False,discovery,3.1945305275864975,6.729999999998654,3.7333333333333334,1.2770809578107183,0.5899999999996908,0.8161944222475827,0.4450000000001637,877.0,0.9967133333333333,5,2.800000000000182,0.5787423033067428,22,1,0,0,1.6864624249636306,1
2025-11-20 05:01:00+00:00,-1,False,discovery,0.9697681958743057,4.067000000002281,3.4,4.377682403433477,0.6599999999998545,0.9130310486162171,-0.01499999999987267,233.0,0.19976666666666668,5,0.849999999999909,0.6344506437768446,1,3,0,0,1.6563340345973125,1
2025-11-20 05:02:00+00:00,-1,False,discovery,2.002286098540817,5.208000000000538,3.1333333333333333,2.088888888888889,0.656999999999698,0.9088809074859261,-0.9335000000000946,450.0,0.39976666666666666,5,1.7550000000001091,0.6440288888889073,2,3,0,0,1.8236380821697802,1
2025-11-20 05:04:00+00:00,-1,False,discovery,2.0952697549690407,7.3914999999979045,4.7,1.3479923518164436,0.6870000000003529,0.9503823187875783,0.6615000000001601,1046.0,0.7997666666666666,5,1.836500000000342,0.6831405353728507,4,3,0,0,1.5740901926170707,1
2025-11-20 05:13:00+00:00,-1,False,discovery,2.943531700418713,7.370999999999185,3.7333333333333334,1.2280701754385965,0.75,1.0375352825186572,-0.02500000000009095,912.0,0.9998566666666666,5,2.5799999999999272,0.7348004385965001,13,3,0,0,1.8080591270152542,1
2025-11-24 05:16:00+00:00,-1,False,discovery,2.5156927904741204,5.570999999998094,3.466666666666667,1.580547112462006,0.569999999999709,0.788526814713777,0.2699999999999818,658.0,0.9998333333333334,5,2.2049999999999272,0.5602431610942441,16,0,1,0,1.6467991544751908,1
2025-11-27 05:50:00+00:00,-1,False,discovery,4.7347506033864075,10.206999999998516,5.1,1.6943521594684385,0.6099999999996726,0.8438620297813884,-0.1999999999989086,903.0,0.99933,5,4.149999999999636,0.6111849390919305,50,3,0,0,2.033516438609004,1
2025-12-15 15:01:00+00:00,-1,False,discovery,4.535673429373954,27.867999999999483,12.566666666666666,5.495626822157434,0.8400000000001455,1.216758747940121,0.11999999999989086,686.0,0.19979666666666668,15,5.974999999999454,0.878820699708451,1,0,1,0,2.2689863417435245,1
2025-12-17 05:10:00+00:00,-1,False,discovery,2.966349775615218,12.09600000001501,6.833333333333333,2.133194588969823,0.6300000000001091,0.8715296373158231,-0.8680000000003929,961.0,0.99913,5,2.5999999999994543,0.6098647242455765,10,2,0,0,1.9951628594292652,1
2025-12-18 05:03:00+00:00,-1,False,discovery,0.9868817522709065,5.325000000005275,4.233333333333333,2.5813008130081303,0.6099999999996726,0.8438620297813884,-0.04500000000007276,492.0,0.5996833333333333,5,0.8649999999988722,0.6020264227641946,3,3,0,0,1.5371774646191296,1
2025-12-29 06:01:00+00:00,-1,False,discovery,1.3852214161327894,18.53500000000986,10.1,5.469314079422382,0.75,1.1102434246063309,-0.09000000000014552,554.0,0.19980333333333333,6,1.3149999999995998,0.6811588447653382,1,0,1,0,1.5735165432723965,1
2025-12-30 05:01:00+00:00,-1,False,discovery,1.294925767431511,3.616000000008171,2.8666666666666667,1.4453781512605042,0.806999999999789,1.1163879639897833,0.09500000000116415,595.0,0.9991533333333333,5,1.1349999999993088,0.7551344537815421,1,1,0,0,1.6266330968195575,1
2025-12-30 05:02:00+00:00,-1,False,discovery,1.3234483614284398,4.3070000000043365,3.3,1.4494875549048314,0.8300000000008367,1.1482057126551382,-0.21999999999934516,683.0,0.9985733333333333,5,1.1599999999998545,0.7708521229868405,2,1,0,0,1.6463004113275475,1
2025-12-30 05:08:00+00:00,-1,False,discovery,1.620083338990273,5.07600000000275,3.466666666666667,1.6855753646677472,0.8299999999999272,1.14820571265388,-0.6100000000005821,617.0,0.99988,5,1.4200000000000728,0.786346839546183,8,1,0,0,1.7465722769945093,1
2025-12-30 05:19:00+00:00,-1,False,discovery,1.990877060943083,4.9909999999981665,3.466666666666667,1.15171650055371,0.8200000000006185,1.134371908887921,-0.2250000000003638,903.0,0.9998433333333333,5,1.7450000000008004,0.7885636766334454,19,1,0,0,1.5837646423642155,1
2025-12-30 05:24:00+00:00,-1,False,discovery,2.413011452087252,7.712999999999738,4.733333333333333,1.3233923578751166,0.7600000000002183,1.0513690862858747,0.24500000000080036,1073.0,0.99961,5,2.1149999999997817,0.6993718546132563,24,1,0,0,1.5830114680901326,1
2026-01-06 05:01:00+00:00,-1,False,discovery,0.4107253535474728,2.389999999999418,2.5,4.62962962962963,0.8299999999999272,1.14820571265388,-0.03999999999996362,162.0,0.19977666666666666,5,0.3600000000005821,0.8010246913580729,1,1,0,0,1.61471527112593,1
2026-01-06 05:11:00+00:00,-1,False,discovery,1.2892212486321253,6.519000000007509,6.466666666666667,1.7814508723599634,0.8299999999999272,1.14820571265388,-0.030000000000654836,1089.0,0.99892,5,1.1299999999991996,0.8028916437098449,11,1,0,0,1.6272877957858207,1
2026-01-06 05:40:00+00:00,-1,False,discovery,2.624078647660374,12.919000000008054,8.433333333333334,1.5492957746478873,0.8299999999999272,1.14820571265388,-0.37149999999928696,1633.0,0.9998733333333333,5,2.300000000000182,0.810568279240666,40,1,0,0,1.599827639196722,1
2026-01-14 06:01:00+00:00,-1,False,discovery,2.780976835431278,15.257000000004155,7.5,4.48207171314741,0.7399999999997817,1.09544017894459,0.014999999999417923,502.0,0.19987333333333332,6,2.6400000000003274,0.6596713147410534,1,2,0,0,1.7706235777409087,1
2026-01-15 06:02:00+00:00,-1,False,discovery,3.023258908215532,8.753000000007887,5.1,2.516447368421052,0.6999999999998181,1.0362271962989729,0.9400000000005093,608.0,0.3998,6,2.8700000000008004,0.7002417763158004,2,3,0,0,1.5834707612082923,1
2026-01-20 06:01:00+00:00,-1,False,discovery,3.522043958053278,13.141500000012456,7.666666666666667,5.099778270509978,0.6670000000003711,0.9873764856171129,-0.6804999999994834,451.0,0.19979,6,3.3434999999990396,0.6836319290465798,1,1,0,0,2.079199839939131,1
2026-01-20 14:01:00+00:00,-1,False,discovery,2.489998170082799,17.88950000001023,9.6,5.274725274725275,0.7000000000007276,1.0012901578883782,-0.09500000000025466,546.0,0.19999333333333333,14,4.061499999999796,0.6693663003663289,1,1,0,0,1.7219717353437836,1
2026-01-23 09:01:00+00:00,-1,False,discovery,3.5890363322473067,19.441499999977168,8.0,5.07399577167019,0.7300000000004729,1.1005844125171345,-0.11500000000069122,473.0,0.19997,9,3.283499999999549,0.7199069767441949,1,4,0,1,1.720527722934294,1
2026-01-28 09:13:00+00:00,-1,False,discovery,7.525663209235152,27.172000000012304,11.2,1.8211382113821135,0.6700000000000728,1.0101254197069622,-0.3599999999996726,1845.0,0.9991933333333334,9,6.884999999999309,0.6995344173441851,13,2,0,0,2.1937032575890734,1
2026-01-28 14:01:00+00:00,-1,False,discovery,3.3167278345803903,18.120999999995547,7.9,5.243362831858407,0.6000000000003638,0.8582487067610953,-1.5799999999999272,452.0,0.19967666666666667,14,5.4099999999998545,0.5913185840708203,1,2,0,0,1.845490938095622,1
2026-02-03 14:01:00+00:00,-1,False,discovery,3.5732991097697018,48.89650000001075,12.966666666666667,4.784747847478475,0.8900000000003274,1.2730689150286545,-0.5835000000006403,813.0,0.19989,14,5.828500000000531,0.9529225092250986,1,1,0,0,1.838867708433581,1
2026-02-05 09:01:00+00:00,-1,False,discovery,3.650793771800875,16.21900000000096,9.1,4.375,1.1469999999999345,1.7292744125428265,-1.3549999999995634,624.0,0.19999666666666666,9,3.3400000000001455,1.3304647435897465,1,3,0,0,1.8698424100485678,1
2026-02-05 09:02:00+00:00,-1,False,discovery,12.641146697867407,36.82000000001062,8.733333333333333,2.235494880546075,1.4200000000000728,2.1408628298265735,-4.550000000000182,1172.0,0.39999666666666667,9,11.56500000000051,1.2716092150170555,2,3,0,0,3.839681708652958,1
2026-02-05 14:01:00+00:00,-1,False,discovery,4.429456304037924,39.31500000001324,10.766666666666667,5.126984126984127,1.2269999999998618,1.7551186053251782,-0.8065000000005966,630.0,0.19986333333333334,14,7.225000000000364,1.2045396825397008,1,3,0,0,2.2864326946298945,1
2026-02-05 14:07:00+00:00,-1,False,discovery,11.091726429432878,40.53800000001138,11.6,1.026851578636766,1.3170000000000073,1.8838559113394724,5.700000000000728,3389.0,0.9989466666666666,14,18.092000000000553,1.297107701386844,7,3,0,0,2.3365558082484004,1
2026-02-05 15:02:00+00:00,-1,False,discovery,10.897002858354323,70.50800000000709,14.266666666666667,1.1530172413793105,1.8469999999997526,2.675420723148468,-7.059999999999491,3712.0,0.9997,15,14.354999999999563,1.5569129849137928,2,3,0,0,2.5360396799962093,1
2026-02-06 05:00:00+00:00,-1,False,discovery,0.3536801655546529,5.109999999994216,2.3333333333333335,0.7526881720430108,1.389999999999418,1.9228987236004396,-0.3599999999996726,930.0,0.9993366666666667,5,0.3100000000004002,1.438335483870955,0,4,0,1,1.611578523221601,1
2026-02-06 05:01:00+00:00,-1,False,discovery,0.3479756467552672,14.914999999999054,5.1,1.4739884393063583,1.6199999999998909,2.241076210240149,0.20499999999992724,1038.0,0.9990633333333333,5,0.30500000000029104,1.477737957610774,1,4,0,1,1.8324889306668144,1
2026-02-06 05:02:00+00:00,-1,False,discovery,0.7472919627018932,13.098000000001775,5.433333333333334,1.499540018399264,1.550000000000182,2.1442395838721433,-1.7049999999999272,1087.0,0.9992233333333334,5,0.6549999999988358,1.5014866605335728,2,4,0,1,2.0101777732610158,1
2026-02-06 05:04:00+00:00,-1,False,discovery,0.8670868574869187,9.234000000004926,4.033333333333333,1.0024855012427505,1.589999999999236,2.1995747989384964,-2.484999999998763,1207.0,0.9991033333333333,5,0.7599999999993088,1.52666942833472,4,4,0,1,1.950532068527984,1
2026-02-06 05:05:00+00:00,-1,False,discovery,1.893900241354563,10.059999999992215,4.733333333333333,1.0708898944193062,1.6300000000001091,2.254910014007366,0.06499999999959982,1326.0,0.9997333333333334,5,1.6599999999998545,1.564804675716451,5,4,0,1,2.129322895982103,1
2026-02-06 05:06:00+00:00,-1,False,discovery,5.367952190104736,15.40500000000793,4.9,1.1484375,1.550000000000182,2.1442395838721433,1.5299999999997453,1280.0,0.99914,5,4.704999999999927,1.5671984375000023,6,4,0,1,2.9083361042092575,1
2026-02-06 05:07:00+00:00,-1,False,discovery,0.8043371506957507,5.334999999997308,2.9,0.7225913621262458,1.7799999999997453,2.462417070510594,-0.13999999999941792,1204.0,0.99991,5,0.7049999999999272,1.5983122923588118,7,4,0,1,1.901628910413372,1
2026-02-06 05:08:00+00:00,-1,False,discovery,1.2606986546362342,11.944999999999709,4.433333333333334,1.1357813834329633,1.800000000000182,2.490084678045029,0.41999999999916326,1171.0,0.99906,5,1.1049999999995634,1.6314286934244246,8,4,0,1,2.08089712259512,1
2026-02-06 05:09:00+00:00,-1,False,discovery,0.17684008277680766,4.595000000000255,2.466666666666667,0.6607142857142857,1.699999999999818,2.3517466403753717,-0.10999999999967258,1120.0,0.99956,5,0.15499999999974534,1.6513607142857187,9,4,0,1,1.658259926626565,1
2026-02-06 05:10:00+00:00,-1,False,discovery,1.979468023343274,8.16500000000542,3.933333333333333,1.0815765352887259,1.3400000000001455,1.853729704766869,-0.010000000000218279,1091.0,0.9994566666666667,5,1.7349999999996726,1.6570137488542611,10,4,0,1,1.9594599790072662,1
2026-02-06 05:11:00+00:00,-1,False,discovery,0.0912723007880967,5.880000000001019,3.6666666666666665,1.071080817916261,1.430000000000291,1.978233938669309,-0.6350000000002183,1027.0,0.9991,5,0.07999999999992724,1.635071080817925,11,4,0,1,1.5772865521222705,1
2026-02-06 05:12:00+00:00,-1,False,discovery,1.038222421466416,5.823000000004868,2.9,0.848780487804878,1.6400000000003274,2.2687438177745833,-0.010000000000218279,1025.0,0.9981766666666667,5,0.910000000000764,1.590305365853663,12,4,0,1,1.9013008289336568,1
2026-02-06 05:13:00+00:00,-1,False,discovery,0.14831748878091655,5.367000000015651,3.2666666666666666,0.9560975609756098,1.6000000000003638,2.213408602706972,1.2899999999999636,1025.0,0.9997133333333333,5,0.13000000000010914,1.5607092682926935,13,4,0,1,1.5934633679868497,1
2026-02-06 05:14:00+00:00,-1,False,discovery,0.8613823386875329,8.135000000000218,3.6333333333333333,1.0531400966183575,1.5700000000006185,2.171907191406578,-0.5000000000009095,1035.0,0.9997066666666666,5,0.7549999999991996,1.5480579710145075,14,4,0,1,1.8358338086232253,1
2026-02-06 05:15:00+00:00,-1,False,discovery,0.7644055191000505,11.520000000008622,3.533333333333333,1.09617373319545,1.6499999999996362,2.282577621540543,-0.9764999999997599,967.0,0.9984233333333333,5,0.6699999999991633,1.5511964839710601,15,4,0,1,1.8641142699711217,1
2026-02-06 05:16:00+00:00,-1,False,discovery,0.2738169023642901,5.166999999999462,2.466666666666667,0.7982740021574973,1.519999999999527,2.1027381725704912,0.34500000000116415,927.0,0.9988733333333333,5,0.23999999999978172,1.5871305285868633,16,4,0,1,1.5622475900391342,1
2026-02-06 05:17:00+00:00,-1,False,discovery,1.5288110382021762,3.6600000000053114,2.2,0.7028753993610224,1.5200000000004366,2.1027381725717493,0.20499999999992724,939.0,0.9996933333333333,5,1.3400000000001455,1.5988636847710462,17,4,0,1,1.9029249216801158,1
2026-02-06 05:18:00+00:00,-1,False,discovery,2.2304668505110588,12.484999999989668,6.5,1.8518518518518519,1.699999999999818,2.3517466403753717,-0.12000000000080036,1053.0,0.9998166666666667,5,1.9549999999999272,1.564612535612553,18,4,0,1,2.4970287224599534,1
2026-02-06 05:19:00+00:00,-1,False,discovery,1.1466082786505944,5.614999999997963,3.533333333333333,0.933920704845815,1.7299999999995634,2.3932480516757657,1.2150000000001455,1135.0,0.99555,5,1.0049999999991996,1.562762114537452,19,4,0,1,1.902736059676979,1
2026-02-06 05:21:00+00:00,-1,False,discovery,0.5362247671308463,7.84000000001015,4.166666666666667,1.0674637062339882,1.7600000000002183,2.434749462977418,0.0749999999998181,1171.0,0.99645,5,0.47000000000025466,1.5384321093082889,21,4,0,1,1.8083184916162036,1
2026-02-06 05:22:00+00:00,-1,False,discovery,2.498579234075963,10.819999999993342,5.233333333333333,1.2275215011727911,1.4200000000000728,1.9644001349020919,0.42999999999938154,1279.0,0.9981533333333333,5,2.1899999999996,1.5461235340109456,22,4,0,1,2.0483616162043408,1
2026-02-06 05:23:00+00:00,-1,False,discovery,2.013695136138551,7.494999999998981,4.633333333333334,1.175972927241963,1.0999999999994543,1.5217184143599425,0.3499999999994543,1182.0,0.99895,5,1.764999999999418,1.547380710659876,23,4,0,1,1.6892036880131087,1
2026-02-06 05:26:00+00:00,-1,False,discovery,3.240166677980546,15.57999999999447,6.166666666666667,1.3176638176638178,0.8800000000001091,1.217374731488709,-1.6000000000003638,1404.0,0.9996866666666666,5,2.8400000000001455,1.35035327635326,26,4,0,1,1.8234393325530969,1
2026-02-06 05:33:00+00:00,-1,False,discovery,5.288088926914374,19.038000000006832,7.0,0.8805031446540881,1.4200000000000728,1.9644001349020919,1.0050000000001091,2385.0,0.9973833333333333,5,4.634999999999309,1.3244218029349895,33,4,0,1,2.1380415342910233,1
2026-02-06 05:37:00+00:00,-1,False,discovery,3.5407948187006,13.872499999990396,6.933333333333334,0.9265033407572383,1.3699999999998909,1.895231116067263,-0.4399999999995998,2245.0,0.9998166666666667,5,3.103499999999258,1.248077060133638,37,4,0,1,1.8094455071036784,1
2026-02-06 05:40:00+00:00,-1,False,discovery,3.1146672643971725,26.667000000024018,8.5,1.044653830397378,1.5099999999993088,2.0889043688032736,-0.5784999999996217,2441.0,0.99737,5,2.730000000000473,1.2749606718557875,40,4,0,1,1.6339929594677791,1
2026-02-06 05:45:00+00:00,-1,False,discovery,5.561905829279701,19.694000000003143,7.4,0.847651775486827,1.6700000000000728,2.3102452290749773,0.7349999999996726,2619.0,0.9992466666666666,5,4.875,1.3507667048491863,45,4,0,1,2.2478304049374653,1
2026-02-06 05:48:00+00:00,-1,False,discovery,6.845422559113478,30.151000000007116,6.5,0.9069767441860465,1.050000000000182,1.4525493955263717,-0.3850000000002183,2150.0,0.99988,5,6.0,1.3717023255813965,48,4,0,1,2.1215960923133896,1
2026-02-06 05:55:00+00:00,-1,False,discovery,4.4438201446239605,25.405000000005202,8.766666666666667,1.2656400384985564,1.069999999999709,1.4802170030595485,-0.6400000000003274,2078.0,0.99959,5,3.894999999999527,1.0718267564966468,55,4,0,1,1.788546246715379,1
2026-02-06 05:58:00+00:00,-1,False,discovery,3.2800983095752083,19.786000000001877,8.566666666666666,1.0912951167728238,1.5,2.0750705650373145,0.7414999999991778,2355.0,0.9994733333333333,5,2.875,1.2013116772823813,58,4,0,1,1.646787221091322,1
2026-02-06 06:14:00+00:00,-1,False,discovery,5.686781608360618,21.24849999999242,7.733333333333333,1.0851262862488307,1.3270000000002256,1.9643906992704685,-2.973500000000058,2138.0,0.9999833333333333,6,5.398499999999331,1.3984059869036494,14,4,0,1,1.7323799741246182,1
2026-02-06 06:25:00+00:00,-1,False,discovery,7.205258164525753,30.18399999999201,7.433333333333334,0.9017387788111605,1.1500000000005457,1.7023732510638485,-2.3599999999996726,2473.0,0.99951,6,6.8400000000001455,1.418193287505052,25,4,0,1,1.6486041286220736,1
2026-02-06 09:01:00+00:00,-1,False,discovery,6.63701191089053,22.799000000009983,6.866666666666666,4.8243559718969555,1.774000000000342,2.6745708874034357,0.930000000000291,427.0,0.19959666666666667,9,6.072000000000116,1.224695550351296,1,4,0,1,2.327637919550506,1
2026-02-06 09:02:00+00:00,-1,False,discovery,7.454614827449047,27.475000000014916,8.866666666666667,2.708757637474542,1.2599999999993088,1.8996388489999045,-0.18699999999989814,982.0,0.39959666666666666,9,6.819999999999709,1.210878818737252,2,4,0,1,2.456443454688886,1
2026-02-06 09:07:00+00:00,-1,False,discovery,8.48754899342328,14.60399999999845,4.5,0.9024064171122995,1.2669999999998254,1.9101923981617996,-1.980000000000473,1496.0,0.9995033333333333,9,7.765000000000327,0.8725574866310084,7,4,0,1,2.2620888922064353,1
2026-02-06 09:08:00+00:00,-1,False,discovery,7.808217158339992,23.529499999992368,5.466666666666667,1.0768220617202888,1.5399999999999636,2.3217808154455466,1.4200000000000728,1523.0,0.99887,9,7.1434999999992215,0.9547866053840914,8,4,0,1,1.823297103288498,1
2026-02-06 09:25:00+00:00,-1,False,discovery,7.239830104049176,23.5684999999894,6.066666666666666,1.2076974120769741,1.2069999999994252,1.8197334053516274,0.11149999999997817,1507.0,1.0,9,6.623500000000604,1.296783676177822,25,4,0,1,1.692330442021472,1
2026-02-09 09:09:00+00:00,-1,False,discovery,5.87132896563621,12.04649999999856,4.6,1.315538608198284,0.6770000000005894,1.0206789688688576,-0.18649999999979627,1049.0,0.9984966666666667,9,5.371499999999287,0.7478665395614998,9,0,1,0,1.7603057932267343,1
2026-02-11 15:06:00+00:00,-1,False,discovery,6.707862470069984,21.225500000006832,8.766666666666667,1.2434988179669033,0.8369999999995343,1.2124131809823075,3.3215000000000146,2115.0,0.9999333333333333,15,8.836500000000342,0.8303427895981097,6,2,0,0,1.5917608869261233,1
2026-02-12 05:01:00+00:00,-1,False,discovery,3.0690311140020863,5.029999999997926,2.433333333333333,1.0814814814814815,0.8599999999996726,1.189707123954274,0.06499999999869033,675.0,0.9991166666666667,5,2.6899999999996,0.8809688888889151,1,3,0,0,2.0549654629309058,1
2026-02-12 05:12:00+00:00,-1,False,discovery,2.7666916176408676,7.79800000000796,3.1,1.145320197044335,0.8699999999998909,1.2035409277214915,-0.09000000000014552,812.0,0.99979,5,2.4249999999992724,0.8009605911330073,12,3,0,0,1.853014242584206,1
2026-02-12 05:21:00+00:00,-1,False,discovery,2.7609870988414817,5.283999999995103,1.8333333333333333,1.2387387387387387,0.8000000000001819,1.106704301353486,-0.47999999999956344,444.0,0.9993066666666667,5,2.4199999999991633,0.7575045045045032,21,3,0,0,1.8649431102534189,1
2026-02-12 05:22:00+00:00,-1,False,discovery,2.635487685258108,4.156999999999243,1.3666666666666667,0.9151785714285714,0.7870000000002619,1.0887203564566068,0.038500000000567525,448.0,0.99833,5,2.3099999999994907,0.7600513392857157,22,3,0,0,1.754906311508363,1
2026-02-12 05:31:00+00:00,-1,False,discovery,2.1791261813186624,8.58999999999196,4.033333333333333,1.8417047184170472,0.7399999999997817,1.0237014787514398,1.25,657.0,0.9907033333333334,5,1.910000000000764,0.8223013698630461,31,3,0,0,1.5472860760699965,1
2026-02-12 05:33:00+00:00,-1,False,discovery,2.7912210484785374,8.285500000005413,3.8666666666666667,1.0760667903525047,0.7470000000002983,1.0333851413889954,-0.4580000000005384,1078.0,0.96769,5,2.4465000000000146,0.7906419294990824,33,3,0,0,1.5445977206077253,1
2026-02-12 05:57:00+00:00,-1,False,discovery,1.129494722253475,5.0,2.7666666666666666,1.099337748344371,1.433999999999287,1.9837674601746862,0.45499999999992724,755.0,0.9992666666666666,5,0.9899999999997817,0.7665192052979984,57,3,0,0,1.5594825830734749,1
2026-02-12 06:00:00+00:00,-1,False,discovery,3.6552990980856235,7.424000000001797,3.2,1.2307692307692308,0.7700000000004366,1.1398499159298126,0.2650000000003274,780.0,0.9997833333333334,6,3.4700000000002547,0.779919230769236,0,3,0,0,1.54774826757443,1
2026-02-13 05:01:00+00:00,-1,False,discovery,2.945243056057802,5.77849999999944,2.2,4.888888888888889,0.7799999999997453,1.0790366938190512,1.019999999999527,135.0,0.19670333333333334,5,2.5814999999993233,0.7534222222221851,1,4,0,1,2.154202376099291,1
2026-02-13 05:02:00+00:00,-1,False,discovery,1.3348573990272112,5.819999999988795,2.3666666666666667,2.38255033557047,0.7699999999995271,1.0652028900518338,0.3100000000004002,298.0,0.39670333333333335,5,1.1700000000000728,0.768241610738257,2,4,0,1,1.6637552476021897,1
2026-02-13 05:06:00+00:00,-1,False,discovery,3.673710106724524,4.360000000003311,1.6666666666666667,0.8818342151675486,0.7600000000002183,1.0513690862858747,-2.0799999999999272,567.0,0.9993233333333333,5,3.2200000000002547,0.7663791887125466,6,4,0,1,2.2032809778462,1
2026-02-13 05:14:00+00:00,-1,False,discovery,1.979468023343274,2.824999999999818,1.0666666666666667,0.9065155807365438,0.75,1.0375352825186572,-0.5199999999995271,353.0,0.9970133333333333,5,1.7349999999996726,0.7605552407931769,14,4,0,1,1.670910520334104,1
2026-02-13 05:16:00+00:00,-1,False,discovery,2.487170196478229,5.460000000004584,1.9666666666666666,1.5284974093264247,0.7399999999997817,1.0237014787514398,-0.019999999999527063,386.0,0.99915,5,2.180000000000291,0.7664326424870297,16,4,0,1,1.7942715974266066,1
2026-02-13 05:18:00+00:00,-1,False,discovery,3.1260763019959437,5.860000000001492,1.7333333333333334,1.3829787234042552,0.8400000000001455,1.1620395164210975,-0.030000000000654836,376.0,0.97384,5,2.740000000000691,0.7704148936170295,18,4,0,1,2.017740598399771,1
2026-02-13 05:19:00+00:00,-1,False,discovery,2.5213973092735062,4.806999999999789,2.0,1.3513513513513513,0.7700000000004366,1.065202890053092,-1.0300000000006548,444.0,0.9974733333333333,5,2.2100000000000364,0.7717342342342355,19,4,0,1,1.8395060094115054,1
2026-02-13 05:20:00+00:00,-1,False,discovery,4.249866505450033,13.676999999996042,5.433333333333334,2.1967654986522915,0.8800000000001091,1.217374731488709,0.27700000000004366,742.0,0.9946533333333333,5,3.725000000000364,0.7936873315363957,20,4,0,1,2.3842119579076337,1
2026-02-13 05:21:00+00:00,-1,False,discovery,4.865954535769167,10.66600000001199,5.333333333333333,1.6913319238900633,0.8300000000008367,1.1482057126551382,0.1999999999989086,946.0,0.99728,5,4.264999999999418,0.8274196617336186,21,4,0,1,2.436401717145677,1
2026-02-13 05:29:00+00:00,-1,False,discovery,3.052488009485009,6.1395000000020445,3.6333333333333333,1.2084257206208424,0.9159999999992579,1.2671764250484268,-0.5450000000000728,902.0,0.99992,5,2.6755000000002838,0.8613769401330563,29,4,0,1,1.9032638656109346,1
2026-02-13 05:31:00+00:00,-1,False,discovery,4.084435460270959,21.203999999994267,6.966666666666667,1.693679092382496,0.8400000000001455,1.1620395164210975,0.7550000000001091,1234.0,0.9996333333333334,5,3.5799999999999272,0.9085518638573915,31,4,0,1,1.9603339740227108,1
2026-02-13 05:32:00+00:00,-1,False,discovery,3.4797564675485213,16.57100000000173,5.766666666666667,1.2581818181818183,0.8499999999994543,1.1758733201870566,-0.02999999999974534,1375.0,0.9989333333333333,5,3.0499999999992724,0.9091512727272864,32,4,0,1,1.7022009073690905,1
2026-02-13 05:37:00+00:00,-1,False,discovery,5.037090099747626,13.046999999997752,5.1,1.11353711790393,0.8400000000001455,1.1620395164210975,-0.073500000000422,1374.0,0.99985,5,4.414999999999964,0.8478347889374092,37,4,0,1,2.0839522130763335,1
2026-02-13 05:46:00+00:00,-1,False,discovery,5.185407588528543,23.467000000000553,6.3,1.503579952267303,0.8900000000003274,1.2312085352559263,0.5850000000009459,1257.0,0.9998766666666666,5,4.545000000000073,0.8960389817024813,46,4,0,1,2.0893908201902023,1
2026-02-13 05:56:00+00:00,-1,False,discovery,5.944108588831283,12.097999999996318,4.566666666666666,1.0611928737412857,0.8699999999998909,1.2035409277214915,-3.605000000000473,1291.0,0.9995266666666667,5,5.210000000000946,0.9217273431448503,56,4,0,1,2.407238056777978,1
2026-02-13 06:05:00+00:00,-1,False,discovery,7.039874314841809,17.488999999999578,5.033333333333333,1.2099358974358974,0.8900000000003274,1.317488863866664,-0.7449999999998909,1248.0,0.9998733333333333,6,6.682999999999083,0.8573846153846114,5,4,0,1,2.2848674905217834,1
2026-02-17 06:19:00+00:00,-1,False,discovery,4.640228393967834,16.331999999998516,5.633333333333334,1.479859894921191,0.5670000000000073,0.8393440290023969,-1.5664999999999054,1142.0,0.9997933333333333,6,4.405000000000655,0.7455534150612988,19,1,0,0,1.6475573710780858,1
2026-02-17 14:01:00+00:00,-1,False,discovery,4.9067340525072485,47.52250000001641,9.966666666666667,4.628482972136223,0.8770000000004075,1.25447352638229,-0.663499999999658,646.0,0.19978666666666667,14,8.003499999999804,0.9553049535603721,1,1,0,0,2.0091451374125207,1
2026-02-18 05:01:00+00:00,-1,False,discovery,4.135776129465431,6.3049999999975626,3.7666666666666666,6.042780748663102,0.9070000000001528,1.2547260016594408,1.2215000000005602,187.0,0.19968333333333332,5,3.6250000000009095,0.9256042780748649,1,2,0,0,2.703736561745737,1
2026-02-18 05:02:00+00:00,-1,False,discovery,1.4489477750118134,3.6690000000025975,2.1666666666666665,1.8258426966292132,0.9499999999998181,1.3142113578567143,-0.05500000000029104,356.0,0.39968333333333333,5,1.269999999999527,0.9157780898876681,2,2,0,0,1.8490157305656174,1
2026-02-18 05:03:00+00:00,-1,False,discovery,0.9167161710412634,1.8444999999919673,1.6333333333333333,1.0447761194029852,0.9070000000001528,1.2547260016594408,0.14649999999892316,469.0,0.5996833333333333,5,0.8034999999999854,0.9085735607676276,3,2,0,0,1.5607451422529457,1
2026-02-18 05:13:00+00:00,-1,False,discovery,1.557333632199105,5.418000000002394,1.6,1.0,0.8599999999996726,1.189707123954274,0.0750000000007276,480.0,0.9989533333333334,5,1.3650000000006912,0.8213666666667014,13,2,0,0,1.5629152934281256,1
2026-02-18 05:25:00+00:00,-1,False,discovery,2.270398482106759,3.7869999999993524,1.3,1.25,0.8500000000003638,1.175873320188315,-0.2599999999993088,312.0,0.9960833333333333,5,1.9900000000006912,0.8317660256410153,25,2,0,0,1.773764348887901,1
2026-02-18 05:29:00+00:00,-1,False,discovery,2.4244204896860237,3.0489999999990687,1.0333333333333334,0.9253731343283583,0.8499999999994543,1.1758733201870566,-0.1500000000005457,335.0,0.9751266666666667,5,2.125,0.8286835820895344,29,2,0,0,1.755214756455089,1
2026-02-18 05:39:00+00:00,-1,False,discovery,2.3388527076973125,3.7209999999986394,1.5333333333333334,1.9166666666666667,0.8299999999999272,1.14820571265388,0.28849999999965803,240.0,0.99894,5,2.050000000000182,0.8226708333333514,39,2,0,0,1.7108209609968092,1
2026-02-18 05:41:00+00:00,-1,False,discovery,3.050206201965877,6.529500000002372,2.6333333333333333,1.970074812967581,0.8170000000000073,1.1302217677570008,-0.011499999999614374,401.0,0.9951433333333334,5,2.673500000000786,0.8259750623441269,41,2,0,0,1.8767892776473678,1
2026-02-20 05:01:00+00:00,-1,False,discovery,1.3234483614284398,3.9429999999974825,1.5333333333333334,3.216783216783217,0.6769999999996799,0.9365485150197318,-0.1835000000000946,143.0,0.19970333333333334,5,1.1599999999998545,0.7760139860139751,1,4,0,1,1.6403895867934888,1
2026-02-20 05:02:00+00:00,-1,False,discovery,1.3919025870200312,4.089999999997417,1.5333333333333334,1.84,0.8100000000004002,1.1205381051207035,0.30500000000029104,250.0,0.39970333333333335,5,1.2200000000002547,0.7903919999999925,2,4,0,1,1.6845213457383166,1
2026-02-20 05:04:00+00:00,-1,False,discovery,1.3063348050313202,3.4789999999993597,1.4666666666666666,1.0208816705336425,0.8400000000001455,1.1620395164210975,0.073500000000422,431.0,0.7997033333333333,5,1.1450000000004366,0.8071925754060042,4,4,0,1,1.5871018456557298,1
2026-02-20 05:08:00+00:00,-1,False,discovery,2.0992629181282996,5.403000000000247,1.6666666666666667,1.2315270935960592,0.8600000000005821,1.1897071239555321,0.18999999999959982,406.0,0.9955333333333334,5,1.8400000000001455,0.8528596059113132,8,4,0,1,1.7931177044787199,1
2026-02-20 05:17:00+00:00,-1,False,discovery,1.3160324869899647,4.697499999998399,1.4333333333333333,2.0574162679425836,0.98700000000008,1.3653964317946636,-0.6069999999999709,209.0,0.99957,5,1.1535000000003492,0.8540478468899657,17,4,0,1,1.7497020553385276,1
2026-02-23 07:01:00+00:00,-1,False,discovery,5.751428417052314,14.679000000002816,4.933333333333334,1.681818181818182,0.6900000000005093,1.0798484994276938,0.34649999999965075,880.0,0.99969,7,6.269999999999527,0.7893784090909207,1,0,1,0,1.655118469301637,1
2026-02-23 15:02:00+00:00,-1,False,discovery,7.784657911002304,36.27200000000994,9.6,1.1529223378702962,0.8900000000003274,1.2891848638891887,-1.2500000000009095,2498.0,0.9989833333333333,15,10.255000000001019,0.7716192954363637,2,0,1,0,1.7875815303380742,1
2026-02-24 10:31:00+00:00,-1,False,discovery,6.505112970508294,26.311000000004242,5.133333333333334,2.6923076923076925,0.7199999999993452,1.118962765239921,-0.32999999999992724,572.0,0.9984366666666666,10,6.095000000000255,0.6924038461538164,31,1,0,0,1.587162608609364,1
2026-02-25 05:00:00+00:00,-1,False,discovery,0.7718213935406009,1.6835000000019136,1.1666666666666667,1.1075949367088609,0.8500000000003638,1.175873320188315,0.010000000000218279,316.0,0.95417,5,0.6765000000004875,0.8251202531645694,0,2,0,0,1.5415261566242742,1
2026-02-25 05:03:00+00:00,-1,False,discovery,1.5516291133986815,5.1799999999993815,1.7666666666666666,1.2926829268292683,0.8499999999994543,1.1758733201870566,0.054999999999381544,410.0,0.99023,5,1.3599999999996726,0.8172634146341274,3,2,0,0,1.6861777359485939,1
2026-02-25 05:06:00+00:00,-1,False,discovery,2.3901933768907466,3.9720000000043,1.4666666666666666,0.7638888888888888,0.8500000000003638,1.175873320188315,-0.009999999999308784,576.0,0.99225,5,2.0950000000002547,0.8139704861111091,6,2,0,0,1.7981412925477471,1
2026-02-25 05:12:00+00:00,-1,False,discovery,2.0992629181282996,4.930000000000291,1.7333333333333334,1.0358565737051793,0.8400000000001455,1.1620395164210975,0.7814999999991414,502.0,0.9999333333333333,5,1.8400000000001455,0.8169083665338694,12,2,0,0,1.6792214272366002,1
2026-02-25 05:16:00+00:00,-1,False,discovery,1.6828330457814409,4.154999999997926,1.5,1.3081395348837208,0.8299999999999272,1.14820571265388,0.02999999999974534,344.0,0.9968433333333333,5,1.4749999999994543,0.8284970930232576,16,2,0,0,1.6399015361309792,1
2026-02-25 05:21:00+00:00,-1,False,discovery,1.4432432562134652,4.221000000004096,1.8,1.1739130434782608,0.8900000000003274,1.2312085352559263,-0.031500000000960426,460.0,0.9949833333333333,5,1.2650000000003274,0.8427239130434847,21,2,0,0,1.555142349453908,1
2026-02-25 05:26:00+00:00,-1,False,discovery,2.087853880529528,3.429999999998472,1.3333333333333333,1.201201201201201,0.8299999999999272,1.14820571265388,1.0784999999996217,333.0,0.99908,5,1.8299999999999272,0.8658378378378749,26,2,0,0,1.6302043987359012,1
2026-02-25 05:27:00+00:00,-1,False,discovery,2.019399654938974,3.4399999999968713,1.6,1.696113074204947,0.8299999999999272,1.14820571265388,0.30500000000029104,283.0,0.9972633333333333,5,1.7700000000004366,0.8530459363957574,27,2,0,0,1.6958960248499435,1
2026-02-25 05:28:00+00:00,-1,False,discovery,1.6543104517855498,8.706999999999425,2.966666666666667,2.3733333333333335,0.8500000000003638,1.175873320188315,0.5015000000003056,375.0,0.9873333333333333,5,1.449999999999818,0.8421440000000076,28,2,0,0,1.59453281873162,1
2026-02-25 05:50:00+00:00,-1,False,discovery,5.31661152091234,13.743999999992411,5.1,1.5029469548133594,0.8900000000003274,1.2312085352559263,0.6050000000013824,1018.0,0.99993,5,4.660000000000764,0.8697102161100239,50,2,0,0,2.266990392712417,1
2026-02-25 05:53:00+00:00,-1,False,discovery,5.6058306240346605,17.726500000006126,4.566666666666666,1.2803738317757007,0.8900000000003274,1.2312085352559263,0.8750000000009095,1070.0,0.99432,5,4.9135000000005675,0.8573271028037418,53,2,0,0,2.1614940210144775,1
2026-02-26 05:02:00+00:00,-1,False,discovery,1.9035979233132074,4.885500000002139,2.0,1.8927444794952681,0.8099999999994907,1.1205381051194452,-0.25500000000010914,317.0,0.39976333333333336,5,1.6684999999997672,0.8268548895898575,2,3,0,0,1.8528783068910386,1
2026-02-26 05:03:00+00:00,-1,False,discovery,1.0268133838666067,3.4800000000050204,2.066666666666667,1.380846325167038,0.8499999999994543,1.1758733201870566,0.050000000001091394,449.0,0.5997633333333333,5,0.8999999999996362,0.8220022271714511,3,3,0,0,1.5769154823914102,1
2026-02-26 05:10:00+00:00,-1,False,discovery,1.2133511486041342,3.763499999998203,2.2333333333333334,1.3958333333333333,0.8299999999999272,1.14820571265388,0.1750000000001819,480.0,0.9971466666666666,5,1.0635000000011132,0.8098645833332928,10,3,0,0,1.5506831671088879,1
2026-02-26 05:13:00+00:00,-1,False,discovery,1.1123811658563554,4.267000000001644,2.2333333333333334,0.9585121602288984,1.094000000000051,1.5134181321006186,0.21000000000094587,699.0,0.9991966666666666,5,0.9750000000003638,0.8270143061516421,13,3,0,0,1.5885756815476282,1
2026-02-26 05:16:00+00:00,-1,False,discovery,3.487172341988034,9.487500000002001,3.6666666666666665,1.3017751479289938,0.7770000000000437,1.0748865526893894,0.046499999999468855,845.0,0.99724,5,3.056499999999687,0.8183680473372789,16,3,0,0,1.9531941813582234,1
2026-02-26 05:28:00+00:00,-1,False,discovery,2.756993935684298,6.566500000008091,3.3333333333333335,1.0438413361169103,1.019999999999527,1.4110479842247197,0.15499999999883585,958.0,0.9990966666666666,5,2.4165000000011787,0.8367014613778709,28,3,0,0,1.810112198298342,1
2026-02-26 05:38:00+00:00,-1,False,discovery,4.101549016668079,13.420999999972992,4.6,1.6009280742459395,0.8699999999998909,1.2035409277214915,-0.7065000000002328,862.0,0.99879,5,3.594999999999345,0.8486693735498712,38,3,0,0,2.103554549172831,1
2026-02-26 14:31:00+00:00,-1,False,discovery,9.669089287077355,78.01049999999304,13.266666666666667,2.1940463065049616,1.056999999999789,1.5119481384095776,-1.2050000000008367,1814.0,0.9999433333333333,14,15.771500000000742,0.7389911797133496,31,3,0,0,2.4311573526984454,1
2026-02-26 15:28:00+00:00,-1,False,discovery,15.162054099014783,65.96049999999832,12.7,1.2994542974079126,0.9000000000005457,1.3036700870792657,-2.383500000000822,2932.0,0.99971,15,19.973500000000968,0.8366224420191085,28,3,0,0,3.308498376548214,1
2026-02-27 05:41:00+00:00,-1,False,discovery,2.4016024144884804,7.232000000016342,6.8,1.6203335980937252,0.8870000000006257,1.2270583941262643,-0.07850000000053114,1259.0,0.99955,5,2.1049999999995634,0.8616957903097747,41,4,0,1,1.6985331032331337,1
2026-03-02 06:06:00+00:00,-1,False,discovery,4.729767420865259,10.992999999994936,3.0,1.171875,0.8899999999994179,1.3174888638653177,3.4549999999999272,768.0,0.9995733333333333,6,4.489999999999782,0.8385182291666512,6,0,1,0,1.591497241253192,1
2026-03-02 07:08:00+00:00,-1,False,discovery,7.154887025997967,30.413000000004104,6.533333333333333,1.7610062893081762,0.9499999999998181,1.4867479339932688,-1.5600000000004002,1113.0,0.99768,7,7.799999999999272,0.70483737646002,8,0,1,0,1.749648303539396,1
2026-03-02 11:46:00+00:00,-1,False,discovery,8.511956294360074,28.808499999998276,6.2,2.3308270676691727,0.7669999999998254,1.206680326512788,-7.474999999999454,798.0,0.9999766666666666,11,8.936500000000706,0.7071115288220639,46,0,1,0,2.171474267477469,1
2026-03-02 14:10:00+00:00,-1,False,discovery,6.89401192233958,32.48300000000654,8.2,1.2226640159045723,0.8299999999999272,1.1872440443520247,-4.5600000000004,2012.0,0.9999133333333333,14,11.24499999999989,0.7930472166998269,10,0,1,0,1.9669008391840361,1
2026-03-02 14:26:00+00:00,-1,False,discovery,9.205299156418478,74.10200000000441,13.733333333333333,1.16056338028169,1.4099999999998545,2.0168844608871432,-2.7335000000002765,3550.0,0.9999,14,15.014999999999418,0.9191121126760637,26,0,1,0,1.714293384660575,1
2026-03-03 05:00:00+00:00,-1,False,discovery,3.133492176434419,9.446499999999105,2.6666666666666665,1.0376134889753568,0.8700000000008004,1.2035409277227496,-3.574999999999818,771.0,0.99692,5,2.7465000000001965,0.8499571984435798,0,1,0,0,2.1656245067926867,1
2026-03-03 05:02:00+00:00,-1,False,discovery,3.108962745596749,8.951999999998407,3.2666666666666666,0.8884859474161377,0.8499999999994543,1.1758733201870566,0.6399999999994179,1103.0,0.9994533333333333,5,2.7249999999994543,0.8643100634632735,2,1,0,0,1.8009331374384416,1
2026-03-03 05:09:00+00:00,-1,False,discovery,2.3747911761327165,8.555500000002212,4.833333333333333,1.6743648960739028,0.7669999999998254,1.061052748922172,-0.5084999999999127,866.0,0.9993066666666667,5,2.081500000000233,0.8953856812933398,9,1,0,0,1.8372482334000277,1
2026-03-03 05:11:00+00:00,-1,False,discovery,1.1654331906888789,7.392499999993561,4.3,1.382636655948553,1.037000000000262,1.4345654506294925,0.30500000000029104,933.0,0.9999733333333334,5,1.0214999999998327,0.8991618435155877,11,1,0,0,1.5963880938002237,1
2026-03-03 05:16:00+00:00,-1,False,discovery,9.235615936003187,15.426999999994223,4.666666666666667,1.1986301369863013,0.98700000000008,1.3653964317946636,-2.1984999999995125,1168.0,0.9995833333333334,5,8.094999999999345,0.9681977739726039,16,1,0,0,3.6692720827170864,1
2026-03-03 05:17:00+00:00,-1,False,discovery,3.007992762850008,10.735499999994317,3.3333333333333335,0.8920606601248885,0.8899999999994179,1.231208535254668,-0.3649999999997817,1121.0,0.9998833333333333,5,2.6364999999996144,0.9612970561998366,17,1,0,0,1.7148180998898852,1
2026-03-03 05:34:00+00:00,-1,False,discovery,6.360538461176066,17.423000000001593,5.533333333333333,1.0546378653113087,0.8699999999998909,1.2035409277214915,0.6850000000004002,1574.0,0.99655,5,5.574999999999818,0.870200762388828,34,1,0,0,2.321904669542411,1
2026-03-03 05:41:00+00:00,-1,False,discovery,7.889349499378242,19.071999999982836,5.6,0.9271523178807947,0.8999999999996362,1.2450423390218854,0.4899999999997817,1812.0,0.99848,5,6.914999999999964,0.8999906181015485,41,1,0,0,2.5770145191358527,1
2026-03-03 05:47:00+00:00,-1,False,discovery,3.9190044150918855,10.84300000001167,5.033333333333333,1.0449826989619377,0.9200000000000728,1.2727099465563203,-1.5599999999994907,1445.0,0.9999966666666666,5,3.4349999999994907,0.9211923875432447,47,1,0,0,1.828982581144958,1
2026-03-03 05:48:00+00:00,-1,False,discovery,8.762140875665585,23.388999999999214,7.0,1.344430217669654,0.9200000000000728,1.2727099465563203,-0.32999999999992724,1562.0,0.9991433333333334,5,7.680000000000291,0.9182042253521078,48,1,0,0,3.046255437973403,1
2026-03-03 05:49:00+00:00,-1,False,discovery,7.702811734641752,49.20449999998982,10.333333333333334,1.669359181475498,0.8770000000004075,1.2132245903590468,-0.9915000000000873,1857.0,0.9986633333333333,5,6.751499999999396,0.9242304792676331,49,1,0,0,2.495129238015766,1
2026-03-03 05:52:00+00:00,-1,False,discovery,5.681700724064727,36.05999999999858,9.2,1.1210398050365555,0.930000000000291,1.2865437503235377,-1.9149999999999636,2462.0,0.9997633333333333,5,4.980000000000473,0.9339094232331507,52,1,0,0,1.7517496036423106,1
2026-03-03 05:55:00+00:00,-1,False,discovery,7.661168747406963,30.662000000015723,9.8,1.1620553359683794,1.0969999999997526,1.5175682732302804,2.3450000000002547,2530.0,0.9999433333333333,5,6.714999999999236,0.9406932806324217,55,1,0,0,2.325862820269456,1
2026-03-03 09:05:00+00:00,-1,False,discovery,9.564205240496882,17.94399999999132,7.1,1.178749308245711,0.7899999999999636,1.1910434053259356,-0.5200000000004366,1807.0,0.99967,9,8.75000000000091,0.7525168788046495,5,1,0,0,2.566235815448761,1
2026-03-03 09:26:00+00:00,-1,False,discovery,13.570240921229267,125.45499999999902,13.466666666666667,1.9256434699714013,1.0,1.5076498801594815,-3.2434999999995853,2098.0,0.99939,9,12.414999999999964,1.0157144899904706,26,1,0,0,2.3834107511995004,1
2026-03-03 09:56:00+00:00,-1,False,discovery,7.979279800641488,23.834000000011656,7.033333333333333,1.1735261401557286,0.8100000000004002,1.2211964029297833,-1.9200000000000728,1798.0,0.9990966666666666,9,7.299999999999272,0.9296985539488406,56,1,0,0,1.7240703063786662,1
2026-03-04 05:01:00+00:00,-1,False,discovery,1.785514384168309,15.565000000003238,6.133333333333334,5.626911314984709,0.8699999999998909,1.2035409277214915,-0.4349999999994907,327.0,0.19938,5,1.5649999999995998,0.845198776758424,1,2,0,0,2.1189896859430988,1
2026-03-04 05:03:00+00:00,-1,False,discovery,2.139194549722962,10.235000000009677,4.0,1.4134275618374559,0.8800000000001091,1.217374731488709,-1.055000000000291,849.0,0.59938,5,1.875,0.8526336866902189,3,2,0,0,1.8312718358601068,1
2026-03-04 05:04:00+00:00,-1,False,discovery,2.167717143718853,5.350000000004002,2.3,0.6509433962264151,0.8699999999998909,1.2035409277214915,0.06499999999959982,1060.0,0.79938,5,1.8999999999996362,0.856405660377349,4,2,0,0,1.551769970966737,1
2026-03-04 05:08:00+00:00,-1,False,discovery,3.268689271976437,8.84799999999268,4.666666666666667,1.237842617152962,0.8999999999996362,1.2450423390218854,0.6215000000001965,1131.0,0.9991166666666667,5,2.8649999999997817,0.8564473916887427,8,2,0,0,1.9774220228743082,1
2026-03-04 05:09:00+00:00,-1,False,discovery,2.6982373920503138,10.005000000001019,3.3666666666666667,0.8466051969823973,0.9099999999998545,1.2588761427891029,-1.1350000000002183,1193.0,0.9994366666666666,5,2.3649999999997817,0.8705431684828019,9,2,0,0,1.715482512943718,1
2026-03-04 05:12:00+00:00,-1,False,discovery,2.954940738018522,10.450000000001637,4.1,0.9432515337423312,0.8599999999996726,1.189707123954274,-0.2999999999992724,1304.0,0.9989033333333334,5,2.590000000001055,0.8722254601227005,12,2,0,0,1.6885989125123169,1
2026-03-04 05:13:00+00:00,-1,False,discovery,3.2515757155793175,11.66000000000713,5.166666666666667,1.1464497041420119,0.8599999999996726,1.189707123954274,-0.7699999999995271,1352.0,0.9989066666666667,5,2.850000000000364,0.8886161242603831,13,2,0,0,1.8521565229584327,1
2026-03-04 05:16:00+00:00,-1,False,discovery,4.067321903872802,7.371000000001914,5.033333333333333,1.0626319493314567,0.8299999999999272,1.14820571265388,1.2200000000002547,1421.0,0.99998,5,3.5649999999996,0.8487431386347772,16,2,0,0,1.9524978204118382,1
2026-03-04 05:19:00+00:00,-1,False,discovery,5.51626967888669,13.261999999996988,6.366666666666666,1.1646341463414633,0.75,1.0375352825186572,-0.25500000000101863,1640.0,0.99925,5,4.835000000000946,0.8144317073170718,19,2,0,0,2.259561548065914,1
2026-03-04 05:37:00+00:00,-1,False,discovery,5.173998550929771,11.849000000001979,4.9,0.7704402515723271,0.8999999999996362,1.2450423390218854,-0.8400000000001455,1908.0,0.9997833333333334,5,4.5349999999998545,0.8056090146750438,37,2,0,0,1.9041183690943713,1
2026-03-04 05:39:00+00:00,-1,False,discovery,3.3827796479620766,14.955000000001746,5.9,1.1007462686567164,0.930000000000291,1.2865437503235377,-0.13499999999930878,1608.0,0.9988266666666666,5,2.9650000000001455,0.8411579601990182,39,2,0,0,1.6047358712006825,1
2026-03-04 05:45:00+00:00,-1,False,discovery,3.443247547234113,11.409000000012384,5.333333333333333,1.051939513477975,1.0159999999996217,1.4055144627180842,0.1430000000000291,1521.0,0.9993,5,3.018000000000029,0.9252071005917056,45,2,0,0,1.685269088057908,1
2026-03-04 05:46:00+00:00,-1,False,discovery,3.223053121583426,13.94900000000598,7.033333333333333,1.2968653964351569,0.9099999999998545,1.2588761427891029,-0.24500000000080036,1627.0,1.0,5,2.8250000000007276,0.9357221880762044,46,2,0,0,1.623446252349814,1
2026-03-04 05:55:00+00:00,-1,False,discovery,3.6394829939282096,17.516999999995278,6.1,1.3585746102449887,1.0399999999999636,1.4387155917591545,-0.9099999999998545,1347.0,0.9994633333333334,5,3.1899999999996,0.9179339272457504,55,2,0,0,1.8185737961647455,1
2026-03-04 05:58:00+00:00,-1,False,discovery,3.776391445111392,10.69300000000203,4.9,1.0020449897750512,0.8999999999996362,1.2450423390218854,0.18500000000040018,1467.0,0.9999166666666667,5,3.3100000000004,0.9205473755964586,58,2,0,0,1.582425725311735,1
2026-03-04 06:07:00+00:00,-1,False,discovery,14.847677460379636,115.45000000000618,12.1,1.7759295499021526,1.1099999999996726,1.643160268416885,-0.7399999999997817,2044.0,0.99963,6,14.095000000001164,1.067716731898248,7,2,0,0,3.1520884949839996,1
2026-03-05 06:09:00+00:00,-1,False,discovery,7.401717323543671,28.494499999993423,7.2,1.1953514111787493,0.8600000000005821,1.2730791268827877,1.819999999999709,1807.0,0.9991766666666667,6,7.026499999999942,0.7915307138904323,9,3,0,0,1.9524422516927031,1
2026-03-05 06:11:00+00:00,-1,False,discovery,6.913992977027082,41.037499999996726,9.0,1.1754462342185459,0.8770000000004075,1.2982446445069393,-0.42850000000089494,2297.0,0.9994566666666667,6,6.563500000000204,0.7950248149760607,11,3,0,0,1.6178217119330882,1
2026-03-05 06:13:00+00:00,-1,False,discovery,9.454267840149104,29.871999999984837,10.5,1.2027491408934707,1.0300000000006548,1.524734303126997,0.569999999999709,2619.0,0.99802,6,8.975000000000364,0.8178316151202776,13,3,0,0,2.4462719323225732,1
2026-03-05 09:40:00+00:00,-1,False,discovery,6.0462172900356785,18.706499999998414,4.0,1.090909090909091,0.8400000000001455,1.266425899334184,-3.8065000000005966,1100.0,0.9995666666666667,9,5.53150000000096,0.8139518181818312,40,3,0,0,1.5555445878960776,1
2026-03-05 09:50:00+00:00,-1,False,discovery,7.56392003019797,12.04000000000633,4.566666666666666,1.3010446343779678,0.8500000000003638,1.2815023981361078,1.4249999999992724,1053.0,0.9997733333333333,9,6.920000000000073,0.8344045584045521,50,3,0,0,1.844287602034625,1
2026-03-05 13:17:00+00:00,-1,False,discovery,11.294330503823415,42.360499999999774,5.966666666666667,1.2268677176148046,0.8499999999994543,1.2960891367050362,-10.835000000000946,1459.0,0.9996933333333333,13,16.568500000000313,0.8584153529815016,17,3,0,0,2.860826700327741,1
2026-03-06 05:08:00+00:00,-1,False,discovery,2.350261745296084,5.699999999997999,1.4333333333333333,1.046228710462287,0.75,1.0375352825186572,-0.5600000000004002,411.0,0.9952533333333333,5,2.0600000000004,0.7487469586374732,8,4,0,1,1.7769384434350841,1
2026-03-06 05:21:00+00:00,-1,False,discovery,2.224762331711673,6.623000000000502,2.2333333333333334,1.8767507002801123,0.75,1.0375352825186572,-1.3900000000003274,357.0,0.9968566666666666,5,1.949999999999818,0.7461232492997403,21,4,0,1,1.7845847646482482,1
2026-03-06 05:22:00+00:00,-1,False,discovery,1.7170601585777554,3.7949999999991633,1.2666666666666666,1.0382513661202186,0.75,1.0375352825186572,-0.7600000000002183,366.0,0.99907,5,1.5050000000001091,0.7523633879781588,22,4,0,1,1.548584858240892,1
2026-03-06 05:33:00+00:00,-1,False,discovery,3.1431898583930633,10.87199999999848,3.2,1.1047180667433834,0.7600000000002183,1.0513690862858747,1.7650000000003274,869.0,0.9989466666666666,5,2.755000000000109,0.7411749136939315,33,4,0,1,1.5497913020603404,1
2026-03-06 05:49:00+00:00,-1,False,discovery,2.544215384471049,13.60799999999017,5.966666666666667,1.817258883248731,0.8470000000006621,1.1717231790586529,0.4250000000001819,985.0,0.9997066666666666,5,2.230000000000473,0.7535878172588765,49,4,0,1,1.5839926033032812,1
2026-03-06 05:53:00+00:00,-1,False,discovery,3.9874586406845145,14.290999999982887,5.9,1.1478599221789885,0.7870000000002619,1.0887203564566068,0.6749999999992724,1542.0,0.9992466666666666,5,3.4950000000008004,0.77756225680937,53,4,0,1,1.5614529964130788,1
2026-03-06 15:02:00+00:00,-1,False,discovery,9.760996952570974,46.071499999983644,12.1,2.5581395348837206,0.8500000000003638,1.2312439711301981,2.975000000000364,1419.0,0.39977,15,12.858500000000276,0.8210007047216478,2,4,0,1,2.8304805705902742,1
2026-03-09 06:02:00+00:00,-1,False,discovery,3.628964090173771,19.379000000004453,5.533333333333333,2.120051085568327,0.75,1.1102434246063309,-1.25,783.0,0.39976666666666666,6,3.444999999999709,0.7655312899105934,2,0,1,0,1.6407299044076031,1
2026-03-09 14:01:00+00:00,-1,False,discovery,2.549466303161077,36.35450000000674,11.9,4.924137931034483,0.8070000000006985,1.1543445105939725,0.21000000000003638,725.0,0.19977,14,4.158499999999549,0.7713765517241461,1,0,1,0,1.6156525660346583,1
2026-03-12 05:01:00+00:00,-1,False,discovery,1.7341737149738374,5.210999999993874,2.1,4.5,0.7100000000000364,0.9822000674510459,-0.26150000000052387,140.0,0.19768666666666668,5,1.5199999999986176,0.6943214285714411,1,3,0,0,1.8191959496720602,1
2026-03-12 05:03:00+00:00,-1,False,discovery,0.8596709830494812,3.485500000006141,3.2666666666666666,2.3501199040767387,0.7100000000000364,0.9822000674510459,0.1400000000012369,417.0,0.5976866666666667,5,0.753500000000713,0.6900743405275921,3,3,0,0,1.5483308679233097,1
2026-03-12 05:07:00+00:00,-1,False,discovery,2.9321226628199413,7.076999999997497,1.9333333333333333,0.5852674066599395,0.7100000000000364,0.9822000674510459,-2.9899999999997817,991.0,0.9999866666666667,5,2.569999999999709,0.6785469223007224,7,3,0,0,1.733592488390147,1
2026-03-12 05:11:00+00:00,-1,False,discovery,2.220769168553452,4.1835000000055516,2.1333333333333333,0.9356725146198831,0.7100000000000364,0.9822000674510459,0.30650000000059663,684.0,0.99964,5,1.946500000000924,0.7117441520467964,11,3,0,0,1.5861316020075493,1
2026-03-12 05:18:00+00:00,-1,False,discovery,2.1905352189163962,4.434999999995853,1.9,1.14,0.7100000000000364,0.9822000674510459,0.5399999999990541,500.0,0.9995,5,1.9200000000000728,0.6970719999999893,18,3,0,0,1.5910035332918473,1
2026-03-12 05:21:00+00:00,-1,False,discovery,3.700521345080288,7.9414999999926295,2.8666666666666667,1.1894882434301521,0.7100000000000364,0.9822000674510459,-0.7299999999995634,723.0,0.9994533333333333,5,3.2434999999995853,0.6819211618257016,21,3,0,0,1.9704254799114576,1
2026-03-12 05:25:00+00:00,-1,False,discovery,2.646896722858955,4.846999999999753,2.433333333333333,1.1248073959938365,0.7100000000000364,0.9822000674510459,-0.8500000000003638,649.0,0.9999,5,2.320000000001528,0.6581248073960017,25,3,0,0,1.7012225063402928,1
2026-03-13 05:01:00+00:00,-1,False,discovery,1.0193975094281316,2.9535000000014406,1.3666666666666667,4.71264367816092,0.7100000000000364,0.9822000674510459,0.4599999999991269,87.0,0.19971333333333333,5,0.893500000000131,0.7073103448276182,1,4,0,1,1.5721198359468966,1
2026-03-13 05:02:00+00:00,-1,False,discovery,1.213351148602059,2.7834999999968204,1.0,1.8181818181818181,0.7100000000000364,0.9822000674510459,0.019999999998617568,165.0,0.3997133333333333,5,1.0634999999992942,0.7058242424242493,2,4,0,1,1.5789551616560444,1
2026-03-13 05:07:00+00:00,-1,False,discovery,1.2664031734366576,4.561000000003332,2.033333333333333,1.7579250720461093,0.7100000000000364,0.9822000674510459,0.018500000000130967,347.0,0.9976733333333333,5,1.110000000000582,0.7054351585014542,7,4,0,1,1.5340802750918003,1
2026-03-13 05:13:00+00:00,-1,False,discovery,1.9680589857455402,3.9209999999984575,2.1,1.4651162790697674,0.7200000000002547,0.9960338712182633,0.1414999999997235,430.0,0.99999,5,1.7250000000003638,0.7045325581395466,13,4,0,1,1.6609894940717074,1
2026-03-13 05:31:00+00:00,-1,False,discovery,2.3160346325008074,13.772000000017215,4.766666666666667,2.266244057052298,0.7100000000000364,0.9822000674510459,0.2600000000002183,631.0,0.9994666666666666,5,2.030000000000655,0.7069207606973016,31,4,0,1,1.6138328080051254,1
2026-03-16 05:02:00+00:00,-1,False,discovery,1.5744471885972622,6.70399999998881,3.1333333333333333,1.87624750499002,0.7100000000000364,0.9822000674510459,-0.07999999999992724,501.0,0.99883,5,1.3800000000010186,0.7073153692614839,2,0,1,0,1.6534352986853669,1
2026-03-16 05:09:00+00:00,-1,False,discovery,2.007990617340203,3.219999999995707,1.7,1.1111111111111112,0.7100000000000364,0.9822000674510459,-0.10999999999876309,459.0,0.99964,5,1.7600000000002183,0.7151742919389886,9,0,1,0,1.659805569535702,1
2026-03-23 05:01:00+00:00,-1,False,discovery,1.237880579439729,13.485000000001492,5.233333333333333,4.984126984126984,0.6700000000000728,0.9268648523834345,-0.05500000000029104,315.0,0.19976,5,1.0850000000000364,0.6999301587301272,1,0,1,0,1.7295746460038526,1
2026-03-23 05:02:00+00:00,-1,False,discovery,2.5670334596675546,13.70700000000761,5.966666666666667,2.557142857142857,0.7000000000007276,0.9683662636850867,0.7199999999993452,700.0,0.39976,5,2.25,0.6903471428571356,2,0,1,0,1.9495252321206187,1
2026-03-23 05:03:00+00:00,-1,False,discovery,3.3770751291616534,19.56999999999971,6.766666666666667,1.8848653667595172,0.6599999999998545,0.9130310486162171,-0.3099999999994907,1077.0,0.59976,5,2.959999999999127,0.6925097493036225,3,0,1,0,1.9618559256730563,1
2026-03-23 05:08:00+00:00,-1,False,discovery,4.198525836256599,16.376999999989494,5.533333333333333,1.1714890613973181,0.6900000000005093,0.9545324599178693,0.6000000000003638,1417.0,0.9997766666666666,5,3.680000000000291,0.6727515878616916,8,0,1,0,1.8660385137855746,1
2026-03-23 05:14:00+00:00,-1,False,discovery,4.272684580646538,16.222999999997228,4.6,1.1655405405405403,0.6500000000005457,0.8991972448502579,0.24500000000080036,1184.0,0.9996066666666666,5,3.744999999999891,0.6641824324324238,14,0,1,0,1.8647173972704314,1
2026-03-23 05:18:00+00:00,-1,False,discovery,3.403886367518455,7.543499999991582,4.233333333333333,0.9635811836115326,0.680000000000291,0.9406986561506518,-0.25,1318.0,0.9994433333333334,5,2.983499999999367,0.6685091047040855,18,0,1,0,1.671819887246905,1
2026-03-23 05:19:00+00:00,-1,False,discovery,3.3314389787686425,19.766999999981635,6.533333333333333,1.3706293706293706,0.6700000000000728,0.9268648523834345,-0.18000000000029104,1430.0,0.9998566666666666,5,2.9200000000000728,0.6765398601398476,19,0,1,0,1.6077655657082504,1
2026-03-23 05:23:00+00:00,-1,False,discovery,4.0673219038738395,15.795000000010987,5.7,1.0761485210824417,0.6999999999998181,0.9683662636838285,0.019999999999527063,1589.0,0.9994566666666667,5,3.5650000000005093,0.6823178099433603,23,0,1,0,1.6872773472026372,1
2026-03-23 05:31:00+00:00,-1,False,discovery,8.950389996041164,70.69099999999071,12.266666666666667,1.9913419913419914,0.680000000000291,0.9406986561506518,-1.9350000000004002,1848.0,0.99962,5,7.845000000000255,0.69563257575758,31,0,1,0,2.7083776977310228,1
2026-03-23 05:39:00+00:00,-1,False,discovery,7.393056363843097,45.21000000001459,10.633333333333333,1.0188438198658574,0.75,1.0375352825186572,0.6850000000004002,3131.0,0.9999466666666667,5,6.480000000000473,0.7241612903225848,39,0,1,0,1.6612975176486544,1
2026-03-23 05:52:00+00:00,-1,False,discovery,6.056487609176796,25.372500000006767,8.866666666666667,1.0302091402013942,0.7169999999996435,0.9918837300873431,-5.048500000000786,2582.0,0.99994,5,5.308500000001004,0.6885542215337059,52,0,1,0,1.9067549516752083,1
2026-03-23 05:56:00+00:00,-1,False,discovery,9.656038971509306,47.78650000000198,11.633333333333333,1.0771604938271604,0.7199999999993452,0.996033871217005,1.3535000000001673,3240.0,0.9997433333333333,5,8.46349999999984,0.7748703703703953,56,0,1,0,2.1133361795436234,1
2026-03-23 06:03:00+00:00,-1,False,discovery,7.4054042246510425,39.0739999999887,11.133333333333333,1.2297496318114876,0.9200000000000728,1.3618986008505403,-1.031500000000051,2716.0,0.9994833333333333,6,7.029999999999745,0.743863033873354,3,0,1,0,1.8677286434808713,1
2026-03-23 06:16:00+00:00,-1,False,discovery,9.814004048216676,61.23250000000098,12.733333333333333,1.1896605418872626,0.8600000000005821,1.2730791268827877,-2.4700000000002547,3211.0,0.9998266666666666,6,9.316499999999905,0.855907505450008,16,0,1,0,2.027729128186926,1
2026-03-23 06:19:00+00:00,-1,False,discovery,9.928297982551912,65.04599999999755,12.433333333333334,1.0687679083094557,1.069999999999709,1.5839472857712678,-2.1850000000004,3490.0,0.99949,6,9.425000000000182,0.9122862464183334,19,0,1,0,1.8007135933591947,1
2026-03-23 06:45:00+00:00,-1,False,discovery,21.515701463513174,80.90299999999843,13.833333333333334,1.0782021304234866,1.7100000000000364,2.531355008102488,-2.223500000000058,3849.0,0.9997866666666667,6,20.424999999999272,1.0244169914263548,45,0,1,0,4.6286738048108695,1
2026-03-23 06:50:00+00:00,-1,False,discovery,18.882200672386357,75.8469999999952,13.5,0.9486999297259311,1.2469999999993888,1.845964733977888,2.4400000000005093,4269.0,0.9998666666666667,6,17.925000000000182,1.4008065120637219,50,0,1,0,3.363531254395877,1
2026-03-23 07:28:00+00:00,-1,False,discovery,18.36742055962633,84.1605000000227,13.733333333333333,0.980718876457986,2.3969999999999345,3.751299787139421,1.0929999999998472,4201.0,0.9997566666666666,7,20.02350000000024,1.7958090930730817,28,0,1,0,2.063024291216575,1
2026-03-23 08:12:00+00:00,-1,False,discovery,14.245203293289373,52.3295000000071,13.1,1.047162270183853,1.1769999999996799,1.8613476951580927,1.6414999999997235,3753.0,0.9997766666666666,8,14.266499999999724,0.9960479616307053,12,0,1,0,2.0817646452667695,1
2026-03-23 08:36:00+00:00,-1,False,discovery,12.456377603742583,52.540000000013606,12.266666666666667,1.0713245997088794,0.8000000000001819,1.2651471165057075,-1.194999999999709,3435.0,0.9995466666666667,8,12.475000000000364,0.9900189228529742,36,0,1,0,1.8525159644379219,1
2026-03-23 10:21:00+00:00,-1,False,discovery,8.271472604009379,27.236999999995533,8.833333333333334,1.1195606252640475,0.5700000000006185,0.885845522483371,-2.6400000000003274,2367.0,0.99971,10,7.75,0.6693561470215447,21,0,1,0,1.6799689650058993,1
2026-03-23 14:16:00+00:00,-1,False,discovery,12.154182868865142,61.31500000000051,13.466666666666667,1.035101204201896,0.8499999999994543,1.2158523345767007,3.261500000000524,3903.0,0.9995366666666666,14,19.825000000000728,0.7994911606456793,16,0,1,0,2.012639477680783,1
2026-03-24 11:02:00+00:00,-1,False,discovery,46.47691013072902,261.4000000000133,15.066666666666666,3.458301453710788,1.167000000000371,1.8359790626351915,-2.2349999999996726,1307.0,0.39997,11,48.79499999999916,1.0302004590665652,2,1,0,0,9.422881080983226,1
2026-03-25 05:01:00+00:00,-1,False,discovery,0.07986326319036285,6.034000000002379,1.8666666666666667,3.7837837837837838,0.9899999999997817,1.3695465729243257,-0.4400000000005093,148.0,0.19995,5,0.07000000000061846,0.9988040540540685,1,2,0,0,1.561742602729451,1
2026-03-25 05:02:00+00:00,-1,False,discovery,1.8784980405954952,5.166499999997541,2.1333333333333333,2.3880597014925375,0.9769999999998618,1.3515626280274462,0.05350000000089494,268.0,0.39995,5,1.6464999999989232,0.9924626865671625,2,2,0,0,2.004760244390104,1
2026-03-25 05:03:00+00:00,-1,False,discovery,1.7113556397783696,4.0370000000039,2.966666666666667,2.0045045045045047,0.9900000000006912,1.3695465729255838,1.2100000000009459,444.0,0.59995,5,1.5,0.9945180180180279,3,2,0,0,1.913233305725266,1
2026-03-25 05:10:00+00:00,-1,False,discovery,1.1123811658553178,6.47099999999682,4.4,1.4254859611231103,0.9070000000001528,1.2547260016594408,-1.2099999999991269,926.0,0.99396,5,0.9749999999994543,0.9544600431965403,10,2,0,0,1.5847409362782428,1
2026-03-25 05:16:00+00:00,-1,False,discovery,1.9475227180681665,4.333999999997104,3.6,1.130890052356021,0.8669999999992797,1.1993907865905713,-0.9250000000010914,955.0,0.9994733333333333,5,1.7070000000003347,0.9377926701570791,16,2,0,0,1.6626513923457849,1
2026-03-25 05:18:00+00:00,-1,False,discovery,2.2264736873528377,15.87750000000051,4.566666666666666,1.2973484848484849,0.9900000000006912,1.3695465729255838,0.019999999999527063,1056.0,0.9979933333333333,5,1.9515000000010332,0.950471590909105,18,2,0,0,1.6346595960354224,1
2026-03-25 05:30:00+00:00,-1,False,discovery,4.21164622949446,16.891500000002452,4.033333333333333,1.104014598540146,0.9899999999997817,1.3695465729243257,-0.27999999999974534,1096.0,0.9996766666666667,5,3.6914999999999054,0.9646186131387249,30,2,0,0,2.022190425844972,1
2026-03-25 05:31:00+00:00,-1,False,discovery,4.48603358373983,24.95000000001164,7.433333333333334,1.6372980910425845,0.9270000000005894,1.2823936091938757,-1.5485000000007858,1362.0,0.9996766666666667,5,3.9320000000006985,0.9687790014684393,31,2,0,0,2.1738332349211205,1
2026-03-25 05:32:00+00:00,-1,False,discovery,1.7798098653689234,24.96700000000601,10.566666666666666,2.0075997466751105,0.9569999999994252,1.3238950204930116,0.15499999999974534,1579.0,0.9996133333333334,5,1.5599999999994907,0.9439227359088046,32,2,0,0,1.557412296559595,1
2026-03-25 05:43:00+00:00,-1,False,discovery,3.9247089338912713,12.594000000003689,6.133333333333334,1.3314037626628077,0.9899999999997817,1.3695465729243257,-0.2484999999996944,1382.0,0.99903,5,3.4399999999996,0.9819088277858391,43,2,0,0,1.9755339368530542,1
2026-03-25 05:50:00+00:00,-1,False,discovery,4.7347506033864075,11.49399999999514,4.966666666666667,1.4410058027079304,0.9899999999997817,1.3695465729243257,-0.46349999999983993,1034.0,1.0,5,4.149999999999636,0.9834148936170165,50,2,0,0,2.2553335753366226,1
2026-03-25 05:51:00+00:00,-1,False,discovery,2.9817519763732485,13.467500000000655,4.9,1.2311557788944725,0.9899999999997817,1.3695465729243257,-0.38000000000010914,1194.0,0.9995966666666667,5,2.613499999999476,0.9717077051926162,51,2,0,0,1.623732535998398,1
2026-03-25 06:06:00+00:00,-1,False,discovery,4.287339287956673,13.047000000005028,6.533333333333333,1.1701492537313434,0.9899999999997817,1.4655213204800337,-1.9735000000000582,1675.0,0.9991,6,4.0700000000006185,0.9714149253731522,6,2,0,0,1.5726328277748443,1
2026-03-25 11:48:00+00:00,-1,False,discovery,7.815207452047028,51.74800000000323,9.0,2.6496565260058884,0.6100000000005821,0.9596805725862719,-2.130000000000109,1019.0,0.9995566666666666,11,8.204999999999927,0.6397055937193368,48,2,0,0,1.5658522873203007,1
2026-03-26 05:01:00+00:00,-1,False,discovery,0.93554108307851,4.279999999995198,2.566666666666667,4.375,0.7100000000000364,0.9822000674510459,0.3000000000010914,176.0,0.19983,5,0.819999999999709,0.7419772727272402,1,3,0,0,1.6135014845811004,1
2026-03-26 05:02:00+00:00,-1,False,discovery,1.9053092789533346,6.669999999992797,2.433333333333333,2.128279883381924,0.7100000000000364,0.9822000674510459,0.13999999999941792,343.0,0.39983,5,1.6700000000000728,0.7316967930029015,2,3,0,0,1.7501757360796093,1
2026-03-26 05:07:00+00:00,-1,False,discovery,3.949238364728941,15.502500000001419,4.9,2.0646067415730336,0.7100000000000364,0.9822000674510459,0.1000000000003638,712.0,0.9996833333333334,5,3.461500000000342,0.6477598314606792,7,3,0,0,2.1916720043140234,1
2026-03-26 05:10:00+00:00,-1,False,discovery,3.6263626006903484,7.737499999995634,2.8,1.0132689987937273,0.5469999999995707,0.7567090660496801,-0.8485000000000582,829.0,0.9998166666666667,5,3.1784999999999854,0.6774149577804762,10,3,0,0,1.8351132717796395,1
2026-03-26 05:11:00+00:00,-1,False,discovery,1.867089002998799,16.863499999986743,6.233333333333333,1.9101123595505618,0.7300000000004729,1.0098676749854807,0.5900000000001455,979.0,0.9990666666666667,5,1.6365000000005239,0.6998968335035887,11,3,0,0,1.5404152151750707,1
2026-03-26 05:19:00+00:00,-1,False,discovery,2.772396136441291,3.8699999999989814,1.5666666666666667,0.651872399445215,0.7100000000000364,0.9822000674510459,0.8400000000001455,721.0,0.9999666666666667,5,2.430000000000291,0.7251914008321968,19,3,0,0,1.581492586037946,1
2026-03-26 05:22:00+00:00,-1,False,discovery,3.274393790774785,5.519999999996799,2.3666666666666667,1.1216429699842023,0.7100000000000364,0.9822000674510459,0.0,633.0,0.9995433333333333,5,2.8699999999989814,0.7417535545023736,22,3,0,0,1.8470653180100765,1
2026-03-26 05:23:00+00:00,-1,False,discovery,5.008567505752773,11.218000000017128,3.433333333333333,1.424619640387275,0.7100000000000364,0.9822000674510459,-0.8000000000010914,723.0,0.99984,5,4.390000000001237,0.7374868603042858,23,3,0,0,2.3294127973044763,1
2026-03-26 05:25:00+00:00,-1,False,discovery,3.228757640381774,7.6230000000086875,2.8666666666666667,1.0656753407682775,0.7100000000000364,0.9822000674510459,0.8700000000008004,807.0,0.9998733333333333,5,2.8299999999999272,0.7307732342007406,25,3,0,0,1.6882474091923405,1
2026-03-26 05:45:00+00:00,-1,False,discovery,4.837431941773276,30.621999999990294,7.533333333333333,1.499668214996682,0.7300000000004729,1.0098676749854807,-0.8625000000010914,1507.0,0.99971,5,4.239999999999782,0.723333112143327,45,3,0,0,1.8062334413393613,1
2026-03-26 05:52:00+00:00,-1,False,discovery,5.8585408068415346,27.55199999998149,6.333333333333333,1.0171306209850106,0.7700000000004366,1.065202890053092,-0.43000000000029104,1868.0,0.99944,5,5.135000000000218,0.7313972162740948,52,3,0,0,1.7716900735974064,1
2026-03-26 05:53:00+00:00,-1,False,discovery,4.786091272579841,19.041000000001077,6.266666666666667,1.0118406889128095,1.3040000000000873,1.8039280112058929,0.6500000000005457,1858.0,0.9993166666666666,5,4.194999999999709,0.7373073196986165,53,3,0,0,1.997911707673711,1
2026-03-26 06:00:00+00:00,-1,False,discovery,7.338513304556182,35.10649999997713,8.133333333333333,1.0111893907998342,0.7699999999995271,1.1398499159284663,-1.519999999999527,2413.0,0.9995866666666666,6,6.966499999999542,0.7528835474513166,0,3,0,0,1.7942054223966175,1
2026-03-26 08:44:00+00:00,-1,False,discovery,11.526268125755143,42.728499999988344,11.466666666666667,1.3699721226602948,0.9899999999997817,1.5656195566751119,-2.949999999999818,2511.0,0.9999066666666667,8,11.543499999999767,0.9384735165272791,44,3,0,0,2.121368810486424,1
2026-03-26 10:41:00+00:00,-1,False,discovery,8.862215840953775,38.683500000001004,9.466666666666667,1.3921568627450982,0.7569999999996071,1.1764650184540986,0.4600000000000364,2040.0,0.999,10,8.303499999999985,0.9443254901960949,41,3,0,0,1.5415077103121377,1
2026-03-27 14:01:00+00:00,-1,False,discovery,3.357497224783586,27.186499999997068,9.633333333333333,5.061295971978984,0.9899999999997817,1.4161103661546364,1.85149999999976,571.0,0.19959666666666667,14,5.47649999999976,0.8939684763572953,1,4,0,1,1.850514915487301,1
2026-03-30 11:45:00+00:00,-1,False,discovery,16.492421332381763,35.10199999999804,6.966666666666667,1.2507480550568522,0.7999999999992724,1.2585974722419455,4.671500000000378,1671.0,0.99855,11,17.3149999999996,0.8005601436265817,45,0,1,0,3.272410734417906,1
2026-03-31 05:01:00+00:00,-1,False,discovery,0.17284691961754892,3.72849999999562,2.2666666666666666,3.505154639175258,0.9099999999998545,1.2588761427891029,-0.09000000000014552,194.0,0.19974333333333333,5,0.1514999999999418,0.8859845360825039,1,1,0,0,1.5596631321401428,1
2026-03-31 05:02:00+00:00,-1,False,discovery,1.3919025870200312,4.696000000006279,2.066666666666667,1.8844984802431612,0.910000000000764,1.258876142790361,0.7485000000006039,329.0,0.39974333333333334,5,1.2200000000002547,0.8895957446808583,2,1,0,0,1.7472598084665374,1
2026-03-31 05:09:00+00:00,-1,False,discovery,2.019399654938974,5.854000000002998,3.066666666666667,1.2602739726027399,0.9099999999998545,1.2588761427891029,-0.34349999999994907,730.0,0.9992466666666666,5,1.7700000000004366,0.8946986301369865,9,1,0,0,1.7869830471871198,1
2026-03-31 05:11:00+00:00,-1,False,discovery,5.328020558510074,16.68300000000272,5.266666666666667,1.7853107344632768,0.9099999999998545,1.2588761427891029,-1.14850000000024,885.0,0.9996966666666667,5,4.670000000000073,0.9007062146892614,11,1,0,0,2.6990757127367466,1
2026-03-31 05:13:00+00:00,-1,False,discovery,2.9566520936565737,7.565500000006978,3.2,0.9467455621301776,0.910000000000764,1.258876142790361,0.07000000000061846,1014.0,0.9990833333333333,5,2.5914999999995416,0.9011923076923186,13,1,0,0,1.8240652262602564,1
2026-03-31 05:14:00+00:00,-1,False,discovery,6.434697205567043,16.276999999991858,4.333333333333333,1.1255411255411254,0.9099999999998545,1.2588761427891029,0.1500000000005457,1155.0,0.9987266666666667,5,5.640000000000327,0.8968138528138667,14,1,0,0,2.6786984209343156,1
2026-03-31 05:15:00+00:00,-1,False,discovery,3.147183021552322,8.428499999996347,3.1,0.7808564231738035,0.9099999999998545,1.2588761427891029,-0.6000000000003638,1191.0,0.9990133333333333,5,2.7584999999999127,0.8908774139378802,15,1,0,0,1.7704015040934804,1
2026-03-31 05:25:00+00:00,-1,False,discovery,2.8636684372293875,5.904000000005908,2.1333333333333333,0.810126582278481,0.9099999999998545,1.2588761427891029,0.2899999999999636,790.0,0.9983466666666667,5,2.5100000000002183,0.9009848101265953,25,1,0,0,1.7441742016210537,1
2026-03-31 05:27:00+00:00,-1,False,discovery,3.3428480163663763,12.807000000003427,3.3666666666666667,1.4346590909090908,0.910000000000764,1.258876142790361,-1.2399999999997817,704.0,0.99928,5,2.9299999999993815,0.9039886363636395,27,1,0,0,2.0016760897131243,1
2026-03-31 05:34:00+00:00,-1,False,discovery,3.9948745151229894,20.545499999998356,6.7,1.0606860158311346,0.9099999999998545,1.2588761427891029,0.7300000000004729,1895.0,0.9998133333333333,5,3.5015000000003056,0.8703963060686073,34,1,0,0,1.580026825674327,1
2026-04-01 05:02:00+00:00,-1,False,discovery,2.293216557303264,5.037000000000262,2.1666666666666665,1.3347022587268993,0.9099999999998545,1.2588761427891029,0.5399999999999636,487.0,0.9999866666666667,5,2.0100000000002183,0.9071642710472237,2,2,0,0,1.92719787987205,1
2026-04-01 05:06:00+00:00,-1,False,discovery,2.909304587623436,4.530000000001564,1.7333333333333334,1.0116731517509727,0.9099999999998545,1.2588761427891029,0.7800000000006548,514.0,0.9998666666666667,5,2.550000000000182,0.9084046692606775,6,2,0,0,2.0074181642004914,1
2026-04-01 05:08:00+00:00,-1,False,discovery,1.2892212486321253,4.299999999995634,1.5666666666666667,0.8592321755027422,0.910000000000764,1.258876142790361,-0.010000000000218279,547.0,0.9995733333333333,5,1.1299999999991996,0.9010548446069062,8,2,0,0,1.5475439330616967,1
2026-04-01 05:10:00+00:00,-1,False,discovery,1.779809865369961,4.879999999996471,2.1,1.1797752808988764,0.9099999999998545,1.2588761427891029,0.27000000000043656,534.0,0.9996266666666667,5,1.5600000000004002,0.8999794007490278,10,2,0,0,1.7088512227397812,1
2026-04-01 05:13:00+00:00,-1,False,discovery,2.4073069332878663,5.349999999995816,2.066666666666667,1.3596491228070178,0.9099999999998545,1.2588761427891029,0.6999999999998181,456.0,0.9999133333333333,5,2.1099999999996726,0.9064276315789497,13,2,0,0,1.8735328398979723,1
2026-04-01 05:15:00+00:00,-1,False,discovery,1.8368550533617432,5.026999999999134,2.066666666666667,1.1787072243346008,0.9099999999998545,1.2588761427891029,-0.7699999999995271,526.0,0.9997233333333333,5,1.6099999999996726,0.9014144486691985,15,2,0,0,1.7388282567320363,1
2026-04-01 05:18:00+00:00,-1,False,discovery,1.882491203756829,4.659999999995307,2.466666666666667,1.150855365474339,0.9099999999998545,1.2588761427891029,0.1000000000003638,643.0,0.99593,5,1.6500000000005457,0.8951010886469577,18,2,0,0,1.6684027058815691,1
2026-04-01 05:20:00+00:00,-1,False,discovery,2.382777502451234,8.525500000007014,4.266666666666667,1.5058823529411764,0.9099999999998545,1.2588761427891029,-0.5235000000002401,850.0,0.9986933333333333,5,2.08849999999984,0.840996470588235,20,2,0,0,1.8308922077072183,1
2026-04-01 05:21:00+00:00,-1,False,discovery,2.5556244220698208,10.149999999998727,3.8,1.1264822134387351,0.9099999999998545,1.2588761427891029,0.6665000000002692,1012.0,0.9915466666666667,5,2.240000000000691,0.8488507905138343,21,2,0,0,1.6457150710375528,1
2026-04-01 05:27:00+00:00,-1,False,discovery,6.400470092770729,31.2829999999949,6.5,2.0526315789473686,0.9099999999998545,1.2588761427891029,-1.0084999999999127,950.0,0.99941,5,5.609999999999673,0.9037999999999958,27,2,0,0,2.7264241259453237,1
2026-04-01 05:47:00+00:00,-1,False,discovery,3.443817999114155,7.247500000004948,5.433333333333334,1.7358892438764644,0.8670000000001892,1.1993907865918294,0.010000000000218279,939.0,0.9970566666666667,5,3.018500000000131,0.8837337593184229,47,2,0,0,1.9627150768080115,1
2026-04-01 05:59:00+00:00,-1,False,discovery,3.9931631594828625,12.660000000005311,4.233333333333333,1.0435497124075597,0.9099999999998545,1.2588761427891029,-1.3699999999998909,1217.0,0.9999,5,3.5,0.8862621199671309,59,2,0,0,1.7610540260641685,1
2026-04-02 06:03:00+00:00,-1,False,discovery,9.464801843312888,58.212000000000444,11.5,1.713859910581222,0.8600000000005821,1.2730791268827877,-0.6099999999996726,2013.0,0.5997866666666667,6,8.984999999999673,0.8606467958271097,3,3,0,0,2.5360697967320696,1
2026-04-02 06:51:00+00:00,-1,False,discovery,6.822347149495368,25.373499999993328,7.9,1.1663385826771653,0.6200000000008004,0.917801231009085,-0.7899999999999636,2032.0,0.9995333333333334,6,6.47649999999976,0.6596220472441007,51,3,0,0,1.577486686029459,1
2026-04-02 06:55:00+00:00,-1,False,discovery,8.485139549013049,30.006000000000313,7.4,1.1408016443987667,0.6699999999991633,0.9918174593137502,-0.5099999999993088,1946.0,0.99984,6,8.054999999999382,0.6384871531346314,55,3,0,0,1.92642908321212,1
2026-04-02 13:03:00+00:00,-1,False,discovery,11.527122480589595,53.1380000000172,11.3,1.1100196463654226,0.6570000000001528,1.001800662136416,-3.3434999999990396,3054.0,0.9999133333333333,13,16.909999999999854,0.7788127046496459,3,3,0,0,2.1604117301889962,1
2026-04-06 05:01:00+00:00,-1,False,discovery,1.620083338990273,3.540000000002692,1.5,4.166666666666667,0.7899999999999636,1.0928704975862686,-0.019999999998617568,108.0,0.19975,5,1.4200000000000728,0.7870555555555762,1,0,1,0,1.8266925256155417,1
2026-04-06 05:02:00+00:00,-1,False,discovery,2.943531700418713,7.245999999997366,2.7333333333333334,2.6198083067092655,0.7899999999999636,1.0928704975862686,0.45499999999992724,313.0,0.39975,5,2.5799999999999272,0.7865303514377207,2,0,1,0,2.1279999655156865,1
2026-04-06 05:05:00+00:00,-1,False,discovery,1.962354466947192,4.180000000007567,1.6333333333333333,0.765625,0.7899999999999636,1.0928704975862686,-0.019999999998617568,640.0,0.99975,5,1.7200000000011642,0.7858093750000108,5,0,1,0,1.6136010343989922,1
2026-04-06 05:06:00+00:00,-1,False,discovery,2.4187159708856,5.540000000004511,2.033333333333333,0.9546165884194053,0.7899999999999636,1.0928704975862686,0.42000000000007276,639.0,0.99932,5,2.1199999999989814,0.7854632237871733,6,0,1,0,1.731475684322467,1
2026-04-06 05:08:00+00:00,-1,False,discovery,3.970345084287395,5.673000000002503,2.466666666666667,1.2982456140350878,0.7899999999999636,1.0928704975862686,0.5215000000007421,570.0,0.99994,5,3.4800000000013824,0.7824701754385993,8,0,1,0,2.2268989243557593,1
2026-04-06 05:10:00+00:00,-1,False,discovery,2.158589913640251,5.245000000013533,2.566666666666667,1.2359550561797754,0.6770000000005894,0.9365485150209899,0.37700000000040745,623.0,0.99833,5,1.8919999999998254,0.7750465489566735,10,0,1,0,1.6065274495554438,1
2026-04-06 05:11:00+00:00,-1,False,discovery,6.08101704001239,15.999000000007072,4.266666666666667,1.7655172413793103,0.7899999999999636,1.0928704975862686,0.6000000000003638,725.0,0.9940166666666667,5,5.329999999999927,0.7714537931034622,11,0,1,0,2.7193963842837117,1
2026-04-06 05:21:00+00:00,-1,False,discovery,2.943531700418713,6.059999999992215,2.433333333333333,1.1736334405144695,0.7899999999999636,1.0928704975862686,-0.819999999999709,622.0,0.99966,5,2.5799999999999272,0.7830803858520945,21,0,1,0,1.8735376993049195,1
2026-04-06 05:41:00+00:00,-1,False,discovery,3.5938468435341613,6.209999999997308,2.4,2.0689655172413794,0.7899999999999636,1.0928704975862686,-0.6199999999989814,348.0,0.9996333333333334,5,3.149999999999636,0.7899885057471243,41,0,1,0,2.0465089410056962,1
2026-04-06 05:52:00+00:00,-1,False,discovery,3.764982407511583,10.53399999999965,3.9,1.9148936170212767,0.7899999999999636,1.0928704975862686,0.14350000000013097,611.0,0.99913,5,3.2999999999992724,0.7826055646481231,52,0,1,0,1.9149282435920292,1
2026-04-06 05:57:00+00:00,-1,False,discovery,2.90360006882405,9.363999999990483,4.433333333333334,1.9247467438494936,0.6570000000001528,0.9088809074865551,0.20499999999901775,691.0,0.9999,5,2.5450000000000728,0.7708813314037496,57,0,1,0,1.5539464505026481,1
2026-04-07 06:01:00+00:00,-1,False,discovery,3.0390599129616853,17.464999999998327,7.433333333333334,3.871527777777778,0.6669999999994616,0.9873764856157665,-0.45499999999992724,576.0,0.19990333333333332,6,2.8850000000002183,0.9058385416667013,1,1,0,0,1.7727929433550575,1
2026-04-07 08:21:00+00:00,-1,False,discovery,10.78537576647917,33.57049999998435,9.333333333333334,1.3346043851286942,0.806999999999789,1.2762171537745086,3.3400000000001455,2098.0,0.9999366666666667,8,10.801500000000487,0.9369108674928496,21,1,0,0,2.0344858256330314,1
2026-04-07 08:22:00+00:00,-1,False,discovery,9.358009691566103,46.34500000000298,12.666666666666666,1.6122189223589307,0.9070000000001528,1.4343605433382614,0.4899999999997817,2357.0,0.9991,8,9.372000000001208,0.9267433177768326,22,1,0,0,1.7056808359813411,1
2026-04-07 09:42:00+00:00,-1,False,discovery,6.946345634669244,17.949000000001433,5.466666666666667,1.1318150448585231,0.9899999999997817,1.4925733813575575,-1.625,1449.0,0.99961,9,6.355000000000473,0.9700096618357569,42,1,0,0,1.6459455199822712,1
2026-04-08 05:05:00+00:00,-1,False,discovery,3.936117971489005,9.30999999999949,2.5,1.0760401721664277,0.7100000000000364,0.9822000674510459,0.36999999999898137,697.0,0.99993,5,3.4499999999989086,0.7086728837876727,5,2,0,0,2.051257734773293,1
2026-04-08 05:34:00+00:00,-1,False,discovery,5.539087754082158,17.457000000000335,5.166666666666667,1.055139550714772,0.7200000000002547,0.9960338712182633,0.3599999999987631,1469.0,0.99999,5,4.854999999999563,0.7134567733151861,34,2,0,0,2.003736909861352,1
2026-04-08 05:54:00+00:00,-1,False,discovery,5.358254508146092,14.83549999999741,5.833333333333333,0.9760178471834913,0.7100000000000364,0.9822000674510459,-0.1000000000003638,1793.0,0.9991333333333333,5,4.6965000000000146,0.7087417735638653,54,2,0,0,1.7518721626173637,1
2026-04-08 06:37:00+00:00,-1,False,discovery,6.689092009464939,14.475000000000364,5.4,1.173913043478261,0.7299999999995634,1.0806369332828492,-3.180000000000291,1380.0,0.99984,6,6.350000000000364,0.6235898550724434,37,2,0,0,2.0656362238257304,1
2026-04-09 05:01:00+00:00,-1,False,discovery,0.6617241807142199,1.2600000000038563,0.7666666666666667,2.8750000000000004,0.7899999999999636,1.0928704975862686,0.0,80.0,0.19963666666666666,5,0.5799999999999272,0.7890500000000088,1,3,0,0,1.5422671069812237,1
2026-04-09 05:02:00+00:00,-1,False,discovery,1.129494722253475,4.716999999998734,1.7,2.5123152709359604,0.7899999999999636,1.0928704975862686,-0.22999999999956344,203.0,0.39963666666666664,5,0.9899999999997817,0.7873201970443351,2,3,0,0,1.6509111551302649,1
2026-04-09 05:03:00+00:00,-1,False,discovery,0.8784958950867278,5.370000000002619,2.066666666666667,2.0735785953177257,0.7899999999999636,1.0928704975862686,-0.3265000000001237,299.0,0.5996366666666667,5,0.7700000000004366,0.7856153846153766,3,3,0,0,1.5542675403492967,1
2026-04-09 05:05:00+00:00,-1,False,discovery,1.448947775012851,2.6899999999986903,1.0666666666666667,0.7095343680709534,0.7899999999999636,1.0928704975862686,-0.2600000000002183,451.0,0.9996366666666666,5,1.2700000000004366,0.7861529933481078,5,3,0,0,1.5554454007874823,1
2026-04-09 05:11:00+00:00,-1,False,discovery,2.1563081061200817,7.7480000000105065,3.1333333333333333,1.7904761904761906,0.7899999999999636,1.0928704975862686,-0.6015000000006694,525.0,0.9985366666666666,5,1.889999999999418,0.7851199999999898,11,3,0,0,1.8132513614651602,1
2026-04-09 05:12:00+00:00,-1,False,discovery,1.8482640909615524,5.8799999999992,2.1333333333333333,1.1091854419410745,0.7899999999999636,1.0928704975862686,0.3500000000003638,577.0,0.9996133333333334,5,1.6200000000008004,0.785389948006931,12,3,0,0,1.5718736639942579,1
2026-04-09 05:13:00+00:00,-1,False,discovery,2.897895550025702,12.830000000005384,3.566666666666667,1.6286149162861494,0.7899999999999636,1.0928704975862686,-0.7700000000004366,657.0,0.9985033333333333,5,2.540000000000873,0.784406392694066,13,3,0,0,1.9014285292279498,1
2026-04-09 05:31:00+00:00,-1,False,discovery,2.4301250084843717,16.469000000006417,5.2,1.984732824427481,0.7899999999999636,1.0928704975862686,-0.11000000000058208,786.0,0.9997966666666667,5,2.1299999999991996,0.788797709923657,31,3,0,0,1.6451527838624056,1
2026-04-09 05:52:00+00:00,-1,False,discovery,3.297211865974403,9.760000000003856,3.433333333333333,1.0107948969578018,0.7899999999999636,1.0928704975862686,-0.8700000000008004,1019.0,0.9995466666666667,5,2.890000000001237,0.7660255152109929,52,3,0,0,1.5689162111269437,1
2026-04-09 06:54:00+00:00,-1,False,discovery,6.752296028451468,18.85299999999188,5.933333333333334,1.2018906144496961,0.7899999999999636,1.169456407251948,-2.0015000000003056,1481.0,0.9996466666666667,6,6.4099999999998545,0.7319000675219338,54,3,0,0,1.837148998185104,1
2026-04-10 05:05:00+00:00,-1,False,discovery,2.9891678508137987,5.81999999999789,2.3,1.0407239819004523,0.7100000000000364,0.9822000674510459,0.3900000000003274,663.0,0.9983266666666667,5,2.6200000000008004,0.7080512820512727,5,4,0,1,1.8420238502813313,1
2026-04-10 05:21:00+00:00,-1,False,discovery,2.6583057604556513,8.037000000002081,2.5,1.9280205655526992,0.7099999999991269,0.9822000674497877,-0.19350000000031287,389.0,0.99978,5,2.3299999999999272,0.7100694087403566,21,4,0,1,1.799191918275898,1
2026-04-10 14:43:00+00:00,-1,False,discovery,7.464170311648975,31.258999999998196,5.466666666666667,1.2275449101796407,0.8000000000001819,1.14433160901436,-9.9950000000008,1336.0,0.9982366666666667,14,12.175000000001091,0.7773241017964256,43,4,0,1,2.25991412678154,1
2026-04-16 06:26:00+00:00,-1,False,discovery,4.954668388427402,14.409499999997934,6.266666666666667,1.4296577946768059,0.5870000000004438,0.8689505203258786,-1.1484999999993306,1315.0,0.9989133333333333,6,4.703499999999622,0.6290775665399302,26,3,0,0,1.6673457668577423,1
2026-04-17 05:02:00+00:00,-1,False,discovery,1.4261296998153081,2.8100000000049477,1.5,1.7999999999999998,0.7100000000000364,0.9822000674510459,-0.37999999999919964,250.0,0.39967,5,1.25,0.7058040000000038,2,4,0,1,1.6622830956689967,1
2026-04-17 05:03:00+00:00,-1,False,discovery,1.9207114797124023,5.580500000001848,2.7333333333333334,2.0398009950248754,0.6770000000005894,0.9365485150209899,-0.9835000000002765,402.0,0.59967,5,1.683500000001004,0.7067338308457801,3,4,0,1,1.7919818265538576,1
2026-04-17 05:42:00+00:00,-1,False,discovery,4.1985258362545235,12.515000000008513,4.533333333333333,1.619047619047619,0.7100000000000364,0.9822000674510459,0.21000000000094587,840.0,0.9995566666666666,5,3.679999999998472,0.7064547619047484,42,4,0,1,1.9429297508396237,1
2026-04-20 05:02:00+00:00,-1,False,discovery,3.101546871158274,9.12550000000465,2.3666666666666667,2.261146496815287,0.7100000000000364,0.9822000674510459,-0.4499999999998181,314.0,0.39971666666666666,5,2.718499999999949,0.7111210191082756,2,0,1,0,2.081632073693927,1
2026-04-20 05:06:00+00:00,-1,False,discovery,2.1334900309225384,3.650000000008731,1.5,0.7653061224489796,0.7100000000000364,0.9822000674510459,0.020000000000436557,588.0,0.9966433333333333,5,1.8699999999989814,0.7059098639455686,6,0,1,0,1.6097656148309842,1
2026-04-20 05:10:00+00:00,-1,False,discovery,2.316034632498732,6.800000000004729,2.3333333333333335,1.1986301369863013,0.7100000000000364,0.9822000674510459,-0.18849999999929423,584.0,0.99966,5,2.029999999998836,0.7003236301370012,10,0,1,0,1.6781896462942218,1
2026-04-20 05:12:00+00:00,-1,False,discovery,1.8596731285603239,6.232999999989261,2.7666666666666666,1.296875,0.7100000000000364,0.9822000674510459,0.039999999999054126,640.0,0.9999966666666666,5,1.6300000000010186,0.7044218750000042,12,0,1,0,1.5476184311471344,1
2026-04-21 05:07:00+00:00,-1,False,discovery,2.2932165573022267,8.362000000009175,4.3,1.219281663516068,0.7100000000000364,0.9822000674510459,0.19650000000092405,1058.0,0.9992533333333333,5,2.009999999999309,0.699586956521737,7,1,0,0,1.5852701995159588,1
2026-04-21 05:18:00+00:00,-1,False,discovery,2.293216557303264,5.056000000000495,2.6666666666666665,1.3937282229965156,0.7100000000000364,0.9822000674510459,1.091500000000451,574.0,0.99995,5,2.0100000000002183,0.695566202090594,18,1,0,0,1.6195035592761982,1
2026-04-21 05:20:00+00:00,-1,False,discovery,2.213353294113939,3.647000000009939,1.4,0.7355516637478108,0.7100000000000364,0.9822000674510459,-1.9400000000005093,571.0,0.9990266666666666,5,1.9400000000005093,0.6956112084063039,20,1,0,0,1.6274559154637942,1
2026-04-21 05:25:00+00:00,-1,False,discovery,2.6012605724617934,6.167000000001281,1.9,1.0142348754448398,0.7100000000000364,0.9822000674510459,0.6999999999989086,562.0,0.9982266666666667,5,2.279999999998836,0.7019110320284506,25,1,0,0,1.5837486220542982,1
2026-04-22 05:01:00+00:00,-1,False,discovery,1.4261296998153081,4.849999999994907,2.3666666666666667,5.0,0.7100000000000364,0.9822000674510459,0.5200000000004366,142.0,0.19968333333333332,5,1.25,0.7063309859155377,1,2,0,0,1.724337477619339,1
2026-04-22 05:17:00+00:00,-1,False,discovery,6.533385380794653,35.34450000000106,9.066666666666666,2.7502527805864507,0.7100000000000364,0.9822000674510459,-1.2015000000001237,989.0,0.9999466666666667,5,5.726500000000669,0.7001931243680632,17,2,0,0,2.857011893882094,1
2026-04-22 05:19:00+00:00,-1,False,discovery,4.188828154297954,17.292499999995925,6.233333333333333,1.3104414856341975,0.5870000000004438,0.8120442811185498,0.27150000000074215,1427.0,0.99929,5,3.6715000000003783,0.7073244569026061,19,2,0,0,1.7666984957909289,1
2026-04-23 05:01:00+00:00,-1,False,discovery,2.5099882716757724,8.240999999989072,3.433333333333333,4.660633484162895,0.7100000000000364,0.9822000674510459,0.590000000001055,221.0,0.19954333333333332,5,2.2000000000007276,0.6992443438914125,1,3,0,0,2.0379250571809693,1
2026-04-28 06:02:00+00:00,-1,False,discovery,4.261004280044821,15.510999999994965,8.7,2.5638506876227893,0.6270000000004075,0.9281635029714957,-1.3700000000008004,1018.0,0.3997,6,4.045000000000073,0.6141168958742501,2,1,0,0,2.068081071453185,1
2026-04-29 05:01:00+00:00,-1,False,discovery,1.072449534260655,5.573999999992338,3.1,5.081967213114754,0.680000000000291,0.9406986561506518,-0.049999999999272404,183.0,0.19975666666666667,5,0.9399999999995998,0.6658743169398734,1,2,0,0,1.6706452912821539,1
2026-04-29 06:07:00+00:00,-1,False,discovery,3.792241139223425,13.349999999997635,5.533333333333333,1.4742451154529306,0.5900000000001455,0.8733914940238623,-1.4999999999990905,1126.0,0.99947,6,3.5999999999994543,0.6022593250444189,7,2,0,0,1.5454787869406548,1
2026-04-29 09:02:00+00:00,-1,False,discovery,4.077084062519484,12.143999999994776,7.166666666666667,3.185185185185185,0.5599999999994907,0.8442839328885418,-0.17000000000007276,675.0,0.39959,9,3.7299999999995634,0.5399333333333278,2,2,0,0,1.7881861180289143,1
2026-04-30 05:01:00+00:00,-1,False,discovery,1.3673731561833988,9.233499999998457,6.733333333333333,4.139344262295082,0.680000000000291,0.9406986561506518,0.4335000000010041,488.0,0.19995,5,1.198500000000422,0.637698770491755,1,3,0,0,1.8862853097702228,1
2026-05-04 05:08:00+00:00,-1,False,discovery,1.705651120978984,4.303000000004431,1.9666666666666666,1.0350877192982455,0.7000000000007276,0.9683662636850867,-0.5399999999999636,570.0,0.99355,5,1.4949999999998909,0.6814666666666869,8,0,1,0,1.5426077580809197,1
2026-05-04 05:10:00+00:00,-1,False,discovery,2.3103301137003838,4.091999999995096,1.6333333333333333,0.8657243816254416,0.6999999999998181,0.9683662636838285,0.30499999999938154,566.0,0.99981,5,2.024999999999636,0.6800106007067129,10,0,1,0,1.6266642938938338,1
2026-05-04 05:20:00+00:00,-1,False,discovery,2.6982373920503138,29.652000000000044,8.3,2.0161943319838063,0.7000000000007276,0.9683662636850867,-1.2650000000003274,1235.0,0.99976,5,2.3649999999997817,0.6908534412955426,20,0,1,0,1.6346558526229507,1
2026-05-04 05:26:00+00:00,-1,False,discovery,3.3029163847727516,14.04899999999543,4.966666666666667,1.263782866836302,0.6899999999995998,0.9545324599166111,0.17000000000007276,1179.0,0.99955,5,2.8950000000004366,0.6774944868532566,26,0,1,0,1.621607761174923,1
2026-05-04 10:04:00+00:00,-1,False,discovery,11.89491124795879,63.45700000000488,12.233333333333333,1.7712355212355213,0.7700000000004366,1.1966685128277936,-0.1999999999998181,2072.0,0.7991233333333333,10,11.144999999999527,0.6210448841698918,4,0,1,0,2.547019641044698,1
2026-05-05 05:03:00+00:00,-1,False,discovery,2.538510865670626,9.194999999987886,3.566666666666667,1.3442211055276383,0.6900000000005093,0.9545324599178693,0.18000000000029104,796.0,0.9997133333333333,5,2.2249999999994543,0.6842386934673383,3,1,0,0,1.72469713429611,1
2026-05-05 05:35:00+00:00,-1,False,discovery,4.352547843835864,12.133999999997286,4.833333333333333,1.4146341463414633,0.5769999999993161,0.7982104773500742,1.6149999999997817,1025.0,0.9996933333333333,5,3.8149999999996,0.687413658536582,35,1,0,0,1.7888545743548288,1
2026-05-05 06:02:00+00:00,-1,False,discovery,4.2662712816271915,26.784999999998945,6.3,1.867588932806324,0.6299999999991996,0.9326044766681332,0.2250000000003638,1012.0,0.9967033333333334,6,4.050000000000182,0.6261353754940652,2,1,0,0,1.556491127775626,1
2026-05-06 05:09:00+00:00,-1,False,discovery,3.2726824351367334,5.661500000001979,3.566666666666667,1.1358811040339702,0.6069999999999709,0.8397118886517264,1.02350000000024,942.0,0.9999833333333333,5,2.8685000000004948,0.6190806794055395,9,2,0,0,1.7512570313153666,1
2026-05-07 05:33:00+00:00,-1,False,discovery,3.6982395375601187,12.600499999997737,5.633333333333334,1.2950191570881229,0.6199999999998909,0.8576958335486057,0.6614999999992506,1305.0,0.9979666666666667,5,3.241499999999178,0.6775164750957852,33,3,0,0,1.6209494625735947,1
2026-05-07 06:21:00+00:00,-1,False,discovery,4.2399362737153385,14.034000000010565,6.666666666666667,1.8570102135561748,0.6000000000003638,0.8881947396856033,1.0450000000000728,1077.0,0.9992433333333334,6,4.024999999999636,0.6020278551532068,21,3,0,0,1.579911385420762,1
2026-05-07 06:32:00+00:00,-1,False,discovery,8.09696153240125,37.12350000001243,9.033333333333333,2.0223880597014925,0.5900000000001455,0.8733914940238623,0.25,1340.0,0.9999066666666667,6,7.686499999999796,0.5890828358208983,32,3,0,0,2.3330010365837994,1
2026-05-08 06:01:00+00:00,-1,False,discovery,2.8652488607463322,31.12000000000444,9.766666666666667,4.673046251993621,0.6199999999998909,0.9178012310077386,2.8250000000007276,627.0,0.19981333333333334,6,2.719999999999345,0.5986331738436985,1,4,0,1,1.5421708244486114,1
2026-05-11 05:07:00+00:00,-1,False,discovery,1.705651120978984,5.292000000007647,2.7333333333333334,1.3442622950819674,0.7000000000007276,0.9683662636850867,-0.8350000000000364,610.0,0.99988,5,1.4949999999998909,0.6580819672130854,7,0,1,0,1.604663601298408,1
2026-05-11 05:31:00+00:00,-1,False,discovery,4.358252362636287,16.01900000000296,6.666666666666667,1.774622892635315,0.6999999999998181,0.9683662636838285,-1.140000000001237,1127.0,0.9977166666666667,5,3.8200000000006185,0.6661641526175532,31,0,1,0,2.1285843407627985,1
2026-05-12 05:01:00+00:00,-1,False,discovery,2.7495780612447853,9.217000000010557,5.066666666666666,1.4448669201520912,0.6500000000005457,0.8991972448502579,1.0900000000001455,1052.0,0.99989,5,2.410000000000764,0.6740209125474989,1,1,0,0,1.7310855600569532,1
2026-05-12 05:56:00+00:00,-1,False,discovery,6.1095396340093195,29.545000000011896,8.733333333333333,1.562313655336911,0.6700000000000728,0.9268648523834345,2.4400000000005093,1677.0,0.9992833333333333,5,5.355000000000473,0.6630739415622993,56,1,0,0,1.915906969353931,1
2026-05-13 05:01:00+00:00,-1,False,discovery,1.066745015462307,5.324999999999818,4.633333333333334,4.398734177215191,0.4899999999997817,0.6778563845785541,0.19499999999970896,316.0,0.19983666666666666,5,0.9350000000004002,0.5887341772151581,1,2,0,0,1.5934273264663374,1
2026-05-13 05:31:00+00:00,-1,False,discovery,3.8676637458994887,13.93999999999778,5.766666666666667,1.2862453531598512,0.6899999999995998,0.9545324599166111,1.123500000000604,1345.0,0.9999566666666667,5,3.3900000000003274,0.6261910780669191,31,2,0,0,1.6874636217006038,1
2026-05-14 05:09:00+00:00,-1,False,discovery,1.7512872713730323,7.712999999999738,4.8,1.205020920502092,0.8800000000001091,1.217374731488709,0.15499999999974534,1195.0,0.9998666666666667,5,1.5349999999998545,0.8708535564853778,9,3,0,0,1.5490366462787521,1
2026-05-14 05:33:00+00:00,-1,False,discovery,3.5065677059042857,13.497500000012224,6.666666666666667,1.1890606420927468,0.8900000000003274,1.2312085352559263,1.1599999999998545,1682.0,0.9995766666666667,5,3.073499999998603,0.8819096313912093,33,3,0,0,1.6477101278525592,1
2026-05-14 05:46:00+00:00,-1,False,discovery,3.160303414791221,17.424999999999272,9.633333333333333,1.6392512762336924,0.8600000000005821,1.1897071239555321,-0.28000000000065484,1763.0,0.9995433333333333,5,2.7700000000004366,0.8629461145774294,46,3,0,0,1.7046566213902363,1
2026-05-14 06:00:00+00:00,-1,False,discovery,4.025569309317936,18.026500000012675,9.633333333333333,1.616331096196868,0.6700000000000728,0.9918174593150966,-0.5515000000004875,1788.0,0.9999066666666667,6,3.8215000000000146,0.8009681208053592,0,3,0,0,1.6038456715506464,1
2026-05-14 14:01:00+00:00,-1,False,discovery,2.9120993002323985,22.13799999999901,11.3,4.920174165457184,0.8800000000001091,1.258764769915666,0.06000000000040018,689.0,0.19990666666666668,14,4.75,0.8400377358490765,1,3,0,0,1.9536965324197781,1
2026-05-15 06:01:00+00:00,-1,False,discovery,3.323477998402987,24.62499999999909,9.033333333333333,4.363929146537842,0.6000000000003638,0.8881947396856033,0.23499999999967258,621.0,0.19978333333333334,6,3.1549999999997453,0.6054090177133609,1,4,0,1,1.830566203689797,1
2026-05-15 06:02:00+00:00,-1,False,discovery,6.552149968326179,24.430000000006658,9.366666666666667,2.3753169907016063,0.6000000000003638,0.8881947396856033,2.2299999999995634,1183.0,0.3997833333333333,6,6.220000000000255,0.6044564666103052,2,4,0,1,2.355322756116586,1
2026-05-19 06:01:00+00:00,-1,False,discovery,3.3498130063148395,16.599999999998545,6.466666666666667,4.961636828644502,0.6299999999991996,0.9326044766681332,0.15499999999974534,391.0,0.19978666666666667,6,3.180000000000291,0.6015370843989863,1,1,0,0,1.834365141523326,1
2026-05-21 14:01:00+00:00,-1,False,discovery,2.581039590311264,26.410000000000764,12.633333333333333,4.999999999999999,0.5299999999997453,0.7581196909714769,0.06499999999959982,758.0,0.19991333333333333,14,4.210000000000036,0.5197902374670056,1,3,0,0,1.715568524611097,1
2026-05-22 05:24:00+00:00,-1,False,discovery,2.692532873250928,6.040000000005421,3.2666666666666666,1.1060948081264108,0.7699999999995271,1.0652028900518338,-0.569999999999709,886.0,0.9995633333333334,5,2.3599999999996726,0.7280665914221311,24,4,0,1,1.6903439807303522,1
2026-05-22 05:58:00+00:00,-1,False,discovery,5.402179302900013,26.06200000001354,11.533333333333333,1.4446764091858038,0.7700000000004366,1.065202890053092,-0.9149999999999636,2395.0,0.9994066666666667,5,4.734999999999673,0.7249594989561637,58,4,0,1,1.8975815884393836,1
2026-05-27 06:01:00+00:00,-1,False,discovery,4.013455205678197,9.496999999992113,4.8,4.137931034482759,0.7700000000004366,1.1398499159298126,-0.5200000000004366,348.0,0.19982333333333333,6,3.8099999999994907,0.7380660919540327,1,2,0,0,2.044745593245196,1
2026-05-27 09:03:00+00:00,-1,False,discovery,4.213715565956133,9.330999999997402,6.166666666666667,1.727357609710551,0.5770000000002256,0.8699139808523608,-0.21850000000085856,1071.0,0.5996966666666667,9,3.855000000000473,0.5625994397758932,3,2,0,0,1.5428519313071007,1
2026-05-28 05:12:00+00:00,-1,False,discovery,1.7324623593357855,6.877500000004147,4.966666666666667,1.374538745387454,0.806999999999789,1.1163879639897833,0.26350000000002183,1084.0,0.9999766666666666,5,1.518500000000131,0.9043321033210671,12,3,0,0,1.5499714321109046,1
2026-05-28 05:31:00+00:00,-1,False,discovery,2.224762331711673,17.449999999999818,9.9,1.5933476394849786,0.9269999999996799,1.2823936091926176,0.518500000000131,1864.0,0.99971,5,1.949999999999818,0.8593256437768403,31,3,0,0,1.5382949248457949,1
2026-05-28 14:13:00+00:00,-1,False,discovery,10.081994314172832,51.36699999997472,8.8,1.153846153846154,1.0799999999999272,1.5448476721689308,5.114999999999782,2288.0,0.99956,14,16.44499999999971,0.7184689685314745,13,3,0,0,2.075199861283255,1
2026-06-03 05:31:00+00:00,-1,False,discovery,3.6565965503263667,31.713000000023385,9.566666666666666,2.214506172839506,0.7299999999995634,1.0098676749842226,-0.024999999999636202,1296.0,0.98869,5,3.2049999999999272,0.7244074074074097,31,2,0,0,1.8510216363869507,1
2026-06-05 05:02:00+00:00,-1,False,discovery,2.6982373920503138,6.7549999999992,4.1,1.487303506650544,0.6999999999998181,0.9683662636838285,0.08999999999923602,827.0,0.99945,5,2.3649999999997817,0.5876299879080787,2,4,0,1,1.8678603577563329,1
2026-06-08 05:01:00+00:00,-1,False,discovery,2.772396136441291,11.940000000002328,6.5,4.609929078014185,0.6000000000003638,0.8300282260154291,-0.4849999999996726,423.0,0.1999,5,2.430000000000291,0.628692671394801,1,0,1,0,2.2219669889621683,1
2026-06-10 05:01:00+00:00,-1,False,discovery,1.2321760606403431,8.09000000000924,5.0,4.702194357366771,0.680000000000291,0.9406986561506518,0.339999999999236,319.0,0.19966666666666666,5,1.0799999999999272,0.6669153605015449,1,2,0,0,1.7809298656199015,1
2026-06-10 05:22:00+00:00,-1,False,buffer,3.4569383923530537,12.577000000008411,4.9,1.3585951940850278,0.7299999999995634,1.0098676749842226,1.2250000000003638,1082.0,0.9973733333333333,5,3.030000000000655,0.6849519408502835,22,2,0,0,1.7471867432690726,1
2026-06-10 05:30:00+00:00,-1,False,buffer,3.919004415092923,15.367000000006556,5.866666666666666,1.2790697674418603,0.6799999999993815,0.9406986561493937,0.5450000000000728,1376.0,0.99956,5,3.4350000000004,0.6704135174418483,30,2,0,0,1.698538545958585,1
2026-06-10 05:34:00+00:00,-1,False,buffer,4.877363573368976,22.75199999999768,8.266666666666667,1.0791993037423848,0.6999999999998181,0.9683662636838285,-0.6849999999994907,2298.0,0.9991633333333333,5,4.275000000000546,0.677784160139253,34,2,0,0,1.6194089603197734,1
2026-06-10 05:36:00+00:00,-1,False,buffer,4.974340392955421,23.457999999994172,9.266666666666667,1.1926211926211927,0.7299999999995634,1.0098676749842226,0.2664999999997235,2331.0,0.9996,5,4.359999999999673,0.6732642642642818,36,2,0,0,1.6851090543204044,1
2026-06-11 06:01:00+00:00,-1,False,buffer,3.9676322919132976,11.031500000000506,5.466666666666667,3.6771300448430497,0.7800000000002001,1.1546531615908804,-1.7250000000003638,446.0,0.19986,6,3.7665000000001783,0.8098901345291567,1,3,0,0,2.08541626026931,1
2026-06-12 05:51:00+00:00,-1,False,lockbox,5.299497964514183,15.485000000015134,7.266666666666667,1.2703962703962703,0.47000000000025466,0.6501887770453775,-1.680000000000291,1716.0,0.99958,5,4.645000000000437,0.578353729603737,51,4,0,1,1.8188255132394209,1
2026-06-15 05:17:00+00:00,-1,False,lockbox,2.7781006552406766,7.413999999997941,2.1,0.9516616314199396,0.6799999999993815,0.9406986561493937,-0.9000000000005457,662.0,0.99822,5,2.4350000000004,0.6825981873112004,17,0,1,0,1.6886363581946535,1
2026-06-15 05:22:00+00:00,-1,False,lockbox,2.2264736873507625,5.154500000000553,2.4,1.0434782608695652,0.6999999999998181,0.9683662636838285,-0.27000000000043656,690.0,0.99626,5,1.9514999999992142,0.6678666666666621,22,0,1,0,1.5366266201086083,1
2026-06-16 05:01:00+00:00,-1,False,lockbox,0.490588616736798,2.8979999999955908,2.5,3.3936651583710407,0.7700000000004366,1.065202890053092,-0.14350000000013097,221.0,0.19995666666666667,5,0.43000000000029104,0.7081583710407144,1,1,0,0,1.557783296729811,1
2026-06-17 05:31:00+00:00,-1,False,lockbox,2.9207136252211696,12.04000000000633,5.266666666666667,1.5895372233400402,0.680000000000291,0.9406986561506518,-0.3000000000001819,994.0,0.9971266666666667,5,2.5599999999994907,0.6163903420523267,31,2,0,0,1.6631241998970894,1
2026-06-19 05:01:00+00:00,-1,False,lockbox,1.853968609760938,9.848000000000866,5.533333333333333,4.223918575063613,0.7300000000004729,1.0098676749854807,0.8250000000007276,393.0,0.19962333333333335,5,1.6250000000009095,0.6909923664122078,1,4,0,1,1.9607462466891568,1
2026-06-19 05:02:00+00:00,-1,False,lockbox,2.3844888580913612,12.674000000009983,5.9,2.5504322766570606,0.6199999999998909,0.8576958335486057,0.9200000000000728,694.0,0.39962333333333333,5,2.0900000000001455,0.6861167146974037,2,4,0,1,1.8351923194427469,1
2026-06-19 05:27:00+00:00,-1,False,lockbox,4.478047257421312,13.220000000002983,4.933333333333334,1.119515885022693,0.7100000000000364,0.9822000674510459,1.9050000000006548,1322.0,0.9998266666666666,5,3.9250000000010914,0.6478298033283025,27,4,0,1,1.8024120570449038,1
2026-06-19 05:31:00+00:00,-1,False,lockbox,5.0353787441075,18.693499999998494,8.733333333333333,1.834733893557423,0.5169999999998254,0.7152076547492862,1.4085000000004584,1428.0,0.99983,5,4.413499999999658,0.6541813725490153,31,4,0,1,2.040694642157974,1
2026-06-19 06:16:00+00:00,-1,False,lockbox,4.661296400296358,13.005999999996675,5.466666666666667,1.2625096227867592,0.569999999999709,0.8437850027003806,-1.0850000000000364,1299.0,0.9992233333333334,6,4.425000000000182,0.585215550423387,16,4,0,1,1.6002422944080066,1
2026-06-22 05:01:00+00:00,-1,False,lockbox,1.0553359778635354,5.045000000010077,3.933333333333333,4.555984555984556,0.7000000000007276,0.9683662636850867,0.0749999999998181,259.0,0.19951333333333332,5,0.9250000000001819,0.6687528957529181,1,0,1,0,1.7337169105131542,1
2026-06-23 06:02:00+00:00,-1,False,lockbox,5.440812634470908,21.72200000000157,8.366666666666667,2.776548672566372,0.5799999999999272,0.8585882483621214,0.28000000000065484,904.0,0.3998,6,5.165000000000873,0.5862046460177194,2,1,0,0,2.2345707780567765,1
2026-06-23 06:13:00+00:00,-1,False,lockbox,6.104454833834265,24.841999999995096,8.633333333333333,1.2898406374501992,0.6099999999996726,0.9029979853459977,-0.2649999999994179,2008.0,0.9993266666666667,6,5.795000000000073,0.5812440239043888,13,1,0,0,1.7237135637155783,1
2026-06-25 05:01:00+00:00,-1,False,lockbox,2.475761158879458,7.82300000000032,5.766666666666667,1.7061143984220908,0.7399999999997817,1.0237014787514398,-0.5900000000001455,1014.0,0.9994033333333333,5,2.1700000000000728,0.6988402366863845,1,3,0,0,1.9309173122268424,1
2026-06-25 05:26:00+00:00,-1,False,lockbox,5.52197419768452,15.069999999999254,5.666666666666667,1.2283236994219653,0.650000000000091,0.8991972448496288,0.8250000000002728,1384.0,0.9996366666666666,5,4.839999999999691,0.6606697976878542,26,3,0,0,2.115685964177082,1
2026-06-26 06:22:00+00:00,-1,False,lockbox,5.077389525294048,18.888999999999214,8.633333333333333,1.5289256198347108,0.6799999999998363,1.0066207049761642,0.9349999999994907,1694.0,0.9995066666666667,6,4.819999999999709,0.6282237308146358,22,4,0,1,1.6005357335230403,1
2026-06-30 05:07:00+00:00,-1,False,lockbox,2.5915628905047057,5.83649999999443,3.1666666666666665,1.141826923076923,0.7399999999997817,1.0237014787514398,0.544999999999618,832.0,0.9988066666666666,5,2.2715000000002874,0.7417247596153888,7,1,0,0,1.7280946672901187,1
2026-06-30 05:26:00+00:00,-1,False,lockbox,2.355966264094432,9.417999999993299,5.866666666666666,1.7599999999999998,0.6399999999998727,0.8853634410824114,-0.19499999999970896,1000.0,0.99964,5,2.0649999999996,0.7221479999999942,26,1,0,0,1.6055672182772827,1
2026-07-03 05:05:00+00:00,-1,False,lockbox,2.2076487753145533,4.8049999999993815,2.933333333333333,0.9565217391304347,0.7000000000007276,0.9683662636850867,-0.10500000000047294,920.0,0.9993866666666666,5,1.9350000000004002,0.704717391304349,5,4,0,1,1.576869138075371,1
2026-07-06 05:31:00+00:00,-1,False,lockbox,3.9931631594828625,14.3700000000008,6.633333333333334,1.9097888675623802,0.7700000000004366,1.065202890053092,0.09500000000025466,1042.0,0.9996033333333333,5,3.5,0.7313243761995926,31,0,1,0,2.095734976095539,1
2026-07-07 05:01:00+00:00,-1,False,lockbox,1.4375387374140796,4.760000000002037,3.433333333333333,4.186991869918699,0.7100000000000364,0.9822000674510459,-0.13500000000112777,246.0,0.19975,5,1.2600000000002183,0.6977235772358069,1,1,0,0,1.8206625080004586,1
2026-07-07 05:02:00+00:00,-1,False,lockbox,3.702232700720415,9.295000000002801,4.733333333333333,2.7151051625239004,0.5100000000002183,0.7055239921129889,-1.0050000000001091,523.0,0.39975,5,3.244999999999891,0.700000000000006,2,1,0,0,2.2357052165227054,1
2026-07-08 05:01:00+00:00,-1,False,lockbox,1.4945839254058617,5.509999999998399,5.0,3.8560411311053984,0.7400000000006912,1.0237014787526981,0.20499999999992724,389.0,0.19983333333333334,5,1.3099999999994907,0.7097686375322048,1,2,0,0,1.919258683312927,1
2026-07-08 05:02:00+00:00,-1,False,lockbox,0.958359158276053,6.349999999996726,5.266666666666667,2.109479305740988,0.7100000000000364,0.9822000674510459,0.18499999999949068,749.0,0.3998333333333333,5,0.8400000000001455,0.7132042723631916,2,2,0,0,1.5571120200854132,1
2026-07-08 05:31:00+00:00,-1,False,lockbox,2.972054294414604,18.254999999991924,6.7,1.2810707456978967,0.8599999999996726,1.189707123954274,-0.5650000000005093,1569.0,0.9987566666666666,5,2.6049999999995634,0.7576418100701053,31,2,0,0,1.5622227676428273,1
2026-07-08 08:17:00+00:00,-1,False,lockbox,10.279631858157574,52.647000000014486,11.4,1.963260619977038,0.75,1.1860754217238312,-1.6700000000000728,1742.0,0.99984,8,10.294999999999163,0.7314856486796851,17,2,0,0,2.306918495394376,1
2026-07-08 08:18:00+00:00,-1,False,lockbox,12.31658659255752,83.14500000000089,12.7,1.757380073800738,0.75,1.1860754217238312,-11.08999999999969,2168.0,0.99974,8,12.334999999999582,0.744174815498159,18,2,0,0,2.7247873969630083,1
2026-07-10 05:01:00+00:00,-1,False,lockbox,0.26240786476655625,5.350000000008549,3.466666666666667,4.126984126984127,0.8899999999994179,1.231208535254668,0.18500000000040018,252.0,0.19969333333333333,5,0.23000000000047294,0.8336507936508439,1,4,0,1,1.6177977632977818,1
2026-07-10 05:08:00+00:00,-1,False,lockbox,1.7341737149759127,6.3400000000056025,3.7666666666666666,1.2625698324022345,0.8699999999998909,1.2035409277214915,0.30500000000029104,895.0,0.9991033333333333,5,1.5200000000004366,0.8419553072625731,8,4,0,1,1.620514020355234,1
2026-07-10 05:31:00+00:00,-1,False,lockbox,3.354257053965148,20.19999999999618,6.766666666666667,2.0525783619817997,0.8800000000001091,1.217374731488709,-0.7449999999989814,989.0,0.9999066666666667,5,2.9399999999996,0.8697067745197108,31,4,0,1,1.997963549359901,1
2026-07-10 14:33:00+00:00,-1,False,lockbox,11.984974572683036,62.75599999999986,9.366666666666667,1.739938080495356,1.1880000000001019,1.6993324393860842,-2.9225000000001273,1615.0,0.99835,14,19.549000000000433,0.695160990712061,33,4,0,1,3.1698113498195752,1
2026-07-13 05:01:00+00:00,-1,False,lockbox,0.878495895086209,7.749999999995907,4.666666666666667,4.3887147335423204,0.7899999999999636,1.0928704975862686,-0.09999999999990905,319.0,0.19994666666666666,5,0.7699999999999818,0.7682758620689796,1,0,1,0,1.7681551452207707,1
2026-07-14 05:02:00+00:00,-1,False,lockbox,1.1637218350492706,6.799999999999727,4.233333333333333,2.138047138047138,0.7899999999999636,1.0928704975862686,-0.1449999999999818,594.0,0.39951333333333333,5,1.0199999999999818,0.7573569023569044,2,1,0,0,1.6691990207049154,1
2026-07-14 05:03:00+00:00,-1,False,lockbox,0.9640636770754387,11.00499999999738,5.433333333333334,1.9709794437726722,0.8099999999999454,1.1205381051200745,-0.125,827.0,0.5995133333333333,5,0.8450000000002547,0.7598669891172957,3,1,0,0,1.5471580350634708,1
2026-07-15 05:03:00+00:00,-1,False,lockbox,1.5059929630046331,6.399999999995998,3.8333333333333335,1.2260127931769724,0.819999999999709,1.1343719088866626,0.18000000000029104,938.0,0.5997133333333333,5,1.319999999999709,0.7668869936034179,3,2,0,0,1.5388426906571142,1
2026-07-16 05:02:00+00:00,-1,False,lockbox,2.053626767733732,7.059999999998126,3.3666666666666667,2.02,0.7800000000002001,1.0790366938196803,-0.08499999999958163,500.0,0.39976,5,1.7999999999997272,0.7752799999999961,2,3,0,0,1.8647166861138418,1
2026-07-17 06:03:00+00:00,-1,False,lockbox,3.1549339477709624,14.854999999994106,7.0,2.0568070519098924,0.6599999999998545,0.9770142136533557,-1.1149999999997817,1021.0,0.5997633333333333,6,2.994999999999891,0.6763173359451495,3,4,0,1,1.575581334658601,1
2026-07-24 05:31:00+00:00,-1,False,lockbox,2.2932165573027454,14.610000000006494,5.266666666666667,1.7044228694714132,0.7899999999999636,1.0928704975862686,-0.2450000000003456,927.0,0.9958033333333334,5,2.0099999999997635,0.7669579288025932,31,4,0,1,1.5722772453121072,1
2026-07-28 05:32:00+00:00,-1,False,lockbox,2.772396136440772,15.610000000001037,3.8,1.3603818615751788,0.75,1.0375352825186572,-0.11000000000012733,838.0,0.9944633333333334,5,2.4299999999998363,0.7618496420047763,32,1,0,0,1.5394370729488007,1
2026-07-29 05:23:00+00:00,-1,False,lockbox,1.888195722556215,5.225000000001273,2.466666666666667,1.8004866180048662,0.7599999999997635,1.0513690862852456,0.25500000000010914,411.0,0.9923266666666667,5,1.6550000000006548,0.7153771289537646,23,2,0,0,1.6204512567625942,1
2026-08-04 05:02:00+00:00,-1,False,lockbox,1.2321760606403431,5.9100000000016735,1.7,1.9172932330827066,0.75,1.0375352825186572,-1.0799999999999272,266.0,0.39968,5,1.0799999999999272,0.7027819548872336,2,1,0,0,1.6361747223277328,1
2026-08-05 05:47:00+00:00,-1,False,lockbox,5.852836288041111,32.26199999999699,6.7,1.30859375,0.75,1.0375352825186572,-0.030000000000654836,1536.0,0.99957,5,5.1299999999992,0.7367688802083396,47,2,0,0,1.919623212073453,1
2026-08-05 05:48:00+00:00,-1,False,lockbox,4.0901399790703445,15.994999999994434,5.533333333333333,0.9684947491248542,0.8999999999996362,1.2450423390218854,-0.8400000000001455,1714.0,0.9985133333333334,5,3.5850000000000364,0.7296703617269596,48,2,0,0,1.6308275928639144,1
2026-08-05 05:49:00+00:00,-1,False,lockbox,4.7689777161827225,24.19999999999891,6.5,1.0225485055060304,0.9900000000006912,1.3695465729255838,1.3200000000006185,1907.0,0.9979066666666667,5,4.180000000000291,0.7242926061877268,49,2,0,0,1.6371630700316904,1
2026-08-05 06:22:00+00:00,-1,False,lockbox,4.17146525314548,10.289999999999054,3.1666666666666665,1.5447154471544715,0.6400000000003274,0.9474077223312204,-0.27999999999883585,615.0,0.9961433333333334,6,3.959999999999127,0.6456260162601647,22,2,0,0,1.5822431479007393,1
2026-08-06 05:05:00+00:00,-1,False,lockbox,3.6052558811339703,19.099999999995816,4.866666666666666,1.655328798185941,0.7899999999999636,1.0928704975862686,0.8999999999996362,882.0,0.9997266666666667,5,3.160000000000764,0.7986961451247071,5,3,0,0,1.9790615236879319,1
2026-08-06 05:12:00+00:00,-1,False,lockbox,2.224762331711673,14.00000000000091,3.6666666666666665,1.4102564102564101,0.8400000000001455,1.1620395164210975,-0.15500000000065484,780.0,0.9988533333333334,5,1.949999999999818,0.7900512820512817,12,3,0,0,1.6539047396343438,1
2026-08-06 05:33:00+00:00,-1,False,lockbox,5.151180475733266,18.405000000005202,5.066666666666666,1.2848689771766695,0.75,1.0375352825186572,-0.7600000000002183,1183.0,0.99817,5,4.515000000000327,0.7433896872358282,33,3,0,0,2.1197512846300377,1
2026-08-06 05:35:00+00:00,-1,False,lockbox,5.173998550929771,18.664999999991778,4.866666666666666,1.0231254379817798,0.6999999999998181,0.9683662636838285,0.40499999999974534,1427.0,0.99973,5,4.5349999999998545,0.7366327960756814,35,3,0,0,1.8479257922786365,1
2026-08-07 08:34:00+00:00,-1,False,lockbox,11.76241508393519,30.389999999992142,6.166666666666667,1.893551688843398,0.5999999999994543,0.948860337378202,-0.26999999999952706,977.0,0.99982,8,11.780000000000655,0.5354718526100493,34,4,0,1,2.8657264261700637,1
2026-08-10 05:01:00+00:00,-1,False,lockbox,2.5099882716747346,9.43000000000302,2.2,1.1438474870017332,0.75,1.0375352825186572,0.25,577.0,0.99846,5,2.199999999999818,0.7416984402079818,1,0,1,0,1.7557045895382914,1
2026-08-10 05:32:00+00:00,-1,False,lockbox,3.5196880991442216,18.354999999993197,4.566666666666666,1.9377652050919378,0.819999999999709,1.1343719088866626,0.9399999999995998,707.0,0.99952,5,3.0850000000000364,0.745415841584152,32,0,1,0,1.8624568135084774,1
2026-08-11 05:00:00+00:00,-1,False,lockbox,2.2532849257086016,9.325000000000728,2.2333333333333334,1.266540642722117,0.7700000000004366,1.065202890053092,-0.3400000000001455,529.0,0.9994766666666667,5,1.9750000000003638,0.7364839319470895,0,1,0,0,1.7692505102060574,1
2026-08-11 05:26:00+00:00,-1,False,lockbox,3.3542570539661853,11.038000000000466,2.966666666666667,1.3423831070889896,0.7700000000004366,1.065202890053092,-0.2539999999999054,663.0,0.99958,5,2.9400000000005093,0.7223891402714884,26,1,0,0,1.8570003571643916,1
2026-08-11 05:48:00+00:00,-1,False,lockbox,5.630360054870255,16.84499999999207,5.0,1.0053619302949062,0.7699999999995271,1.0652028900518338,1.4749999999994543,1492.0,0.9997833333333334,5,4.934999999999491,0.8246849865951879,48,1,0,0,1.8942276593778815,1
2026-08-13 05:02:00+00:00,-1,False,lockbox,1.4603568126105848,10.989999999993415,3.1,2.25181598062954,0.75,1.0375352825186572,0.7399999999997817,413.0,0.39989,5,1.2799999999997453,0.714648910411617,2,3,0,0,1.587916758031485,1
2026-08-13 05:32:00+00:00,-1,False,lockbox,2.4016024144884804,11.024999999990541,4.366666666666666,1.4768883878241261,0.7899999999999636,1.0928704975862686,-1.1049999999995634,887.0,0.99997,5,2.1049999999995634,0.7439458850056155,32,3,0,0,1.6260229965158515,1
2026-08-17 05:22:00+00:00,-1,False,lockbox,2.076444842931794,11.290000000003602,2.9,1.4720812182741116,0.75,1.0375352825186572,-0.13000000000010914,591.0,0.9995266666666667,5,1.8200000000006185,0.7035532994924061,22,0,1,0,1.5352475230347367,1
2026-08-18 05:31:00+00:00,-1,False,lockbox,2.943531700418713,22.539999999999054,4.6,1.9087136929460577,0.7799999999997453,1.0790366938190512,-0.7649999999994179,723.0,0.9996566666666666,5,2.5799999999999272,0.7702213001383262,31,1,0,0,1.684860942883886,1
2026-08-19 05:02:00+00:00,-1,False,lockbox,1.4888794066075137,4.255000000006476,2.8666666666666667,2.193877551020408,0.569999999999709,0.788526814713777,0.2849999999998545,392.0,0.39970333333333335,5,1.305000000000291,0.431989795918377,2,2,0,0,1.5670770304891741,1
2026-08-21 05:01:00+00:00,-1,False,lockbox,0.8043371506957507,6.485000000007858,1.8333333333333333,3.6666666666666665,0.7700000000004366,1.065202890053092,-0.08500000000003638,150.0,0.19962,5,0.7049999999999272,0.7249333333332713,1,4,0,1,1.5510927822666911,1
2026-08-21 05:16:00+00:00,-1,False,lockbox,3.183121489987726,7.529999999997926,1.9666666666666666,1.1967545638945232,0.75,1.0375352825186572,-0.3000000000001819,493.0,0.99979,5,2.7899999999999636,0.7019310344827672,16,4,0,1,1.9173096749880134,1
2026-08-21 05:18:00+00:00,-1,False,lockbox,2.3901933768907466,12.664999999994507,3.566666666666667,1.5507246376811596,0.75,1.0375352825186572,0.38000000000010914,690.0,0.99994,5,2.0950000000002547,0.7203188405797055,18,4,0,1,1.6172933644442042,1
2026-08-21 05:27:00+00:00,-1,False,lockbox,2.2875120385038787,6.364999999995234,2.033333333333333,1.2842105263157895,0.7399999999997817,1.0237014787514398,-0.7899999999999636,475.0,0.9996066666666666,5,2.005000000000109,0.721347368421017,27,4,0,1,1.6397301727393145,1
2026-08-21 05:45:00+00:00,-1,False,lockbox,3.822027595504403,14.099999999999454,4.4,1.5384615384615385,0.8200000000006185,1.134371908887921,0.2249999999994543,858.0,0.9999366666666667,5,3.3499999999994543,0.720268065268046,45,4,0,1,1.8570695668384887,1
2026-08-24 05:32:00+00:00,-1,False,lockbox,6.394765573971343,23.255000000011933,6.7,1.707731520815633,0.8299999999999272,1.14820571265388,-0.7250000000003638,1177.0,0.9990533333333333,5,5.604999999999563,0.794199660152936,32,0,1,0,2.633871574118413,1
2026-08-24 05:38:00+00:00,-1,False,lockbox,5.0427946185470125,16.469999999999345,5.633333333333334,1.0368098159509203,0.8400000000001455,1.1620395164210975,0.15500000000065484,1630.0,0.99978,5,4.420000000000073,0.7687668711656481,38,0,1,0,1.9203526550043124,1
2026-08-25 05:02:00+00:00,-1,False,lockbox,3.097553707999015,13.54500000000371,3.8333333333333335,2.527472527472528,0.8200000000006185,1.134371908887921,0.32999999999992724,455.0,0.3986133333333333,5,2.7150000000001455,0.7961758241758347,2,1,0,0,2.1340233985658523,1
2026-08-26 05:30:00+00:00,-1,False,lockbox,2.20194425651413,7.474999999999454,1.5,1.066350710900474,0.75,1.0375352825186572,-1.389999999999418,422.0,0.99983,5,1.9299999999993815,0.7303436018957237,30,2,0,0,1.5889605625975862,1
2026-08-28 14:00:00+00:00,-1,False,lockbox,12.82549839176042,55.48699999998644,9.166666666666666,1.3634110064452156,2.490000000000691,3.561732133057375,-13.524999999999636,2017.0,0.99968,14,20.920000000000073,0.6890694100148664,0,4,0,1,4.694885796049316,1
2026-08-31 05:02:00+00:00,-1,False,lockbox,1.7113556397783696,10.040000000000873,2.566666666666667,2.1270718232044197,0.7200000000002547,0.9960338712182633,-0.2649999999994179,362.0,0.39960666666666667,5,1.5,0.7027348066298276,2,0,1,0,1.6718314905122424,1
2026-08-31 05:11:00+00:00,-1,False,lockbox,2.070740324131371,7.655000000003383,2.4,1.1650485436893203,0.7200000000002547,0.9960338712182633,0.6399999999994179,618.0,0.9995066666666667,5,1.8149999999995998,0.7240938511327079,11,0,1,0,1.543347496375583,1
2026-08-31 05:21:00+00:00,-1,False,lockbox,3.2002350463848455,15.175000000005639,4.366666666666666,1.6133004926108374,0.7600000000002183,1.0513690862858747,-0.5250000000005457,812.0,0.99887,5,2.8049999999993815,0.7225615763546746,21,0,1,0,1.8481938732063627,1
2026-09-03 05:22:00+00:00,-1,False,lockbox,3.040508520006195,14.154999999999745,4.566666666666666,1.2017543859649122,0.819999999999709,1.1343719088866626,-0.38000000000010914,1140.0,0.9993833333333333,5,2.6649999999999636,0.7223947368421042,22,3,0,0,1.691674451271239,1
2026-09-11 05:08:00+00:00,-1,False,lockbox,2.5841470160646742,10.530000000002474,6.066666666666666,1.355174981384959,0.5670000000000073,0.784376673584115,-0.28700000000026193,1343.0,0.9996866666666666,5,2.264999999999418,0.6277505584512059,8,4,0,1,1.5510813897551592,1
2026-09-11 05:10:00+00:00,-1,False,lockbox,3.693105470641813,9.375000000004547,5.766666666666667,1.164199192462988,0.6769999999996799,0.9365485150197318,0.36149999999997817,1486.0,0.9988033333333334,5,3.23700000000008,0.6262281292058998,10,4,0,1,1.812619768219819,1
2026-09-11 05:15:00+00:00,-1,False,lockbox,2.6371990408982353,8.50149999999303,5.966666666666667,1.2094594594594594,0.73700000000008,1.019551337621778,0.03499999999985448,1480.0,0.9995933333333333,5,2.3114999999997963,0.6868168918918934,15,4,0,1,1.5868009786196695,1
