ticket,side,open_time_utc,recorded_price,entry_mid_tick,entry_spread,ret_1s,tick_count_1s,spread_1s,consec_upticks_1s,accel_1s,ret_3s,tick_count_3s,spread_3s,consec_upticks_3s,accel_3s,ret_5s,tick_count_5s,spread_5s,consec_upticks_5s,accel_5s,ret_10s,tick_count_10s,spread_10s,consec_upticks_10s,accel_10s,ret_30s,tick_count_30s,spread_30s,consec_upticks_30s,accel_30s,ret_60s,tick_count_60s,spread_60s,consec_upticks_60s,accel_60s
983845,Buy,2026-09-18 03:25:04,4336.1,4335.924999999999,0.8000000000001819,-0.1750000000010914,4.0,0.7149999999999181,-3.0,0.015000000001236913,-0.23500000000058208,9.0,0.7377777777777131,-4.0,-0.015000000001236913,-0.2650000000012369,12.0,0.7433333333333394,-3.0,-0.23500000000058208,-0.17000000000007276,19.0,0.7442105263159025,-2.0,-0.43000000000211,-0.040000000000873115,74.0,0.7432432432432555,-5.0,0.20999999999912689,0.024999999999636202,174.0,0.7351724137930934,-2.0,0.21499999999832653
100829495,Sell,2026-09-17 13:21:20,4373.27,4373.46,0.6299999999991996,-0.015000000000327418,9.0,0.6344444444442464,0.0,-0.16499999999996362,-0.3850000000002183,19.0,0.6447368421051675,-6.0,0.2250000000003638,-1.069999999999709,29.0,0.6548275862068264,-10.0,0.2999999999992724,-0.9600000000000364,56.0,0.6539285714285857,-15.0,-1.0000000000009095,-0.5549999999993815,167.0,0.6396407185628943,-14.0,-0.534999999998945,-1.0299999999997453,319.0,0.6315360501567542,-12.0,0.42999999999938154
100675478,Sell,2026-09-17 06:20:36,4306.96,4307.52,0.6899999999995998,-0.11999999999898137,2.0,0.6899999999995998,-1.0,0.11999999999898137,-0.3599999999996726,7.0,0.6899999999997297,-2.0,0.12000000000170985,-0.46999999999934516,8.0,0.6899999999997135,-3.0,0.23000000000138243,-0.125,18.0,0.6977777777776484,-1.0,-0.49499999999898137,0.050000000001091394,60.0,0.6654999999999442,3.0,-1.2700000000004366,-0.06499999999959982,100.0,0.6773000000000229,1.0,0.35500000000047294
100653865,Buy,2026-09-17 03:00:33,4279.11,4278.344999999999,0.7200000000002547,0.09499999999934516,5.0,0.7520000000002256,2.0,-0.024999999999636202,0.05999999999949068,17.0,0.724705882353031,2.0,0.5399999999990541,0.15499999999883585,22.0,0.7240909090910876,3.0,0.2649999999994179,0.019999999999527063,46.0,0.749782608695687,1.0,0.23000000000047294,0.7499999999990905,136.0,0.7577941176470953,6.0,-0.6099999999996726,1.0199999999986176,154.0,0.7524025974026085,6.0,-1.3000000000010914
100453335,Buy,2026-09-16 06:36:42,4325.5,4324.88,0.6900000000005093,-0.11999999999989086,2.0,0.6900000000005093,-1.0,0.11999999999989086,-0.7399999999997817,7.0,0.6900000000001195,-2.0,1.1000000000003638,-0.7349999999996726,8.0,0.688750000000141,-1.0,1.0950000000002547,-0.5,10.0,0.6890000000001237,1.0,0.37999999999919964,-0.42000000000007276,30.0,0.6790000000000873,1.0,-0.7299999999995634,-0.6500000000005457,76.0,0.6814473684210761,3.0,0.2500000000009095
100126875,Sell,2026-09-15 05:52:49,4298.08,4297.610000000001,0.5700000000006185,-0.039999999999054126,6.0,0.5516666666668849,-1.0,-0.030000000000654836,-0.23999999999978172,17.0,0.5885882352941896,-2.0,-0.27999999999883585,-0.625,29.0,0.5906896551724803,-12.0,0.13500000000203727,-0.9049999999988358,64.0,0.5948593750000128,-13.0,-0.5349999999998545,0.18000000000029104,219.0,0.5901324200913223,17.0,-1.9399999999986903,1.0085000000008222,374.0,0.5973048128342169,55.0,-1.2084999999997308
99754992,Buy,2026-09-11 15:20:15,4363.75,4362.47,0.6499999999996362,-0.005000000000109139,10.0,0.6368000000000393,5.0,-0.2279999999982465,-0.19499999999970896,34.0,0.6258235294116115,9.0,0.3850000000002183,-0.6899999999995998,55.0,0.6236545454544697,3.0,0.9829999999992651,-0.4899999999997817,102.0,0.6202352941175502,10.0,-0.2029999999995198,0.22150000000056025,237.0,0.6088396624472385,28.0,-0.538500000001477,0.03499999999985448,501.0,0.5570499001995888,18.0,-0.39499999999861757
99738973,Buy,2026-09-11 04:57:55,4333.59,4334.0470000000005,0.6760000000003856,0.0,1.0,0.6760000000003856,0.0,0.0,-0.007999999999810825,2.0,0.66800000000012,-1.0,0.007999999999810825,0.025000000000545697,11.0,0.6766363636362175,0.0,0.028999999999541615,-0.227999999999156,38.0,0.6520263157894031,-8.0,0.2680000000000291,-0.46299999999973807,108.0,0.6228796296296019,-10.0,0.44399999999950523,-0.027999999999337888,237.0,0.6187721518986551,4.0,-0.7280000000000655
99615317,Sell,2026-09-10 19:27:09,4329.05,4330.205,0.5799999999999272,0.07999999999992724,6.0,0.5644999999999527,-1.0,-0.21000000000094587,-0.1514999999999418,19.0,0.5756842105261297,-6.0,-0.04550000000017462,0.17000000000007276,30.0,0.5857666666665258,-5.0,-0.37999999999919964,0.08349999999973079,62.0,0.5666129032257642,-1.0,0.3135000000011132,0.8249999999998181,206.0,0.5309466019417873,3.0,-0.39800000000013824,0.40499999999974534,346.0,0.5256965317919432,-10.0,0.6840000000001965
99208828,Buy,2026-09-09 13:01:58,4404.63,4404.07,0.6500000000005457,-0.1000000000003638,3.0,0.6866666666671032,-2.0,-0.010000000000218279,-0.29500000000007276,14.0,0.6721428571430417,-7.0,-0.3150000000005093,0.014999999999417923,26.0,0.6638461538461622,-7.0,-0.9150000000008731,0.2249999999994543,49.0,0.6765306122448905,-6.0,-0.05500000000120053,0.5749999999989086,152.0,0.6825657894736842,-1.0,-0.2749999999996362,-0.5450000000000728,356.0,0.6794662921348298,-14.0,2.1449999999986176
99000862,Sell,2026-09-08 17:07:06,4399.59,4400.56,0.6700000000000728,-0.03499999999985448,5.0,0.6800000000001092,0.0,-0.12499999999818101,0.0500000000001819,10.0,0.6889999999999418,1.0,-0.11999999999989086,-0.10499999999956344,18.0,0.6688888888889374,-1.0,0.004999999999199645,-0.2249999999994543,28.0,0.6417857142858209,-1.0,0.18500000000040018,0.410000000000764,149.0,0.6010067114093484,21.0,-1.2599999999993088,-0.6449999999995271,289.0,0.6207612456747392,14.0,1.4049999999997453
98440487,Buy,2026-09-07 07:01:54,4394.74,4393.344999999999,0.5600000000004002,0.0,1.0,0.5600000000004002,0.0,0.0,-0.3150000000005093,9.0,0.5422222222222344,-2.0,-0.23500000000240107,-0.34500000000116415,14.0,0.5371428571427584,-1.0,-0.4650000000001455,0.18999999999869033,24.0,0.5291666666666591,5.0,-0.75,0.2749999999996362,123.0,0.5494308943089868,-4.0,-0.8150000000005093,-1.5200000000004366,223.0,0.5539910313901466,-12.0,2.9399999999986903
98366050,Sell,2026-09-04 12:43:11,4401.75,4401.77,1.050000000000182,-0.4349999999994907,5.0,1.0519999999996799,-2.0,0.555000000000291,-1.7099999999991269,16.0,1.0593749999999318,-3.0,1.319999999999709,-2.2999999999992724,27.0,1.0625925925925779,-8.0,0.2999999999992724,-1.5049999999991996,58.0,1.0593103448276107,-5.0,-3.4549999999999272,-3.8049999999993815,177.0,1.071694915254271,-8.0,0.15499999999974534,-1.1049999999995634,371.0,1.064797843665773,-4.0,-7.235000000000582
98188192,Sell,2026-09-03 09:36:09,4434.76,4437.785,0.5799999999999272,0.010000000000218279,2.0,0.5899999999996908,1.0,-0.010000000000218279,0.13000000000010914,7.0,0.5828571428571324,4.0,-0.10999999999967258,-0.19000000000050932,19.0,0.5773684210526928,-2.0,0.6700000000000728,-0.19000000000050932,28.0,0.5842857142856701,-1.0,0.3899999999994179,0.20499999999992724,85.0,0.5831764705882533,12.0,-0.25499999999919964,1.2250000000003638,173.0,0.5851445086705545,22.0,-0.8150000000005093
98161217,Sell,2026-09-03 05:48:56,4434.66,4435.5,0.7900000000008731,0.27000000000043656,5.0,0.7780000000000655,2.0,-0.17000000000189175,0.3850000000002183,11.0,0.7400000000001952,4.0,0.25499999999919964,0.7649999999994179,22.0,0.7309090909091703,7.0,0.005000000001018634,1.8250000000007276,45.0,0.7264444444444356,14.0,0.18499999999949068,1.4050000000006548,141.0,0.7239716312057248,20.0,1.9349999999994907,2.5799999999999272,275.0,0.7206181818182151,38.0,0.2600000000002183
98070555,Buy,2026-09-02 15:21:55,4366.67,4366.49,0.5900000000001455,-0.11000000000058208,8.0,0.6050000000000182,1.0,0.1000000000003638,0.22999999999956344,23.0,0.5830434782608237,6.0,-0.43000000000029104,0.004999999999199645,34.0,0.5688235294117154,1.0,0.44500000000152795,0.25,63.0,0.5895238095237714,4.0,-0.030000000000654836,-0.24500000000080036,165.0,0.5949696969697139,-4.0,0.7049999999999272,-1.1000000000003638,322.0,0.6091925465838534,-21.0,0.9599999999991269
97982386,Buy,2026-09-02 06:04:25,4319.11,4318.594999999999,0.6199999999998909,-0.14500000000043656,2.0,0.625,-1.0,0.14500000000043656,0.6999999999989086,8.0,0.6212500000001455,3.0,-0.32000000000152795,0.694999999999709,13.0,0.6215384615385259,4.0,0.06499999999869033,0.42000000000007276,23.0,0.6226086956522403,2.0,0.7199999999993452,-1.1700000000000728,102.0,0.6224509803921191,-7.0,1.0499999999974534,-2.0450000000000728,170.0,0.6238823529411628,-11.0,1.0049999999991996
97800092,Sell,2026-09-01 06:00:02,4440.12,4439.79,0.6299999999991996,-0.26999999999952706,4.0,0.6299999999998818,-1.0,0.02999999999974534,-0.26999999999952706,10.0,0.63199999999988,1.0,-0.4900000000006912,-0.26999999999952706,10.0,0.63199999999988,1.0,-0.4900000000006912,-0.26999999999952706,10.0,0.63199999999988,1.0,-0.4900000000006912,-0.26999999999952706,10.0,0.63199999999988,1.0,-0.4900000000006912,-0.26999999999952706,10.0,0.63199999999988,1.0,-0.4900000000006912
97638884,Sell,2026-08-31 05:03:50,4425.37,4426.3,0.5900000000001455,0.0,1.0,0.5900000000001455,0.0,0.0,0.015000000000327418,2.0,0.5749999999998181,1.0,-0.015000000000327418,-0.009999999999308784,4.0,0.584999999999809,1.0,0.03999999999996362,-0.5950000000002547,7.0,0.6200000000000208,-2.0,0.5750000000016371,-0.8550000000004729,43.0,0.6500000000000169,-4.0,0.465000000001055,0.35500000000047294,110.0,0.6667272727272657,0.0,-1.6949999999987995
97451919,Buy,2026-08-28 05:18:43,4580.67,4580.585,0.7000000000007276,0.0,0.0,0.7000000000007276,0.0,0.0,0.23000000000047294,3.0,0.7033333333335273,2.0,-0.1999999999998181,0.23000000000047294,3.0,0.7033333333335273,2.0,-0.1999999999998181,-0.010000000000218279,6.0,0.7233333333335091,-1.0,0.47000000000116415,0.20499999999992724,39.0,0.7289743589742498,1.0,0.4150000000008731,-0.03499999999985448,71.0,0.6864788732394207,-3.0,0.40500000000065484
97352852,Sell,2026-08-27 08:17:10,4604.68,4605.594999999999,0.5600000000004002,-0.2750000000005457,4.0,0.5649999999998272,1.0,0.29499999999916326,0.5149999999994179,18.0,0.5599999999998444,5.0,-0.7550000000010186,0.589999999999236,21.0,0.5604761904760813,8.0,-0.9400000000014188,0.6799999999993815,32.0,0.5612499999999443,11.0,-1.1900000000014188,0.14499999999952706,69.0,0.5597101449274292,4.0,1.0449999999991633,0.7849999999998545,138.0,0.5629710144926783,13.0,-0.49500000000080036
97182841,Buy,2026-08-26 04:57:51,4640.61,4640.09,0.7700000000004366,-0.15999999999985448,4.0,0.7524999999998272,-1.0,-0.17000000000007276,-0.15999999999985448,6.0,0.7516666666663999,-1.0,-0.2000000000007276,-0.15999999999985448,6.0,0.7516666666663999,-1.0,-0.2000000000007276,-0.11999999999989086,17.0,0.7417647058822802,0.0,-0.3100000000004002,-0.7399999999997817,55.0,0.7165454545454519,-8.0,0.5900000000001455,-1.5049999999991996,112.0,0.7049107142857451,-11.0,-0.004999999999199645
97143853,Buy,2026-08-25 17:27:24,4640.95,4640.225,0.5199999999995271,0.07999999999992724,4.0,0.48250000000030013,1.0,-0.1999999999989086,-0.039999999999054126,15.0,0.4886666666667831,0.0,0.23999999999978172,-0.46999999999934516,23.0,0.4752173913044396,-6.0,0.7100000000009459,-0.6649999999999636,36.0,0.48527777777786063,-8.0,-0.06499999999959982,0.1500000000005457,97.0,0.474226804123777,5.0,-1.8499999999994543,1.1850000000004002,207.0,0.513236714975862,7.0,-0.3349999999982174
97042659,Buy,2026-08-25 05:04:19,4629.55,4628.085,0.8400000000001455,0.14000000000032742,4.0,0.8050000000000637,1.0,0.009999999999308784,0.125,10.0,0.8100000000000364,1.0,-0.004999999999199645,0.010000000000218279,11.0,0.812727272727319,0.0,0.6299999999991996,0.24499999999989086,17.0,0.8117647058824171,2.0,-0.2249999999994543,-0.09500000000025466,68.0,0.8116176470589113,3.0,0.5950000000002547,0.14500000000043656,158.0,0.793164556962058,1.0,-0.5350000000016735
96882975,Buy,2026-08-24 04:34:43,4635.03,4635.515,0.8400000000001455,0.0,0.0,0.8400000000001455,0.0,0.0,-0.05999999999949068,4.0,0.8075000000001182,-1.0,0.22999999999956344,0.15499999999974534,6.0,0.7983333333334789,1.0,-0.054999999999381544,0.4849999999996726,18.0,0.7944444444445051,-1.0,-0.21499999999923602,0.8800000000001091,79.0,0.8055696202531342,0.0,-0.7100000000000364,-0.08999999999923602,181.0,0.7988397790054754,-2.0,3.269999999999527
96756936,Buy,2026-08-21 05:11:26,4536.82,4536.24,0.75,-0.04500000000007276,2.0,0.6849999999999454,-1.0,0.04500000000007276,-0.0500000000001819,4.0,0.6649999999997362,-1.0,-0.03999999999996362,-0.11999999999989086,6.0,0.6766666666665818,-3.0,-0.010000000001127773,0.26999999999952706,18.0,0.6483333333332868,-1.0,-0.42999999999938154,0.4499999999998181,62.0,0.7029032258064357,3.0,-0.13000000000010914,1.3099999999994907,121.0,0.7189256198346864,8.0,-0.6700000000000728
96653069,Sell,2026-08-20 05:03:17,4490.48,4490.755,0.7600000000002183,0.0,1.0,0.7600000000002183,0.0,0.0,0.015000000000327418,5.0,0.768000000000211,0.0,-0.045000000000982254,0.015000000000327418,5.0,0.768000000000211,0.0,-0.045000000000982254,0.3100000000004002,10.0,0.7640000000002146,1.0,-0.27999999999974534,0.6300000000001091,47.0,0.7589361702128836,2.0,0.8100000000004002,0.9399999999995998,78.0,0.7575641025641744,1.0,-0.03999999999996362
96566692,Sell,2026-08-19 05:06:43,4343.53,4345.435,0.42000000000007276,0.08000000000083674,2.0,0.4299999999998363,1.0,-0.08000000000083674,-0.1750000000001819,7.0,0.4371428571427844,-4.0,-0.06499999999959982,0.0,12.0,0.4366666666666485,-1.0,-0.32999999999992724,0.06499999999959982,32.0,0.43156250000006935,0.0,-0.1249999999990905,-1.159999999998945,79.0,0.4348101265823522,-11.0,1.0799999999990177,-1.4799999999995634,134.0,0.43677611940304123,-14.0,-0.07999999999992724
96484066,Sell,2026-08-18 03:00:51,4399.36,4391.85,0.75,0.0,0.0,0.75,0.0,0.0,0.0,0.0,0.75,0.0,0.0,0.0,0.0,0.75,0.0,0.0,0.0,0.0,0.75,0.0,0.0,0.0,0.0,0.75,0.0,0.0,0.0,0.0,0.75,0.0,0.0
96391293,Sell,2026-08-17 04:49:26,4395.88,4396.22,0.6700000000000728,0.0,0.0,0.6700000000000728,0.0,0.0,-0.14000000000032742,3.0,0.683333333333394,-2.0,0.08000000000083674,-0.009999999999308784,7.0,0.6542857142858338,-2.0,-9.094947017729282e-13,-0.15499999999974534,14.0,0.6828571428571715,-3.0,0.13500000000112777,-0.5150000000003274,59.0,0.6744067796610934,-6.0,-0.5850000000000364,-0.6300000000001091,97.0,0.6631958762886684,-16.0,-0.6699999999991633
96332229,Buy,2026-08-14 05:50:02,4326.97,4324.02,0.75,0.010000000000218279,6.0,0.7433333333333394,-1.0,-0.4099999999980355,-0.17999999999938154,16.0,0.722500000000025,-7.0,0.4000000000005457,-0.20999999999912689,23.0,0.7278260869565123,-6.0,0.11000000000058208,-0.0999999999994543,45.0,0.728444444444459,-8.0,-0.31999999999879947,2.0100000000002183,118.0,0.7286440677966373,-2.0,-1.889999999999418,2.8299999999999272,199.0,0.729195979899505,-1.0,-2.6599999999980355
96325914,Sell,2026-08-14 05:00:52,4324.79,4325.42,0.7700000000004366,0.11000000000058208,2.0,0.7699999999999818,1.0,-0.11000000000058208,0.3150000000005093,10.0,0.7710000000000946,1.0,-0.15500000000065484,0.25,13.0,0.7707692307693343,0.0,0.13999999999941792,0.22000000000025466,26.0,0.7646153846153538,1.0,0.27999999999974534,0.31999999999970896,57.0,0.7566666666666846,4.0,0.43000000000029104,-1.819999999999709,134.0,0.7417910447761439,-9.0,2.0599999999994907
96202433,Buy,2026-08-13 05:13:29,4402.6,4402.105,0.7200000000002547,-0.19500000000061846,5.0,0.6900000000003275,-2.0,0.16499999999996362,0.1000000000003638,21.0,0.7195238095237939,-2.0,-0.7800000000006548,0.7699999999995271,37.0,0.7329729729730192,-4.0,-1.5300000000015643,1.6599999999998545,63.0,0.7414285714286875,0.0,-0.2000000000007276,2.1549999999997453,113.0,0.7184070796460846,6.0,0.534999999998945,2.125,193.0,0.7006735751296163,2.0,1.8849999999983993
96113042,Sell,2026-08-12 12:00:05,4412.26,4412.425,0.5799999999999272,0.0500000000001819,2.0,0.6000000000003638,1.0,-0.0500000000001819,-0.339999999999236,13.0,0.6146153846152979,-4.0,0.43000000000120053,-0.3999999999996362,33.0,0.6154545454544749,-2.0,-0.5900000000001455,-0.3999999999996362,33.0,0.6154545454544749,-2.0,-0.5900000000001455,-0.3999999999996362,33.0,0.6154545454544749,-2.0,-0.5900000000001455,-0.3999999999996362,33.0,0.6154545454544749,-2.0,-0.5900000000001455
96024216,Sell,2026-08-11 08:51:13,4375.16,4376.085,0.5200000000004366,-0.019999999999527063,2.0,0.5000000000004547,-1.0,0.019999999999527063,0.3850000000002183,10.0,0.5800000000000182,1.0,-0.15499999999883585,0.8299999999999272,18.0,0.5727777777778,1.0,-0.049999999999272404,0.2650000000003274,37.0,0.5700000000001022,-4.0,1.5449999999991633,-0.48000000000047294,81.0,0.5585185185185495,-4.0,0.910000000000764,1.4350000000004002,159.0,0.5595597484276745,16.0,-1.6150000000006912
96004348,Sell,2026-08-11 04:58:04,4405.96,4406.335,0.7600000000002183,-0.14000000000032742,2.0,0.7599999999997635,-1.0,0.14000000000032742,-0.14000000000032742,5.0,0.7540000000000873,0.0,0.14000000000032742,-0.13000000000010914,9.0,0.7566666666665091,0.0,-0.1500000000005457,0.4849999999996726,15.0,0.752666666666543,6.0,-0.5249999999987267,0.5700000000006185,43.0,0.7393023255813945,10.0,-0.2500000000009095,0.005000000000109139,95.0,0.7433684210526591,8.0,1.0250000000005457
95918631,Buy,2026-08-10 04:10:04,4328.99,4328.115,0.8400000000001455,0.0,1.0,0.8400000000001455,0.0,0.0,0.1750000000001819,4.0,0.837500000000091,1.0,0.10499999999865395,0.2999999999992724,11.0,0.8363636363635372,0.0,0.5799999999999272,0.46999999999934516,24.0,0.8337500000000091,-1.0,0.5100000000002183,0.4499999999998181,49.0,0.8334693877551236,2.0,0.6899999999995998,1.3049999999993815,86.0,0.8272093023255747,7.0,0.015000000000327418
95800620,Buy,2026-08-07 05:08:00,4263.68,4262.465,0.6199999999998909,0.030000000000654836,3.0,0.6233333333329938,0.0,-0.07999999999992724,0.13000000000010914,8.0,0.7012499999998454,1.0,0.0999999999994543,0.29500000000007276,13.0,0.7092307692306489,2.0,0.15500000000065484,0.020000000000436557,29.0,0.7141379310345154,0.0,0.7700000000004366,-0.014999999999417923,95.0,0.7181052631578783,-10.0,0.004999999999199645,-0.5950000000002547,163.0,0.722024539877287,-6.0,0.8749999999990905
95773198,Buy,2026-08-06 17:23:51,4239.76,4239.77,0.4499999999998181,0.0,1.0,0.4499999999998181,0.0,0.0,0.04500000000007276,2.0,0.49499999999989086,1.0,-0.04500000000007276,0.14000000000032742,6.0,0.5099999999997635,3.0,-0.07999999999901775,0.1000000000003638,18.0,0.4799999999998161,3.0,0.1499999999996362,-0.15999999999985448,80.0,0.5202499999999304,-3.0,-0.11000000000058208,0.21500000000014552,169.0,0.5310650887573534,2.0,-0.21500000000014552
95709969,Buy,2026-08-06 04:35:50,4258.33,4259.155,0.8400000000001455,0.0,1.0,0.8400000000001455,0.0,0.0,0.23000000000047294,8.0,0.7849999999997408,3.0,0.07999999999901775,0.6149999999997817,13.0,0.787692307692081,6.0,0.06499999999869033,0.9299999999993815,17.0,0.793529411764586,8.0,-0.5399999999999636,2.1799999999993815,53.0,0.7920754716981221,16.0,-0.27999999999974534,1.7100000000000364,119.0,0.7932773109243972,20.0,2.5299999999997453
95612645,Sell,2026-08-05 08:44:22,4165.21,4164.74,0.6099999999996726,-0.5450000000000728,9.0,0.6188888888886545,-4.0,0.10499999999956344,-1.0399999999999636,21.0,0.6123809523808502,-8.0,-0.32000000000061846,-1.1499999999996362,30.0,0.60033333333328,-9.0,-0.5900000000019645,-0.7000000000007276,41.0,0.5914634146340798,-4.0,-1.3799999999991996,-2.5799999999999272,154.0,0.5523376623377535,-3.0,1.2899999999990541,-0.5799999999999272,293.0,0.5584300341297577,30.0,-2.3299999999999272
95598021,Buy,2026-08-05 04:50:18,4133.53,4133.305,0.7200000000002547,0.0,0.0,0.7200000000002547,0.0,0.0,0.010000000000218279,3.0,0.6966666666670184,2.0,0.0,-0.2250000000003638,9.0,0.7033333333335273,-2.0,0.005000000001018634,-0.13999999999941792,17.0,0.6929411764707337,-2.0,-0.3100000000013097,0.03499999999985448,61.0,0.7106557377049986,10.0,-0.014999999999417923,0.20499999999992724,130.0,0.7300000000000672,13.0,-0.804999999998472
95576013,Sell,2026-08-04 18:47:35,4076.22,4076.395,0.5799999999999272,0.0,0.0,0.5799999999999272,0.0,0.0,0.06500000000005457,5.0,0.5440000000001419,2.0,0.02500000000009095,0.05499999999983629,8.0,0.542500000000075,1.0,0.10500000000001819,0.05499999999983629,31.0,0.5190322580645355,-4.0,-0.5949999999997999,-0.3400000000001455,93.0,0.5311827956989306,-3.0,0.23000000000047294,0.3550000000000182,191.0,0.5279581151832516,11.0,-0.9050000000002001
95511070,Sell,2026-08-04 05:06:17,4061.67,4062.49,0.75,0.0,0.0,0.75,0.0,0.0,-0.08000000000038199,4.0,0.7049999999999272,-1.0,-0.30999999999994543,-0.5850000000000364,8.0,0.7099999999999795,-3.0,0.4249999999992724,-0.4800000000000182,13.0,0.7007692307692406,-4.0,-0.01999999999998181,0.27999999999974534,38.0,0.6947368421052895,-3.0,-1.5800000000008367,0.20499999999992724,85.0,0.7077647058823779,8.0,0.6549999999997453
95443868,Sell,2026-08-03 05:03:06,4063.33,4065.11,0.75,0.0,1.0,0.75,0.0,0.0,-0.03499999999985448,5.0,0.7240000000001601,0.0,0.39499999999952706,-0.03499999999985448,8.0,0.7187500000001137,-1.0,0.125,-0.23500000000012733,20.0,0.7220000000000255,-1.0,0.13500000000067303,0.6449999999999818,52.0,0.6855769230769335,5.0,-0.8049999999989268,0.7950000000000728,118.0,0.6850000000000109,7.0,0.3850000000002183
95369124,Buy,2026-07-31 04:51:51,4076.89,4076.39,0.6700000000000728,0.0,1.0,0.6700000000000728,0.0,0.0,-0.11500000000023647,4.0,0.6699999999999591,-3.0,0.08500000000049113,0.004999999999654392,7.0,0.6485714285714234,-2.0,-0.23500000000012733,0.09999999999990905,11.0,0.6681818181817273,-2.0,-0.13999999999987267,0.2849999999998545,39.0,0.6728205128204373,-2.0,0.04500000000007276,0.5749999999998181,64.0,0.6701562499999696,9.0,0.7349999999996726
95298275,Buy,2026-07-30 09:32:41,4062.11,4062.7799999999997,0.4699999999997999,-0.08000000000038199,2.0,0.5099999999999909,-1.0,0.08000000000038199,-0.22000000000025466,8.0,0.5337500000000546,-1.0,-0.18999999999959982,-0.05500000000029104,15.0,0.5546666666667079,0.0,-0.3850000000002183,0.07999999999992724,24.0,0.5687500000000038,1.0,-0.07000000000061846,-0.2800000000002001,112.0,0.5488392857142637,-6.0,-0.36000000000012733,-1.5450000000000728,200.0,0.559899999999991,-16.0,0.7249999999994543
95248660,Buy,2026-07-29 20:00:54,4047.81,4048.29,0.7100000000000364,0.15000000000009095,7.0,0.6928571428571298,0.0,0.6100000000001273,0.5850000000000364,18.0,0.6794444444444707,3.0,0.7150000000001455,1.5249999999996362,28.0,0.6547499999999705,9.0,-1.3449999999993452,2.555000000000291,52.0,0.6594807692307191,17.0,-0.22800000000097498,4.399999999999636,173.0,0.6220751445086424,16.0,0.8130000000001019,3.5950000000002547,344.0,0.6453749999999868,-3.0,5.164999999999964
95168933,Buy,2026-07-29 04:20:48,4022.45,4022.335,0.7600000000002183,0.0,1.0,0.7600000000002183,0.0,0.0,0.0,1.0,0.7600000000002183,0.0,0.0,0.005000000000109139,4.0,0.7550000000001091,1.0,0.005000000000109139,0.16499999999996362,11.0,0.7309090909090876,2.0,-0.19499999999970896,0.2600000000002183,71.0,0.699295774647895,-4.0,0.6599999999998545,0.6050000000000182,123.0,0.7082926829268394,-4.0,-0.03500000000030923
95107372,Sell,2026-07-28 04:47:22,4046.03,4047.385,0.7599999999997635,0.0,0.0,0.7599999999997635,0.0,0.0,0.0,1.0,0.7599999999997635,0.0,0.0,-0.11499999999978172,2.0,0.7549999999998818,-1.0,0.11499999999978172,0.010000000000218279,5.0,0.755999999999949,0.0,0.020000000000436557,-0.22999999999956344,37.0,0.757297297297346,6.0,0.21000000000003638,-0.06999999999970896,72.0,0.7645833333333738,3.0,-0.6099999999996726
95072289,Buy,2026-07-27 13:33:09,4078.44,4077.975,0.6199999999998909,-0.05500000000029104,6.0,0.6166666666667121,-1.0,0.08500000000003638,-0.32500000000027285,17.0,0.6770588235294513,-2.0,-0.12499999999954525,0.27500000000009095,39.0,0.6400000000000242,4.0,0.1950000000001637,0.7300000000000182,80.0,0.5879999999999939,11.0,-0.5700000000001637,0.9599999999995816,237.0,0.6107594936708822,-4.0,-0.3799999999996544,0.36000000000012733,474.0,0.6198523206751092,-6.0,1.559999999999036
95047920,Buy,2026-07-27 04:18:11,4087.56,4087.1099999999997,0.6900000000000546,-0.15500000000065484,3.0,0.6900000000000546,-2.0,-0.014999999999417923,-0.0500000000001819,12.0,0.6649999999999636,-3.0,-0.22000000000025466,-0.2750000000005457,16.0,0.6862499999999727,-5.0,-0.21500000000014552,-0.1500000000005457,25.0,0.672400000000016,-2.0,-0.4900000000006912,-0.13000000000010914,43.0,0.6918604651162473,-2.0,-0.2900000000008731,-0.7150000000001455,90.0,0.7053333333333133,-9.0,0.014999999999417923
94991858,Sell,2026-07-24 07:35:14,4052.29,4052.56,0.569999999999709,-0.009999999999763531,4.0,0.5550000000000637,-1.0,0.07000000000016371,0.2549999999996544,12.0,0.5275000000000318,1.0,-0.38499999999976353,0.27500000000009095,18.0,0.5288888888889132,1.0,-0.06500000000005457,-0.2549999999996544,43.0,0.5076744186046284,-3.0,0.3049999999998363,-0.005000000000109139,119.0,0.4853781512605022,-5.0,-2.0850000000000364,-0.25999999999976353,261.0,0.4850191570881162,-4.0,-0.16000000000030923
94986774,Sell,2026-07-24 05:50:08,4028.48,4029.09,0.7699999999999818,0.0,1.0,0.7699999999999818,0.0,0.0,0.07999999999992724,14.0,0.7464285714285585,-3.0,-0.43000000000029104,0.25500000000010914,19.0,0.7510526315789704,0.0,0.05500000000029104,0.9499999999998181,41.0,0.755121951219502,-2.0,-0.5399999999999636,0.7300000000004729,75.0,0.759466666666649,2.0,1.0399999999999636,0.48000000000047294,144.0,0.7607638888888838,9.0,0.8599999999996726
94942223,Sell,2026-07-23 09:20:23,4096.12,4096.030000000001,0.3100000000004002,-0.0749999999989086,8.0,0.3874999999999318,-1.0,0.4349999999994907,-0.08499999999912689,11.0,0.4245454545454198,-2.0,-0.04499999999825377,-0.11999999999989086,15.0,0.4486666666666982,-2.0,-0.029999999997926352,-0.14499999999952706,26.0,0.49576923076920837,-3.0,0.005000000000109139,-0.6049999999995634,88.0,0.5022727272727252,-15.0,-0.8249999999989086,1.2400000000006912,248.0,0.5206048387096852,-5.0,-2.6099999999996726
94927689,Buy,2026-07-23 04:48:08,4123.62,4123.66,0.7700000000004366,0.0,1.0,0.7700000000004366,0.0,0.0,0.03999999999996362,12.0,0.733333333333197,1.0,0.12999999999829015,-0.21000000000003638,22.0,0.739999999999947,-1.0,0.23000000000047294,-0.4650000000001455,37.0,0.7072972972972993,-2.0,-0.2649999999994179,-0.020000000000436557,113.0,0.7079646017699518,12.0,-1.069999999999709,0.375,186.0,0.7237634408602927,17.0,-1.5050000000010186
94908427,Buy,2026-07-22 19:54:35,4129.52,4129.04,0.6100000000005821,-0.17000000000007276,7.0,0.6371428571431222,-4.0,0.13000000000101863,-0.25,25.0,0.6384000000000742,-4.0,-0.020000000000436557,-0.07000000000061846,41.0,0.6431707317073144,-2.0,-0.5500000000001819,-0.7950000000000728,81.0,0.5779753086419729,-6.0,0.6549999999988358,-2.2349999999996726,251.0,0.5944860557768431,-5.0,-0.025000000000545697,-3.355000000000473,404.0,0.5762772277227448,-11.0,-0.3350000000000364
94864297,Sell,2026-07-22 04:00:59,4130.33,4130.145,0.8000000000001819,0.024999999999636202,2.0,0.7950000000000728,1.0,-0.024999999999636202,-0.05500000000029104,11.0,0.7845454545456299,1.0,-0.024999999997817213,-0.1000000000003638,19.0,0.7900000000001072,1.0,0.21000000000094587,-0.05500000000029104,38.0,0.7742105263158153,0.0,-0.14500000000043656,-0.2749999999996362,110.0,0.7589090909091283,-2.0,-0.25499999999919964,-0.7999999999992724,275.0,0.7633818181818193,-4.0,-0.9699999999993452
94842197,Sell,2026-07-21 16:41:05,4074.65,4075.05,0.6700000000000728,0.0,0.0,0.6700000000000728,0.0,0.0,0.08500000000003638,6.0,0.6499999999999394,1.0,0.15499999999974534,0.3350000000000364,23.0,0.6669565217390379,2.0,0.29500000000007276,0.015000000000327418,43.0,0.6732558139534418,2.0,0.6150000000006912,0.005000000000109139,106.0,0.663396226415053,0.0,-0.14499999999952706,0.9900000000002365,228.0,0.6501754385964783,9.0,-0.7899999999995089
94810342,Buy,2026-07-21 06:41:33,4075.28,4075.555,0.9200000000000728,-0.009999999999763531,4.0,0.9275000000001228,-1.0,-0.009999999999763531,0.09499999999979991,11.0,0.9218181818182942,2.0,-0.08500000000049113,0.6399999999998727,19.0,0.915263157894778,3.0,-0.599999999999909,0.6199999999994361,41.0,0.9185365853658501,3.0,0.5200000000008913,1.4599999999995816,80.0,0.9230000000000075,6.0,-0.15999999999939973,0.09499999999979991,165.0,0.914727272727291,-9.0,2.8049999999998363
94775324,Sell,2026-07-20 14:51:46,4010.12,4012.075,0.599999999999909,-0.06000000000040018,5.0,0.6300000000000182,0.0,0.17000000000007276,-0.2600000000002183,18.0,0.6227777777778556,1.0,0.22999999999956344,-0.24000000000023647,29.0,0.6300000000000778,0.0,0.04999999999972715,-0.6850000000004002,63.0,0.6206349206349697,0.0,0.13499999999930878,-0.3850000000002183,159.0,0.6170440251572706,6.0,-1.194999999999709,-0.3100000000004002,375.0,0.6207466666666854,11.0,-0.17999999999938154
94754184,Buy,2026-07-20 08:10:48,4020.21,4019.415,0.5599999999999454,0.0,4.0,0.525000000000091,-1.0,0.06999999999970896,-0.1499999999996362,7.0,0.5271428571429299,-4.0,0.1499999999996362,-0.005000000000109139,22.0,0.5495454545455025,4.0,-0.005000000000109139,-0.010000000000218279,40.0,0.5492500000000404,4.0,-0.07999999999992724,-0.3350000000000364,100.0,0.5445999999999868,-2.0,0.49499999999989086,-0.7899999999999636,203.0,0.542955665024643,-4.0,0.3100000000004002
94694698,Sell,2026-07-17 06:35:22,4003.55,4003.295,0.6599999999998545,-0.1499999999996362,7.0,0.6600000000000493,-4.0,0.18999999999959982,-0.15999999999985448,15.0,0.6766666666666424,-2.0,-0.1999999999998181,-0.2300000000000182,22.0,0.6731818181817744,-1.0,-0.14999999999918145,-1.3899999999998727,52.0,0.6598076923076476,-1.0,0.7300000000000182,-2.069999999999709,124.0,0.6590322580645145,-2.0,-0.7100000000000364,-3.369999999999891,212.0,0.6586792452830311,-8.0,0.47000000000025466
94627775,Sell,2026-07-16 05:45:23,4032.12,4032.185,0.5799999999999272,-0.19000000000005457,10.0,0.6379999999999655,1.0,-0.2699999999999818,-0.18499999999994543,33.0,0.6587878787878859,2.0,-0.06500000000005457,-0.1950000000001637,48.0,0.6437499999999924,1.0,0.08500000000049113,-0.18499999999994543,76.0,0.6472368421052759,4.0,-0.9150000000004184,-0.03499999999985448,209.0,0.638660287081355,10.0,0.06499999999959982,1.3849999999997635,438.0,0.6632420091324346,22.0,-1.5849999999995816
94588522,Buy,2026-07-15 12:13:35,4036.97,4036.8900000000003,0.6100000000001273,0.025000000000545697,7.0,0.6342857142857221,0.0,0.035000000000763976,0.09500000000025466,9.0,0.6400000000000242,2.0,-0.08500000000003638,-0.1999999999998181,22.0,0.617272727272724,3.0,0.4400000000005093,0.09000000000014552,48.0,0.6295833333333386,2.0,-0.3599999999996726,-0.17999999999938154,175.0,0.6178857142857097,13.0,1.7899999999999636,-1.0649999999995998,305.0,0.6225901639343945,10.0,0.9350000000004002
94571902,Buy,2026-07-15 05:31:12,4025.35,4025.145,0.6400000000003274,-0.005000000000109139,9.0,0.6611111111112424,0.0,-0.03499999999985448,-0.8800000000001091,26.0,0.6880769230769531,-6.0,0.36999999999989086,-0.955000000000382,40.0,0.7040000000000418,-8.0,-0.7349999999992178,0.11499999999978172,88.0,0.7269318181818107,0.0,-1.5649999999995998,-0.03499999999985448,198.0,0.7617676767676741,-2.0,0.125,2.4099999999998545,398.0,0.786381909547741,10.0,-2.6400000000003274
94518850,Buy,2026-07-14 05:30:53,4024.24,4024.99,0.7900000000004184,0.02999999999974534,5.0,0.7900000000001455,0.0,-0.17000000000007276,-0.09000000000014552,19.0,0.7900000000000593,-2.0,0.02999999999974534,-0.2800000000002001,25.0,0.7900000000000545,-2.0,-0.24000000000023647,0.6399999999998727,54.0,0.7912962962962966,3.0,-1.2000000000002728,-1.330000000000382,203.0,0.8203940886699461,2.0,0.8899999999998727,2.4799999999995634,468.0,0.8161965811965773,1.0,-5.579999999999927
94517647,Sell,2026-07-14 04:51:04,4017.7,4020.73,0.8100000000004002,0.0,0.0,0.8100000000004002,0.0,0.0,0.0,0.0,0.8100000000004002,0.0,0.0,0.0,0.0,0.8100000000004002,0.0,0.0,0.0,0.0,0.8100000000004002,0.0,0.0,0.0,0.0,0.8100000000004002,0.0,0.0,0.0,0.0,0.8100000000004002,0.0,0.0
94482317,Sell,2026-07-13 12:43:27,4063.5,4062.12,0.8899999999998727,0.0,0.0,0.8899999999998727,0.0,0.0,0.29500000000007276,7.0,0.8857142857142597,6.0,-0.05500000000029104,0.2849999999998545,9.0,0.8855555555555333,6.0,0.04500000000007276,0.15999999999985448,31.0,0.8864516129033144,8.0,0.6599999999998545,1.0349999999998545,118.0,0.8863559322034373,17.0,-0.24499999999989086,-0.6150000000002365,250.0,0.8848400000000147,3.0,2.705000000000382
94467306,Sell,2026-07-13 05:16:27,4066.64,4066.93,0.7899999999999636,0.07999999999992724,8.0,0.7837499999999977,1.0,-0.03999999999996362,0.10500000000001819,21.0,0.7704761904762043,2.0,0.22499999999899956,0.10500000000001819,21.0,0.7704761904762043,2.0,0.22499999999899956,0.2049999999994725,25.0,0.7663999999999942,2.0,-0.21499999999969077,1.2449999999998909,142.0,0.7669014084507113,13.0,-0.9850000000005821,-0.4450000000001637,328.0,0.7717378048780602,34.0,2.9050000000002
94425120,Buy,2026-07-10 05:49:00,4111.13,4110.68,0.8900000000003274,0.0,0.0,0.8900000000003274,0.0,0.0,-0.06499999999959982,12.0,0.8641666666667334,-2.0,0.08500000000003638,-0.049999999999272404,17.0,0.8658823529411379,-1.0,0.20999999999912689,-0.24499999999989086,41.0,0.8209756097560275,3.0,0.1250000000009095,0.45499999999992724,143.0,0.842237762237715,-6.0,-1.4750000000003638,1.0300000000006548,313.0,0.8290415335463048,-3.0,-0.6999999999989086
94382823,Buy,2026-07-09 07:15:32,4101.86,4102.785,0.680000000000291,0.02999999999974534,2.0,0.6700000000000728,1.0,-0.02999999999974534,-0.15999999999985448,8.0,0.6449999999999818,-1.0,0.1499999999996362,0.04500000000007276,13.0,0.6546153846154014,2.0,-0.2749999999996362,-0.1750000000001819,23.0,0.6599999999999335,0.0,0.18500000000040018,0.20499999999992724,110.0,0.6559999999999656,-5.0,0.004999999999199645,-0.4500000000007276,241.0,0.6634854771783802,-6.0,2.600000000000364
94375434,Sell,2026-07-09 04:39:07,4063.53,4063.045,0.7200000000002547,0.0,0.0,0.7200000000002547,0.0,0.0,0.015000000000327418,5.0,0.69399999999996,1.0,0.054999999999381544,-0.35499999999956344,17.0,0.6864705882352984,-1.0,0.3649999999997817,-0.3000000000001819,34.0,0.6823529411764251,0.0,-0.409999999998945,-0.3599999999996726,97.0,0.6871134020618519,2.0,-0.38000000000010914,0.3500000000003638,192.0,0.6834374999999943,17.0,-0.9700000000002547
94351863,Sell,2026-07-08 11:04:59,4053.41,4062.03,0.75,0.0,0.0,0.75,0.0,0.0,0.0,0.0,0.75,0.0,0.0,0.0,0.0,0.75,0.0,0.0,0.0,0.0,0.75,0.0,0.0,0.0,0.0,0.75,0.0,0.0,0.0,0.0,0.75,0.0,0.0
94339039,Sell,2026-07-08 05:08:25,4131.49,4132.505,0.7199999999993452,0.3400000000001455,9.0,0.6844444444444283,-2.0,-0.5,0.16499999999996362,13.0,0.6876923076922069,-4.0,0.5250000000005457,0.13000000000010914,24.0,0.6941666666666227,-7.0,0.03999999999996362,-0.08500000000003638,46.0,0.7028260869565202,-15.0,0.3150000000014188,-0.5799999999999272,171.0,0.6855555555555689,-33.0,1.1599999999998545,-0.8849999999993088,290.0,0.6931724137931143,-36.0,0.19499999999879947
94292496,Sell,2026-07-07 08:45:26,4130.41,4130.535,0.5399999999999636,0.19499999999970896,2.0,0.42499999999972715,1.0,-0.19499999999970896,0.2849999999998545,3.0,0.47333333333305444,2.0,0.10499999999956344,0.3249999999998181,4.0,0.4924999999996089,3.0,0.06499999999959982,0.3400000000001455,11.0,0.5481818181817123,2.0,0.32999999999992724,-0.7200000000002547,81.0,0.5209876543209854,-12.0,0.5500000000001819,0.24499999999989086,197.0,0.5157614213197947,-8.0,-1.6649999999999636
94291110,Sell,2026-07-07 07:41:18,4128.54,4128.975,0.5999999999994543,0.0,0.0,0.5999999999994543,0.0,0.0,0.0,1.0,0.5999999999994543,0.0,0.0,-0.019999999999527063,2.0,0.599999999999909,-1.0,0.019999999999527063,-0.054999999999381544,6.0,0.5916666666665454,-1.0,-0.035000000000763976,0.410000000000764,54.0,0.576481481481433,7.0,-0.07000000000061846,-0.024999999999636202,100.0,0.5761000000000149,5.0,0.555000000000291
94289139,Sell,2026-07-07 05:30:02,4127.24,4126.535,0.8800000000001091,0.024999999999636202,11.0,0.878181818181805,2.0,-0.08500000000094587,-1.889999999999418,27.0,0.8807407407406639,2.0,0.09000000000014552,-1.930000000000291,39.0,0.8812820512820252,4.0,-2.110000000000582,-1.9899999999997817,60.0,0.8813333333333503,7.0,-2.030000000000655,-1.6700000000000728,148.0,0.8810810810811032,19.0,-2.5100000000002183,-1.2900000000008731,266.0,0.8813533834586691,21.0,-2.8099999999994907
94258974,Sell,2026-07-06 03:37:10,4167.97,4168.335,0.7600000000002183,-0.025000000000545697,3.0,0.7366666666666788,-2.0,0.005000000000109139,-0.06499999999959982,10.0,0.7239999999998872,-5.0,0.005000000000109139,-0.4499999999998181,23.0,0.6873913043478435,-4.0,0.36999999999989086,-0.8550000000004729,46.0,0.692391304347834,-9.0,-0.044999999999163265,-0.6350000000002183,107.0,0.6824299065420601,-8.0,-1.125,-0.23499999999967258,198.0,0.6825757575757512,-3.0,-1.214999999999236
94241160,Sell,2026-07-03 05:08:26,4180.61,4180.57,0.7300000000004729,0.0,4.0,0.6800000000000637,-1.0,-0.030000000000654836,-0.020000000000436557,10.0,0.6699999999999818,1.0,-0.07999999999992724,-0.020000000000436557,10.0,0.6699999999999818,1.0,-0.07999999999992724,-0.050000000001091394,18.0,0.6733333333331757,-1.0,0.11000000000058208,0.21500000000014552,97.0,0.6939175257730968,-7.0,-0.8650000000016007,0.03499999999985448,179.0,0.6914525139664219,-14.0,-0.5950000000011642
94240579,Buy,2026-07-03 03:32:03,4179.46,4180.745,0.7199999999993452,0.0,0.0,0.7199999999993452,0.0,0.0,-0.48000000000047294,12.0,0.6750000000000304,-3.0,-0.27000000000134605,-0.30500000000029104,13.0,0.6823076923077539,-2.0,-0.6550000000006548,-0.5600000000004002,26.0,0.7080769230769874,-5.0,-0.0500000000001819,0.3149999999995998,91.0,0.6696703296704052,-2.0,-0.534999999998945,0.23999999999978172,236.0,0.6580084745762788,-11.0,0.5400000000008731
94223505,Buy,2026-07-02 13:13:42,4124.15,4123.77,0.6699999999991633,0.27000000000043656,10.0,0.6979999999999563,3.0,0.06000000000130967,0.1000000000003638,25.0,0.7271999999999753,6.0,0.46999999999934516,0.805000000000291,42.0,0.7314285714285559,13.0,-0.024999999999636202,0.5450000000000728,58.0,0.7175862068965655,13.0,-0.1749999999992724,0.8900000000003274,206.0,0.7222815533980713,-1.0,2.3599999999996726,-0.40499999999883585,463.0,0.6990496760259196,6.0,3.375
94199359,Sell,2026-07-01 14:01:51,4093.49,4091.435,0.7200000000002547,-0.10500000000001819,5.0,0.7080000000000837,0.0,-0.6050000000000182,-0.12500000000045475,17.0,0.704117647058785,0.0,1.1150000000002365,0.13499999999976353,32.0,0.7012500000000017,-3.0,0.08500000000049113,1.2350000000001273,78.0,0.6933333333333382,7.0,0.4549999999994725,-4.8650000000002365,248.0,0.6586290322580908,-17.0,2.6950000000001637,-7.675000000000637,508.0,0.6750885826771845,-23.0,-2.3749999999995453
94147775,Buy,2026-06-30 04:15:05,3972.5,3973.0600000000004,0.7300000000000182,0.0,0.0,0.7300000000000182,0.0,0.0,0.005000000000109139,5.0,0.7019999999999527,0.0,-0.1849999999985812,0.43000000000029104,16.0,0.7040000000000077,3.0,0.8299999999999272,-0.11999999999989086,21.0,0.7116190476190674,4.0,2.0000000000009095,0.9600000000000364,72.0,0.7187500000000253,17.0,-1.1829999999990832,0.9800000000004729,131.0,0.7159160305343709,19.0,0.8300000000008367
94116926,Buy,2026-06-29 11:55:16,4037.87,4037.1,0.4499999999998181,0.0,0.0,0.4499999999998181,0.0,0.0,-0.02500000000009095,8.0,0.4524999999998158,-1.0,-0.2549999999996544,-0.44000000000005457,16.0,0.44874999999998977,-5.0,0.38999999999987267,-0.724999999999909,30.0,0.45533333333331333,-9.0,-0.21499999999969077,-0.7350000000001273,65.0,0.4632923076922802,-4.0,-0.5850000000004911,-0.6900000000000546,140.0,0.4816071428571312,-7.0,-0.6399999999998727
94074059,Sell,2026-06-26 11:36:53,4051.97,4052.3334999999997,0.6169999999997344,-0.07150000000001455,2.0,0.688499999999749,-1.0,0.07150000000001455,-0.07000000000061846,15.0,0.7288666666666965,0.0,-0.193000000000211,-0.12000000000034561,19.0,0.7307368421052879,0.0,-0.1729999999993197,-0.3765000000003056,34.0,0.7289117647058928,-1.0,0.3164999999989959,-0.8150000000005093,87.0,0.737609195402294,-8.0,-1.3179999999993015,-1.336500000000342,179.0,0.7436536312849037,-20.0,-0.21649999999954161
94051620,Buy,2026-06-25 16:46:01,4025.8,4024.5,0.7700000000004366,0.22999999999956344,6.0,0.7628333333334467,1.0,-0.5999999999994543,-0.7049999999999272,26.0,0.7472307692307998,-5.0,1.3250000000007276,-1.2965000000003783,46.0,0.7365869565217646,-8.0,-0.013499999999112333,-1.724999999999909,100.0,0.7379400000000396,-2.0,-0.775000000000091,-4.611499999999978,247.0,0.7284655870445585,-17.0,-0.06549999999970169,-6.890000000000327,486.0,0.7237736625514579,-21.0,-2.26299999999992
93990129,Buy,2026-06-25 04:19:16,3990.0,3990.535,0.7000000000002728,-0.03150000000005093,4.0,0.7185000000001764,-1.0,-0.008500000000822183,0.4884999999999309,21.0,0.7000000000000997,0.0,-0.6515000000003965,0.7984999999998763,34.0,0.6916764705882836,1.0,-0.1485000000002401,1.0,64.0,0.7012656250000404,11.0,0.5969999999997526,0.3649999999997817,162.0,0.6843950617284138,1.0,1.2250000000003638,2.0,319.0,0.6791755485893578,22.0,-1.25
93935706,Buy,2026-06-24 13:41:19,4007.36,4005.3599999999997,0.7699999999999818,0.14499999999952706,10.0,0.74699999999998,-1.0,0.1750000000001819,0.0749999999998181,30.0,0.751333333333317,-5.0,-0.3850000000011278,-0.03500000000030923,52.0,0.7440576923076885,-11.0,-0.18500000000085493,1.019999999999527,102.0,0.7449509803921626,-5.0,-1.3699999999998909,1.2849999999998545,313.0,0.7061821086262267,-25.0,2.154999999998836,1.3149999999995998,628.0,0.6958471337579795,-58.0,1.125
93909211,Buy,2026-06-24 07:08:33,4088.7,4089.94,0.4899999999997817,0.03000000000020009,3.0,0.4899999999999333,0.0,0.04999999999972715,0.01999999999998181,8.0,0.49124999999997954,-1.0,-4.547473508864641e-13,-0.21000000000003638,13.0,0.49153846153845177,-4.0,0.27000000000043656,-0.5199999999999818,31.0,0.4919354838709824,-10.0,0.01999999999998181,0.8800000000001091,90.0,0.4918888888888786,3.0,-2.139999999999418,1.7549999999996544,181.0,0.5048287292817543,3.0,0.12500000000045475
93873774,Sell,2026-06-23 18:06:17,4127.31,4127.575,0.6599999999998545,0.009999999999308784,2.0,0.650000000000091,1.0,-0.009999999999308784,0.003499999999803549,9.0,0.6653333333334659,0.0,0.07349999999951251,0.06349999999929423,16.0,0.6630625000001373,1.0,-0.033499999998639396,-0.0500000000001819,36.0,0.6791666666666869,-1.0,0.08000000000083674,0.18500000000040018,114.0,0.7225350877192955,-5.0,-0.23500000000149157,0.18849999999929423,192.0,0.7356145833333159,-15.0,-0.3484999999991487
93832434,Buy,2026-06-23 03:39:04,4135.04,4134.78,0.6700000000000728,0.09500000000025466,4.0,0.6600000000000819,1.0,0.044999999999163265,0.2899999999999636,15.0,0.6599999999999757,0.0,-0.13000000000192813,0.35499999999956344,28.0,0.6496428571428103,-1.0,0.39500000000043656,1.0850000000000364,50.0,0.6484000000000014,3.0,-0.1250000000009095,-1.324999999999818,144.0,0.6581736111110925,-17.0,3.0249999999987267,-1.9849999999996726,279.0,0.6605053763440891,-17.0,-1.8150000000014188
93798546,Buy,2026-06-22 05:28:11,4189.21,4188.97,0.6499999999996362,0.0,1.0,0.6499999999996362,0.0,0.0,0.3850000000002183,9.0,0.6766666666665818,0.0,-0.375,0.5450000000000728,16.0,0.6774999999999523,3.0,0.2649999999994179,0.7449999999998909,35.0,0.6760000000000738,-4.0,-0.15499999999974534,0.9550000000008367,63.0,0.6719682539682369,-6.0,-0.035000000000763976,0.8300000000008367,131.0,0.6629847328244318,2.0,1.1399999999985084
93776205,Sell,2026-06-19 05:32:37,4137.68,4137.8135,0.7169999999996435,0.20850000000064028,5.0,0.7181999999997061,2.0,-0.16150000000016007,-0.046499999999468855,11.0,0.6755454545453342,0.0,0.1235000000006039,0.038500000000567525,23.0,0.6383043478259502,-2.0,-0.1014999999988504,0.2584999999999127,45.0,0.6462444444444676,-5.0,-0.18149999999877764,-0.011500000000523869,124.0,0.6349032258064521,-14.0,-1.3315000000002328,-0.8315000000002328,248.0,0.6444193548387236,-6.0,0.8084999999991851
93757800,Sell,2026-06-18 15:09:38,4253.6,4254.700000000001,0.6300000000001091,-0.09999999999854481,6.0,0.6216666666664423,-1.0,0.07999999999992724,0.27150000000074215,15.0,0.6124666666665992,-2.0,-0.47149999999783176,0.660000000000764,24.0,0.6127916666666048,0.0,-0.4600000000000364,0.9600000000009459,41.0,0.6104146341463426,3.0,0.32000000000152795,1.4200000000000728,156.0,0.612160256410235,2.0,0.9200000000000728,1.2435000000004948,325.0,0.6110123076922956,-9.0,1.496500000001106
93700747,Sell,2026-06-17 05:49:19,4332.93,4333.610000000001,0.5500000000001819,9.094947017729282e-13,5.0,0.53799999999992,0.0,0.0500000000001819,0.1000000000003638,13.0,0.4923076923076643,-1.0,0.07000000000152795,-0.13999999999941792,19.0,0.5036842105263005,-5.0,0.31999999999970896,-0.4149999999990541,43.0,0.5343488372092992,-15.0,0.16499999999905413,1.265000000001237,127.0,0.5386141732283357,-2.0,-0.8249999999989086,1.4000000000005457,240.0,0.5384333333333264,-9.0,1.0099999999993088
93682742,Buy,2026-06-16 12:06:09,4339.92,4338.775,0.5,0.08499999999912689,5.0,0.45600000000013097,2.0,0.125,0.5499999999992724,11.0,0.481818181818281,6.0,0.15999999999985448,0.45499999999992724,26.0,0.49461538461544197,12.0,0.7549999999991996,0.24499999999898137,56.0,0.48160714285716366,12.0,0.5750000000007276,-0.5249999999996362,134.0,0.47917910447768686,12.0,0.3149999999986903,-0.6650000000008731,242.0,0.4771487603305946,21.0,-0.13500000000021828
93681010,Sell,2026-06-16 10:18:40,4344.69,4345.34,0.4099999999998545,0.0,1.0,0.4099999999998545,0.0,0.0,0.06500000000050932,2.0,0.42499999999972715,1.0,-0.06500000000050932,0.06500000000050932,2.0,0.42499999999972715,1.0,-0.06500000000050932,0.13500000000021828,12.0,0.4733333333333576,3.0,0.0750000000007276,-0.10999999999967258,38.0,0.4439473684210019,-6.0,0.4999999999990905,-0.20499999999992724,61.0,0.4063934426229353,-9.0,0.024999999999636202
93650934,Buy,2026-06-15 13:30:46,4355.08,4357.504999999999,0.6199999999998909,0.839999999999236,11.0,0.6136363636364464,4.0,-0.7300000000022919,1.6999999999989086,26.0,0.5942307692307972,9.0,0.6999999999989086,2.399999999999636,42.0,0.5885714285714563,19.0,0.9599999999991269,1.7599999999993088,86.0,0.5807790697674432,7.0,2.9199999999991633,4.404999999998836,246.0,0.5871991869918589,30.0,0.4149999999990541,3.384999999999309,499.0,0.5877054108216366,7.0,5.404999999997926
93631282,Sell,2026-06-15 05:44:57,4312.83,4313.385,0.6999999999998181,0.08849999999983993,6.0,0.683499999999943,1.0,-0.08849999999983993,-0.49499999999989086,18.0,0.6828333333332416,-5.0,0.4150000000017826,-0.6464999999998327,21.0,0.6777142857141977,-4.0,0.7265000000015789,0.10350000000107684,55.0,0.6549454545453707,4.0,-0.5635000000002037,-1.3850000000002183,166.0,0.6626867469878989,6.0,0.8279999999995198,-2.1849999999994907,343.0,0.6733440233236161,2.0,-0.978000000000975
93609754,Buy,2026-06-12 14:23:16,4184.03,4184.1849999999995,0.5600000000004002,-0.5650000000005093,11.0,0.5354545454544926,-4.0,-0.4250000000010914,-0.5650000000005093,29.0,0.5396551724137179,-2.0,-0.4750000000003638,-0.4000000000005457,42.0,0.5426190476189385,-1.0,-0.43000000000120053,-0.7100000000009459,82.0,0.5390243902438892,-5.0,-0.06999999999970896,-0.6950000000006185,267.0,0.5422247191011147,7.0,0.3849999999993088,-1.0700000000006185,558.0,0.5376989247311682,18.0,-0.06000000000040018
93598278,Sell,2026-06-12 05:17:41,4185.65,4185.17,0.75,0.15499999999974534,5.0,0.7540000000002692,2.0,-0.1750000000001819,-0.35499999999956344,15.0,0.755333333333571,-2.0,0.03499999999985448,-0.3350000000000364,23.0,0.7586956521740633,0.0,-0.2249999999994543,-1.1300000000001091,45.0,0.7588888888889819,0.0,0.4600000000000364,-2.014999999999418,124.0,0.7616451612903259,-9.0,-0.35499999999956344,-2.139999999999418,184.0,0.7541521739130639,-21.0,-1.7200000000011642
93557927,Buy,2026-06-11 06:36:08,4086.19,4085.74,0.5899999999996908,0.11499999999978172,4.0,0.5842499999998836,3.0,-0.11200000000098953,0.3049999999998363,14.0,0.5840714285713732,7.0,-0.31500000000005457,0.26499999999987267,25.0,0.5918800000000011,6.0,0.3049999999998363,1.8449999999998,50.0,0.5922799999999643,19.0,-1.3150000000000546,2.4799999999995634,151.0,0.5905496688741647,20.0,1.8629999999993743,1.144999999999527,267.0,0.5867977528089844,-4.0,3.6850000000004
93510992,Sell,2026-06-10 05:02:18,4177.67,4176.59,0.6700000000000728,-0.019999999999527063,2.0,0.6700000000000728,-1.0,0.019999999999527063,-0.18000000000029104,19.0,0.7084210526316767,0.0,0.13000000000101863,-0.17000000000007276,33.0,0.7157575757576276,1.0,-0.4499999999989086,0.35499999999956344,83.0,0.7151927710843687,12.0,-0.625,2.4200000000000728,187.0,0.6881016042780855,38.0,-0.019999999998617568,2.1149999999997817,289.0,0.6828096885813192,26.0,2.1149999999997817
93474519,Sell,2026-06-09 07:32:19,4326.45,4326.655,0.5799999999999272,0.009999999999308784,2.0,0.5700000000001637,1.0,-0.009999999999308784,0.13000000000010914,14.0,0.5671428571429585,1.0,-0.08000000000083674,0.2650000000003274,18.0,0.5683333333334607,3.0,-0.025000000000545697,-0.6400000000003274,39.0,0.5602564102564429,0.0,1.0299999999997453,-1.7650000000003274,116.0,0.544577586206946,-11.0,0.39499999999952706,-2.994999999999891,217.0,0.5294239631336919,-24.0,-0.005000000001928129
93461391,Buy,2026-06-08 15:18:03,4324.16,4323.87,0.6100000000005821,0.0500000000001819,13.0,0.5592307692307329,0.0,0.3900000000003274,0.7300000000004729,35.0,0.5574285714285777,2.0,-0.020000000001346052,0.6850000000004002,52.0,0.548980769230761,-1.0,0.8450000000002547,0.4149999999999636,86.0,0.5475232558139058,-12.0,0.8350000000000364,0.3350000000000364,213.0,0.5450610328638368,-17.0,0.3749999999990905,-2.0399999999999636,431.0,0.548127610208824,-20.0,2.559999999998581
93443489,Buy,2026-06-08 05:38:58,4279.91,4289.85,0.9299999999993815,0.1915000000008149,13.0,0.8209230769231138,-4.0,-1.2014999999992142,0.2600000000002183,35.0,0.881000000000027,-12.0,0.4470000000019354,1.3400000000001455,60.0,0.8746499999999894,-13.0,-0.5900000000001455,2.350000000000364,117.0,0.8807521367521659,-13.0,0.7800000000006548,5.83350000000064,359.0,0.8795487465181306,0.0,2.9694999999992433,15.614999999999782,699.0,0.8647582260372225,14.0,-3.907999999997628
93411173,Sell,2026-06-05 11:55:49,4470.45,4470.299999999999,0.5299999999997453,0.11999999999898137,6.0,0.5533333333332848,1.0,-0.020000000000436557,-0.19500000000061846,15.0,0.5540000000001479,-2.0,0.4349999999985812,-0.660000000000764,21.0,0.54319047619057,-4.0,0.5999999999994543,-0.18000000000029104,29.0,0.5426551724138272,-2.0,-0.21000000000094587,-1.4000000000005457,93.0,0.5555591397848818,4.0,0.8299999999990177,-1.8500000000003638,190.0,0.548457894736796,6.0,-1.1000000000003638
93404708,Sell,2026-06-05 04:16:51,4442.42,4442.889999999999,0.5700000000006185,0.0,1.0,0.5700000000006185,0.0,0.0,0.0,1.0,0.5700000000006185,0.0,0.0,-0.16500000000087311,6.0,0.5933333333335516,1.0,-0.21500000000014552,0.39499999999861757,26.0,0.5826923076923287,9.0,-0.6049999999995634,1.464999999999236,97.0,0.5727525773195854,24.0,0.29499999999916326,0.569999999999709,176.0,0.5878636363636051,21.0,2.4799999999995634
93377409,Sell,2026-06-04 07:05:50,4469.47,4469.1849999999995,0.5399999999999636,-0.005000000001018634,6.0,0.5549999999996847,-1.0,-0.04500000000007276,0.049999999999272404,18.0,0.5605555555554625,-1.0,0.05999999999949068,0.04500000000007276,25.0,0.5674799999999596,-1.0,0.49499999999898137,-0.125,44.0,0.5544772727273126,-6.0,-0.05500000000029104,-1.375,102.0,0.5327843137254907,-14.0,0.5649999999986903,-1.25,230.0,0.5578000000000073,-3.0,-1.7600000000020373
93376580,Sell,2026-06-04 06:02:48,4472.1,4473.665,0.680000000000291,0.16499999999996362,7.0,0.6642857142857922,2.0,0.034999999998944986,0.25500000000010914,15.0,0.6660000000001673,2.0,0.034999999998944986,0.6700000000000728,26.0,0.6350000000000434,3.0,-0.18000000000029104,0.6300000000001091,62.0,0.6117741935484065,-3.0,1.0699999999987995,0.8299999999999272,164.0,0.5944939024390651,2.0,0.22000000000116415,0.6149999999997817,341.0,0.6039794721407821,7.0,1.0950000000011642
93360769,Sell,2026-06-03 15:19:30,4446.07,4448.531499999999,0.6469999999999345,-0.11350000000129512,7.0,0.6497142857143834,-4.0,-0.013500000000931323,-0.26850000000104046,15.0,0.6479333333333973,-6.0,0.12849999999798456,-0.31850000000122236,30.0,0.64993333333335,-5.0,-0.21850000000085856,-1.248500000000604,80.0,0.6475875000000428,-9.0,1.3484999999991487,-1.8535000000010768,239.0,0.6458786610878995,-29.0,-0.893500000000131,0.5614999999988868,495.0,0.644680808080836,-23.0,-3.8485000000009677
93345132,Sell,2026-06-03 04:31:17,4476.49,4476.46,0.7299999999995634,0.03999999999996362,2.0,0.6999999999998181,1.0,-0.03999999999996362,-0.019999999999527063,5.0,0.7160000000001674,0.0,9.094947017729282e-13,0.019999999999527063,6.0,0.7150000000001455,1.0,-0.03999999999814463,-0.009999999999308784,14.0,0.7221428571429637,-1.0,0.06999999999879947,-0.42999999999938154,50.0,0.7251399999999921,-7.0,-0.1900000000014188,-0.24499999999989086,118.0,0.7012881355932546,-13.0,-0.9949999999998909
93309253,Sell,2026-06-02 13:27:01,4515.09,4514.5650000000005,0.5600000000004002,-0.08999999999923602,5.0,0.5399999999999636,-2.0,-0.11000000000149157,-0.18499999999949068,11.0,0.5336363636363537,-4.0,-0.08500000000094587,0.13500000000021828,20.0,0.5340000000001055,-1.0,-0.4750000000003638,0.24500000000080036,38.0,0.5340000000001295,1.0,-0.4149999999990541,-0.518500000000131,118.0,0.5519152542373361,-15.0,1.4185000000015862,0.7450000000008004,294.0,0.5549625850340619,-9.0,-1.4549999999999272
93277546,Sell,2026-06-01 13:40:02,4472.54,4473.43,0.7300000000004729,0.16500000000087311,12.0,0.7147500000000946,1.0,-0.34500000000116415,0.13000000000101863,31.0,0.6573225806451451,6.0,0.22999999999956344,-0.5849999999991269,50.0,0.6587400000000162,5.0,1.3649999999979627,-1.4499999999989086,104.0,0.6591730769230865,11.0,0.3999999999996362,-3.9249999999992724,288.0,0.6606284722222426,-6.0,-2.055000000000291,-0.6999999999989086,561.0,0.6590766488413664,0.0,-8.960000000000946
93252299,Sell,2026-06-01 08:07:05,4498.93,4498.3585,0.5870000000004438,0.0,1.0,0.5870000000004438,0.0,0.0,-0.0015000000003055902,21.0,0.638809523809782,-2.0,-0.13149999999950523,0.19350000000031287,37.0,0.6400540540542204,2.0,-0.24650000000019645,2.548500000000786,64.0,0.6384062500001448,9.0,-1.8215000000000146,3.0935000000008586,124.0,0.6423306451613151,7.0,1.4934999999986758,2.4335000000000946,244.0,0.6371885245901757,-5.0,3.7535000000016225
93235333,Buy,2026-05-29 18:01:51,4553.24,4552.83,0.930000000000291,0.024999999999636202,3.0,0.9366666666664969,0.0,-0.09499999999934516,-0.014999999999417923,7.0,0.9442857142856675,0.0,0.16499999999905413,-0.03499999999985448,16.0,0.9443749999999795,-1.0,0.3250000000007276,-0.08500000000003638,28.0,0.9450000000000013,1.0,0.25500000000010914,-0.6700000000000728,78.0,0.9543589743589925,-11.0,-0.050000000001091394,-0.05500000000029104,175.0,0.959451428571426,-4.0,-1.0449999999982538
93210316,Sell,2026-05-29 06:09:04,4515.02,4517.9400000000005,0.589999999999236,0.24000000000069122,6.0,0.5516666666664302,1.0,-0.6799999999993815,0.4250000000010914,15.0,0.5400000000000849,4.0,0.2849999999998545,0.4600000000009459,25.0,0.5404000000000088,2.0,0.6200000000008004,0.375,37.0,0.5378378378378035,0.0,0.7050000000017462,0.3649999999997817,88.0,0.5670454545454711,-5.0,-0.6349999999983993,-0.36999999999898137,205.0,0.5727804878048784,-17.0,0.8999999999996362
93199497,Buy,2026-05-28 17:45:24,4508.61,4506.5815,0.7470000000002983,0.25500000000010914,7.0,0.698428571428589,4.0,0.035000000000763976,0.801499999999578,29.0,0.6891379310345342,12.0,-0.19149999999899592,1.6850000000004002,42.0,0.7056190476190577,19.0,-1.3849999999993088,1.5349999999998545,60.0,0.7083666666667493,15.0,1.3350000000009459,1.3700000000008004,136.0,0.7172058823529542,26.0,1.9600000000009459,1.4650000000001455,241.0,0.6917842323651312,52.0,1.6049999999995634
93184362,Sell,2026-05-28 14:04:21,4424.02,4423.285,0.7200000000002547,0.09850000000005821,9.0,0.7482222222221632,0.0,0.1514999999999418,0.09499999999934516,19.0,0.770052631578868,0.0,0.04500000000007276,0.788499999999658,33.0,0.7622727272726368,8.0,-0.5484999999998763,0.8400000000001455,59.0,0.7583220338982277,10.0,0.3500000000003638,1.02350000000024,220.0,0.7783272727272933,8.0,2.4965000000001965,0.8534999999992579,434.0,0.7430138248848027,13.0,0.7294999999994616
93169426,Sell,2026-05-28 04:11:24,4378.3,4379.025,0.9000000000005457,0.10999999999967258,6.0,0.901666666666794,3.0,0.10999999999967258,-0.4750000000003638,19.0,0.8675789473682973,2.0,0.44499999999970896,-0.2750000000005457,29.0,0.866275862068819,4.0,0.2250000000012733,-0.050000000001091394,54.0,0.8827222222221112,1.0,-0.7800000000006548,-0.9985000000006039,175.0,0.8636799999999234,2.0,2.1615000000010696,-2.5600000000004,303.0,0.877429042904263,-14.0,1.2599999999993088
93131167,Sell,2026-05-27 11:50:40,4438.17,4438.26,0.6300000000001091,0.11000000000058208,9.0,0.5755555555553857,2.0,0.09000000000014552,0.14500000000043656,19.0,0.5608947368421133,2.0,0.2750000000014552,-0.2014999999992142,34.0,0.5499117647059393,1.0,0.6414999999997235,0.20349999999962165,64.0,0.5541406250000307,13.0,-0.5764999999992142,-1.0114999999996144,210.0,0.5725666666666777,-2.0,4.671499999999469,-1.4614999999994325,387.0,0.5805684754522041,-21.0,2.1414999999997235
93121138,Sell,2026-05-27 06:21:22,4489.13,4488.73,0.7100000000000364,0.125,9.0,0.7355555555555434,-2.0,-0.3650000000016007,-0.09500000000025466,26.0,0.7174615384616257,-5.0,-0.18500000000040018,-0.47000000000025466,43.0,0.7154418604650769,-8.0,0.22299999999904685,-0.035000000000763976,80.0,0.7198000000000434,-7.0,-0.9350000000004002,-1.3150000000005093,225.0,0.7009333333333698,-13.0,-0.6050000000013824,-0.6085000000002765,426.0,0.7005140845070291,19.0,-1.3914999999997235
93095183,Sell,2026-05-26 12:35:27,4509.03,4507.7935,0.5370000000002619,0.004999999999199645,9.0,0.5702222222221786,-2.0,0.03499999999985448,-0.1665000000002692,21.0,0.5861904761904952,-6.0,0.07650000000012369,-0.301499999999578,34.0,0.5881764705882768,-5.0,0.008499999998093699,-1.5715000000000146,82.0,0.5704268292683327,1.0,0.8485000000000582,-2.6400000000003274,242.0,0.552752066115761,-38.0,-0.4000000000005457,-0.21000000000003638,452.0,0.5411261061947122,-37.0,-5.480000000000473
93091481,Sell,2026-05-26 10:48:28,4535.78,4534.9535,0.6169999999992797,0.0,1.0,0.6169999999992797,0.0,0.0,-0.015000000000327418,11.0,0.6033636363631971,-4.0,0.06499999999959982,0.1584999999995489,20.0,0.5978999999997086,1.0,-0.1584999999995489,0.049999999999272404,42.0,0.5927619047617684,3.0,0.18699999999989814,0.9184999999997672,146.0,0.5700753424656833,-1.0,0.7484999999996944,0.5534999999999854,277.0,0.5781696750902109,0.0,1.3464999999978318
93086094,Sell,2026-05-26 05:40:30,4532.04,4527.28,0.5100000000002183,0.0,0.0,0.5100000000002183,0.0,0.0,0.0,0.0,0.5100000000002183,0.0,0.0,0.0,0.0,0.5100000000002183,0.0,0.0,0.0,0.0,0.5100000000002183,0.0,0.0,0.0,0.0,0.5100000000002183,0.0,0.0,0.0,0.0,0.5100000000002183,0.0,0.0
93070782,Sell,2026-05-25 12:59:41,4568.44,4568.4465,0.5370000000002619,-0.15999999999985448,4.0,0.48525000000017826,-3.0,0.11299999999937427,-0.15999999999985448,4.0,0.48525000000017826,-3.0,0.11299999999937427,0.006499999999505235,11.0,0.5461818181818837,-2.0,-0.6134999999994761,0.1514999999999418,18.0,0.5582777777777765,-1.0,-0.33849999999983993,0.06649999999990541,55.0,0.5752727272726836,-10.0,0.9165000000002692,0.6814999999996871,123.0,0.5772032520325211,-2.0,-0.38850000000002183
93064584,Buy,2026-05-25 06:09:03,4551.65,4552.335,0.5799999999999272,-0.06499999999959982,5.0,0.5800000000001091,-2.0,-0.05500000000120053,-0.1499999999996362,9.0,0.5900000000002465,-2.0,0.020000000000436557,-0.21000000000003638,12.0,0.5875000000001668,-5.0,0.13000000000010914,0.06999999999970896,26.0,0.5814230769231192,-9.0,-0.43000000000029104,-0.5950000000002547,62.0,0.577370967741958,-21.0,-0.6249999999990905,-0.3599999999996726,129.0,0.5843720930232912,-18.0,-1.2500000000009095
93037747,Sell,2026-05-22 12:30:46,4522.59,4522.88,0.6100000000005821,-0.14000000000032742,4.0,0.5724999999999909,-3.0,0.11999999999989086,0.21000000000003638,11.0,0.5727272727272066,2.0,-0.5100000000011278,0.4149999999999636,14.0,0.5778571428570883,3.0,-0.5749999999998181,0.680000000000291,35.0,0.6184857142857644,6.0,0.21000000000094587,-0.13500000000021828,143.0,0.6030699300698826,-7.0,0.15500000000065484,1.269999999999527,333.0,0.6114204204204151,-6.0,-2.230000000000473
93029514,Buy,2026-05-22 05:36:56,4530.06,4531.115,0.7600000000002183,-0.1414999999997235,4.0,0.7567500000000109,-1.0,0.32150000000001455,-0.2265000000006694,18.0,0.7478333333333467,-3.0,-0.2335000000002765,-0.35499999999956344,28.0,0.7482500000000333,-5.0,-0.09500000000116415,-0.06500000000050932,58.0,0.7553103448276332,-4.0,-0.7049999999999272,1.2049999999999272,192.0,0.7448229166666968,4.0,-1.0650000000005093,2.4399999999996,330.0,0.7478030303030292,34.0,-2.8200000000006185
93028917,Sell,2026-05-22 04:41:02,4526.58,4526.305,0.6999999999998181,0.15999999999985448,6.0,0.6750000000000304,3.0,-0.3400000000001455,0.09000000000014552,16.0,0.6735625000000596,3.0,0.38000000000101863,-0.1000000000003638,22.0,0.6798636363637343,3.0,0.6300000000010186,-0.5199999999995271,37.0,0.6781351351351692,0.0,0.7899999999999636,-0.8099999999994907,74.0,0.6673108108108273,3.0,-0.22999999999956344,0.04500000000007276,140.0,0.6619357142857097,6.0,-1.2149999999983265
92991008,Sell,2026-05-21 06:39:49,4528.46,4527.73,0.589999999999236,-0.15350000000034925,4.0,0.5642500000001291,-3.0,0.013499999999112333,-0.1265000000003056,13.0,0.5726153846155564,-4.0,-0.073500000000422,-0.42000000000007276,28.0,0.5785000000000764,-9.0,-0.500000000001819,-0.13500000000021828,45.0,0.5776222222222713,0.0,-0.6650000000008731,-1.2385000000003856,115.0,0.5697652173913609,-8.0,0.9554999999991196,-0.9335000000010041,241.0,0.5750414937759828,-24.0,-1.746499999999287
92943988,Buy,2026-05-20 06:00:09,4471.76,4472.6235,0.7169999999996435,0.4149999999990541,13.0,0.7840000000002104,2.0,-0.6279999999987922,1.7284999999992579,35.0,0.8165428571429532,6.0,-0.6885000000002037,0.6934999999994034,51.0,0.8207843137255729,-4.0,1.1965000000000146,-0.33150000000023283,105.0,0.8223333333333704,-16.0,2.268499999998312,-0.33150000000023283,105.0,0.8223333333333704,-16.0,2.268499999998312,-0.33150000000023283,105.0,0.8223333333333704,-16.0,2.268499999998312
92905766,Sell,2026-05-19 07:09:51,4551.78,4553.495,0.680000000000291,-0.4149999999999636,8.0,0.6362500000002456,-3.0,0.20499999999901775,-0.06499999999959982,22.0,0.5886363636365207,-1.0,-1.075000000001637,0.0999999999994543,33.0,0.5784848484850734,0.0,-0.27999999999974534,0.6249999999990905,69.0,0.5379710144928707,-4.0,-0.6149999999988722,-1.0850000000000364,223.0,0.5675381165920329,-12.0,2.244999999999891,2.119999999999891,437.0,0.5773844393593218,34.0,-4.130000000000109
92901499,Sell,2026-05-19 03:40:39,4551.85,4553.54,0.6700000000000728,-0.11999999999989086,4.0,0.6699999999998454,-1.0,0.07999999999901775,-0.5649999999995998,9.0,0.6255555555556688,-2.0,0.3649999999988722,-0.5399999999999636,10.0,0.6300000000001091,-1.0,0.339999999999236,-0.23000000000047294,26.0,0.6511538461538223,-3.0,-0.8100000000004002,-1.1685000000006767,93.0,0.6374946236558973,-19.0,1.2084999999997308,-1.3850000000002183,201.0,0.6419651741293841,-23.0,-0.4149999999990541
92878258,Sell,2026-05-18 14:35:04,4550.25,4549.84,0.6100000000005821,-0.1999999999998181,14.0,0.5921428571430495,-1.0,-0.09000000000105501,-0.5249999999996362,40.0,0.6010000000001128,-3.0,0.5850000000009459,0.16499999999996362,65.0,0.5804615384616297,-6.0,0.10500000000047294,0.4650000000001455,96.0,0.5762500000000443,-5.0,-2.6149999999997817,3.0950000000002547,300.0,0.573066666666667,16.0,-0.8450000000002547,3.649999999999636,659.0,0.5696965098634258,39.0,5.8400000000019645
92873305,Buy,2026-05-18 13:08:58,4566.67,4565.455,0.4600000000000364,-0.014999999999417923,12.0,0.4716666666668061,1.0,-0.04500000000189175,0.42000000000007276,28.0,0.47321428571441565,7.0,-0.5200000000004366,0.45499999999992724,48.0,0.47437500000006594,9.0,0.375,-1.0,115.0,0.4490782608695593,10.0,2.290000000000873,-1.8100000000004002,305.0,0.47354426229508356,11.0,-0.23999999999887223,-2.524999999999636,571.0,0.4814500875656765,-4.0,-0.5749999999989086
92863125,Buy,2026-05-18 06:44:22,4538.98,4537.9485,0.7470000000002983,0.028500000000349246,2.0,0.7384999999999309,1.0,-0.028500000000349246,0.09850000000005821,10.0,0.7617000000000189,1.0,-0.02149999999892316,0.08350000000064028,13.0,0.7628461538462523,0.0,0.1334999999999127,0.42849999999998545,27.0,0.7575555555555117,4.0,-0.33149999999841384,2.2285000000001673,137.0,0.7470364963503853,-2.0,-1.4714999999987413,1.7935000000006767,328.0,0.7431524390243817,-7.0,1.0634999999992942
92816284,Sell,2026-05-15 11:15:09,4567.8,4567.275,0.6199999999998909,-0.34500000000025466,9.0,0.5744444444444525,-6.0,0.25500000000010914,-0.32999999999992724,15.0,0.585333333333377,-4.0,-0.5599999999994907,0.26999999999952706,30.0,0.5869999999999891,1.0,-0.9299999999993815,0.7600000000002183,70.0,0.5662714285713264,5.0,0.6199999999989814,-0.18000000000029104,161.0,0.5719813664595592,6.0,1.7000000000007276,0.5249999999996362,333.0,0.5679549549548837,18.0,-0.805000000000291
92794484,Sell,2026-05-15 03:52:48,4615.85,4615.5650000000005,0.5399999999999636,0.0,0.0,0.5399999999999636,0.0,0.0,0.0,0.0,0.5399999999999636,0.0,0.0,0.0,0.0,0.5399999999999636,0.0,0.0,0.0,0.0,0.5399999999999636,0.0,0.0,0.0,0.0,0.5399999999999636,0.0,0.0,0.0,0.0,0.5399999999999636,0.0,0.0
92755985,Buy,2026-05-14 11:27:21,4691.09,4691.18,0.6300000000001091,0.1765000000004875,8.0,0.632125000000201,1.0,-0.12650000000121508,0.44499999999970896,15.0,0.6344666666667763,4.0,-0.09199999999873398,0.4350000000004002,18.0,0.6353888888889843,3.0,0.2249999999994543,0.819999999999709,38.0,0.5993157894736932,10.0,-0.020000000000436557,0.9650000000001455,106.0,0.5739056603773827,18.0,0.10499999999956344,1.2100000000009459,221.0,0.5696877828054538,31.0,0.3500000000003638
92749649,Sell,2026-05-14 04:37:00,4709.23,4710.4385,1.0869999999995343,0.06199999999989814,8.0,1.0971250000001191,-1.0,-0.0319999999992433,-0.3264999999992142,16.0,1.0871250000000714,-5.0,0.45049999999901047,-0.4349999999994907,31.0,1.0837419354839444,-6.0,-0.2179999999989377,-0.7579999999998108,65.0,1.0713230769231394,0.0,-0.29800000000068394,-1.4364999999997963,180.0,1.014377777777751,5.0,-1.6035000000010768,0.4400000000005093,380.0,1.0245131578947237,6.0,-2.643000000000029
92708453,Sell,2026-05-13 13:27:45,4692.21,4691.16,0.3899999999994179,0.0,14.0,0.377142857142709,1.0,-0.020000000000436557,-0.14500000000043656,17.0,0.3770588235293497,0.0,0.15500000000065484,-0.03499999999985448,27.0,0.37888888888887273,2.0,0.03499999999985448,0.2600000000002183,64.0,0.39200000000003854,9.0,-0.2899999999990541,-0.5100000000002183,184.0,0.3880326086956529,16.0,0.6499999999996362,-1.8350000000000364,392.0,0.4132397959183436,0.0,0.8949999999995271
92707912,Buy,2026-05-13 13:16:14,4688.92,4689.0650000000005,0.38000000000010914,0.040000000000873115,15.0,0.42466666666665936,1.0,0.15999999999985448,0.15500000000065484,24.0,0.427500000000047,4.0,-0.0749999999989086,0.015000000000327418,35.0,0.42714285714285194,1.0,0.11500000000069122,0.026499999999941792,73.0,0.4232465753425147,-5.0,0.0235000000011496,-0.37999999999919964,196.0,0.41901530612246496,-16.0,0.6200000000008004,0.020000000000436557,354.0,0.419740112994347,-24.0,-0.7599999999983993
92704162,Sell,2026-05-13 10:32:46,4698.28,4698.46,0.5499999999992724,-0.22000000000025466,8.0,0.5199999999999818,-3.0,0.27999999999974534,-0.5799999999999272,16.0,0.5474999999999568,-7.0,0.13999999999941792,-0.5700000000006185,17.0,0.5476470588234994,-6.0,-0.3499999999994543,-0.464999999999236,43.0,0.5411627906977057,-4.0,-0.9050000000015643,-0.48000000000047294,127.0,0.5428346456692954,16.0,-0.36999999999989086,-0.07999999999992724,218.0,0.5483027522935852,37.0,-1.3800000000010186
92699406,Buy,2026-05-13 05:32:18,4696.22,4694.969999999999,0.5500000000001819,0.029999999998835847,5.0,0.5680000000000291,0.0,0.0,-0.3150000000005093,14.0,0.6028571428569843,-7.0,0.30499999999847205,-0.7950000000009823,29.0,0.6099999999998921,-10.0,0.0749999999998181,0.014999999999417923,95.0,0.6100000000000076,-2.0,0.35499999999956344,-2.3950000000004366,246.0,0.6066016260162571,-21.0,1.9149999999990541,-1.3100000000004002,454.0,0.58709471365639,-7.0,-1.950000000001637
92660254,Buy,2026-05-12 10:41:21,4688.79,4689.865,0.5600000000004002,-0.09500000000025466,9.0,0.5244444444447759,-1.0,-0.035000000000763976,1.2899999999999636,25.0,0.5421600000001127,5.0,-1.1500000000005457,1.2100000000000364,39.0,0.54702564102573,5.0,-0.18999999999959982,1.1900000000005093,81.0,0.5444938271605309,1.0,1.2899999999990541,3.209999999999127,205.0,0.5360536585366146,11.0,-0.27000000000043656,2.8299999999999272,438.0,0.5374223744292478,20.0,3.4799999999995634
92649888,Buy,2026-05-12 02:30:04,4722.52,4728.465,0.680000000000291,0.3914999999997235,8.0,0.551124999999729,5.0,0.13150000000132422,1.2000000000007276,27.0,0.6505925925925179,16.0,0.11999999999898137,1.180000000000291,43.0,0.6594418604650263,18.0,-0.040000000000873115,1.3700000000008004,47.0,0.6628936170211981,22.0,0.17000000000007276,1.8099999999994907,80.0,0.6720749999999611,23.0,0.6100000000024011,1.4899999999997817,145.0,0.6802482758620781,24.0,2.8299999999999272
92626347,Sell,2026-05-11 12:38:02,4696.5,4696.59,0.5100000000002183,-0.6149999999997817,13.0,0.5647692307692733,-6.0,-0.28799999999864667,-0.20499999999992724,28.0,0.579392857142888,-5.0,-1.0650000000005093,-0.4899999999997817,38.0,0.5653157894736595,-7.0,0.33699999999953434,-0.2899999999999636,63.0,0.5651111111111089,-4.0,-0.32299999999941065,0.2250000000003638,177.0,0.5660847457627176,-1.0,-0.9349999999994907,-1.3250000000007276,400.0,0.5410500000000001,-1.0,1.4950000000026193
92611594,Buy,2026-05-11 04:03:52,4674.86,4675.0435,0.8770000000004075,0.0,1.0,0.8770000000004075,0.0,0.0,-0.30650000000059663,9.0,0.6818888888890595,-2.0,0.2834999999995489,-0.7749999999996362,21.0,0.6795714285715457,-4.0,0.09199999999873398,0.10850000000027649,59.0,0.6854237288135525,0.0,-1.4515000000010332,0.5285000000003492,188.0,0.6408936170212588,5.0,-0.3915000000015425,-1.406500000000051,331.0,0.6345709969788317,-3.0,4.233499999999367
92561346,Sell,2026-05-08 06:30:27,4732.98,4731.8150000000005,0.5999999999994543,-0.31349999999929423,5.0,0.5633999999998196,-2.0,0.4335000000000946,-0.6999999999989086,17.0,0.5792941176469493,-8.0,-0.1430000000000291,-0.37999999999919964,23.0,0.5846956521737688,-6.0,-1.0599999999994907,-0.7014999999992142,39.0,0.5792820512819955,-10.0,0.041499999999359716,-1.5099999999993088,159.0,0.5724150943395948,-14.0,-1.1899999999995998,-1.0599999999994907,321.0,0.5788286604361175,-18.0,-2.3099999999994907
92535886,Sell,2026-05-07 16:37:09,4716.22,4716.67,0.5499999999992724,-0.24500000000080036,14.0,0.49857142857126746,5.0,0.4150000000026921,-0.24500000000080036,33.0,0.5254545454545223,8.0,-0.29500000000007276,-0.8800000000001091,57.0,0.5377192982456236,6.0,0.33000000000083674,-1.5849999999991269,106.0,0.5420754716980707,-1.0,-0.02500000000145519,-0.2250000000003638,313.0,0.5228977635782469,11.0,-1.4249999999992724,-0.9799999999995634,600.0,0.5311399999999913,32.0,0.5799999999999272
92461110,Buy,2026-05-07 04:56:52,4694.78,4694.67,0.6900000000005093,-0.17000000000007276,3.0,0.6866666666668001,0.0,0.21999999999934516,0.22999999999956344,6.0,0.6883333333333516,1.0,-0.569999999999709,0.22999999999956344,6.0,0.6883333333333516,1.0,-0.569999999999709,-0.010000000000218279,13.0,0.689230769230702,-2.0,0.3099999999994907,-0.27999999999974534,71.0,0.688309859154864,-4.0,0.23999999999887223,-0.7399999999997817,102.0,0.6867352941176071,-5.0,1.0
92408965,Sell,2026-05-06 09:41:15,4699.99,4702.505,0.5799999999999272,0.04500000000007276,5.0,0.6293999999999869,0.0,0.005000000001018634,0.3249999999998181,11.0,0.6255454545455656,0.0,-0.34799999999904685,-0.019999999999527063,19.0,0.6226842105263706,-2.0,0.626999999999498,0.04500000000007276,49.0,0.6342448979591925,0.0,0.30500000000029104,-0.4600000000000364,172.0,0.6333488372093534,-1.0,-9.094947017729282e-13,-2.024999999999636,315.0,0.61462539682544,-11.0,1.5449999999982538
92396538,Sell,2026-05-06 05:30:50,4649.56,4650.05,0.6700000000000728,0.020000000000436557,2.0,0.6700000000000728,1.0,-0.020000000000436557,0.10999999999967258,11.0,0.7027272727273984,2.0,-0.11999999999989086,-0.1999999999998181,21.0,0.7161904761905178,-2.0,0.41999999999916326,-0.1999999999998181,37.0,0.7224324324324206,-2.0,-0.11999999999989086,0.7335000000002765,131.0,0.7029236641221207,2.0,-1.323499999998603,-0.6050000000004729,319.0,0.701313479623819,-10.0,2.3050000000012005
92342438,Sell,2026-05-05 10:41:28,4548.47,4549.3150000000005,0.5199999999995271,-0.3249999999998181,5.0,0.43399999999983263,-2.0,-0.00499999999829015,-0.44499999999970896,15.0,0.42866666666662545,-6.0,-0.20499999999992724,-0.5849999999991269,30.0,0.4549999999998363,-7.0,-0.30500000000029104,-0.7699999999995271,47.0,0.467659574467921,-10.0,-0.36999999999989086,-0.45499999999992724,169.0,0.5010059171596885,4.0,-1.374999999998181,-0.1999999999989086,304.0,0.5135526315788812,11.0,-0.569999999999709
92331897,Sell,2026-05-05 03:17:31,4541.33,4541.885,0.6999999999998181,0.0,0.0,0.6999999999998181,0.0,0.0,-0.11999999999898137,2.0,0.6999999999998181,-1.0,0.11999999999898137,-0.11999999999898137,2.0,0.6999999999998181,-1.0,0.11999999999898137,-0.010000000000218279,7.0,0.699999999999948,0.0,0.010000000000218279,-0.15999999999985448,26.0,0.7003846153846518,-1.0,-0.06000000000130967,-0.1499999999996362,72.0,0.6952916666666751,-7.0,-0.17300000000068394
92319804,Buy,2026-05-04 17:24:33,4527.89,4528.3150000000005,0.5999999999994543,-0.06499999999869033,8.0,0.5750000000000455,1.0,-0.02500000000145519,-0.26999999999952706,26.0,0.6023076923078267,-2.0,0.019999999999527063,-0.35499999999956344,48.0,0.595000000000122,2.0,-0.014999999999417923,0.1750000000001819,98.0,0.5936734693878231,7.0,-0.8749999999990905,0.3600000000005821,284.0,0.5948274647887501,9.0,-1.0400000000008731,-0.29499999999916326,490.0,0.575579591836747,1.0,0.7550000000019281
92286476,Sell,2026-05-04 10:52:28,4564.23,4564.6765,0.7169999999996435,-0.3085000000010041,7.0,0.6767142857141673,-2.0,0.4915000000000873,0.09649999999965075,18.0,0.6536111111110787,5.0,-0.5135000000009313,-0.15850000000045839,27.0,0.6524074074073319,4.0,0.11849999999958527,-0.06350000000020373,60.0,0.6462166666666084,5.0,-0.3335000000006403,-0.10850000000027649,213.0,0.6477746478873181,-8.0,-1.6485000000011496,0.38149999999950523,376.0,0.6506382978723341,1.0,-0.448499999998603
92274667,Buy,2026-05-04 05:18:10,4603.12,4603.195,0.7200000000002547,0.3150000000005093,8.0,0.6912500000000819,1.0,-0.5250000000014552,0.5049999999991996,12.0,0.7041666666667273,3.0,-0.19499999999970896,0.7049999999999272,25.0,0.7080000000000655,4.0,0.5650000000005093,1.0399999999990541,50.0,0.701740000000118,7.0,0.37000000000080036,-0.3985000000002401,93.0,0.6953548387096934,-2.0,2.4784999999983484,2.1149999999997817,206.0,0.6955242718446658,-7.0,-2.2950000000000728
92218142,Sell,2026-05-01 06:16:51,4600.22,4600.83,0.5900000000001455,-0.006499999999505235,2.0,0.5835000000001855,-1.0,0.006499999999505235,0.07999999999992724,7.0,0.5848571428571502,0.0,0.15999999999985448,0.22999999999956344,11.0,0.5858181818182195,4.0,-0.03299999999944703,-0.7114999999994325,27.0,0.5825185185184872,2.0,0.6514999999999418,-0.7049999999999272,91.0,0.5859999999999802,14.0,-1.1650000000008731,-0.4350000000004002,203.0,0.5970246305418446,20.0,-1.1950000000006185
92181621,Buy,2026-04-30 10:58:53,4634.47,4637.975,0.5600000000004002,0.030000000000654836,3.0,0.5900000000001455,2.0,0.0,0.38000000000101863,12.0,0.5766666666667485,3.0,-0.3500000000003638,0.25,17.0,0.6223529411764128,0.0,-0.16999999999825377,0.32999999999992724,40.0,0.6362500000000637,-4.0,0.37999999999919964,2.585000000000946,151.0,0.6638741721854298,15.0,-1.1149999999997817,2.4950000000008004,263.0,0.6673536121673285,2.0,1.4649999999983265
92125361,Sell,2026-04-29 10:38:23,4571.93,4570.715,0.5200000000004366,-0.06500000000050932,2.0,0.525000000000091,-1.0,0.06500000000050932,-0.07999999999992724,5.0,0.5420000000000073,0.0,-0.13999999999941792,-0.15999999999985448,12.0,0.5408333333332394,-1.0,-0.09000000000014552,-0.4750000000003638,38.0,0.5126315789473809,-9.0,-0.004999999999199645,0.13500000000021828,150.0,0.546913333333329,-1.0,-0.8350000000009459,-0.5900000000001455,316.0,0.5515727848101512,-25.0,0.6899999999986903
92117158,Buy,2026-04-29 06:00:38,4593.37,4594.344999999999,0.6199999999998909,0.1999999999989086,8.0,0.6212499999999181,5.0,0.17999999999847205,0.05999999999949068,16.0,0.6193749999999341,1.0,0.33999999999832653,0.05999999999949068,23.0,0.613913043478177,0.0,0.12999999999919964,1.3999999999996362,59.0,0.6050847457626471,10.0,0.47999999999956344,2.7399999999997817,195.0,0.6071487179486819,34.0,0.2999999999992724,1.7949999999991633,376.0,0.6233962765957397,39.0,3.8049999999993815
92099847,Buy,2026-04-28 16:35:59,4582.29,4583.105,0.5399999999999636,-0.11000000000058208,10.0,0.5854000000001178,-5.0,0.11700000000018917,0.6549999999997453,34.0,0.595852941176471,1.0,-0.6050000000004729,1.2034999999996217,55.0,0.5927090909091435,4.0,-0.16350000000056752,1.0834999999997308,72.0,0.5855694444444831,1.0,0.266499999998814,2.0934999999990396,232.0,0.5834698275861941,13.0,0.676500000001397,2.113499999999476,456.0,0.5956951754386018,-2.0,2.3464999999996508
92067522,Buy,2026-04-28 06:04:14,4631.5,4631.3885,0.5869999999995343,-0.025000000000545697,5.0,0.575,-2.0,-0.06499999999959982,-0.019999999999527063,16.0,0.5904999999999063,1.0,-0.48000000000047294,0.38000000000010914,38.0,0.6279999999999171,-1.0,-9.094947017729282e-13,0.9549999999999272,65.0,0.64158461538458,-6.0,-0.24499999999898137,2.019999999999527,204.0,0.6535588235293316,-12.0,-0.5999999999994543,0.7599999999993088,404.0,0.659051980198003,-1.0,3.1800000000012005
92029007,Sell,2026-04-27 08:51:00,4709.01,4711.47,0.43000000000029104,0.0,0.0,0.43000000000029104,0.0,0.0,0.1750000000001819,9.0,0.4311111111110222,4.0,0.08500000000003638,0.015000000000327418,25.0,0.42239999999994327,0.0,0.39499999999952706,0.3150000000005093,53.0,0.42169811320753686,10.0,-0.18499999999949068,0.27000000000043656,140.0,0.41742857142862055,16.0,0.820000000001528,-0.8800000000001091,236.0,0.4098177966102104,5.0,1.3600000000014916
92024986,Buy,2026-04-27 03:37:58,4722.65,4723.365,0.680000000000291,-0.03499999999985448,2.0,0.6750000000001819,-1.0,0.03499999999985448,-0.030000000000654836,7.0,0.6899999999999896,-2.0,-0.010000000000218279,0.02999999999974534,14.0,0.6950000000000988,-3.0,-0.09000000000105501,0.10499999999956344,26.0,0.6996153846153692,-3.0,-0.125,1.444999999999709,86.0,0.7001162790697996,7.0,-1.6350000000002183,1.6899999999995998,140.0,0.6846285714286166,16.0,-0.6800000000012005
91984519,Buy,2026-04-24 13:32:20,4691.77,4691.775,0.5600000000004002,0.06999999999970896,10.0,0.5540000000001782,1.0,-0.010000000000218279,0.12999999999919964,31.0,0.5574193548388482,2.0,0.12999999999919964,0.1999999999998181,50.0,0.5546000000000276,-1.0,0.019999999999527063,-0.555000000000291,99.0,0.5785555555555193,2.0,0.9549999999999272,-0.5200000000004366,326.0,0.5718435582822234,2.0,-1.139999999999418,-1.8649999999997817,644.0,0.5921739130435003,-5.0,1.8249999999989086
91973017,Sell,2026-04-24 08:25:06,4690.11,4691.59,0.6100000000005821,-0.09000000000014552,9.0,0.5788888888890951,0.0,0.06999999999970896,-0.45499999999992724,18.0,0.5783333333334263,-6.0,0.2749999999996362,-0.45499999999992724,34.0,0.5805882352941915,-6.0,-0.2650000000012369,-0.8249999999998181,55.0,0.5800000000000761,-12.0,-0.23499999999967258,-2.014999999999418,127.0,0.577952755905552,-24.0,0.10499999999956344,-1.574999999999818,274.0,0.5739416058394036,-8.0,-2.5150000000003274
91954421,Buy,2026-04-23 17:58:13,4708.33,4705.66,0.47000000000025466,-1.449999999999818,16.0,0.46250000000009095,-9.0,-0.36000000000149157,-0.8150000000005093,39.0,0.47820512820518885,0.0,-1.7250000000003638,-0.9050000000006548,59.0,0.5316949152543126,2.0,-1.0850000000009459,-0.23999999999978172,120.0,0.5378083333333734,14.0,-1.7000000000007276,1.2449999999998909,354.0,0.5943079096045024,29.0,-0.6149999999988722,-1.1599999999998545,694.0,0.6307478386167062,25.0,3.7700000000004366
91919177,Buy,2026-04-23 05:30:37,4698.9,4697.01,0.7100000000000364,-0.6599999999998545,6.0,0.7100000000000364,-3.0,-0.11999999999898137,-0.5,29.0,0.6927586206897542,-6.0,-0.5200000000004366,-0.5200000000004366,49.0,0.6985306122449921,-4.0,-0.5969999999979336,-2.0599999999994907,99.0,0.7105050505051071,-16.0,0.8899999999994179,-6.779999999999745,291.0,0.7052542955326657,0.0,-0.11999999999807187,-9.280000000000655,389.0,0.7051362467866459,-20.0,1.5599999999994907
91873683,Sell,2026-04-22 12:29:56,4755.12,4752.945,0.6199999999998909,0.06999999999970896,6.0,0.6183333333330362,1.0,-0.040000000000873115,-0.8000000000001819,19.0,0.6205263157894239,-4.0,-0.4000000000005457,-0.7800000000006548,30.0,0.6316666666666,-1.0,-1.2399999999997817,-0.6200000000008004,70.0,0.618542857142815,-5.0,0.5300000000006548,-3.231499999999869,234.0,0.6001794871794794,-15.0,-0.7484999999996944,-4.511500000000524,573.0,0.6013141361256527,-60.0,-3.598500000000058
91863976,Sell,2026-04-22 05:22:08,4770.12,4770.51,0.7100000000000364,-0.020000000000436557,4.0,0.709999999999809,-1.0,0.12000000000261934,-0.28000000000065484,13.0,0.7099999999998965,-2.0,-0.2999999999974534,-0.11999999999898137,24.0,0.7047499999999521,-1.0,-0.3600000000005821,-0.6900000000005093,46.0,0.7037391304347496,1.0,0.4930000000003929,0.020000000000436557,147.0,0.7104965986394387,1.0,-1.3400000000001455,0.2849999999998545,304.0,0.7155131578947206,-4.0,0.13500000000203727
91824729,Buy,2026-04-21 14:01:47,4777.82,4778.67,0.6100000000005821,0.06999999999970896,7.0,0.611428571428535,0.0,0.33000000000174623,0.6399999999994179,22.0,0.6113636363634627,1.0,-0.2599999999983993,0.05999999999949068,33.0,0.6112121212120132,-6.0,0.9899999999997817,0.4850000000005821,60.0,0.6105166666666264,-1.0,-0.06500000000050932,0.43150000000059663,199.0,0.615040201005007,-4.0,0.7584999999980937,3.3549999999995634,461.0,0.643735357917562,0.0,-1.4719999999979336
91806444,Buy,2026-04-21 07:42:50,4783.67,4783.8785,0.7669999999998254,0.0,1.0,0.7669999999998254,0.0,0.0,0.025000000000545697,7.0,0.7869999999997422,2.0,0.005000000000109139,-0.010000000000218279,11.0,0.7824545454542947,0.0,0.040000000000873115,-0.1014999999997599,33.0,0.787454545454459,-2.0,-0.02849999999943975,1.321999999999207,87.0,0.8918160919540096,-10.0,-1.3849999999993088,1.5034999999998035,154.0,0.9194090909091437,-7.0,-0.5664999999999054
91797166,Buy,2026-04-21 04:24:24,4791.72,4791.66,0.7100000000000364,0.0,1.0,0.7100000000000364,0.0,0.0,0.030000000000654836,9.0,0.7100000000000364,0.0,0.17000000000007276,-0.6810000000004948,26.0,0.4050000000000252,-5.0,1.0210000000006403,-1.3734999999996944,39.0,0.4075384615384675,-4.0,0.051499999999577994,-1.7800000000006548,50.0,0.47408000000001266,-7.0,0.43000000000029104,-1.8464999999996508,91.0,0.5794395604395534,-6.0,-1.4135000000023865
91776198,Sell,2026-04-20 15:25:31,4804.88,4799.91,0.7899999999999636,0.0,0.0,0.7899999999999636,0.0,0.0,0.0,0.0,0.7899999999999636,0.0,0.0,0.0,0.0,0.7899999999999636,0.0,0.0,0.0,0.0,0.7899999999999636,0.0,0.0,0.0,0.0,0.7899999999999636,0.0,0.0,0.0,0.0,0.7899999999999636,0.0,0.0
91740834,Sell,2026-04-20 05:41:45,4786.71,4790.469999999999,0.7100000000000364,-0.15999999999985448,3.0,0.7099999999997332,-2.0,0.09999999999854481,-0.25,13.0,0.7099999999999664,0.0,-0.11000000000058208,-0.3500000000003638,22.0,0.7099999999999951,-1.0,0.049999999997453415,0.5299999999988358,49.0,0.7099999999999806,8.0,-1.3300000000017462,-1.8500000000003638,115.0,0.7082347826086729,-2.0,1.889999999997599,-2.4400000000005093,238.0,0.7082815126050417,-7.0,-1.360000000002401
91655142,Buy,2026-04-17 10:51:42,4783.65,4783.905,0.6000000000003638,0.019999999999527063,5.0,0.5960000000002765,0.0,-0.10999999999967258,-0.23500000000058208,19.0,0.5963157894737282,-6.0,0.06500000000050932,-0.43000000000029104,31.0,0.5957096774194021,-10.0,0.6200000000008004,-0.35500000000047294,65.0,0.5955999999999991,-16.0,-0.4849999999996726,-2.75,128.0,0.611679687499965,-27.0,2.0100000000002183,-2.573500000000422,170.0,0.6107588235293566,-25.0,-0.8464999999996508
91645065,Sell,2026-04-17 05:14:54,4805.2,4804.976500000001,0.6570000000001528,0.0,0.0,0.6570000000001528,0.0,0.0,0.0,0.0,0.6570000000001528,0.0,0.0,0.0,1.0,0.6570000000001528,0.0,0.0,-0.03499999999985448,6.0,0.6869999999997466,-3.0,-0.014999999999417923,-0.5434999999997672,40.0,0.7191749999999502,-7.0,0.19650000000183354,-0.30349999999998545,134.0,0.7004104477611705,-9.0,-1.316499999998996
91596159,Sell,2026-04-16 12:36:23,4819.54,4818.299999999999,0.7899999999999636,0.00999999999839929,3.0,0.7899999999999636,0.0,0.13000000000101863,0.5499999999992724,10.0,0.7900000000000545,3.0,-0.43000000000029104,0.2899999999990541,20.0,0.7887000000000626,1.0,0.8099999999994907,-0.7700000000004366,46.0,0.7869130434782678,-1.0,1.2899999999972351,-2.3400000000001455,146.0,0.7846506849315019,-19.0,0.7199999999975262,-1.4600000000009459,272.0,0.7861617647058765,3.0,-3.320000000001528
91585973,Buy,2026-04-16 06:43:59,4819.6,4822.530000000001,0.6099999999996726,-0.2849999999998545,8.0,0.6474999999999227,-5.0,0.08500000000094587,-0.6999999999989086,21.0,0.6625714285714172,-14.0,-0.38700000000062573,-0.4349999999994907,32.0,0.6719999999998834,-17.0,-0.9750000000003638,0.18500000000040018,62.0,0.656532258064515,-11.0,-1.284999999998945,3.6500000000005457,211.0,0.6291421800947987,7.0,-3.769999999999527,-0.8249999999989086,385.0,0.6304909090908914,-27.0,6.885000000000218
91531357,Sell,2026-04-15 13:00:14,4815.58,4815.005,0.6399999999994179,0.6500000000005457,5.0,0.6293999999999869,2.0,0.17000000000098225,0.1500000000005457,23.0,0.6133478260867575,4.0,-0.020000000001346052,0.7599999999993088,42.0,0.6112857142855622,5.0,-0.6399999999985084,3.0900000000001455,86.0,0.6190813953487313,17.0,-1.4899999999997817,3.3900000000003274,130.0,0.6212999999999808,13.0,2.8499999999994543,3.3900000000003274,130.0,0.6212999999999808,13.0,2.8499999999994543
91515698,Sell,2026-04-15 06:13:14,4819.15,4820.4349999999995,0.5999999999994543,0.3149999999995998,7.0,0.6057142857142546,2.0,-0.4150000000017826,0.9549999999999272,16.0,0.6268750000000409,3.0,-0.40500000000065484,1.1549999999988358,28.0,0.6511071428571995,9.0,0.3349999999991269,2.469999999999345,55.0,0.6388909090909278,16.0,-0.16000000000167347,3.5,102.0,0.6355686274510024,21.0,1.0099999999983993,2.6700000000000728,166.0,0.6382951807229046,13.0,3.3699999999989814
91488864,Buy,2026-04-14 17:38:32,4834.27,4832.450000000001,0.7899999999999636,-0.13849999999911233,3.0,0.8270000000002256,-2.0,0.05850000000100408,-0.15999999999985448,13.0,0.7909230769231587,-6.0,-0.17299999999886495,-0.31999999999970896,17.0,0.7907058823529951,-8.0,-0.15999999999985448,-0.25,31.0,0.7994838709677894,-9.0,-0.22999999999956344,0.47000000000116415,87.0,0.7636321839080843,-1.0,0.2070000000003347,0.5200000000004366,164.0,0.7592987804878804,-2.0,-0.020000000000436557
91448019,Sell,2026-04-14 12:20:42,4768.7,4767.290000000001,0.7899999999999636,0.0,1.0,0.7899999999999636,0.0,0.0,-0.75,17.0,0.7724705882352175,2.0,0.6700000000018917,-1.128499999998894,32.0,0.7780312499999695,1.0,0.8485000000000582,-1.7684999999992215,55.0,0.7703454545454324,-4.0,-0.8314999999993233,-2.1234999999996944,132.0,0.7647348484848532,-9.0,-1.3734999999996944,-3.149999999999636,302.0,0.7589139072847803,-21.0,-0.7099999999973079
91431248,Buy,2026-04-14 06:44:43,4768.65,4767.48,0.75,0.0749999999998181,5.0,0.743999999999869,2.0,0.034999999998944986,0.10499999999956344,6.0,0.7433333333331879,3.0,0.004999999999199645,0.10499999999956344,6.0,0.7433333333331879,3.0,0.004999999999199645,0.12849999999980355,15.0,0.7135333333335439,4.0,0.13850000000002183,-0.47000000000025466,57.0,0.7347192982457081,-4.0,0.019999999999527063,-1.105000000000473,125.0,0.7484639999999999,-8.0,0.3220000000010259
91397685,Buy,2026-04-13 15:37:59,4713.36,4714.2785,0.7669999999998254,-0.07150000000001455,3.0,0.7823333333332508,-2.0,0.008500000001731678,-0.2914999999993597,10.0,0.7876999999999498,-3.0,-0.3915000000015425,-0.3415000000004511,21.0,0.788761904761876,-6.0,-0.4414999999989959,-0.08150000000023283,39.0,0.7868717948717742,-6.0,-0.6614999999983411,1.5784999999996217,145.0,0.78727586206897,10.0,-0.8214999999981956,1.7985000000007858,295.0,0.7877525423728835,14.0,1.1585000000013679
91356501,Sell,2026-04-13 08:14:05,4734.02,4735.725,0.7799999999997453,0.0,1.0,0.7799999999997453,0.0,0.0,0.1665000000002692,7.0,0.751714285714505,-2.0,0.13649999999961437,0.32150000000001455,14.0,0.7469285714287253,-1.0,0.011500000000523869,0.2515000000003056,24.0,0.7313750000001088,-5.0,0.028500000000349246,1.39850000000024,72.0,0.6513194444445263,2.0,0.27450000000044383,1.9400000000005093,146.0,0.64165753424663,-2.0,-0.19000000000050932
91352434,Buy,2026-04-13 06:00:33,4728.93,4725.219999999999,0.7100000000000364,0.11499999999978172,6.0,0.7150000000001455,3.0,0.06500000000050932,0.9999999999990905,20.0,0.6835000000000491,5.0,-0.17000000000098225,1.0799999999999272,27.0,0.684814814814874,8.0,1.249999999998181,1.014999999999418,50.0,0.6824000000000524,7.0,1.1149999999979627,-3.0600000000013097,226.0,0.6317477876106903,-17.0,3.280000000000655,-4.260000000000218,254.0,0.6303503937008605,-25.0,2.9499999999989086
91276550,Buy,2026-04-10 11:42:46,4761.93,4762.09,0.7899999999999636,0.08150000000023283,3.0,0.7890000000000631,2.0,0.07849999999962165,0.12000000000080036,11.0,0.7586363636363868,6.0,0.13299999999981083,0.10150000000066939,15.0,0.7645999999999428,6.0,-0.481500000001688,0.12150000000019645,30.0,0.7732666666666773,5.0,0.08150000000114233,0.3899999999994179,64.0,0.7791718749999887,5.0,-0.18999999999869033,0.9014999999999418,129.0,0.7875736434108297,14.0,-0.08150000000023283
91267485,Buy,2026-04-10 05:30:33,4760.62,4761.360000000001,0.7100000000000364,-0.27999999999883585,6.0,0.7100000000000364,1.0,-0.4000000000014552,-0.6999999999989086,14.0,0.7100000000000364,-5.0,-0.039999999999054126,-0.22999999999956344,22.0,0.7100000000000364,-5.0,-0.6300000000010186,0.15999999999985448,40.0,0.7091750000000048,3.0,-0.41999999999825377,0.3600000000005821,150.0,0.7210866666666759,5.0,1.4400000000023283,0.6900000000005093,225.0,0.718106666666669,-2.0,-1.319999999999709
91267065,Buy,2026-04-10 05:14:46,4760.4,4759.93,0.7100000000000364,0.0,1.0,0.7100000000000364,0.0,0.0,0.6700000000000728,6.0,0.70616666666668,3.0,-0.6499999999996362,0.7399999999997817,8.0,0.7071250000000191,3.0,-0.6599999999980355,0.7399999999997817,11.0,0.7079090909091147,4.0,0.6000000000003638,0.32999999999992724,38.0,0.709394736842138,1.0,0.3900000000012369,-0.1499999999996362,80.0,0.7081750000000284,3.0,0.5900000000019645
91227583,Buy,2026-04-09 13:53:03,4762.11,4761.32,0.7899999999999636,0.5499999999992724,7.0,0.7748571428570098,4.0,-0.11000000000058208,0.6000000000003638,18.0,0.7833888888888699,3.0,0.47999999999774445,0.12999999999919964,30.0,0.7860333333333074,1.0,0.6700000000000728,-0.050000000001091394,66.0,0.7880000000000109,5.0,0.21000000000094587,1.2785000000003492,219.0,0.78418264840183,11.0,-1.8185000000012224,-0.9500000000007276,430.0,0.7818953488372202,4.0,3.3699999999989814
91206718,Buy,2026-04-09 08:06:30,4720.48,4719.9400000000005,0.7899999999999636,0.0,1.0,0.7899999999999636,0.0,0.0,-0.014999999999417923,6.0,0.8339999999999842,-1.0,-0.16500000000087311,-0.09000000000014552,9.0,0.8802222222222755,-2.0,0.21000000000276486,-0.6000000000003638,20.0,0.8243000000000393,-7.0,0.32000000000152795,-0.8764999999993961,67.0,0.7934776119403191,-12.0,0.1764999999986685,-0.8500000000003638,158.0,0.7847025316455765,-19.0,-0.5299999999970169
91202282,Sell,2026-04-09 06:07:52,4722.92,4725.3465,0.7770000000000437,0.0,1.0,0.7770000000000437,0.0,0.0,0.32999999999992724,12.0,0.7878333333333103,9.0,0.2430000000003929,0.3649999999997817,24.0,0.7835833333332781,11.0,0.29500000000007276,0.5465000000003783,46.0,0.7831521739130158,17.0,0.2664999999979045,1.5564999999987776,131.0,0.7853740458014921,26.0,-0.753499999998894,2.646499999998923,258.0,0.7870232558139452,35.0,0.7265000000006694
91200522,Buy,2026-04-09 05:36:36,4716.78,4718.76,0.7899999999999636,-0.06999999999970896,3.0,0.7899999999999636,-2.0,0.00999999999839929,-0.2600000000002183,6.0,0.7900000000001152,-5.0,0.12000000000080036,-0.2899999999990541,11.0,0.7900000000001289,-6.0,-0.23000000000138243,0.2000000000007276,19.0,0.7900000000001072,-2.0,-0.7000000000007276,1.5599999999994907,70.0,0.7854857142857716,5.0,-0.8799999999991996,1.3099999999994907,149.0,0.7866308724832434,-4.0,1.890000000001237
91162669,Buy,2026-04-08 15:32:24,4754.91,4752.5585,0.6669999999994616,0.05500000000029104,2.0,0.6319999999996071,1.0,-0.05500000000029104,0.42999999999938154,15.0,0.6676666666665673,0.0,-0.41999999999916326,0.25,33.0,0.6997878787877915,-4.0,0.7700000000004366,-0.6614999999992506,71.0,0.7306056338027983,-14.0,1.3385000000007494,0.025000000000545697,234.0,0.7172820512820592,-43.0,1.9749999999994543,0.5450000000000728,439.0,0.7345876993166399,-65.0,-0.6049999999995634
91124606,Buy,2026-04-08 05:51:27,4832.95,4834.49,0.7100000000000364,-0.020000000000436557,2.0,0.7100000000000364,-1.0,0.020000000000436557,0.37999999999919964,8.0,0.7100000000000364,3.0,-0.33999999999832653,0.4899999999997817,11.0,0.7099999999999537,4.0,-0.250000000001819,0.5900000000001455,35.0,0.7037428571428401,5.0,0.7769999999982247,1.430000000000291,152.0,0.7000657894736414,18.0,-0.31300000000192085,2.1599999999998545,319.0,0.6983448275861953,29.0,0.9799999999995634
91045329,Buy,2026-04-07 13:21:19,4652.83,4652.8015,0.9669999999996435,-0.5600000000004002,10.0,0.9711999999999534,-5.0,-0.2570000000005166,-0.36850000000049477,23.0,0.9697391304347469,-2.0,-0.7515000000003056,-0.39500000000043656,33.0,0.9701818181818067,0.0,-1.1219999999993888,0.14499999999952706,71.0,0.9750281690140825,6.0,-0.9220000000013897,0.010000000000218279,209.0,0.9655789473683842,12.0,0.019999999998617568,1.087999999999738,451.0,0.9245942350332296,42.0,-1.5980000000017753
91024794,Sell,2026-04-07 08:02:14,4657.11,4649.788500000001,0.98700000000008,0.38000000000101863,10.0,0.9719000000000051,3.0,0.4500000000007276,0.22700000000077125,35.0,0.9594285714285954,2.0,0.6070000000017899,0.43000000000029104,63.0,0.9412380952381205,-6.0,0.6500000000014552,-0.1999999999998181,129.0,0.9332325581395186,-9.0,-0.28999999999814463,1.3900000000003274,319.0,0.9288495297805668,-14.0,-1.8929999999991196,3.798500000000786,455.0,0.9397670329670451,4.0,0.5315000000009604
91022147,Buy,2026-04-07 06:04:07,4642.04,4641.6235,0.9369999999998981,0.3349999999991269,10.0,0.9351999999998043,1.0,-1.0280000000002474,0.36999999999898137,26.0,0.9538846153845603,-3.0,0.3070000000006985,-0.00650000000041473,36.0,0.9583055555555499,-5.0,0.41349999999965803,-0.731499999999869,62.0,0.9328548387096846,-17.0,1.3984999999993306,-0.9400000000005093,192.0,0.9262916666667044,-23.0,-3.3330000000005384,0.5149999999994179,378.0,0.8950185185185691,-47.0,-2.595000000001164
90970712,Sell,2026-04-06 12:20:14,4668.5,4670.85,0.8699999999998909,0.040000000000873115,4.0,0.8724999999999454,1.0,-0.09999999999854481,-0.694999999999709,20.0,0.8498999999999797,3.0,1.5349999999998545,-1.6899999999995998,32.0,0.8403750000000514,-1.0,0.5030000000015207,-1.5599999999994907,65.0,0.8482923076923935,2.0,-1.8700000000008004,-1.2999999999992724,138.0,0.8585579710145503,-1.0,-2.9470000000001164,-2.0499999999992724,207.0,0.8606956521739383,-10.0,-0.2900000000008731
90967915,Sell,2026-04-06 10:38:30,4690.94,4691.4,0.7899999999999636,0.0,0.0,0.7899999999999636,0.0,0.0,-0.010000000000218279,6.0,0.7899999999999636,1.0,0.17000000000007276,-0.2000000000007276,14.0,0.7914285714285663,-1.0,0.7000000000007276,-0.19499999999970896,25.0,0.7920000000000073,-4.0,0.1349999999983993,0.4984999999996944,77.0,0.7866363636364098,-12.0,-0.23850000000129512,1.7964999999994689,120.0,0.7915083333333541,-7.0,-2.0765000000019427
90964953,Sell,2026-04-06 06:32:16,4658.67,4658.7265,0.6170000000001892,-0.16499999999996362,3.0,0.6670000000000679,0.0,0.1849999999985812,-0.805000000000291,11.0,0.6551818181818486,-2.0,0.29500000000007276,-0.7250000000003638,18.0,0.6447777777777143,-1.0,-0.9050000000006548,-1.230000000000473,39.0,0.6416153846153182,-6.0,-0.21000000000003638,0.1750000000001819,113.0,0.6587964601770431,6.0,-2.2050000000008367,1.5850000000000364,245.0,0.6706693877551219,23.0,-1.0050000000001091
90928037,Sell,2026-04-02 18:05:43,4658.23,4656.9735,0.9770000000007713,0.04349999999976717,6.0,0.9308333333334909,-1.0,0.04650000000037835,0.16500000000087311,14.0,0.9329285714284846,-1.0,0.03499999999985448,0.07999999999992724,31.0,0.9395161290322874,-4.0,0.2000000000007276,-0.43000000000029104,74.0,0.954027027027051,-13.0,0.2570000000014261,2.280000000000655,269.0,0.9328178438661875,18.0,-4.730000000001382,5.513500000000022,426.0,0.9312582159624314,61.0,-4.083499999999731
90927563,Sell,2026-04-02 17:40:31,4656.39,4656.96,0.9899999999997817,0.141500000000633,14.0,0.9400714285714328,3.0,-0.0985000000009677,0.6500000000005457,34.0,0.9508823529411743,8.0,-0.5700000000006185,0.930000000000291,52.0,0.94755769230766,10.0,1.033000000001266,0.4849999999996726,84.0,0.9500238095237515,10.0,0.7820000000001528,3.300000000000182,250.0,0.9455119999999806,37.0,-1.2200000000002547,3.5399999999999636,459.0,0.9477102396514118,54.0,0.8670000000010987
90900649,Sell,2026-04-02 11:51:54,4609.23,4608.135,1.094000000000051,0.18499999999949068,5.0,0.9256000000001222,4.0,0.11499999999978172,0.030000000000654836,22.0,0.8120454545455273,-1.0,0.3599999999987631,-0.9414999999999054,36.0,0.7863611111111418,-1.0,1.10149999999976,-2.0450000000000728,56.0,0.7737500000000475,-7.0,1.1149999999997817,-1.8024999999997817,182.0,0.7031043956044264,9.0,-5.254500000000917,0.7649999999994179,308.0,0.712094155844173,23.0,-7.014999999999418
90783770,Sell,2026-04-01 10:01:41,4722.02,4720.030000000001,0.7899999999999636,0.0,1.0,0.7899999999999636,0.0,0.0,-0.1499999999996362,8.0,0.7821249999999509,-3.0,-0.08999999999832653,-0.049999999999272404,21.0,0.7704285714285756,-4.0,-0.25,-0.11999999999898137,39.0,0.7793846153846085,-4.0,0.06000000000130967,-1.9499999999989086,111.0,0.7821801801801812,-10.0,0.3099999999994907,-4.329999999999927,227.0,0.7608325991189661,-24.0,-0.036999999998442945
90765592,Sell,2026-04-01 04:08:40,4676.78,4679.36,0.9099999999998545,0.0,0.0,0.9099999999998545,0.0,0.0,0.0,1.0,0.9099999999998545,0.0,0.0,0.08999999999923602,2.0,0.9100000000003092,1.0,-0.08999999999923602,0.02999999999974534,5.0,0.9068000000001121,0.0,-0.13700000000153523,0.30649999999968713,32.0,0.8348125000000834,1.0,-0.44350000000031287,-0.4385000000002037,83.0,0.8583734939759023,-4.0,1.058499999999185
90724112,Buy,2026-03-31 17:13:28,4640.88,4640.620000000001,0.7899999999999636,0.19000000000050932,9.0,0.7899999999999636,0.0,-0.010000000000218279,1.180000000000291,26.0,0.7899999999999636,9.0,-0.7999999999992724,-0.3899999999994179,45.0,0.787199999999959,4.0,2.7700000000004366,-1.2899999999990541,91.0,0.7839560439560356,-2.0,-0.249999999998181,-1.71349999999984,251.0,0.7859362549800633,-8.0,-2.466499999996813,-2.959999999999127,492.0,0.7883780487804796,7.0,0.3600000000005821
90689174,Buy,2026-03-31 12:00:37,4582.99,4583.4365,0.6970000000001164,-0.19349999999940337,6.0,0.7740000000000388,-3.0,0.026499999998122803,1.2965000000003783,16.0,0.7846250000000055,3.0,-1.5635000000002037,2.0164999999997235,28.0,0.7863571428571439,7.0,0.07650000000103319,1.4364999999997963,52.0,0.7863653846153773,1.0,2.2364999999990687,-0.7020000000002256,203.0,0.7693152709359485,-6.0,2.2719999999999345,0.9380000000001019,289.0,0.7582941176470491,14.0,2.734999999998763
90670870,Buy,2026-03-31 05:16:35,4555.83,4556.87,0.9099999999998545,0.5815000000002328,5.0,0.7961999999997715,4.0,0.2014999999992142,0.33149999999932334,15.0,0.8458000000001145,-4.0,0.8085000000000946,-0.10999999999967258,28.0,0.8572142857144627,-13.0,0.8900000000003274,1.031500000000051,44.0,0.8294545454546509,-15.0,-0.8315000000011423,1.3699999999998909,135.0,0.8576444444444793,-24.0,-0.26999999999952706,3.149999999999636,227.0,0.8500837004405769,-29.0,-1.9099999999998545
90468624,Sell,2026-03-30 11:52:48,4578.01,4574.504999999999,0.8000000000001819,0.03499999999985448,7.0,0.7942857142857714,-4.0,0.3149999999986903,-0.20499999999992724,16.0,0.7937500000000455,-7.0,0.20499999999992724,-0.6400000000012369,27.0,0.7933333333333698,-6.0,1.179999999998472,-1.5350000000016735,56.0,0.7937500000000293,-15.0,0.16499999999905413,-3.3650000000016007,151.0,0.7926158940397197,-24.0,-2.014999999999418,-5.365000000001601,318.0,0.7910817610062931,-53.0,-1.305000000000291
90450144,Buy,2026-03-30 11:14:39,4540.05,4539.33,0.7899999999999636,-0.13149999999950523,4.0,0.769249999999829,-1.0,-0.08850000000165892,-0.2999999999992724,7.0,0.7781428571427439,0.0,0.037000000000261934,0.21849999999994907,11.0,0.7767272727272608,4.0,-0.9185000000006767,-0.07999999999992724,33.0,0.7704545454545234,8.0,-0.396999999999025,-0.32999999999992724,106.0,0.7875566037735913,13.0,0.1499999999996362,2.3400000000001455,217.0,0.7855576036866417,58.0,-3.2600000000020373
90446737,Sell,2026-03-30 07:30:21,4525.59,4525.389999999999,0.7899999999999636,0.43000000000029104,8.0,0.7900000000000773,5.0,0.6899999999986903,0.3899999999994179,13.0,0.7900000000001035,4.0,0.4099999999998545,0.43000000000029104,22.0,0.7900000000000463,7.0,0.48999999999796273,0.6199999999989814,45.0,0.7877111111111137,14.0,0.2000000000007276,3.2399999999997817,115.0,0.8041043478260927,18.0,-1.9400000000005093,1.889999999999418,228.0,0.7959385964912328,4.0,4.649999999997817
90383944,Buy,2026-03-27 15:23:51,4457.82,4554.65,0.9900000000006912,0.23499999999967258,13.0,0.9972307692306948,-4.0,-0.025000000000545697,2.841500000000451,38.0,0.9748157894736754,3.0,-0.2985000000007858,3.5299999999997453,65.0,0.980138461538445,2.0,3.4199999999991633,8.909999999999854,130.0,1.00786153846151,9.0,-1.8500000000003638,12.228499999999258,361.0,0.881878116343463,36.0,15.368499999998676,11.979999999999563,667.0,0.8934767616191776,57.0,12.877000000000407
90367910,Buy,2026-03-27 08:43:56,4447.18,4437.75,0.7900000000008731,-0.06999999999970896,2.0,0.7900000000004184,-1.0,0.06999999999970896,-0.030000000000654836,5.0,0.7900000000003274,0.0,0.030000000000654836,0.020000000000436557,9.0,0.7900000000002668,0.0,-0.08000000000174623,0.4099999999998545,18.0,0.7865000000001601,3.0,-0.36999999999898137,0.3600000000005821,49.0,0.7889183673469976,4.0,0.4599999999991269,-1.1535000000003492,136.0,0.7989926470588538,-3.0,2.4935000000004948
90303019,Buy,2026-03-26 11:49:34,4436.97,4426.4,0.9900000000006912,-0.535000000000764,7.0,0.9995714285713413,-4.0,-0.4149999999999636,-0.9549999999999272,25.0,0.9970799999999145,-6.0,0.19499999999970896,-0.8650000000006912,40.0,0.9945999999999913,-5.0,-0.4749999999994543,-0.6400000000003274,72.0,0.9951527777777756,1.0,-1.160000000000764,-5.545000000000073,239.0,0.9890753138075433,-28.0,2.871999999999389,-6.079999999999927,442.0,0.9848552036199147,-13.0,-2.4400000000005093
90297337,Buy,2026-03-26 08:48:11,4454.88,4427.63,0.9899999999997817,0.14000000000032742,8.0,1.1084999999998217,3.0,-0.11999999999989086,0.30649999999968713,23.0,1.046826086956413,2.0,-0.2864999999992506,-0.21000000000003638,37.0,1.0413783783783033,0.0,1.300000000000182,-2.1400000000003274,72.0,1.015444444444395,-17.0,1.5700000000006185,-3.8400000000001455,227.0,0.9789559471365236,-14.0,2.673000000000684,-0.9234999999998763,454.0,0.9878259911894172,-5.0,-6.756500000000415
90194077,Buy,2026-03-25 09:38:04,4562.31,4554.58,0.6100000000005821,-0.19000000000050932,6.0,0.6100000000001273,-3.0,0.250000000001819,-0.5249999999996362,12.0,0.6150000000001606,-3.0,0.14499999999861757,-0.6300000000001091,22.0,0.6300000000001091,-5.0,-0.4499999999998181,-1.2534999999998035,60.0,0.6307000000000547,-15.0,0.8135000000011132,-4.4350000000004,185.0,0.6328054054054076,-58.0,1.5050000000001091,-4.005000000000109,308.0,0.6400941558441392,-47.0,0.034999999998944986
90192607,Sell,2026-03-25 09:00:18,4538.29,4555.450000000001,0.6099999999996726,0.0,1.0,0.6099999999996726,0.0,0.0,-2.0749999999989086,12.0,0.6122499999999794,-7.0,-0.5349999999980355,-2.0049999999991996,13.0,0.6128461538461264,-6.0,-0.6749999999992724,-1.8499999999985448,32.0,0.6126249999999231,-7.0,-2.2400000000016007,-0.8699999999989814,63.0,0.6132380952380089,0.0,-2.8299999999981083,-0.8699999999989814,63.0,0.6132380952380089,0.0,-2.8299999999981083
90188256,Buy,2026-03-25 06:35:47,4554.47,4553.25,0.9899999999997817,-0.03999999999996362,3.0,0.9889999999998812,-2.0,0.03699999999935244,-0.16150000000016007,12.0,0.9759999999999612,-1.0,0.1414999999997235,-0.22999999999956344,16.0,0.9747500000000286,-3.0,0.5570000000006985,-0.27000000000043656,27.0,0.9671111111111814,-4.0,-0.02299999999922875,-0.2235000000000582,97.0,0.9651443298969415,-6.0,-0.49649999999928696,-0.9700000000002547,255.0,0.9389019607843425,-20.0,0.5070000000005166
90081363,Buy,2026-03-24 14:11:15,4373.05,4403.3065,0.7770000000000437,-0.4250000000001819,14.0,0.8496428571431481,-3.0,0.4849999999996726,-0.8200000000006185,41.0,0.8456341463415811,-6.0,-0.17999999999938154,-0.5985000000000582,71.0,0.8541267605635088,-12.0,-0.9585000000006403,-1.340000000001055,134.0,0.9083208955224231,-27.0,-0.3170000000000073,0.10499999999956344,389.0,0.999640102827786,-19.0,-1.8250000000007276,5.9780000000000655,740.0,1.0476121621621846,1.0,-5.708000000001448
90080406,Buy,2026-03-24 13:58:26,4379.38,4372.791499999999,1.126999999999498,-0.9150000000008731,13.0,1.1118461538462026,-5.0,0.2849999999998545,-1.3850000000002183,42.0,1.083880952381064,-10.0,-0.9349999999994907,-1.480000000000473,69.0,1.0832028985507904,-11.0,-0.6370000000015352,-3.2550000000010186,141.0,1.0809148936170574,-19.0,0.8850000000002183,-6.275000000000546,409.0,1.0554254278728603,-41.0,3.6949999999987995,-8.415000000000873,846.0,1.0430768321513113,-85.0,-4.514999999999418
90054432,Sell,2026-03-24 10:52:17,4414.38,4438.9235,0.9570000000003347,0.0,0.0,0.9570000000003347,0.0,0.0,0.0,0.0,0.9570000000003347,0.0,0.0,0.0,0.0,0.9570000000003347,0.0,0.0,0.0,0.0,0.9570000000003347,0.0,0.0,0.0,0.0,0.9570000000003347,0.0,0.0,0.0,0.0,0.9570000000003347,0.0,0.0
90052400,Buy,2026-03-24 09:47:16,4406.14,4416.673500000001,0.9769999999998618,0.02200000000084401,2.0,0.9320000000002437,1.0,-0.02200000000084401,0.02200000000084401,2.0,0.9320000000002437,1.0,-0.02200000000084401,0.16350000000056752,4.0,0.9610000000002401,1.0,-0.1194999999988795,0.10500000000138243,29.0,0.9615517241381895,2.0,0.2250000000003638,1.4720000000006621,157.0,0.9539235668789785,10.0,-0.3849999999993088,-2.366499999999178,405.0,0.9458716049382929,-30.0,4.183500000000095
89797106,Sell,2026-03-23 14:23:44,4428.76,4494.305,0.7799999999997453,-1.485000000000582,14.0,0.7919285714286032,1.0,0.8120000000017171,-2.744999999999891,40.0,0.7818500000000312,-3.0,-0.8149999999995998,-4.779999999999745,67.0,0.7958805970149196,-16.0,0.8699999999998909,-6.1899999999996,134.0,0.7905223880596766,-15.0,-3.369999999999891,-2.414999999999054,389.0,0.7818303341902444,-4.0,-10.605000000001382,2.8099999999994907,755.0,0.7552794701986766,4.0,-9.115999999999985
89770716,Buy,2026-03-23 08:06:57,4150.69,4235.5135,0.7970000000004802,-2.269999999999527,12.0,1.2032500000001012,-1.0,2.666999999998552,-2.1580000000003565,31.0,1.0380000000000256,4.0,-2.1249999999990905,-2.2200000000002547,52.0,0.9701346153846876,5.0,-2.2030000000004293,-1.9600000000000364,110.0,0.9690636363636507,5.0,-2.4300000000012005,5.618499999999585,376.0,1.0623404255319113,28.0,-9.311500000000706,15.61200000000008,806.0,1.041937965260542,97.0,-4.525000000000546
89517529,Sell,2026-03-23 06:13:59,4375.13,4275.035,0.819999999999709,-0.6665000000002692,13.0,0.8066923076924538,-8.0,0.7364999999999782,-1.7600000000002183,32.0,0.7845937500000559,-7.0,0.3400000000001455,-2.449999999999818,47.0,0.7816382978723808,-12.0,-0.8800000000019281,-3.7049999999999272,99.0,0.7830707070707289,-25.0,-2.194999999999709,-0.19650000000001455,316.0,0.7957658227848058,-57.0,-9.423500000000786,0.7849999999998545,626.0,0.8031805111821074,-75.0,-0.8280000000013388
88577933,Sell,2026-03-18 14:30:56,4858.4,4859.299999999999,0.7899999999999636,-0.030000000000654836,9.0,0.7899999999999636,0.0,-0.19000000000050932,-0.6700000000000728,24.0,0.7875416666666221,-9.0,0.08999999999832653,-1.5200000000004366,38.0,0.7772105263157802,-13.0,0.020000000000436557,-0.8600000000005821,84.0,0.7720238095237706,-9.0,-1.2800000000024738,-3.723500000000058,268.0,0.7590634328358212,-11.0,2.8434999999990396,-2.6885000000002037,549.0,0.7605209471766928,-2.0,-5.131499999999505
88511817,Buy,2026-03-18 10:31:31,4992.63,4983.2,0.6700000000000728,-0.11999999999989086,6.0,0.6699999999999212,-1.0,0.0999999999994543,-0.1500000000005457,10.0,0.6699999999998909,-1.0,0.13000000000010914,1.0,19.0,0.6696842105263242,2.0,-1.3000000000010914,0.8899999999994179,24.0,0.6697500000000218,5.0,-1.2270000000007713,-0.7285000000001673,95.0,0.6658631578947327,-3.0,0.6485000000002401,-0.6500000000005457,254.0,0.6835314960629714,-18.0,-2.990000000000691
88335699,Buy,2026-03-17 14:10:39,5012.85,5017.6,0.6300000000001091,0.17150000000037835,4.0,0.6092500000002019,3.0,-0.13149999999950523,0.3000000000010914,20.0,0.623200000000088,-1.0,-0.2600000000002183,0.8065000000005966,37.0,0.6253513513514475,2.0,-0.24649999999928696,0.6499999999996362,65.0,0.625430769230829,-2.0,0.7900000000026921,-1.0,188.0,0.6231542553191792,-17.0,1.7730000000010477,-0.38849999999911233,397.0,0.6284206549118736,-18.0,-0.5314999999991414
88320644,Buy,2026-03-17 09:20:44,5027.35,5014.139999999999,0.6300000000001091,-0.030000000000654836,5.0,0.6300000000001091,-2.0,0.06999999999788997,0.010000000000218279,8.0,0.6300000000001091,-1.0,-0.010000000000218279,0.10999999999876309,10.0,0.6300000000001091,-1.0,-0.17000000000007276,-0.5500000000010914,19.0,0.6300000000000613,-2.0,0.7699999999986176,-0.8200000000006185,89.0,0.6370561797752743,-12.0,0.16000000000076398,-0.6850000000013097,144.0,0.6358888888889093,-5.0,1.3250000000007276
88172039,Sell,2026-03-16 12:42:45,5018.75,5022.4,0.6300000000001091,-0.030000000000654836,2.0,0.6300000000001091,-1.0,0.030000000000654836,-0.030000000000654836,2.0,0.6300000000001091,-1.0,0.030000000000654836,-0.12000000000080036,7.0,0.6299999999999792,-4.0,-0.1000000000003638,-0.010000000000218279,25.0,0.6212400000000707,0.0,0.19000000000050932,0.8500000000003638,87.0,0.6274827586206727,-2.0,-1.570000000001528,2.1700000000000728,179.0,0.6282569832402265,6.0,-0.27000000000225555
88163179,Sell,2026-03-16 12:10:40,5002.98,5000.049999999999,0.6300000000001091,-0.1400000000012369,3.0,0.6300000000001091,-2.0,0.07999999999992724,-0.6435000000010405,12.0,0.6225833333331442,-3.0,0.7434999999995853,-0.7100000000009459,15.0,0.6240666666664765,-4.0,0.749999999998181,-0.8299999999999272,29.0,0.6205172413791812,-6.0,-0.5900000000019645,0.06999999999970896,111.0,0.6255765765765302,6.0,-0.09000000000014552,0.733499999999367,231.0,0.622796536796517,6.0,0.8864999999996144
88154082,Sell,2026-03-16 09:07:53,4996.64,4983.85,0.6300000000001091,0.09000000000014552,2.0,0.6300000000001091,1.0,-0.09000000000014552,-0.2899999999990541,11.0,0.6260909090910487,-2.0,-0.07000000000152795,-0.029999999998835847,14.0,0.6269285714287045,1.0,-0.43000000000029104,0.3600000000005821,24.0,0.6282083333334185,5.0,-0.8800000000010186,1.0400000000008731,78.0,0.6247564102564539,9.0,-0.5800000000017462,-0.7714999999989232,180.0,0.6263222222222491,-3.0,1.3515000000006694
88144292,Sell,2026-03-16 05:46:16,5016.02,5017.1849999999995,0.7599999999993088,0.039999999999054126,6.0,0.7649999999997211,-1.0,-0.10999999999876309,0.10499999999956344,11.0,0.7663636363634975,0.0,-0.02500000000145519,0.35499999999956344,24.0,0.7666666666666894,1.0,0.06499999999869033,-0.07000000000061846,43.0,0.7658139534883789,-4.0,0.8000000000001819,0.03499999999985448,108.0,0.7698425925926181,-3.0,-0.9650000000001455,-0.2749999999996362,190.0,0.7452578947368621,1.0,0.5649999999968713
88015942,Sell,2026-03-13 11:36:51,5084.43,5094.0599999999995,0.6300000000001091,0.03149999999914144,3.0,0.6289999999999054,2.0,0.028499999998530257,0.16149999999925058,8.0,0.6267499999999018,5.0,0.03849999999965803,0.13649999999961437,10.0,0.6237999999998465,3.0,0.1835000000000946,0.2514999999993961,19.0,0.623315789473724,4.0,0.021499999999832653,0.18999999999869033,60.0,0.6278333333332587,5.0,1.2900000000008731,-0.15999999999985448,121.0,0.6274049586776347,8.0,0.4599999999991269
88014898,Buy,2026-03-13 11:14:10,5092.79,5091.17,0.6300000000001091,0.0,1.0,0.6300000000001091,0.0,0.0,0.37000000000080036,12.0,0.6300000000001091,5.0,-0.37000000000080036,0.38000000000010914,14.0,0.6300000000000442,5.0,-0.13999999999850843,1.110000000000582,26.0,0.6198846153846577,7.0,-0.43000000000029104,1.3099999999994907,76.0,0.6230000000000713,9.0,-0.08999999999832653,1.7364999999999782,157.0,0.6219363057325434,20.0,0.7835000000004584
87966615,Sell,2026-03-13 06:37:52,5108.89,5090.0,0.7099999999991269,-0.049999999999272404,4.0,0.709999999999809,-1.0,-0.13000000000101863,-0.37999999999919964,10.0,0.7099999999998545,-3.0,0.37999999999919964,-0.5,14.0,0.7099999999998415,-5.0,-0.31999999999970896,-0.37999999999919964,31.0,0.7099999999998897,-2.0,-0.5799999999999272,-3.530000000000655,102.0,0.7085980392156778,-21.0,1.6499999999996362,-4.579999999999927,187.0,0.7051283422459864,-26.0,-1.7399999999997817
87764166,Buy,2026-03-12 16:26:23,5128.93,5132.476500000001,0.9170000000003711,-0.013499999999112333,7.0,0.7019999999999657,2.0,0.08649999999943248,-0.3485000000000582,15.0,0.66826666666675,-4.0,0.23150000000168802,-0.12849999999889405,30.0,0.6538000000000466,-5.0,-0.5685000000012224,-1.108499999999367,65.0,0.6413538461538617,-8.0,0.6315000000004147,-2.1884999999992942,171.0,0.6225204678362787,-12.0,-1.248499999998785,-1.569999999999709,348.0,0.6240143678161106,-2.0,-2.506999999997788
87728889,Buy,2026-03-12 11:54:26,5179.35,5176.674999999999,0.6400000000003274,-0.2650000000012369,4.0,0.6324999999999363,-3.0,0.25499999999919964,-0.9750000000003638,8.0,0.6312500000000227,-7.0,0.44499999999789,-1.1150000000006912,9.0,0.6311111111110423,-8.0,0.5250000000005457,-1.1550000000006548,12.0,0.630833333333309,-7.0,0.18499999999949068,-1.6300000000010186,38.0,0.6336052631579485,-9.0,-0.7099999999991269,-1.0300000000006548,96.0,0.6334791666666982,-3.0,-1.7100000000009459
87728679,Buy,2026-03-12 11:51:53,5180.83,5179.34,0.6300000000001091,0.0,0.0,0.6300000000001091,0.0,0.0,0.18150000000059663,4.0,0.5434999999997672,1.0,0.038500000000567525,1.1700000000000728,13.0,0.6033846153846193,6.0,0.41000000000167347,1.180000000000291,27.0,0.6171851851851763,6.0,0.9000000000014552,0.5300000000006548,62.0,0.6244193548386354,7.0,0.8299999999999272,1.8999999999996362,119.0,0.6266806722688755,14.0,-0.9600000000009459
87725200,Buy,2026-03-12 09:02:44,5184.43,5179.4615,0.6069999999999709,-0.06850000000031287,2.0,0.61850000000004,-1.0,0.06850000000031287,-0.08849999999893043,5.0,0.6254000000000814,-2.0,-0.08849999999893043,-0.07849999999962165,7.0,0.6267142857142451,-2.0,-0.198500000000422,0.22150000000056025,14.0,0.6283571428571771,1.0,-0.37849999999980355,0.7015000000001237,61.0,0.6296229508196448,6.0,0.08150000000114233,1.0615000000007058,118.0,0.6300338983050775,9.0,0.5014999999993961
87715345,Buy,2026-03-12 07:41:54,5166.74,5173.030000000001,0.6300000000001091,0.0,0.0,0.6300000000001091,0.0,0.0,0.06350000000020373,3.0,0.5846666666669383,2.0,-0.026499999998122803,0.1235000000006039,7.0,0.601142857142934,4.0,0.07650000000012369,-0.4099999999998545,36.0,0.6179722222222053,-1.0,0.9070000000028813,2.055000000000291,108.0,0.602620370370409,11.0,0.5620000000017171,3.2935000000006767,199.0,0.5928944723618312,24.0,0.013500000000021828
87640068,Buy,2026-03-11 10:39:31,5194.32,5182.870000000001,0.7899999999999636,-0.18149999999877764,2.0,0.788499999999658,-1.0,0.18149999999877764,-0.4114999999992506,10.0,0.7755000000001019,-3.0,-0.38149999999859574,-0.6264999999993961,22.0,0.7649090909091931,-3.0,-0.1765000000004875,-0.6899999999986903,48.0,0.7607708333334434,3.0,-0.5299999999988358,0.0235000000011496,102.0,0.7699019607843914,3.0,-1.3364999999994325,-0.7264999999988504,170.0,0.7712411764706731,-7.0,-0.28650000000016007
87634841,Sell,2026-03-11 08:08:12,5199.84,5194.139999999999,0.6300000000001091,0.0999999999994543,3.0,0.6299999999998059,2.0,0.019999999999527063,0.0999999999994543,3.0,0.6299999999998059,2.0,0.019999999999527063,-0.2000000000007276,10.0,0.6299999999999273,1.0,-0.42000000000189175,0.13999999999941792,26.0,0.6275769230769234,-3.0,-0.7999999999992724,-1.3400000000001455,68.0,0.6264852941176687,-19.0,0.47999999999956344,-0.805000000000291,135.0,0.6290740740741091,-20.0,-1.875
87455839,Sell,2026-03-10 09:14:56,5181.42,5188.195,0.6599999999998545,-0.11000000000058208,3.0,0.6633333333329574,-2.0,0.040000000000873115,-0.125,8.0,0.6662499999997635,-3.0,-0.16500000000087311,-0.125,8.0,0.6662499999997635,-3.0,-0.16500000000087311,-0.16499999999996362,19.0,0.6647368421051731,-6.0,0.13499999999930878,0.0999999999994543,53.0,0.6631509433961565,2.0,-0.8200000000006185,-0.23500000000058208,99.0,0.6636060606060527,-2.0,0.6550000000006548
87436917,Sell,2026-03-10 08:43:46,5175.96,5192.305,0.6599999999998545,0.1000000000003638,4.0,0.6599999999998545,1.0,-0.13999999999941792,-0.12149999999928696,10.0,0.5981999999999971,-1.0,-0.09150000000045111,-0.07150000000001455,17.0,0.5955294117647474,2.0,-0.18150000000059663,-0.011499999999614374,35.0,0.625342857142901,8.0,-1.108499999999367,-0.051499999999577994,79.0,0.6353797468355085,8.0,0.028500000000349246,-0.03650000000016007,154.0,0.6293116883117518,25.0,-0.1834999999991851
87433721,Sell,2026-03-10 07:45:41,5177.12,5178.64,0.6700000000000728,0.03999999999996362,2.0,0.6700000000000728,1.0,-0.03999999999996362,0.03999999999996362,4.0,0.6675000000000182,1.0,0.03999999999996362,0.020000000000436557,16.0,0.6668749999999477,-1.0,0.030000000000654836,0.30500000000029104,31.0,0.664419354838731,-2.0,-0.2649999999994179,1.125,89.0,0.6656629213483315,8.0,-0.05499999999847205,1.235000000000582,157.0,0.665375796178361,2.0,0.555000000000291
87303856,Buy,2026-03-09 12:32:49,5085.0,5110.975,0.8400000000001455,-0.049999999999272404,3.0,0.8366666666667394,0.0,0.07999999999992724,-0.16849999999976717,8.0,0.8317500000001701,-3.0,-0.0015000000003055902,-0.1414999999997235,13.0,0.8273076923077707,-2.0,-0.07849999999962165,-0.12999999999919964,35.0,0.8279714285713583,0.0,-0.7569999999996071,0.23000000000047294,146.0,0.8119999999999168,-7.0,-2.126999999999498,-0.8384999999998399,247.0,0.8124493927124851,-4.0,0.3415000000004511
87220510,Buy,2026-03-09 08:55:33,5095.55,5096.005,0.6599999999998545,0.3249999999998181,5.0,0.6639999999999417,2.0,0.49499999999989086,0.1999999999998181,13.0,0.6653846153845874,0.0,0.5700000000006185,0.16499999999996362,14.0,0.6657142857142649,-1.0,0.6050000000004729,-0.1750000000001819,32.0,0.6656250000000057,-7.0,0.6850000000004002,0.5,102.0,0.6691176470588057,-1.0,0.5900000000001455,-1.6199999999998909,194.0,0.6673092783504714,-3.0,1.7200000000002547
87193343,Buy,2026-03-09 07:09:59,5126.92,5099.02,0.6699999999991633,0.0,0.0,0.6699999999991633,0.0,0.0,0.0,0.0,0.6699999999991633,0.0,0.0,0.0,0.0,0.6699999999991633,0.0,0.0,0.0,0.0,0.6699999999991633,0.0,0.0,0.0,0.0,0.6699999999991633,0.0,0.0,0.0,0.0,0.6699999999991633,0.0,0.0
87031092,Buy,2026-03-06 08:19:20,5113.18,,,,,,,,,,,,,,,,,,,,,,,,,,,,,,,,
87025580,Buy,2026-03-06 05:23:56,5124.63,5125.605,0.7599999999993088,-0.6100000000005821,3.0,0.6523333333331417,-2.0,-0.3670000000001892,-0.5150000000003274,9.0,0.702999999999823,0.0,-0.6850000000004002,-0.4900000000006912,12.0,0.7114166666665369,3.0,-0.6899999999995998,-0.5400000000008731,19.0,0.7303684210525094,-2.0,-0.47999999999956344,2.4049999999997453,55.0,0.748181818181762,10.0,-3.072000000001026,1.375,101.0,0.749603960396013,4.0,3.9949999999989814
87000308,Sell,2026-03-05 19:20:01,5069.24,5070.595,0.8400000000001455,0.25500000000010914,7.0,0.8294285714286421,0.0,-0.6549999999997453,0.7899999999999636,21.0,0.8350476190476651,10.0,0.06000000000040018,0.9400000000005093,32.0,0.836749999999995,11.0,-0.020000000000436557,1.5399999999999636,63.0,0.8376666666666978,14.0,0.340000000001055,3.5600000000004,163.0,0.8363251533742716,28.0,1.9700000000002547,4.8200000000006185,325.0,0.835806153846181,32.0,2.300000000000182
86894280,Sell,2026-03-05 07:02:29,5171.81,5172.18,0.6899999999995998,0.06500000000050932,2.0,0.6849999999999454,1.0,-0.06500000000050932,-0.09499999999934516,15.0,0.685333333333377,-4.0,0.24500000000080036,0.7700000000004366,34.0,0.6760588235293814,7.0,-0.8699999999989814,1.730000000000473,58.0,0.6726896551724073,13.0,-0.9299999999993815,5.765000000000327,162.0,0.6945864197531098,27.0,-2.7349999999996726,5.780000000000655,274.0,0.6856131386861453,25.0,1.4599999999991269
86784552,Buy,2026-03-04 11:12:36,5193.8,5194.615,0.680000000000291,0.0,1.0,0.680000000000291,0.0,0.0,0.0,1.0,0.680000000000291,0.0,0.0,-0.025000000000545697,2.0,0.6750000000001819,-1.0,0.025000000000545697,0.02999999999974534,9.0,0.6799999999999878,0.0,-0.13000000000010914,2.1149999999997817,58.0,0.6768793103448592,15.0,1.2849999999998545,1.694999999999709,121.0,0.6745867768595567,6.0,2.5050000000010186
86773790,Buy,2026-03-04 07:45:10,5170.2,5169.27,0.7300000000004729,-0.04650000000037835,3.0,0.7356666666667783,-2.0,-0.0034999999988940544,-0.36999999999898137,9.0,0.7267777777778974,0.0,0.47699999999895226,-0.2999999999992724,17.0,0.7294705882353917,2.0,-0.4399999999986903,-0.21999999999934516,30.0,0.7373666666667001,5.0,-0.6399999999994179,-1.0499999999992724,73.0,0.7424383561643755,-4.0,0.3899999999994179,5.203500000000531,226.0,0.760305309734488,15.0,-6.763500000000022
86716303,Buy,2026-03-03 14:46:45,5065.94,5066.05,1.7299999999995634,0.7714999999998327,15.0,1.5965333333333547,4.0,-0.07150000000092405,-0.07849999999962165,44.0,1.565272727272734,0.0,2.1855000000014115,-1.3234999999995125,76.0,1.578934210526325,-8.0,0.5664999999999054,0.9250000000001819,143.0,1.5778461538461384,-10.0,-3.222000000000662,4.931499999999687,429.0,1.520587412587441,-25.0,0.05850000000009459,13.50500000000011,874.0,1.440417620137327,-43.0,-3.1019999999998618
86624724,Buy,2026-03-03 10:45:26,5257.55,5256.995,0.8999999999996362,-0.009999999999308784,2.0,0.8899999999998727,-1.0,0.009999999999308784,0.3499999999994543,14.0,0.9014285714284337,-1.0,0.7900000000017826,0.5349999999998545,26.0,0.9103846153845482,1.0,0.21500000000014552,-0.8949999999995271,64.0,0.9208906249999558,-7.0,1.5649999999995998,-3.3900000000003274,204.0,0.9084166666666355,13.0,2.550000000000182,1.0999999999994543,406.0,0.8995098522167533,58.0,-7.720000000000255
86558318,Buy,2026-03-03 05:57:14,5313.09,5315.5185,0.967000000000553,0.1735000000007858,8.0,1.0051249999999072,-1.0,-0.14350000000194996,0.25350000000071304,31.0,1.0124516129031513,0.0,0.3734999999996944,0.7335000000002765,41.0,1.0181219512193886,1.0,1.0864999999994325,2.2070000000003347,88.0,1.0211136363635143,7.0,-0.18000000000029104,7.1635000000005675,274.0,1.021357664233553,39.0,0.39350000000013097,5.989999999999782,524.0,1.0148110687022736,58.0,7.7740000000012515
86192606,Sell,2026-03-02 12:46:12,5396.47,5396.09,0.7299999999995634,0.10500000000047294,3.0,0.7333333333329696,2.0,0.054999999999381544,-0.1999999999998181,12.0,0.7228333333334073,1.0,0.17299999999977445,-0.8899999999994179,22.0,0.7250454545455796,-3.0,0.27000000000043656,-2.389999999999418,46.0,0.7298043478261839,-1.0,0.47999999999956344,-1.9899999999997817,97.0,0.7283195876289216,-2.0,-2.1900000000005093,-1.1849999999994907,175.0,0.7242000000000293,2.0,-2.155000000000655
86161488,Sell,2026-03-02 08:37:17,5412.01,5411.135,0.7399999999997817,0.08500000000003638,3.0,0.7433333333331879,0.0,0.19500000000061846,-0.4899999999997817,13.0,0.7415384615382768,-4.0,0.4899999999997817,-0.44499999999970896,20.0,0.7360000000000128,-5.0,0.40500000000065484,-1.3500000000003638,41.0,0.7133658536585267,-4.0,0.5200000000004366,-0.768500000000131,80.0,0.7067750000000046,11.0,-0.8615000000008877,-1.7399999999997817,160.0,0.7026937500000259,5.0,0.2029999999995198
86155613,Buy,2026-03-02 07:32:11,5408.63,5408.73,0.8100000000004002,0.0,1.0,0.8100000000004002,0.0,0.0,0.358499999999367,7.0,0.81957142857157,2.0,-0.22850000000016735,0.3899999999994179,8.0,0.8233750000001692,3.0,-0.2600000000002183,0.0,38.0,0.7854736842105969,1.0,-0.2000000000007276,1.1034999999992579,170.0,0.7485117647058841,27.0,0.20649999999841384,0.5299999999997453,348.0,0.7256120689655274,27.0,1.6569999999983338
86014472,Buy,2026-02-27 15:27:11,5225.25,5224.895,0.839999999999236,0.23000000000047294,7.0,0.838571428571413,4.0,0.18000000000120053,1.2550000000001091,26.0,0.8363076923077503,11.0,-0.014999999998508429,1.485000000000582,41.0,0.8366829268293148,12.0,0.9249999999992724,1.230000000000473,75.0,0.8342000000000431,8.0,1.769999999999527,-0.17150000000037835,236.0,0.8291567796609959,1.0,-2.198499999998603,3.5799999999999272,438.0,0.8293561643835363,23.0,-4.920000000000073
86011644,Sell,2026-02-27 15:18:57,5226.94,5222.1115,0.7870000000002619,-0.17849999999998545,16.0,0.8196874999999864,-1.0,-0.32849999999962165,-2.2534999999998035,51.0,0.8000196078431626,-4.0,1.4034999999994398,-4.353500000000167,75.0,0.8028933333333407,-14.0,1.3135000000011132,-5.173499999999876,110.0,0.8098363636363667,-19.0,0.8864999999996144,-4.8784999999998035,282.0,0.8180319148936185,-21.0,-5.3715000000001965,-8.263500000000022,511.0,0.8214911937377658,-34.0,-0.9635000000007494
86000608,Sell,2026-02-27 15:00:40,5227.62,5220.4349999999995,0.839999999999236,-0.7000000000007276,8.0,0.8368749999999636,3.0,-1.1000000000003638,-0.5800000000008367,20.0,0.8377499999999145,5.0,-0.9399999999995998,0.3024999999997817,44.0,0.7736136363635482,9.0,-1.1825000000008004,-5.670000000000073,107.0,0.7946915887849717,5.0,3.3299999999999272,-5.540000000000873,319.0,0.8062852664576601,33.0,-7.619999999998981,-4.380000000001019,558.0,0.8094534050179296,65.0,-8.760000000000218
85948772,Buy,2026-02-27 10:46:26,5176.14,5176.503500000001,0.8170000000000073,0.555000000000291,9.0,0.7888888888888282,4.0,-0.3679999999985739,0.3400000000001455,23.0,0.8181739130432897,4.0,1.0600000000013097,-0.029999999998835847,36.0,0.8258055555555125,-1.0,1.3800000000010186,-0.054999999999381544,61.0,0.8249836065574154,-9.0,0.19500000000243745,0.5150000000012369,134.0,0.8363059701492846,-10.0,-0.554999999998472,-0.36999999999898137,242.0,0.8196074380165638,-25.0,1.4500000000007276
85942844,Sell,2026-02-27 07:56:14,5180.05,5180.37,0.6900000000005093,0.0,0.0,0.6900000000005093,0.0,0.0,0.19350000000031287,6.0,0.6811666666665891,1.0,0.08650000000034197,0.2849999999998545,10.0,0.6837000000001353,3.0,-0.40500000000065484,-0.22000000000025466,27.0,0.6872962962962885,0.0,0.4399999999995998,-0.19500000000061846,40.0,0.6866749999999456,-3.0,0.8550000000004729,0.005000000000109139,67.0,0.6850298507462269,2.0,-0.7449999999998909
85935017,Sell,2026-02-27 04:54:59,5184.0,5183.155,0.8400000000001455,0.2015000000001237,4.0,0.8367500000001655,1.0,0.2584999999990032,0.27999999999974534,13.0,0.8390769230770905,4.0,0.1430000000009386,0.03999999999996362,22.0,0.8381363636364189,5.0,0.6099999999996726,-0.21500000000014552,40.0,0.8287750000001097,3.0,0.2849999999998545,-1.324999999999818,130.0,0.8108615384615895,1.0,1.2879999999995562,-2.016500000000633,199.0,0.7990150753769525,1.0,1.4365000000007058
85865765,Sell,2026-02-26 13:59:18,5166.12,5170.465,0.680000000000291,0.5349999999998545,3.0,0.6866666666664969,2.0,0.4150000000008731,0.5349999999998545,8.0,0.6871249999998099,3.0,0.4350000000013097,0.5349999999998545,8.0,0.6871249999998099,3.0,0.4350000000013097,0.7415000000000873,18.0,0.676555555555448,7.0,0.23849999999947613,0.18499999999949068,74.0,0.684959459459495,9.0,0.7180000000007567,0.40499999999974534,147.0,0.6830952380952564,10.0,-0.035000000000763976
85833216,Buy,2026-02-26 11:27:11,5173.27,5172.889999999999,0.7300000000004729,-9.094947017729282e-13,10.0,0.68700000000008,1.0,0.08999999999923602,-0.43000000000029104,24.0,0.6786250000000867,-1.0,0.42999999999847205,-1.0400000000008731,35.0,0.6709714285714133,-2.0,0.25,-1.3300000000008367,43.0,0.670325581395361,-6.0,0.5800000000008367,-2.3700000000008004,70.0,0.67415714285714,-15.0,0.2899999999990541,-2.460000000000946,97.0,0.6820824742267787,-16.0,0.3400000000001455
85827276,Buy,2026-02-26 09:31:35,5181.39,5181.860000000001,0.6899999999995998,0.0,1.0,0.6899999999995998,0.0,0.0,0.0,1.0,0.6899999999995998,0.0,0.0,0.07999999999992724,2.0,0.6899999999995998,1.0,-0.07999999999992724,0.25,12.0,0.6891666666665515,1.0,0.09000000000014552,1.0300000000006548,49.0,0.6987755102040215,2.0,-0.7899999999990541,1.6765000000004875,112.0,0.6835803571428626,9.0,0.9935000000014043
85787460,Buy,2026-02-26 06:05:35,5194.35,5194.485000000001,1.0739999999996144,-0.12999999999919964,3.0,0.9079999999997502,-2.0,-0.039999999999054126,-0.22999999999956344,14.0,0.814642857142904,-1.0,0.2600000000002183,-0.5949999999993452,20.0,0.8126000000000204,-1.0,0.8450000000011642,-0.26999999999952706,39.0,0.7998974358975269,6.0,-0.9199999999991633,0.4150000000008731,130.0,0.786761538461549,11.0,-1.1350000000002183,-0.7799999999997453,239.0,0.7813598326360018,16.0,1.1800000000012005
85704475,Sell,2026-02-25 14:23:24,5183.13,5183.360000000001,0.6899999999995998,0.22000000000116415,6.0,0.689999999999903,1.0,-0.15999999999985448,-0.6349999999993088,11.0,0.6597272727270717,-2.0,1.075000000001637,-0.47999999999956344,16.0,0.6760624999998299,-1.0,-0.2669999999998254,-0.625,30.0,0.6932333333332584,-5.0,-0.45499999999810825,-1.894999999999527,113.0,0.6933362831858627,-4.0,0.7650000000003274,-0.9299999999993815,193.0,0.6847409326424763,14.0,-1.0399999999981446
85668988,Buy,2026-02-25 10:03:39,5190.62,5190.485000000001,0.6999999999998181,0.0,0.0,0.6999999999998181,0.0,0.0,0.010000000000218279,9.0,0.6741111111111119,-2.0,0.020000000002255547,0.035000000000763976,12.0,0.6680833333333188,-1.0,-0.024999999998726707,-0.07349999999951251,16.0,0.6750624999999673,-1.0,0.036500000001069566,0.020000000000436557,53.0,0.698660377358482,0.0,0.2999999999992724,-1.2600000000002183,118.0,0.6977711864406817,-13.0,0.7430000000003929
85668110,Sell,2026-02-25 09:35:37,5189.86,5191.23,0.6899999999995998,0.0,1.0,0.6899999999995998,0.0,0.0,-0.32000000000061846,5.0,0.6900000000001455,-2.0,0.27999999999974534,0.10999999999967258,16.0,0.6854375000000346,3.0,-0.5100000000011278,0.47999999999956344,27.0,0.6872962962962885,8.0,-0.47999999999956344,1.7799999999997453,89.0,0.6863483146067215,30.0,0.17999999999938154,3.469999999999345,160.0,0.6857437499999832,43.0,-0.9499999999989086
85640223,Sell,2026-02-25 05:59:03,5201.11,5202.1314999999995,0.8669999999992797,0.0,1.0,0.8669999999992797,0.0,0.0,-0.43000000000029104,10.0,0.9049999999995635,-1.0,0.48999999999796273,-0.2235000000000582,15.0,0.92113333333297,-2.0,-0.5365000000019791,0.11499999999978172,32.0,0.926281249999704,1.0,-0.36200000000098953,-1.125,109.0,0.9232752293577705,2.0,0.9049999999988358,-0.5200000000004366,355.0,0.9140985915492884,-5.0,-1.0600000000013097
85396743,Buy,2026-02-24 13:21:50,5153.03,5152.4884999999995,0.7670000000007349,-0.030000000000654836,2.0,0.7970000000004802,-1.0,0.030000000000654836,-0.39500000000043656,14.0,0.8312857142858385,-5.0,1.1019999999989523,-1.0300000000006548,27.0,0.8294444444444943,-8.0,0.23999999999978172,-1.1465000000007421,49.0,0.818530612244883,-8.0,-0.34649999999965075,-3.28650000000016,141.0,0.8091276595744261,-14.0,-0.33650000000125146,-1.8265000000010332,221.0,0.8233755656108407,-12.0,-2.283499999999549
85385479,Sell,2026-02-24 13:11:40,5160.14,5158.6085,0.7870000000002619,0.010000000000218279,4.0,0.7770000000000437,1.0,0.010000000000218279,0.11000000000058208,14.0,0.7856428571429076,1.0,-0.042999999999665306,0.323500000000422,29.0,0.8048620689655607,10.0,-0.09650000000146974,0.25350000000071304,49.0,0.7996734693877963,12.0,0.18649999999979627,-1.8964999999998327,154.0,0.8103311688312171,-6.0,2.663499999999658,-1.856499999999869,316.0,0.8121044303797583,-18.0,-2.1564999999991414
85342738,Buy,2026-02-24 08:04:42,5175.12,5172.959999999999,0.7899999999999636,-0.141500000000633,3.0,0.6756666666666812,0.0,0.18149999999786814,-0.141500000000633,3.0,0.6756666666666812,0.0,0.18149999999786814,-0.005000000001018634,13.0,0.6974615384614691,0.0,-0.005000000001018634,0.10999999999876309,41.0,0.7016341463414592,-6.0,-0.3000000000010914,-1.7100000000009459,176.0,0.7080568181817894,-33.0,1.2800000000006548,-2.400000000001455,285.0,0.7040175438596219,-60.0,-0.47999999999956344
85182793,Sell,2026-02-23 13:02:41,5161.69,5162.835,0.7199999999993452,0.025000000000545697,2.0,0.7149999999996908,1.0,-0.025000000000545697,0.044999999999163265,3.0,0.7133333333331393,2.0,0.005000000001928129,0.2835000000004584,10.0,0.8158999999997831,1.0,-0.05350000000089494,1.1850000000004002,35.0,0.7363714285714066,8.0,-0.06499999999959982,2.008500000000822,111.0,0.7154774774774498,8.0,0.9414999999980864,-1.4885000000003856,251.0,0.7142270916334614,-10.0,4.02849999999944
85084978,Buy,2026-02-23 09:21:20,5145.47,5145.175,0.680000000000291,0.0,1.0,0.680000000000291,0.0,0.0,-0.054999999999381544,6.0,0.6766666666664302,-1.0,0.08500000000003638,0.13000000000010914,10.0,0.6749999999998181,1.0,-0.1499999999987267,-0.1999999999998181,25.0,0.6750799999998708,-6.0,0.13000000000010914,-0.40499999999974534,48.0,0.6673333333332607,-5.0,0.21499999999923602,-1.5050000000001091,107.0,0.6689345794392525,-6.0,0.8450000000002547
85066329,Sell,2026-02-23 07:30:45,5136.32,5136.285,0.7799999999997453,0.0,0.0,0.7799999999997453,0.0,0.0,0.13500000000021828,5.0,0.7719999999999345,4.0,0.014999999999417923,0.024999999999636202,9.0,0.7711111111111677,4.0,0.24500000000080036,0.004999999999199645,14.0,0.770714285714413,3.0,0.2250000000003638,-0.8400000000001455,73.0,0.7709178082192285,6.0,-0.2000000000007276,0.16499999999996362,134.0,0.7690895522388467,11.0,-1.7050000000008367
84971230,Sell,2026-02-20 03:54:53,4993.25,4992.55,0.8299999999999272,0.0,1.0,0.8299999999999272,0.0,0.0,0.020000000000436557,4.0,0.8300000000001546,1.0,0.039999999999054126,0.020000000000436557,4.0,0.8300000000001546,1.0,0.039999999999054126,0.0,8.0,0.8300000000000409,1.0,0.040000000000873115,0.11000000000058208,42.0,0.8300000000000788,3.0,-0.11000000000058208,-2.005000000000109,104.0,0.8522115384615483,-11.0,2.384999999999309
84960053,Buy,2026-02-19 20:18:35,4990.98,5001.8150000000005,0.6799999999993815,0.0,0.0,0.6799999999993815,0.0,0.0,0.0,0.0,0.6799999999993815,0.0,0.0,0.0,0.0,0.6799999999993815,0.0,0.0,0.0,0.0,0.6799999999993815,0.0,0.0,0.0,0.0,0.6799999999993815,0.0,0.0,0.0,0.0,0.6799999999993815,0.0,0.0
84858142,Sell,2026-02-18 03:30:40,4920.56,4919.59,0.8500000000003638,0.0,0.0,0.8500000000003638,0.0,0.0,-0.013500000000021828,2.0,0.8434999999999491,-1.0,0.013500000000021828,0.06999999999970896,7.0,0.8225714285714015,-2.0,-0.1569999999992433,0.020000000000436557,22.0,0.8325909090909094,-1.0,-0.03299999999944703,-0.3585000000002765,143.0,0.8325664335664321,-4.0,-0.8514999999988504,-0.2600000000002183,200.0,0.8239399999999614,-3.0,-2.1199999999989814
84803733,Sell,2026-02-17 10:21:33,4935.63,4934.335,0.8400000000001455,0.0,0.0,0.8400000000001455,0.0,0.0,0.0,0.0,0.8400000000001455,0.0,0.0,-0.0500000000001819,4.0,0.8425000000002001,-1.0,-0.019999999999527063,-0.0500000000001819,4.0,0.8425000000002001,-1.0,-0.019999999999527063,-1.2399999999997817,27.0,0.8402592592593565,-4.0,-1.3500000000003638,-0.10999999999967258,53.0,0.8396981132075969,4.0,-2.369999999999891
84675020,Sell,2026-02-13 11:12:08,4951.87,4951.0,0.8099999999994907,-0.014999999999417923,2.0,0.8049999999998363,-1.0,0.014999999999417923,0.8819999999996071,19.0,0.7772631578947863,6.0,0.8020000000014988,1.8215000000000146,28.0,0.7832857142857067,7.0,-0.09749999999985448,3.055000000000291,73.0,0.7555890410959452,12.0,0.8349999999991269,4.726999999999862,216.0,0.7250555555555854,4.0,1.3229999999994106,5.971999999999753,403.0,0.7520918114143872,36.0,2.302000000001499
84665776,Buy,2026-02-13 07:18:26,4969.37,4968.928,0.9859999999998763,-0.17000000000007276,6.0,0.9759999999998096,-3.0,0.07999999999992724,-0.2919999999994616,18.0,1.027222222222109,-1.0,-0.40900000000146974,0.44499999999970896,34.0,1.004705882352937,7.0,-1.059000000001106,0.02449999999953434,59.0,0.9768983050847718,0.0,0.5555000000003929,-1.4454999999998108,164.0,0.9759390243902555,-10.0,2.805500000000393,0.6649999999999636,311.0,0.9684212218649637,1.0,-1.3090000000001965
84496990,Buy,2026-02-12 11:12:51,5063.48,5062.97,0.9899999999997817,0.0,1.0,0.9899999999997817,0.0,0.0,-0.019999999999527063,2.0,0.9899999999997817,-1.0,0.019999999999527063,-0.019999999999527063,2.0,0.9899999999997817,-1.0,0.019999999999527063,-0.07999999999992724,7.0,0.9899999999997817,-2.0,0.0,0.6900000000005093,56.0,0.9872678571428456,7.0,-1.2730000000010477,-0.3499999999994543,84.0,0.978690476190455,3.0,0.7669999999989159
84480811,Sell,2026-02-12 09:04:59,5071.89,5073.345,0.6599999999998545,0.0,0.0,0.6599999999998545,0.0,0.0,-0.13000000000010914,7.0,0.6557142857140467,-2.0,-0.07999999999901775,-0.05999999999949068,9.0,0.6566666666664484,0.0,-0.19000000000050932,0.08500000000003638,17.0,0.6570588235292556,4.0,-0.20499999999901775,0.9200000000000728,58.0,0.6404827586207077,5.0,0.21000000000094587,1.1850000000004002,137.0,0.6431970802919338,-2.0,0.7550000000001091
84448544,Buy,2026-02-12 05:06:33,5072.67,5074.55,0.8099999999994907,-0.024999999999636202,2.0,0.8149999999995998,-1.0,0.024999999999636202,-0.40499999999974534,6.0,0.7916666666665151,-1.0,-0.14500000000134605,-0.11499999999978172,14.0,0.7992857142856857,-1.0,0.6749999999992724,0.23000000000047294,44.0,0.7790454545453361,-3.0,-0.08000000000083674,2.105000000000473,123.0,0.8179349593495472,-20.0,-0.5379999999995562,5.490000000000691,191.0,0.8085759162303671,-28.0,-0.4000000000005457
84397864,Buy,2026-02-11 15:40:50,5044.28,5045.1,0.8900000000003274,0.4014999999999418,10.0,0.8854000000000269,3.0,0.37850000000071304,0.9350000000004002,25.0,0.8565200000000914,8.0,-0.284999999998945,0.6514999999999418,41.0,0.8706097560976648,4.0,0.9685000000008586,0.07000000000061846,82.0,0.8824512195122269,-3.0,1.2329999999992651,-0.019999999999527063,205.0,0.8758878048780522,-8.0,-0.7699999999995271,0.8215000000000146,483.0,0.8287929606625123,-18.0,0.06850000000122236
83980760,Buy,2026-02-09 10:04:32,5006.26,5003.46,0.9099999999998545,-0.0999999999994543,7.0,0.9960000000000946,-2.0,-0.0500000000001819,-0.024999999999636202,22.0,1.008999999999932,-3.0,-0.6149999999997817,0.36999999999989086,38.0,0.9894210526316017,-3.0,-0.33000000000083674,2.6649999999999636,77.0,0.9981298701298553,10.0,-2.005000000000109,4.350000000000364,202.0,0.9383910891088988,7.0,3.969999999999345,4.725000000000364,372.0,0.9357284946236519,18.0,1.3590000000003783
83923769,Sell,2026-02-06 13:34:06,4925.29,4920.5315,0.8070000000006985,-2.1984999999995125,10.0,0.8574999999999818,-3.0,1.21849999999813,-2.9034999999994398,21.0,0.917380952380968,-8.0,-1.4335000000019136,-3.3749999999990905,29.0,0.9272068965517911,-8.0,-1.0520000000024083,-3.3034999999999854,42.0,0.9374523809524146,-7.0,-2.503499999998894,-5.109999999999673,179.0,0.9100837988826751,-15.0,-1.2869999999993524,-4.288499999999658,339.0,0.8893215339233133,-7.0,-5.822499999999309
83915642,Sell,2026-02-06 07:16:42,4848.32,4849.7415,1.5270000000000437,0.75,7.0,1.3812857142856956,2.0,0.6559999999990396,1.2330000000001746,14.0,1.1617857142858676,3.0,0.2669999999998254,1.35149999999976,22.0,1.0933636363638057,5.0,1.1545000000014625,0.9799999999995634,59.0,1.3065084745763762,2.0,2.003000000000611,0.28000000000065484,159.0,1.3825408805031594,-13.0,0.2899999999990541,-0.5635000000002037,297.0,1.4451043771043677,-32.0,1.0165000000015425
83897665,Sell,2026-02-06 05:30:33,4846.36,4850.6115,1.6270000000004075,1.9214999999994689,12.0,1.6094166666667509,3.0,-2.391499999998814,2.556499999999687,34.0,1.280117647058807,8.0,4.166500000000269,2.5715000000000146,59.0,1.2351525423728624,11.0,2.6715000000003783,2.0164999999997235,121.0,1.2865371900826168,-4.0,3.0064999999995052,8.113000000000284,394.0,1.3178629441624303,38.0,7.330000000000837,-0.3334999999997308,534.0,1.2628539325842603,45.0,7.6064999999989595
83821484,Buy,2026-02-05 15:27:12,4823.0,4820.215,1.139999999999418,-0.11000000000058208,12.0,1.1733333333333273,1.0,0.09000000000014552,-1.8299999999999272,39.0,1.3535641025641196,-2.0,1.3500000000003638,-5.279999999999745,69.0,1.3902608695652157,-10.0,4.278999999999542,-6.264999999999418,142.0,1.4124507042253729,-5.0,-4.385000000000218,-12.404999999999745,367.0,1.3782098092643098,0.0,-2.1249999999990905,-14.289999999999054,716.0,1.3291298882681617,-6.0,-10.713000000001557
83699779,Sell,2026-02-04 17:42:53,4910.32,4909.2835,0.9370000000008076,0.004999999999199645,6.0,0.923166666667233,1.0,-0.004999999999199645,-0.6715000000003783,27.0,1.1300740740742656,-16.0,0.3914999999979045,-0.6615000000001601,50.0,1.1560200000002079,-24.0,-0.5715000000000146,-0.1665000000002692,102.0,1.2570000000001154,-37.0,-1.3295000000007349,-6.248000000000502,324.0,1.2613271604938612,-82.0,3.572000000001026,-5.625,663.0,1.287152337858254,-128.0,-9.231000000001586
83541051,Buy,2026-02-03 12:00:26,4919.67,4916.635,0.8999999999996362,0.8800000000001091,11.0,0.8745454545454446,-2.0,-0.5399999999999636,1.925000000000182,30.0,0.8432333333333797,1.0,-0.285000000000764,2.175000000000182,45.0,0.8086000000000139,2.0,1.7750000000005457,0.6750000000001819,85.0,0.8122470588235635,-6.0,3.675000000000182,0.34499999999934516,303.0,0.8589174917492033,-12.0,0.8950000000022555,1.7650000000003274,467.0,0.8512012847965806,7.0,4.615000000000691
83511633,Buy,2026-02-02 20:25:35,4661.87,4653.63,1.25,0.125,13.0,1.1826923076923777,0.0,-0.09499999999934516,-3.7434999999995853,38.0,1.2318421052632642,-13.0,3.736499999999978,-3.8299999999999272,62.0,1.222080645161294,-14.0,-1.8169999999990978,-2.7285000000001673,106.0,1.189933962264209,-22.0,-5.511499999999614,-2.96349999999984,275.0,1.1203018181818631,-78.0,-2.473500000000058,-4.298499999999876,597.0,1.17627973199329,-185.0,-0.7385000000003856
83314376,Buy,2026-01-30 04:37:54,5220.23,5221.25,1.6900000000005093,-0.875,14.0,1.759285714285787,-3.0,0.7550000000010186,-1.7470000000002983,32.0,1.5371875000001012,-9.0,-0.10300000000006548,-0.6549999999997453,43.0,1.4847441860465762,-4.0,-2.5189999999993233,-1.5770000000002256,85.0,1.3533176470588681,-7.0,0.26700000000073487,4.954999999999927,259.0,1.4607297297297532,14.0,-5.274999999999636,3.5570000000006985,428.0,1.5543855140187128,15.0,1.1129999999993743
83084849,Buy,2026-01-28 07:01:54,5262.98,5264.355,0.7599999999993088,-0.19000000000050932,4.0,0.7449999999998909,-3.0,0.12999999999919964,-0.19499999999970896,20.0,0.6823500000000422,-9.0,-0.5950000000011642,-0.12000000000080036,30.0,0.6779000000000754,-5.0,-0.6099999999987631,0.7999999999992724,77.0,0.669051948051934,-5.0,-0.18999999999869033,-1.2750000000005457,226.0,0.6803982300885095,-29.0,2.854999999998654,-0.39500000000043656,407.0,0.6519164619164729,-41.0,-1.305000000000291
82913535,Buy,2026-01-26 09:00:40,5085.8,5090.21,0.4899999999997817,0.5,3.0,0.4966666666662907,2.0,-0.1999999999989086,0.6099999999996726,10.0,0.49400000000005095,3.0,0.42000000000098225,1.1099999999996726,25.0,0.5007999999999447,6.0,-0.18999999999959982,0.8100000000004002,74.0,0.5344594594594619,18.0,2.1699999999991633,3.850000000000364,242.0,0.5399462809917408,30.0,-2.3800000000010186,8.029999999999745,441.0,0.5431020408163488,64.0,-2.2499999999990905
82824133,Buy,2026-01-23 07:00:21,4953.2,4954.450000000001,0.6300000000001091,0.035000000000763976,5.0,0.5459999999999127,0.0,-0.13499999999930878,0.20500000000083674,22.0,0.5281818181818959,5.0,-0.11499999999887223,0.465000000001055,34.0,0.5173529411765284,11.0,0.23499999999967258,1.4200000000009823,56.0,0.5103571428571578,16.0,-1.4199999999991633,-0.09999999999854481,146.0,0.5113698630137163,14.0,3.530000000000655,-0.9599999999991269,237.0,0.509763713080147,9.0,2.430000000000291
82775023,Buy,2026-01-22 07:25:06,4831.387,,,,,,,,,,,,,,,,,,,,,,,,,,,,,,,,
82667342,Buy,2026-01-20 07:00:31,4713.8,4713.6900000000005,0.6099999999996726,-0.05999999999949068,3.0,0.6099999999999758,-2.0,1.8189894035458565e-12,0.3000000000010914,13.0,0.6099999999999525,4.0,0.05999999999949068,0.39500000000043656,16.0,0.6100000000000136,7.0,0.02500000000145519,1.3350000000009459,25.0,0.6047999999999957,10.0,-0.7349999999987631,1.2900000000008731,97.0,0.5829793814432893,16.0,1.9099999999998545,0.5200000000004366,160.0,0.5998500000000206,11.0,3.6700000000000728
82600157,Sell,2026-01-16 12:48:59,4605.35,4604.3115,0.7269999999998618,0.0,0.0,0.7269999999998618,0.0,0.0,-0.4750000000003638,6.0,0.7280000000000655,-5.0,0.2650000000012369,-0.4135000000005675,8.0,0.7243750000000091,-5.0,-0.12349999999969441,-0.5434999999997672,24.0,0.7004583333333585,-1.0,-0.39650000000074215,0.3400000000001455,60.0,0.6929166666667395,13.0,-1.3470000000015716,-0.36850000000049477,141.0,0.6947517730496973,4.0,0.801500000001397
82596177,Buy,2026-01-16 07:03:56,4599.92,4599.945,0.6999999999998181,-0.020000000000436557,2.0,0.6999999999998181,-1.0,0.020000000000436557,0.12999999999919964,10.0,0.699999999999909,-3.0,-0.030000000000654836,0.0,15.0,0.6999999999999393,-6.0,0.11999999999898137,0.6000000000003638,36.0,0.6999999999999444,-3.0,-0.5400000000008731,0.3999999999996362,94.0,0.6991170212765436,-7.0,0.4400000000005093,1.2099999999991269,161.0,0.6973167701862735,-6.0,-1.0499999999992724
82564751,Sell,2026-01-15 07:19:50,4613.11,4612.68,0.7100000000000364,-0.004999999999199645,3.0,0.7033333333335273,0.0,-0.04500000000007276,-0.625,13.0,0.7015384615385231,-4.0,-0.3849999999983993,-0.625,13.0,0.7015384615385231,-4.0,-0.3849999999983993,-0.4349999999994907,21.0,0.7019047619047515,0.0,-0.5150000000012369,-0.9949999999989814,71.0,0.7022112676056719,-12.0,-0.30500000000029104,-0.6649999999990541,169.0,0.7013076923077284,-10.0,-1.2450000000008004
82523311,Buy,2026-01-14 04:29:14,4625.78,4625.735000000001,0.5999999999994543,-0.0749999999989086,9.0,0.6077777777778061,-2.0,0.1750000000010914,0.11000000000058208,17.0,0.6188235294116834,-2.0,-0.2599999999983993,-0.11499999999978172,28.0,0.6239285714285481,-3.0,0.3850000000002183,-0.3099999999994907,65.0,0.6246153846154462,2.0,-0.019999999998617568,-0.5999999999994543,146.0,0.6135616438356408,3.0,-0.17999999999938154,-0.6199999999989814,240.0,0.6107500000000452,-1.0,-0.31999999999970896
82494965,Sell,2026-01-13 10:44:06,4587.85,4587.905000000001,0.5600000000004002,0.030000000000654836,4.0,0.5599999999999454,1.0,0.030000000000654836,-0.05999999999949068,7.0,0.5599999999998805,0.0,0.12000000000080036,-0.06999999999970896,9.0,0.5599999999998949,0.0,0.06999999999970896,-0.2349999999987631,28.0,0.5584642857142431,3.0,0.05500000000029104,0.21500000000014552,104.0,0.5615096153845536,5.0,-0.014999999999417923,-0.4399999999986903,161.0,0.5617639751552369,-12.0,1.7900000000008731
82465593,Sell,2026-01-12 12:11:18,4585.01,,,,,,,,,,,,,,,,,,,,,,,,,,,,,,,,
82462486,Buy,2026-01-12 09:25:57,4598.3,4597.431500000001,0.626999999999498,0.0,1.0,0.626999999999498,0.0,0.0,-0.4249999999992724,9.0,0.686222222222063,-2.0,-0.125,-0.49349999999958527,25.0,0.653159999999989,-4.0,-0.5065000000004147,-0.4234999999989668,47.0,0.6172127659573697,-2.0,-0.5834999999988213,-0.7984999999989668,106.0,0.5796509433961683,-3.0,-0.42849999999998545,-1.0985000000000582,207.0,0.5691980676328089,-7.0,-0.4385000000002037
82241706,Buy,2026-01-12 05:30:37,4571.8,4574.32,0.6899999999995998,0.0,3.0,0.696666666666412,0.0,0.11999999999898137,0.29500000000007276,13.0,0.6834615384614853,6.0,-0.45199999999931606,0.6549999999997453,24.0,0.6710416666665727,9.0,-0.2750000000005457,0.6449999999995271,59.0,0.6618983050847403,10.0,1.1649999999999636,1.8299999999999272,237.0,0.6798691983122512,19.0,-0.3099999999994907,1.4249999999992724,354.0,0.6850790960452183,18.0,2.5450000000000728
82199073,Sell,2026-01-09 07:03:58,4475.16,4473.785,0.6599999999998545,0.0,0.0,0.6599999999998545,0.0,0.0,0.12349999999969441,3.0,0.6523333333334449,2.0,-0.013499999999112333,0.14500000000043656,4.0,0.6517500000002201,3.0,-0.03499999999985448,0.02999999999974534,13.0,0.6559230769231502,0.0,0.22000000000025466,-0.39500000000043656,46.0,0.6522608695652746,-3.0,0.7849999999998545,-0.5349999999998545,141.0,0.5986808510638345,-8.0,-1.9249999999992724
82169230,Buy,2026-01-08 07:05:21,4432.78,4433.47,0.8299999999999272,0.07000000000061846,3.0,0.8299999999999272,2.0,0.02999999999974534,0.15999999999985448,11.0,0.8919090909089804,4.0,-0.16299999999864667,0.03999999999996362,26.0,0.8561923076922889,5.0,0.27999999999974534,0.42000000000007276,50.0,0.8550400000000263,11.0,-0.15999999999985448,0.32999999999992724,126.0,0.8358015873016066,1.0,0.4899999999997817,0.3600000000005821,269.0,0.8244907063197314,16.0,0.4599999999991269
82147110,Sell,2026-01-07 14:04:17,4453.3,4453.69,0.6700000000000728,0.02999999999974534,2.0,0.6700000000000728,1.0,-0.02999999999974534,-0.33000000000083674,13.0,0.6723076923075356,-6.0,0.009999999999308784,-0.45500000000083674,18.0,0.6722222222220908,-5.0,0.035000000000763976,-0.06000000000040018,50.0,0.6723999999999433,1.0,-0.2500000000009095,1.449999999999818,152.0,0.6624736842105198,-3.0,-2.3900000000003274,2.0299999999997453,308.0,0.6667922077922147,-10.0,0.21300000000064756
82095097,Buy,2026-01-06 06:52:50,4463.54,4463.4335,0.7770000000000437,-0.0500000000001819,6.0,0.7653333333334255,-1.0,0.08000000000083674,0.03499999999985448,27.0,0.7765925925927216,-1.0,-0.024999999999636202,0.25500000000010914,43.0,0.7653953488372577,5.0,-0.14499999999952706,-0.6750000000001819,96.0,0.7796250000000194,-12.0,1.1150000000006912,-0.10649999999986903,219.0,0.7066484018264771,-35.0,-1.503499999998894,0.2650000000003274,437.0,0.7025949656750731,-75.0,-0.4780000000000655
82061725,Buy,2026-01-05 09:12:23,4427.34,,,,,,,,,,,,,,,,,,,,,,,,,,,,,,,,
82028698,Buy,2026-01-02 07:31:50,4372.8,4374.11,0.8299999999999272,0.0,1.0,0.8299999999999272,0.0,0.0,0.0,1.0,0.8299999999999272,0.0,0.0,0.125,3.0,0.8399999999998423,2.0,0.05499999999847205,0.15499999999974534,23.0,0.8395652173912822,4.0,0.044999999999163265,1.7199999999993452,89.0,0.8337865168539466,14.0,-0.43000000000029104,-0.22000000000025466,179.0,0.8317039106145455,8.0,3.662999999999556
81983513,Buy,2025-12-30 10:12:46,4373.1,4371.5885,0.6270000000004075,-0.005000000000109139,5.0,0.6430000000000291,-2.0,0.09500000000025466,0.02999999999974534,18.0,0.6770000000000841,-3.0,0.06999999999879947,0.04500000000007276,42.0,0.7158095238095528,-5.0,0.06500000000050932,0.46999999999934516,68.0,0.7229264705883238,-1.0,-0.2999999999992724,0.4084999999995489,117.0,0.7402820512821392,-18.0,-0.09150000000045111,-0.8249999999998181,218.0,0.763091743119334,-25.0,0.9749999999994543
81979298,Sell,2025-12-30 05:20:44,4365.43,4366.4835,0.6369999999997162,0.0,0.0,0.6369999999997162,0.0,0.0,0.010000000000218279,3.0,0.636999999999413,0.0,-0.030000000000654836,0.020000000000436557,8.0,0.6664999999997008,1.0,0.06000000000130967,0.020000000000436557,8.0,0.6664999999997008,1.0,0.06000000000130967,0.8400000000001455,49.0,0.7002857142856649,10.0,-0.5599999999994907,1.7450000000008004,111.0,0.7017567567567197,16.0,0.49500000000080036
81950224,Buy,2025-12-29 04:11:17,4509.78,4510.687,0.5560000000004948,0.5135000000000218,4.0,0.5167500000002292,3.0,0.05349999999907595,0.45349999999962165,9.0,0.5480000000000776,2.0,0.5434999999997672,0.48699999999917054,17.0,0.6118235294118088,2.0,0.42000000000007276,0.717000000000553,54.0,0.7197592592592796,11.0,0.2669999999998254,1.4320000000006985,185.0,0.6963999999999696,16.0,1.091999999998734,1.238999999999578,397.0,0.71918891687654,52.0,1.7049999999999272
38800885,Buy,2025-12-23 15:38:24,4450.12,4450.35,0.6700000000000728,0.0500000000001819,4.0,0.6725000000001273,1.0,-0.0999999999994543,-0.339999999999236,25.0,0.6566399999999704,-2.0,-0.007000000000516593,-0.4600000000000364,44.0,0.6495681818181228,-3.0,-0.27699999999913416,0.24650000000019645,94.0,0.6745212765957517,3.0,-1.1064999999989595,1.711500000000342,243.0,0.6575226337448608,12.0,-0.21150000000034197,1.9315000000005966,477.0,0.6458155136268479,-6.0,1.2814999999991414
38786971,Buy,2025-12-23 09:53:01,4479.23,4478.97,0.8299999999999272,-0.06999999999970896,5.0,0.8340000000000145,-2.0,-0.039999999999054126,-0.26999999999952706,11.0,0.8279090909090883,-6.0,0.0500000000001819,-0.6399999999994179,24.0,0.8171666666666321,-11.0,0.0,-1.5099999999993088,48.0,0.8239375000000185,-23.0,0.23000000000047294,-1.178499999999076,118.0,0.8242033898305574,-27.0,-1.8015000000004875,-0.8834999999999127,172.0,0.8160116279069994,-27.0,-1.3364999999994325
38759834,Sell,2025-12-22 10:07:54,4415.72,4415.9285,0.7870000000002619,0.32849999999962165,6.0,0.8151666666667552,3.0,-0.2544999999990978,0.41849999999976717,11.0,0.8219090909091061,6.0,0.23849999999947613,0.32549999999991996,15.0,0.8235333333333983,4.0,0.43149999999968713,0.6270000000004075,37.0,0.8247027027027553,8.0,0.029999999998835847,0.8384999999998399,87.0,0.8172413793103909,8.0,0.4984999999996944,1.3485000000000582,125.0,0.8205120000000242,16.0,-0.038499999998748535
38755615,Buy,2025-12-22 06:17:51,4404.62,4403.74,0.8299999999999272,0.1180000000003929,4.0,0.8140000000000782,-1.0,-0.15800000000126602,0.1484999999993306,9.0,0.799888888888846,2.0,0.09749999999985448,-0.07200000000011642,18.0,0.7826666666667026,0.0,0.36899999999877764,-0.6500000000005457,42.0,0.7771190476190939,-8.0,0.40599999999994907,-1.6115000000008877,130.0,0.7746769230768993,-21.0,0.5715000000000146,-1.1520000000000437,247.0,0.7804777327934828,-12.0,-0.8119999999998981
38723027,Sell,2025-12-19 12:42:44,4328.49,4328.299999999999,0.5299999999997453,-0.06500000000050932,5.0,0.5319999999999709,0.0,0.06500000000050932,0.13499999999930878,14.0,0.5492857142855557,1.0,-0.34500000000207365,0.3249999999989086,18.0,0.5516666666665818,5.0,-0.4650000000001455,0.3499999999985448,37.0,0.5408108108108167,6.0,0.27999999999883585,-0.27000000000043656,98.0,0.5431020408163374,7.0,0.8599999999987631,0.16999999999916326,213.0,0.5380375586854539,10.0,-0.660000000000764
38720385,Buy,2025-12-19 08:43:53,4329.57,4329.3615,0.6270000000004075,0.0,0.0,0.6270000000004075,0.0,0.0,0.0,0.0,0.6270000000004075,0.0,0.0,0.0,0.0,0.6270000000004075,0.0,0.0,0.11999999999989086,10.0,0.6120000000002619,1.0,-0.13000000000010914,0.3000000000001819,104.0,0.5853557692308693,7.0,-0.23700000000008004,-0.7184999999999491,273.0,0.6221465201465551,-35.0,0.7685000000010405
38686016,Sell,2025-12-18 08:02:33,4330.21,4330.095,0.5799999999999272,-0.3899999999994179,6.0,0.5866666666667394,-3.0,0.43000000000029104,-0.7950000000000728,16.0,0.5918749999999591,-9.0,0.09500000000116415,-1.050000000000182,23.0,0.5908695652173581,-14.0,0.06000000000040018,-1.5050000000001091,30.0,0.5889999999999721,-17.0,0.045000000000982254,-2.4899999999997817,83.0,0.5844216867469284,-24.0,-0.6900000000005093,-0.7650000000003274,204.0,0.5776764705882286,1.0,-3.675000000000182
38683859,Buy,2025-12-18 06:05:45,4330.83,4332.08,0.6100000000005821,-0.020000000000436557,6.0,0.6133333333335335,-1.0,0.1000000000003638,0.010000000000218279,21.0,0.6195238095239065,2.0,0.019999999998617568,0.32999999999992724,42.0,0.619047619047684,5.0,-0.3099999999994907,0.8800000000001091,63.0,0.6101587301587527,10.0,-0.7699999999995271,0.0,143.0,0.6061608391608426,2.0,1.680000000000291,0.6550000000006548,270.0,0.6110296296296164,-14.0,-0.8150000000005093
38650723,Sell,2025-12-17 07:38:06,4322.06,4323.335,0.5599999999994907,0.0,0.0,0.5599999999994907,0.0,0.0,0.0500000000001819,6.0,0.7903333333333649,3.0,-0.06000000000040018,-0.0999999999994543,10.0,0.698199999999997,2.0,0.17999999999938154,0.08999999999923602,30.0,0.6027333333334658,6.0,-0.37999999999829015,-0.6500000000005457,74.0,0.5693513513514075,10.0,0.22000000000207365,-1.300000000000182,136.0,0.5732279411765028,8.0,1.019999999999527
38648802,Buy,2025-12-17 06:21:41,4333.67,4331.74,0.6499999999996362,-0.13500000000021828,5.0,0.6539999999999054,0.0,-0.13500000000021828,-0.37000000000080036,21.0,0.6376190476191498,-2.0,-0.37000000000080036,0.17000000000007276,45.0,0.6441333333334316,4.0,-0.9699999999993452,0.2734999999993306,98.0,0.6824489795919028,7.0,-0.3434999999990396,-3.1149999999997817,260.0,0.6523923076923543,0.0,3.67200000000048,-3.2700000000004366,377.0,0.6514164456233562,-8.0,2.389999999999418
38612361,Sell,2025-12-16 06:41:45,4291.03,4290.615,0.6000000000003638,-0.030000000000654836,6.0,0.5950000000004062,1.0,0.12000000000080036,-0.11499999999978172,9.0,0.5944444444447881,-2.0,-0.02500000000145519,-0.06999999999970896,14.0,0.5964285714287924,-1.0,-0.08000000000174623,0.010000000000218279,30.0,0.5993333333333187,-3.0,-0.23999999999978172,-0.6149999999997817,78.0,0.5976923076923063,-5.0,0.4249999999992724,-0.48000000000047294,137.0,0.5919708029197174,2.0,-0.8900000000003274
38570537,Sell,2025-12-15 13:00:14,4345.38,4345.155,0.6000000000003638,-0.14500000000043656,6.0,0.589999999999994,-3.0,0.08500000000094587,-0.02999999999974534,23.0,0.5856521739129754,0.0,-0.340000000001055,-0.35500000000047294,42.0,0.5928571428570693,-3.0,0.4350000000004002,-1.055000000000291,97.0,0.5867731958762831,-12.0,-0.015000000001236913,-0.8500000000003638,207.0,0.5780241545893668,-9.0,-1.3099999999994907,-0.3100000000004002,303.0,0.580135313531356,3.0,-0.7600000000011278
38568721,Sell,2025-12-15 10:29:18,4347.89,4347.084999999999,0.5399999999999636,-0.010000000000218279,7.0,0.5457142857143741,0.0,0.3599999999987631,0.049999999999272404,14.0,0.5578571428571715,1.0,-0.06999999999970896,-0.2500000000009095,31.0,0.5945161290322968,-4.0,0.3499999999994543,-0.5600000000013097,56.0,0.6095892857142969,-7.0,0.5099999999983993,-0.8415000000004511,106.0,0.6130754716981206,-7.0,0.11149999999724969,-0.7000000000007276,165.0,0.608327272727299,6.0,-1.3000000000010914
38528027,Sell,2025-12-12 09:25:01,4317.51,4317.285,0.5599999999994907,0.03499999999985448,7.0,0.5357142857142857,1.0,0.03499999999985448,0.11000000000058208,8.0,0.5362499999999955,2.0,-0.040000000000873115,0.11000000000058208,8.0,0.5362499999999955,2.0,-0.040000000000873115,0.7199999999993452,26.0,0.5461538461538041,8.0,-0.06999999999970896,0.25,94.0,0.5468085106382262,8.0,0.6399999999994179,1.4769999999998618,230.0,0.5699043478260769,12.0,-0.5969999999988431
38492680,Buy,2025-12-11 11:09:27,4217.4,4217.6900000000005,0.5099999999993088,0.0,0.0,0.5099999999993088,0.0,0.0,0.0,1.0,0.5099999999993088,0.0,0.0,0.0,1.0,0.5099999999993088,0.0,0.0,0.030000000000654836,5.0,0.5099999999998545,2.0,0.09000000000014552,0.005000000001018634,20.0,0.5144999999999073,-1.0,0.11499999999978172,-0.15499999999883585,44.0,0.5274999999999802,-3.0,0.16500000000087311
38487563,Buy,2025-12-11 07:32:30,4211.49,4211.635,0.5200000000004366,-0.024999999999636202,2.0,0.525000000000091,-1.0,0.024999999999636202,0.005000000000109139,7.0,0.5271428571429299,2.0,-0.005000000000109139,-0.024999999999636202,14.0,0.5264285714286286,1.0,0.03499999999985448,-0.03499999999985448,30.0,0.5280000000000655,-3.0,0.04500000000007276,-0.4399999999995998,70.0,0.531000000000066,1.0,0.47000000000025466,-1.1149999999997817,143.0,0.5476713286713605,-12.0,0.125
38449900,Sell,2025-12-10 14:31:07,4198.23,4195.875,0.5599999999994907,0.375,11.0,0.5572727272725718,4.0,0.2250000000003638,0.19000000000050932,30.0,0.5728666666665958,5.0,0.3099999999994907,-0.49499999999989086,48.0,0.579708333333258,5.0,0.7249999999994543,-0.9200000000000728,85.0,0.5733647058823301,3.0,0.3500000000003638,0.1000000000003638,264.0,0.5766628787878876,26.0,-2.9430000000011205,-1.050000000000182,540.0,0.5751925925926133,21.0,1.2170000000014625
38448404,Buy,2025-12-10 14:17:48,4204.15,4204.76,0.5299999999997453,-0.03499999999985448,5.0,0.5539999999997235,-2.0,0.08499999999912689,-0.024999999999636202,13.0,0.5584615384612754,-2.0,-0.125,0.08500000000003638,25.0,0.5603999999998632,-2.0,-0.13499999999930878,-0.09000000000014552,30.0,0.5559999999998885,-3.0,0.040000000000873115,0.6200000000008004,145.0,0.5493517241379432,8.0,-0.6000000000003638,-0.20999999999912689,281.0,0.5570818505338174,-6.0,1.639999999999418
38443239,Sell,2025-12-10 12:17:30,4200.58,4200.139999999999,0.5299999999997453,0.019999999998617568,3.0,0.542333333333166,0.0,0.07699999999931606,0.014999999999417923,9.0,0.5371111111111936,0.0,0.005000000001018634,-0.07000000000061846,17.0,0.5340588235295025,0.0,0.0999999999994543,-0.2650000000012369,30.0,0.5319666666667521,-3.0,0.31199999999989814,-1.0700000000006185,91.0,0.5291868131869225,-8.0,0.2599999999993088,-1.6599999999998545,155.0,0.5378451612904105,-12.0,0.679999999998472
38441014,Buy,2025-12-10 10:33:15,4189.26,4193.355,0.5399999999999636,0.0,0.0,0.5399999999999636,0.0,0.0,0.0,0.0,0.5399999999999636,0.0,0.0,0.0,0.0,0.5399999999999636,0.0,0.0,0.0,0.0,0.5399999999999636,0.0,0.0,0.0,0.0,0.5399999999999636,0.0,0.0,0.0,0.0,0.5399999999999636,0.0,0.0
38422656,Buy,2025-12-09 18:33:05,4204.34,4206.71,0.46999999999934516,0.015000000000327418,2.0,0.4849999999996726,1.0,-0.015000000000327418,0.23000000000047294,16.0,0.5018749999998136,3.0,-0.010000000001127773,0.15999999999985448,18.0,0.5027777777776363,1.0,0.06999999999970896,0.375,37.0,0.5054054054054005,4.0,0.14500000000043656,0.019999999999527063,117.0,0.5047863247863515,-3.0,1.1400000000003274,-0.9399999999995998,172.0,0.5062209302325776,-6.0,1.7599999999993088
38394143,Buy,2025-12-09 08:35:42,4185.67,4187.85,0.5700000000006185,0.0,0.0,0.5700000000006185,0.0,0.0,0.015000000001236913,5.0,0.556000000000131,0.0,-0.004999999999199645,0.07999999999992724,8.0,0.5537500000001501,1.0,-0.1000000000003638,0.22000000000116415,19.0,0.5510526315790086,6.0,-0.06000000000130967,1.4885000000003856,104.0,0.5921250000000537,9.0,-1.6184999999995853,1.308500000001004,265.0,0.6053735849056843,6.0,3.168499999999767
38381092,Sell,2025-12-08 14:57:55,4205.31,4201.6,0.5900000000001455,0.06500000000050932,11.0,0.5815454545452833,4.0,0.005000000001018634,1.4965000000001965,27.0,0.5863333333332709,14.0,-0.48649999999997817,0.08500000000003638,51.0,0.5883333333333534,8.0,2.785000000000764,-1.2449999999989814,97.0,0.5870309278350516,18.0,1.2250000000003638,-3.0549999999993815,299.0,0.5950133779264476,-2.0,1.0649999999995998,-5.6599999999998545,660.0,0.5986803030303263,-42.0,1.25
38327555,Buy,2025-12-05 13:06:32,4221.93,4223.135,0.5399999999999636,-0.1000000000003638,12.0,0.5391666666667637,-1.0,-0.08999999999832653,-0.06999999999970896,24.0,0.5458333333332727,1.0,-0.13000000000101863,-0.14499999999952706,32.0,0.543437499999925,-1.0,-0.005000000000109139,-0.5764999999992142,61.0,0.5488032786884627,-4.0,0.4065000000009604,-1.319999999999709,162.0,0.56227160493827,-1.0,-0.8999999999996362,-1.074999999999818,300.0,0.5621566666666755,-6.0,-0.8749999999990905
38293895,Sell,2025-12-04 11:18:01,4202.96,4203.395,0.5600000000004002,-0.0999999999994543,3.0,0.5599999999997939,-2.0,-0.03999999999996362,-0.125,4.0,0.5625,-3.0,-0.014999999999417923,-0.125,4.0,0.5625,-3.0,-0.014999999999417923,-0.10999999999967258,12.0,0.5633333333331242,-3.0,-0.08999999999923602,-0.6849999999994907,73.0,0.5678630136986512,-10.0,0.3350000000009459,0.31999999999970896,148.0,0.5681756756756705,1.0,-1.6199999999989814
38258178,Buy,2025-12-03 07:33:51,4201.92,4202.1900000000005,0.5700000000006185,0.14500000000043656,2.0,0.5650000000000546,1.0,-0.14500000000043656,-0.49499999999898137,14.0,0.5614285714285481,-1.0,0.8150000000005093,-0.9499999999989086,29.0,0.5523103448275802,-2.0,-0.12999999999919964,-0.5799999999999272,41.0,0.5555365853658547,2.0,-1.3500000000003638,0.6750000000010914,90.0,0.550966666666712,13.0,-1.695000000001528,0.7650000000012369,173.0,0.5745491329480134,17.0,0.39499999999861757
38220734,Sell,2025-12-02 09:32:10,4192.78,4194.48,0.589999999999236,0.0,0.0,0.589999999999236,0.0,0.0,0.31999999999970896,9.0,0.5807777777776614,2.0,-0.19000000000050932,0.23499999999967258,20.0,0.5828499999999167,5.0,0.4849999999996726,0.2649999999994179,37.0,0.5838918918917025,6.0,0.15499999999883585,0.5314999999991414,103.0,0.5660776699028379,12.0,0.9784999999992579,-0.9750000000003638,218.0,0.5604862385320545,11.0,1.7749999999996362
38185142,Sell,2025-12-01 10:14:10,4260.23,4260.92,0.75,0.0500000000001819,3.0,0.75,2.0,-0.009999999999308784,-0.2084999999997308,11.0,0.7460909090909396,0.0,0.2485000000006039,-0.4849999999996726,22.0,0.7410000000000267,-5.0,0.068000000000211,-0.5399999999999636,34.0,0.7450588235294217,-5.0,-0.3469999999988431,-1.1700000000000728,106.0,0.6722830188678875,-21.0,-0.42699999999967986,-1.1185000000004948,233.0,0.6506695278969947,-26.0,-1.0285000000003492
38122859,Sell,2025-11-27 09:02:26,4160.74,4161.514999999999,0.5199999999995271,-0.050000000001091394,6.0,0.5183333333332788,1.0,-0.039999999999054126,-0.14650000000074215,18.0,0.46750000000009906,1.0,0.09649999999965075,-0.2415000000000873,28.0,0.47028571428596216,-3.0,0.268499999998312,-0.6950000000006185,68.0,0.4888970588237418,-10.0,0.16499999999814463,-1.2400000000006912,141.0,0.4879574468085922,-19.0,-0.5600000000004002,-2.9000000000005457,242.0,0.4952355371901568,-40.0,0.1499999999987267
38119105,Sell,2025-11-27 06:09:07,4150.92,4150.46,0.6100000000005821,0.18999999999959982,6.0,0.6100000000001273,3.0,-0.009999999999308784,0.11999999999989086,8.0,0.610000000000241,1.0,0.0999999999994543,0.09000000000014552,13.0,0.6100000000001623,0.0,0.25,0.1500000000005457,23.0,0.6085217391305575,0.0,0.1500000000005457,-0.009999999999308784,70.0,0.6054285714286899,1.0,-0.2500000000009095,-0.6999999999998181,164.0,0.5953048780488588,-13.0,0.1999999999998181
38045554,Buy,2025-11-26 07:36:48,4153.89,4154.52,0.75,0.22000000000025466,6.0,0.751666666666703,1.0,0.2500000000009095,0.23000000000047294,8.0,0.7512500000000273,1.0,0.26999999999952706,0.44350000000122236,14.0,0.7512142857143382,7.0,0.05649999999877764,0.4735000000000582,26.0,0.7496923076923849,7.0,0.28650000000016007,0.24000000000069122,61.0,0.7483606557377288,-2.0,0.6199999999998909,0.7700000000004366,149.0,0.7402617449664672,20.0,-0.1499999999996362
37964561,Buy,2025-11-24 11:01:04,4063.89,4064.19,0.75,-0.09999999999990905,3.0,0.7333333333332727,-2.0,0.010000000000673026,-0.1299999999996544,8.0,0.7187499999999432,-1.0,-0.04000000000041837,-0.1799999999998363,12.0,0.7233333333333197,-1.0,-0.07000000000016371,-0.11000000000012733,26.0,0.7265384615384917,3.0,-0.15999999999939973,0.24000000000023647,107.0,0.7213457943925508,5.0,-0.2300000000000182,0.06500000000005457,154.0,0.7289740259740477,-12.0,-0.46499999999969077
37928869,Sell,2025-11-21 11:14:11,4041.78,4041.46,0.7699999999999818,-0.02999999999974534,5.0,0.7599999999999454,0.0,-0.16000000000076398,-0.02999999999974534,5.0,0.7599999999999454,0.0,-0.16000000000076398,-0.25500000000010914,10.0,0.7579999999999927,-1.0,0.19500000000061846,-0.9049999999997453,30.0,0.7573333333332963,-5.0,0.24499999999989086,-2.0700000000001637,95.0,0.7563157894736785,-15.0,1.0400000000004184,-2.0900000000001455,210.0,0.7564190476190388,-18.0,-2.8099999999994907
37874673,Sell,2025-11-20 06:09:10,4076.1,4076.34,0.6100000000001273,0.0,1.0,0.6100000000001273,0.0,0.0,-0.18499999999994543,9.0,0.6133333333333313,-4.0,-0.19499999999925421,-0.1799999999998363,19.0,0.6115789473683914,-4.0,-0.25999999999976353,-0.8949999999999818,45.0,0.6090444444443973,-14.0,0.27200000000038926,2.4400000000005093,163.0,0.6051165644171835,8.0,-3.0200000000004366,6.680000000000291,289.0,0.609688581314894,50.0,-3.2000000000007276
37836776,Sell,2025-11-19 10:12:16,4110.56,4110.365,0.5,0.0500000000001819,2.0,0.5,1.0,-0.0500000000001819,0.8000000000001819,17.0,0.5264705882352834,4.0,0.08999999999923602,0.9249999999992724,28.0,0.5239285714285741,3.0,0.1750000000010914,0.8549999999995634,53.0,0.5232075471698202,2.0,1.0450000000000728,-1.4949999999998909,169.0,0.5362958579881711,-23.0,2.684999999998581,-0.8500000000003638,298.0,0.5327315436241546,-36.0,-0.2899999999990541
37791981,Sell,2025-11-18 06:48:04,4014.84,4014.9449999999997,0.6399999999998727,0.01499999999987267,3.0,0.6299999999999576,0.0,-0.03500000000030923,0.03999999999950887,9.0,0.6255555555555676,2.0,-0.009999999999763531,0.18999999999959982,15.0,0.6313333333333503,4.0,0.009999999999308784,-0.04000000000041837,37.0,0.6145945945946133,4.0,0.169999999999618,0.9349999999994907,121.0,0.5995041322313934,6.0,-0.6749999999992724,1.0299999999997453,265.0,0.6074716981132042,17.0,0.6899999999995998
37748984,Buy,2025-11-17 07:17:27,4074.19,4073.95,0.5499999999997272,-0.09000000000014552,3.0,0.5500000000000304,0.0,0.10999999999967258,-0.24000000000023647,8.0,0.5512500000000387,-3.0,4.547473508864641e-13,-0.47000000000025466,16.0,0.546875,-5.0,-0.010000000000218279,-1.1300000000001091,46.0,0.5415217391304218,-9.0,0.8800000000001091,-1.25,120.0,0.51558333333334,-9.0,-1.1400000000003274,0.9399999999995998,227.0,0.5153920704846001,15.0,-3.269999999999527
37701576,Sell,2025-11-14 09:12:06,4180.12,4179.4349999999995,0.6199999999998909,-0.13500000000021828,5.0,0.5859999999998763,-2.0,-0.09499999999934516,-0.7849999999998545,22.0,0.5609090909089735,-7.0,-0.7450000000026193,-0.8250000000007276,45.0,0.553999999999865,-8.0,-0.694999999999709,-1.0200000000004366,74.0,0.5277162162161477,-11.0,-0.2600000000002183,-0.47000000000116415,178.0,0.523348314606731,-5.0,-1.1700000000000728,-0.04500000000007276,357.0,0.5533921568627289,-24.0,-0.8850000000002183
37610153,Buy,2025-11-12 08:19:02,4121.1,4121.143,0.5159999999996217,-0.027000000000043656,9.0,0.5155555555553898,-2.0,0.1069999999999709,0.11300000000028376,20.0,0.5034999999998945,1.0,-0.12699999999949796,0.12299999999959255,38.0,0.5006842105262637,1.0,0.043000000001484295,0.5580000000009022,70.0,0.5040571428570989,-1.0,-0.1820000000006985,-0.09699999999975262,184.0,0.50957065217394,-15.0,1.0029999999987922,0.3330000000005384,327.0,0.5197706422018603,-28.0,-0.2569999999996071
37543683,Buy,2025-11-10 09:22:51,4076.89,4077.035,0.5199999999999818,0.0,1.0,0.5199999999999818,0.0,0.0,0.01499999999987267,7.0,0.5199999999999818,0.0,0.12499999999954525,-0.11500000000023647,13.0,0.5153846153845664,-6.0,0.1449999999999818,0.44000000000005457,24.0,0.5108333333333045,1.0,-0.6100000000001273,0.6799999999998363,65.0,0.5031384615384503,6.0,0.20000000000027285,-0.4000000000005457,222.0,0.52650900900901,9.0,3.230000000000473
37542995,Buy,2025-11-10 09:00:16,4082.44,4082.73,0.4899999999997817,0.04999999999972715,2.0,0.4900000000000091,1.0,-0.04999999999972715,-0.009999999999763531,7.0,0.5128571428571637,-2.0,0.009999999999763531,0.07999999999992724,12.0,0.5200000000000197,-1.0,-0.06000000000040018,0.03499999999985448,33.0,0.52666666666667,0.0,-0.1750000000001819,1.2649999999998727,98.0,0.5212244897959223,9.0,-1.1550000000002,1.1449999999999818,191.0,0.5127748691099622,-2.0,1.4649999999996908
37542639,Sell,2025-11-10 08:42:17,4082.62,4083.2250000000004,0.5199999999999818,-0.0999999999994543,6.0,0.5233333333333879,1.0,0.1999999999998181,-0.0999999999994543,6.0,0.5233333333333879,1.0,0.1999999999998181,-0.13499999999930878,7.0,0.5242857142857896,0.0,0.2750000000005457,-0.21499999999969077,26.0,0.5226923076923483,7.0,-0.5449999999987085,-0.7234999999996035,78.0,0.5256025641025679,9.0,0.6835000000005493,-0.34499999999934516,152.0,0.5389934210526265,13.0,-0.49500000000080036
37507379,Sell,2025-11-07 09:18:04,4013.03,4013.615,0.5199999999999818,0.010000000000218279,3.0,0.5199999999999818,0.0,0.049999999999272404,-0.11350000000038563,15.0,0.5140666666666827,0.0,-0.33650000000034197,-0.06500000000050932,19.0,0.5158421052631782,2.0,-0.16200000000026193,-0.015000000000327418,33.0,0.5197272727273368,6.0,-0.10500000000047294,0.8800000000001091,95.0,0.5267473684210879,22.0,-0.43000000000120053,0.4499999999998181,170.0,0.5256352941176614,11.0,0.31999999999970896
37477144,Buy,2025-11-06 10:42:44,4006.89,4007.3585000000003,0.6870000000003529,-0.009999999999763531,3.0,0.7070000000003347,0.0,-0.029999999999290594,0.0785000000000764,8.0,0.723500000000115,1.0,-0.14149999999926877,-0.016499999999723514,12.0,0.7340000000000751,-1.0,0.1734999999998763,0.16500000000041837,28.0,0.7338928571429213,1.0,-0.2480000000000473,0.3785000000002583,69.0,0.7414927536231753,4.0,-0.40149999999948704,0.6600000000003092,169.0,0.7362958579881803,0.0,-0.29999999999972715
37442389,Buy,2025-11-05 07:55:47,3969.56,3970.2749999999996,0.6399999999998727,0.02999999999974534,2.0,0.6399999999998727,1.0,-0.02999999999974534,0.03499999999985448,4.0,0.6349999999997635,1.0,0.024999999999636202,0.03999999999996362,8.0,0.6362499999999045,-1.0,0.02999999999974534,0.4149999999995089,11.0,0.6354545454545256,0.0,-0.06500000000005457,0.8649999999997817,45.0,0.6441555555555776,0.0,0.21500000000014552,0.07999999999992724,125.0,0.6612879999999969,-10.0,2.319999999999709
37400976,Sell,2025-11-04 08:09:22,3998.11,3998.3549999999996,0.5199999999999818,0.10499999999956344,2.0,0.5150000000001,1.0,-0.10499999999956344,-0.11500000000069122,12.0,0.5266666666666424,-1.0,0.16499999999996362,-0.205000000000382,21.0,0.5319047619047004,-8.0,0.4449999999992542,-0.285000000000764,39.0,0.5328205128204713,-8.0,-0.08500000000003638,-0.9350000000004002,127.0,0.4864724409448079,-20.0,0.08500000000003638,0.054999999999381544,243.0,0.46876131687238726,-28.0,-0.998000000000502
37386001,Buy,2025-11-03 16:38:37,3998.58,4001.5384999999997,0.7469999999998436,0.1984999999995125,7.0,0.7427142857142306,2.0,-0.011499999999614374,0.3114999999997963,23.0,0.7305652173912399,4.0,0.33149999999932334,0.9514999999996689,39.0,0.7286923076922577,8.0,-0.3285000000000764,2.0814999999993233,77.0,0.73385714285712,28.0,-0.17849999999998545,3.581499999999778,211.0,0.6540284360189337,44.0,1.3984999999997854,2.3864999999996144,384.0,0.6905859374999762,41.0,3.4364999999997963
37296835,Buy,2025-10-30 07:44:53,3965.57,3961.5185,0.6669999999999163,0.0,0.0,0.6669999999999163,0.0,0.0,0.25500000000010914,17.0,0.6653529411763456,4.0,-0.29499999999916326,0.3400000000001455,21.0,0.6418571428570691,6.0,-0.3400000000001455,-0.02999999999974534,42.0,0.6156190476190637,5.0,0.7100000000000364,-2.8895000000002256,159.0,0.6528553459119931,-12.0,2.339500000000953,-1.4465000000000146,300.0,0.6727233333333545,-2.0,-4.513499999999112
37217619,Sell,2025-10-28 10:52:18,3907.0,3922.56,0.7100000000000364,0.01999999999998181,6.0,0.6916666666666819,-1.0,0.0799999999994725,0.3214999999995598,15.0,0.703133333333335,2.0,-0.16149999999970532,0.46499999999969077,18.0,0.7053888888888701,3.0,-0.2449999999994361,0.49499999999989086,29.0,0.7085172413793426,6.0,0.14799999999922875,0.875,86.0,0.7115930232558523,5.0,-0.2750000000005457,0.45999999999958163,207.0,0.7155845410628227,9.0,1.400000000000091
37162697,Buy,2025-10-27 06:13:05,4073.84,4080.8665,0.6970000000001164,0.03150000000005093,3.0,0.7080000000002352,2.0,0.018500000000130967,0.08500000000003638,9.0,0.7094444444445698,4.0,-0.05199999999967986,-0.1999999999998181,15.0,0.7088000000001254,8.0,0.2830000000003565,0.03499999999985448,20.0,0.7073000000000775,11.0,0.14800000000013824,0.41150000000016007,69.0,0.7108985507246792,22.0,0.1414999999997235,0.00650000000041473,170.0,0.7168235294117948,30.0,0.8465000000005602
37145681,Sell,2025-10-24 16:34:45,4133.72,4133.465,0.5799999999999272,-0.02999999999974534,4.0,0.5799999999999272,-1.0,0.07000000000061846,-0.22000000000025466,12.0,0.5800000000000031,1.0,0.24000000000069122,-0.1750000000001819,17.0,0.5805882352941112,0.0,0.45500000000083674,-0.3099999999994907,50.0,0.5773599999999897,-5.0,-0.09000000000014552,-1.3400000000001455,112.0,0.5708392857142631,-9.0,0.3999999999996362,-0.7034999999996217,225.0,0.5716622222222052,-10.0,-1.8965000000007421
37082195,Buy,2025-10-23 05:30:44,4092.12,4091.95,0.7100000000000364,-0.03000000000020009,4.0,0.7150000000000318,-1.0,-0.05999999999994543,-0.45000000000027285,6.0,0.7150000000000697,-3.0,0.29999999999972715,-0.6150000000002365,15.0,0.7133333333334122,-4.0,-0.3049999999998363,-0.11999999999989086,45.0,0.7113333333333786,0.0,-0.410000000000764,0.7300000000000182,180.0,0.7086666666666639,10.0,1.6499999999991815,2.4849999999996726,327.0,0.7151498470948104,25.0,-2.6350000000002183
37045628,Sell,2025-10-22 07:02:29,4152.22,4151.83,0.6499999999996362,-0.1499999999996362,9.0,0.6022222222222303,-4.0,0.05999999999949068,-0.11000000000058208,21.0,0.6114285714284484,-8.0,0.5300000000006548,0.10499999999956344,31.0,0.6309677419353794,-10.0,0.375,0.4099999999998545,70.0,0.6091571428571114,-13.0,-0.01299999999901047,1.0649999999995998,249.0,0.61212449799196,-31.0,-0.8450000000002547,-2.7849999999998545,499.0,0.6387054108216249,-87.0,4.875
37005647,Sell,2025-10-21 10:56:35,4258.12,4258.0515,0.4070000000001528,0.049999999999272404,4.0,0.35200000000008913,3.0,-0.010000000000218279,0.3664999999991778,16.0,0.4660000000000082,1.0,-0.2764999999990323,-0.06500000000050932,29.0,0.4759655172414067,-4.0,0.8580000000001746,-0.35499999999956344,62.0,0.47124193548389454,-9.0,0.4349999999976717,0.33799999999973807,179.0,0.5142569832402877,-4.0,-1.1880000000001019,0.8814999999995052,348.0,0.5057528735632901,-18.0,-0.36850000000049477
36998918,Buy,2025-10-21 07:42:21,4301.15,4300.88,0.6499999999996362,-0.125,15.0,0.6644666666665823,-2.0,0.15500000000065484,0.375,39.0,0.659717948717909,0.0,-1.0349999999980355,-0.23999999999978172,59.0,0.6816779661016341,7.0,1.3729999999995925,-0.7449999999998909,109.0,0.699623853211026,8.0,1.2449999999998909,-4.063500000000204,337.0,0.6955786350148255,-24.0,-0.279499999998734,-3.2200000000002547,689.0,0.7201494920174311,-38.0,-3.946999999999207
36997575,Buy,2025-10-21 07:23:43,4329.16,4328.77,0.5700000000006185,0.0,0.0,0.5700000000006185,0.0,0.0,-0.19499999999970896,5.0,0.5660000000001674,-2.0,0.21500000000014552,-0.04500000000007276,11.0,0.5827272727272595,0.0,-0.2749999999996362,0.13000000000010914,26.0,0.6361538461537748,1.0,-0.04999999999836291,-0.11499999999978172,146.0,0.6858219178082386,1.0,-1.4949999999989814,-0.23999999999978172,285.0,0.6874140350877401,6.0,0.16000000000167347
36954767,Sell,2025-10-20 08:47:26,4258.23,4257.72,0.6700000000000728,-0.046499999999468855,6.0,0.6650000000001152,-3.0,-0.07749999999850843,-0.2915000000002692,16.0,0.6463124999998513,-9.0,0.1985000000013315,-0.13000000000010914,29.0,0.6453448275861492,-4.0,-0.4499999999998181,-0.3849999999993088,55.0,0.6411090909089994,-8.0,0.0749999999998181,0.03999999999996362,164.0,0.6430609756096978,-10.0,-0.5999999999994543,-1.1549999999997453,324.0,0.6430648148147842,-35.0,1.574999999999818
36902372,Sell,2025-10-17 12:37:18,4310.55,4310.95,0.7299999999995634,0.02999999999974534,6.0,0.724999999999909,1.0,-0.10000000000127329,0.23999999999978172,25.0,0.8137199999999212,10.0,-0.023999999999432475,0.36999999999989086,49.0,0.8217959183672733,4.0,0.10999999999967258,0.9049999999997453,114.0,0.8292894736841446,-4.0,-0.05200000000058935,-0.467000000000553,300.0,0.7760566666667152,-28.0,2.0969999999997526,2.288499999999658,642.0,0.7783239875389595,-23.0,-3.6225000000004
36893509,Buy,2025-10-17 10:15:10,4338.39,4338.13,0.6499999999996362,0.07000000000061846,3.0,0.6166666666664847,2.0,-0.010000000001127773,0.10350000000016735,15.0,0.635399999999936,1.0,-0.05349999999907595,0.3000000000001819,27.0,0.6401481481482025,-1.0,-0.2529999999997017,-0.046499999999468855,67.0,0.6041791044777683,-1.0,0.5235000000002401,-1.4515000000001237,146.0,0.5932397260275051,-38.0,1.1914999999999054,-2.630000000000109,264.0,0.587776515151559,-49.0,0.22000000000025466
36829995,Buy,2025-10-16 10:29:09,4238.15,4237.96,0.6700000000000728,0.0,1.0,0.6700000000000728,0.0,0.0,0.06000000000040018,6.0,0.6683333333335213,1.0,-0.22000000000025466,0.043500000000676664,7.0,0.6638571428572634,0.0,-0.09350000000176806,-0.18850000000020373,25.0,0.6712400000000344,2.0,0.10850000000027649,-0.1485000000002401,80.0,0.5642999999998437,3.0,-0.9084999999986394,0.125,188.0,0.6072712765957079,7.0,0.04800000000068394
36829878,Buy,2025-10-16 10:23:12,4239.37,4239.575,0.680000000000291,0.0,1.0,0.680000000000291,0.0,0.0,0.0,1.0,0.680000000000291,0.0,0.0,-0.019999999999527063,7.0,0.6714285714286754,-2.0,-0.020000000001346052,-0.42000000000007276,12.0,0.6750000000001061,-3.0,0.2000000000007276,-0.25349999999980355,47.0,0.6688510638297808,-4.0,-0.11350000000038563,-0.1999999999998181,87.0,0.6705402298850313,-6.0,-0.340000000001055
36829765,Sell,2025-10-16 10:15:47,4240.78,4241.058499999999,0.48700000000008004,0.0834999999988213,4.0,0.575249999999869,3.0,-0.04349999999976717,0.2349999999987631,18.0,0.555999999999939,5.0,0.18499999999949068,0.49499999999898137,32.0,0.5591249999999945,9.0,-0.16500000000087311,0.7834999999995489,44.0,0.5888409090909218,15.0,-0.1235000000015134,1.5799999999999272,128.0,0.6347968750000419,27.0,1.2069999999985157,2.533499999999549,188.0,0.644803191489376,51.0,-0.6265000000003056
36768836,Buy,2025-10-15 06:35:08,4189.58,4189.865,0.5799999999999272,0.0,0.0,0.5799999999999272,0.0,0.0,0.15499999999974534,9.0,0.6022222222222303,2.0,-0.035000000000763976,0.31999999999970896,15.0,0.6046666666666473,6.0,0.15999999999985448,0.7299999999995634,37.0,0.6013783783783839,16.0,-0.4099999999998545,0.7849999999998545,110.0,0.6014000000000702,19.0,0.8849999999983993,0.3400000000001455,191.0,0.5909633507853916,22.0,1.7600000000002183
36726171,Sell,2025-10-14 07:52:46,4126.17,4125.9095,0.7229999999999563,0.17799999999988358,7.0,0.7638571428572375,-2.0,0.19199999999909778,0.15799999999944703,18.0,0.7471666666666452,-3.0,0.14800000000104774,0.054500000000189175,38.0,0.7080526315788982,-5.0,0.3415000000004511,-0.43699999999989814,80.0,0.7122124999999755,-15.0,0.26299999999901047,0.10800000000017462,239.0,0.7436820083681961,-22.0,0.04099999999925785,-0.9070000000001528,485.0,0.7267092783505449,-49.0,1.0870000000004438
36725889,Sell,2025-10-14 07:42:54,4122.81,4123.0465,0.7969999999995707,0.03300000000035652,15.0,0.7815333333333304,0.0,0.08700000000044383,0.05500000000029104,26.0,0.8198076923077119,-3.0,-0.2809999999990396,-0.024999999999636202,44.0,0.8409318181818848,-5.0,0.34499999999934516,0.3150000000005093,76.0,0.8397763157895257,-3.0,0.23500000000058208,-1.3429999999989377,219.0,0.9252009132420451,-16.0,1.5759999999991123,-0.9349999999994907,486.0,0.8432407407407624,-11.0,-0.7709999999988213
36682106,Sell,2025-10-13 12:38:45,4078.64,4078.95,0.5300000000002001,0.024999999999636202,3.0,0.5400000000001152,0.0,0.09499999999934516,0.09499999999979991,9.0,0.5533333333334364,0.0,0.034999999999399733,0.4915000000000873,16.0,0.5560625000000528,3.0,-0.2415000000000873,0.5249999999996362,30.0,0.5675666666666833,3.0,0.45499999999992724,1.4799999999995634,143.0,0.5680979020979041,10.0,0.5499999999992724,0.17000000000007276,410.0,0.5780951219512356,-25.0,1.0599999999994907
36640713,Buy,2025-10-10 16:29:10,3989.25,3989.075,0.6200000000003456,0.03499999999985448,5.0,0.6360000000000582,0.0,0.04500000000007276,0.2199999999997999,15.0,0.6346666666666958,-2.0,-0.11999999999943611,-0.14500000000043656,30.0,0.6396666666666988,-5.0,0.5850000000000364,-0.555000000000291,64.0,0.6516250000000241,-15.0,0.06499999999959982,-0.6350000000002183,200.0,0.657345000000014,-19.0,-1.1149999999997817,-0.4915000000000873,397.0,0.6622216624685117,-26.0,-0.8485000000000582
36562770,Buy,2025-10-09 11:42:13,4042.07,4042.45,0.5700000000001637,0.13999999999987267,3.0,0.5700000000000122,2.0,-0.020000000000891305,0.13000000000010914,5.0,0.5699999999999819,2.0,0.1499999999996362,-0.015000000000327418,7.0,0.5714285714285714,2.0,0.3350000000000364,0.06999999999970896,12.0,0.5708333333334016,3.0,-0.1499999999996362,0.17000000000007276,73.0,0.5784657534246895,10.0,0.09000000000014552,0.36999999999989086,146.0,0.5921438356164381,9.0,-0.02999999999974534
36562289,Buy,2025-10-09 11:19:30,4035.78,4035.4185,0.5670000000000073,0.018500000000585715,2.0,0.5685000000000855,1.0,-0.018500000000585715,-0.13149999999995998,11.0,0.5624545454546189,2.0,0.2684999999996762,-0.18150000000014188,12.0,0.5630833333334143,1.0,0.3184999999998581,-0.11649999999963256,29.0,0.5625862068966477,4.0,-0.2934999999993124,-0.7264999999997599,81.0,0.5554320987654519,0.0,0.25349999999980355,-1.5549999999998363,163.0,0.5569202453987802,-8.0,0.09200000000100772
36561296,Sell,2025-10-09 11:04:35,4039.78,4040.04,0.5900000000001455,-0.02999999999974534,2.0,0.5899999999999181,-1.0,0.02999999999974534,0.2699999999999818,16.0,0.5736249999999643,1.0,0.34999999999990905,0.2300000000000182,27.0,0.5782222222221916,4.0,0.3799999999996544,0.14000000000032742,53.0,0.5741132075471677,10.0,0.31999999999970896,-0.9499999999998181,172.0,0.5875639534883703,3.0,1.23700000000008,-0.5050000000001091,289.0,0.5910346020761316,12.0,-0.16499999999996362
36508993,Buy,2025-10-08 09:42:32,4039.03,4039.4049999999997,0.599999999999909,0.13499999999976353,8.0,0.5996249999998895,1.0,0.22499999999899956,-0.25500000000010914,23.0,0.595130434782534,-6.0,0.054999999999381544,-0.2600000000002183,35.0,0.5877714285713799,-8.0,-0.21000000000003638,-0.7585000000003674,65.0,0.5741538461537997,-12.0,0.25850000000036744,-0.4099999999998545,153.0,0.5636143790849744,-8.0,-0.27000000000043656,0.23649999999997817,289.0,0.5606159169550237,-6.0,-1.0065000000004147
36508676,Buy,2025-10-08 09:36:16,4035.65,4036.15,0.6700000000000728,0.2864999999997053,8.0,0.68587500000001,3.0,0.03350000000091313,0.41500000000041837,16.0,0.6348124999999527,3.0,0.15799999999899228,0.5549999999998363,26.0,0.635269230769224,9.0,0.41500000000041837,0.5650000000000546,50.0,0.6333600000000479,7.0,0.5650000000000546,0.36000000000012733,140.0,0.5962000000000444,-3.0,1.1299999999996544,1.4900000000002365,241.0,0.5830456431535539,8.0,-0.7000000000002728
36508294,Sell,2025-10-08 09:19:47,4036.35,4036.74,0.5700000000001637,0.07150000000001455,7.0,0.5740000000000691,2.0,-0.04150000000026921,0.4214999999999236,13.0,0.5684615384615986,6.0,-0.2784999999998945,0.4214999999999236,13.0,0.5684615384615986,6.0,-0.2784999999998945,0.4564999999997781,21.0,0.56071428571429,4.0,0.3865000000000691,0.551499999999578,59.0,0.5559999999999861,10.0,0.42150000000037835,0.5799999999999272,115.0,0.5498086956521785,0.0,0.532999999999447
36451248,Buy,2025-10-07 06:17:36,3963.3,3963.1285,0.6470000000003893,0.0,1.0,0.6470000000003893,0.0,0.0,-0.39500000000043656,11.0,0.6480909090909005,-2.0,0.125,-0.4515000000001237,12.0,0.6415833333333012,-3.0,0.18149999999968713,-0.856499999999869,27.0,0.6115925925925728,-4.0,0.3135000000002037,-0.711500000000342,80.0,0.6412749999999733,-3.0,-1.0214999999998327,-0.2215000000001055,164.0,0.6120975609755904,-5.0,-0.8015000000009422
36450588,Sell,2025-10-07 05:53:49,3964.19,3964.6684999999998,0.6669999999999163,0.0,0.0,0.6669999999999163,0.0,0.0,-0.01650000000017826,8.0,0.6563749999999686,1.0,-0.15650000000050568,0.09999999999990905,18.0,0.6618888888888503,5.0,-0.11000000000012733,0.01499999999987267,29.0,0.6718620689654989,4.0,0.1449999999999818,1.3885000000000218,144.0,0.6823333333333513,22.0,0.5685000000003129,1.7284999999997126,329.0,0.6796747720364916,45.0,1.0684999999989486
36450406,Sell,2025-10-07 05:47:44,3962.08,3962.37,0.5500000000001819,-0.03999999999996362,4.0,0.5650000000001683,-1.0,-9.094947017729282e-13,-0.06000000000040018,10.0,0.5640000000000327,-1.0,-0.11999999999989086,-0.1000000000003638,17.0,0.5605882352941829,0.0,-0.11999999999989086,0.3599999999996726,26.0,0.5638461538462357,5.0,-0.5799999999999272,0.2849999999998545,57.0,0.5736315789474024,6.0,0.09499999999934516,-0.375,136.0,0.5817647058824056,3.0,1.0050000000001091
36416362,Sell,2025-10-06 11:10:55,3938.03,3937.785,0.6399999999998727,0.019999999999527063,2.0,0.6399999999998727,1.0,-0.019999999999527063,0.05999999999949068,11.0,0.6399999999998727,2.0,-0.020000000000436557,-0.11000000000012733,12.0,0.6399999999999105,1.0,0.14999999999918145,-0.5700000000001637,27.0,0.6398888888888736,-6.0,0.2300000000000182,-0.15999999999985448,78.0,0.6378974358974224,5.0,-0.3000000000010914,-0.5500000000001819,155.0,0.6328516129032382,-3.0,0.23000000000047294
36414174,Sell,2025-10-06 09:14:39,3943.07,3943.0434999999998,0.6169999999997344,0.0,1.0,0.6169999999997344,0.0,0.0,0.02849999999943975,4.0,0.6217499999997926,3.0,-0.021499999999832653,0.003499999999803549,17.0,0.5822352941175749,4.0,0.25349999999980355,0.0284999999998945,32.0,0.5918749999999022,5.0,0.04849999999942156,-0.18650000000025102,78.0,0.6045641025640611,-1.0,0.053500000000440195,-0.5215000000002874,140.0,0.6126785714285591,-7.0,0.21849999999949432
36383087,Buy,2025-10-03 15:18:08,3878.35,3878.9584999999997,0.5869999999999891,0.05349999999998545,3.0,0.6113333333332776,2.0,-0.033500000000458385,0.10499999999956344,9.0,0.5965555555555713,4.0,0.125,-0.09650000000056025,18.0,0.5915555555555885,-3.0,0.30649999999968713,-0.25650000000041473,41.0,0.6168780487804303,-8.0,-0.1765000000004875,-0.455000000000382,101.0,0.6248910891088797,-20.0,0.28199999999969805,-0.5100000000002183,217.0,0.6224193548387225,-10.0,-0.9000000000005457
36368405,Buy,2025-10-03 07:17:25,3860.35,3859.8385,0.5270000000000437,0.1835000000000946,10.0,0.4851999999998952,1.0,-0.38950000000022555,0.04199999999946158,18.0,0.4842222222221658,1.0,0.125,0.5784999999996217,28.0,0.4922499999999315,6.0,-0.2015000000001237,0.6934999999998581,38.0,0.5019210526315515,6.0,-0.17650000000003274,1.5635000000002037,93.0,0.5096129032257992,1.0,-0.30650000000059663,1.6734999999998763,148.0,0.5211283783783811,0.0,1.4335000000000946
36337657,Sell,2025-10-02 13:13:13,3890.78,3891.3035,0.5969999999997526,0.015000000000327418,2.0,0.6119999999998527,1.0,-0.015000000000327418,0.17849999999998545,16.0,0.5883125000000007,5.0,-0.5084999999999127,0.36850000000004,30.0,0.6080000000000382,9.0,0.04849999999942156,0.16849999999976717,65.0,0.6177692307692338,8.0,0.3585000000002765,-0.05500000000029104,177.0,0.6208192090395416,2.0,0.4719999999997526,0.10999999999967258,291.0,0.625986254295507,18.0,-0.5529999999989741
36335183,Buy,2025-10-02 12:23:08,3882.36,3881.7250000000004,0.6399999999998727,0.020000000000436557,4.0,0.6309999999999718,1.0,0.04700000000048021,-0.7414999999996326,14.0,0.6293571428570885,-5.0,0.7015000000005784,-0.6999999999998181,25.0,0.6202799999999843,-4.0,-0.7529999999997017,-0.919999999999618,48.0,0.626979166666653,-5.0,-0.35299999999961074,-1.019999999999527,104.0,0.6274230769230678,1.0,-1.2399999999997817,-1.7899999999999636,221.0,0.6281131221719606,5.0,-0.532999999999447
36335196,Buy,2025-10-02 12:23:37,3882.34,3881.6549999999997,0.6399999999998727,0.0,0.0,0.6399999999998727,0.0,0.0,0.0,0.0,0.6399999999998727,0.0,0.0,-0.03500000000030923,5.0,0.6260000000001128,0.0,0.17499999999972715,0.02999999999974534,17.0,0.6306470588236366,4.0,0.1570000000001528,-0.0500000000001819,76.0,0.6368684210526382,1.0,0.409999999998945,-1.1300000000001091,177.0,0.6314689265536696,0.0,-0.6330000000007203
36334931,Buy,2025-10-02 12:17:55,3881.12,3881.8885,0.5270000000000437,-0.569999999999709,11.0,0.569090909090929,-10.0,0.019999999999527063,0.03850000000011278,27.0,0.5860740740741103,-6.0,-1.1385000000004766,0.10850000000027649,43.0,0.599348837209322,-8.0,-0.07849999999962165,0.16349999999965803,95.0,0.6088947368421079,-12.0,-0.233499999999367,0.8320000000003347,209.0,0.6175263157894764,-16.0,-0.342000000000553,-1.4380000000001019,367.0,0.6238283378746661,-38.0,4.045000000000073
36322976,Buy,2025-10-02 05:13:35,3868.72,3868.12,0.7899999999999636,0.0,0.0,0.7899999999999636,0.0,0.0,0.08349999999973079,3.0,0.785666666666657,2.0,-0.04349999999976717,0.06999999999970896,6.0,0.7878333333333103,3.0,0.09699999999975262,0.056499999999687134,10.0,0.7874000000000706,3.0,0.06350000000020373,-0.44000000000005457,28.0,0.787785714285714,-3.0,0.05999999999994543,0.23649999999997817,68.0,0.7837500000000011,-3.0,-1.336500000000342
36283671,Sell,2025-10-01 08:28:02,3893.34,3893.2985,0.6069999999999709,0.04349999999976717,2.0,0.6234999999999218,1.0,-0.04349999999976717,0.003499999999803549,7.0,0.6268571428570014,-2.0,-0.013500000000021828,0.09349999999994907,14.0,0.6294285714284342,1.0,-0.08650000000034197,-0.29500000000007276,28.0,0.6192499999999167,-3.0,0.4819999999999709,-0.4265000000004875,78.0,0.6217564102564257,-1.0,-0.16349999999965803,-0.45650000000023283,192.0,0.6279114583333296,-1.0,-0.8434999999999491
36274877,Buy,2025-10-01 06:25:14,3858.64,3858.1800000000003,0.5099999999997635,-0.05999999999949068,5.0,0.5139999999998508,-2.0,-0.05999999999949068,0.16499999999996362,11.0,0.5272727272726612,2.0,-0.21499999999923602,0.1750000000001819,23.0,0.5256521739130102,4.0,-0.054999999999381544,0.8250000000002728,43.0,0.5253488372092846,8.0,-0.42499999999972715,1.205000000000382,106.0,0.5407075471697946,23.0,0.48500000000012733,1.6065000000003238,241.0,0.5652738589211364,26.0,0.09350000000040382
36228676,Sell,2025-09-30 08:25:56,3830.54,3830.145,0.5799999999999272,-0.05499999999983629,4.0,0.6174999999998363,-1.0,-0.06500000000005457,-0.03999999999996362,19.0,0.6299999999999656,-3.0,0.0,-0.11000000000012733,27.0,0.6329629629629179,-1.0,0.010000000000673026,-0.5350000000003092,65.0,0.6200153846153486,-1.0,0.8350000000004911,-0.4479999999998654,216.0,0.6332777777777905,-10.0,-1.3420000000000982,0.6065000000003238,402.0,0.6300796019900541,0.0,-1.6335000000003674
36227388,Sell,2025-09-30 08:20:57,3833.24,3832.54,0.6099999999996726,0.03850000000011278,8.0,0.5977500000000191,1.0,0.011500000000069122,-0.16499999999996362,18.0,0.5988333333332826,1.0,0.2820000000001528,-0.16499999999996362,29.0,0.589172413793049,0.0,-0.535000000000764,-0.34149999999999636,59.0,0.5867288135593098,-6.0,-0.048500000000331056,-0.45499999999992724,182.0,0.5902692307692462,5.0,0.024999999999636202,0.03499999999985448,466.0,0.6317854077253497,-19.0,0.8450000000002547
36227385,Sell,2025-09-30 08:20:52,3833.38,3832.735,0.5799999999999272,0.05499999999983629,9.0,0.5722222222222828,-4.0,-0.3550000000000182,0.24850000000014916,18.0,0.5792777777777852,-1.0,-0.13850000000047658,-0.14649999999983265,30.0,0.5843666666666952,-5.0,0.5665000000008149,-0.01999999999998181,62.0,0.5882096774194143,1.0,-0.20000000000027285,0.7635000000000218,187.0,0.5954866310160707,8.0,-0.823500000000422,-0.9164999999998145,478.0,0.6312280334728335,-23.0,5.366499999999633
36168589,Buy,2025-09-29 05:46:42,3805.93,3805.2915000000003,0.5869999999999891,-0.023499999999330612,4.0,0.59599999999989,-1.0,0.21349999999983993,-0.08999999999969077,13.0,0.5945384615384123,-4.0,0.11000000000012733,-0.0999999999994543,16.0,0.5941249999999911,-5.0,0.0999999999994543,0.4000000000005457,37.0,0.5830810810810829,6.0,-0.4469999999992069,0.25650000000041473,83.0,0.5841445783132685,6.0,0.35350000000016735,-0.41849999999976717,196.0,0.5836734693877625,-7.0,0.3885000000009313
36168590,Buy,2025-09-29 05:46:47,3805.93,3805.2915000000003,0.5869999999999891,0.08500000000003638,5.0,0.5728000000001885,0.0,-0.21199999999953434,0.026499999999941792,14.0,0.5900714285715237,1.0,0.28650000000016007,0.010000000000218279,19.0,0.587473684210588,0.0,0.38000000000101863,-0.0999999999994543,35.0,0.5905142857143151,-6.0,0.1529999999993379,0.06649999999990541,80.0,0.5855250000000183,1.0,0.08650000000034197,-0.39350000000013097,192.0,0.5842968750000163,-11.0,0.9835000000002765
36148327,Buy,2025-09-26 15:47:57,3779.39,3778.715,0.5199999999999818,-0.23999999999978172,4.0,0.5225000000000364,-3.0,0.0,-0.29149999999981446,10.0,0.5213999999999033,-5.0,-0.19849999999996726,-0.3734999999996944,20.0,0.5220499999999447,-5.0,-0.20949999999993452,-0.2749999999996362,38.0,0.5210789473684192,-3.0,-0.40500000000065484,-0.5599999999994907,115.0,0.5202434782608694,0.0,0.6199999999989814,1.430000000000291,221.0,0.5235113122171942,30.0,-2.530000000000655
36095791,Sell,2025-09-25 16:43:46,3736.72,3736.0665,0.6170000000001892,-0.015000000000327418,2.0,0.6020000000000891,-1.0,0.015000000000327418,0.08500000000003638,17.0,0.6025882352940992,3.0,-0.0820000000003347,-0.21349999999983993,23.0,0.5897826086956546,1.0,0.3135000000002037,-0.37350000000014916,41.0,0.573634146341458,-7.0,-0.04350000000022192,-0.75,146.0,0.5477465753424752,-4.0,-0.12000000000080036,-1.3735000000001492,258.0,0.5334031007752129,-8.0,0.3565000000003238
36094988,Buy,2025-09-25 16:32:56,3736.13,3736.5964999999997,0.6770000000001346,-0.025000000000545697,7.0,0.6307142857143455,0.0,-0.035000000000763976,0.11149999999997817,14.0,0.6117857142856857,3.0,-0.16150000000106957,0.12149999999928696,20.0,0.599749999999949,3.0,-0.13850000000002183,0.13149999999950523,46.0,0.5844565217391056,8.0,0.07150000000001455,0.301499999999578,165.0,0.6058545454545338,23.0,-0.1414999999997235,0.8814999999995052,296.0,0.6069054054054108,48.0,-0.4984999999996944
