epoch_id,decision_time_utc,side,alternative_days,status,candidate_dates
0,2025-09-25T16:32:56+00:00,Buy,48,included,2025-10-02|2025-10-09|2025-10-16|2025-10-23|2025-10-30|2025-11-06|2025-11-13|2025-11-20|2025-11-27|2025-12-04|2025-12-11|2025-12-18|2026-01-08|2026-01-15|2026-01-22|2026-01-29|2026-02-05|2026-02-12|2026-02-19|2026-02-26|2026-03-05|2026-03-12|2026-03-19|2026-03-26|2026-04-02|2026-04-09|2026-04-16|2026-04-23|2026-04-30|2026-05-14|2026-05-21|2026-05-28|2026-06-04|2026-06-11|2026-06-18|2026-06-25|2026-07-02|2026-07-09|2026-07-16|2026-07-23|2026-07-30|2026-08-06|2026-08-13|2026-08-20|2026-08-27|2026-09-03|2026-09-10|2026-09-17
1,2025-09-25T16:43:46+00:00,Sell,48,included,2025-10-02|2025-10-09|2025-10-16|2025-10-23|2025-10-30|2025-11-06|2025-11-13|2025-11-20|2025-11-27|2025-12-04|2025-12-11|2025-12-18|2026-01-08|2026-01-15|2026-01-22|2026-01-29|2026-02-05|2026-02-12|2026-02-19|2026-02-26|2026-03-05|2026-03-12|2026-03-19|2026-03-26|2026-04-02|2026-04-09|2026-04-16|2026-04-23|2026-04-30|2026-05-07|2026-05-14|2026-05-21|2026-05-28|2026-06-04|2026-06-11|2026-06-18|2026-07-02|2026-07-09|2026-07-16|2026-07-23|2026-07-30|2026-08-06|2026-08-13|2026-08-20|2026-08-27|2026-09-03|2026-09-10|2026-09-17
2,2025-09-26T15:47:57+00:00,Buy,50,included,2025-10-03|2025-10-10|2025-10-17|2025-10-24|2025-10-31|2025-11-07|2025-11-14|2025-11-21|2025-11-28|2025-12-05|2025-12-12|2025-12-19|2025-12-26|2026-01-02|2026-01-09|2026-01-16|2026-01-23|2026-01-30|2026-02-06|2026-02-13|2026-02-20|2026-02-27|2026-03-06|2026-03-13|2026-03-20|2026-03-27|2026-04-10|2026-04-17|2026-04-24|2026-05-01|2026-05-08|2026-05-15|2026-05-22|2026-05-29|2026-06-05|2026-06-12|2026-06-19|2026-06-26|2026-07-03|2026-07-10|2026-07-17|2026-07-24|2026-07-31|2026-08-07|2026-08-14|2026-08-21|2026-08-28|2026-09-04|2026-09-11|2026-09-18
3,2025-09-29T05:46:42+00:00,Buy,46,included,2025-10-06|2025-10-13|2025-10-20|2025-10-27|2025-11-03|2025-11-10|2025-11-17|2025-11-24|2025-12-01|2025-12-15|2025-12-22|2025-12-29|2026-01-05|2026-01-12|2026-01-19|2026-01-26|2026-02-02|2026-02-09|2026-02-16|2026-02-23|2026-03-02|2026-03-09|2026-03-23|2026-03-30|2026-04-06|2026-04-13|2026-04-27|2026-05-04|2026-05-11|2026-05-18|2026-05-25|2026-06-01|2026-06-08|2026-06-22|2026-06-29|2026-07-06|2026-07-13|2026-07-20|2026-07-27|2026-08-03|2026-08-10|2026-08-17|2026-08-24|2026-08-31|2026-09-07|2026-09-14
4,2025-09-30T08:20:52+00:00,Sell,50,included,2025-10-07|2025-10-14|2025-10-21|2025-10-28|2025-11-04|2025-11-11|2025-11-18|2025-11-25|2025-12-02|2025-12-09|2025-12-16|2025-12-23|2025-12-30|2026-01-06|2026-01-13|2026-01-20|2026-01-27|2026-02-03|2026-02-10|2026-02-17|2026-02-24|2026-03-03|2026-03-10|2026-03-17|2026-03-24|2026-03-31|2026-04-07|2026-04-14|2026-04-21|2026-04-28|2026-05-05|2026-05-12|2026-05-19|2026-05-26|2026-06-02|2026-06-09|2026-06-16|2026-06-23|2026-06-30|2026-07-07|2026-07-14|2026-07-21|2026-07-28|2026-08-04|2026-08-11|2026-08-18|2026-08-25|2026-09-01|2026-09-08|2026-09-15
5,2025-09-30T08:25:56+00:00,Sell,50,included,2025-10-07|2025-10-14|2025-10-21|2025-10-28|2025-11-04|2025-11-11|2025-11-18|2025-11-25|2025-12-02|2025-12-09|2025-12-16|2025-12-23|2025-12-30|2026-01-06|2026-01-13|2026-01-20|2026-01-27|2026-02-03|2026-02-10|2026-02-17|2026-02-24|2026-03-03|2026-03-10|2026-03-17|2026-03-24|2026-03-31|2026-04-07|2026-04-14|2026-04-21|2026-04-28|2026-05-05|2026-05-12|2026-05-19|2026-05-26|2026-06-02|2026-06-09|2026-06-16|2026-06-23|2026-06-30|2026-07-07|2026-07-14|2026-07-21|2026-07-28|2026-08-04|2026-08-11|2026-08-18|2026-08-25|2026-09-01|2026-09-08|2026-09-15
6,2025-10-01T06:25:14+00:00,Buy,48,included,2025-10-08|2025-10-15|2025-10-22|2025-10-29|2025-11-05|2025-11-12|2025-11-19|2025-11-26|2025-12-03|2025-12-10|2025-12-24|2025-12-31|2026-01-07|2026-01-14|2026-01-21|2026-01-28|2026-02-04|2026-02-11|2026-02-18|2026-02-25|2026-03-04|2026-03-11|2026-03-18|2026-03-25|2026-04-01|2026-04-08|2026-04-15|2026-04-22|2026-04-29|2026-05-06|2026-05-13|2026-05-20|2026-06-03|2026-06-10|2026-06-17|2026-06-24|2026-07-01|2026-07-08|2026-07-15|2026-07-22|2026-07-29|2026-08-05|2026-08-12|2026-08-19|2026-08-26|2026-09-02|2026-09-09|2026-09-16
7,2025-10-01T08:28:02+00:00,Sell,50,included,2025-10-08|2025-10-15|2025-10-22|2025-10-29|2025-11-05|2025-11-12|2025-11-19|2025-11-26|2025-12-03|2025-12-10|2025-12-17|2025-12-24|2025-12-31|2026-01-07|2026-01-14|2026-01-21|2026-01-28|2026-02-04|2026-02-11|2026-02-18|2026-02-25|2026-03-04|2026-03-11|2026-03-18|2026-03-25|2026-04-01|2026-04-08|2026-04-15|2026-04-22|2026-04-29|2026-05-06|2026-05-13|2026-05-20|2026-05-27|2026-06-03|2026-06-10|2026-06-17|2026-06-24|2026-07-01|2026-07-08|2026-07-15|2026-07-22|2026-07-29|2026-08-05|2026-08-12|2026-08-19|2026-08-26|2026-09-02|2026-09-09|2026-09-16
8,2025-10-02T05:13:35+00:00,Buy,48,included,2025-09-25|2025-10-09|2025-10-16|2025-10-23|2025-10-30|2025-11-06|2025-11-13|2025-11-20|2025-11-27|2025-12-04|2025-12-11|2025-12-18|2026-01-08|2026-01-15|2026-01-22|2026-01-29|2026-02-05|2026-02-12|2026-02-19|2026-02-26|2026-03-05|2026-03-12|2026-03-19|2026-03-26|2026-04-02|2026-04-09|2026-04-16|2026-04-23|2026-04-30|2026-05-07|2026-05-14|2026-05-21|2026-05-28|2026-06-04|2026-06-11|2026-06-18|2026-06-25|2026-07-02|2026-07-09|2026-07-16|2026-07-23|2026-07-30|2026-08-06|2026-08-20|2026-08-27|2026-09-03|2026-09-10|2026-09-17
9,2025-10-02T12:17:55+00:00,Buy,49,included,2025-09-25|2025-10-09|2025-10-16|2025-10-23|2025-10-30|2025-11-06|2025-11-13|2025-11-20|2025-11-27|2025-12-04|2025-12-11|2025-12-18|2026-01-08|2026-01-15|2026-01-22|2026-01-29|2026-02-05|2026-02-12|2026-02-19|2026-02-26|2026-03-05|2026-03-12|2026-03-19|2026-03-26|2026-04-02|2026-04-09|2026-04-16|2026-04-23|2026-04-30|2026-05-07|2026-05-14|2026-05-21|2026-05-28|2026-06-04|2026-06-11|2026-06-18|2026-06-25|2026-07-02|2026-07-09|2026-07-16|2026-07-23|2026-07-30|2026-08-06|2026-08-13|2026-08-20|2026-08-27|2026-09-03|2026-09-10|2026-09-17
10,2025-10-02T12:23:08+00:00,Buy,49,included,2025-09-25|2025-10-09|2025-10-16|2025-10-23|2025-10-30|2025-11-06|2025-11-13|2025-11-20|2025-11-27|2025-12-04|2025-12-11|2025-12-18|2026-01-08|2026-01-15|2026-01-22|2026-01-29|2026-02-05|2026-02-12|2026-02-19|2026-02-26|2026-03-05|2026-03-12|2026-03-19|2026-03-26|2026-04-02|2026-04-09|2026-04-16|2026-04-23|2026-04-30|2026-05-07|2026-05-14|2026-05-21|2026-05-28|2026-06-04|2026-06-11|2026-06-18|2026-06-25|2026-07-02|2026-07-09|2026-07-16|2026-07-23|2026-07-30|2026-08-06|2026-08-13|2026-08-20|2026-08-27|2026-09-03|2026-09-10|2026-09-17
11,2025-10-02T13:13:13+00:00,Sell,48,included,2025-09-25|2025-10-09|2025-10-16|2025-10-23|2025-10-30|2025-11-06|2025-11-13|2025-11-20|2025-11-27|2025-12-04|2025-12-11|2025-12-18|2026-01-08|2026-01-15|2026-01-22|2026-01-29|2026-02-05|2026-02-12|2026-02-19|2026-02-26|2026-03-05|2026-03-12|2026-03-19|2026-03-26|2026-04-02|2026-04-09|2026-04-16|2026-04-23|2026-04-30|2026-05-07|2026-05-14|2026-05-21|2026-05-28|2026-06-04|2026-06-11|2026-06-18|2026-06-25|2026-07-09|2026-07-16|2026-07-23|2026-07-30|2026-08-06|2026-08-13|2026-08-20|2026-08-27|2026-09-03|2026-09-10|2026-09-17
12,2025-10-03T07:17:25+00:00,Buy,48,included,2025-09-26|2025-10-10|2025-10-17|2025-10-24|2025-10-31|2025-11-07|2025-11-14|2025-11-21|2025-11-28|2025-12-05|2025-12-12|2025-12-19|2025-12-26|2026-01-02|2026-01-09|2026-01-16|2026-01-23|2026-01-30|2026-02-20|2026-02-27|2026-03-06|2026-03-13|2026-03-20|2026-03-27|2026-04-10|2026-04-17|2026-04-24|2026-05-01|2026-05-08|2026-05-15|2026-05-22|2026-05-29|2026-06-05|2026-06-12|2026-06-19|2026-06-26|2026-07-03|2026-07-10|2026-07-17|2026-07-24|2026-07-31|2026-08-07|2026-08-14|2026-08-21|2026-08-28|2026-09-04|2026-09-11|2026-09-18
13,2025-10-03T15:18:08+00:00,Buy,48,included,2025-09-26|2025-10-10|2025-10-17|2025-10-24|2025-10-31|2025-11-07|2025-11-14|2025-11-21|2025-11-28|2025-12-05|2025-12-12|2025-12-19|2025-12-26|2026-01-02|2026-01-09|2026-01-16|2026-01-23|2026-01-30|2026-02-06|2026-02-13|2026-02-20|2026-03-06|2026-03-13|2026-03-20|2026-03-27|2026-04-10|2026-04-17|2026-04-24|2026-05-01|2026-05-08|2026-05-15|2026-05-22|2026-05-29|2026-06-05|2026-06-12|2026-06-19|2026-06-26|2026-07-03|2026-07-10|2026-07-17|2026-07-24|2026-07-31|2026-08-07|2026-08-14|2026-08-21|2026-08-28|2026-09-04|2026-09-18
14,2025-10-06T09:14:39+00:00,Sell,49,included,2025-09-29|2025-10-13|2025-10-20|2025-10-27|2025-11-03|2025-11-10|2025-11-17|2025-11-24|2025-12-01|2025-12-08|2025-12-15|2025-12-22|2025-12-29|2026-01-12|2026-01-19|2026-01-26|2026-02-02|2026-02-09|2026-02-16|2026-02-23|2026-03-02|2026-03-09|2026-03-16|2026-03-23|2026-03-30|2026-04-06|2026-04-13|2026-04-20|2026-04-27|2026-05-04|2026-05-11|2026-05-18|2026-05-25|2026-06-01|2026-06-08|2026-06-15|2026-06-22|2026-06-29|2026-07-06|2026-07-13|2026-07-20|2026-07-27|2026-08-03|2026-08-10|2026-08-17|2026-08-24|2026-08-31|2026-09-07|2026-09-14
15,2025-10-06T11:10:55+00:00,Sell,49,included,2025-09-29|2025-10-13|2025-10-20|2025-10-27|2025-11-03|2025-11-10|2025-11-17|2025-11-24|2025-12-01|2025-12-08|2025-12-15|2025-12-22|2025-12-29|2026-01-05|2026-01-12|2026-01-19|2026-01-26|2026-02-02|2026-02-09|2026-02-16|2026-02-23|2026-03-02|2026-03-09|2026-03-16|2026-03-23|2026-04-06|2026-04-13|2026-04-20|2026-04-27|2026-05-04|2026-05-11|2026-05-18|2026-05-25|2026-06-01|2026-06-08|2026-06-15|2026-06-22|2026-06-29|2026-07-06|2026-07-13|2026-07-20|2026-07-27|2026-08-03|2026-08-10|2026-08-17|2026-08-24|2026-08-31|2026-09-07|2026-09-14
16,2025-10-07T05:47:44+00:00,Sell,50,included,2025-09-30|2025-10-14|2025-10-21|2025-10-28|2025-11-04|2025-11-11|2025-11-18|2025-11-25|2025-12-02|2025-12-09|2025-12-16|2025-12-23|2025-12-30|2026-01-06|2026-01-13|2026-01-20|2026-01-27|2026-02-03|2026-02-10|2026-02-17|2026-02-24|2026-03-03|2026-03-10|2026-03-17|2026-03-24|2026-03-31|2026-04-07|2026-04-14|2026-04-21|2026-04-28|2026-05-05|2026-05-12|2026-05-19|2026-05-26|2026-06-02|2026-06-09|2026-06-16|2026-06-23|2026-06-30|2026-07-07|2026-07-14|2026-07-21|2026-07-28|2026-08-04|2026-08-11|2026-08-18|2026-08-25|2026-09-01|2026-09-08|2026-09-15
17,2025-10-07T05:53:49+00:00,Sell,48,included,2025-09-30|2025-10-14|2025-10-21|2025-10-28|2025-11-04|2025-11-11|2025-11-18|2025-11-25|2025-12-02|2025-12-09|2025-12-16|2025-12-23|2025-12-30|2026-01-06|2026-01-13|2026-01-20|2026-01-27|2026-02-03|2026-02-10|2026-02-17|2026-02-24|2026-03-10|2026-03-17|2026-03-24|2026-03-31|2026-04-07|2026-04-14|2026-04-21|2026-04-28|2026-05-05|2026-05-12|2026-05-19|2026-05-26|2026-06-02|2026-06-09|2026-06-16|2026-06-23|2026-06-30|2026-07-07|2026-07-14|2026-07-21|2026-07-28|2026-08-04|2026-08-11|2026-08-18|2026-08-25|2026-09-01|2026-09-08
18,2025-10-07T06:17:36+00:00,Buy,50,included,2025-09-30|2025-10-14|2025-10-21|2025-10-28|2025-11-04|2025-11-11|2025-11-18|2025-11-25|2025-12-02|2025-12-09|2025-12-16|2025-12-23|2025-12-30|2026-01-06|2026-01-13|2026-01-20|2026-01-27|2026-02-03|2026-02-10|2026-02-17|2026-02-24|2026-03-03|2026-03-10|2026-03-17|2026-03-24|2026-03-31|2026-04-07|2026-04-14|2026-04-21|2026-04-28|2026-05-05|2026-05-12|2026-05-19|2026-05-26|2026-06-02|2026-06-09|2026-06-16|2026-06-23|2026-06-30|2026-07-07|2026-07-14|2026-07-21|2026-07-28|2026-08-04|2026-08-11|2026-08-18|2026-08-25|2026-09-01|2026-09-08|2026-09-15
19,2025-10-08T09:19:47+00:00,Sell,50,included,2025-10-01|2025-10-15|2025-10-22|2025-10-29|2025-11-05|2025-11-12|2025-11-19|2025-11-26|2025-12-03|2025-12-10|2025-12-17|2025-12-24|2025-12-31|2026-01-07|2026-01-14|2026-01-21|2026-01-28|2026-02-04|2026-02-11|2026-02-18|2026-02-25|2026-03-04|2026-03-11|2026-03-18|2026-03-25|2026-04-01|2026-04-08|2026-04-15|2026-04-22|2026-04-29|2026-05-06|2026-05-13|2026-05-20|2026-05-27|2026-06-03|2026-06-10|2026-06-17|2026-06-24|2026-07-01|2026-07-08|2026-07-15|2026-07-22|2026-07-29|2026-08-05|2026-08-12|2026-08-19|2026-08-26|2026-09-02|2026-09-09|2026-09-16
20,2025-10-08T09:36:16+00:00,Buy,47,included,2025-10-01|2025-10-15|2025-10-22|2025-10-29|2025-11-05|2025-11-12|2025-11-19|2025-11-26|2025-12-03|2025-12-10|2025-12-17|2025-12-24|2025-12-31|2026-01-07|2026-01-14|2026-01-21|2026-01-28|2026-02-04|2026-02-11|2026-02-18|2026-03-04|2026-03-11|2026-03-18|2026-04-01|2026-04-08|2026-04-15|2026-04-22|2026-04-29|2026-05-13|2026-05-20|2026-05-27|2026-06-03|2026-06-10|2026-06-17|2026-06-24|2026-07-01|2026-07-08|2026-07-15|2026-07-22|2026-07-29|2026-08-05|2026-08-12|2026-08-19|2026-08-26|2026-09-02|2026-09-09|2026-09-16
21,2025-10-08T09:42:32+00:00,Buy,48,included,2025-10-01|2025-10-15|2025-10-22|2025-10-29|2025-11-05|2025-11-12|2025-11-19|2025-11-26|2025-12-03|2025-12-10|2025-12-17|2025-12-24|2025-12-31|2026-01-07|2026-01-14|2026-01-21|2026-01-28|2026-02-04|2026-02-11|2026-02-18|2026-02-25|2026-03-04|2026-03-11|2026-03-18|2026-04-01|2026-04-08|2026-04-15|2026-04-22|2026-04-29|2026-05-13|2026-05-20|2026-05-27|2026-06-03|2026-06-10|2026-06-17|2026-06-24|2026-07-01|2026-07-08|2026-07-15|2026-07-22|2026-07-29|2026-08-05|2026-08-12|2026-08-19|2026-08-26|2026-09-02|2026-09-09|2026-09-16
22,2025-10-09T11:04:35+00:00,Sell,48,included,2025-09-25|2025-10-02|2025-10-16|2025-10-23|2025-10-30|2025-11-06|2025-11-13|2025-11-20|2025-11-27|2025-12-04|2025-12-18|2026-01-08|2026-01-15|2026-01-22|2026-01-29|2026-02-05|2026-02-12|2026-02-19|2026-02-26|2026-03-05|2026-03-12|2026-03-19|2026-03-26|2026-04-02|2026-04-09|2026-04-16|2026-04-23|2026-04-30|2026-05-07|2026-05-14|2026-05-21|2026-05-28|2026-06-04|2026-06-11|2026-06-18|2026-06-25|2026-07-02|2026-07-09|2026-07-16|2026-07-23|2026-07-30|2026-08-06|2026-08-13|2026-08-20|2026-08-27|2026-09-03|2026-09-10|2026-09-17
23,2025-10-09T11:19:30+00:00,Buy,48,included,2025-09-25|2025-10-02|2025-10-16|2025-10-23|2025-10-30|2025-11-06|2025-11-13|2025-11-20|2025-11-27|2025-12-11|2025-12-18|2026-01-08|2026-01-15|2026-01-22|2026-01-29|2026-02-05|2026-02-12|2026-02-19|2026-02-26|2026-03-05|2026-03-12|2026-03-19|2026-03-26|2026-04-02|2026-04-09|2026-04-16|2026-04-23|2026-04-30|2026-05-07|2026-05-14|2026-05-21|2026-05-28|2026-06-04|2026-06-11|2026-06-18|2026-06-25|2026-07-02|2026-07-09|2026-07-16|2026-07-23|2026-07-30|2026-08-06|2026-08-13|2026-08-20|2026-08-27|2026-09-03|2026-09-10|2026-09-17
24,2025-10-09T11:42:13+00:00,Buy,49,included,2025-09-25|2025-10-02|2025-10-16|2025-10-23|2025-10-30|2025-11-06|2025-11-13|2025-11-20|2025-11-27|2025-12-04|2025-12-11|2025-12-18|2026-01-08|2026-01-15|2026-01-22|2026-01-29|2026-02-05|2026-02-12|2026-02-19|2026-02-26|2026-03-05|2026-03-12|2026-03-19|2026-03-26|2026-04-02|2026-04-09|2026-04-16|2026-04-23|2026-04-30|2026-05-07|2026-05-14|2026-05-21|2026-05-28|2026-06-04|2026-06-11|2026-06-18|2026-06-25|2026-07-02|2026-07-09|2026-07-16|2026-07-23|2026-07-30|2026-08-06|2026-08-13|2026-08-20|2026-08-27|2026-09-03|2026-09-10|2026-09-17
25,2025-10-10T16:29:10+00:00,Buy,50,included,2025-09-26|2025-10-03|2025-10-17|2025-10-24|2025-10-31|2025-11-07|2025-11-14|2025-11-21|2025-11-28|2025-12-05|2025-12-12|2025-12-19|2025-12-26|2026-01-02|2026-01-09|2026-01-16|2026-01-23|2026-01-30|2026-02-06|2026-02-13|2026-02-20|2026-02-27|2026-03-06|2026-03-13|2026-03-20|2026-03-27|2026-04-10|2026-04-17|2026-04-24|2026-05-01|2026-05-08|2026-05-15|2026-05-22|2026-05-29|2026-06-05|2026-06-12|2026-06-19|2026-06-26|2026-07-03|2026-07-10|2026-07-17|2026-07-24|2026-07-31|2026-08-07|2026-08-14|2026-08-21|2026-08-28|2026-09-04|2026-09-11|2026-09-18
26,2025-10-13T12:38:45+00:00,Sell,47,included,2025-09-29|2025-10-06|2025-10-20|2025-10-27|2025-11-03|2025-11-10|2025-11-17|2025-11-24|2025-12-01|2025-12-08|2025-12-15|2025-12-22|2025-12-29|2026-01-05|2026-01-12|2026-01-19|2026-01-26|2026-02-02|2026-02-09|2026-02-16|2026-02-23|2026-03-02|2026-03-09|2026-03-23|2026-03-30|2026-04-06|2026-04-13|2026-04-20|2026-04-27|2026-05-04|2026-05-18|2026-05-25|2026-06-01|2026-06-08|2026-06-15|2026-06-22|2026-06-29|2026-07-06|2026-07-20|2026-07-27|2026-08-03|2026-08-10|2026-08-17|2026-08-24|2026-08-31|2026-09-07|2026-09-14
27,2025-10-14T07:42:54+00:00,Sell,46,included,2025-09-30|2025-10-07|2025-10-28|2025-11-04|2025-11-11|2025-11-18|2025-11-25|2025-12-02|2025-12-09|2025-12-16|2025-12-23|2025-12-30|2026-01-06|2026-01-13|2026-01-20|2026-01-27|2026-02-03|2026-02-10|2026-02-17|2026-02-24|2026-03-03|2026-03-17|2026-03-24|2026-03-31|2026-04-07|2026-04-14|2026-04-28|2026-05-05|2026-05-12|2026-05-19|2026-05-26|2026-06-02|2026-06-09|2026-06-16|2026-06-23|2026-06-30|2026-07-14|2026-07-21|2026-07-28|2026-08-04|2026-08-11|2026-08-18|2026-08-25|2026-09-01|2026-09-08|2026-09-15
28,2025-10-14T07:52:46+00:00,Sell,50,included,2025-09-30|2025-10-07|2025-10-21|2025-10-28|2025-11-04|2025-11-11|2025-11-18|2025-11-25|2025-12-02|2025-12-09|2025-12-16|2025-12-23|2025-12-30|2026-01-06|2026-01-13|2026-01-20|2026-01-27|2026-02-03|2026-02-10|2026-02-17|2026-02-24|2026-03-03|2026-03-10|2026-03-17|2026-03-24|2026-03-31|2026-04-07|2026-04-14|2026-04-21|2026-04-28|2026-05-05|2026-05-12|2026-05-19|2026-05-26|2026-06-02|2026-06-09|2026-06-16|2026-06-23|2026-06-30|2026-07-07|2026-07-14|2026-07-21|2026-07-28|2026-08-04|2026-08-11|2026-08-18|2026-08-25|2026-09-01|2026-09-08|2026-09-15
29,2025-10-15T06:35:08+00:00,Buy,48,included,2025-10-01|2025-10-08|2025-10-22|2025-10-29|2025-11-05|2025-11-12|2025-11-19|2025-11-26|2025-12-03|2025-12-10|2025-12-17|2025-12-24|2025-12-31|2026-01-07|2026-01-14|2026-01-21|2026-01-28|2026-02-04|2026-02-11|2026-02-18|2026-02-25|2026-03-04|2026-03-11|2026-03-18|2026-04-01|2026-04-08|2026-04-15|2026-04-22|2026-04-29|2026-05-06|2026-05-13|2026-05-20|2026-05-27|2026-06-03|2026-06-10|2026-06-17|2026-06-24|2026-07-01|2026-07-08|2026-07-15|2026-07-22|2026-07-29|2026-08-05|2026-08-12|2026-08-19|2026-08-26|2026-09-02|2026-09-09
30,2025-10-16T10:15:47+00:00,Sell,49,included,2025-09-25|2025-10-02|2025-10-09|2025-10-23|2025-10-30|2025-11-06|2025-11-13|2025-11-20|2025-11-27|2025-12-04|2025-12-11|2025-12-18|2026-01-08|2026-01-15|2026-01-22|2026-01-29|2026-02-05|2026-02-12|2026-02-19|2026-02-26|2026-03-05|2026-03-12|2026-03-19|2026-03-26|2026-04-02|2026-04-09|2026-04-16|2026-04-23|2026-04-30|2026-05-07|2026-05-14|2026-05-21|2026-05-28|2026-06-04|2026-06-11|2026-06-18|2026-06-25|2026-07-02|2026-07-09|2026-07-16|2026-07-23|2026-07-30|2026-08-06|2026-08-13|2026-08-20|2026-08-27|2026-09-03|2026-09-10|2026-09-17
31,2025-10-16T10:23:12+00:00,Buy,49,included,2025-09-25|2025-10-02|2025-10-09|2025-10-23|2025-10-30|2025-11-06|2025-11-13|2025-11-20|2025-11-27|2025-12-04|2025-12-11|2025-12-18|2026-01-08|2026-01-15|2026-01-22|2026-01-29|2026-02-05|2026-02-12|2026-02-19|2026-02-26|2026-03-05|2026-03-12|2026-03-19|2026-03-26|2026-04-02|2026-04-09|2026-04-16|2026-04-23|2026-04-30|2026-05-07|2026-05-14|2026-05-21|2026-05-28|2026-06-04|2026-06-11|2026-06-18|2026-06-25|2026-07-02|2026-07-09|2026-07-16|2026-07-23|2026-07-30|2026-08-06|2026-08-13|2026-08-20|2026-08-27|2026-09-03|2026-09-10|2026-09-17
32,2025-10-16T10:29:09+00:00,Buy,49,included,2025-09-25|2025-10-02|2025-10-09|2025-10-23|2025-10-30|2025-11-06|2025-11-13|2025-11-20|2025-11-27|2025-12-04|2025-12-11|2025-12-18|2026-01-08|2026-01-15|2026-01-22|2026-01-29|2026-02-05|2026-02-12|2026-02-19|2026-02-26|2026-03-05|2026-03-12|2026-03-19|2026-03-26|2026-04-02|2026-04-09|2026-04-16|2026-04-23|2026-04-30|2026-05-07|2026-05-14|2026-05-21|2026-05-28|2026-06-04|2026-06-11|2026-06-18|2026-06-25|2026-07-02|2026-07-09|2026-07-16|2026-07-23|2026-07-30|2026-08-06|2026-08-13|2026-08-20|2026-08-27|2026-09-03|2026-09-10|2026-09-17
33,2025-10-17T10:15:10+00:00,Buy,50,included,2025-09-26|2025-10-03|2025-10-10|2025-10-24|2025-10-31|2025-11-07|2025-11-14|2025-11-21|2025-11-28|2025-12-05|2025-12-12|2025-12-19|2025-12-26|2026-01-02|2026-01-09|2026-01-16|2026-01-23|2026-01-30|2026-02-06|2026-02-13|2026-02-20|2026-02-27|2026-03-06|2026-03-13|2026-03-20|2026-03-27|2026-04-10|2026-04-17|2026-04-24|2026-05-01|2026-05-08|2026-05-15|2026-05-22|2026-05-29|2026-06-05|2026-06-12|2026-06-19|2026-06-26|2026-07-03|2026-07-10|2026-07-17|2026-07-24|2026-07-31|2026-08-07|2026-08-14|2026-08-21|2026-08-28|2026-09-04|2026-09-11|2026-09-18
34,2025-10-17T12:37:18+00:00,Sell,50,included,2025-09-26|2025-10-03|2025-10-10|2025-10-24|2025-10-31|2025-11-07|2025-11-14|2025-11-21|2025-11-28|2025-12-05|2025-12-12|2025-12-19|2025-12-26|2026-01-02|2026-01-09|2026-01-16|2026-01-23|2026-01-30|2026-02-06|2026-02-13|2026-02-20|2026-02-27|2026-03-06|2026-03-13|2026-03-20|2026-03-27|2026-04-10|2026-04-17|2026-04-24|2026-05-01|2026-05-08|2026-05-15|2026-05-22|2026-05-29|2026-06-05|2026-06-12|2026-06-19|2026-06-26|2026-07-03|2026-07-10|2026-07-17|2026-07-24|2026-07-31|2026-08-07|2026-08-14|2026-08-21|2026-08-28|2026-09-04|2026-09-11|2026-09-18
35,2025-10-20T08:47:26+00:00,Sell,49,included,2025-09-29|2025-10-06|2025-10-13|2025-10-27|2025-11-03|2025-11-10|2025-11-17|2025-11-24|2025-12-01|2025-12-08|2025-12-15|2025-12-22|2025-12-29|2026-01-05|2026-01-12|2026-01-19|2026-01-26|2026-02-02|2026-02-09|2026-02-16|2026-02-23|2026-03-02|2026-03-09|2026-03-16|2026-03-23|2026-03-30|2026-04-06|2026-04-13|2026-04-20|2026-05-04|2026-05-11|2026-05-18|2026-05-25|2026-06-01|2026-06-08|2026-06-15|2026-06-22|2026-06-29|2026-07-06|2026-07-13|2026-07-20|2026-07-27|2026-08-03|2026-08-10|2026-08-17|2026-08-24|2026-08-31|2026-09-07|2026-09-14
36,2025-10-21T07:23:43+00:00,Buy,50,included,2025-09-30|2025-10-07|2025-10-14|2025-10-28|2025-11-04|2025-11-11|2025-11-18|2025-11-25|2025-12-02|2025-12-09|2025-12-16|2025-12-23|2025-12-30|2026-01-06|2026-01-13|2026-01-20|2026-01-27|2026-02-03|2026-02-10|2026-02-17|2026-02-24|2026-03-03|2026-03-10|2026-03-17|2026-03-24|2026-03-31|2026-04-07|2026-04-14|2026-04-21|2026-04-28|2026-05-05|2026-05-12|2026-05-19|2026-05-26|2026-06-02|2026-06-09|2026-06-16|2026-06-23|2026-06-30|2026-07-07|2026-07-14|2026-07-21|2026-07-28|2026-08-04|2026-08-11|2026-08-18|2026-08-25|2026-09-01|2026-09-08|2026-09-15
37,2025-10-21T07:42:21+00:00,Buy,46,included,2025-09-30|2025-10-07|2025-10-28|2025-11-04|2025-11-11|2025-11-18|2025-11-25|2025-12-02|2025-12-09|2025-12-16|2025-12-23|2025-12-30|2026-01-06|2026-01-13|2026-01-20|2026-01-27|2026-02-03|2026-02-10|2026-02-17|2026-02-24|2026-03-03|2026-03-17|2026-03-24|2026-03-31|2026-04-07|2026-04-14|2026-04-28|2026-05-05|2026-05-12|2026-05-19|2026-05-26|2026-06-02|2026-06-09|2026-06-16|2026-06-23|2026-06-30|2026-07-14|2026-07-21|2026-07-28|2026-08-04|2026-08-11|2026-08-18|2026-08-25|2026-09-01|2026-09-08|2026-09-15
38,2025-10-21T10:56:35+00:00,Sell,48,included,2025-09-30|2025-10-07|2025-10-14|2025-11-04|2025-11-11|2025-11-18|2025-11-25|2025-12-02|2025-12-09|2025-12-16|2025-12-23|2025-12-30|2026-01-06|2026-01-13|2026-01-20|2026-01-27|2026-02-03|2026-02-10|2026-02-17|2026-02-24|2026-03-03|2026-03-10|2026-03-17|2026-03-31|2026-04-07|2026-04-14|2026-04-21|2026-04-28|2026-05-05|2026-05-12|2026-05-19|2026-05-26|2026-06-02|2026-06-09|2026-06-16|2026-06-23|2026-06-30|2026-07-07|2026-07-14|2026-07-21|2026-07-28|2026-08-04|2026-08-11|2026-08-18|2026-08-25|2026-09-01|2026-09-08|2026-09-15
39,2025-10-22T07:02:29+00:00,Sell,49,included,2025-10-01|2025-10-08|2025-10-15|2025-10-29|2025-11-05|2025-11-12|2025-11-19|2025-11-26|2025-12-03|2025-12-10|2025-12-17|2025-12-24|2025-12-31|2026-01-07|2026-01-14|2026-01-21|2026-02-04|2026-02-11|2026-02-18|2026-02-25|2026-03-04|2026-03-11|2026-03-18|2026-03-25|2026-04-01|2026-04-08|2026-04-15|2026-04-22|2026-04-29|2026-05-06|2026-05-13|2026-05-20|2026-05-27|2026-06-03|2026-06-10|2026-06-17|2026-06-24|2026-07-01|2026-07-08|2026-07-15|2026-07-22|2026-07-29|2026-08-05|2026-08-12|2026-08-19|2026-08-26|2026-09-02|2026-09-09|2026-09-16
40,2025-10-23T05:30:44+00:00,Buy,48,included,2025-09-25|2025-10-02|2025-10-09|2025-10-16|2025-10-30|2025-11-06|2025-11-13|2025-11-20|2025-11-27|2025-12-04|2025-12-11|2025-12-18|2026-01-08|2026-01-15|2026-01-22|2026-01-29|2026-02-05|2026-02-12|2026-02-19|2026-02-26|2026-03-05|2026-03-12|2026-03-19|2026-03-26|2026-04-02|2026-04-09|2026-04-16|2026-04-30|2026-05-07|2026-05-14|2026-05-21|2026-05-28|2026-06-04|2026-06-11|2026-06-18|2026-06-25|2026-07-02|2026-07-09|2026-07-16|2026-07-23|2026-07-30|2026-08-06|2026-08-13|2026-08-20|2026-08-27|2026-09-03|2026-09-10|2026-09-17
41,2025-10-24T16:34:45+00:00,Sell,50,included,2025-09-26|2025-10-03|2025-10-10|2025-10-17|2025-10-31|2025-11-07|2025-11-14|2025-11-21|2025-11-28|2025-12-05|2025-12-12|2025-12-19|2025-12-26|2026-01-02|2026-01-09|2026-01-16|2026-01-23|2026-01-30|2026-02-06|2026-02-13|2026-02-20|2026-02-27|2026-03-06|2026-03-13|2026-03-20|2026-03-27|2026-04-10|2026-04-17|2026-04-24|2026-05-01|2026-05-08|2026-05-15|2026-05-22|2026-05-29|2026-06-05|2026-06-12|2026-06-19|2026-06-26|2026-07-03|2026-07-10|2026-07-17|2026-07-24|2026-07-31|2026-08-07|2026-08-14|2026-08-21|2026-08-28|2026-09-04|2026-09-11|2026-09-18
42,2025-10-27T06:13:05+00:00,Buy,47,included,2025-09-29|2025-10-06|2025-10-13|2025-10-20|2025-11-03|2025-11-10|2025-11-17|2025-11-24|2025-12-01|2025-12-08|2025-12-15|2025-12-29|2026-01-05|2026-01-12|2026-01-19|2026-01-26|2026-02-02|2026-02-09|2026-02-16|2026-02-23|2026-03-02|2026-03-09|2026-03-16|2026-03-30|2026-04-06|2026-04-13|2026-04-20|2026-04-27|2026-05-04|2026-05-11|2026-05-18|2026-06-01|2026-06-08|2026-06-15|2026-06-22|2026-06-29|2026-07-06|2026-07-13|2026-07-20|2026-07-27|2026-08-03|2026-08-10|2026-08-17|2026-08-24|2026-08-31|2026-09-07|2026-09-14
43,2025-10-28T10:52:18+00:00,Sell,47,included,2025-09-30|2025-10-07|2025-10-14|2025-11-04|2025-11-11|2025-11-18|2025-11-25|2025-12-02|2025-12-09|2025-12-16|2025-12-23|2025-12-30|2026-01-06|2026-01-13|2026-01-20|2026-01-27|2026-02-03|2026-02-10|2026-02-17|2026-02-24|2026-03-03|2026-03-10|2026-03-17|2026-03-31|2026-04-07|2026-04-14|2026-04-21|2026-04-28|2026-05-05|2026-05-12|2026-05-19|2026-06-02|2026-06-09|2026-06-16|2026-06-23|2026-06-30|2026-07-07|2026-07-14|2026-07-21|2026-07-28|2026-08-04|2026-08-11|2026-08-18|2026-08-25|2026-09-01|2026-09-08|2026-09-15
44,2025-10-30T07:44:53+00:00,Buy,48,included,2025-09-25|2025-10-02|2025-10-09|2025-10-16|2025-10-23|2025-11-06|2025-11-13|2025-11-20|2025-11-27|2025-12-04|2025-12-11|2025-12-18|2026-01-08|2026-01-15|2026-01-22|2026-01-29|2026-02-05|2026-02-12|2026-02-19|2026-02-26|2026-03-05|2026-03-19|2026-03-26|2026-04-02|2026-04-09|2026-04-16|2026-04-23|2026-04-30|2026-05-07|2026-05-14|2026-05-21|2026-05-28|2026-06-04|2026-06-11|2026-06-18|2026-06-25|2026-07-02|2026-07-09|2026-07-16|2026-07-23|2026-07-30|2026-08-06|2026-08-13|2026-08-20|2026-08-27|2026-09-03|2026-09-10|2026-09-17
45,2025-11-03T16:38:37+00:00,Buy,50,included,2025-09-29|2025-10-06|2025-10-13|2025-10-20|2025-10-27|2025-11-10|2025-11-17|2025-11-24|2025-12-01|2025-12-08|2025-12-15|2025-12-22|2025-12-29|2026-01-05|2026-01-12|2026-01-19|2026-01-26|2026-02-02|2026-02-09|2026-02-16|2026-02-23|2026-03-02|2026-03-09|2026-03-16|2026-03-23|2026-03-30|2026-04-06|2026-04-13|2026-04-20|2026-04-27|2026-05-04|2026-05-11|2026-05-18|2026-05-25|2026-06-01|2026-06-08|2026-06-15|2026-06-22|2026-06-29|2026-07-06|2026-07-13|2026-07-20|2026-07-27|2026-08-03|2026-08-10|2026-08-17|2026-08-24|2026-08-31|2026-09-07|2026-09-14
46,2025-11-04T08:09:22+00:00,Sell,49,included,2025-09-30|2025-10-07|2025-10-14|2025-10-21|2025-10-28|2025-11-11|2025-11-18|2025-11-25|2025-12-02|2025-12-09|2025-12-16|2025-12-23|2025-12-30|2026-01-06|2026-01-13|2026-01-20|2026-01-27|2026-02-03|2026-02-10|2026-02-17|2026-03-03|2026-03-10|2026-03-17|2026-03-24|2026-03-31|2026-04-07|2026-04-14|2026-04-21|2026-04-28|2026-05-05|2026-05-12|2026-05-19|2026-05-26|2026-06-02|2026-06-09|2026-06-16|2026-06-23|2026-06-30|2026-07-07|2026-07-14|2026-07-21|2026-07-28|2026-08-04|2026-08-11|2026-08-18|2026-08-25|2026-09-01|2026-09-08|2026-09-15
47,2025-11-05T07:55:47+00:00,Buy,50,included,2025-10-01|2025-10-08|2025-10-15|2025-10-22|2025-10-29|2025-11-12|2025-11-19|2025-11-26|2025-12-03|2025-12-10|2025-12-17|2025-12-24|2025-12-31|2026-01-07|2026-01-14|2026-01-21|2026-01-28|2026-02-04|2026-02-11|2026-02-18|2026-02-25|2026-03-04|2026-03-11|2026-03-18|2026-03-25|2026-04-01|2026-04-08|2026-04-15|2026-04-22|2026-04-29|2026-05-06|2026-05-13|2026-05-20|2026-05-27|2026-06-03|2026-06-10|2026-06-17|2026-06-24|2026-07-01|2026-07-08|2026-07-15|2026-07-22|2026-07-29|2026-08-05|2026-08-12|2026-08-19|2026-08-26|2026-09-02|2026-09-09|2026-09-16
48,2025-11-06T10:42:44+00:00,Buy,49,included,2025-09-25|2025-10-02|2025-10-09|2025-10-16|2025-10-23|2025-10-30|2025-11-13|2025-11-20|2025-11-27|2025-12-04|2025-12-11|2025-12-18|2026-01-08|2026-01-15|2026-01-22|2026-01-29|2026-02-05|2026-02-12|2026-02-19|2026-02-26|2026-03-05|2026-03-12|2026-03-19|2026-03-26|2026-04-02|2026-04-09|2026-04-16|2026-04-23|2026-04-30|2026-05-07|2026-05-14|2026-05-21|2026-05-28|2026-06-04|2026-06-11|2026-06-18|2026-06-25|2026-07-02|2026-07-09|2026-07-16|2026-07-23|2026-07-30|2026-08-06|2026-08-13|2026-08-20|2026-08-27|2026-09-03|2026-09-10|2026-09-17
49,2025-11-07T09:18:04+00:00,Sell,49,included,2025-09-26|2025-10-03|2025-10-10|2025-10-17|2025-10-24|2025-10-31|2025-11-14|2025-11-21|2025-12-05|2025-12-12|2025-12-19|2025-12-26|2026-01-02|2026-01-09|2026-01-16|2026-01-23|2026-01-30|2026-02-06|2026-02-13|2026-02-20|2026-02-27|2026-03-06|2026-03-13|2026-03-20|2026-03-27|2026-04-10|2026-04-17|2026-04-24|2026-05-01|2026-05-08|2026-05-15|2026-05-22|2026-05-29|2026-06-05|2026-06-12|2026-06-19|2026-06-26|2026-07-03|2026-07-10|2026-07-17|2026-07-24|2026-07-31|2026-08-07|2026-08-14|2026-08-21|2026-08-28|2026-09-04|2026-09-11|2026-09-18
50,2025-11-10T08:42:17+00:00,Sell,49,included,2025-09-29|2025-10-06|2025-10-13|2025-10-20|2025-10-27|2025-11-03|2025-11-17|2025-11-24|2025-12-01|2025-12-08|2025-12-15|2025-12-22|2025-12-29|2026-01-05|2026-01-12|2026-01-19|2026-01-26|2026-02-02|2026-02-09|2026-02-16|2026-02-23|2026-03-09|2026-03-16|2026-03-23|2026-03-30|2026-04-06|2026-04-13|2026-04-20|2026-04-27|2026-05-04|2026-05-11|2026-05-18|2026-05-25|2026-06-01|2026-06-08|2026-06-15|2026-06-22|2026-06-29|2026-07-06|2026-07-13|2026-07-20|2026-07-27|2026-08-03|2026-08-10|2026-08-17|2026-08-24|2026-08-31|2026-09-07|2026-09-14
51,2025-11-10T09:00:16+00:00,Buy,48,included,2025-09-29|2025-10-06|2025-10-13|2025-10-20|2025-10-27|2025-11-03|2025-11-17|2025-11-24|2025-12-01|2025-12-08|2025-12-15|2025-12-22|2025-12-29|2026-01-05|2026-01-12|2026-01-19|2026-02-02|2026-02-09|2026-02-16|2026-02-23|2026-03-02|2026-03-16|2026-03-23|2026-03-30|2026-04-06|2026-04-13|2026-04-20|2026-04-27|2026-05-04|2026-05-11|2026-05-18|2026-05-25|2026-06-01|2026-06-08|2026-06-15|2026-06-22|2026-06-29|2026-07-06|2026-07-13|2026-07-20|2026-07-27|2026-08-03|2026-08-10|2026-08-17|2026-08-24|2026-08-31|2026-09-07|2026-09-14
52,2025-11-10T09:22:51+00:00,Buy,47,included,2025-09-29|2025-10-06|2025-10-13|2025-10-20|2025-10-27|2025-11-03|2025-11-17|2025-11-24|2025-12-08|2025-12-15|2025-12-22|2025-12-29|2026-01-05|2026-01-19|2026-01-26|2026-02-02|2026-02-09|2026-02-16|2026-03-02|2026-03-09|2026-03-16|2026-03-23|2026-03-30|2026-04-06|2026-04-13|2026-04-20|2026-04-27|2026-05-04|2026-05-11|2026-05-18|2026-05-25|2026-06-01|2026-06-08|2026-06-15|2026-06-22|2026-06-29|2026-07-06|2026-07-13|2026-07-20|2026-07-27|2026-08-03|2026-08-10|2026-08-17|2026-08-24|2026-08-31|2026-09-07|2026-09-14
53,2025-11-12T08:19:02+00:00,Buy,50,included,2025-10-01|2025-10-08|2025-10-15|2025-10-22|2025-10-29|2025-11-05|2025-11-19|2025-11-26|2025-12-03|2025-12-10|2025-12-17|2025-12-24|2025-12-31|2026-01-07|2026-01-14|2026-01-21|2026-01-28|2026-02-04|2026-02-11|2026-02-18|2026-02-25|2026-03-04|2026-03-11|2026-03-18|2026-03-25|2026-04-01|2026-04-08|2026-04-15|2026-04-22|2026-04-29|2026-05-06|2026-05-13|2026-05-20|2026-05-27|2026-06-03|2026-06-10|2026-06-17|2026-06-24|2026-07-01|2026-07-08|2026-07-15|2026-07-22|2026-07-29|2026-08-05|2026-08-12|2026-08-19|2026-08-26|2026-09-02|2026-09-09|2026-09-16
54,2025-11-14T09:12:06+00:00,Sell,50,included,2025-09-26|2025-10-03|2025-10-10|2025-10-17|2025-10-24|2025-10-31|2025-11-07|2025-11-21|2025-11-28|2025-12-05|2025-12-12|2025-12-19|2025-12-26|2026-01-02|2026-01-09|2026-01-16|2026-01-23|2026-01-30|2026-02-06|2026-02-13|2026-02-20|2026-02-27|2026-03-06|2026-03-13|2026-03-20|2026-03-27|2026-04-10|2026-04-17|2026-04-24|2026-05-01|2026-05-08|2026-05-15|2026-05-22|2026-05-29|2026-06-05|2026-06-12|2026-06-19|2026-06-26|2026-07-03|2026-07-10|2026-07-17|2026-07-24|2026-07-31|2026-08-07|2026-08-14|2026-08-21|2026-08-28|2026-09-04|2026-09-11|2026-09-18
55,2025-11-17T07:17:27+00:00,Buy,50,included,2025-09-29|2025-10-06|2025-10-13|2025-10-20|2025-10-27|2025-11-03|2025-11-10|2025-11-24|2025-12-01|2025-12-08|2025-12-15|2025-12-22|2025-12-29|2026-01-05|2026-01-12|2026-01-19|2026-01-26|2026-02-02|2026-02-09|2026-02-16|2026-02-23|2026-03-02|2026-03-09|2026-03-16|2026-03-23|2026-03-30|2026-04-06|2026-04-13|2026-04-20|2026-04-27|2026-05-04|2026-05-11|2026-05-18|2026-05-25|2026-06-01|2026-06-08|2026-06-15|2026-06-22|2026-06-29|2026-07-06|2026-07-13|2026-07-20|2026-07-27|2026-08-03|2026-08-10|2026-08-17|2026-08-24|2026-08-31|2026-09-07|2026-09-14
56,2025-11-18T06:48:04+00:00,Sell,48,included,2025-09-30|2025-10-07|2025-10-14|2025-10-21|2025-10-28|2025-11-04|2025-11-11|2025-11-25|2025-12-02|2025-12-09|2025-12-16|2025-12-23|2025-12-30|2026-01-13|2026-01-20|2026-01-27|2026-02-03|2026-02-10|2026-02-17|2026-02-24|2026-03-03|2026-03-10|2026-03-17|2026-03-24|2026-03-31|2026-04-07|2026-04-21|2026-04-28|2026-05-05|2026-05-12|2026-05-19|2026-05-26|2026-06-02|2026-06-09|2026-06-16|2026-06-23|2026-06-30|2026-07-07|2026-07-14|2026-07-21|2026-07-28|2026-08-04|2026-08-11|2026-08-18|2026-08-25|2026-09-01|2026-09-08|2026-09-15
57,2025-11-19T10:12:16+00:00,Sell,50,included,2025-10-01|2025-10-08|2025-10-15|2025-10-22|2025-10-29|2025-11-05|2025-11-12|2025-11-26|2025-12-03|2025-12-10|2025-12-17|2025-12-24|2025-12-31|2026-01-07|2026-01-14|2026-01-21|2026-01-28|2026-02-04|2026-02-11|2026-02-18|2026-02-25|2026-03-04|2026-03-11|2026-03-18|2026-03-25|2026-04-01|2026-04-08|2026-04-15|2026-04-22|2026-04-29|2026-05-06|2026-05-13|2026-05-20|2026-05-27|2026-06-03|2026-06-10|2026-06-17|2026-06-24|2026-07-01|2026-07-08|2026-07-15|2026-07-22|2026-07-29|2026-08-05|2026-08-12|2026-08-19|2026-08-26|2026-09-02|2026-09-09|2026-09-16
58,2025-11-20T06:09:10+00:00,Sell,45,included,2025-09-25|2025-10-02|2025-10-09|2025-10-16|2025-10-23|2025-10-30|2025-11-06|2025-11-13|2025-12-04|2025-12-11|2026-01-08|2026-01-15|2026-01-22|2026-01-29|2026-02-05|2026-02-12|2026-02-19|2026-03-05|2026-03-12|2026-03-19|2026-03-26|2026-04-02|2026-04-16|2026-04-23|2026-04-30|2026-05-07|2026-05-14|2026-05-21|2026-05-28|2026-06-04|2026-06-11|2026-06-18|2026-06-25|2026-07-02|2026-07-09|2026-07-16|2026-07-23|2026-07-30|2026-08-06|2026-08-13|2026-08-20|2026-08-27|2026-09-03|2026-09-10|2026-09-17
59,2025-11-21T11:14:11+00:00,Sell,47,included,2025-09-26|2025-10-03|2025-10-10|2025-10-17|2025-10-24|2025-10-31|2025-11-07|2025-11-14|2025-11-28|2025-12-05|2025-12-12|2025-12-19|2025-12-26|2026-01-02|2026-01-09|2026-01-16|2026-01-23|2026-01-30|2026-02-06|2026-02-20|2026-02-27|2026-03-06|2026-03-20|2026-03-27|2026-04-10|2026-04-17|2026-04-24|2026-05-01|2026-05-08|2026-05-22|2026-05-29|2026-06-05|2026-06-12|2026-06-19|2026-06-26|2026-07-03|2026-07-10|2026-07-17|2026-07-24|2026-07-31|2026-08-07|2026-08-14|2026-08-21|2026-08-28|2026-09-04|2026-09-11|2026-09-18
60,2025-11-24T11:01:04+00:00,Buy,50,included,2025-09-29|2025-10-06|2025-10-13|2025-10-20|2025-10-27|2025-11-03|2025-11-10|2025-11-17|2025-12-01|2025-12-08|2025-12-15|2025-12-22|2025-12-29|2026-01-05|2026-01-12|2026-01-19|2026-01-26|2026-02-02|2026-02-09|2026-02-16|2026-02-23|2026-03-02|2026-03-09|2026-03-16|2026-03-23|2026-03-30|2026-04-06|2026-04-13|2026-04-20|2026-04-27|2026-05-04|2026-05-11|2026-05-18|2026-05-25|2026-06-01|2026-06-08|2026-06-15|2026-06-22|2026-06-29|2026-07-06|2026-07-13|2026-07-20|2026-07-27|2026-08-03|2026-08-10|2026-08-17|2026-08-24|2026-08-31|2026-09-07|2026-09-14
61,2025-11-26T07:36:48+00:00,Buy,48,included,2025-10-01|2025-10-08|2025-10-15|2025-10-22|2025-10-29|2025-11-05|2025-11-12|2025-11-19|2025-12-10|2025-12-24|2025-12-31|2026-01-07|2026-01-14|2026-01-21|2026-01-28|2026-02-04|2026-02-11|2026-02-18|2026-02-25|2026-03-04|2026-03-11|2026-03-18|2026-03-25|2026-04-01|2026-04-08|2026-04-15|2026-04-22|2026-04-29|2026-05-06|2026-05-13|2026-05-20|2026-05-27|2026-06-03|2026-06-10|2026-06-17|2026-06-24|2026-07-01|2026-07-08|2026-07-15|2026-07-22|2026-07-29|2026-08-05|2026-08-12|2026-08-19|2026-08-26|2026-09-02|2026-09-09|2026-09-16
62,2025-11-27T06:09:07+00:00,Sell,45,included,2025-09-25|2025-10-02|2025-10-09|2025-10-16|2025-10-23|2025-10-30|2025-11-06|2025-11-13|2025-12-04|2025-12-11|2026-01-08|2026-01-15|2026-01-22|2026-01-29|2026-02-05|2026-02-12|2026-02-19|2026-03-05|2026-03-12|2026-03-19|2026-03-26|2026-04-02|2026-04-16|2026-04-23|2026-04-30|2026-05-07|2026-05-14|2026-05-21|2026-05-28|2026-06-04|2026-06-11|2026-06-18|2026-06-25|2026-07-02|2026-07-09|2026-07-16|2026-07-23|2026-07-30|2026-08-06|2026-08-13|2026-08-20|2026-08-27|2026-09-03|2026-09-10|2026-09-17
63,2025-11-27T09:02:26+00:00,Sell,47,included,2025-09-25|2025-10-02|2025-10-09|2025-10-16|2025-10-23|2025-10-30|2025-11-06|2025-11-13|2025-11-20|2025-12-04|2025-12-11|2025-12-18|2026-01-08|2026-01-15|2026-01-22|2026-01-29|2026-02-05|2026-02-19|2026-02-26|2026-03-05|2026-03-19|2026-03-26|2026-04-02|2026-04-09|2026-04-16|2026-04-23|2026-04-30|2026-05-07|2026-05-14|2026-05-21|2026-05-28|2026-06-04|2026-06-11|2026-06-18|2026-06-25|2026-07-02|2026-07-09|2026-07-16|2026-07-23|2026-07-30|2026-08-06|2026-08-13|2026-08-20|2026-08-27|2026-09-03|2026-09-10|2026-09-17
64,2025-12-01T10:14:10+00:00,Sell,50,included,2025-09-29|2025-10-06|2025-10-13|2025-10-20|2025-10-27|2025-11-03|2025-11-10|2025-11-17|2025-11-24|2025-12-08|2025-12-15|2025-12-22|2025-12-29|2026-01-05|2026-01-12|2026-01-19|2026-01-26|2026-02-02|2026-02-09|2026-02-16|2026-02-23|2026-03-02|2026-03-09|2026-03-16|2026-03-23|2026-03-30|2026-04-06|2026-04-13|2026-04-20|2026-04-27|2026-05-04|2026-05-11|2026-05-18|2026-05-25|2026-06-01|2026-06-08|2026-06-15|2026-06-22|2026-06-29|2026-07-06|2026-07-13|2026-07-20|2026-07-27|2026-08-03|2026-08-10|2026-08-17|2026-08-24|2026-08-31|2026-09-07|2026-09-14
65,2025-12-02T09:32:10+00:00,Sell,50,included,2025-09-30|2025-10-07|2025-10-14|2025-10-21|2025-10-28|2025-11-04|2025-11-11|2025-11-18|2025-11-25|2025-12-09|2025-12-16|2025-12-23|2025-12-30|2026-01-06|2026-01-13|2026-01-20|2026-01-27|2026-02-03|2026-02-10|2026-02-17|2026-02-24|2026-03-03|2026-03-10|2026-03-17|2026-03-24|2026-03-31|2026-04-07|2026-04-14|2026-04-21|2026-04-28|2026-05-05|2026-05-12|2026-05-19|2026-05-26|2026-06-02|2026-06-09|2026-06-16|2026-06-23|2026-06-30|2026-07-07|2026-07-14|2026-07-21|2026-07-28|2026-08-04|2026-08-11|2026-08-18|2026-08-25|2026-09-01|2026-09-08|2026-09-15
66,2025-12-03T07:33:51+00:00,Buy,48,included,2025-10-01|2025-10-08|2025-10-15|2025-10-22|2025-10-29|2025-11-05|2025-11-12|2025-11-19|2025-12-10|2025-12-24|2025-12-31|2026-01-07|2026-01-14|2026-01-21|2026-01-28|2026-02-04|2026-02-11|2026-02-18|2026-02-25|2026-03-04|2026-03-11|2026-03-18|2026-03-25|2026-04-01|2026-04-08|2026-04-15|2026-04-22|2026-04-29|2026-05-06|2026-05-13|2026-05-20|2026-05-27|2026-06-03|2026-06-10|2026-06-17|2026-06-24|2026-07-01|2026-07-08|2026-07-15|2026-07-22|2026-07-29|2026-08-05|2026-08-12|2026-08-19|2026-08-26|2026-09-02|2026-09-09|2026-09-16
67,2025-12-04T11:18:01+00:00,Sell,48,included,2025-09-25|2025-10-02|2025-10-16|2025-10-23|2025-10-30|2025-11-06|2025-11-13|2025-11-20|2025-11-27|2025-12-11|2025-12-18|2026-01-08|2026-01-15|2026-01-22|2026-01-29|2026-02-05|2026-02-12|2026-02-19|2026-02-26|2026-03-05|2026-03-12|2026-03-19|2026-03-26|2026-04-02|2026-04-09|2026-04-16|2026-04-23|2026-04-30|2026-05-07|2026-05-14|2026-05-21|2026-05-28|2026-06-04|2026-06-11|2026-06-18|2026-06-25|2026-07-02|2026-07-09|2026-07-16|2026-07-23|2026-07-30|2026-08-06|2026-08-13|2026-08-20|2026-08-27|2026-09-03|2026-09-10|2026-09-17
68,2025-12-05T13:06:32+00:00,Buy,50,included,2025-09-26|2025-10-03|2025-10-10|2025-10-17|2025-10-24|2025-10-31|2025-11-07|2025-11-14|2025-11-21|2025-11-28|2025-12-12|2025-12-19|2025-12-26|2026-01-02|2026-01-09|2026-01-16|2026-01-23|2026-01-30|2026-02-06|2026-02-13|2026-02-20|2026-02-27|2026-03-06|2026-03-13|2026-03-20|2026-03-27|2026-04-10|2026-04-17|2026-04-24|2026-05-01|2026-05-08|2026-05-15|2026-05-22|2026-05-29|2026-06-05|2026-06-12|2026-06-19|2026-06-26|2026-07-03|2026-07-10|2026-07-17|2026-07-24|2026-07-31|2026-08-07|2026-08-14|2026-08-21|2026-08-28|2026-09-04|2026-09-11|2026-09-18
69,2025-12-08T14:57:55+00:00,Sell,50,included,2025-09-29|2025-10-06|2025-10-13|2025-10-20|2025-10-27|2025-11-03|2025-11-10|2025-11-17|2025-11-24|2025-12-01|2025-12-15|2025-12-22|2025-12-29|2026-01-05|2026-01-12|2026-01-19|2026-01-26|2026-02-02|2026-02-09|2026-02-16|2026-02-23|2026-03-02|2026-03-09|2026-03-16|2026-03-23|2026-03-30|2026-04-06|2026-04-13|2026-04-20|2026-04-27|2026-05-04|2026-05-11|2026-05-18|2026-05-25|2026-06-01|2026-06-08|2026-06-15|2026-06-22|2026-06-29|2026-07-06|2026-07-13|2026-07-20|2026-07-27|2026-08-03|2026-08-10|2026-08-17|2026-08-24|2026-08-31|2026-09-07|2026-09-14
70,2025-12-09T08:35:42+00:00,Buy,50,included,2025-09-30|2025-10-07|2025-10-14|2025-10-21|2025-10-28|2025-11-04|2025-11-11|2025-11-18|2025-11-25|2025-12-02|2025-12-16|2025-12-23|2025-12-30|2026-01-06|2026-01-13|2026-01-20|2026-01-27|2026-02-03|2026-02-10|2026-02-17|2026-02-24|2026-03-03|2026-03-10|2026-03-17|2026-03-24|2026-03-31|2026-04-07|2026-04-14|2026-04-21|2026-04-28|2026-05-05|2026-05-12|2026-05-19|2026-05-26|2026-06-02|2026-06-09|2026-06-16|2026-06-23|2026-06-30|2026-07-07|2026-07-14|2026-07-21|2026-07-28|2026-08-04|2026-08-11|2026-08-18|2026-08-25|2026-09-01|2026-09-08|2026-09-15
71,2025-12-09T18:33:05+00:00,Buy,50,included,2025-09-30|2025-10-07|2025-10-14|2025-10-21|2025-10-28|2025-11-04|2025-11-11|2025-11-18|2025-11-25|2025-12-02|2025-12-16|2025-12-23|2025-12-30|2026-01-06|2026-01-13|2026-01-20|2026-01-27|2026-02-03|2026-02-10|2026-02-17|2026-02-24|2026-03-03|2026-03-10|2026-03-17|2026-03-24|2026-03-31|2026-04-07|2026-04-14|2026-04-21|2026-04-28|2026-05-05|2026-05-12|2026-05-19|2026-05-26|2026-06-02|2026-06-09|2026-06-16|2026-06-23|2026-06-30|2026-07-07|2026-07-14|2026-07-21|2026-07-28|2026-08-04|2026-08-11|2026-08-18|2026-08-25|2026-09-01|2026-09-08|2026-09-15
72,2025-12-10T10:33:15+00:00,Buy,48,included,2025-10-01|2025-10-08|2025-10-15|2025-10-22|2025-10-29|2025-11-05|2025-11-12|2025-11-19|2025-11-26|2025-12-03|2025-12-17|2025-12-24|2025-12-31|2026-01-07|2026-01-14|2026-01-21|2026-01-28|2026-02-04|2026-02-11|2026-02-18|2026-02-25|2026-03-04|2026-03-11|2026-03-25|2026-04-01|2026-04-08|2026-04-15|2026-04-22|2026-04-29|2026-05-06|2026-05-20|2026-05-27|2026-06-03|2026-06-10|2026-06-17|2026-06-24|2026-07-01|2026-07-08|2026-07-15|2026-07-22|2026-07-29|2026-08-05|2026-08-12|2026-08-19|2026-08-26|2026-09-02|2026-09-09|2026-09-16
73,2025-12-10T12:17:30+00:00,Sell,49,included,2025-10-01|2025-10-08|2025-10-15|2025-10-22|2025-10-29|2025-11-05|2025-11-12|2025-11-19|2025-11-26|2025-12-03|2025-12-17|2025-12-24|2025-12-31|2026-01-07|2026-01-14|2026-01-21|2026-01-28|2026-02-04|2026-02-11|2026-02-18|2026-02-25|2026-03-04|2026-03-11|2026-03-18|2026-03-25|2026-04-01|2026-04-08|2026-04-15|2026-04-22|2026-04-29|2026-05-06|2026-05-13|2026-05-20|2026-05-27|2026-06-03|2026-06-10|2026-06-17|2026-06-24|2026-07-01|2026-07-08|2026-07-22|2026-07-29|2026-08-05|2026-08-12|2026-08-19|2026-08-26|2026-09-02|2026-09-09|2026-09-16
74,2025-12-10T14:17:48+00:00,Buy,50,included,2025-10-01|2025-10-08|2025-10-15|2025-10-22|2025-10-29|2025-11-05|2025-11-12|2025-11-19|2025-11-26|2025-12-03|2025-12-17|2025-12-24|2025-12-31|2026-01-07|2026-01-14|2026-01-21|2026-01-28|2026-02-04|2026-02-11|2026-02-18|2026-02-25|2026-03-04|2026-03-11|2026-03-18|2026-03-25|2026-04-01|2026-04-08|2026-04-15|2026-04-22|2026-04-29|2026-05-06|2026-05-13|2026-05-20|2026-05-27|2026-06-03|2026-06-10|2026-06-17|2026-06-24|2026-07-01|2026-07-08|2026-07-15|2026-07-22|2026-07-29|2026-08-05|2026-08-12|2026-08-19|2026-08-26|2026-09-02|2026-09-09|2026-09-16
75,2025-12-10T14:31:07+00:00,Sell,49,included,2025-10-01|2025-10-08|2025-10-15|2025-10-22|2025-10-29|2025-11-05|2025-11-12|2025-11-19|2025-11-26|2025-12-03|2025-12-17|2025-12-24|2025-12-31|2026-01-07|2026-01-14|2026-01-21|2026-01-28|2026-02-04|2026-02-11|2026-02-18|2026-02-25|2026-03-04|2026-03-11|2026-03-25|2026-04-01|2026-04-08|2026-04-15|2026-04-22|2026-04-29|2026-05-06|2026-05-13|2026-05-20|2026-05-27|2026-06-03|2026-06-10|2026-06-17|2026-06-24|2026-07-01|2026-07-08|2026-07-15|2026-07-22|2026-07-29|2026-08-05|2026-08-12|2026-08-19|2026-08-26|2026-09-02|2026-09-09|2026-09-16
76,2025-12-11T07:32:30+00:00,Buy,49,included,2025-09-25|2025-10-02|2025-10-09|2025-10-16|2025-10-23|2025-10-30|2025-11-06|2025-11-13|2025-11-20|2025-11-27|2025-12-04|2025-12-18|2026-01-08|2026-01-15|2026-01-22|2026-01-29|2026-02-05|2026-02-12|2026-02-19|2026-02-26|2026-03-05|2026-03-12|2026-03-19|2026-03-26|2026-04-02|2026-04-09|2026-04-16|2026-04-23|2026-04-30|2026-05-07|2026-05-14|2026-05-21|2026-05-28|2026-06-04|2026-06-11|2026-06-18|2026-06-25|2026-07-02|2026-07-09|2026-07-16|2026-07-23|2026-07-30|2026-08-06|2026-08-13|2026-08-20|2026-08-27|2026-09-03|2026-09-10|2026-09-17
77,2025-12-11T11:09:27+00:00,Buy,47,included,2025-09-25|2025-10-02|2025-10-16|2025-10-23|2025-10-30|2025-11-06|2025-11-13|2025-11-20|2025-11-27|2025-12-04|2025-12-18|2026-01-08|2026-01-15|2026-01-22|2026-01-29|2026-02-05|2026-02-19|2026-02-26|2026-03-05|2026-03-12|2026-03-19|2026-03-26|2026-04-02|2026-04-09|2026-04-16|2026-04-23|2026-04-30|2026-05-07|2026-05-14|2026-05-21|2026-05-28|2026-06-04|2026-06-11|2026-06-18|2026-06-25|2026-07-02|2026-07-09|2026-07-16|2026-07-23|2026-07-30|2026-08-06|2026-08-13|2026-08-20|2026-08-27|2026-09-03|2026-09-10|2026-09-17
78,2025-12-12T09:25:01+00:00,Sell,50,included,2025-09-26|2025-10-03|2025-10-10|2025-10-17|2025-10-24|2025-10-31|2025-11-07|2025-11-14|2025-11-21|2025-11-28|2025-12-05|2025-12-19|2025-12-26|2026-01-02|2026-01-09|2026-01-16|2026-01-23|2026-01-30|2026-02-06|2026-02-13|2026-02-20|2026-02-27|2026-03-06|2026-03-13|2026-03-20|2026-03-27|2026-04-10|2026-04-17|2026-04-24|2026-05-01|2026-05-08|2026-05-15|2026-05-22|2026-05-29|2026-06-05|2026-06-12|2026-06-19|2026-06-26|2026-07-03|2026-07-10|2026-07-17|2026-07-24|2026-07-31|2026-08-07|2026-08-14|2026-08-21|2026-08-28|2026-09-04|2026-09-11|2026-09-18
79,2025-12-15T10:29:18+00:00,Sell,50,included,2025-09-29|2025-10-06|2025-10-13|2025-10-20|2025-10-27|2025-11-03|2025-11-10|2025-11-17|2025-11-24|2025-12-01|2025-12-08|2025-12-22|2025-12-29|2026-01-05|2026-01-12|2026-01-19|2026-01-26|2026-02-02|2026-02-09|2026-02-16|2026-02-23|2026-03-02|2026-03-09|2026-03-16|2026-03-23|2026-03-30|2026-04-06|2026-04-13|2026-04-20|2026-04-27|2026-05-04|2026-05-11|2026-05-18|2026-05-25|2026-06-01|2026-06-08|2026-06-15|2026-06-22|2026-06-29|2026-07-06|2026-07-13|2026-07-20|2026-07-27|2026-08-03|2026-08-10|2026-08-17|2026-08-24|2026-08-31|2026-09-07|2026-09-14
80,2025-12-15T13:00:14+00:00,Sell,48,included,2025-09-29|2025-10-06|2025-10-13|2025-10-20|2025-10-27|2025-11-03|2025-11-10|2025-11-17|2025-11-24|2025-12-01|2025-12-08|2025-12-22|2025-12-29|2026-01-05|2026-01-12|2026-01-19|2026-01-26|2026-02-02|2026-02-09|2026-02-16|2026-03-02|2026-03-09|2026-03-16|2026-03-23|2026-03-30|2026-04-06|2026-04-13|2026-04-20|2026-04-27|2026-05-04|2026-05-11|2026-05-18|2026-06-01|2026-06-08|2026-06-15|2026-06-22|2026-06-29|2026-07-06|2026-07-13|2026-07-20|2026-07-27|2026-08-03|2026-08-10|2026-08-17|2026-08-24|2026-08-31|2026-09-07|2026-09-14
81,2025-12-16T06:41:45+00:00,Sell,48,included,2025-09-30|2025-10-07|2025-10-14|2025-10-21|2025-10-28|2025-11-04|2025-11-11|2025-11-18|2025-11-25|2025-12-02|2025-12-09|2025-12-23|2025-12-30|2026-01-06|2026-01-13|2026-01-20|2026-01-27|2026-02-03|2026-02-10|2026-02-17|2026-02-24|2026-03-03|2026-03-10|2026-03-17|2026-03-24|2026-03-31|2026-04-07|2026-04-21|2026-04-28|2026-05-05|2026-05-12|2026-05-19|2026-05-26|2026-06-02|2026-06-09|2026-06-16|2026-06-23|2026-06-30|2026-07-07|2026-07-14|2026-07-28|2026-08-04|2026-08-11|2026-08-18|2026-08-25|2026-09-01|2026-09-08|2026-09-15
82,2025-12-17T06:21:41+00:00,Buy,48,included,2025-10-08|2025-10-15|2025-10-22|2025-10-29|2025-11-05|2025-11-12|2025-11-19|2025-11-26|2025-12-03|2025-12-10|2025-12-24|2025-12-31|2026-01-07|2026-01-14|2026-01-21|2026-01-28|2026-02-04|2026-02-11|2026-02-18|2026-02-25|2026-03-04|2026-03-11|2026-03-18|2026-03-25|2026-04-01|2026-04-08|2026-04-15|2026-04-22|2026-04-29|2026-05-06|2026-05-13|2026-05-20|2026-06-03|2026-06-10|2026-06-17|2026-06-24|2026-07-01|2026-07-08|2026-07-15|2026-07-22|2026-07-29|2026-08-05|2026-08-12|2026-08-19|2026-08-26|2026-09-02|2026-09-09|2026-09-16
83,2025-12-17T07:38:06+00:00,Sell,48,included,2025-10-01|2025-10-08|2025-10-15|2025-10-22|2025-10-29|2025-11-05|2025-11-12|2025-11-19|2025-12-10|2025-12-24|2025-12-31|2026-01-07|2026-01-14|2026-01-21|2026-01-28|2026-02-04|2026-02-11|2026-02-18|2026-02-25|2026-03-04|2026-03-11|2026-03-18|2026-03-25|2026-04-01|2026-04-08|2026-04-15|2026-04-22|2026-04-29|2026-05-06|2026-05-13|2026-05-20|2026-05-27|2026-06-03|2026-06-10|2026-06-17|2026-06-24|2026-07-01|2026-07-08|2026-07-15|2026-07-22|2026-07-29|2026-08-05|2026-08-12|2026-08-19|2026-08-26|2026-09-02|2026-09-09|2026-09-16
84,2025-12-18T06:05:45+00:00,Buy,44,included,2025-09-25|2025-10-02|2025-10-09|2025-10-16|2025-10-23|2025-10-30|2025-11-06|2025-11-13|2025-12-04|2025-12-11|2026-01-08|2026-01-15|2026-01-22|2026-01-29|2026-02-05|2026-02-12|2026-02-19|2026-03-05|2026-03-12|2026-03-19|2026-03-26|2026-04-02|2026-04-16|2026-04-23|2026-04-30|2026-05-07|2026-05-14|2026-05-21|2026-05-28|2026-06-11|2026-06-18|2026-06-25|2026-07-02|2026-07-09|2026-07-16|2026-07-23|2026-07-30|2026-08-06|2026-08-13|2026-08-20|2026-08-27|2026-09-03|2026-09-10|2026-09-17
85,2025-12-18T08:02:33+00:00,Sell,48,included,2025-09-25|2025-10-02|2025-10-09|2025-10-16|2025-10-23|2025-10-30|2025-11-06|2025-11-13|2025-11-20|2025-11-27|2025-12-04|2025-12-11|2026-01-08|2026-01-15|2026-01-22|2026-01-29|2026-02-05|2026-02-12|2026-02-19|2026-02-26|2026-03-05|2026-03-12|2026-03-19|2026-03-26|2026-04-02|2026-04-16|2026-04-23|2026-04-30|2026-05-07|2026-05-14|2026-05-21|2026-05-28|2026-06-04|2026-06-11|2026-06-18|2026-06-25|2026-07-02|2026-07-09|2026-07-16|2026-07-23|2026-07-30|2026-08-06|2026-08-13|2026-08-20|2026-08-27|2026-09-03|2026-09-10|2026-09-17
86,2025-12-19T08:43:53+00:00,Buy,49,included,2025-09-26|2025-10-03|2025-10-10|2025-10-17|2025-10-24|2025-10-31|2025-11-07|2025-11-14|2025-11-21|2025-11-28|2025-12-05|2025-12-12|2025-12-26|2026-01-02|2026-01-09|2026-01-16|2026-01-23|2026-01-30|2026-02-06|2026-02-13|2026-02-20|2026-02-27|2026-03-06|2026-03-13|2026-03-20|2026-04-10|2026-04-17|2026-04-24|2026-05-01|2026-05-08|2026-05-15|2026-05-22|2026-05-29|2026-06-05|2026-06-12|2026-06-19|2026-06-26|2026-07-03|2026-07-10|2026-07-17|2026-07-24|2026-07-31|2026-08-07|2026-08-14|2026-08-21|2026-08-28|2026-09-04|2026-09-11|2026-09-18
87,2025-12-19T12:42:44+00:00,Sell,49,included,2025-09-26|2025-10-03|2025-10-10|2025-10-17|2025-10-24|2025-10-31|2025-11-07|2025-11-14|2025-11-21|2025-11-28|2025-12-05|2025-12-12|2025-12-26|2026-01-02|2026-01-09|2026-01-16|2026-01-23|2026-01-30|2026-02-06|2026-02-13|2026-02-20|2026-02-27|2026-03-06|2026-03-13|2026-03-20|2026-03-27|2026-04-10|2026-04-17|2026-04-24|2026-05-01|2026-05-08|2026-05-15|2026-05-22|2026-05-29|2026-06-05|2026-06-12|2026-06-19|2026-06-26|2026-07-03|2026-07-10|2026-07-17|2026-07-24|2026-07-31|2026-08-07|2026-08-14|2026-08-21|2026-08-28|2026-09-11|2026-09-18
88,2025-12-22T06:17:51+00:00,Buy,48,included,2025-09-29|2025-10-06|2025-10-13|2025-10-20|2025-11-03|2025-11-10|2025-11-17|2025-11-24|2025-12-01|2025-12-08|2025-12-15|2025-12-29|2026-01-05|2026-01-12|2026-01-19|2026-01-26|2026-02-02|2026-02-09|2026-02-16|2026-02-23|2026-03-02|2026-03-09|2026-03-16|2026-03-30|2026-04-06|2026-04-13|2026-04-20|2026-04-27|2026-05-04|2026-05-11|2026-05-18|2026-05-25|2026-06-01|2026-06-08|2026-06-15|2026-06-22|2026-06-29|2026-07-06|2026-07-13|2026-07-20|2026-07-27|2026-08-03|2026-08-10|2026-08-17|2026-08-24|2026-08-31|2026-09-07|2026-09-14
89,2025-12-22T10:07:54+00:00,Sell,49,included,2025-09-29|2025-10-06|2025-10-13|2025-10-20|2025-10-27|2025-11-03|2025-11-10|2025-11-17|2025-11-24|2025-12-01|2025-12-08|2025-12-15|2025-12-29|2026-01-05|2026-01-12|2026-01-19|2026-01-26|2026-02-02|2026-02-16|2026-02-23|2026-03-02|2026-03-09|2026-03-16|2026-03-23|2026-03-30|2026-04-06|2026-04-13|2026-04-20|2026-04-27|2026-05-04|2026-05-11|2026-05-18|2026-05-25|2026-06-01|2026-06-08|2026-06-15|2026-06-22|2026-06-29|2026-07-06|2026-07-13|2026-07-20|2026-07-27|2026-08-03|2026-08-10|2026-08-17|2026-08-24|2026-08-31|2026-09-07|2026-09-14
90,2025-12-23T09:53:01+00:00,Buy,50,included,2025-09-30|2025-10-07|2025-10-14|2025-10-21|2025-10-28|2025-11-04|2025-11-11|2025-11-18|2025-11-25|2025-12-02|2025-12-09|2025-12-16|2025-12-30|2026-01-06|2026-01-13|2026-01-20|2026-01-27|2026-02-03|2026-02-10|2026-02-17|2026-02-24|2026-03-03|2026-03-10|2026-03-17|2026-03-24|2026-03-31|2026-04-07|2026-04-14|2026-04-21|2026-04-28|2026-05-05|2026-05-12|2026-05-19|2026-05-26|2026-06-02|2026-06-09|2026-06-16|2026-06-23|2026-06-30|2026-07-07|2026-07-14|2026-07-21|2026-07-28|2026-08-04|2026-08-11|2026-08-18|2026-08-25|2026-09-01|2026-09-08|2026-09-15
91,2025-12-23T15:38:24+00:00,Buy,50,included,2025-09-30|2025-10-07|2025-10-14|2025-10-21|2025-10-28|2025-11-04|2025-11-11|2025-11-18|2025-11-25|2025-12-02|2025-12-09|2025-12-16|2025-12-30|2026-01-06|2026-01-13|2026-01-20|2026-01-27|2026-02-03|2026-02-10|2026-02-17|2026-02-24|2026-03-03|2026-03-10|2026-03-17|2026-03-24|2026-03-31|2026-04-07|2026-04-14|2026-04-21|2026-04-28|2026-05-05|2026-05-12|2026-05-19|2026-05-26|2026-06-02|2026-06-09|2026-06-16|2026-06-23|2026-06-30|2026-07-07|2026-07-14|2026-07-21|2026-07-28|2026-08-04|2026-08-11|2026-08-18|2026-08-25|2026-09-01|2026-09-08|2026-09-15
92,2025-12-29T04:11:17+00:00,Buy,32,excluded_missing_history_or_alternatives,2025-09-29|2025-10-06|2025-10-13|2025-10-20|2025-10-27|2026-03-09|2026-03-16|2026-03-23|2026-03-30|2026-04-06|2026-04-13|2026-04-20|2026-04-27|2026-05-04|2026-05-11|2026-05-18|2026-05-25|2026-06-01|2026-06-08|2026-06-15|2026-06-22|2026-06-29|2026-07-06|2026-07-13|2026-07-20|2026-07-27|2026-08-03|2026-08-17|2026-08-24|2026-08-31|2026-09-07|2026-09-14
93,2025-12-30T05:20:44+00:00,Sell,49,included,2025-09-30|2025-10-07|2025-10-14|2025-10-21|2025-10-28|2025-11-04|2025-11-11|2025-11-18|2025-11-25|2025-12-02|2025-12-09|2025-12-16|2025-12-23|2026-01-06|2026-01-13|2026-01-20|2026-01-27|2026-02-03|2026-02-10|2026-02-17|2026-02-24|2026-03-03|2026-03-10|2026-03-17|2026-03-24|2026-04-07|2026-04-14|2026-04-21|2026-04-28|2026-05-05|2026-05-12|2026-05-19|2026-05-26|2026-06-02|2026-06-09|2026-06-16|2026-06-23|2026-06-30|2026-07-07|2026-07-14|2026-07-21|2026-07-28|2026-08-04|2026-08-11|2026-08-18|2026-08-25|2026-09-01|2026-09-08|2026-09-15
94,2025-12-30T10:12:46+00:00,Buy,50,included,2025-09-30|2025-10-07|2025-10-14|2025-10-21|2025-10-28|2025-11-04|2025-11-11|2025-11-18|2025-11-25|2025-12-02|2025-12-09|2025-12-16|2025-12-23|2026-01-06|2026-01-13|2026-01-20|2026-01-27|2026-02-03|2026-02-10|2026-02-17|2026-02-24|2026-03-03|2026-03-10|2026-03-17|2026-03-24|2026-03-31|2026-04-07|2026-04-14|2026-04-21|2026-04-28|2026-05-05|2026-05-12|2026-05-19|2026-05-26|2026-06-02|2026-06-09|2026-06-16|2026-06-23|2026-06-30|2026-07-07|2026-07-14|2026-07-21|2026-07-28|2026-08-04|2026-08-11|2026-08-18|2026-08-25|2026-09-01|2026-09-08|2026-09-15
95,2026-01-02T07:31:50+00:00,Buy,49,included,2025-09-26|2025-10-03|2025-10-10|2025-10-17|2025-10-24|2025-10-31|2025-11-07|2025-11-14|2025-11-21|2025-11-28|2025-12-05|2025-12-12|2025-12-19|2025-12-26|2026-01-09|2026-01-16|2026-01-23|2026-01-30|2026-02-06|2026-02-13|2026-02-20|2026-02-27|2026-03-06|2026-03-13|2026-03-20|2026-03-27|2026-04-10|2026-04-17|2026-04-24|2026-05-01|2026-05-08|2026-05-15|2026-05-22|2026-05-29|2026-06-05|2026-06-12|2026-06-19|2026-06-26|2026-07-03|2026-07-10|2026-07-17|2026-07-31|2026-08-07|2026-08-14|2026-08-21|2026-08-28|2026-09-04|2026-09-11|2026-09-18
96,2026-01-05T09:12:23+00:00,Buy,48,included,2025-09-29|2025-10-13|2025-10-20|2025-10-27|2025-11-03|2025-11-10|2025-11-17|2025-11-24|2025-12-01|2025-12-08|2025-12-15|2025-12-22|2025-12-29|2026-01-12|2026-01-19|2026-01-26|2026-02-02|2026-02-09|2026-02-16|2026-02-23|2026-03-02|2026-03-09|2026-03-23|2026-03-30|2026-04-06|2026-04-13|2026-04-20|2026-04-27|2026-05-04|2026-05-11|2026-05-18|2026-05-25|2026-06-01|2026-06-08|2026-06-15|2026-06-22|2026-06-29|2026-07-06|2026-07-13|2026-07-20|2026-07-27|2026-08-03|2026-08-10|2026-08-17|2026-08-24|2026-08-31|2026-09-07|2026-09-14
97,2026-01-06T06:52:50+00:00,Buy,49,included,2025-09-30|2025-10-07|2025-10-14|2025-10-21|2025-10-28|2025-11-04|2025-11-11|2025-11-25|2025-12-02|2025-12-09|2025-12-16|2025-12-23|2025-12-30|2026-01-13|2026-01-20|2026-01-27|2026-02-03|2026-02-10|2026-02-17|2026-02-24|2026-03-03|2026-03-10|2026-03-17|2026-03-24|2026-03-31|2026-04-07|2026-04-14|2026-04-21|2026-04-28|2026-05-05|2026-05-12|2026-05-19|2026-05-26|2026-06-02|2026-06-09|2026-06-16|2026-06-23|2026-06-30|2026-07-07|2026-07-14|2026-07-21|2026-07-28|2026-08-04|2026-08-11|2026-08-18|2026-08-25|2026-09-01|2026-09-08|2026-09-15
98,2026-01-07T14:04:17+00:00,Sell,49,included,2025-10-01|2025-10-08|2025-10-15|2025-10-22|2025-10-29|2025-11-05|2025-11-12|2025-11-19|2025-11-26|2025-12-03|2025-12-10|2025-12-17|2025-12-24|2025-12-31|2026-01-14|2026-01-21|2026-01-28|2026-02-04|2026-02-11|2026-02-18|2026-02-25|2026-03-04|2026-03-11|2026-03-18|2026-03-25|2026-04-01|2026-04-08|2026-04-15|2026-04-22|2026-04-29|2026-05-06|2026-05-13|2026-05-20|2026-05-27|2026-06-03|2026-06-10|2026-06-17|2026-06-24|2026-07-08|2026-07-15|2026-07-22|2026-07-29|2026-08-05|2026-08-12|2026-08-19|2026-08-26|2026-09-02|2026-09-09|2026-09-16
99,2026-01-08T07:05:21+00:00,Buy,47,included,2025-09-25|2025-10-02|2025-10-09|2025-10-16|2025-10-23|2025-10-30|2025-11-06|2025-11-13|2025-11-20|2025-11-27|2025-12-04|2025-12-11|2025-12-18|2026-01-15|2026-01-22|2026-01-29|2026-02-05|2026-02-12|2026-02-19|2026-02-26|2026-03-12|2026-03-19|2026-03-26|2026-04-02|2026-04-09|2026-04-16|2026-04-23|2026-04-30|2026-05-07|2026-05-14|2026-05-21|2026-05-28|2026-06-11|2026-06-18|2026-06-25|2026-07-02|2026-07-09|2026-07-16|2026-07-23|2026-07-30|2026-08-06|2026-08-13|2026-08-20|2026-08-27|2026-09-03|2026-09-10|2026-09-17
100,2026-01-09T07:03:58+00:00,Sell,48,included,2025-09-26|2025-10-03|2025-10-10|2025-10-17|2025-10-24|2025-10-31|2025-11-07|2025-11-14|2025-11-21|2025-11-28|2025-12-05|2025-12-12|2025-12-19|2025-12-26|2026-01-02|2026-01-30|2026-02-06|2026-02-13|2026-02-20|2026-02-27|2026-03-06|2026-03-13|2026-03-20|2026-03-27|2026-04-10|2026-04-17|2026-04-24|2026-05-01|2026-05-08|2026-05-15|2026-05-22|2026-05-29|2026-06-05|2026-06-12|2026-06-19|2026-06-26|2026-07-03|2026-07-10|2026-07-17|2026-07-24|2026-07-31|2026-08-07|2026-08-14|2026-08-21|2026-08-28|2026-09-04|2026-09-11|2026-09-18
101,2026-01-12T05:30:37+00:00,Buy,48,included,2025-09-29|2025-10-06|2025-10-13|2025-10-20|2025-10-27|2025-11-03|2025-11-10|2025-11-17|2025-11-24|2025-12-01|2025-12-15|2025-12-22|2025-12-29|2026-01-05|2026-01-19|2026-01-26|2026-02-02|2026-02-09|2026-02-16|2026-02-23|2026-03-02|2026-03-09|2026-03-16|2026-03-23|2026-03-30|2026-04-06|2026-04-13|2026-04-20|2026-04-27|2026-05-04|2026-05-11|2026-05-18|2026-05-25|2026-06-01|2026-06-08|2026-06-15|2026-06-29|2026-07-06|2026-07-13|2026-07-20|2026-07-27|2026-08-03|2026-08-10|2026-08-17|2026-08-24|2026-08-31|2026-09-07|2026-09-14
102,2026-01-12T09:25:57+00:00,Buy,47,included,2025-09-29|2025-10-06|2025-10-13|2025-10-20|2025-10-27|2025-11-03|2025-11-17|2025-11-24|2025-12-08|2025-12-15|2025-12-22|2025-12-29|2026-01-05|2026-01-19|2026-01-26|2026-02-02|2026-02-09|2026-02-16|2026-03-02|2026-03-09|2026-03-16|2026-03-23|2026-03-30|2026-04-06|2026-04-13|2026-04-20|2026-04-27|2026-05-04|2026-05-11|2026-05-18|2026-05-25|2026-06-01|2026-06-08|2026-06-15|2026-06-22|2026-06-29|2026-07-06|2026-07-13|2026-07-20|2026-07-27|2026-08-03|2026-08-10|2026-08-17|2026-08-24|2026-08-31|2026-09-07|2026-09-14
103,2026-01-12T12:11:18+00:00,Sell,49,included,2025-09-29|2025-10-06|2025-10-13|2025-10-20|2025-10-27|2025-11-03|2025-11-10|2025-11-17|2025-11-24|2025-12-01|2025-12-08|2025-12-15|2025-12-22|2025-12-29|2026-01-05|2026-01-19|2026-01-26|2026-02-02|2026-02-09|2026-02-16|2026-02-23|2026-03-02|2026-03-09|2026-03-23|2026-03-30|2026-04-06|2026-04-13|2026-04-20|2026-04-27|2026-05-04|2026-05-11|2026-05-18|2026-05-25|2026-06-01|2026-06-08|2026-06-15|2026-06-22|2026-06-29|2026-07-06|2026-07-13|2026-07-20|2026-07-27|2026-08-03|2026-08-10|2026-08-17|2026-08-24|2026-08-31|2026-09-07|2026-09-14
104,2026-01-13T10:44:06+00:00,Sell,46,included,2025-09-30|2025-10-07|2025-10-14|2025-10-21|2025-10-28|2025-11-04|2025-11-11|2025-11-18|2025-11-25|2025-12-02|2025-12-09|2025-12-16|2025-12-23|2025-12-30|2026-01-06|2026-01-20|2026-01-27|2026-02-03|2026-02-10|2026-02-17|2026-02-24|2026-03-10|2026-03-17|2026-03-24|2026-03-31|2026-04-07|2026-04-14|2026-04-21|2026-04-28|2026-05-19|2026-06-02|2026-06-09|2026-06-16|2026-06-23|2026-06-30|2026-07-07|2026-07-14|2026-07-21|2026-07-28|2026-08-04|2026-08-11|2026-08-18|2026-08-25|2026-09-01|2026-09-08|2026-09-15
105,2026-01-14T04:29:14+00:00,Buy,32,excluded_missing_history_or_alternatives,2025-10-01|2025-10-08|2025-10-15|2025-10-22|2025-10-29|2026-03-11|2026-03-18|2026-03-25|2026-04-01|2026-04-08|2026-04-15|2026-04-22|2026-04-29|2026-05-06|2026-05-13|2026-05-20|2026-05-27|2026-06-10|2026-06-17|2026-06-24|2026-07-01|2026-07-08|2026-07-15|2026-07-22|2026-07-29|2026-08-05|2026-08-12|2026-08-19|2026-08-26|2026-09-02|2026-09-09|2026-09-16
106,2026-01-15T07:19:50+00:00,Sell,48,included,2025-09-25|2025-10-02|2025-10-09|2025-10-16|2025-10-23|2025-10-30|2025-11-06|2025-11-13|2025-11-20|2025-11-27|2025-12-04|2025-12-11|2025-12-18|2026-01-08|2026-01-22|2026-01-29|2026-02-05|2026-02-12|2026-02-19|2026-02-26|2026-03-05|2026-03-12|2026-03-19|2026-03-26|2026-04-02|2026-04-09|2026-04-16|2026-04-23|2026-04-30|2026-05-07|2026-05-14|2026-05-21|2026-05-28|2026-06-04|2026-06-11|2026-06-18|2026-06-25|2026-07-02|2026-07-16|2026-07-23|2026-07-30|2026-08-06|2026-08-13|2026-08-20|2026-08-27|2026-09-03|2026-09-10|2026-09-17
107,2026-01-16T07:03:56+00:00,Buy,48,included,2025-09-26|2025-10-03|2025-10-10|2025-10-17|2025-10-24|2025-10-31|2025-11-07|2025-11-14|2025-11-21|2025-11-28|2025-12-05|2025-12-12|2025-12-19|2025-12-26|2026-01-02|2026-01-30|2026-02-06|2026-02-13|2026-02-20|2026-02-27|2026-03-06|2026-03-13|2026-03-20|2026-03-27|2026-04-10|2026-04-17|2026-04-24|2026-05-01|2026-05-08|2026-05-15|2026-05-22|2026-05-29|2026-06-05|2026-06-12|2026-06-19|2026-06-26|2026-07-03|2026-07-10|2026-07-17|2026-07-24|2026-07-31|2026-08-07|2026-08-14|2026-08-21|2026-08-28|2026-09-04|2026-09-11|2026-09-18
108,2026-01-16T12:48:59+00:00,Sell,50,included,2025-09-26|2025-10-03|2025-10-10|2025-10-17|2025-10-24|2025-10-31|2025-11-07|2025-11-14|2025-11-21|2025-11-28|2025-12-05|2025-12-12|2025-12-19|2025-12-26|2026-01-02|2026-01-09|2026-01-23|2026-01-30|2026-02-06|2026-02-13|2026-02-20|2026-02-27|2026-03-06|2026-03-13|2026-03-20|2026-03-27|2026-04-10|2026-04-17|2026-04-24|2026-05-01|2026-05-08|2026-05-15|2026-05-22|2026-05-29|2026-06-05|2026-06-12|2026-06-19|2026-06-26|2026-07-03|2026-07-10|2026-07-17|2026-07-24|2026-07-31|2026-08-07|2026-08-14|2026-08-21|2026-08-28|2026-09-04|2026-09-11|2026-09-18
109,2026-01-20T07:00:31+00:00,Buy,50,included,2025-09-30|2025-10-07|2025-10-14|2025-10-21|2025-10-28|2025-11-04|2025-11-11|2025-11-18|2025-11-25|2025-12-02|2025-12-09|2025-12-16|2025-12-23|2025-12-30|2026-01-06|2026-01-13|2026-01-27|2026-02-03|2026-02-10|2026-02-17|2026-02-24|2026-03-03|2026-03-10|2026-03-17|2026-03-24|2026-03-31|2026-04-07|2026-04-14|2026-04-21|2026-04-28|2026-05-05|2026-05-12|2026-05-19|2026-05-26|2026-06-02|2026-06-09|2026-06-16|2026-06-23|2026-06-30|2026-07-07|2026-07-14|2026-07-21|2026-07-28|2026-08-04|2026-08-11|2026-08-18|2026-08-25|2026-09-01|2026-09-08|2026-09-15
110,2026-01-22T07:25:06+00:00,Buy,49,included,2025-09-25|2025-10-02|2025-10-09|2025-10-16|2025-10-23|2025-10-30|2025-11-06|2025-11-13|2025-11-20|2025-11-27|2025-12-04|2025-12-11|2025-12-18|2026-01-08|2026-01-15|2026-01-29|2026-02-05|2026-02-12|2026-02-19|2026-02-26|2026-03-05|2026-03-12|2026-03-19|2026-03-26|2026-04-02|2026-04-09|2026-04-16|2026-04-23|2026-04-30|2026-05-07|2026-05-14|2026-05-21|2026-05-28|2026-06-04|2026-06-11|2026-06-18|2026-06-25|2026-07-02|2026-07-09|2026-07-16|2026-07-23|2026-07-30|2026-08-06|2026-08-13|2026-08-20|2026-08-27|2026-09-03|2026-09-10|2026-09-17
111,2026-01-23T07:00:21+00:00,Buy,48,included,2025-09-26|2025-10-03|2025-10-10|2025-10-17|2025-10-24|2025-10-31|2025-11-07|2025-11-14|2025-11-21|2025-11-28|2025-12-05|2025-12-12|2025-12-19|2025-12-26|2026-01-02|2026-01-30|2026-02-06|2026-02-13|2026-02-20|2026-02-27|2026-03-06|2026-03-13|2026-03-20|2026-03-27|2026-04-10|2026-04-17|2026-04-24|2026-05-01|2026-05-08|2026-05-15|2026-05-22|2026-05-29|2026-06-05|2026-06-12|2026-06-19|2026-06-26|2026-07-03|2026-07-10|2026-07-17|2026-07-24|2026-07-31|2026-08-07|2026-08-14|2026-08-21|2026-08-28|2026-09-04|2026-09-11|2026-09-18
112,2026-01-26T09:00:40+00:00,Buy,49,included,2025-09-29|2025-10-06|2025-10-13|2025-10-20|2025-10-27|2025-11-03|2025-11-17|2025-11-24|2025-12-01|2025-12-08|2025-12-15|2025-12-22|2025-12-29|2026-01-05|2026-01-12|2026-01-19|2026-02-02|2026-02-09|2026-02-16|2026-02-23|2026-03-02|2026-03-09|2026-03-16|2026-03-23|2026-03-30|2026-04-06|2026-04-13|2026-04-20|2026-04-27|2026-05-04|2026-05-11|2026-05-18|2026-05-25|2026-06-01|2026-06-08|2026-06-15|2026-06-22|2026-06-29|2026-07-06|2026-07-13|2026-07-20|2026-07-27|2026-08-03|2026-08-10|2026-08-17|2026-08-24|2026-08-31|2026-09-07|2026-09-14
113,2026-01-28T07:01:54+00:00,Buy,49,included,2025-10-01|2025-10-08|2025-10-15|2025-10-29|2025-11-05|2025-11-12|2025-11-19|2025-11-26|2025-12-03|2025-12-10|2025-12-17|2025-12-24|2025-12-31|2026-01-07|2026-01-14|2026-01-21|2026-02-04|2026-02-11|2026-02-18|2026-02-25|2026-03-04|2026-03-11|2026-03-18|2026-03-25|2026-04-01|2026-04-08|2026-04-15|2026-04-22|2026-04-29|2026-05-06|2026-05-13|2026-05-20|2026-05-27|2026-06-03|2026-06-10|2026-06-17|2026-06-24|2026-07-01|2026-07-08|2026-07-15|2026-07-22|2026-07-29|2026-08-05|2026-08-12|2026-08-19|2026-08-26|2026-09-02|2026-09-09|2026-09-16
114,2026-01-30T04:37:54+00:00,Buy,32,excluded_missing_history_or_alternatives,2025-09-26|2025-10-03|2025-10-10|2025-10-17|2025-10-24|2025-10-31|2026-03-13|2026-03-20|2026-03-27|2026-04-10|2026-04-17|2026-04-24|2026-05-01|2026-05-08|2026-05-15|2026-05-29|2026-06-05|2026-06-12|2026-06-19|2026-06-26|2026-07-03|2026-07-10|2026-07-17|2026-07-24|2026-07-31|2026-08-07|2026-08-14|2026-08-21|2026-08-28|2026-09-04|2026-09-11|2026-09-18
115,2026-02-02T20:25:35+00:00,Buy,46,included,2025-09-29|2025-10-06|2025-10-13|2025-10-20|2025-10-27|2025-11-03|2025-11-10|2025-11-17|2025-11-24|2025-12-01|2025-12-08|2025-12-15|2025-12-22|2025-12-29|2026-01-05|2026-01-12|2026-01-26|2026-02-09|2026-02-23|2026-03-02|2026-03-09|2026-03-16|2026-03-23|2026-03-30|2026-04-06|2026-04-13|2026-04-20|2026-04-27|2026-05-04|2026-05-11|2026-05-18|2026-06-01|2026-06-08|2026-06-15|2026-06-22|2026-06-29|2026-07-06|2026-07-13|2026-07-20|2026-07-27|2026-08-03|2026-08-10|2026-08-17|2026-08-24|2026-08-31|2026-09-14
116,2026-02-03T12:00:26+00:00,Buy,49,included,2025-09-30|2025-10-07|2025-10-14|2025-10-21|2025-10-28|2025-11-04|2025-11-11|2025-11-18|2025-11-25|2025-12-02|2025-12-09|2025-12-16|2025-12-23|2025-12-30|2026-01-06|2026-01-13|2026-01-20|2026-01-27|2026-02-10|2026-02-17|2026-02-24|2026-03-03|2026-03-10|2026-03-17|2026-03-24|2026-04-07|2026-04-14|2026-04-21|2026-04-28|2026-05-05|2026-05-12|2026-05-19|2026-05-26|2026-06-02|2026-06-09|2026-06-16|2026-06-23|2026-06-30|2026-07-07|2026-07-14|2026-07-21|2026-07-28|2026-08-04|2026-08-11|2026-08-18|2026-08-25|2026-09-01|2026-09-08|2026-09-15
117,2026-02-04T17:42:53+00:00,Sell,50,included,2025-10-01|2025-10-08|2025-10-15|2025-10-22|2025-10-29|2025-11-05|2025-11-12|2025-11-19|2025-11-26|2025-12-03|2025-12-10|2025-12-17|2025-12-24|2025-12-31|2026-01-07|2026-01-14|2026-01-21|2026-01-28|2026-02-11|2026-02-18|2026-02-25|2026-03-04|2026-03-11|2026-03-18|2026-03-25|2026-04-01|2026-04-08|2026-04-15|2026-04-22|2026-04-29|2026-05-06|2026-05-13|2026-05-20|2026-05-27|2026-06-03|2026-06-10|2026-06-17|2026-06-24|2026-07-01|2026-07-08|2026-07-15|2026-07-22|2026-07-29|2026-08-05|2026-08-12|2026-08-19|2026-08-26|2026-09-02|2026-09-09|2026-09-16
118,2026-02-05T15:27:12+00:00,Buy,49,included,2025-09-25|2025-10-02|2025-10-09|2025-10-16|2025-10-23|2025-10-30|2025-11-06|2025-11-13|2025-11-20|2025-11-27|2025-12-04|2025-12-11|2025-12-18|2026-01-08|2026-01-15|2026-01-22|2026-01-29|2026-02-12|2026-02-19|2026-02-26|2026-03-05|2026-03-12|2026-03-19|2026-03-26|2026-04-02|2026-04-09|2026-04-16|2026-04-23|2026-04-30|2026-05-07|2026-05-14|2026-05-21|2026-05-28|2026-06-04|2026-06-11|2026-06-18|2026-06-25|2026-07-02|2026-07-09|2026-07-16|2026-07-23|2026-07-30|2026-08-06|2026-08-13|2026-08-20|2026-08-27|2026-09-03|2026-09-10|2026-09-17
119,2026-02-06T05:30:33+00:00,Sell,48,included,2025-09-26|2025-10-03|2025-10-10|2025-10-17|2025-10-24|2025-10-31|2025-11-07|2025-11-14|2025-11-21|2025-11-28|2025-12-05|2025-12-12|2025-12-19|2025-12-26|2026-01-02|2026-01-09|2026-01-16|2026-01-23|2026-01-30|2026-02-13|2026-02-20|2026-02-27|2026-03-06|2026-03-13|2026-03-20|2026-03-27|2026-04-17|2026-04-24|2026-05-01|2026-05-08|2026-05-15|2026-05-22|2026-05-29|2026-06-05|2026-06-12|2026-06-26|2026-07-03|2026-07-10|2026-07-17|2026-07-24|2026-07-31|2026-08-07|2026-08-14|2026-08-21|2026-08-28|2026-09-04|2026-09-11|2026-09-18
120,2026-02-06T07:16:42+00:00,Sell,48,included,2025-09-26|2025-10-10|2025-10-17|2025-10-24|2025-10-31|2025-11-07|2025-11-14|2025-11-21|2025-11-28|2025-12-05|2025-12-12|2025-12-19|2025-12-26|2026-01-02|2026-01-09|2026-01-16|2026-01-23|2026-01-30|2026-02-20|2026-02-27|2026-03-06|2026-03-13|2026-03-20|2026-03-27|2026-04-10|2026-04-17|2026-04-24|2026-05-01|2026-05-08|2026-05-15|2026-05-22|2026-05-29|2026-06-05|2026-06-12|2026-06-19|2026-06-26|2026-07-03|2026-07-10|2026-07-17|2026-07-24|2026-07-31|2026-08-07|2026-08-14|2026-08-21|2026-08-28|2026-09-04|2026-09-11|2026-09-18
121,2026-02-06T13:34:06+00:00,Sell,49,included,2025-09-26|2025-10-03|2025-10-10|2025-10-17|2025-10-24|2025-10-31|2025-11-07|2025-11-14|2025-11-21|2025-11-28|2025-12-05|2025-12-12|2025-12-19|2025-12-26|2026-01-02|2026-01-09|2026-01-16|2026-01-23|2026-01-30|2026-02-13|2026-02-20|2026-02-27|2026-03-06|2026-03-13|2026-03-20|2026-03-27|2026-04-10|2026-04-17|2026-05-01|2026-05-08|2026-05-15|2026-05-22|2026-05-29|2026-06-05|2026-06-12|2026-06-19|2026-06-26|2026-07-03|2026-07-10|2026-07-17|2026-07-24|2026-07-31|2026-08-07|2026-08-14|2026-08-21|2026-08-28|2026-09-04|2026-09-11|2026-09-18
122,2026-02-09T10:04:32+00:00,Buy,49,included,2025-09-29|2025-10-06|2025-10-13|2025-10-20|2025-10-27|2025-11-03|2025-11-10|2025-11-17|2025-11-24|2025-12-01|2025-12-08|2025-12-15|2025-12-29|2026-01-05|2026-01-12|2026-01-19|2026-01-26|2026-02-02|2026-02-16|2026-02-23|2026-03-02|2026-03-09|2026-03-16|2026-03-23|2026-03-30|2026-04-06|2026-04-13|2026-04-20|2026-04-27|2026-05-04|2026-05-11|2026-05-18|2026-05-25|2026-06-01|2026-06-08|2026-06-15|2026-06-22|2026-06-29|2026-07-06|2026-07-13|2026-07-20|2026-07-27|2026-08-03|2026-08-10|2026-08-17|2026-08-24|2026-08-31|2026-09-07|2026-09-14
123,2026-02-11T15:40:50+00:00,Buy,50,included,2025-10-01|2025-10-08|2025-10-15|2025-10-22|2025-10-29|2025-11-05|2025-11-12|2025-11-19|2025-11-26|2025-12-03|2025-12-10|2025-12-17|2025-12-24|2025-12-31|2026-01-07|2026-01-14|2026-01-21|2026-01-28|2026-02-04|2026-02-18|2026-02-25|2026-03-04|2026-03-11|2026-03-18|2026-03-25|2026-04-01|2026-04-08|2026-04-15|2026-04-22|2026-04-29|2026-05-06|2026-05-13|2026-05-20|2026-05-27|2026-06-03|2026-06-10|2026-06-17|2026-06-24|2026-07-01|2026-07-08|2026-07-15|2026-07-22|2026-07-29|2026-08-05|2026-08-12|2026-08-19|2026-08-26|2026-09-02|2026-09-09|2026-09-16
124,2026-02-12T05:06:33+00:00,Buy,48,included,2025-09-25|2025-10-02|2025-10-09|2025-10-16|2025-10-23|2025-10-30|2025-11-06|2025-11-13|2025-11-20|2025-11-27|2025-12-04|2025-12-11|2025-12-18|2026-01-08|2026-01-15|2026-01-22|2026-01-29|2026-02-05|2026-02-19|2026-02-26|2026-03-05|2026-03-12|2026-03-19|2026-03-26|2026-04-02|2026-04-09|2026-04-16|2026-04-23|2026-04-30|2026-05-07|2026-05-14|2026-05-21|2026-05-28|2026-06-04|2026-06-11|2026-06-18|2026-06-25|2026-07-02|2026-07-09|2026-07-16|2026-07-23|2026-07-30|2026-08-06|2026-08-13|2026-08-27|2026-09-03|2026-09-10|2026-09-17
125,2026-02-12T09:04:59+00:00,Sell,47,included,2025-09-25|2025-10-02|2025-10-09|2025-10-16|2025-10-23|2025-10-30|2025-11-06|2025-11-13|2025-11-20|2025-12-04|2025-12-11|2025-12-18|2026-01-08|2026-01-15|2026-01-22|2026-01-29|2026-02-05|2026-02-19|2026-02-26|2026-03-05|2026-03-19|2026-03-26|2026-04-02|2026-04-09|2026-04-16|2026-04-23|2026-04-30|2026-05-07|2026-05-14|2026-05-21|2026-05-28|2026-06-04|2026-06-11|2026-06-18|2026-06-25|2026-07-02|2026-07-09|2026-07-16|2026-07-23|2026-07-30|2026-08-06|2026-08-13|2026-08-20|2026-08-27|2026-09-03|2026-09-10|2026-09-17
126,2026-02-12T11:12:51+00:00,Buy,48,included,2025-09-25|2025-10-02|2025-10-09|2025-10-16|2025-10-23|2025-10-30|2025-11-06|2025-11-13|2025-11-20|2025-11-27|2025-12-04|2025-12-18|2026-01-08|2026-01-15|2026-01-22|2026-01-29|2026-02-05|2026-02-19|2026-02-26|2026-03-05|2026-03-12|2026-03-19|2026-03-26|2026-04-02|2026-04-09|2026-04-16|2026-04-23|2026-04-30|2026-05-07|2026-05-14|2026-05-21|2026-05-28|2026-06-04|2026-06-11|2026-06-18|2026-06-25|2026-07-02|2026-07-09|2026-07-16|2026-07-23|2026-07-30|2026-08-06|2026-08-13|2026-08-20|2026-08-27|2026-09-03|2026-09-10|2026-09-17
127,2026-02-13T07:18:26+00:00,Buy,48,included,2025-09-26|2025-10-10|2025-10-17|2025-10-24|2025-10-31|2025-11-07|2025-11-14|2025-11-21|2025-11-28|2025-12-05|2025-12-12|2025-12-19|2025-12-26|2026-01-02|2026-01-09|2026-01-16|2026-01-23|2026-01-30|2026-02-20|2026-02-27|2026-03-06|2026-03-13|2026-03-20|2026-03-27|2026-04-10|2026-04-17|2026-04-24|2026-05-01|2026-05-08|2026-05-15|2026-05-22|2026-05-29|2026-06-05|2026-06-12|2026-06-19|2026-06-26|2026-07-03|2026-07-10|2026-07-17|2026-07-24|2026-07-31|2026-08-07|2026-08-14|2026-08-21|2026-08-28|2026-09-04|2026-09-11|2026-09-18
128,2026-02-13T11:12:08+00:00,Sell,47,included,2025-09-26|2025-10-03|2025-10-10|2025-10-17|2025-10-24|2025-10-31|2025-11-07|2025-11-14|2025-11-28|2025-12-05|2025-12-12|2025-12-19|2025-12-26|2026-01-02|2026-01-09|2026-01-16|2026-01-23|2026-01-30|2026-02-06|2026-02-20|2026-02-27|2026-03-06|2026-03-20|2026-03-27|2026-04-10|2026-04-17|2026-04-24|2026-05-01|2026-05-08|2026-05-22|2026-05-29|2026-06-05|2026-06-12|2026-06-19|2026-06-26|2026-07-03|2026-07-10|2026-07-17|2026-07-24|2026-07-31|2026-08-07|2026-08-14|2026-08-21|2026-08-28|2026-09-04|2026-09-11|2026-09-18
129,2026-02-17T10:21:33+00:00,Sell,49,included,2025-09-30|2025-10-07|2025-10-14|2025-10-21|2025-10-28|2025-11-04|2025-11-11|2025-11-18|2025-11-25|2025-12-02|2025-12-09|2025-12-16|2025-12-23|2025-12-30|2026-01-06|2026-01-13|2026-01-20|2026-01-27|2026-02-03|2026-02-10|2026-02-24|2026-03-03|2026-03-10|2026-03-17|2026-03-24|2026-03-31|2026-04-07|2026-04-14|2026-04-21|2026-04-28|2026-05-05|2026-05-12|2026-05-19|2026-05-26|2026-06-02|2026-06-09|2026-06-23|2026-06-30|2026-07-07|2026-07-14|2026-07-21|2026-07-28|2026-08-04|2026-08-11|2026-08-18|2026-08-25|2026-09-01|2026-09-08|2026-09-15
130,2026-02-18T03:30:40+00:00,Sell,17,included,2025-11-05|2025-11-12|2025-11-19|2025-11-26|2025-12-03|2025-12-10|2025-12-17|2025-12-24|2025-12-31|2026-01-07|2026-01-14|2026-01-21|2026-01-28|2026-02-04|2026-02-11|2026-02-25|2026-03-04
131,2026-02-19T20:18:35+00:00,Buy,48,included,2025-09-25|2025-10-02|2025-10-09|2025-10-16|2025-10-23|2025-10-30|2025-11-06|2025-11-13|2025-11-20|2025-12-04|2025-12-11|2025-12-18|2026-01-08|2026-01-15|2026-01-22|2026-01-29|2026-02-05|2026-02-12|2026-02-26|2026-03-05|2026-03-12|2026-03-19|2026-03-26|2026-04-02|2026-04-09|2026-04-16|2026-04-23|2026-04-30|2026-05-07|2026-05-14|2026-05-21|2026-05-28|2026-06-04|2026-06-11|2026-06-18|2026-06-25|2026-07-02|2026-07-09|2026-07-16|2026-07-23|2026-07-30|2026-08-06|2026-08-13|2026-08-20|2026-08-27|2026-09-03|2026-09-10|2026-09-17
132,2026-02-20T03:54:53+00:00,Sell,14,included,2025-11-07|2025-11-14|2025-11-21|2025-12-05|2025-12-12|2025-12-19|2026-01-09|2026-01-16|2026-01-23|2026-01-30|2026-02-06|2026-02-13|2026-02-27|2026-03-06
133,2026-02-23T07:30:45+00:00,Sell,48,included,2025-09-29|2025-10-06|2025-10-13|2025-10-20|2025-10-27|2025-11-03|2025-11-10|2025-11-17|2025-11-24|2025-12-01|2025-12-08|2025-12-15|2025-12-22|2025-12-29|2026-01-05|2026-01-12|2026-01-19|2026-01-26|2026-02-02|2026-02-09|2026-02-16|2026-03-09|2026-03-16|2026-03-23|2026-04-06|2026-04-13|2026-04-20|2026-04-27|2026-05-04|2026-05-11|2026-05-18|2026-05-25|2026-06-01|2026-06-08|2026-06-15|2026-06-22|2026-06-29|2026-07-06|2026-07-13|2026-07-20|2026-07-27|2026-08-03|2026-08-10|2026-08-17|2026-08-24|2026-08-31|2026-09-07|2026-09-14
134,2026-02-23T09:21:20+00:00,Buy,48,included,2025-09-29|2025-10-06|2025-10-13|2025-10-20|2025-10-27|2025-11-03|2025-11-17|2025-11-24|2025-12-01|2025-12-08|2025-12-15|2025-12-22|2025-12-29|2026-01-05|2026-01-19|2026-01-26|2026-02-02|2026-02-09|2026-02-16|2026-03-02|2026-03-09|2026-03-16|2026-03-23|2026-03-30|2026-04-06|2026-04-13|2026-04-20|2026-04-27|2026-05-04|2026-05-11|2026-05-18|2026-05-25|2026-06-01|2026-06-08|2026-06-15|2026-06-22|2026-06-29|2026-07-06|2026-07-13|2026-07-20|2026-07-27|2026-08-03|2026-08-10|2026-08-17|2026-08-24|2026-08-31|2026-09-07|2026-09-14
135,2026-02-23T13:02:41+00:00,Sell,48,included,2025-09-29|2025-10-06|2025-10-13|2025-10-20|2025-10-27|2025-11-03|2025-11-10|2025-11-17|2025-11-24|2025-12-01|2025-12-08|2025-12-22|2025-12-29|2026-01-05|2026-01-12|2026-01-19|2026-01-26|2026-02-02|2026-02-09|2026-02-16|2026-03-02|2026-03-09|2026-03-16|2026-03-23|2026-03-30|2026-04-06|2026-04-13|2026-04-20|2026-04-27|2026-05-04|2026-05-11|2026-05-18|2026-06-01|2026-06-08|2026-06-15|2026-06-22|2026-06-29|2026-07-06|2026-07-13|2026-07-20|2026-07-27|2026-08-03|2026-08-10|2026-08-17|2026-08-24|2026-08-31|2026-09-07|2026-09-14
136,2026-02-24T08:04:42+00:00,Buy,48,included,2025-09-30|2025-10-07|2025-10-14|2025-10-21|2025-10-28|2025-11-11|2025-11-18|2025-11-25|2025-12-02|2025-12-09|2025-12-16|2025-12-23|2025-12-30|2026-01-06|2026-01-13|2026-01-20|2026-01-27|2026-02-03|2026-02-10|2026-02-17|2026-03-03|2026-03-10|2026-03-17|2026-03-24|2026-03-31|2026-04-14|2026-04-21|2026-04-28|2026-05-05|2026-05-12|2026-05-19|2026-05-26|2026-06-02|2026-06-09|2026-06-16|2026-06-23|2026-06-30|2026-07-07|2026-07-14|2026-07-21|2026-07-28|2026-08-04|2026-08-11|2026-08-18|2026-08-25|2026-09-01|2026-09-08|2026-09-15
137,2026-02-24T13:11:40+00:00,Sell,50,included,2025-09-30|2025-10-07|2025-10-14|2025-10-21|2025-10-28|2025-11-04|2025-11-11|2025-11-18|2025-11-25|2025-12-02|2025-12-09|2025-12-16|2025-12-23|2025-12-30|2026-01-06|2026-01-13|2026-01-20|2026-01-27|2026-02-03|2026-02-10|2026-02-17|2026-03-03|2026-03-10|2026-03-17|2026-03-24|2026-03-31|2026-04-07|2026-04-14|2026-04-21|2026-04-28|2026-05-05|2026-05-12|2026-05-19|2026-05-26|2026-06-02|2026-06-09|2026-06-16|2026-06-23|2026-06-30|2026-07-07|2026-07-14|2026-07-21|2026-07-28|2026-08-04|2026-08-11|2026-08-18|2026-08-25|2026-09-01|2026-09-08|2026-09-15
138,2026-02-24T13:21:50+00:00,Buy,49,included,2025-09-30|2025-10-07|2025-10-14|2025-10-21|2025-10-28|2025-11-04|2025-11-11|2025-11-18|2025-11-25|2025-12-02|2025-12-09|2025-12-16|2025-12-23|2025-12-30|2026-01-06|2026-01-13|2026-01-20|2026-01-27|2026-02-03|2026-02-10|2026-02-17|2026-03-03|2026-03-10|2026-03-17|2026-03-24|2026-03-31|2026-04-14|2026-04-21|2026-04-28|2026-05-05|2026-05-12|2026-05-19|2026-05-26|2026-06-02|2026-06-09|2026-06-16|2026-06-23|2026-06-30|2026-07-07|2026-07-14|2026-07-21|2026-07-28|2026-08-04|2026-08-11|2026-08-18|2026-08-25|2026-09-01|2026-09-08|2026-09-15
139,2026-02-25T05:59:03+00:00,Sell,48,included,2025-10-01|2025-10-08|2025-10-15|2025-10-22|2025-10-29|2025-11-05|2025-11-12|2025-11-19|2025-11-26|2025-12-03|2025-12-10|2025-12-17|2025-12-24|2025-12-31|2026-01-07|2026-01-14|2026-01-21|2026-01-28|2026-02-04|2026-02-11|2026-02-18|2026-03-04|2026-03-11|2026-03-18|2026-03-25|2026-04-01|2026-04-08|2026-04-15|2026-04-22|2026-05-06|2026-05-13|2026-05-27|2026-06-03|2026-06-10|2026-06-17|2026-06-24|2026-07-01|2026-07-08|2026-07-15|2026-07-22|2026-07-29|2026-08-05|2026-08-12|2026-08-19|2026-08-26|2026-09-02|2026-09-09|2026-09-16
140,2026-02-25T09:35:37+00:00,Sell,48,included,2025-10-01|2025-10-15|2025-10-22|2025-10-29|2025-11-05|2025-11-12|2025-11-19|2025-11-26|2025-12-03|2025-12-10|2025-12-17|2025-12-24|2025-12-31|2026-01-07|2026-01-14|2026-01-21|2026-01-28|2026-02-04|2026-02-11|2026-02-18|2026-03-04|2026-03-11|2026-03-18|2026-04-01|2026-04-08|2026-04-15|2026-04-22|2026-04-29|2026-05-06|2026-05-13|2026-05-20|2026-05-27|2026-06-03|2026-06-10|2026-06-17|2026-06-24|2026-07-01|2026-07-08|2026-07-15|2026-07-22|2026-07-29|2026-08-05|2026-08-12|2026-08-19|2026-08-26|2026-09-02|2026-09-09|2026-09-16
141,2026-02-25T10:03:39+00:00,Buy,49,included,2025-10-01|2025-10-08|2025-10-15|2025-10-22|2025-10-29|2025-11-05|2025-11-12|2025-11-19|2025-11-26|2025-12-03|2025-12-10|2025-12-17|2025-12-24|2025-12-31|2026-01-07|2026-01-14|2026-01-21|2026-01-28|2026-02-04|2026-02-11|2026-02-18|2026-03-04|2026-03-11|2026-03-18|2026-03-25|2026-04-08|2026-04-15|2026-04-22|2026-04-29|2026-05-06|2026-05-13|2026-05-20|2026-05-27|2026-06-03|2026-06-10|2026-06-17|2026-06-24|2026-07-01|2026-07-08|2026-07-15|2026-07-22|2026-07-29|2026-08-05|2026-08-12|2026-08-19|2026-08-26|2026-09-02|2026-09-09|2026-09-16
142,2026-02-25T14:23:24+00:00,Sell,50,included,2025-10-01|2025-10-08|2025-10-15|2025-10-22|2025-10-29|2025-11-05|2025-11-12|2025-11-19|2025-11-26|2025-12-03|2025-12-10|2025-12-17|2025-12-24|2025-12-31|2026-01-07|2026-01-14|2026-01-21|2026-01-28|2026-02-04|2026-02-11|2026-02-18|2026-03-04|2026-03-11|2026-03-18|2026-03-25|2026-04-01|2026-04-08|2026-04-15|2026-04-22|2026-04-29|2026-05-06|2026-05-13|2026-05-20|2026-05-27|2026-06-03|2026-06-10|2026-06-17|2026-06-24|2026-07-01|2026-07-08|2026-07-15|2026-07-22|2026-07-29|2026-08-05|2026-08-12|2026-08-19|2026-08-26|2026-09-02|2026-09-09|2026-09-16
143,2026-02-26T06:05:35+00:00,Buy,44,included,2025-09-25|2025-10-02|2025-10-09|2025-10-16|2025-10-23|2025-10-30|2025-11-06|2025-11-13|2025-12-04|2025-12-11|2026-01-08|2026-01-15|2026-01-22|2026-01-29|2026-02-05|2026-02-12|2026-02-19|2026-03-05|2026-03-12|2026-03-19|2026-03-26|2026-04-02|2026-04-16|2026-04-23|2026-04-30|2026-05-07|2026-05-14|2026-05-21|2026-05-28|2026-06-11|2026-06-18|2026-06-25|2026-07-02|2026-07-09|2026-07-16|2026-07-23|2026-07-30|2026-08-06|2026-08-13|2026-08-20|2026-08-27|2026-09-03|2026-09-10|2026-09-17
144,2026-02-26T09:31:35+00:00,Buy,47,included,2025-09-25|2025-10-02|2025-10-09|2025-10-16|2025-10-23|2025-10-30|2025-11-06|2025-11-13|2025-11-20|2025-11-27|2025-12-04|2025-12-11|2025-12-18|2026-01-08|2026-01-15|2026-01-22|2026-01-29|2026-02-05|2026-02-12|2026-02-19|2026-03-05|2026-03-12|2026-03-19|2026-03-26|2026-04-02|2026-04-09|2026-04-16|2026-04-23|2026-04-30|2026-05-07|2026-05-14|2026-05-21|2026-05-28|2026-06-04|2026-06-11|2026-06-18|2026-06-25|2026-07-02|2026-07-09|2026-07-16|2026-07-23|2026-08-06|2026-08-13|2026-08-20|2026-08-27|2026-09-10|2026-09-17
145,2026-02-26T11:27:11+00:00,Buy,48,included,2025-09-25|2025-10-02|2025-10-09|2025-10-16|2025-10-23|2025-10-30|2025-11-06|2025-11-13|2025-11-20|2025-11-27|2025-12-04|2025-12-11|2025-12-18|2026-01-08|2026-01-15|2026-01-22|2026-01-29|2026-02-05|2026-02-12|2026-02-19|2026-03-05|2026-03-12|2026-03-19|2026-03-26|2026-04-02|2026-04-09|2026-04-16|2026-04-23|2026-04-30|2026-05-07|2026-05-21|2026-05-28|2026-06-04|2026-06-11|2026-06-18|2026-06-25|2026-07-02|2026-07-09|2026-07-16|2026-07-23|2026-07-30|2026-08-06|2026-08-13|2026-08-20|2026-08-27|2026-09-03|2026-09-10|2026-09-17
146,2026-02-26T13:59:18+00:00,Sell,49,included,2025-09-25|2025-10-02|2025-10-09|2025-10-16|2025-10-23|2025-10-30|2025-11-06|2025-11-13|2025-11-20|2025-11-27|2025-12-04|2025-12-11|2025-12-18|2026-01-08|2026-01-15|2026-01-22|2026-01-29|2026-02-05|2026-02-12|2026-02-19|2026-03-05|2026-03-12|2026-03-19|2026-03-26|2026-04-02|2026-04-09|2026-04-16|2026-04-23|2026-04-30|2026-05-07|2026-05-14|2026-05-21|2026-05-28|2026-06-04|2026-06-11|2026-06-18|2026-06-25|2026-07-02|2026-07-09|2026-07-16|2026-07-23|2026-07-30|2026-08-06|2026-08-13|2026-08-20|2026-08-27|2026-09-03|2026-09-10|2026-09-17
147,2026-02-27T04:54:59+00:00,Sell,31,excluded_missing_history_or_alternatives,2025-09-26|2025-10-03|2025-10-10|2025-10-17|2025-10-24|2025-10-31|2026-03-13|2026-03-20|2026-03-27|2026-04-10|2026-04-17|2026-04-24|2026-05-01|2026-05-08|2026-05-15|2026-05-22|2026-05-29|2026-06-05|2026-06-12|2026-06-19|2026-06-26|2026-07-03|2026-07-10|2026-07-17|2026-07-24|2026-08-07|2026-08-14|2026-08-21|2026-08-28|2026-09-04|2026-09-18
148,2026-02-27T07:56:14+00:00,Sell,50,included,2025-09-26|2025-10-03|2025-10-10|2025-10-17|2025-10-24|2025-10-31|2025-11-07|2025-11-14|2025-11-21|2025-11-28|2025-12-05|2025-12-12|2025-12-19|2025-12-26|2026-01-02|2026-01-09|2026-01-16|2026-01-23|2026-01-30|2026-02-06|2026-02-13|2026-02-20|2026-03-06|2026-03-13|2026-03-20|2026-03-27|2026-04-10|2026-04-17|2026-04-24|2026-05-01|2026-05-08|2026-05-15|2026-05-22|2026-05-29|2026-06-05|2026-06-12|2026-06-19|2026-06-26|2026-07-03|2026-07-10|2026-07-17|2026-07-24|2026-07-31|2026-08-07|2026-08-14|2026-08-21|2026-08-28|2026-09-04|2026-09-11|2026-09-18
149,2026-02-27T10:46:26+00:00,Buy,50,included,2025-09-26|2025-10-03|2025-10-10|2025-10-17|2025-10-24|2025-10-31|2025-11-07|2025-11-14|2025-11-21|2025-11-28|2025-12-05|2025-12-12|2025-12-19|2025-12-26|2026-01-02|2026-01-09|2026-01-16|2026-01-23|2026-01-30|2026-02-06|2026-02-13|2026-02-20|2026-03-06|2026-03-13|2026-03-20|2026-03-27|2026-04-10|2026-04-17|2026-04-24|2026-05-01|2026-05-08|2026-05-15|2026-05-22|2026-05-29|2026-06-05|2026-06-12|2026-06-19|2026-06-26|2026-07-03|2026-07-10|2026-07-17|2026-07-24|2026-07-31|2026-08-07|2026-08-14|2026-08-21|2026-08-28|2026-09-04|2026-09-11|2026-09-18
150,2026-02-27T15:00:40+00:00,Sell,50,included,2025-09-26|2025-10-03|2025-10-10|2025-10-17|2025-10-24|2025-10-31|2025-11-07|2025-11-14|2025-11-21|2025-11-28|2025-12-05|2025-12-12|2025-12-19|2025-12-26|2026-01-02|2026-01-09|2026-01-16|2026-01-23|2026-01-30|2026-02-06|2026-02-13|2026-02-20|2026-03-06|2026-03-13|2026-03-20|2026-03-27|2026-04-10|2026-04-17|2026-04-24|2026-05-01|2026-05-08|2026-05-15|2026-05-22|2026-05-29|2026-06-05|2026-06-12|2026-06-19|2026-06-26|2026-07-03|2026-07-10|2026-07-17|2026-07-24|2026-07-31|2026-08-07|2026-08-14|2026-08-21|2026-08-28|2026-09-04|2026-09-11|2026-09-18
151,2026-02-27T15:18:57+00:00,Sell,47,included,2025-09-26|2025-10-10|2025-10-17|2025-10-24|2025-10-31|2025-11-07|2025-11-14|2025-11-21|2025-11-28|2025-12-05|2025-12-12|2025-12-19|2025-12-26|2026-01-02|2026-01-09|2026-01-16|2026-01-23|2026-01-30|2026-02-06|2026-02-13|2026-02-20|2026-03-06|2026-03-13|2026-03-20|2026-04-10|2026-04-17|2026-04-24|2026-05-01|2026-05-08|2026-05-15|2026-05-22|2026-05-29|2026-06-05|2026-06-12|2026-06-19|2026-06-26|2026-07-03|2026-07-10|2026-07-17|2026-07-24|2026-07-31|2026-08-07|2026-08-14|2026-08-21|2026-08-28|2026-09-04|2026-09-18
152,2026-02-27T15:27:11+00:00,Buy,49,included,2025-09-26|2025-10-03|2025-10-10|2025-10-17|2025-10-24|2025-10-31|2025-11-07|2025-11-14|2025-11-21|2025-11-28|2025-12-05|2025-12-12|2025-12-19|2025-12-26|2026-01-02|2026-01-09|2026-01-16|2026-01-23|2026-01-30|2026-02-06|2026-02-13|2026-02-20|2026-03-06|2026-03-13|2026-03-20|2026-04-10|2026-04-17|2026-04-24|2026-05-01|2026-05-08|2026-05-15|2026-05-22|2026-05-29|2026-06-05|2026-06-12|2026-06-19|2026-06-26|2026-07-03|2026-07-10|2026-07-17|2026-07-24|2026-07-31|2026-08-07|2026-08-14|2026-08-21|2026-08-28|2026-09-04|2026-09-11|2026-09-18
153,2026-03-02T07:32:11+00:00,Buy,48,included,2025-09-29|2025-10-06|2025-10-13|2025-10-20|2025-10-27|2025-11-03|2025-11-10|2025-11-17|2025-11-24|2025-12-01|2025-12-08|2025-12-15|2025-12-22|2025-12-29|2026-01-05|2026-01-12|2026-01-19|2026-01-26|2026-02-02|2026-02-09|2026-02-16|2026-03-09|2026-03-16|2026-03-23|2026-04-06|2026-04-13|2026-04-20|2026-04-27|2026-05-04|2026-05-11|2026-05-18|2026-05-25|2026-06-01|2026-06-08|2026-06-15|2026-06-22|2026-06-29|2026-07-06|2026-07-13|2026-07-20|2026-07-27|2026-08-03|2026-08-10|2026-08-17|2026-08-24|2026-08-31|2026-09-07|2026-09-14
154,2026-03-02T08:37:17+00:00,Sell,48,included,2025-09-29|2025-10-06|2025-10-13|2025-10-20|2025-10-27|2025-11-03|2025-11-17|2025-11-24|2025-12-08|2025-12-15|2025-12-22|2025-12-29|2026-01-05|2026-01-12|2026-01-19|2026-01-26|2026-02-02|2026-02-09|2026-02-16|2026-02-23|2026-03-09|2026-03-16|2026-03-23|2026-03-30|2026-04-06|2026-04-13|2026-04-20|2026-04-27|2026-05-04|2026-05-11|2026-05-18|2026-05-25|2026-06-01|2026-06-08|2026-06-15|2026-06-22|2026-06-29|2026-07-06|2026-07-13|2026-07-20|2026-07-27|2026-08-03|2026-08-10|2026-08-17|2026-08-24|2026-08-31|2026-09-07|2026-09-14
155,2026-03-02T12:46:12+00:00,Sell,48,included,2025-09-29|2025-10-06|2025-10-13|2025-10-20|2025-10-27|2025-11-03|2025-11-10|2025-11-17|2025-11-24|2025-12-01|2025-12-08|2025-12-15|2025-12-22|2025-12-29|2026-01-05|2026-01-12|2026-01-19|2026-01-26|2026-02-02|2026-02-09|2026-02-16|2026-02-23|2026-03-09|2026-03-23|2026-03-30|2026-04-06|2026-04-13|2026-04-20|2026-04-27|2026-05-04|2026-05-11|2026-05-18|2026-05-25|2026-06-01|2026-06-08|2026-06-15|2026-06-22|2026-06-29|2026-07-06|2026-07-20|2026-07-27|2026-08-03|2026-08-10|2026-08-17|2026-08-24|2026-08-31|2026-09-07|2026-09-14
156,2026-03-03T05:57:14+00:00,Buy,47,included,2025-09-30|2025-10-14|2025-10-21|2025-10-28|2025-11-04|2025-11-11|2025-11-18|2025-11-25|2025-12-02|2025-12-09|2025-12-16|2025-12-23|2025-12-30|2026-01-06|2026-01-13|2026-01-20|2026-01-27|2026-02-03|2026-02-10|2026-02-17|2026-02-24|2026-03-10|2026-03-17|2026-03-24|2026-03-31|2026-04-07|2026-04-14|2026-04-21|2026-04-28|2026-05-05|2026-05-12|2026-05-19|2026-05-26|2026-06-02|2026-06-09|2026-06-16|2026-06-23|2026-06-30|2026-07-07|2026-07-14|2026-07-21|2026-07-28|2026-08-04|2026-08-11|2026-08-18|2026-08-25|2026-09-08
157,2026-03-03T10:45:26+00:00,Buy,46,included,2025-09-30|2025-10-07|2025-10-14|2025-10-21|2025-10-28|2025-11-04|2025-11-11|2025-11-18|2025-11-25|2025-12-02|2025-12-09|2025-12-16|2025-12-23|2025-12-30|2026-01-06|2026-01-20|2026-01-27|2026-02-03|2026-02-10|2026-02-17|2026-02-24|2026-03-10|2026-03-17|2026-03-24|2026-03-31|2026-04-07|2026-04-14|2026-04-21|2026-04-28|2026-05-19|2026-06-02|2026-06-09|2026-06-16|2026-06-23|2026-06-30|2026-07-07|2026-07-14|2026-07-21|2026-07-28|2026-08-04|2026-08-11|2026-08-18|2026-08-25|2026-09-01|2026-09-08|2026-09-15
158,2026-03-03T14:46:45+00:00,Buy,50,included,2025-09-30|2025-10-07|2025-10-14|2025-10-21|2025-10-28|2025-11-04|2025-11-11|2025-11-18|2025-11-25|2025-12-02|2025-12-09|2025-12-16|2025-12-23|2025-12-30|2026-01-06|2026-01-13|2026-01-20|2026-01-27|2026-02-03|2026-02-10|2026-02-17|2026-02-24|2026-03-10|2026-03-17|2026-03-24|2026-03-31|2026-04-07|2026-04-14|2026-04-21|2026-04-28|2026-05-05|2026-05-12|2026-05-19|2026-05-26|2026-06-02|2026-06-09|2026-06-16|2026-06-23|2026-06-30|2026-07-07|2026-07-14|2026-07-21|2026-07-28|2026-08-04|2026-08-11|2026-08-18|2026-08-25|2026-09-01|2026-09-08|2026-09-15
159,2026-03-04T07:45:10+00:00,Buy,50,included,2025-10-01|2025-10-08|2025-10-15|2025-10-22|2025-10-29|2025-11-05|2025-11-12|2025-11-19|2025-11-26|2025-12-03|2025-12-10|2025-12-17|2025-12-24|2025-12-31|2026-01-07|2026-01-14|2026-01-21|2026-01-28|2026-02-04|2026-02-11|2026-02-18|2026-02-25|2026-03-11|2026-03-18|2026-03-25|2026-04-01|2026-04-08|2026-04-15|2026-04-22|2026-04-29|2026-05-06|2026-05-13|2026-05-20|2026-05-27|2026-06-03|2026-06-10|2026-06-17|2026-06-24|2026-07-01|2026-07-08|2026-07-15|2026-07-22|2026-07-29|2026-08-05|2026-08-12|2026-08-19|2026-08-26|2026-09-02|2026-09-09|2026-09-16
160,2026-03-04T11:12:36+00:00,Buy,50,included,2025-10-01|2025-10-08|2025-10-15|2025-10-22|2025-10-29|2025-11-05|2025-11-12|2025-11-19|2025-11-26|2025-12-03|2025-12-10|2025-12-17|2025-12-24|2025-12-31|2026-01-07|2026-01-14|2026-01-21|2026-01-28|2026-02-04|2026-02-11|2026-02-18|2026-02-25|2026-03-11|2026-03-18|2026-03-25|2026-04-01|2026-04-08|2026-04-15|2026-04-22|2026-04-29|2026-05-06|2026-05-13|2026-05-20|2026-05-27|2026-06-03|2026-06-10|2026-06-17|2026-06-24|2026-07-01|2026-07-08|2026-07-15|2026-07-22|2026-07-29|2026-08-05|2026-08-12|2026-08-19|2026-08-26|2026-09-02|2026-09-09|2026-09-16
161,2026-03-05T07:02:29+00:00,Sell,47,included,2025-09-25|2025-10-02|2025-10-09|2025-10-16|2025-10-23|2025-10-30|2025-11-06|2025-11-13|2025-11-20|2025-11-27|2025-12-04|2025-12-11|2025-12-18|2026-01-15|2026-01-22|2026-01-29|2026-02-05|2026-02-12|2026-02-19|2026-02-26|2026-03-12|2026-03-19|2026-03-26|2026-04-02|2026-04-09|2026-04-16|2026-04-23|2026-04-30|2026-05-07|2026-05-14|2026-05-21|2026-05-28|2026-06-11|2026-06-18|2026-06-25|2026-07-02|2026-07-09|2026-07-16|2026-07-23|2026-07-30|2026-08-06|2026-08-13|2026-08-20|2026-08-27|2026-09-03|2026-09-10|2026-09-17
162,2026-03-05T19:20:01+00:00,Sell,49,included,2025-09-25|2025-10-02|2025-10-09|2025-10-16|2025-10-23|2025-10-30|2025-11-06|2025-11-13|2025-11-20|2025-11-27|2025-12-04|2025-12-11|2025-12-18|2026-01-08|2026-01-15|2026-01-22|2026-01-29|2026-02-05|2026-02-12|2026-02-19|2026-02-26|2026-03-12|2026-03-19|2026-03-26|2026-04-02|2026-04-09|2026-04-16|2026-04-23|2026-04-30|2026-05-07|2026-05-14|2026-05-21|2026-05-28|2026-06-04|2026-06-11|2026-06-18|2026-06-25|2026-07-02|2026-07-09|2026-07-16|2026-07-23|2026-07-30|2026-08-06|2026-08-13|2026-08-20|2026-08-27|2026-09-03|2026-09-10|2026-09-17
163,2026-03-06T05:23:56+00:00,Buy,50,included,2025-09-26|2025-10-03|2025-10-10|2025-10-17|2025-10-24|2025-10-31|2025-11-07|2025-11-14|2025-11-21|2025-11-28|2025-12-05|2025-12-12|2025-12-19|2025-12-26|2026-01-02|2026-01-09|2026-01-16|2026-01-23|2026-01-30|2026-02-06|2026-02-13|2026-02-20|2026-02-27|2026-03-13|2026-03-20|2026-03-27|2026-04-10|2026-04-17|2026-04-24|2026-05-01|2026-05-08|2026-05-15|2026-05-22|2026-05-29|2026-06-05|2026-06-12|2026-06-19|2026-06-26|2026-07-03|2026-07-10|2026-07-17|2026-07-24|2026-07-31|2026-08-07|2026-08-14|2026-08-21|2026-08-28|2026-09-04|2026-09-11|2026-09-18
164,2026-03-06T08:19:20+00:00,Buy,49,included,2025-09-26|2025-10-03|2025-10-10|2025-10-17|2025-10-24|2025-10-31|2025-11-07|2025-11-14|2025-11-21|2025-12-05|2025-12-12|2025-12-19|2025-12-26|2026-01-02|2026-01-09|2026-01-16|2026-01-23|2026-01-30|2026-02-06|2026-02-13|2026-02-20|2026-02-27|2026-03-13|2026-03-20|2026-03-27|2026-04-10|2026-04-17|2026-04-24|2026-05-01|2026-05-08|2026-05-15|2026-05-22|2026-05-29|2026-06-05|2026-06-12|2026-06-19|2026-06-26|2026-07-03|2026-07-10|2026-07-17|2026-07-24|2026-07-31|2026-08-07|2026-08-14|2026-08-21|2026-08-28|2026-09-04|2026-09-11|2026-09-18
165,2026-03-09T07:09:59+00:00,Buy,50,included,2025-09-29|2025-10-06|2025-10-13|2025-10-20|2025-10-27|2025-11-03|2025-11-10|2025-11-17|2025-11-24|2025-12-01|2025-12-08|2025-12-15|2025-12-22|2025-12-29|2026-01-05|2026-01-12|2026-01-19|2026-01-26|2026-02-02|2026-02-09|2026-02-16|2026-02-23|2026-03-02|2026-03-16|2026-03-23|2026-03-30|2026-04-06|2026-04-13|2026-04-20|2026-04-27|2026-05-04|2026-05-11|2026-05-18|2026-05-25|2026-06-01|2026-06-08|2026-06-15|2026-06-22|2026-06-29|2026-07-06|2026-07-13|2026-07-20|2026-07-27|2026-08-03|2026-08-10|2026-08-17|2026-08-24|2026-08-31|2026-09-07|2026-09-14
166,2026-03-09T08:55:33+00:00,Buy,47,included,2025-09-29|2025-10-06|2025-10-13|2025-10-20|2025-10-27|2025-11-03|2025-11-17|2025-11-24|2025-12-08|2025-12-15|2025-12-22|2025-12-29|2026-01-05|2026-01-12|2026-01-19|2026-01-26|2026-02-02|2026-02-09|2026-02-16|2026-02-23|2026-03-02|2026-03-16|2026-03-23|2026-03-30|2026-04-06|2026-04-13|2026-04-20|2026-05-04|2026-05-11|2026-05-18|2026-05-25|2026-06-01|2026-06-08|2026-06-15|2026-06-22|2026-06-29|2026-07-06|2026-07-13|2026-07-20|2026-07-27|2026-08-03|2026-08-10|2026-08-17|2026-08-24|2026-08-31|2026-09-07|2026-09-14
167,2026-03-09T12:32:49+00:00,Buy,50,included,2025-09-29|2025-10-06|2025-10-13|2025-10-20|2025-10-27|2025-11-03|2025-11-10|2025-11-17|2025-11-24|2025-12-01|2025-12-08|2025-12-15|2025-12-22|2025-12-29|2026-01-05|2026-01-12|2026-01-19|2026-01-26|2026-02-02|2026-02-09|2026-02-16|2026-02-23|2026-03-02|2026-03-16|2026-03-23|2026-03-30|2026-04-06|2026-04-13|2026-04-20|2026-04-27|2026-05-04|2026-05-11|2026-05-18|2026-05-25|2026-06-01|2026-06-08|2026-06-15|2026-06-22|2026-06-29|2026-07-06|2026-07-13|2026-07-20|2026-07-27|2026-08-03|2026-08-10|2026-08-17|2026-08-24|2026-08-31|2026-09-07|2026-09-14
168,2026-03-10T07:45:41+00:00,Sell,46,included,2025-09-30|2025-10-07|2025-10-28|2025-11-04|2025-11-11|2025-11-18|2025-11-25|2025-12-02|2025-12-09|2025-12-16|2025-12-23|2025-12-30|2026-01-06|2026-01-13|2026-01-20|2026-01-27|2026-02-03|2026-02-10|2026-02-17|2026-02-24|2026-03-03|2026-03-17|2026-03-24|2026-03-31|2026-04-07|2026-04-14|2026-04-28|2026-05-05|2026-05-12|2026-05-19|2026-05-26|2026-06-02|2026-06-09|2026-06-16|2026-06-23|2026-06-30|2026-07-14|2026-07-21|2026-07-28|2026-08-04|2026-08-11|2026-08-18|2026-08-25|2026-09-01|2026-09-08|2026-09-15
169,2026-03-10T08:43:46+00:00,Sell,49,included,2025-09-30|2025-10-07|2025-10-14|2025-10-21|2025-10-28|2025-11-04|2025-11-11|2025-11-18|2025-11-25|2025-12-02|2025-12-09|2025-12-16|2025-12-23|2025-12-30|2026-01-06|2026-01-13|2026-01-20|2026-01-27|2026-02-03|2026-02-10|2026-02-17|2026-02-24|2026-03-03|2026-03-17|2026-03-24|2026-03-31|2026-04-07|2026-04-14|2026-04-21|2026-04-28|2026-05-05|2026-05-12|2026-05-19|2026-05-26|2026-06-02|2026-06-09|2026-06-16|2026-06-23|2026-06-30|2026-07-14|2026-07-21|2026-07-28|2026-08-04|2026-08-11|2026-08-18|2026-08-25|2026-09-01|2026-09-08|2026-09-15
170,2026-03-10T09:14:56+00:00,Sell,50,included,2025-09-30|2025-10-07|2025-10-14|2025-10-21|2025-10-28|2025-11-04|2025-11-11|2025-11-18|2025-11-25|2025-12-02|2025-12-09|2025-12-16|2025-12-23|2025-12-30|2026-01-06|2026-01-13|2026-01-20|2026-01-27|2026-02-03|2026-02-10|2026-02-17|2026-02-24|2026-03-03|2026-03-17|2026-03-24|2026-03-31|2026-04-07|2026-04-14|2026-04-21|2026-04-28|2026-05-05|2026-05-12|2026-05-19|2026-05-26|2026-06-02|2026-06-09|2026-06-16|2026-06-23|2026-06-30|2026-07-07|2026-07-14|2026-07-21|2026-07-28|2026-08-04|2026-08-11|2026-08-18|2026-08-25|2026-09-01|2026-09-08|2026-09-15
171,2026-03-11T08:08:12+00:00,Sell,50,included,2025-10-01|2025-10-08|2025-10-15|2025-10-22|2025-10-29|2025-11-05|2025-11-12|2025-11-19|2025-11-26|2025-12-03|2025-12-10|2025-12-17|2025-12-24|2025-12-31|2026-01-07|2026-01-14|2026-01-21|2026-01-28|2026-02-04|2026-02-11|2026-02-18|2026-02-25|2026-03-04|2026-03-18|2026-03-25|2026-04-01|2026-04-08|2026-04-15|2026-04-22|2026-04-29|2026-05-06|2026-05-13|2026-05-20|2026-05-27|2026-06-03|2026-06-10|2026-06-17|2026-06-24|2026-07-01|2026-07-08|2026-07-15|2026-07-22|2026-07-29|2026-08-05|2026-08-12|2026-08-19|2026-08-26|2026-09-02|2026-09-09|2026-09-16
172,2026-03-11T10:39:31+00:00,Buy,49,included,2025-10-01|2025-10-08|2025-10-15|2025-10-22|2025-10-29|2025-11-05|2025-11-12|2025-11-19|2025-11-26|2025-12-03|2025-12-10|2025-12-17|2025-12-24|2025-12-31|2026-01-07|2026-01-14|2026-01-21|2026-01-28|2026-02-04|2026-02-11|2026-02-18|2026-02-25|2026-03-04|2026-03-18|2026-03-25|2026-04-01|2026-04-08|2026-04-15|2026-04-22|2026-05-06|2026-05-13|2026-05-20|2026-05-27|2026-06-03|2026-06-10|2026-06-17|2026-06-24|2026-07-01|2026-07-08|2026-07-15|2026-07-22|2026-07-29|2026-08-05|2026-08-12|2026-08-19|2026-08-26|2026-09-02|2026-09-09|2026-09-16
173,2026-03-12T07:41:54+00:00,Buy,48,included,2025-09-25|2025-10-02|2025-10-09|2025-10-16|2025-10-23|2025-11-06|2025-11-13|2025-11-20|2025-11-27|2025-12-04|2025-12-11|2025-12-18|2026-01-08|2026-01-15|2026-01-22|2026-01-29|2026-02-05|2026-02-12|2026-02-19|2026-02-26|2026-03-05|2026-03-19|2026-03-26|2026-04-02|2026-04-09|2026-04-16|2026-04-23|2026-04-30|2026-05-07|2026-05-14|2026-05-21|2026-05-28|2026-06-04|2026-06-11|2026-06-18|2026-06-25|2026-07-02|2026-07-09|2026-07-16|2026-07-23|2026-07-30|2026-08-06|2026-08-13|2026-08-20|2026-08-27|2026-09-03|2026-09-10|2026-09-17
174,2026-03-12T09:02:44+00:00,Buy,47,included,2025-09-25|2025-10-02|2025-10-09|2025-10-16|2025-10-23|2025-10-30|2025-11-06|2025-11-13|2025-11-20|2025-12-04|2025-12-11|2025-12-18|2026-01-08|2026-01-15|2026-01-22|2026-01-29|2026-02-05|2026-02-19|2026-02-26|2026-03-05|2026-03-19|2026-03-26|2026-04-02|2026-04-09|2026-04-16|2026-04-23|2026-04-30|2026-05-07|2026-05-14|2026-05-21|2026-05-28|2026-06-04|2026-06-11|2026-06-18|2026-06-25|2026-07-02|2026-07-09|2026-07-16|2026-07-23|2026-07-30|2026-08-06|2026-08-13|2026-08-20|2026-08-27|2026-09-03|2026-09-10|2026-09-17
175,2026-03-12T11:51:53+00:00,Buy,47,included,2025-09-25|2025-10-02|2025-10-09|2025-10-16|2025-10-23|2025-10-30|2025-11-06|2025-11-13|2025-11-20|2025-11-27|2025-12-04|2025-12-11|2025-12-18|2026-01-08|2026-01-15|2026-01-22|2026-01-29|2026-02-05|2026-02-12|2026-02-19|2026-02-26|2026-03-05|2026-03-19|2026-04-09|2026-04-16|2026-04-23|2026-04-30|2026-05-07|2026-05-14|2026-05-21|2026-05-28|2026-06-04|2026-06-11|2026-06-18|2026-06-25|2026-07-02|2026-07-09|2026-07-16|2026-07-23|2026-07-30|2026-08-06|2026-08-13|2026-08-20|2026-08-27|2026-09-03|2026-09-10|2026-09-17
176,2026-03-12T11:54:26+00:00,Buy,47,included,2025-09-25|2025-10-02|2025-10-09|2025-10-16|2025-10-23|2025-10-30|2025-11-06|2025-11-13|2025-11-20|2025-11-27|2025-12-04|2025-12-11|2025-12-18|2026-01-08|2026-01-15|2026-01-22|2026-01-29|2026-02-05|2026-02-12|2026-02-19|2026-02-26|2026-03-05|2026-03-19|2026-04-09|2026-04-16|2026-04-23|2026-04-30|2026-05-07|2026-05-14|2026-05-21|2026-05-28|2026-06-04|2026-06-11|2026-06-18|2026-06-25|2026-07-02|2026-07-09|2026-07-16|2026-07-23|2026-07-30|2026-08-06|2026-08-13|2026-08-20|2026-08-27|2026-09-03|2026-09-10|2026-09-17
177,2026-03-12T16:26:23+00:00,Buy,49,included,2025-09-25|2025-10-02|2025-10-09|2025-10-16|2025-10-23|2025-10-30|2025-11-06|2025-11-13|2025-11-20|2025-11-27|2025-12-04|2025-12-11|2025-12-18|2026-01-08|2026-01-15|2026-01-22|2026-01-29|2026-02-05|2026-02-12|2026-02-19|2026-02-26|2026-03-05|2026-03-19|2026-03-26|2026-04-02|2026-04-09|2026-04-16|2026-04-23|2026-04-30|2026-05-07|2026-05-14|2026-05-21|2026-05-28|2026-06-04|2026-06-11|2026-06-18|2026-06-25|2026-07-02|2026-07-09|2026-07-16|2026-07-23|2026-07-30|2026-08-06|2026-08-13|2026-08-20|2026-08-27|2026-09-03|2026-09-10|2026-09-17
178,2026-03-13T06:37:52+00:00,Sell,49,included,2025-09-26|2025-10-03|2025-10-10|2025-10-17|2025-10-24|2025-10-31|2025-11-07|2025-11-14|2025-11-21|2025-11-28|2025-12-05|2025-12-12|2025-12-19|2025-12-26|2026-01-02|2026-01-09|2026-01-16|2026-01-23|2026-01-30|2026-02-06|2026-02-13|2026-02-20|2026-02-27|2026-03-06|2026-03-20|2026-03-27|2026-04-10|2026-04-17|2026-04-24|2026-05-01|2026-05-08|2026-05-15|2026-05-22|2026-05-29|2026-06-05|2026-06-12|2026-06-19|2026-06-26|2026-07-03|2026-07-10|2026-07-24|2026-07-31|2026-08-07|2026-08-14|2026-08-21|2026-08-28|2026-09-04|2026-09-11|2026-09-18
179,2026-03-13T11:14:10+00:00,Buy,47,included,2025-09-26|2025-10-03|2025-10-10|2025-10-17|2025-10-24|2025-10-31|2025-11-07|2025-11-14|2025-11-28|2025-12-05|2025-12-12|2025-12-19|2025-12-26|2026-01-02|2026-01-09|2026-01-16|2026-01-23|2026-01-30|2026-02-06|2026-02-20|2026-02-27|2026-03-06|2026-03-20|2026-03-27|2026-04-10|2026-04-17|2026-04-24|2026-05-01|2026-05-08|2026-05-22|2026-05-29|2026-06-05|2026-06-12|2026-06-19|2026-06-26|2026-07-03|2026-07-10|2026-07-17|2026-07-24|2026-07-31|2026-08-07|2026-08-14|2026-08-21|2026-08-28|2026-09-04|2026-09-11|2026-09-18
180,2026-03-13T11:36:51+00:00,Sell,49,included,2025-09-26|2025-10-03|2025-10-10|2025-10-17|2025-10-24|2025-10-31|2025-11-07|2025-11-14|2025-11-21|2025-11-28|2025-12-05|2025-12-12|2025-12-19|2025-12-26|2026-01-02|2026-01-09|2026-01-16|2026-01-23|2026-01-30|2026-02-06|2026-02-13|2026-02-20|2026-02-27|2026-03-06|2026-03-20|2026-03-27|2026-04-10|2026-04-17|2026-04-24|2026-05-01|2026-05-08|2026-05-15|2026-05-22|2026-05-29|2026-06-05|2026-06-12|2026-06-19|2026-07-03|2026-07-10|2026-07-17|2026-07-24|2026-07-31|2026-08-07|2026-08-14|2026-08-21|2026-08-28|2026-09-04|2026-09-11|2026-09-18
181,2026-03-16T05:46:16+00:00,Sell,46,included,2025-10-06|2025-10-13|2025-10-20|2025-10-27|2025-11-03|2025-11-10|2025-11-17|2025-11-24|2025-12-01|2025-12-15|2025-12-22|2025-12-29|2026-01-05|2026-01-12|2026-01-19|2026-01-26|2026-02-02|2026-02-09|2026-02-16|2026-02-23|2026-03-02|2026-03-09|2026-03-23|2026-03-30|2026-04-06|2026-04-13|2026-04-27|2026-05-04|2026-05-11|2026-05-18|2026-05-25|2026-06-01|2026-06-08|2026-06-22|2026-06-29|2026-07-06|2026-07-13|2026-07-20|2026-07-27|2026-08-03|2026-08-10|2026-08-17|2026-08-24|2026-08-31|2026-09-07|2026-09-14
182,2026-03-16T09:07:53+00:00,Sell,49,included,2025-09-29|2025-10-06|2025-10-13|2025-10-20|2025-10-27|2025-11-03|2025-11-10|2025-11-17|2025-11-24|2025-12-01|2025-12-08|2025-12-15|2025-12-22|2025-12-29|2026-01-12|2026-01-19|2026-01-26|2026-02-02|2026-02-09|2026-02-16|2026-02-23|2026-03-02|2026-03-09|2026-03-23|2026-03-30|2026-04-06|2026-04-13|2026-04-20|2026-04-27|2026-05-04|2026-05-11|2026-05-18|2026-05-25|2026-06-01|2026-06-08|2026-06-15|2026-06-22|2026-06-29|2026-07-06|2026-07-13|2026-07-20|2026-07-27|2026-08-03|2026-08-10|2026-08-17|2026-08-24|2026-08-31|2026-09-07|2026-09-14
183,2026-03-16T12:10:40+00:00,Sell,49,included,2025-09-29|2025-10-06|2025-10-13|2025-10-20|2025-10-27|2025-11-03|2025-11-10|2025-11-17|2025-11-24|2025-12-01|2025-12-08|2025-12-15|2025-12-22|2025-12-29|2026-01-05|2026-01-19|2026-01-26|2026-02-02|2026-02-09|2026-02-16|2026-02-23|2026-03-02|2026-03-09|2026-03-23|2026-03-30|2026-04-06|2026-04-13|2026-04-20|2026-04-27|2026-05-04|2026-05-11|2026-05-18|2026-05-25|2026-06-01|2026-06-08|2026-06-15|2026-06-22|2026-06-29|2026-07-06|2026-07-13|2026-07-20|2026-07-27|2026-08-03|2026-08-10|2026-08-17|2026-08-24|2026-08-31|2026-09-07|2026-09-14
184,2026-03-16T12:42:45+00:00,Sell,46,included,2025-09-29|2025-10-06|2025-10-20|2025-10-27|2025-11-03|2025-11-10|2025-11-17|2025-11-24|2025-12-01|2025-12-08|2025-12-15|2025-12-22|2025-12-29|2026-01-05|2026-01-12|2026-01-19|2026-01-26|2026-02-02|2026-02-09|2026-02-16|2026-02-23|2026-03-09|2026-03-23|2026-03-30|2026-04-06|2026-04-13|2026-04-20|2026-04-27|2026-05-04|2026-05-18|2026-05-25|2026-06-01|2026-06-08|2026-06-15|2026-06-22|2026-06-29|2026-07-06|2026-07-20|2026-07-27|2026-08-03|2026-08-10|2026-08-17|2026-08-24|2026-08-31|2026-09-07|2026-09-14
185,2026-03-17T09:20:44+00:00,Buy,50,included,2025-09-30|2025-10-07|2025-10-14|2025-10-21|2025-10-28|2025-11-04|2025-11-11|2025-11-18|2025-11-25|2025-12-02|2025-12-09|2025-12-16|2025-12-23|2025-12-30|2026-01-06|2026-01-13|2026-01-20|2026-01-27|2026-02-03|2026-02-10|2026-02-17|2026-02-24|2026-03-03|2026-03-10|2026-03-24|2026-03-31|2026-04-07|2026-04-14|2026-04-21|2026-04-28|2026-05-05|2026-05-12|2026-05-19|2026-05-26|2026-06-02|2026-06-09|2026-06-16|2026-06-23|2026-06-30|2026-07-07|2026-07-14|2026-07-21|2026-07-28|2026-08-04|2026-08-11|2026-08-18|2026-08-25|2026-09-01|2026-09-08|2026-09-15
186,2026-03-17T14:10:39+00:00,Buy,49,included,2025-09-30|2025-10-07|2025-10-14|2025-10-21|2025-10-28|2025-11-04|2025-11-11|2025-11-18|2025-11-25|2025-12-02|2025-12-09|2025-12-16|2025-12-23|2025-12-30|2026-01-06|2026-01-13|2026-01-20|2026-01-27|2026-02-03|2026-02-10|2026-02-17|2026-02-24|2026-03-03|2026-03-10|2026-03-31|2026-04-07|2026-04-14|2026-04-21|2026-04-28|2026-05-05|2026-05-12|2026-05-19|2026-05-26|2026-06-02|2026-06-09|2026-06-16|2026-06-23|2026-06-30|2026-07-07|2026-07-14|2026-07-21|2026-07-28|2026-08-04|2026-08-11|2026-08-18|2026-08-25|2026-09-01|2026-09-08|2026-09-15
187,2026-03-18T10:31:31+00:00,Buy,48,included,2025-10-01|2025-10-08|2025-10-15|2025-10-22|2025-10-29|2025-11-05|2025-11-12|2025-11-19|2025-11-26|2025-12-03|2025-12-17|2025-12-24|2025-12-31|2026-01-07|2026-01-14|2026-01-21|2026-01-28|2026-02-04|2026-02-11|2026-02-18|2026-02-25|2026-03-04|2026-03-11|2026-03-25|2026-04-01|2026-04-08|2026-04-15|2026-04-22|2026-04-29|2026-05-06|2026-05-20|2026-05-27|2026-06-03|2026-06-10|2026-06-17|2026-06-24|2026-07-01|2026-07-08|2026-07-15|2026-07-22|2026-07-29|2026-08-05|2026-08-12|2026-08-19|2026-08-26|2026-09-02|2026-09-09|2026-09-16
188,2026-03-18T14:30:56+00:00,Sell,49,included,2025-10-01|2025-10-08|2025-10-15|2025-10-22|2025-10-29|2025-11-05|2025-11-12|2025-11-19|2025-11-26|2025-12-03|2025-12-17|2025-12-24|2025-12-31|2026-01-07|2026-01-14|2026-01-21|2026-01-28|2026-02-04|2026-02-11|2026-02-18|2026-02-25|2026-03-04|2026-03-11|2026-03-25|2026-04-01|2026-04-08|2026-04-15|2026-04-22|2026-04-29|2026-05-06|2026-05-13|2026-05-20|2026-05-27|2026-06-03|2026-06-10|2026-06-17|2026-06-24|2026-07-01|2026-07-08|2026-07-15|2026-07-22|2026-07-29|2026-08-05|2026-08-12|2026-08-19|2026-08-26|2026-09-02|2026-09-09|2026-09-16
189,2026-03-23T06:13:59+00:00,Sell,47,included,2025-09-29|2025-10-06|2025-10-13|2025-10-20|2025-11-03|2025-11-10|2025-11-17|2025-11-24|2025-12-01|2025-12-08|2025-12-15|2025-12-29|2026-01-05|2026-01-12|2026-01-19|2026-01-26|2026-02-02|2026-02-09|2026-02-16|2026-02-23|2026-03-02|2026-03-09|2026-03-16|2026-03-30|2026-04-06|2026-04-13|2026-04-20|2026-04-27|2026-05-04|2026-05-11|2026-05-18|2026-06-01|2026-06-08|2026-06-15|2026-06-22|2026-06-29|2026-07-06|2026-07-13|2026-07-20|2026-07-27|2026-08-03|2026-08-10|2026-08-17|2026-08-24|2026-08-31|2026-09-07|2026-09-14
190,2026-03-23T08:06:57+00:00,Buy,48,included,2025-09-29|2025-10-06|2025-10-13|2025-10-20|2025-10-27|2025-11-03|2025-11-10|2025-11-17|2025-11-24|2025-12-01|2025-12-08|2025-12-15|2025-12-22|2025-12-29|2026-01-05|2026-01-12|2026-01-19|2026-01-26|2026-02-02|2026-02-09|2026-02-16|2026-02-23|2026-03-02|2026-03-09|2026-03-16|2026-03-30|2026-04-06|2026-04-13|2026-04-20|2026-04-27|2026-05-04|2026-05-11|2026-05-18|2026-05-25|2026-06-08|2026-06-15|2026-06-22|2026-06-29|2026-07-06|2026-07-13|2026-07-27|2026-08-03|2026-08-10|2026-08-17|2026-08-24|2026-08-31|2026-09-07|2026-09-14
191,2026-03-23T14:23:44+00:00,Sell,50,included,2025-09-29|2025-10-06|2025-10-13|2025-10-20|2025-10-27|2025-11-03|2025-11-10|2025-11-17|2025-11-24|2025-12-01|2025-12-08|2025-12-15|2025-12-22|2025-12-29|2026-01-05|2026-01-12|2026-01-19|2026-01-26|2026-02-02|2026-02-09|2026-02-16|2026-02-23|2026-03-02|2026-03-09|2026-03-16|2026-03-30|2026-04-06|2026-04-13|2026-04-20|2026-04-27|2026-05-04|2026-05-11|2026-05-18|2026-05-25|2026-06-01|2026-06-08|2026-06-15|2026-06-22|2026-06-29|2026-07-06|2026-07-13|2026-07-20|2026-07-27|2026-08-03|2026-08-10|2026-08-17|2026-08-24|2026-08-31|2026-09-07|2026-09-14
192,2026-03-24T09:47:16+00:00,Buy,50,included,2025-09-30|2025-10-07|2025-10-14|2025-10-21|2025-10-28|2025-11-04|2025-11-11|2025-11-18|2025-11-25|2025-12-02|2025-12-09|2025-12-16|2025-12-23|2025-12-30|2026-01-06|2026-01-13|2026-01-20|2026-01-27|2026-02-03|2026-02-10|2026-02-17|2026-02-24|2026-03-03|2026-03-10|2026-03-17|2026-03-31|2026-04-07|2026-04-14|2026-04-21|2026-04-28|2026-05-05|2026-05-12|2026-05-19|2026-05-26|2026-06-02|2026-06-09|2026-06-16|2026-06-23|2026-06-30|2026-07-07|2026-07-14|2026-07-21|2026-07-28|2026-08-04|2026-08-11|2026-08-18|2026-08-25|2026-09-01|2026-09-08|2026-09-15
193,2026-03-24T10:52:17+00:00,Sell,47,included,2025-09-30|2025-10-07|2025-10-14|2025-11-04|2025-11-11|2025-11-18|2025-11-25|2025-12-02|2025-12-09|2025-12-16|2025-12-23|2025-12-30|2026-01-06|2026-01-13|2026-01-20|2026-01-27|2026-02-03|2026-02-10|2026-02-17|2026-02-24|2026-03-03|2026-03-10|2026-03-17|2026-03-31|2026-04-07|2026-04-14|2026-04-21|2026-04-28|2026-05-05|2026-05-12|2026-05-19|2026-06-02|2026-06-09|2026-06-16|2026-06-23|2026-06-30|2026-07-07|2026-07-14|2026-07-21|2026-07-28|2026-08-04|2026-08-11|2026-08-18|2026-08-25|2026-09-01|2026-09-08|2026-09-15
194,2026-03-24T13:58:26+00:00,Buy,49,included,2025-09-30|2025-10-07|2025-10-14|2025-10-21|2025-10-28|2025-11-04|2025-11-11|2025-11-18|2025-11-25|2025-12-02|2025-12-09|2025-12-16|2025-12-23|2025-12-30|2026-01-06|2026-01-13|2026-01-20|2026-01-27|2026-02-03|2026-02-10|2026-02-17|2026-02-24|2026-03-03|2026-03-10|2026-03-17|2026-03-31|2026-04-07|2026-04-14|2026-04-28|2026-05-05|2026-05-12|2026-05-19|2026-05-26|2026-06-02|2026-06-09|2026-06-16|2026-06-23|2026-06-30|2026-07-07|2026-07-14|2026-07-21|2026-07-28|2026-08-04|2026-08-11|2026-08-18|2026-08-25|2026-09-01|2026-09-08|2026-09-15
195,2026-03-24T14:11:15+00:00,Buy,49,included,2025-09-30|2025-10-07|2025-10-14|2025-10-21|2025-10-28|2025-11-04|2025-11-11|2025-11-18|2025-11-25|2025-12-02|2025-12-09|2025-12-16|2025-12-23|2025-12-30|2026-01-06|2026-01-13|2026-01-20|2026-01-27|2026-02-03|2026-02-10|2026-02-17|2026-02-24|2026-03-03|2026-03-10|2026-03-31|2026-04-07|2026-04-14|2026-04-21|2026-04-28|2026-05-05|2026-05-12|2026-05-19|2026-05-26|2026-06-02|2026-06-09|2026-06-16|2026-06-23|2026-06-30|2026-07-07|2026-07-14|2026-07-21|2026-07-28|2026-08-04|2026-08-11|2026-08-18|2026-08-25|2026-09-01|2026-09-08|2026-09-15
196,2026-03-25T06:35:47+00:00,Buy,48,included,2025-10-01|2025-10-08|2025-10-22|2025-10-29|2025-11-05|2025-11-12|2025-11-19|2025-11-26|2025-12-03|2025-12-10|2025-12-17|2025-12-24|2025-12-31|2026-01-07|2026-01-14|2026-01-21|2026-01-28|2026-02-04|2026-02-11|2026-02-18|2026-02-25|2026-03-04|2026-03-11|2026-03-18|2026-04-01|2026-04-08|2026-04-15|2026-04-22|2026-04-29|2026-05-06|2026-05-13|2026-05-20|2026-05-27|2026-06-03|2026-06-10|2026-06-17|2026-06-24|2026-07-01|2026-07-08|2026-07-15|2026-07-22|2026-07-29|2026-08-05|2026-08-12|2026-08-19|2026-08-26|2026-09-02|2026-09-09
197,2026-03-25T09:00:18+00:00,Sell,50,included,2025-10-01|2025-10-08|2025-10-15|2025-10-22|2025-10-29|2025-11-05|2025-11-12|2025-11-19|2025-11-26|2025-12-03|2025-12-10|2025-12-17|2025-12-24|2025-12-31|2026-01-07|2026-01-14|2026-01-21|2026-01-28|2026-02-04|2026-02-11|2026-02-18|2026-02-25|2026-03-04|2026-03-11|2026-03-18|2026-04-01|2026-04-08|2026-04-15|2026-04-22|2026-04-29|2026-05-06|2026-05-13|2026-05-20|2026-05-27|2026-06-03|2026-06-10|2026-06-17|2026-06-24|2026-07-01|2026-07-08|2026-07-15|2026-07-22|2026-07-29|2026-08-05|2026-08-12|2026-08-19|2026-08-26|2026-09-02|2026-09-09|2026-09-16
198,2026-03-25T09:38:04+00:00,Buy,47,included,2025-10-01|2025-10-15|2025-10-22|2025-10-29|2025-11-05|2025-11-12|2025-11-19|2025-11-26|2025-12-03|2025-12-10|2025-12-17|2025-12-24|2025-12-31|2026-01-07|2026-01-14|2026-01-21|2026-01-28|2026-02-04|2026-02-11|2026-02-18|2026-03-04|2026-03-11|2026-03-18|2026-04-01|2026-04-08|2026-04-15|2026-04-22|2026-04-29|2026-05-13|2026-05-20|2026-05-27|2026-06-03|2026-06-10|2026-06-17|2026-06-24|2026-07-01|2026-07-08|2026-07-15|2026-07-22|2026-07-29|2026-08-05|2026-08-12|2026-08-19|2026-08-26|2026-09-02|2026-09-09|2026-09-16
199,2026-03-26T08:48:11+00:00,Buy,49,included,2025-09-25|2025-10-02|2025-10-09|2025-10-16|2025-10-23|2025-10-30|2025-11-06|2025-11-13|2025-11-20|2025-11-27|2025-12-04|2025-12-11|2025-12-18|2026-01-08|2026-01-15|2026-01-22|2026-01-29|2026-02-05|2026-02-12|2026-02-19|2026-02-26|2026-03-05|2026-03-12|2026-03-19|2026-04-02|2026-04-09|2026-04-16|2026-04-23|2026-04-30|2026-05-07|2026-05-14|2026-05-21|2026-05-28|2026-06-04|2026-06-11|2026-06-18|2026-06-25|2026-07-02|2026-07-09|2026-07-16|2026-07-23|2026-07-30|2026-08-06|2026-08-13|2026-08-20|2026-08-27|2026-09-03|2026-09-10|2026-09-17
200,2026-03-26T11:49:34+00:00,Buy,47,included,2025-09-25|2025-10-02|2025-10-09|2025-10-16|2025-10-23|2025-10-30|2025-11-06|2025-11-13|2025-11-20|2025-11-27|2025-12-04|2025-12-11|2025-12-18|2026-01-08|2026-01-15|2026-01-22|2026-01-29|2026-02-05|2026-02-12|2026-02-19|2026-02-26|2026-03-05|2026-03-19|2026-04-09|2026-04-16|2026-04-23|2026-04-30|2026-05-07|2026-05-14|2026-05-21|2026-05-28|2026-06-04|2026-06-11|2026-06-18|2026-06-25|2026-07-02|2026-07-09|2026-07-16|2026-07-23|2026-07-30|2026-08-06|2026-08-13|2026-08-20|2026-08-27|2026-09-03|2026-09-10|2026-09-17
201,2026-03-27T08:43:56+00:00,Buy,49,included,2025-09-26|2025-10-03|2025-10-10|2025-10-17|2025-10-24|2025-10-31|2025-11-07|2025-11-14|2025-11-21|2025-11-28|2025-12-05|2025-12-12|2025-12-26|2026-01-02|2026-01-09|2026-01-16|2026-01-23|2026-01-30|2026-02-06|2026-02-13|2026-02-20|2026-02-27|2026-03-06|2026-03-13|2026-03-20|2026-04-10|2026-04-17|2026-04-24|2026-05-01|2026-05-08|2026-05-15|2026-05-22|2026-05-29|2026-06-05|2026-06-12|2026-06-19|2026-06-26|2026-07-03|2026-07-10|2026-07-17|2026-07-24|2026-07-31|2026-08-07|2026-08-14|2026-08-21|2026-08-28|2026-09-04|2026-09-11|2026-09-18
202,2026-03-27T15:23:51+00:00,Buy,48,included,2025-09-26|2025-10-03|2025-10-10|2025-10-17|2025-10-24|2025-10-31|2025-11-07|2025-11-14|2025-11-21|2025-11-28|2025-12-05|2025-12-12|2025-12-19|2025-12-26|2026-01-02|2026-01-09|2026-01-16|2026-01-23|2026-01-30|2026-02-06|2026-02-13|2026-02-20|2026-03-06|2026-03-13|2026-03-20|2026-04-10|2026-04-17|2026-04-24|2026-05-01|2026-05-08|2026-05-15|2026-05-22|2026-05-29|2026-06-05|2026-06-12|2026-06-19|2026-06-26|2026-07-03|2026-07-10|2026-07-17|2026-07-24|2026-07-31|2026-08-07|2026-08-14|2026-08-21|2026-08-28|2026-09-04|2026-09-18
203,2026-03-30T07:30:21+00:00,Sell,48,included,2025-09-29|2025-10-06|2025-10-13|2025-10-20|2025-10-27|2025-11-03|2025-11-10|2025-11-17|2025-11-24|2025-12-01|2025-12-08|2025-12-15|2025-12-22|2025-12-29|2026-01-05|2026-01-12|2026-01-19|2026-01-26|2026-02-02|2026-02-09|2026-02-16|2026-03-09|2026-03-16|2026-03-23|2026-04-06|2026-04-13|2026-04-20|2026-04-27|2026-05-04|2026-05-11|2026-05-18|2026-05-25|2026-06-01|2026-06-08|2026-06-15|2026-06-22|2026-06-29|2026-07-06|2026-07-13|2026-07-20|2026-07-27|2026-08-03|2026-08-10|2026-08-17|2026-08-24|2026-08-31|2026-09-07|2026-09-14
204,2026-03-30T11:14:39+00:00,Buy,49,included,2025-09-29|2025-10-13|2025-10-20|2025-10-27|2025-11-03|2025-11-10|2025-11-17|2025-11-24|2025-12-01|2025-12-08|2025-12-15|2025-12-22|2025-12-29|2026-01-05|2026-01-12|2026-01-19|2026-01-26|2026-02-02|2026-02-09|2026-02-16|2026-02-23|2026-03-02|2026-03-09|2026-03-16|2026-03-23|2026-04-06|2026-04-13|2026-04-20|2026-04-27|2026-05-04|2026-05-11|2026-05-18|2026-05-25|2026-06-01|2026-06-08|2026-06-15|2026-06-22|2026-06-29|2026-07-06|2026-07-13|2026-07-20|2026-07-27|2026-08-03|2026-08-10|2026-08-17|2026-08-24|2026-08-31|2026-09-07|2026-09-14
205,2026-03-30T11:52:48+00:00,Sell,48,included,2025-09-29|2025-10-06|2025-10-13|2025-10-20|2025-10-27|2025-11-03|2025-11-10|2025-11-17|2025-11-24|2025-12-08|2025-12-15|2025-12-22|2025-12-29|2026-01-05|2026-01-12|2026-01-19|2026-01-26|2026-02-02|2026-02-09|2026-02-16|2026-02-23|2026-03-02|2026-03-09|2026-03-16|2026-03-23|2026-04-06|2026-04-13|2026-04-20|2026-04-27|2026-05-04|2026-05-11|2026-05-18|2026-05-25|2026-06-01|2026-06-08|2026-06-15|2026-06-22|2026-07-06|2026-07-13|2026-07-20|2026-07-27|2026-08-03|2026-08-10|2026-08-17|2026-08-24|2026-08-31|2026-09-07|2026-09-14
206,2026-03-31T05:16:35+00:00,Buy,49,included,2025-09-30|2025-10-07|2025-10-14|2025-10-21|2025-10-28|2025-11-04|2025-11-11|2025-11-18|2025-11-25|2025-12-02|2025-12-09|2025-12-16|2025-12-23|2026-01-06|2026-01-13|2026-01-20|2026-01-27|2026-02-03|2026-02-10|2026-02-17|2026-02-24|2026-03-03|2026-03-10|2026-03-17|2026-03-24|2026-04-07|2026-04-14|2026-04-21|2026-04-28|2026-05-05|2026-05-12|2026-05-19|2026-05-26|2026-06-02|2026-06-09|2026-06-16|2026-06-23|2026-06-30|2026-07-07|2026-07-14|2026-07-21|2026-07-28|2026-08-04|2026-08-11|2026-08-18|2026-08-25|2026-09-01|2026-09-08|2026-09-15
207,2026-03-31T12:00:37+00:00,Buy,49,included,2025-09-30|2025-10-07|2025-10-14|2025-10-21|2025-10-28|2025-11-04|2025-11-11|2025-11-18|2025-11-25|2025-12-02|2025-12-09|2025-12-16|2025-12-23|2025-12-30|2026-01-06|2026-01-13|2026-01-20|2026-01-27|2026-02-10|2026-02-17|2026-02-24|2026-03-03|2026-03-10|2026-03-17|2026-03-24|2026-04-07|2026-04-14|2026-04-21|2026-04-28|2026-05-05|2026-05-12|2026-05-19|2026-05-26|2026-06-02|2026-06-09|2026-06-16|2026-06-23|2026-06-30|2026-07-07|2026-07-14|2026-07-21|2026-07-28|2026-08-04|2026-08-11|2026-08-18|2026-08-25|2026-09-01|2026-09-08|2026-09-15
208,2026-03-31T17:13:28+00:00,Buy,50,included,2025-09-30|2025-10-07|2025-10-14|2025-10-21|2025-10-28|2025-11-04|2025-11-11|2025-11-18|2025-11-25|2025-12-02|2025-12-09|2025-12-16|2025-12-23|2025-12-30|2026-01-06|2026-01-13|2026-01-20|2026-01-27|2026-02-03|2026-02-10|2026-02-17|2026-02-24|2026-03-03|2026-03-10|2026-03-17|2026-03-24|2026-04-07|2026-04-14|2026-04-21|2026-04-28|2026-05-05|2026-05-12|2026-05-19|2026-05-26|2026-06-02|2026-06-09|2026-06-16|2026-06-23|2026-06-30|2026-07-07|2026-07-14|2026-07-21|2026-07-28|2026-08-04|2026-08-11|2026-08-18|2026-08-25|2026-09-01|2026-09-08|2026-09-15
209,2026-04-01T04:08:40+00:00,Sell,32,included,2025-10-01|2025-10-08|2025-10-15|2025-10-22|2025-10-29|2026-03-11|2026-03-18|2026-03-25|2026-04-08|2026-04-15|2026-04-22|2026-04-29|2026-05-06|2026-05-13|2026-05-20|2026-05-27|2026-06-03|2026-06-10|2026-06-17|2026-06-24|2026-07-01|2026-07-08|2026-07-15|2026-07-22|2026-07-29|2026-08-05|2026-08-12|2026-08-19|2026-08-26|2026-09-02|2026-09-09|2026-09-16
210,2026-04-01T10:01:41+00:00,Sell,49,included,2025-10-01|2025-10-08|2025-10-15|2025-10-22|2025-10-29|2025-11-05|2025-11-12|2025-11-19|2025-11-26|2025-12-03|2025-12-10|2025-12-17|2025-12-24|2025-12-31|2026-01-07|2026-01-14|2026-01-21|2026-01-28|2026-02-04|2026-02-11|2026-02-18|2026-03-04|2026-03-11|2026-03-18|2026-03-25|2026-04-08|2026-04-15|2026-04-22|2026-04-29|2026-05-06|2026-05-13|2026-05-20|2026-05-27|2026-06-03|2026-06-10|2026-06-17|2026-06-24|2026-07-01|2026-07-08|2026-07-15|2026-07-22|2026-07-29|2026-08-05|2026-08-12|2026-08-19|2026-08-26|2026-09-02|2026-09-09|2026-09-16
211,2026-04-02T11:51:54+00:00,Sell,47,included,2025-09-25|2025-10-02|2025-10-09|2025-10-16|2025-10-23|2025-10-30|2025-11-06|2025-11-13|2025-11-20|2025-11-27|2025-12-04|2025-12-11|2025-12-18|2026-01-08|2026-01-15|2026-01-22|2026-01-29|2026-02-05|2026-02-12|2026-02-19|2026-02-26|2026-03-05|2026-03-19|2026-04-09|2026-04-16|2026-04-23|2026-04-30|2026-05-07|2026-05-14|2026-05-21|2026-05-28|2026-06-04|2026-06-11|2026-06-18|2026-06-25|2026-07-02|2026-07-09|2026-07-16|2026-07-23|2026-07-30|2026-08-06|2026-08-13|2026-08-20|2026-08-27|2026-09-03|2026-09-10|2026-09-17
212,2026-04-02T17:40:31+00:00,Sell,48,included,2025-09-25|2025-10-02|2025-10-09|2025-10-16|2025-10-23|2025-10-30|2025-11-06|2025-11-13|2025-11-20|2025-11-27|2025-12-04|2025-12-11|2025-12-18|2026-01-08|2026-01-15|2026-01-22|2026-01-29|2026-02-05|2026-02-12|2026-02-19|2026-02-26|2026-03-05|2026-03-12|2026-03-19|2026-03-26|2026-04-09|2026-04-16|2026-04-23|2026-04-30|2026-05-07|2026-05-14|2026-05-21|2026-06-04|2026-06-11|2026-06-18|2026-06-25|2026-07-02|2026-07-09|2026-07-16|2026-07-23|2026-07-30|2026-08-06|2026-08-13|2026-08-20|2026-08-27|2026-09-03|2026-09-10|2026-09-17
213,2026-04-02T18:05:43+00:00,Sell,49,included,2025-09-25|2025-10-02|2025-10-09|2025-10-16|2025-10-23|2025-10-30|2025-11-06|2025-11-13|2025-11-20|2025-11-27|2025-12-04|2025-12-11|2025-12-18|2026-01-08|2026-01-15|2026-01-22|2026-01-29|2026-02-05|2026-02-12|2026-02-19|2026-02-26|2026-03-05|2026-03-12|2026-03-19|2026-03-26|2026-04-09|2026-04-16|2026-04-23|2026-04-30|2026-05-07|2026-05-14|2026-05-21|2026-05-28|2026-06-04|2026-06-11|2026-06-18|2026-06-25|2026-07-02|2026-07-09|2026-07-16|2026-07-23|2026-07-30|2026-08-06|2026-08-13|2026-08-20|2026-08-27|2026-09-03|2026-09-10|2026-09-17
214,2026-04-06T06:32:16+00:00,Sell,50,included,2025-09-29|2025-10-06|2025-10-13|2025-10-20|2025-10-27|2025-11-03|2025-11-10|2025-11-17|2025-11-24|2025-12-01|2025-12-08|2025-12-15|2025-12-22|2025-12-29|2026-01-05|2026-01-12|2026-01-19|2026-01-26|2026-02-02|2026-02-09|2026-02-16|2026-02-23|2026-03-02|2026-03-09|2026-03-16|2026-03-23|2026-03-30|2026-04-13|2026-04-20|2026-04-27|2026-05-04|2026-05-11|2026-05-18|2026-05-25|2026-06-01|2026-06-08|2026-06-15|2026-06-22|2026-06-29|2026-07-06|2026-07-13|2026-07-20|2026-07-27|2026-08-03|2026-08-10|2026-08-17|2026-08-24|2026-08-31|2026-09-07|2026-09-14
215,2026-04-06T10:38:30+00:00,Sell,50,included,2025-09-29|2025-10-06|2025-10-13|2025-10-20|2025-10-27|2025-11-03|2025-11-10|2025-11-17|2025-11-24|2025-12-01|2025-12-08|2025-12-15|2025-12-22|2025-12-29|2026-01-05|2026-01-12|2026-01-19|2026-01-26|2026-02-02|2026-02-09|2026-02-16|2026-02-23|2026-03-02|2026-03-09|2026-03-16|2026-03-23|2026-03-30|2026-04-13|2026-04-20|2026-04-27|2026-05-04|2026-05-11|2026-05-18|2026-05-25|2026-06-01|2026-06-08|2026-06-15|2026-06-22|2026-06-29|2026-07-06|2026-07-13|2026-07-20|2026-07-27|2026-08-03|2026-08-10|2026-08-17|2026-08-24|2026-08-31|2026-09-07|2026-09-14
216,2026-04-06T12:20:14+00:00,Sell,50,included,2025-09-29|2025-10-06|2025-10-13|2025-10-20|2025-10-27|2025-11-03|2025-11-10|2025-11-17|2025-11-24|2025-12-01|2025-12-08|2025-12-15|2025-12-22|2025-12-29|2026-01-05|2026-01-12|2026-01-19|2026-01-26|2026-02-02|2026-02-09|2026-02-16|2026-02-23|2026-03-02|2026-03-09|2026-03-16|2026-03-23|2026-03-30|2026-04-13|2026-04-20|2026-04-27|2026-05-04|2026-05-11|2026-05-18|2026-05-25|2026-06-01|2026-06-08|2026-06-15|2026-06-22|2026-06-29|2026-07-06|2026-07-13|2026-07-20|2026-07-27|2026-08-03|2026-08-10|2026-08-17|2026-08-24|2026-08-31|2026-09-07|2026-09-14
217,2026-04-07T06:04:07+00:00,Buy,48,included,2025-09-30|2025-10-07|2025-10-14|2025-10-21|2025-10-28|2025-11-04|2025-11-11|2025-11-18|2025-11-25|2025-12-02|2025-12-09|2025-12-16|2025-12-23|2025-12-30|2026-01-06|2026-01-13|2026-01-20|2026-01-27|2026-02-03|2026-02-10|2026-02-17|2026-02-24|2026-03-03|2026-03-10|2026-03-17|2026-03-24|2026-03-31|2026-04-14|2026-04-21|2026-05-05|2026-05-12|2026-05-19|2026-05-26|2026-06-02|2026-06-09|2026-06-16|2026-06-23|2026-06-30|2026-07-07|2026-07-14|2026-07-21|2026-07-28|2026-08-04|2026-08-11|2026-08-18|2026-08-25|2026-09-08|2026-09-15
218,2026-04-07T08:02:14+00:00,Sell,49,included,2025-09-30|2025-10-07|2025-10-14|2025-10-21|2025-10-28|2025-11-04|2025-11-11|2025-11-18|2025-11-25|2025-12-02|2025-12-09|2025-12-16|2025-12-23|2025-12-30|2026-01-06|2026-01-13|2026-01-20|2026-01-27|2026-02-03|2026-02-10|2026-02-17|2026-03-03|2026-03-10|2026-03-17|2026-03-24|2026-03-31|2026-04-14|2026-04-21|2026-04-28|2026-05-05|2026-05-12|2026-05-19|2026-05-26|2026-06-02|2026-06-09|2026-06-16|2026-06-23|2026-06-30|2026-07-07|2026-07-14|2026-07-21|2026-07-28|2026-08-04|2026-08-11|2026-08-18|2026-08-25|2026-09-01|2026-09-08|2026-09-15
219,2026-04-07T13:21:19+00:00,Buy,49,included,2025-09-30|2025-10-07|2025-10-14|2025-10-21|2025-10-28|2025-11-04|2025-11-11|2025-11-18|2025-11-25|2025-12-02|2025-12-09|2025-12-16|2025-12-23|2025-12-30|2026-01-06|2026-01-13|2026-01-20|2026-01-27|2026-02-03|2026-02-10|2026-02-17|2026-03-03|2026-03-10|2026-03-17|2026-03-24|2026-03-31|2026-04-14|2026-04-21|2026-04-28|2026-05-05|2026-05-12|2026-05-19|2026-05-26|2026-06-02|2026-06-09|2026-06-16|2026-06-23|2026-06-30|2026-07-07|2026-07-14|2026-07-21|2026-07-28|2026-08-04|2026-08-11|2026-08-18|2026-08-25|2026-09-01|2026-09-08|2026-09-15
220,2026-04-08T05:51:27+00:00,Buy,49,included,2025-10-01|2025-10-08|2025-10-15|2025-10-22|2025-10-29|2025-11-05|2025-11-12|2025-11-19|2025-11-26|2025-12-03|2025-12-10|2025-12-17|2025-12-24|2025-12-31|2026-01-07|2026-01-14|2026-01-21|2026-01-28|2026-02-04|2026-02-11|2026-02-18|2026-02-25|2026-03-04|2026-03-11|2026-03-18|2026-03-25|2026-04-01|2026-04-15|2026-04-22|2026-04-29|2026-05-06|2026-05-13|2026-05-20|2026-05-27|2026-06-03|2026-06-10|2026-06-24|2026-07-01|2026-07-08|2026-07-15|2026-07-22|2026-07-29|2026-08-05|2026-08-12|2026-08-19|2026-08-26|2026-09-02|2026-09-09|2026-09-16
221,2026-04-08T15:32:24+00:00,Buy,50,included,2025-10-01|2025-10-08|2025-10-15|2025-10-22|2025-10-29|2025-11-05|2025-11-12|2025-11-19|2025-11-26|2025-12-03|2025-12-10|2025-12-17|2025-12-24|2025-12-31|2026-01-07|2026-01-14|2026-01-21|2026-01-28|2026-02-04|2026-02-11|2026-02-18|2026-02-25|2026-03-04|2026-03-11|2026-03-18|2026-03-25|2026-04-01|2026-04-15|2026-04-22|2026-04-29|2026-05-06|2026-05-13|2026-05-20|2026-05-27|2026-06-03|2026-06-10|2026-06-17|2026-06-24|2026-07-01|2026-07-08|2026-07-15|2026-07-22|2026-07-29|2026-08-05|2026-08-12|2026-08-19|2026-08-26|2026-09-02|2026-09-09|2026-09-16
222,2026-04-09T05:36:36+00:00,Buy,49,included,2025-09-25|2025-10-02|2025-10-09|2025-10-16|2025-10-23|2025-10-30|2025-11-06|2025-11-13|2025-11-20|2025-11-27|2025-12-04|2025-12-11|2025-12-18|2026-01-08|2026-01-15|2026-01-22|2026-01-29|2026-02-05|2026-02-12|2026-02-19|2026-02-26|2026-03-05|2026-03-12|2026-03-19|2026-03-26|2026-04-02|2026-04-16|2026-04-23|2026-04-30|2026-05-07|2026-05-14|2026-05-21|2026-05-28|2026-06-04|2026-06-11|2026-06-18|2026-06-25|2026-07-02|2026-07-09|2026-07-16|2026-07-23|2026-07-30|2026-08-06|2026-08-13|2026-08-20|2026-08-27|2026-09-03|2026-09-10|2026-09-17
223,2026-04-09T06:07:52+00:00,Sell,45,included,2025-09-25|2025-10-02|2025-10-09|2025-10-16|2025-10-23|2025-10-30|2025-11-06|2025-11-13|2025-12-04|2025-12-11|2026-01-08|2026-01-15|2026-01-22|2026-01-29|2026-02-05|2026-02-12|2026-02-19|2026-03-05|2026-03-12|2026-03-19|2026-03-26|2026-04-02|2026-04-16|2026-04-23|2026-04-30|2026-05-07|2026-05-14|2026-05-21|2026-05-28|2026-06-04|2026-06-11|2026-06-18|2026-06-25|2026-07-02|2026-07-09|2026-07-16|2026-07-23|2026-07-30|2026-08-06|2026-08-13|2026-08-20|2026-08-27|2026-09-03|2026-09-10|2026-09-17
224,2026-04-09T08:06:30+00:00,Buy,48,included,2025-09-25|2025-10-02|2025-10-09|2025-10-16|2025-10-23|2025-10-30|2025-11-06|2025-11-13|2025-11-20|2025-11-27|2025-12-04|2025-12-11|2026-01-08|2026-01-15|2026-01-22|2026-01-29|2026-02-05|2026-02-12|2026-02-19|2026-02-26|2026-03-05|2026-03-12|2026-03-19|2026-03-26|2026-04-02|2026-04-16|2026-04-23|2026-04-30|2026-05-07|2026-05-14|2026-05-21|2026-05-28|2026-06-04|2026-06-11|2026-06-18|2026-06-25|2026-07-02|2026-07-09|2026-07-16|2026-07-23|2026-07-30|2026-08-06|2026-08-13|2026-08-20|2026-08-27|2026-09-03|2026-09-10|2026-09-17
225,2026-04-09T13:53:03+00:00,Buy,49,included,2025-09-25|2025-10-02|2025-10-09|2025-10-16|2025-10-23|2025-10-30|2025-11-06|2025-11-13|2025-11-20|2025-11-27|2025-12-04|2025-12-11|2025-12-18|2026-01-08|2026-01-15|2026-01-22|2026-01-29|2026-02-05|2026-02-12|2026-02-19|2026-02-26|2026-03-05|2026-03-12|2026-03-19|2026-03-26|2026-04-02|2026-04-16|2026-04-23|2026-04-30|2026-05-07|2026-05-14|2026-05-21|2026-05-28|2026-06-04|2026-06-11|2026-06-18|2026-06-25|2026-07-02|2026-07-09|2026-07-16|2026-07-23|2026-07-30|2026-08-06|2026-08-13|2026-08-20|2026-08-27|2026-09-03|2026-09-10|2026-09-17
226,2026-04-10T05:14:46+00:00,Buy,46,included,2025-09-26|2025-10-03|2025-10-10|2025-10-17|2025-10-24|2025-10-31|2025-11-07|2025-11-14|2025-11-21|2025-11-28|2025-12-05|2025-12-12|2025-12-19|2025-12-26|2026-01-02|2026-01-09|2026-01-16|2026-01-23|2026-01-30|2026-02-06|2026-02-13|2026-02-20|2026-02-27|2026-03-06|2026-03-13|2026-03-20|2026-03-27|2026-04-24|2026-05-01|2026-05-08|2026-05-15|2026-05-22|2026-05-29|2026-06-05|2026-06-19|2026-06-26|2026-07-03|2026-07-10|2026-07-17|2026-07-24|2026-07-31|2026-08-07|2026-08-14|2026-09-04|2026-09-11|2026-09-18
227,2026-04-10T05:30:33+00:00,Buy,48,included,2025-09-26|2025-10-03|2025-10-10|2025-10-17|2025-10-24|2025-10-31|2025-11-07|2025-11-14|2025-11-21|2025-11-28|2025-12-05|2025-12-12|2025-12-19|2025-12-26|2026-01-02|2026-01-09|2026-01-16|2026-01-23|2026-01-30|2026-02-13|2026-02-20|2026-02-27|2026-03-06|2026-03-13|2026-03-20|2026-03-27|2026-04-17|2026-04-24|2026-05-01|2026-05-08|2026-05-15|2026-05-22|2026-05-29|2026-06-05|2026-06-12|2026-06-26|2026-07-03|2026-07-10|2026-07-17|2026-07-24|2026-07-31|2026-08-07|2026-08-14|2026-08-21|2026-08-28|2026-09-04|2026-09-11|2026-09-18
228,2026-04-10T11:42:46+00:00,Buy,50,included,2025-09-26|2025-10-03|2025-10-10|2025-10-17|2025-10-24|2025-10-31|2025-11-07|2025-11-14|2025-11-21|2025-11-28|2025-12-05|2025-12-12|2025-12-19|2025-12-26|2026-01-02|2026-01-09|2026-01-16|2026-01-23|2026-01-30|2026-02-06|2026-02-13|2026-02-20|2026-02-27|2026-03-06|2026-03-13|2026-03-20|2026-03-27|2026-04-17|2026-04-24|2026-05-01|2026-05-08|2026-05-15|2026-05-22|2026-05-29|2026-06-05|2026-06-12|2026-06-19|2026-06-26|2026-07-03|2026-07-10|2026-07-17|2026-07-24|2026-07-31|2026-08-07|2026-08-14|2026-08-21|2026-08-28|2026-09-04|2026-09-11|2026-09-18
229,2026-04-13T06:00:33+00:00,Buy,49,included,2025-09-29|2025-10-06|2025-10-13|2025-10-20|2025-10-27|2025-11-03|2025-11-10|2025-11-17|2025-11-24|2025-12-01|2025-12-08|2025-12-15|2025-12-22|2025-12-29|2026-01-05|2026-01-12|2026-01-19|2026-01-26|2026-02-02|2026-02-09|2026-02-16|2026-02-23|2026-03-02|2026-03-09|2026-03-16|2026-03-23|2026-03-30|2026-04-06|2026-04-20|2026-04-27|2026-05-04|2026-05-11|2026-05-18|2026-05-25|2026-06-01|2026-06-08|2026-06-15|2026-06-22|2026-06-29|2026-07-06|2026-07-13|2026-07-20|2026-07-27|2026-08-03|2026-08-10|2026-08-17|2026-08-24|2026-08-31|2026-09-07
230,2026-04-13T08:14:05+00:00,Sell,48,included,2025-09-29|2025-10-06|2025-10-13|2025-10-20|2025-10-27|2025-11-03|2025-11-10|2025-11-17|2025-11-24|2025-12-08|2025-12-15|2025-12-22|2025-12-29|2026-01-05|2026-01-12|2026-01-19|2026-01-26|2026-02-02|2026-02-09|2026-02-16|2026-02-23|2026-03-02|2026-03-09|2026-03-16|2026-03-23|2026-03-30|2026-04-06|2026-04-20|2026-04-27|2026-05-04|2026-05-11|2026-05-18|2026-05-25|2026-06-01|2026-06-08|2026-06-15|2026-06-22|2026-06-29|2026-07-06|2026-07-13|2026-07-27|2026-08-03|2026-08-10|2026-08-17|2026-08-24|2026-08-31|2026-09-07|2026-09-14
231,2026-04-13T15:37:59+00:00,Buy,50,included,2025-09-29|2025-10-06|2025-10-13|2025-10-20|2025-10-27|2025-11-03|2025-11-10|2025-11-17|2025-11-24|2025-12-01|2025-12-08|2025-12-15|2025-12-22|2025-12-29|2026-01-05|2026-01-12|2026-01-19|2026-01-26|2026-02-02|2026-02-09|2026-02-16|2026-02-23|2026-03-02|2026-03-09|2026-03-16|2026-03-23|2026-03-30|2026-04-06|2026-04-20|2026-04-27|2026-05-04|2026-05-11|2026-05-18|2026-05-25|2026-06-01|2026-06-08|2026-06-15|2026-06-22|2026-06-29|2026-07-06|2026-07-13|2026-07-20|2026-07-27|2026-08-03|2026-08-10|2026-08-17|2026-08-24|2026-08-31|2026-09-07|2026-09-14
232,2026-04-14T06:44:43+00:00,Buy,47,included,2025-09-30|2025-10-07|2025-10-14|2025-10-21|2025-10-28|2025-11-04|2025-11-11|2025-11-25|2025-12-02|2025-12-09|2025-12-23|2025-12-30|2026-01-06|2026-01-13|2026-01-20|2026-01-27|2026-02-03|2026-02-10|2026-02-17|2026-02-24|2026-03-03|2026-03-10|2026-03-17|2026-03-24|2026-03-31|2026-04-07|2026-04-21|2026-04-28|2026-05-05|2026-05-12|2026-05-19|2026-05-26|2026-06-02|2026-06-09|2026-06-16|2026-06-23|2026-06-30|2026-07-07|2026-07-14|2026-07-28|2026-08-04|2026-08-11|2026-08-18|2026-08-25|2026-09-01|2026-09-08|2026-09-15
233,2026-04-14T12:20:42+00:00,Sell,50,included,2025-09-30|2025-10-07|2025-10-14|2025-10-21|2025-10-28|2025-11-04|2025-11-11|2025-11-18|2025-11-25|2025-12-02|2025-12-09|2025-12-16|2025-12-23|2025-12-30|2026-01-06|2026-01-13|2026-01-20|2026-01-27|2026-02-03|2026-02-10|2026-02-17|2026-02-24|2026-03-03|2026-03-10|2026-03-17|2026-03-24|2026-03-31|2026-04-07|2026-04-21|2026-04-28|2026-05-05|2026-05-12|2026-05-19|2026-05-26|2026-06-02|2026-06-09|2026-06-16|2026-06-23|2026-06-30|2026-07-07|2026-07-14|2026-07-21|2026-07-28|2026-08-04|2026-08-11|2026-08-18|2026-08-25|2026-09-01|2026-09-08|2026-09-15
234,2026-04-14T17:38:32+00:00,Buy,50,included,2025-09-30|2025-10-07|2025-10-14|2025-10-21|2025-10-28|2025-11-04|2025-11-11|2025-11-18|2025-11-25|2025-12-02|2025-12-09|2025-12-16|2025-12-23|2025-12-30|2026-01-06|2026-01-13|2026-01-20|2026-01-27|2026-02-03|2026-02-10|2026-02-17|2026-02-24|2026-03-03|2026-03-10|2026-03-17|2026-03-24|2026-03-31|2026-04-07|2026-04-21|2026-04-28|2026-05-05|2026-05-12|2026-05-19|2026-05-26|2026-06-02|2026-06-09|2026-06-16|2026-06-23|2026-06-30|2026-07-07|2026-07-14|2026-07-21|2026-07-28|2026-08-04|2026-08-11|2026-08-18|2026-08-25|2026-09-01|2026-09-08|2026-09-15
235,2026-04-15T06:13:14+00:00,Sell,50,included,2025-10-01|2025-10-08|2025-10-15|2025-10-22|2025-10-29|2025-11-05|2025-11-12|2025-11-19|2025-11-26|2025-12-03|2025-12-10|2025-12-17|2025-12-24|2025-12-31|2026-01-07|2026-01-14|2026-01-21|2026-01-28|2026-02-04|2026-02-11|2026-02-18|2026-02-25|2026-03-04|2026-03-11|2026-03-18|2026-03-25|2026-04-01|2026-04-08|2026-04-22|2026-04-29|2026-05-06|2026-05-13|2026-05-20|2026-05-27|2026-06-03|2026-06-10|2026-06-17|2026-06-24|2026-07-01|2026-07-08|2026-07-15|2026-07-22|2026-07-29|2026-08-05|2026-08-12|2026-08-19|2026-08-26|2026-09-02|2026-09-09|2026-09-16
236,2026-04-15T13:00:14+00:00,Sell,49,included,2025-10-01|2025-10-08|2025-10-15|2025-10-22|2025-10-29|2025-11-05|2025-11-12|2025-11-19|2025-11-26|2025-12-03|2025-12-10|2025-12-17|2025-12-24|2025-12-31|2026-01-07|2026-01-14|2026-01-21|2026-01-28|2026-02-04|2026-02-11|2026-02-18|2026-02-25|2026-03-04|2026-03-11|2026-03-18|2026-03-25|2026-04-01|2026-04-08|2026-04-22|2026-04-29|2026-05-06|2026-05-13|2026-05-20|2026-05-27|2026-06-03|2026-06-10|2026-06-17|2026-06-24|2026-07-01|2026-07-08|2026-07-15|2026-07-22|2026-07-29|2026-08-05|2026-08-12|2026-08-19|2026-08-26|2026-09-02|2026-09-16
237,2026-04-16T06:43:59+00:00,Buy,48,included,2025-09-25|2025-10-02|2025-10-09|2025-10-16|2025-10-23|2025-10-30|2025-11-06|2025-11-13|2025-11-20|2025-11-27|2025-12-04|2025-12-11|2025-12-18|2026-01-08|2026-01-15|2026-01-22|2026-01-29|2026-02-05|2026-02-12|2026-02-19|2026-02-26|2026-03-05|2026-03-12|2026-03-19|2026-03-26|2026-04-02|2026-04-09|2026-04-23|2026-04-30|2026-05-07|2026-05-14|2026-05-28|2026-06-04|2026-06-11|2026-06-18|2026-06-25|2026-07-02|2026-07-09|2026-07-16|2026-07-23|2026-07-30|2026-08-06|2026-08-13|2026-08-20|2026-08-27|2026-09-03|2026-09-10|2026-09-17
238,2026-04-16T12:36:23+00:00,Sell,49,included,2025-09-25|2025-10-02|2025-10-09|2025-10-16|2025-10-23|2025-10-30|2025-11-06|2025-11-13|2025-11-20|2025-11-27|2025-12-04|2025-12-11|2025-12-18|2026-01-08|2026-01-15|2026-01-22|2026-01-29|2026-02-05|2026-02-12|2026-02-19|2026-02-26|2026-03-05|2026-03-12|2026-03-19|2026-03-26|2026-04-02|2026-04-09|2026-04-23|2026-04-30|2026-05-07|2026-05-14|2026-05-21|2026-05-28|2026-06-04|2026-06-11|2026-06-18|2026-06-25|2026-07-02|2026-07-09|2026-07-16|2026-07-23|2026-07-30|2026-08-06|2026-08-13|2026-08-20|2026-08-27|2026-09-03|2026-09-10|2026-09-17
239,2026-04-17T05:14:54+00:00,Sell,46,included,2025-09-26|2025-10-03|2025-10-10|2025-10-17|2025-10-24|2025-10-31|2025-11-07|2025-11-14|2025-11-21|2025-11-28|2025-12-05|2025-12-12|2025-12-19|2025-12-26|2026-01-02|2026-01-09|2026-01-16|2026-01-23|2026-01-30|2026-02-06|2026-02-13|2026-02-20|2026-02-27|2026-03-06|2026-03-13|2026-03-20|2026-03-27|2026-04-24|2026-05-01|2026-05-08|2026-05-15|2026-05-22|2026-05-29|2026-06-05|2026-06-19|2026-06-26|2026-07-03|2026-07-10|2026-07-17|2026-07-24|2026-07-31|2026-08-07|2026-08-14|2026-09-04|2026-09-11|2026-09-18
240,2026-04-17T10:51:42+00:00,Buy,50,included,2025-09-26|2025-10-03|2025-10-10|2025-10-17|2025-10-24|2025-10-31|2025-11-07|2025-11-14|2025-11-21|2025-11-28|2025-12-05|2025-12-12|2025-12-19|2025-12-26|2026-01-02|2026-01-09|2026-01-16|2026-01-23|2026-01-30|2026-02-06|2026-02-13|2026-02-20|2026-02-27|2026-03-06|2026-03-13|2026-03-20|2026-03-27|2026-04-10|2026-04-24|2026-05-01|2026-05-08|2026-05-15|2026-05-22|2026-05-29|2026-06-05|2026-06-12|2026-06-19|2026-06-26|2026-07-03|2026-07-10|2026-07-17|2026-07-24|2026-07-31|2026-08-07|2026-08-14|2026-08-21|2026-08-28|2026-09-04|2026-09-11|2026-09-18
241,2026-04-20T05:41:45+00:00,Sell,45,included,2025-10-06|2025-10-13|2025-10-20|2025-10-27|2025-11-03|2025-11-10|2025-11-17|2025-11-24|2025-12-01|2025-12-15|2025-12-22|2025-12-29|2026-01-05|2026-01-12|2026-01-19|2026-01-26|2026-02-02|2026-02-09|2026-02-16|2026-02-23|2026-03-02|2026-03-09|2026-03-23|2026-03-30|2026-04-06|2026-04-13|2026-04-27|2026-05-04|2026-05-11|2026-05-18|2026-05-25|2026-06-01|2026-06-22|2026-06-29|2026-07-06|2026-07-13|2026-07-20|2026-07-27|2026-08-03|2026-08-10|2026-08-17|2026-08-24|2026-08-31|2026-09-07|2026-09-14
242,2026-04-20T15:25:31+00:00,Sell,50,included,2025-09-29|2025-10-06|2025-10-13|2025-10-20|2025-10-27|2025-11-03|2025-11-10|2025-11-17|2025-11-24|2025-12-01|2025-12-08|2025-12-15|2025-12-22|2025-12-29|2026-01-05|2026-01-12|2026-01-19|2026-01-26|2026-02-02|2026-02-09|2026-02-16|2026-02-23|2026-03-02|2026-03-09|2026-03-16|2026-03-23|2026-03-30|2026-04-06|2026-04-13|2026-04-27|2026-05-04|2026-05-11|2026-05-18|2026-05-25|2026-06-01|2026-06-08|2026-06-15|2026-06-22|2026-06-29|2026-07-06|2026-07-13|2026-07-20|2026-07-27|2026-08-03|2026-08-10|2026-08-17|2026-08-24|2026-08-31|2026-09-07|2026-09-14
243,2026-04-21T04:24:24+00:00,Buy,32,included,2025-09-30|2025-10-07|2025-10-14|2025-10-21|2025-10-28|2026-03-10|2026-03-17|2026-03-24|2026-03-31|2026-04-07|2026-04-14|2026-04-28|2026-05-05|2026-05-12|2026-05-19|2026-05-26|2026-06-02|2026-06-09|2026-06-16|2026-06-23|2026-06-30|2026-07-07|2026-07-14|2026-07-21|2026-07-28|2026-08-04|2026-08-11|2026-08-18|2026-08-25|2026-09-01|2026-09-08|2026-09-15
244,2026-04-21T07:42:50+00:00,Buy,46,included,2025-09-30|2025-10-07|2025-10-28|2025-11-04|2025-11-11|2025-11-18|2025-11-25|2025-12-02|2025-12-09|2025-12-16|2025-12-23|2025-12-30|2026-01-06|2026-01-13|2026-01-20|2026-01-27|2026-02-03|2026-02-10|2026-02-17|2026-02-24|2026-03-03|2026-03-17|2026-03-24|2026-03-31|2026-04-07|2026-04-14|2026-04-28|2026-05-05|2026-05-12|2026-05-19|2026-05-26|2026-06-02|2026-06-09|2026-06-16|2026-06-23|2026-06-30|2026-07-14|2026-07-21|2026-07-28|2026-08-04|2026-08-11|2026-08-18|2026-08-25|2026-09-01|2026-09-08|2026-09-15
245,2026-04-21T14:01:47+00:00,Buy,49,included,2025-09-30|2025-10-07|2025-10-14|2025-10-21|2025-10-28|2025-11-04|2025-11-11|2025-11-18|2025-11-25|2025-12-02|2025-12-09|2025-12-16|2025-12-23|2025-12-30|2026-01-06|2026-01-13|2026-01-20|2026-01-27|2026-02-03|2026-02-10|2026-02-17|2026-02-24|2026-03-03|2026-03-10|2026-03-17|2026-03-31|2026-04-07|2026-04-14|2026-04-28|2026-05-05|2026-05-12|2026-05-19|2026-05-26|2026-06-02|2026-06-09|2026-06-16|2026-06-23|2026-06-30|2026-07-07|2026-07-14|2026-07-21|2026-07-28|2026-08-04|2026-08-11|2026-08-18|2026-08-25|2026-09-01|2026-09-08|2026-09-15
246,2026-04-22T05:22:08+00:00,Sell,50,included,2025-10-01|2025-10-08|2025-10-15|2025-10-22|2025-10-29|2025-11-05|2025-11-12|2025-11-19|2025-11-26|2025-12-03|2025-12-10|2025-12-17|2025-12-24|2025-12-31|2026-01-07|2026-01-14|2026-01-21|2026-01-28|2026-02-04|2026-02-11|2026-02-18|2026-02-25|2026-03-04|2026-03-11|2026-03-18|2026-03-25|2026-04-01|2026-04-08|2026-04-15|2026-04-29|2026-05-06|2026-05-13|2026-05-20|2026-05-27|2026-06-03|2026-06-10|2026-06-17|2026-06-24|2026-07-01|2026-07-08|2026-07-15|2026-07-22|2026-07-29|2026-08-05|2026-08-12|2026-08-19|2026-08-26|2026-09-02|2026-09-09|2026-09-16
247,2026-04-22T12:29:56+00:00,Sell,50,included,2025-10-01|2025-10-08|2025-10-15|2025-10-22|2025-10-29|2025-11-05|2025-11-12|2025-11-19|2025-11-26|2025-12-03|2025-12-10|2025-12-17|2025-12-24|2025-12-31|2026-01-07|2026-01-14|2026-01-21|2026-01-28|2026-02-04|2026-02-11|2026-02-18|2026-02-25|2026-03-04|2026-03-11|2026-03-18|2026-03-25|2026-04-01|2026-04-08|2026-04-15|2026-04-29|2026-05-06|2026-05-13|2026-05-20|2026-05-27|2026-06-03|2026-06-10|2026-06-17|2026-06-24|2026-07-01|2026-07-08|2026-07-15|2026-07-22|2026-07-29|2026-08-05|2026-08-12|2026-08-19|2026-08-26|2026-09-02|2026-09-09|2026-09-16
248,2026-04-23T05:30:37+00:00,Buy,48,included,2025-09-25|2025-10-02|2025-10-09|2025-10-16|2025-10-30|2025-11-06|2025-11-13|2025-11-20|2025-11-27|2025-12-04|2025-12-11|2025-12-18|2026-01-08|2026-01-15|2026-01-22|2026-01-29|2026-02-05|2026-02-12|2026-02-19|2026-02-26|2026-03-05|2026-03-12|2026-03-19|2026-03-26|2026-04-02|2026-04-09|2026-04-16|2026-04-30|2026-05-07|2026-05-14|2026-05-21|2026-05-28|2026-06-04|2026-06-11|2026-06-18|2026-06-25|2026-07-02|2026-07-09|2026-07-16|2026-07-23|2026-07-30|2026-08-06|2026-08-13|2026-08-20|2026-08-27|2026-09-03|2026-09-10|2026-09-17
249,2026-04-23T17:58:13+00:00,Buy,49,included,2025-09-25|2025-10-02|2025-10-09|2025-10-16|2025-10-23|2025-10-30|2025-11-06|2025-11-13|2025-11-20|2025-11-27|2025-12-04|2025-12-11|2025-12-18|2026-01-08|2026-01-15|2026-01-22|2026-01-29|2026-02-05|2026-02-12|2026-02-19|2026-02-26|2026-03-05|2026-03-12|2026-03-19|2026-03-26|2026-04-02|2026-04-09|2026-04-16|2026-04-30|2026-05-07|2026-05-14|2026-05-21|2026-05-28|2026-06-04|2026-06-11|2026-06-18|2026-06-25|2026-07-02|2026-07-09|2026-07-16|2026-07-23|2026-07-30|2026-08-06|2026-08-13|2026-08-20|2026-08-27|2026-09-03|2026-09-10|2026-09-17
250,2026-04-24T08:25:06+00:00,Sell,49,included,2025-09-26|2025-10-03|2025-10-10|2025-10-17|2025-10-24|2025-10-31|2025-11-07|2025-11-14|2025-11-21|2025-12-05|2025-12-12|2025-12-19|2025-12-26|2026-01-02|2026-01-09|2026-01-16|2026-01-23|2026-01-30|2026-02-06|2026-02-13|2026-02-20|2026-02-27|2026-03-06|2026-03-13|2026-03-20|2026-03-27|2026-04-10|2026-04-17|2026-05-01|2026-05-08|2026-05-15|2026-05-22|2026-05-29|2026-06-05|2026-06-12|2026-06-19|2026-06-26|2026-07-03|2026-07-10|2026-07-17|2026-07-24|2026-07-31|2026-08-07|2026-08-14|2026-08-21|2026-08-28|2026-09-04|2026-09-11|2026-09-18
251,2026-04-24T13:32:20+00:00,Buy,49,included,2025-09-26|2025-10-03|2025-10-10|2025-10-17|2025-10-24|2025-10-31|2025-11-07|2025-11-14|2025-11-21|2025-11-28|2025-12-05|2025-12-12|2025-12-19|2025-12-26|2026-01-02|2026-01-09|2026-01-16|2026-01-23|2026-01-30|2026-02-13|2026-02-20|2026-02-27|2026-03-06|2026-03-13|2026-03-20|2026-03-27|2026-04-10|2026-04-17|2026-05-01|2026-05-08|2026-05-15|2026-05-22|2026-05-29|2026-06-05|2026-06-12|2026-06-19|2026-06-26|2026-07-03|2026-07-10|2026-07-17|2026-07-24|2026-07-31|2026-08-07|2026-08-14|2026-08-21|2026-08-28|2026-09-04|2026-09-11|2026-09-18
252,2026-04-27T03:37:58+00:00,Buy,0,excluded_missing_history_or_alternatives,
253,2026-04-27T08:51:00+00:00,Sell,48,included,2025-09-29|2025-10-06|2025-10-13|2025-10-27|2025-11-03|2025-11-10|2025-11-17|2025-11-24|2025-12-01|2025-12-08|2025-12-15|2025-12-22|2025-12-29|2026-01-05|2026-01-12|2026-01-19|2026-01-26|2026-02-02|2026-02-09|2026-02-16|2026-02-23|2026-03-02|2026-03-16|2026-03-23|2026-03-30|2026-04-06|2026-04-13|2026-04-20|2026-05-04|2026-05-11|2026-05-18|2026-05-25|2026-06-01|2026-06-08|2026-06-15|2026-06-22|2026-06-29|2026-07-06|2026-07-13|2026-07-20|2026-07-27|2026-08-03|2026-08-10|2026-08-17|2026-08-24|2026-08-31|2026-09-07|2026-09-14
254,2026-04-28T06:04:14+00:00,Buy,48,included,2025-09-30|2025-10-07|2025-10-14|2025-10-21|2025-10-28|2025-11-04|2025-11-11|2025-11-18|2025-11-25|2025-12-02|2025-12-09|2025-12-16|2025-12-23|2025-12-30|2026-01-06|2026-01-13|2026-01-20|2026-01-27|2026-02-03|2026-02-10|2026-02-17|2026-02-24|2026-03-03|2026-03-10|2026-03-17|2026-03-24|2026-03-31|2026-04-14|2026-04-21|2026-05-05|2026-05-12|2026-05-19|2026-05-26|2026-06-02|2026-06-09|2026-06-16|2026-06-23|2026-06-30|2026-07-07|2026-07-14|2026-07-21|2026-07-28|2026-08-04|2026-08-11|2026-08-18|2026-08-25|2026-09-08|2026-09-15
255,2026-04-28T16:35:59+00:00,Buy,50,included,2025-09-30|2025-10-07|2025-10-14|2025-10-21|2025-10-28|2025-11-04|2025-11-11|2025-11-18|2025-11-25|2025-12-02|2025-12-09|2025-12-16|2025-12-23|2025-12-30|2026-01-06|2026-01-13|2026-01-20|2026-01-27|2026-02-03|2026-02-10|2026-02-17|2026-02-24|2026-03-03|2026-03-10|2026-03-17|2026-03-24|2026-03-31|2026-04-07|2026-04-14|2026-04-21|2026-05-05|2026-05-12|2026-05-19|2026-05-26|2026-06-02|2026-06-09|2026-06-16|2026-06-23|2026-06-30|2026-07-07|2026-07-14|2026-07-21|2026-07-28|2026-08-04|2026-08-11|2026-08-18|2026-08-25|2026-09-01|2026-09-08|2026-09-15
256,2026-04-29T06:00:38+00:00,Buy,46,included,2025-10-01|2025-10-08|2025-10-15|2025-10-22|2025-10-29|2025-11-05|2025-11-12|2025-11-19|2025-11-26|2025-12-03|2025-12-10|2025-12-17|2025-12-24|2025-12-31|2026-01-07|2026-01-14|2026-01-21|2026-01-28|2026-02-04|2026-02-11|2026-02-18|2026-03-04|2026-03-11|2026-03-18|2026-03-25|2026-04-01|2026-04-08|2026-04-15|2026-04-22|2026-05-06|2026-05-13|2026-05-27|2026-06-03|2026-06-10|2026-06-17|2026-06-24|2026-07-01|2026-07-08|2026-07-15|2026-07-22|2026-07-29|2026-08-05|2026-08-12|2026-08-19|2026-08-26|2026-09-09
257,2026-04-29T10:38:23+00:00,Sell,49,included,2025-10-01|2025-10-08|2025-10-15|2025-10-22|2025-10-29|2025-11-05|2025-11-12|2025-11-19|2025-11-26|2025-12-03|2025-12-10|2025-12-17|2025-12-24|2025-12-31|2026-01-07|2026-01-14|2026-01-21|2026-01-28|2026-02-04|2026-02-11|2026-02-18|2026-02-25|2026-03-04|2026-03-18|2026-03-25|2026-04-01|2026-04-08|2026-04-15|2026-04-22|2026-05-06|2026-05-13|2026-05-20|2026-05-27|2026-06-03|2026-06-10|2026-06-17|2026-06-24|2026-07-01|2026-07-08|2026-07-15|2026-07-22|2026-07-29|2026-08-05|2026-08-12|2026-08-19|2026-08-26|2026-09-02|2026-09-09|2026-09-16
258,2026-04-30T10:58:53+00:00,Buy,49,included,2025-09-25|2025-10-02|2025-10-09|2025-10-16|2025-10-23|2025-10-30|2025-11-06|2025-11-13|2025-11-20|2025-11-27|2025-12-04|2025-12-11|2025-12-18|2026-01-08|2026-01-15|2026-01-22|2026-01-29|2026-02-05|2026-02-12|2026-02-19|2026-02-26|2026-03-05|2026-03-12|2026-03-19|2026-03-26|2026-04-02|2026-04-09|2026-04-16|2026-04-23|2026-05-07|2026-05-14|2026-05-21|2026-05-28|2026-06-04|2026-06-11|2026-06-18|2026-06-25|2026-07-02|2026-07-09|2026-07-16|2026-07-23|2026-07-30|2026-08-06|2026-08-13|2026-08-20|2026-08-27|2026-09-03|2026-09-10|2026-09-17
259,2026-05-01T06:16:51+00:00,Sell,50,included,2025-09-26|2025-10-03|2025-10-10|2025-10-17|2025-10-24|2025-10-31|2025-11-07|2025-11-14|2025-11-21|2025-11-28|2025-12-05|2025-12-12|2025-12-19|2025-12-26|2026-01-02|2026-01-09|2026-01-16|2026-01-23|2026-01-30|2026-02-06|2026-02-13|2026-02-20|2026-02-27|2026-03-06|2026-03-13|2026-03-20|2026-03-27|2026-04-10|2026-04-17|2026-04-24|2026-05-08|2026-05-15|2026-05-22|2026-05-29|2026-06-05|2026-06-12|2026-06-19|2026-06-26|2026-07-03|2026-07-10|2026-07-17|2026-07-24|2026-07-31|2026-08-07|2026-08-14|2026-08-21|2026-08-28|2026-09-04|2026-09-11|2026-09-18
260,2026-05-04T05:18:10+00:00,Buy,48,included,2025-09-29|2025-10-06|2025-10-13|2025-10-20|2025-10-27|2025-11-03|2025-11-10|2025-11-17|2025-11-24|2025-12-01|2025-12-15|2025-12-22|2025-12-29|2026-01-05|2026-01-12|2026-01-19|2026-01-26|2026-02-02|2026-02-09|2026-02-16|2026-02-23|2026-03-02|2026-03-09|2026-03-16|2026-03-23|2026-03-30|2026-04-06|2026-04-13|2026-04-20|2026-04-27|2026-05-11|2026-05-18|2026-05-25|2026-06-01|2026-06-08|2026-06-15|2026-06-22|2026-06-29|2026-07-06|2026-07-20|2026-07-27|2026-08-03|2026-08-10|2026-08-17|2026-08-24|2026-08-31|2026-09-07|2026-09-14
261,2026-05-04T10:52:28+00:00,Sell,49,included,2025-09-29|2025-10-06|2025-10-13|2025-10-20|2025-10-27|2025-11-03|2025-11-10|2025-11-17|2025-11-24|2025-12-08|2025-12-15|2025-12-22|2025-12-29|2026-01-05|2026-01-12|2026-01-19|2026-01-26|2026-02-02|2026-02-09|2026-02-16|2026-02-23|2026-03-02|2026-03-09|2026-03-16|2026-03-23|2026-03-30|2026-04-06|2026-04-13|2026-04-20|2026-04-27|2026-05-11|2026-05-18|2026-05-25|2026-06-01|2026-06-08|2026-06-15|2026-06-22|2026-06-29|2026-07-06|2026-07-13|2026-07-20|2026-07-27|2026-08-03|2026-08-10|2026-08-17|2026-08-24|2026-08-31|2026-09-07|2026-09-14
262,2026-05-04T17:24:33+00:00,Buy,50,included,2025-09-29|2025-10-06|2025-10-13|2025-10-20|2025-10-27|2025-11-03|2025-11-10|2025-11-17|2025-11-24|2025-12-01|2025-12-08|2025-12-15|2025-12-22|2025-12-29|2026-01-05|2026-01-12|2026-01-19|2026-01-26|2026-02-02|2026-02-09|2026-02-16|2026-02-23|2026-03-02|2026-03-09|2026-03-16|2026-03-23|2026-03-30|2026-04-06|2026-04-13|2026-04-20|2026-04-27|2026-05-11|2026-05-18|2026-05-25|2026-06-01|2026-06-08|2026-06-15|2026-06-22|2026-06-29|2026-07-06|2026-07-13|2026-07-20|2026-07-27|2026-08-03|2026-08-10|2026-08-17|2026-08-24|2026-08-31|2026-09-07|2026-09-14
263,2026-05-05T03:17:31+00:00,Sell,16,excluded_missing_history_or_alternatives,2025-11-04|2025-11-11|2025-11-18|2025-11-25|2025-12-02|2025-12-09|2025-12-16|2025-12-23|2025-12-30|2026-01-06|2026-01-13|2026-01-27|2026-02-03|2026-02-10|2026-02-24|2026-03-03
264,2026-05-05T10:41:28+00:00,Sell,47,included,2025-09-30|2025-10-07|2025-10-14|2025-10-21|2025-10-28|2025-11-04|2025-11-11|2025-11-18|2025-11-25|2025-12-02|2025-12-09|2025-12-16|2025-12-23|2025-12-30|2026-01-06|2026-01-20|2026-01-27|2026-02-03|2026-02-10|2026-02-17|2026-02-24|2026-03-10|2026-03-17|2026-03-24|2026-03-31|2026-04-07|2026-04-14|2026-04-21|2026-04-28|2026-05-19|2026-05-26|2026-06-02|2026-06-09|2026-06-16|2026-06-23|2026-06-30|2026-07-07|2026-07-14|2026-07-21|2026-07-28|2026-08-04|2026-08-11|2026-08-18|2026-08-25|2026-09-01|2026-09-08|2026-09-15
265,2026-05-06T05:30:50+00:00,Sell,48,included,2025-10-01|2025-10-08|2025-10-15|2025-10-22|2025-10-29|2025-11-05|2025-11-12|2025-11-19|2025-11-26|2025-12-03|2025-12-10|2025-12-17|2025-12-24|2025-12-31|2026-01-07|2026-01-14|2026-01-21|2026-01-28|2026-02-04|2026-02-11|2026-02-18|2026-02-25|2026-03-04|2026-03-11|2026-03-18|2026-03-25|2026-04-01|2026-04-08|2026-04-15|2026-04-22|2026-04-29|2026-05-20|2026-05-27|2026-06-03|2026-06-10|2026-06-17|2026-06-24|2026-07-01|2026-07-08|2026-07-22|2026-07-29|2026-08-05|2026-08-12|2026-08-19|2026-08-26|2026-09-02|2026-09-09|2026-09-16
266,2026-05-06T09:41:15+00:00,Sell,48,included,2025-10-01|2025-10-15|2025-10-22|2025-10-29|2025-11-05|2025-11-12|2025-11-19|2025-11-26|2025-12-03|2025-12-10|2025-12-17|2025-12-24|2025-12-31|2026-01-07|2026-01-14|2026-01-21|2026-01-28|2026-02-04|2026-02-11|2026-02-18|2026-02-25|2026-03-04|2026-03-11|2026-03-18|2026-04-01|2026-04-08|2026-04-15|2026-04-22|2026-04-29|2026-05-13|2026-05-20|2026-05-27|2026-06-03|2026-06-10|2026-06-17|2026-06-24|2026-07-01|2026-07-08|2026-07-15|2026-07-22|2026-07-29|2026-08-05|2026-08-12|2026-08-19|2026-08-26|2026-09-02|2026-09-09|2026-09-16
267,2026-05-07T04:56:52+00:00,Buy,33,included,2025-09-25|2025-10-02|2025-10-09|2025-10-16|2025-10-23|2025-10-30|2026-03-12|2026-03-19|2026-03-26|2026-04-02|2026-04-09|2026-04-16|2026-04-23|2026-04-30|2026-05-14|2026-05-21|2026-05-28|2026-06-04|2026-06-11|2026-06-18|2026-06-25|2026-07-02|2026-07-09|2026-07-16|2026-07-23|2026-07-30|2026-08-06|2026-08-13|2026-08-20|2026-08-27|2026-09-03|2026-09-10|2026-09-17
268,2026-05-07T16:37:09+00:00,Sell,48,included,2025-10-02|2025-10-09|2025-10-16|2025-10-23|2025-10-30|2025-11-06|2025-11-13|2025-11-20|2025-11-27|2025-12-04|2025-12-11|2025-12-18|2026-01-08|2026-01-15|2026-01-22|2026-01-29|2026-02-05|2026-02-12|2026-02-19|2026-02-26|2026-03-05|2026-03-12|2026-03-19|2026-03-26|2026-04-02|2026-04-09|2026-04-16|2026-04-23|2026-04-30|2026-05-14|2026-05-21|2026-05-28|2026-06-04|2026-06-11|2026-06-18|2026-06-25|2026-07-02|2026-07-09|2026-07-16|2026-07-23|2026-07-30|2026-08-06|2026-08-13|2026-08-20|2026-08-27|2026-09-03|2026-09-10|2026-09-17
269,2026-05-08T06:30:27+00:00,Sell,49,included,2025-09-26|2025-10-03|2025-10-10|2025-10-17|2025-10-24|2025-10-31|2025-11-07|2025-11-14|2025-11-21|2025-11-28|2025-12-05|2025-12-12|2025-12-19|2025-12-26|2026-01-02|2026-01-09|2026-01-16|2026-01-23|2026-01-30|2026-02-06|2026-02-13|2026-02-20|2026-02-27|2026-03-06|2026-03-13|2026-03-20|2026-03-27|2026-04-10|2026-04-17|2026-04-24|2026-05-01|2026-05-15|2026-05-22|2026-05-29|2026-06-05|2026-06-12|2026-06-19|2026-06-26|2026-07-03|2026-07-10|2026-07-24|2026-07-31|2026-08-07|2026-08-14|2026-08-21|2026-08-28|2026-09-04|2026-09-11|2026-09-18
270,2026-05-11T04:03:52+00:00,Buy,32,included,2025-09-29|2025-10-06|2025-10-13|2025-10-20|2025-10-27|2026-03-09|2026-03-16|2026-03-23|2026-03-30|2026-04-06|2026-04-13|2026-04-20|2026-04-27|2026-05-04|2026-05-18|2026-05-25|2026-06-01|2026-06-08|2026-06-15|2026-06-22|2026-06-29|2026-07-06|2026-07-13|2026-07-20|2026-07-27|2026-08-03|2026-08-10|2026-08-17|2026-08-24|2026-08-31|2026-09-07|2026-09-14
271,2026-05-11T12:38:02+00:00,Sell,48,included,2025-09-29|2025-10-06|2025-10-20|2025-10-27|2025-11-03|2025-11-10|2025-11-17|2025-11-24|2025-12-01|2025-12-08|2025-12-15|2025-12-22|2025-12-29|2026-01-05|2026-01-12|2026-01-19|2026-01-26|2026-02-02|2026-02-09|2026-02-16|2026-02-23|2026-03-02|2026-03-09|2026-03-23|2026-03-30|2026-04-06|2026-04-13|2026-04-20|2026-04-27|2026-05-04|2026-05-18|2026-05-25|2026-06-01|2026-06-08|2026-06-15|2026-06-22|2026-06-29|2026-07-06|2026-07-13|2026-07-20|2026-07-27|2026-08-03|2026-08-10|2026-08-17|2026-08-24|2026-08-31|2026-09-07|2026-09-14
272,2026-05-12T02:30:04+00:00,Buy,30,included,2025-09-30|2025-10-07|2025-10-14|2025-10-21|2025-10-28|2026-03-10|2026-03-17|2026-03-24|2026-03-31|2026-04-07|2026-04-14|2026-04-21|2026-04-28|2026-05-05|2026-05-19|2026-06-02|2026-06-09|2026-06-16|2026-06-23|2026-06-30|2026-07-07|2026-07-14|2026-07-21|2026-07-28|2026-08-04|2026-08-11|2026-08-18|2026-08-25|2026-09-01|2026-09-15
273,2026-05-12T10:41:21+00:00,Buy,47,included,2025-09-30|2025-10-07|2025-10-14|2025-10-21|2025-10-28|2025-11-04|2025-11-11|2025-11-18|2025-11-25|2025-12-02|2025-12-09|2025-12-16|2025-12-23|2025-12-30|2026-01-06|2026-01-20|2026-01-27|2026-02-03|2026-02-10|2026-02-17|2026-02-24|2026-03-10|2026-03-17|2026-03-24|2026-03-31|2026-04-07|2026-04-14|2026-04-21|2026-04-28|2026-05-19|2026-05-26|2026-06-02|2026-06-09|2026-06-16|2026-06-23|2026-06-30|2026-07-07|2026-07-14|2026-07-21|2026-07-28|2026-08-04|2026-08-11|2026-08-18|2026-08-25|2026-09-01|2026-09-08|2026-09-15
274,2026-05-13T05:32:18+00:00,Buy,48,included,2025-10-01|2025-10-08|2025-10-15|2025-10-22|2025-10-29|2025-11-05|2025-11-12|2025-11-19|2025-11-26|2025-12-03|2025-12-10|2025-12-17|2025-12-24|2025-12-31|2026-01-07|2026-01-14|2026-01-21|2026-01-28|2026-02-04|2026-02-11|2026-02-18|2026-02-25|2026-03-04|2026-03-11|2026-03-18|2026-03-25|2026-04-01|2026-04-08|2026-04-15|2026-04-22|2026-04-29|2026-05-20|2026-05-27|2026-06-03|2026-06-10|2026-06-17|2026-06-24|2026-07-01|2026-07-08|2026-07-22|2026-07-29|2026-08-05|2026-08-12|2026-08-19|2026-08-26|2026-09-02|2026-09-09|2026-09-16
275,2026-05-13T10:32:46+00:00,Sell,48,included,2025-10-01|2025-10-08|2025-10-15|2025-10-22|2025-10-29|2025-11-05|2025-11-12|2025-11-19|2025-11-26|2025-12-03|2025-12-17|2025-12-24|2025-12-31|2026-01-07|2026-01-14|2026-01-21|2026-01-28|2026-02-04|2026-02-11|2026-02-18|2026-02-25|2026-03-04|2026-03-11|2026-03-25|2026-04-01|2026-04-08|2026-04-15|2026-04-22|2026-04-29|2026-05-06|2026-05-20|2026-05-27|2026-06-03|2026-06-10|2026-06-17|2026-06-24|2026-07-01|2026-07-08|2026-07-15|2026-07-22|2026-07-29|2026-08-05|2026-08-12|2026-08-19|2026-08-26|2026-09-02|2026-09-09|2026-09-16
276,2026-05-13T13:16:14+00:00,Buy,50,included,2025-10-01|2025-10-08|2025-10-15|2025-10-22|2025-10-29|2025-11-05|2025-11-12|2025-11-19|2025-11-26|2025-12-03|2025-12-10|2025-12-17|2025-12-24|2025-12-31|2026-01-07|2026-01-14|2026-01-21|2026-01-28|2026-02-04|2026-02-11|2026-02-18|2026-02-25|2026-03-04|2026-03-11|2026-03-18|2026-03-25|2026-04-01|2026-04-08|2026-04-15|2026-04-22|2026-04-29|2026-05-06|2026-05-20|2026-05-27|2026-06-03|2026-06-10|2026-06-17|2026-06-24|2026-07-01|2026-07-08|2026-07-15|2026-07-22|2026-07-29|2026-08-05|2026-08-12|2026-08-19|2026-08-26|2026-09-02|2026-09-09|2026-09-16
277,2026-05-13T13:27:45+00:00,Sell,50,included,2025-10-01|2025-10-08|2025-10-15|2025-10-22|2025-10-29|2025-11-05|2025-11-12|2025-11-19|2025-11-26|2025-12-03|2025-12-10|2025-12-17|2025-12-24|2025-12-31|2026-01-07|2026-01-14|2026-01-21|2026-01-28|2026-02-04|2026-02-11|2026-02-18|2026-02-25|2026-03-04|2026-03-11|2026-03-18|2026-03-25|2026-04-01|2026-04-08|2026-04-15|2026-04-22|2026-04-29|2026-05-06|2026-05-20|2026-05-27|2026-06-03|2026-06-10|2026-06-17|2026-06-24|2026-07-01|2026-07-08|2026-07-15|2026-07-22|2026-07-29|2026-08-05|2026-08-12|2026-08-19|2026-08-26|2026-09-02|2026-09-09|2026-09-16
278,2026-05-14T04:37:00+00:00,Sell,31,included,2025-09-25|2025-10-02|2025-10-09|2025-10-16|2025-10-23|2025-10-30|2026-03-12|2026-03-19|2026-03-26|2026-04-02|2026-04-09|2026-04-16|2026-04-23|2026-04-30|2026-05-07|2026-05-21|2026-05-28|2026-06-04|2026-06-11|2026-06-18|2026-06-25|2026-07-02|2026-07-16|2026-07-23|2026-07-30|2026-08-13|2026-08-20|2026-08-27|2026-09-03|2026-09-10|2026-09-17
279,2026-05-14T11:27:21+00:00,Buy,48,included,2025-09-25|2025-10-02|2025-10-09|2025-10-16|2025-10-23|2025-10-30|2025-11-06|2025-11-13|2025-11-20|2025-11-27|2025-12-04|2025-12-11|2025-12-18|2026-01-08|2026-01-15|2026-01-22|2026-01-29|2026-02-05|2026-02-12|2026-02-19|2026-03-05|2026-03-12|2026-03-19|2026-03-26|2026-04-02|2026-04-09|2026-04-16|2026-04-23|2026-04-30|2026-05-07|2026-05-21|2026-05-28|2026-06-04|2026-06-11|2026-06-18|2026-06-25|2026-07-02|2026-07-09|2026-07-16|2026-07-23|2026-07-30|2026-08-06|2026-08-13|2026-08-20|2026-08-27|2026-09-03|2026-09-10|2026-09-17
280,2026-05-15T03:52:48+00:00,Sell,14,excluded_missing_history_or_alternatives,2025-11-07|2025-11-14|2025-11-21|2025-12-05|2025-12-12|2025-12-19|2026-01-09|2026-01-16|2026-01-23|2026-01-30|2026-02-06|2026-02-13|2026-02-27|2026-03-06
281,2026-05-15T11:15:09+00:00,Sell,47,included,2025-09-26|2025-10-03|2025-10-10|2025-10-17|2025-10-24|2025-10-31|2025-11-07|2025-11-14|2025-11-28|2025-12-05|2025-12-12|2025-12-19|2025-12-26|2026-01-02|2026-01-09|2026-01-16|2026-01-23|2026-01-30|2026-02-06|2026-02-20|2026-02-27|2026-03-06|2026-03-20|2026-03-27|2026-04-10|2026-04-17|2026-04-24|2026-05-01|2026-05-08|2026-05-22|2026-05-29|2026-06-05|2026-06-12|2026-06-19|2026-06-26|2026-07-03|2026-07-10|2026-07-17|2026-07-24|2026-07-31|2026-08-07|2026-08-14|2026-08-21|2026-08-28|2026-09-04|2026-09-11|2026-09-18
282,2026-05-18T06:44:22+00:00,Buy,50,included,2025-09-29|2025-10-06|2025-10-13|2025-10-20|2025-10-27|2025-11-03|2025-11-10|2025-11-17|2025-11-24|2025-12-01|2025-12-08|2025-12-15|2025-12-22|2025-12-29|2026-01-05|2026-01-12|2026-01-19|2026-01-26|2026-02-02|2026-02-09|2026-02-16|2026-02-23|2026-03-02|2026-03-09|2026-03-16|2026-03-23|2026-03-30|2026-04-06|2026-04-13|2026-04-20|2026-04-27|2026-05-04|2026-05-11|2026-05-25|2026-06-01|2026-06-08|2026-06-15|2026-06-22|2026-06-29|2026-07-06|2026-07-13|2026-07-20|2026-07-27|2026-08-03|2026-08-10|2026-08-17|2026-08-24|2026-08-31|2026-09-07|2026-09-14
283,2026-05-18T13:08:58+00:00,Buy,50,included,2025-09-29|2025-10-06|2025-10-13|2025-10-20|2025-10-27|2025-11-03|2025-11-10|2025-11-17|2025-11-24|2025-12-01|2025-12-08|2025-12-15|2025-12-22|2025-12-29|2026-01-05|2026-01-12|2026-01-19|2026-01-26|2026-02-02|2026-02-09|2026-02-16|2026-02-23|2026-03-02|2026-03-09|2026-03-16|2026-03-23|2026-03-30|2026-04-06|2026-04-13|2026-04-20|2026-04-27|2026-05-04|2026-05-11|2026-05-25|2026-06-01|2026-06-08|2026-06-15|2026-06-22|2026-06-29|2026-07-06|2026-07-13|2026-07-20|2026-07-27|2026-08-03|2026-08-10|2026-08-17|2026-08-24|2026-08-31|2026-09-07|2026-09-14
284,2026-05-18T14:35:04+00:00,Sell,50,included,2025-09-29|2025-10-06|2025-10-13|2025-10-20|2025-10-27|2025-11-03|2025-11-10|2025-11-17|2025-11-24|2025-12-01|2025-12-08|2025-12-15|2025-12-22|2025-12-29|2026-01-05|2026-01-12|2026-01-19|2026-01-26|2026-02-02|2026-02-09|2026-02-16|2026-02-23|2026-03-02|2026-03-09|2026-03-16|2026-03-23|2026-03-30|2026-04-06|2026-04-13|2026-04-20|2026-04-27|2026-05-04|2026-05-11|2026-05-25|2026-06-01|2026-06-08|2026-06-15|2026-06-22|2026-06-29|2026-07-06|2026-07-13|2026-07-20|2026-07-27|2026-08-03|2026-08-10|2026-08-17|2026-08-24|2026-08-31|2026-09-07|2026-09-14
285,2026-05-19T03:40:39+00:00,Sell,16,excluded_missing_history_or_alternatives,2025-11-04|2025-11-11|2025-11-18|2025-11-25|2025-12-02|2025-12-09|2025-12-16|2025-12-23|2025-12-30|2026-01-06|2026-01-13|2026-01-27|2026-02-03|2026-02-10|2026-02-24|2026-03-03
286,2026-05-19T07:09:51+00:00,Sell,50,included,2025-09-30|2025-10-07|2025-10-14|2025-10-21|2025-10-28|2025-11-04|2025-11-11|2025-11-18|2025-11-25|2025-12-02|2025-12-09|2025-12-16|2025-12-23|2025-12-30|2026-01-06|2026-01-13|2026-01-20|2026-01-27|2026-02-03|2026-02-10|2026-02-17|2026-02-24|2026-03-03|2026-03-10|2026-03-17|2026-03-24|2026-03-31|2026-04-07|2026-04-14|2026-04-21|2026-04-28|2026-05-05|2026-05-12|2026-05-26|2026-06-02|2026-06-09|2026-06-16|2026-06-23|2026-06-30|2026-07-07|2026-07-14|2026-07-21|2026-07-28|2026-08-04|2026-08-11|2026-08-18|2026-08-25|2026-09-01|2026-09-08|2026-09-15
287,2026-05-20T06:00:09+00:00,Buy,46,included,2025-10-01|2025-10-08|2025-10-15|2025-10-22|2025-10-29|2025-11-05|2025-11-12|2025-11-19|2025-11-26|2025-12-03|2025-12-10|2025-12-17|2025-12-24|2025-12-31|2026-01-07|2026-01-14|2026-01-21|2026-01-28|2026-02-04|2026-02-11|2026-02-18|2026-03-04|2026-03-11|2026-03-18|2026-03-25|2026-04-01|2026-04-08|2026-04-15|2026-04-22|2026-05-06|2026-05-13|2026-05-27|2026-06-03|2026-06-10|2026-06-17|2026-06-24|2026-07-01|2026-07-08|2026-07-15|2026-07-22|2026-07-29|2026-08-05|2026-08-12|2026-08-19|2026-08-26|2026-09-09
288,2026-05-21T06:39:49+00:00,Sell,47,included,2025-09-25|2025-10-02|2025-10-09|2025-10-16|2025-10-23|2025-10-30|2025-11-06|2025-11-13|2025-11-20|2025-11-27|2025-12-04|2025-12-11|2025-12-18|2026-01-08|2026-01-15|2026-01-22|2026-01-29|2026-02-05|2026-02-12|2026-02-19|2026-02-26|2026-03-05|2026-03-12|2026-03-19|2026-03-26|2026-04-02|2026-04-09|2026-04-23|2026-04-30|2026-05-07|2026-05-14|2026-05-28|2026-06-04|2026-06-18|2026-06-25|2026-07-02|2026-07-09|2026-07-16|2026-07-23|2026-07-30|2026-08-06|2026-08-13|2026-08-20|2026-08-27|2026-09-03|2026-09-10|2026-09-17
289,2026-05-22T04:41:02+00:00,Sell,32,included,2025-09-26|2025-10-03|2025-10-10|2025-10-17|2025-10-24|2025-10-31|2026-03-13|2026-03-20|2026-03-27|2026-04-10|2026-04-17|2026-04-24|2026-05-01|2026-05-08|2026-05-15|2026-05-29|2026-06-05|2026-06-12|2026-06-19|2026-06-26|2026-07-03|2026-07-10|2026-07-17|2026-07-24|2026-07-31|2026-08-07|2026-08-14|2026-08-21|2026-08-28|2026-09-04|2026-09-11|2026-09-18
290,2026-05-22T05:36:56+00:00,Buy,49,included,2025-09-26|2025-10-03|2025-10-10|2025-10-17|2025-10-24|2025-10-31|2025-11-07|2025-11-14|2025-11-21|2025-11-28|2025-12-05|2025-12-12|2025-12-19|2025-12-26|2026-01-02|2026-01-09|2026-01-16|2026-01-23|2026-01-30|2026-02-06|2026-02-13|2026-02-20|2026-02-27|2026-03-06|2026-03-13|2026-03-20|2026-03-27|2026-04-10|2026-04-17|2026-04-24|2026-05-01|2026-05-08|2026-05-15|2026-05-29|2026-06-05|2026-06-12|2026-06-26|2026-07-03|2026-07-10|2026-07-17|2026-07-24|2026-07-31|2026-08-07|2026-08-14|2026-08-21|2026-08-28|2026-09-04|2026-09-11|2026-09-18
291,2026-05-22T12:30:46+00:00,Sell,50,included,2025-09-26|2025-10-03|2025-10-10|2025-10-17|2025-10-24|2025-10-31|2025-11-07|2025-11-14|2025-11-21|2025-11-28|2025-12-05|2025-12-12|2025-12-19|2025-12-26|2026-01-02|2026-01-09|2026-01-16|2026-01-23|2026-01-30|2026-02-06|2026-02-13|2026-02-20|2026-02-27|2026-03-06|2026-03-13|2026-03-20|2026-03-27|2026-04-10|2026-04-17|2026-04-24|2026-05-01|2026-05-08|2026-05-15|2026-05-29|2026-06-05|2026-06-12|2026-06-19|2026-06-26|2026-07-03|2026-07-10|2026-07-17|2026-07-24|2026-07-31|2026-08-07|2026-08-14|2026-08-21|2026-08-28|2026-09-04|2026-09-11|2026-09-18
292,2026-05-25T06:09:03+00:00,Buy,48,included,2025-09-29|2025-10-06|2025-10-13|2025-10-20|2025-11-03|2025-11-10|2025-11-17|2025-11-24|2025-12-01|2025-12-08|2025-12-15|2025-12-22|2025-12-29|2026-01-05|2026-01-12|2026-01-19|2026-01-26|2026-02-02|2026-02-09|2026-02-16|2026-02-23|2026-03-02|2026-03-09|2026-03-16|2026-03-30|2026-04-06|2026-04-13|2026-04-20|2026-04-27|2026-05-04|2026-05-11|2026-05-18|2026-06-01|2026-06-08|2026-06-15|2026-06-22|2026-06-29|2026-07-06|2026-07-13|2026-07-20|2026-07-27|2026-08-03|2026-08-10|2026-08-17|2026-08-24|2026-08-31|2026-09-07|2026-09-14
293,2026-05-25T12:59:41+00:00,Sell,48,included,2025-09-29|2025-10-06|2025-10-13|2025-10-20|2025-10-27|2025-11-03|2025-11-10|2025-11-17|2025-11-24|2025-12-01|2025-12-08|2025-12-22|2025-12-29|2026-01-05|2026-01-12|2026-01-19|2026-01-26|2026-02-02|2026-02-09|2026-02-16|2026-03-02|2026-03-09|2026-03-16|2026-03-23|2026-03-30|2026-04-06|2026-04-13|2026-04-20|2026-04-27|2026-05-04|2026-05-11|2026-05-18|2026-06-01|2026-06-08|2026-06-15|2026-06-22|2026-06-29|2026-07-06|2026-07-13|2026-07-20|2026-07-27|2026-08-03|2026-08-10|2026-08-17|2026-08-24|2026-08-31|2026-09-07|2026-09-14
294,2026-05-26T05:40:30+00:00,Sell,50,included,2025-09-30|2025-10-07|2025-10-14|2025-10-21|2025-10-28|2025-11-04|2025-11-11|2025-11-18|2025-11-25|2025-12-02|2025-12-09|2025-12-16|2025-12-23|2025-12-30|2026-01-06|2026-01-13|2026-01-20|2026-01-27|2026-02-03|2026-02-10|2026-02-17|2026-02-24|2026-03-03|2026-03-10|2026-03-17|2026-03-24|2026-03-31|2026-04-07|2026-04-14|2026-04-21|2026-04-28|2026-05-05|2026-05-12|2026-05-19|2026-06-02|2026-06-09|2026-06-16|2026-06-23|2026-06-30|2026-07-07|2026-07-14|2026-07-21|2026-07-28|2026-08-04|2026-08-11|2026-08-18|2026-08-25|2026-09-01|2026-09-08|2026-09-15
295,2026-05-26T10:48:28+00:00,Sell,46,included,2025-09-30|2025-10-07|2025-10-14|2025-10-21|2025-11-04|2025-11-11|2025-11-18|2025-11-25|2025-12-02|2025-12-09|2025-12-16|2025-12-23|2025-12-30|2026-01-06|2026-01-20|2026-01-27|2026-02-03|2026-02-10|2026-02-17|2026-02-24|2026-03-10|2026-03-17|2026-03-31|2026-04-07|2026-04-14|2026-04-21|2026-04-28|2026-05-05|2026-05-12|2026-05-19|2026-06-02|2026-06-09|2026-06-16|2026-06-23|2026-06-30|2026-07-07|2026-07-14|2026-07-21|2026-07-28|2026-08-04|2026-08-11|2026-08-18|2026-08-25|2026-09-01|2026-09-08|2026-09-15
296,2026-05-26T12:35:27+00:00,Sell,50,included,2025-09-30|2025-10-07|2025-10-14|2025-10-21|2025-10-28|2025-11-04|2025-11-11|2025-11-18|2025-11-25|2025-12-02|2025-12-09|2025-12-16|2025-12-23|2025-12-30|2026-01-06|2026-01-13|2026-01-20|2026-01-27|2026-02-03|2026-02-10|2026-02-17|2026-02-24|2026-03-03|2026-03-10|2026-03-17|2026-03-24|2026-03-31|2026-04-07|2026-04-14|2026-04-21|2026-04-28|2026-05-05|2026-05-12|2026-05-19|2026-06-02|2026-06-09|2026-06-16|2026-06-23|2026-06-30|2026-07-07|2026-07-14|2026-07-21|2026-07-28|2026-08-04|2026-08-11|2026-08-18|2026-08-25|2026-09-01|2026-09-08|2026-09-15
297,2026-05-27T06:21:22+00:00,Sell,48,included,2025-10-08|2025-10-15|2025-10-22|2025-10-29|2025-11-05|2025-11-12|2025-11-19|2025-11-26|2025-12-03|2025-12-10|2025-12-24|2025-12-31|2026-01-07|2026-01-14|2026-01-21|2026-01-28|2026-02-04|2026-02-11|2026-02-18|2026-02-25|2026-03-04|2026-03-11|2026-03-18|2026-03-25|2026-04-01|2026-04-08|2026-04-15|2026-04-22|2026-04-29|2026-05-06|2026-05-13|2026-05-20|2026-06-03|2026-06-10|2026-06-17|2026-06-24|2026-07-01|2026-07-08|2026-07-15|2026-07-22|2026-07-29|2026-08-05|2026-08-12|2026-08-19|2026-08-26|2026-09-02|2026-09-09|2026-09-16
298,2026-05-27T11:50:40+00:00,Sell,50,included,2025-10-01|2025-10-08|2025-10-15|2025-10-22|2025-10-29|2025-11-05|2025-11-12|2025-11-19|2025-11-26|2025-12-03|2025-12-10|2025-12-17|2025-12-24|2025-12-31|2026-01-07|2026-01-14|2026-01-21|2026-01-28|2026-02-04|2026-02-11|2026-02-18|2026-02-25|2026-03-04|2026-03-11|2026-03-18|2026-03-25|2026-04-01|2026-04-08|2026-04-15|2026-04-22|2026-04-29|2026-05-06|2026-05-13|2026-05-20|2026-06-03|2026-06-10|2026-06-17|2026-06-24|2026-07-01|2026-07-08|2026-07-15|2026-07-22|2026-07-29|2026-08-05|2026-08-12|2026-08-19|2026-08-26|2026-09-02|2026-09-09|2026-09-16
299,2026-05-28T04:11:24+00:00,Sell,33,included,2025-09-25|2025-10-02|2025-10-09|2025-10-16|2025-10-23|2025-10-30|2026-03-12|2026-03-19|2026-03-26|2026-04-02|2026-04-09|2026-04-16|2026-04-23|2026-04-30|2026-05-07|2026-05-14|2026-05-21|2026-06-04|2026-06-11|2026-06-18|2026-06-25|2026-07-02|2026-07-09|2026-07-16|2026-07-23|2026-07-30|2026-08-06|2026-08-13|2026-08-20|2026-08-27|2026-09-03|2026-09-10|2026-09-17
300,2026-05-28T14:04:21+00:00,Sell,49,included,2025-09-25|2025-10-02|2025-10-09|2025-10-16|2025-10-23|2025-10-30|2025-11-06|2025-11-13|2025-11-20|2025-11-27|2025-12-04|2025-12-11|2025-12-18|2026-01-08|2026-01-15|2026-01-22|2026-01-29|2026-02-05|2026-02-12|2026-02-19|2026-02-26|2026-03-05|2026-03-12|2026-03-19|2026-03-26|2026-04-02|2026-04-09|2026-04-16|2026-04-23|2026-04-30|2026-05-07|2026-05-14|2026-05-21|2026-06-04|2026-06-11|2026-06-18|2026-06-25|2026-07-02|2026-07-09|2026-07-16|2026-07-23|2026-07-30|2026-08-06|2026-08-13|2026-08-20|2026-08-27|2026-09-03|2026-09-10|2026-09-17
301,2026-05-28T17:45:24+00:00,Buy,48,included,2025-09-25|2025-10-02|2025-10-09|2025-10-16|2025-10-23|2025-10-30|2025-11-06|2025-11-13|2025-11-20|2025-11-27|2025-12-04|2025-12-11|2025-12-18|2026-01-08|2026-01-15|2026-01-22|2026-01-29|2026-02-05|2026-02-12|2026-02-19|2026-02-26|2026-03-05|2026-03-12|2026-03-19|2026-03-26|2026-04-09|2026-04-16|2026-04-23|2026-04-30|2026-05-07|2026-05-14|2026-05-21|2026-06-04|2026-06-11|2026-06-18|2026-06-25|2026-07-02|2026-07-09|2026-07-16|2026-07-23|2026-07-30|2026-08-06|2026-08-13|2026-08-20|2026-08-27|2026-09-03|2026-09-10|2026-09-17
302,2026-05-29T06:09:04+00:00,Sell,50,included,2025-09-26|2025-10-03|2025-10-10|2025-10-17|2025-10-24|2025-10-31|2025-11-07|2025-11-14|2025-11-21|2025-11-28|2025-12-05|2025-12-12|2025-12-19|2025-12-26|2026-01-02|2026-01-09|2026-01-16|2026-01-23|2026-01-30|2026-02-06|2026-02-13|2026-02-20|2026-02-27|2026-03-06|2026-03-13|2026-03-20|2026-03-27|2026-04-10|2026-04-17|2026-04-24|2026-05-01|2026-05-08|2026-05-15|2026-05-22|2026-06-05|2026-06-12|2026-06-19|2026-06-26|2026-07-03|2026-07-10|2026-07-17|2026-07-24|2026-07-31|2026-08-07|2026-08-14|2026-08-21|2026-08-28|2026-09-04|2026-09-11|2026-09-18
303,2026-05-29T18:01:51+00:00,Buy,48,included,2025-09-26|2025-10-03|2025-10-10|2025-10-17|2025-10-24|2025-10-31|2025-11-07|2025-11-14|2025-11-21|2025-11-28|2025-12-05|2025-12-12|2025-12-19|2025-12-26|2026-01-02|2026-01-09|2026-01-16|2026-01-23|2026-01-30|2026-02-06|2026-02-13|2026-02-20|2026-02-27|2026-03-06|2026-03-13|2026-03-20|2026-03-27|2026-04-10|2026-04-17|2026-04-24|2026-05-01|2026-05-08|2026-05-15|2026-05-22|2026-06-05|2026-06-12|2026-06-26|2026-07-10|2026-07-17|2026-07-24|2026-07-31|2026-08-07|2026-08-14|2026-08-21|2026-08-28|2026-09-04|2026-09-11|2026-09-18
304,2026-06-01T08:07:05+00:00,Sell,47,included,2025-09-29|2025-10-06|2025-10-13|2025-10-20|2025-10-27|2025-11-03|2025-11-10|2025-11-17|2025-11-24|2025-12-08|2025-12-15|2025-12-22|2025-12-29|2026-01-05|2026-01-12|2026-01-19|2026-01-26|2026-02-02|2026-02-09|2026-02-16|2026-02-23|2026-03-02|2026-03-09|2026-03-16|2026-03-30|2026-04-06|2026-04-13|2026-04-20|2026-04-27|2026-05-04|2026-05-11|2026-05-18|2026-05-25|2026-06-08|2026-06-15|2026-06-22|2026-06-29|2026-07-06|2026-07-13|2026-07-27|2026-08-03|2026-08-10|2026-08-17|2026-08-24|2026-08-31|2026-09-07|2026-09-14
305,2026-06-01T13:40:02+00:00,Sell,50,included,2025-09-29|2025-10-06|2025-10-13|2025-10-20|2025-10-27|2025-11-03|2025-11-10|2025-11-17|2025-11-24|2025-12-01|2025-12-08|2025-12-15|2025-12-22|2025-12-29|2026-01-05|2026-01-12|2026-01-19|2026-01-26|2026-02-02|2026-02-09|2026-02-16|2026-02-23|2026-03-02|2026-03-09|2026-03-16|2026-03-23|2026-03-30|2026-04-06|2026-04-13|2026-04-20|2026-04-27|2026-05-04|2026-05-11|2026-05-18|2026-05-25|2026-06-08|2026-06-15|2026-06-22|2026-06-29|2026-07-06|2026-07-13|2026-07-20|2026-07-27|2026-08-03|2026-08-10|2026-08-17|2026-08-24|2026-08-31|2026-09-07|2026-09-14
306,2026-06-02T13:27:01+00:00,Sell,50,included,2025-09-30|2025-10-07|2025-10-14|2025-10-21|2025-10-28|2025-11-04|2025-11-11|2025-11-18|2025-11-25|2025-12-02|2025-12-09|2025-12-16|2025-12-23|2025-12-30|2026-01-06|2026-01-13|2026-01-20|2026-01-27|2026-02-03|2026-02-10|2026-02-17|2026-02-24|2026-03-03|2026-03-10|2026-03-17|2026-03-24|2026-03-31|2026-04-07|2026-04-14|2026-04-21|2026-04-28|2026-05-05|2026-05-12|2026-05-19|2026-05-26|2026-06-09|2026-06-16|2026-06-23|2026-06-30|2026-07-07|2026-07-14|2026-07-21|2026-07-28|2026-08-04|2026-08-11|2026-08-18|2026-08-25|2026-09-01|2026-09-08|2026-09-15
307,2026-06-03T04:31:17+00:00,Sell,32,included,2025-10-01|2025-10-08|2025-10-15|2025-10-22|2025-10-29|2026-03-11|2026-03-18|2026-03-25|2026-04-01|2026-04-08|2026-04-15|2026-04-22|2026-04-29|2026-05-06|2026-05-13|2026-05-20|2026-05-27|2026-06-10|2026-06-17|2026-06-24|2026-07-01|2026-07-08|2026-07-15|2026-07-22|2026-07-29|2026-08-05|2026-08-12|2026-08-19|2026-08-26|2026-09-02|2026-09-09|2026-09-16
308,2026-06-03T15:19:30+00:00,Sell,49,included,2025-10-01|2025-10-08|2025-10-15|2025-10-22|2025-10-29|2025-11-05|2025-11-12|2025-11-19|2025-11-26|2025-12-03|2025-12-10|2025-12-17|2025-12-24|2025-12-31|2026-01-07|2026-01-14|2026-01-21|2026-01-28|2026-02-04|2026-02-11|2026-02-18|2026-02-25|2026-03-04|2026-03-11|2026-03-18|2026-03-25|2026-04-01|2026-04-08|2026-04-15|2026-04-22|2026-04-29|2026-05-06|2026-05-13|2026-05-20|2026-05-27|2026-06-10|2026-06-17|2026-06-24|2026-07-01|2026-07-08|2026-07-15|2026-07-22|2026-07-29|2026-08-05|2026-08-12|2026-08-19|2026-08-26|2026-09-09|2026-09-16
309,2026-06-04T06:02:48+00:00,Sell,47,included,2025-09-25|2025-10-02|2025-10-09|2025-10-16|2025-10-23|2025-10-30|2025-11-06|2025-11-13|2025-11-20|2025-11-27|2025-12-04|2025-12-11|2026-01-08|2026-01-15|2026-01-22|2026-01-29|2026-02-05|2026-02-12|2026-02-19|2026-03-05|2026-03-12|2026-03-19|2026-03-26|2026-04-02|2026-04-09|2026-04-16|2026-04-23|2026-04-30|2026-05-07|2026-05-14|2026-05-21|2026-05-28|2026-06-11|2026-06-18|2026-06-25|2026-07-02|2026-07-09|2026-07-16|2026-07-23|2026-07-30|2026-08-06|2026-08-13|2026-08-20|2026-08-27|2026-09-03|2026-09-10|2026-09-17
310,2026-06-04T07:05:50+00:00,Sell,47,included,2025-09-25|2025-10-02|2025-10-09|2025-10-16|2025-10-23|2025-10-30|2025-11-06|2025-11-13|2025-11-20|2025-11-27|2025-12-04|2025-12-11|2025-12-18|2026-01-15|2026-01-22|2026-01-29|2026-02-05|2026-02-12|2026-02-19|2026-02-26|2026-03-12|2026-03-19|2026-03-26|2026-04-02|2026-04-09|2026-04-16|2026-04-23|2026-04-30|2026-05-07|2026-05-14|2026-05-21|2026-05-28|2026-06-11|2026-06-18|2026-06-25|2026-07-02|2026-07-09|2026-07-16|2026-07-23|2026-07-30|2026-08-06|2026-08-13|2026-08-20|2026-08-27|2026-09-03|2026-09-10|2026-09-17
311,2026-06-05T04:16:51+00:00,Sell,32,included,2025-09-26|2025-10-03|2025-10-10|2025-10-17|2025-10-24|2025-10-31|2026-03-13|2026-03-20|2026-03-27|2026-04-10|2026-04-17|2026-04-24|2026-05-01|2026-05-08|2026-05-15|2026-05-22|2026-05-29|2026-06-12|2026-06-19|2026-06-26|2026-07-03|2026-07-10|2026-07-17|2026-07-24|2026-07-31|2026-08-07|2026-08-14|2026-08-21|2026-08-28|2026-09-04|2026-09-11|2026-09-18
312,2026-06-05T11:55:49+00:00,Sell,50,included,2025-09-26|2025-10-03|2025-10-10|2025-10-17|2025-10-24|2025-10-31|2025-11-07|2025-11-14|2025-11-21|2025-11-28|2025-12-05|2025-12-12|2025-12-19|2025-12-26|2026-01-02|2026-01-09|2026-01-16|2026-01-23|2026-01-30|2026-02-06|2026-02-13|2026-02-20|2026-02-27|2026-03-06|2026-03-13|2026-03-20|2026-03-27|2026-04-10|2026-04-17|2026-04-24|2026-05-01|2026-05-08|2026-05-15|2026-05-22|2026-05-29|2026-06-12|2026-06-19|2026-06-26|2026-07-03|2026-07-10|2026-07-17|2026-07-24|2026-07-31|2026-08-07|2026-08-14|2026-08-21|2026-08-28|2026-09-04|2026-09-11|2026-09-18
313,2026-06-08T05:38:58+00:00,Buy,48,included,2025-09-29|2025-10-06|2025-10-13|2025-10-20|2025-10-27|2025-11-03|2025-11-10|2025-11-17|2025-11-24|2025-12-01|2025-12-15|2025-12-22|2025-12-29|2026-01-05|2026-01-12|2026-01-19|2026-01-26|2026-02-02|2026-02-09|2026-02-16|2026-02-23|2026-03-02|2026-03-09|2026-03-16|2026-03-23|2026-03-30|2026-04-06|2026-04-13|2026-04-27|2026-05-04|2026-05-11|2026-05-18|2026-05-25|2026-06-01|2026-06-15|2026-06-22|2026-06-29|2026-07-06|2026-07-13|2026-07-20|2026-07-27|2026-08-03|2026-08-10|2026-08-17|2026-08-24|2026-08-31|2026-09-07|2026-09-14
314,2026-06-08T15:18:03+00:00,Buy,50,included,2025-09-29|2025-10-06|2025-10-13|2025-10-20|2025-10-27|2025-11-03|2025-11-10|2025-11-17|2025-11-24|2025-12-01|2025-12-08|2025-12-15|2025-12-22|2025-12-29|2026-01-05|2026-01-12|2026-01-19|2026-01-26|2026-02-02|2026-02-09|2026-02-16|2026-02-23|2026-03-02|2026-03-09|2026-03-16|2026-03-23|2026-03-30|2026-04-06|2026-04-13|2026-04-20|2026-04-27|2026-05-04|2026-05-11|2026-05-18|2026-05-25|2026-06-01|2026-06-15|2026-06-22|2026-06-29|2026-07-06|2026-07-13|2026-07-20|2026-07-27|2026-08-03|2026-08-10|2026-08-17|2026-08-24|2026-08-31|2026-09-07|2026-09-14
315,2026-06-09T07:32:19+00:00,Sell,50,included,2025-09-30|2025-10-07|2025-10-14|2025-10-21|2025-10-28|2025-11-04|2025-11-11|2025-11-18|2025-11-25|2025-12-02|2025-12-09|2025-12-16|2025-12-23|2025-12-30|2026-01-06|2026-01-13|2026-01-20|2026-01-27|2026-02-03|2026-02-10|2026-02-17|2026-02-24|2026-03-03|2026-03-10|2026-03-17|2026-03-24|2026-03-31|2026-04-07|2026-04-14|2026-04-21|2026-04-28|2026-05-05|2026-05-12|2026-05-19|2026-05-26|2026-06-02|2026-06-16|2026-06-23|2026-06-30|2026-07-07|2026-07-14|2026-07-21|2026-07-28|2026-08-04|2026-08-11|2026-08-18|2026-08-25|2026-09-01|2026-09-08|2026-09-15
316,2026-06-10T05:02:18+00:00,Sell,47,included,2025-10-01|2025-10-08|2025-10-15|2025-10-22|2025-10-29|2025-11-05|2025-11-12|2025-11-19|2025-11-26|2025-12-03|2025-12-10|2025-12-17|2025-12-24|2025-12-31|2026-01-07|2026-01-14|2026-01-21|2026-01-28|2026-02-04|2026-02-11|2026-02-25|2026-03-04|2026-03-11|2026-03-18|2026-03-25|2026-04-01|2026-04-08|2026-04-15|2026-04-22|2026-04-29|2026-05-06|2026-05-13|2026-05-20|2026-05-27|2026-06-03|2026-06-17|2026-06-24|2026-07-01|2026-07-08|2026-07-15|2026-07-22|2026-07-29|2026-08-05|2026-08-12|2026-09-02|2026-09-09|2026-09-16
317,2026-06-11T06:36:08+00:00,Buy,48,included,2025-09-25|2025-10-02|2025-10-09|2025-10-16|2025-10-23|2025-10-30|2025-11-06|2025-11-13|2025-11-20|2025-11-27|2025-12-04|2025-12-11|2025-12-18|2026-01-08|2026-01-15|2026-01-22|2026-01-29|2026-02-05|2026-02-12|2026-02-19|2026-02-26|2026-03-05|2026-03-12|2026-03-19|2026-03-26|2026-04-02|2026-04-09|2026-04-16|2026-04-23|2026-04-30|2026-05-07|2026-05-14|2026-05-28|2026-06-04|2026-06-18|2026-06-25|2026-07-02|2026-07-09|2026-07-16|2026-07-23|2026-07-30|2026-08-06|2026-08-13|2026-08-20|2026-08-27|2026-09-03|2026-09-10|2026-09-17
318,2026-06-12T05:17:41+00:00,Sell,47,included,2025-09-26|2025-10-03|2025-10-10|2025-10-17|2025-10-24|2025-10-31|2025-11-07|2025-11-14|2025-11-21|2025-11-28|2025-12-05|2025-12-12|2025-12-19|2025-12-26|2026-01-02|2026-01-09|2026-01-16|2026-01-23|2026-01-30|2026-02-06|2026-02-13|2026-02-20|2026-02-27|2026-03-06|2026-03-13|2026-03-20|2026-03-27|2026-04-24|2026-05-01|2026-05-08|2026-05-15|2026-05-22|2026-05-29|2026-06-05|2026-06-19|2026-06-26|2026-07-03|2026-07-10|2026-07-17|2026-07-24|2026-07-31|2026-08-07|2026-08-14|2026-08-21|2026-09-04|2026-09-11|2026-09-18
319,2026-06-12T14:23:16+00:00,Buy,50,included,2025-09-26|2025-10-03|2025-10-10|2025-10-17|2025-10-24|2025-10-31|2025-11-07|2025-11-14|2025-11-21|2025-11-28|2025-12-05|2025-12-12|2025-12-19|2025-12-26|2026-01-02|2026-01-09|2026-01-16|2026-01-23|2026-01-30|2026-02-06|2026-02-13|2026-02-20|2026-02-27|2026-03-06|2026-03-13|2026-03-20|2026-03-27|2026-04-10|2026-04-17|2026-04-24|2026-05-01|2026-05-08|2026-05-15|2026-05-22|2026-05-29|2026-06-05|2026-06-19|2026-06-26|2026-07-03|2026-07-10|2026-07-17|2026-07-24|2026-07-31|2026-08-07|2026-08-14|2026-08-21|2026-08-28|2026-09-04|2026-09-11|2026-09-18
320,2026-06-15T05:44:57+00:00,Sell,47,included,2025-10-06|2025-10-13|2025-10-20|2025-10-27|2025-11-03|2025-11-10|2025-11-17|2025-11-24|2025-12-01|2025-12-08|2025-12-15|2025-12-22|2025-12-29|2026-01-05|2026-01-12|2026-01-19|2026-01-26|2026-02-02|2026-02-09|2026-02-16|2026-02-23|2026-03-02|2026-03-09|2026-03-23|2026-03-30|2026-04-06|2026-04-13|2026-04-27|2026-05-04|2026-05-11|2026-05-18|2026-05-25|2026-06-01|2026-06-08|2026-06-22|2026-06-29|2026-07-06|2026-07-13|2026-07-20|2026-07-27|2026-08-03|2026-08-10|2026-08-17|2026-08-24|2026-08-31|2026-09-07|2026-09-14
321,2026-06-15T13:30:46+00:00,Buy,49,included,2025-09-29|2025-10-06|2025-10-13|2025-10-20|2025-10-27|2025-11-03|2025-11-10|2025-11-17|2025-11-24|2025-12-01|2025-12-08|2025-12-15|2025-12-22|2025-12-29|2026-01-05|2026-01-12|2026-01-19|2026-01-26|2026-02-02|2026-02-09|2026-02-16|2026-02-23|2026-03-02|2026-03-09|2026-03-16|2026-03-23|2026-03-30|2026-04-06|2026-04-13|2026-04-20|2026-04-27|2026-05-04|2026-05-11|2026-05-18|2026-05-25|2026-06-01|2026-06-08|2026-06-22|2026-06-29|2026-07-06|2026-07-13|2026-07-20|2026-08-03|2026-08-10|2026-08-17|2026-08-24|2026-08-31|2026-09-07|2026-09-14
322,2026-06-16T10:18:40+00:00,Sell,49,included,2025-09-30|2025-10-07|2025-10-14|2025-10-21|2025-10-28|2025-11-04|2025-11-11|2025-11-18|2025-11-25|2025-12-02|2025-12-09|2025-12-16|2025-12-23|2025-12-30|2026-01-06|2026-01-13|2026-01-20|2026-01-27|2026-02-03|2026-02-10|2026-02-24|2026-03-03|2026-03-10|2026-03-17|2026-03-24|2026-03-31|2026-04-07|2026-04-14|2026-04-21|2026-04-28|2026-05-05|2026-05-12|2026-05-19|2026-05-26|2026-06-02|2026-06-09|2026-06-23|2026-06-30|2026-07-07|2026-07-14|2026-07-21|2026-07-28|2026-08-04|2026-08-11|2026-08-18|2026-08-25|2026-09-01|2026-09-08|2026-09-15
323,2026-06-16T12:06:09+00:00,Buy,50,included,2025-09-30|2025-10-07|2025-10-14|2025-10-21|2025-10-28|2025-11-04|2025-11-11|2025-11-18|2025-11-25|2025-12-02|2025-12-09|2025-12-16|2025-12-23|2025-12-30|2026-01-06|2026-01-13|2026-01-20|2026-01-27|2026-02-03|2026-02-10|2026-02-17|2026-02-24|2026-03-03|2026-03-10|2026-03-17|2026-03-24|2026-03-31|2026-04-07|2026-04-14|2026-04-21|2026-04-28|2026-05-05|2026-05-12|2026-05-19|2026-05-26|2026-06-02|2026-06-09|2026-06-23|2026-06-30|2026-07-07|2026-07-14|2026-07-21|2026-07-28|2026-08-04|2026-08-11|2026-08-18|2026-08-25|2026-09-01|2026-09-08|2026-09-15
324,2026-06-17T05:49:19+00:00,Sell,49,included,2025-10-01|2025-10-08|2025-10-15|2025-10-22|2025-10-29|2025-11-05|2025-11-12|2025-11-19|2025-11-26|2025-12-03|2025-12-10|2025-12-17|2025-12-24|2025-12-31|2026-01-07|2026-01-14|2026-01-21|2026-01-28|2026-02-04|2026-02-11|2026-02-18|2026-02-25|2026-03-04|2026-03-11|2026-03-18|2026-03-25|2026-04-01|2026-04-15|2026-04-22|2026-04-29|2026-05-06|2026-05-13|2026-05-20|2026-05-27|2026-06-03|2026-06-10|2026-06-24|2026-07-01|2026-07-08|2026-07-15|2026-07-22|2026-07-29|2026-08-05|2026-08-12|2026-08-19|2026-08-26|2026-09-02|2026-09-09|2026-09-16
325,2026-06-18T15:09:38+00:00,Sell,49,included,2025-09-25|2025-10-02|2025-10-09|2025-10-16|2025-10-23|2025-10-30|2025-11-06|2025-11-13|2025-11-20|2025-11-27|2025-12-04|2025-12-11|2025-12-18|2026-01-08|2026-01-15|2026-01-22|2026-01-29|2026-02-05|2026-02-12|2026-02-19|2026-02-26|2026-03-05|2026-03-12|2026-03-19|2026-03-26|2026-04-02|2026-04-09|2026-04-16|2026-04-23|2026-04-30|2026-05-07|2026-05-14|2026-05-21|2026-05-28|2026-06-04|2026-06-11|2026-06-25|2026-07-02|2026-07-09|2026-07-16|2026-07-23|2026-07-30|2026-08-06|2026-08-13|2026-08-20|2026-08-27|2026-09-03|2026-09-10|2026-09-17
326,2026-06-19T05:32:37+00:00,Sell,47,included,2025-09-26|2025-10-03|2025-10-10|2025-10-17|2025-10-24|2025-10-31|2025-11-07|2025-11-14|2025-11-21|2025-11-28|2025-12-05|2025-12-12|2025-12-19|2025-12-26|2026-01-02|2026-01-09|2026-01-16|2026-01-23|2026-01-30|2026-02-13|2026-02-20|2026-02-27|2026-03-06|2026-03-13|2026-03-20|2026-03-27|2026-04-17|2026-04-24|2026-05-01|2026-05-08|2026-05-15|2026-05-29|2026-06-05|2026-06-12|2026-06-26|2026-07-03|2026-07-10|2026-07-17|2026-07-24|2026-07-31|2026-08-07|2026-08-14|2026-08-21|2026-08-28|2026-09-04|2026-09-11|2026-09-18
327,2026-06-22T05:28:11+00:00,Buy,48,included,2025-09-29|2025-10-06|2025-10-13|2025-10-20|2025-10-27|2025-11-03|2025-11-10|2025-11-17|2025-11-24|2025-12-01|2025-12-15|2025-12-22|2025-12-29|2026-01-05|2026-01-19|2026-01-26|2026-02-02|2026-02-09|2026-02-16|2026-02-23|2026-03-02|2026-03-09|2026-03-16|2026-03-23|2026-03-30|2026-04-06|2026-04-13|2026-04-20|2026-04-27|2026-05-04|2026-05-11|2026-05-18|2026-05-25|2026-06-01|2026-06-08|2026-06-15|2026-06-29|2026-07-06|2026-07-13|2026-07-20|2026-07-27|2026-08-03|2026-08-10|2026-08-17|2026-08-24|2026-08-31|2026-09-07|2026-09-14
328,2026-06-23T03:39:04+00:00,Buy,16,excluded_missing_history_or_alternatives,2025-11-04|2025-11-11|2025-11-18|2025-11-25|2025-12-02|2025-12-09|2025-12-16|2025-12-23|2025-12-30|2026-01-06|2026-01-13|2026-01-27|2026-02-03|2026-02-10|2026-02-24|2026-03-03
329,2026-06-23T18:06:17+00:00,Sell,50,included,2025-09-30|2025-10-07|2025-10-14|2025-10-21|2025-10-28|2025-11-04|2025-11-11|2025-11-18|2025-11-25|2025-12-02|2025-12-09|2025-12-16|2025-12-23|2025-12-30|2026-01-06|2026-01-13|2026-01-20|2026-01-27|2026-02-03|2026-02-10|2026-02-17|2026-02-24|2026-03-03|2026-03-10|2026-03-17|2026-03-24|2026-03-31|2026-04-07|2026-04-14|2026-04-21|2026-04-28|2026-05-05|2026-05-12|2026-05-19|2026-05-26|2026-06-02|2026-06-09|2026-06-16|2026-06-30|2026-07-07|2026-07-14|2026-07-21|2026-07-28|2026-08-04|2026-08-11|2026-08-18|2026-08-25|2026-09-01|2026-09-08|2026-09-15
330,2026-06-24T07:08:33+00:00,Buy,50,included,2025-10-01|2025-10-08|2025-10-15|2025-10-22|2025-10-29|2025-11-05|2025-11-12|2025-11-19|2025-11-26|2025-12-03|2025-12-10|2025-12-17|2025-12-24|2025-12-31|2026-01-07|2026-01-14|2026-01-21|2026-01-28|2026-02-04|2026-02-11|2026-02-18|2026-02-25|2026-03-04|2026-03-11|2026-03-18|2026-03-25|2026-04-01|2026-04-08|2026-04-15|2026-04-22|2026-04-29|2026-05-06|2026-05-13|2026-05-20|2026-05-27|2026-06-03|2026-06-10|2026-06-17|2026-07-01|2026-07-08|2026-07-15|2026-07-22|2026-07-29|2026-08-05|2026-08-12|2026-08-19|2026-08-26|2026-09-02|2026-09-09|2026-09-16
331,2026-06-24T13:41:19+00:00,Buy,50,included,2025-10-01|2025-10-08|2025-10-15|2025-10-22|2025-10-29|2025-11-05|2025-11-12|2025-11-19|2025-11-26|2025-12-03|2025-12-10|2025-12-17|2025-12-24|2025-12-31|2026-01-07|2026-01-14|2026-01-21|2026-01-28|2026-02-04|2026-02-11|2026-02-18|2026-02-25|2026-03-04|2026-03-11|2026-03-18|2026-03-25|2026-04-01|2026-04-08|2026-04-15|2026-04-22|2026-04-29|2026-05-06|2026-05-13|2026-05-20|2026-05-27|2026-06-03|2026-06-10|2026-06-17|2026-07-01|2026-07-08|2026-07-15|2026-07-22|2026-07-29|2026-08-05|2026-08-12|2026-08-19|2026-08-26|2026-09-02|2026-09-09|2026-09-16
332,2026-06-25T04:19:16+00:00,Buy,33,included,2025-09-25|2025-10-02|2025-10-09|2025-10-16|2025-10-23|2025-10-30|2026-03-12|2026-03-19|2026-03-26|2026-04-02|2026-04-09|2026-04-16|2026-04-23|2026-04-30|2026-05-07|2026-05-14|2026-05-21|2026-05-28|2026-06-04|2026-06-11|2026-06-18|2026-07-02|2026-07-09|2026-07-16|2026-07-23|2026-07-30|2026-08-06|2026-08-13|2026-08-20|2026-08-27|2026-09-03|2026-09-10|2026-09-17
333,2026-06-25T16:46:01+00:00,Buy,48,included,2025-10-02|2025-10-09|2025-10-16|2025-10-23|2025-10-30|2025-11-06|2025-11-13|2025-11-20|2025-11-27|2025-12-04|2025-12-11|2025-12-18|2026-01-08|2026-01-15|2026-01-22|2026-01-29|2026-02-05|2026-02-12|2026-02-19|2026-02-26|2026-03-05|2026-03-12|2026-03-19|2026-03-26|2026-04-02|2026-04-09|2026-04-16|2026-04-23|2026-04-30|2026-05-07|2026-05-14|2026-05-21|2026-05-28|2026-06-04|2026-06-11|2026-06-18|2026-07-02|2026-07-09|2026-07-16|2026-07-23|2026-07-30|2026-08-06|2026-08-13|2026-08-20|2026-08-27|2026-09-03|2026-09-10|2026-09-17
334,2026-06-26T11:36:53+00:00,Sell,49,included,2025-09-26|2025-10-03|2025-10-10|2025-10-17|2025-10-24|2025-10-31|2025-11-07|2025-11-14|2025-11-21|2025-11-28|2025-12-05|2025-12-12|2025-12-19|2025-12-26|2026-01-02|2026-01-09|2026-01-16|2026-01-23|2026-01-30|2026-02-06|2026-02-13|2026-02-20|2026-02-27|2026-03-06|2026-03-20|2026-03-27|2026-04-10|2026-04-17|2026-04-24|2026-05-01|2026-05-08|2026-05-15|2026-05-22|2026-05-29|2026-06-05|2026-06-12|2026-06-19|2026-07-03|2026-07-10|2026-07-17|2026-07-24|2026-07-31|2026-08-07|2026-08-14|2026-08-21|2026-08-28|2026-09-04|2026-09-11|2026-09-18
335,2026-06-29T11:55:16+00:00,Buy,48,included,2025-09-29|2025-10-06|2025-10-13|2025-10-20|2025-10-27|2025-11-03|2025-11-10|2025-11-17|2025-11-24|2025-12-08|2025-12-15|2025-12-22|2025-12-29|2026-01-05|2026-01-12|2026-01-19|2026-01-26|2026-02-02|2026-02-09|2026-02-16|2026-02-23|2026-03-02|2026-03-09|2026-03-16|2026-03-23|2026-04-06|2026-04-13|2026-04-20|2026-04-27|2026-05-04|2026-05-11|2026-05-18|2026-05-25|2026-06-01|2026-06-08|2026-06-15|2026-06-22|2026-07-06|2026-07-13|2026-07-20|2026-07-27|2026-08-03|2026-08-10|2026-08-17|2026-08-24|2026-08-31|2026-09-07|2026-09-14
336,2026-06-30T04:15:05+00:00,Buy,32,included,2025-09-30|2025-10-07|2025-10-14|2025-10-21|2025-10-28|2026-03-10|2026-03-17|2026-03-24|2026-03-31|2026-04-07|2026-04-14|2026-04-21|2026-04-28|2026-05-05|2026-05-12|2026-05-19|2026-05-26|2026-06-02|2026-06-09|2026-06-16|2026-06-23|2026-07-07|2026-07-14|2026-07-21|2026-07-28|2026-08-04|2026-08-11|2026-08-18|2026-08-25|2026-09-01|2026-09-08|2026-09-15
337,2026-07-01T14:01:51+00:00,Sell,49,included,2025-10-01|2025-10-08|2025-10-15|2025-10-22|2025-10-29|2025-11-05|2025-11-12|2025-11-19|2025-11-26|2025-12-03|2025-12-10|2025-12-17|2025-12-24|2025-12-31|2026-01-14|2026-01-21|2026-01-28|2026-02-04|2026-02-11|2026-02-18|2026-02-25|2026-03-04|2026-03-11|2026-03-18|2026-03-25|2026-04-01|2026-04-08|2026-04-15|2026-04-22|2026-04-29|2026-05-06|2026-05-13|2026-05-20|2026-05-27|2026-06-03|2026-06-10|2026-06-17|2026-06-24|2026-07-08|2026-07-15|2026-07-22|2026-07-29|2026-08-05|2026-08-12|2026-08-19|2026-08-26|2026-09-02|2026-09-09|2026-09-16
338,2026-07-02T13:13:42+00:00,Buy,48,included,2025-09-25|2025-10-09|2025-10-16|2025-10-23|2025-10-30|2025-11-06|2025-11-13|2025-11-20|2025-11-27|2025-12-04|2025-12-11|2025-12-18|2026-01-08|2026-01-15|2026-01-22|2026-01-29|2026-02-05|2026-02-12|2026-02-19|2026-02-26|2026-03-05|2026-03-12|2026-03-19|2026-03-26|2026-04-02|2026-04-09|2026-04-16|2026-04-23|2026-04-30|2026-05-07|2026-05-14|2026-05-21|2026-05-28|2026-06-04|2026-06-11|2026-06-18|2026-06-25|2026-07-09|2026-07-16|2026-07-23|2026-07-30|2026-08-06|2026-08-13|2026-08-20|2026-08-27|2026-09-03|2026-09-10|2026-09-17
339,2026-07-03T03:32:03+00:00,Buy,15,excluded_missing_history_or_alternatives,2025-11-07|2025-11-14|2025-11-21|2025-12-05|2025-12-12|2025-12-19|2026-01-09|2026-01-16|2026-01-23|2026-01-30|2026-02-06|2026-02-13|2026-02-20|2026-02-27|2026-03-06
340,2026-07-03T05:08:26+00:00,Sell,47,included,2025-09-26|2025-10-03|2025-10-10|2025-10-17|2025-10-24|2025-10-31|2025-11-07|2025-11-14|2025-11-21|2025-11-28|2025-12-05|2025-12-12|2025-12-19|2025-12-26|2026-01-02|2026-01-09|2026-01-16|2026-01-23|2026-01-30|2026-02-06|2026-02-20|2026-02-27|2026-03-06|2026-03-13|2026-03-20|2026-03-27|2026-04-10|2026-04-17|2026-04-24|2026-05-01|2026-05-08|2026-05-15|2026-05-22|2026-05-29|2026-06-05|2026-06-12|2026-06-19|2026-06-26|2026-07-10|2026-07-17|2026-07-24|2026-07-31|2026-08-14|2026-08-28|2026-09-04|2026-09-11|2026-09-18
341,2026-07-06T03:37:10+00:00,Sell,0,excluded_missing_history_or_alternatives,
342,2026-07-07T05:30:02+00:00,Sell,49,included,2025-09-30|2025-10-07|2025-10-14|2025-10-21|2025-10-28|2025-11-04|2025-11-11|2025-11-18|2025-11-25|2025-12-02|2025-12-09|2025-12-16|2025-12-23|2025-12-30|2026-01-06|2026-01-13|2026-01-20|2026-01-27|2026-02-03|2026-02-10|2026-02-17|2026-02-24|2026-03-03|2026-03-10|2026-03-17|2026-03-24|2026-03-31|2026-04-07|2026-04-14|2026-04-21|2026-04-28|2026-05-05|2026-05-12|2026-05-19|2026-05-26|2026-06-02|2026-06-09|2026-06-16|2026-06-23|2026-06-30|2026-07-21|2026-07-28|2026-08-04|2026-08-11|2026-08-18|2026-08-25|2026-09-01|2026-09-08|2026-09-15
343,2026-07-07T07:41:18+00:00,Sell,46,included,2025-09-30|2025-10-07|2025-10-28|2025-11-04|2025-11-11|2025-11-18|2025-11-25|2025-12-02|2025-12-09|2025-12-16|2025-12-23|2025-12-30|2026-01-06|2026-01-13|2026-01-20|2026-01-27|2026-02-03|2026-02-10|2026-02-17|2026-02-24|2026-03-03|2026-03-17|2026-03-24|2026-03-31|2026-04-07|2026-04-14|2026-04-28|2026-05-05|2026-05-12|2026-05-19|2026-05-26|2026-06-02|2026-06-09|2026-06-16|2026-06-23|2026-06-30|2026-07-14|2026-07-21|2026-07-28|2026-08-04|2026-08-11|2026-08-18|2026-08-25|2026-09-01|2026-09-08|2026-09-15
344,2026-07-07T08:45:26+00:00,Sell,49,included,2025-09-30|2025-10-07|2025-10-14|2025-10-21|2025-10-28|2025-11-04|2025-11-11|2025-11-18|2025-11-25|2025-12-02|2025-12-09|2025-12-16|2025-12-23|2025-12-30|2026-01-06|2026-01-13|2026-01-20|2026-01-27|2026-02-03|2026-02-10|2026-02-17|2026-02-24|2026-03-03|2026-03-17|2026-03-24|2026-03-31|2026-04-07|2026-04-14|2026-04-21|2026-04-28|2026-05-05|2026-05-12|2026-05-19|2026-05-26|2026-06-02|2026-06-09|2026-06-16|2026-06-23|2026-06-30|2026-07-14|2026-07-21|2026-07-28|2026-08-04|2026-08-11|2026-08-18|2026-08-25|2026-09-01|2026-09-08|2026-09-15
345,2026-07-08T05:08:25+00:00,Sell,49,included,2025-10-01|2025-10-08|2025-10-15|2025-10-22|2025-10-29|2025-11-05|2025-11-12|2025-11-19|2025-11-26|2025-12-03|2025-12-10|2025-12-17|2025-12-24|2025-12-31|2026-01-07|2026-01-14|2026-01-21|2026-01-28|2026-02-04|2026-02-11|2026-02-18|2026-02-25|2026-03-04|2026-03-11|2026-03-18|2026-03-25|2026-04-01|2026-04-08|2026-04-15|2026-04-22|2026-04-29|2026-05-06|2026-05-13|2026-05-20|2026-05-27|2026-06-03|2026-06-10|2026-06-17|2026-06-24|2026-07-01|2026-07-15|2026-07-22|2026-07-29|2026-08-05|2026-08-12|2026-08-26|2026-09-02|2026-09-09|2026-09-16
346,2026-07-08T11:04:59+00:00,Sell,50,included,2025-10-01|2025-10-08|2025-10-15|2025-10-22|2025-10-29|2025-11-05|2025-11-12|2025-11-19|2025-11-26|2025-12-03|2025-12-10|2025-12-17|2025-12-24|2025-12-31|2026-01-07|2026-01-14|2026-01-21|2026-01-28|2026-02-04|2026-02-11|2026-02-18|2026-02-25|2026-03-04|2026-03-11|2026-03-18|2026-03-25|2026-04-01|2026-04-08|2026-04-15|2026-04-22|2026-04-29|2026-05-06|2026-05-13|2026-05-20|2026-05-27|2026-06-03|2026-06-10|2026-06-17|2026-06-24|2026-07-01|2026-07-15|2026-07-22|2026-07-29|2026-08-05|2026-08-12|2026-08-19|2026-08-26|2026-09-02|2026-09-09|2026-09-16
347,2026-07-09T04:39:07+00:00,Sell,31,included,2025-09-25|2025-10-02|2025-10-09|2025-10-16|2025-10-23|2025-10-30|2026-03-12|2026-03-19|2026-03-26|2026-04-02|2026-04-09|2026-04-16|2026-04-23|2026-04-30|2026-05-07|2026-05-21|2026-05-28|2026-06-04|2026-06-11|2026-06-18|2026-06-25|2026-07-02|2026-07-16|2026-07-23|2026-07-30|2026-08-13|2026-08-20|2026-08-27|2026-09-03|2026-09-10|2026-09-17
348,2026-07-09T07:15:32+00:00,Buy,48,included,2025-09-25|2025-10-02|2025-10-09|2025-10-16|2025-10-23|2025-10-30|2025-11-06|2025-11-13|2025-11-20|2025-11-27|2025-12-04|2025-12-11|2025-12-18|2026-01-08|2026-01-22|2026-01-29|2026-02-05|2026-02-12|2026-02-19|2026-02-26|2026-03-05|2026-03-12|2026-03-19|2026-03-26|2026-04-02|2026-04-09|2026-04-16|2026-04-23|2026-04-30|2026-05-07|2026-05-14|2026-05-21|2026-05-28|2026-06-04|2026-06-11|2026-06-18|2026-06-25|2026-07-02|2026-07-16|2026-07-23|2026-07-30|2026-08-06|2026-08-13|2026-08-20|2026-08-27|2026-09-03|2026-09-10|2026-09-17
349,2026-07-10T05:49:00+00:00,Buy,48,included,2025-09-26|2025-10-03|2025-10-10|2025-10-17|2025-10-24|2025-10-31|2025-11-07|2025-11-14|2025-11-21|2025-11-28|2025-12-05|2025-12-12|2025-12-19|2025-12-26|2026-01-02|2026-01-09|2026-01-16|2026-01-23|2026-01-30|2026-02-06|2026-02-13|2026-02-20|2026-02-27|2026-03-06|2026-03-13|2026-03-20|2026-03-27|2026-04-10|2026-04-17|2026-04-24|2026-05-01|2026-05-08|2026-05-15|2026-05-22|2026-05-29|2026-06-05|2026-06-12|2026-06-19|2026-06-26|2026-07-03|2026-07-17|2026-07-31|2026-08-07|2026-08-21|2026-08-28|2026-09-04|2026-09-11|2026-09-18
350,2026-07-13T05:16:27+00:00,Sell,49,included,2025-09-29|2025-10-06|2025-10-13|2025-10-20|2025-10-27|2025-11-03|2025-11-10|2025-11-17|2025-11-24|2025-12-01|2025-12-08|2025-12-15|2025-12-22|2025-12-29|2026-01-05|2026-01-12|2026-01-19|2026-01-26|2026-02-02|2026-02-09|2026-02-16|2026-02-23|2026-03-02|2026-03-09|2026-03-16|2026-03-23|2026-03-30|2026-04-06|2026-04-13|2026-04-20|2026-04-27|2026-05-11|2026-05-18|2026-05-25|2026-06-01|2026-06-08|2026-06-15|2026-06-22|2026-06-29|2026-07-06|2026-07-20|2026-07-27|2026-08-03|2026-08-10|2026-08-17|2026-08-24|2026-08-31|2026-09-07|2026-09-14
351,2026-07-13T12:43:27+00:00,Sell,47,included,2025-09-29|2025-10-06|2025-10-20|2025-10-27|2025-11-03|2025-11-10|2025-11-17|2025-11-24|2025-12-01|2025-12-08|2025-12-15|2025-12-22|2025-12-29|2026-01-05|2026-01-12|2026-01-19|2026-01-26|2026-02-02|2026-02-09|2026-02-16|2026-02-23|2026-03-09|2026-03-23|2026-03-30|2026-04-06|2026-04-13|2026-04-20|2026-04-27|2026-05-04|2026-05-11|2026-05-18|2026-05-25|2026-06-01|2026-06-08|2026-06-15|2026-06-22|2026-06-29|2026-07-06|2026-07-20|2026-07-27|2026-08-03|2026-08-10|2026-08-17|2026-08-24|2026-08-31|2026-09-07|2026-09-14
352,2026-07-14T04:51:04+00:00,Sell,31,included,2025-09-30|2025-10-07|2025-10-14|2025-10-21|2025-10-28|2026-03-10|2026-03-17|2026-03-24|2026-03-31|2026-04-07|2026-04-14|2026-04-21|2026-04-28|2026-05-05|2026-05-12|2026-05-19|2026-05-26|2026-06-02|2026-06-09|2026-06-16|2026-06-23|2026-06-30|2026-07-07|2026-07-21|2026-08-04|2026-08-11|2026-08-18|2026-08-25|2026-09-01|2026-09-08|2026-09-15
353,2026-07-14T05:30:53+00:00,Buy,49,included,2025-09-30|2025-10-07|2025-10-14|2025-10-21|2025-10-28|2025-11-04|2025-11-11|2025-11-18|2025-11-25|2025-12-02|2025-12-09|2025-12-16|2025-12-23|2025-12-30|2026-01-06|2026-01-13|2026-01-20|2026-01-27|2026-02-03|2026-02-10|2026-02-17|2026-02-24|2026-03-03|2026-03-10|2026-03-17|2026-03-24|2026-03-31|2026-04-07|2026-04-14|2026-04-21|2026-04-28|2026-05-05|2026-05-12|2026-05-19|2026-05-26|2026-06-02|2026-06-09|2026-06-16|2026-06-23|2026-06-30|2026-07-21|2026-07-28|2026-08-04|2026-08-11|2026-08-18|2026-08-25|2026-09-01|2026-09-08|2026-09-15
354,2026-07-15T05:31:12+00:00,Buy,48,included,2025-10-01|2025-10-08|2025-10-15|2025-10-22|2025-10-29|2025-11-05|2025-11-12|2025-11-19|2025-11-26|2025-12-03|2025-12-10|2025-12-17|2025-12-24|2025-12-31|2026-01-07|2026-01-14|2026-01-21|2026-01-28|2026-02-04|2026-02-11|2026-02-18|2026-02-25|2026-03-04|2026-03-11|2026-03-18|2026-03-25|2026-04-01|2026-04-08|2026-04-15|2026-04-22|2026-04-29|2026-05-20|2026-05-27|2026-06-03|2026-06-10|2026-06-17|2026-06-24|2026-07-01|2026-07-08|2026-07-22|2026-07-29|2026-08-05|2026-08-12|2026-08-19|2026-08-26|2026-09-02|2026-09-09|2026-09-16
355,2026-07-15T12:13:35+00:00,Buy,49,included,2025-10-01|2025-10-08|2025-10-15|2025-10-22|2025-10-29|2025-11-05|2025-11-12|2025-11-19|2025-11-26|2025-12-03|2025-12-17|2025-12-24|2025-12-31|2026-01-07|2026-01-14|2026-01-21|2026-01-28|2026-02-04|2026-02-11|2026-02-18|2026-02-25|2026-03-04|2026-03-11|2026-03-18|2026-03-25|2026-04-01|2026-04-08|2026-04-15|2026-04-22|2026-04-29|2026-05-06|2026-05-13|2026-05-20|2026-05-27|2026-06-03|2026-06-10|2026-06-17|2026-06-24|2026-07-01|2026-07-08|2026-07-22|2026-07-29|2026-08-05|2026-08-12|2026-08-19|2026-08-26|2026-09-02|2026-09-09|2026-09-16
356,2026-07-16T05:45:23+00:00,Sell,48,included,2025-09-25|2025-10-02|2025-10-09|2025-10-16|2025-10-23|2025-10-30|2025-11-06|2025-11-13|2025-11-20|2025-11-27|2025-12-04|2025-12-11|2025-12-18|2026-01-08|2026-01-15|2026-01-22|2026-01-29|2026-02-05|2026-02-12|2026-02-19|2026-02-26|2026-03-05|2026-03-12|2026-03-19|2026-03-26|2026-04-02|2026-04-09|2026-04-16|2026-04-23|2026-04-30|2026-05-07|2026-05-14|2026-05-21|2026-05-28|2026-06-04|2026-06-11|2026-06-18|2026-06-25|2026-07-02|2026-07-09|2026-07-23|2026-07-30|2026-08-06|2026-08-13|2026-08-20|2026-08-27|2026-09-10|2026-09-17
357,2026-07-17T06:35:22+00:00,Sell,48,included,2025-09-26|2025-10-03|2025-10-10|2025-10-17|2025-10-24|2025-10-31|2025-11-07|2025-11-14|2025-11-21|2025-11-28|2025-12-05|2025-12-12|2025-12-19|2025-12-26|2026-01-02|2026-01-09|2026-01-16|2026-01-23|2026-01-30|2026-02-06|2026-02-13|2026-02-20|2026-02-27|2026-03-06|2026-03-20|2026-03-27|2026-04-10|2026-04-17|2026-04-24|2026-05-01|2026-05-15|2026-05-22|2026-05-29|2026-06-05|2026-06-12|2026-06-19|2026-06-26|2026-07-03|2026-07-10|2026-07-24|2026-07-31|2026-08-07|2026-08-14|2026-08-21|2026-08-28|2026-09-04|2026-09-11|2026-09-18
358,2026-07-20T08:10:48+00:00,Buy,46,included,2025-09-29|2025-10-06|2025-10-13|2025-10-20|2025-10-27|2025-11-03|2025-11-10|2025-11-17|2025-11-24|2025-12-08|2025-12-15|2025-12-22|2025-12-29|2026-01-05|2026-01-12|2026-01-19|2026-01-26|2026-02-02|2026-02-09|2026-02-16|2026-02-23|2026-03-02|2026-03-09|2026-03-16|2026-03-30|2026-04-06|2026-04-20|2026-04-27|2026-05-04|2026-05-11|2026-05-18|2026-05-25|2026-06-08|2026-06-15|2026-06-22|2026-06-29|2026-07-06|2026-07-13|2026-07-27|2026-08-03|2026-08-10|2026-08-17|2026-08-24|2026-08-31|2026-09-07|2026-09-14
359,2026-07-20T14:51:46+00:00,Sell,50,included,2025-09-29|2025-10-06|2025-10-13|2025-10-20|2025-10-27|2025-11-03|2025-11-10|2025-11-17|2025-11-24|2025-12-01|2025-12-08|2025-12-15|2025-12-22|2025-12-29|2026-01-05|2026-01-12|2026-01-19|2026-01-26|2026-02-02|2026-02-09|2026-02-16|2026-02-23|2026-03-02|2026-03-09|2026-03-16|2026-03-23|2026-03-30|2026-04-06|2026-04-13|2026-04-20|2026-04-27|2026-05-04|2026-05-11|2026-05-18|2026-05-25|2026-06-01|2026-06-08|2026-06-15|2026-06-22|2026-06-29|2026-07-06|2026-07-13|2026-07-27|2026-08-03|2026-08-10|2026-08-17|2026-08-24|2026-08-31|2026-09-07|2026-09-14
360,2026-07-21T06:41:33+00:00,Buy,48,included,2025-09-30|2025-10-07|2025-10-14|2025-10-21|2025-10-28|2025-11-04|2025-11-11|2025-11-18|2025-11-25|2025-12-02|2025-12-09|2025-12-23|2025-12-30|2026-01-06|2026-01-13|2026-01-20|2026-01-27|2026-02-03|2026-02-10|2026-02-17|2026-02-24|2026-03-03|2026-03-10|2026-03-17|2026-03-24|2026-03-31|2026-04-07|2026-04-21|2026-04-28|2026-05-05|2026-05-12|2026-05-19|2026-05-26|2026-06-02|2026-06-09|2026-06-16|2026-06-23|2026-06-30|2026-07-07|2026-07-14|2026-07-28|2026-08-04|2026-08-11|2026-08-18|2026-08-25|2026-09-01|2026-09-08|2026-09-15
361,2026-07-21T16:41:05+00:00,Sell,50,included,2025-09-30|2025-10-07|2025-10-14|2025-10-21|2025-10-28|2025-11-04|2025-11-11|2025-11-18|2025-11-25|2025-12-02|2025-12-09|2025-12-16|2025-12-23|2025-12-30|2026-01-06|2026-01-13|2026-01-20|2026-01-27|2026-02-03|2026-02-10|2026-02-17|2026-02-24|2026-03-03|2026-03-10|2026-03-17|2026-03-24|2026-03-31|2026-04-07|2026-04-14|2026-04-21|2026-04-28|2026-05-05|2026-05-12|2026-05-19|2026-05-26|2026-06-02|2026-06-09|2026-06-16|2026-06-23|2026-06-30|2026-07-07|2026-07-14|2026-07-28|2026-08-04|2026-08-11|2026-08-18|2026-08-25|2026-09-01|2026-09-08|2026-09-15
362,2026-07-22T04:00:59+00:00,Sell,18,excluded_missing_history_or_alternatives,2025-11-05|2025-11-12|2025-11-19|2025-11-26|2025-12-03|2025-12-10|2025-12-17|2025-12-24|2025-12-31|2026-01-07|2026-01-14|2026-01-21|2026-01-28|2026-02-04|2026-02-11|2026-02-18|2026-02-25|2026-03-04
363,2026-07-22T19:54:35+00:00,Buy,49,included,2025-10-01|2025-10-08|2025-10-15|2025-10-22|2025-10-29|2025-11-05|2025-11-12|2025-11-19|2025-11-26|2025-12-03|2025-12-10|2025-12-17|2025-12-31|2026-01-07|2026-01-14|2026-01-21|2026-01-28|2026-02-04|2026-02-11|2026-02-18|2026-02-25|2026-03-04|2026-03-11|2026-03-18|2026-03-25|2026-04-01|2026-04-08|2026-04-15|2026-04-22|2026-04-29|2026-05-06|2026-05-13|2026-05-20|2026-05-27|2026-06-03|2026-06-10|2026-06-17|2026-06-24|2026-07-01|2026-07-08|2026-07-15|2026-07-29|2026-08-05|2026-08-12|2026-08-19|2026-08-26|2026-09-02|2026-09-09|2026-09-16
364,2026-07-23T04:48:08+00:00,Buy,33,included,2025-09-25|2025-10-02|2025-10-09|2025-10-16|2025-10-23|2025-10-30|2026-03-12|2026-03-19|2026-03-26|2026-04-02|2026-04-09|2026-04-16|2026-04-23|2026-04-30|2026-05-07|2026-05-14|2026-05-21|2026-05-28|2026-06-04|2026-06-11|2026-06-18|2026-06-25|2026-07-02|2026-07-09|2026-07-16|2026-07-30|2026-08-06|2026-08-13|2026-08-20|2026-08-27|2026-09-03|2026-09-10|2026-09-17
365,2026-07-23T09:20:23+00:00,Sell,49,included,2025-09-25|2025-10-02|2025-10-09|2025-10-16|2025-10-23|2025-10-30|2025-11-06|2025-11-13|2025-11-20|2025-11-27|2025-12-04|2025-12-11|2025-12-18|2026-01-08|2026-01-15|2026-01-22|2026-01-29|2026-02-05|2026-02-12|2026-02-19|2026-02-26|2026-03-05|2026-03-12|2026-03-19|2026-03-26|2026-04-02|2026-04-09|2026-04-16|2026-04-23|2026-04-30|2026-05-07|2026-05-14|2026-05-21|2026-05-28|2026-06-04|2026-06-11|2026-06-18|2026-06-25|2026-07-02|2026-07-09|2026-07-16|2026-07-30|2026-08-06|2026-08-13|2026-08-20|2026-08-27|2026-09-03|2026-09-10|2026-09-17
366,2026-07-24T05:50:08+00:00,Sell,48,included,2025-09-26|2025-10-03|2025-10-10|2025-10-17|2025-10-24|2025-10-31|2025-11-07|2025-11-14|2025-11-21|2025-11-28|2025-12-05|2025-12-12|2025-12-19|2025-12-26|2026-01-02|2026-01-09|2026-01-16|2026-01-23|2026-01-30|2026-02-06|2026-02-13|2026-02-20|2026-02-27|2026-03-06|2026-03-13|2026-03-20|2026-03-27|2026-04-10|2026-04-17|2026-04-24|2026-05-01|2026-05-08|2026-05-15|2026-05-22|2026-05-29|2026-06-05|2026-06-12|2026-06-19|2026-06-26|2026-07-03|2026-07-17|2026-07-31|2026-08-07|2026-08-21|2026-08-28|2026-09-04|2026-09-11|2026-09-18
367,2026-07-24T07:35:14+00:00,Sell,49,included,2025-09-26|2025-10-03|2025-10-10|2025-10-17|2025-10-24|2025-10-31|2025-11-07|2025-11-14|2025-11-21|2025-11-28|2025-12-05|2025-12-12|2025-12-19|2025-12-26|2026-01-09|2026-01-16|2026-01-23|2026-01-30|2026-02-06|2026-02-13|2026-02-20|2026-02-27|2026-03-06|2026-03-13|2026-03-20|2026-03-27|2026-04-10|2026-04-17|2026-04-24|2026-05-01|2026-05-08|2026-05-15|2026-05-22|2026-05-29|2026-06-05|2026-06-12|2026-06-19|2026-06-26|2026-07-03|2026-07-10|2026-07-17|2026-07-31|2026-08-07|2026-08-14|2026-08-21|2026-08-28|2026-09-04|2026-09-11|2026-09-18
368,2026-07-27T04:18:11+00:00,Buy,32,included,2025-09-29|2025-10-06|2025-10-13|2025-10-20|2025-10-27|2026-03-09|2026-03-16|2026-03-23|2026-03-30|2026-04-06|2026-04-13|2026-04-20|2026-04-27|2026-05-04|2026-05-11|2026-05-18|2026-05-25|2026-06-01|2026-06-08|2026-06-15|2026-06-22|2026-06-29|2026-07-06|2026-07-13|2026-07-20|2026-08-03|2026-08-10|2026-08-17|2026-08-24|2026-08-31|2026-09-07|2026-09-14
369,2026-07-27T13:33:09+00:00,Buy,49,included,2025-09-29|2025-10-06|2025-10-13|2025-10-20|2025-10-27|2025-11-03|2025-11-10|2025-11-17|2025-11-24|2025-12-01|2025-12-08|2025-12-15|2025-12-22|2025-12-29|2026-01-05|2026-01-12|2026-01-19|2026-01-26|2026-02-02|2026-02-09|2026-02-16|2026-02-23|2026-03-02|2026-03-09|2026-03-16|2026-03-23|2026-03-30|2026-04-06|2026-04-13|2026-04-20|2026-04-27|2026-05-04|2026-05-11|2026-05-18|2026-05-25|2026-06-01|2026-06-08|2026-06-22|2026-06-29|2026-07-06|2026-07-13|2026-07-20|2026-08-03|2026-08-10|2026-08-17|2026-08-24|2026-08-31|2026-09-07|2026-09-14
370,2026-07-28T04:47:22+00:00,Sell,31,included,2025-09-30|2025-10-07|2025-10-14|2025-10-21|2025-10-28|2026-03-10|2026-03-17|2026-03-24|2026-03-31|2026-04-07|2026-04-14|2026-04-21|2026-04-28|2026-05-05|2026-05-12|2026-05-19|2026-05-26|2026-06-02|2026-06-09|2026-06-16|2026-06-23|2026-06-30|2026-07-07|2026-07-21|2026-08-04|2026-08-11|2026-08-18|2026-08-25|2026-09-01|2026-09-08|2026-09-15
371,2026-07-29T04:20:48+00:00,Buy,32,included,2025-10-01|2025-10-08|2025-10-15|2025-10-22|2025-10-29|2026-03-11|2026-03-18|2026-03-25|2026-04-01|2026-04-08|2026-04-15|2026-04-22|2026-04-29|2026-05-06|2026-05-13|2026-05-20|2026-05-27|2026-06-03|2026-06-10|2026-06-17|2026-06-24|2026-07-01|2026-07-08|2026-07-15|2026-07-22|2026-08-05|2026-08-12|2026-08-19|2026-08-26|2026-09-02|2026-09-09|2026-09-16
372,2026-07-29T20:00:54+00:00,Buy,49,included,2025-10-01|2025-10-08|2025-10-15|2025-10-22|2025-10-29|2025-11-05|2025-11-12|2025-11-19|2025-11-26|2025-12-03|2025-12-10|2025-12-17|2025-12-31|2026-01-07|2026-01-14|2026-01-21|2026-01-28|2026-02-04|2026-02-11|2026-02-18|2026-02-25|2026-03-04|2026-03-11|2026-03-18|2026-03-25|2026-04-01|2026-04-08|2026-04-15|2026-04-22|2026-04-29|2026-05-06|2026-05-13|2026-05-20|2026-05-27|2026-06-03|2026-06-10|2026-06-17|2026-06-24|2026-07-01|2026-07-08|2026-07-15|2026-07-22|2026-08-05|2026-08-12|2026-08-19|2026-08-26|2026-09-02|2026-09-09|2026-09-16
373,2026-07-30T09:32:41+00:00,Buy,47,included,2025-09-25|2025-10-02|2025-10-09|2025-10-16|2025-10-23|2025-10-30|2025-11-06|2025-11-13|2025-11-20|2025-11-27|2025-12-04|2025-12-11|2025-12-18|2026-01-08|2026-01-15|2026-01-22|2026-01-29|2026-02-05|2026-02-12|2026-02-19|2026-03-05|2026-03-12|2026-03-19|2026-03-26|2026-04-02|2026-04-09|2026-04-16|2026-04-23|2026-04-30|2026-05-07|2026-05-14|2026-05-21|2026-05-28|2026-06-04|2026-06-11|2026-06-18|2026-06-25|2026-07-02|2026-07-09|2026-07-16|2026-07-23|2026-08-06|2026-08-13|2026-08-20|2026-08-27|2026-09-10|2026-09-17
374,2026-07-31T04:51:51+00:00,Buy,32,included,2025-09-26|2025-10-03|2025-10-10|2025-10-17|2025-10-24|2025-10-31|2026-03-13|2026-03-20|2026-03-27|2026-04-10|2026-04-17|2026-04-24|2026-05-01|2026-05-08|2026-05-15|2026-05-22|2026-05-29|2026-06-05|2026-06-12|2026-06-19|2026-06-26|2026-07-03|2026-07-10|2026-07-17|2026-07-24|2026-08-07|2026-08-14|2026-08-21|2026-08-28|2026-09-04|2026-09-11|2026-09-18
375,2026-08-03T05:03:06+00:00,Sell,47,included,2025-09-29|2025-10-06|2025-10-13|2025-10-20|2025-10-27|2025-11-03|2025-11-10|2025-11-17|2025-11-24|2025-12-01|2025-12-15|2025-12-22|2025-12-29|2026-01-05|2026-01-12|2026-01-19|2026-01-26|2026-02-09|2026-02-16|2026-02-23|2026-03-02|2026-03-09|2026-03-16|2026-03-23|2026-03-30|2026-04-06|2026-04-13|2026-04-20|2026-04-27|2026-05-04|2026-05-11|2026-05-18|2026-05-25|2026-06-01|2026-06-08|2026-06-15|2026-06-22|2026-06-29|2026-07-06|2026-07-13|2026-07-20|2026-07-27|2026-08-10|2026-08-17|2026-08-24|2026-09-07|2026-09-14
376,2026-08-04T05:06:17+00:00,Sell,49,included,2025-09-30|2025-10-07|2025-10-14|2025-10-21|2025-10-28|2025-11-04|2025-11-11|2025-11-18|2025-11-25|2025-12-02|2025-12-09|2025-12-16|2025-12-23|2025-12-30|2026-01-06|2026-01-13|2026-01-20|2026-01-27|2026-02-03|2026-02-10|2026-02-17|2026-02-24|2026-03-03|2026-03-10|2026-03-17|2026-03-24|2026-03-31|2026-04-07|2026-04-14|2026-04-21|2026-04-28|2026-05-05|2026-05-12|2026-05-19|2026-05-26|2026-06-02|2026-06-09|2026-06-16|2026-06-23|2026-06-30|2026-07-07|2026-07-14|2026-07-21|2026-07-28|2026-08-11|2026-08-18|2026-09-01|2026-09-08|2026-09-15
377,2026-08-04T18:47:35+00:00,Sell,50,included,2025-09-30|2025-10-07|2025-10-14|2025-10-21|2025-10-28|2025-11-04|2025-11-11|2025-11-18|2025-11-25|2025-12-02|2025-12-09|2025-12-16|2025-12-23|2025-12-30|2026-01-06|2026-01-13|2026-01-20|2026-01-27|2026-02-03|2026-02-10|2026-02-17|2026-02-24|2026-03-03|2026-03-10|2026-03-17|2026-03-24|2026-03-31|2026-04-07|2026-04-14|2026-04-21|2026-04-28|2026-05-05|2026-05-12|2026-05-19|2026-05-26|2026-06-02|2026-06-09|2026-06-16|2026-06-23|2026-06-30|2026-07-07|2026-07-14|2026-07-21|2026-07-28|2026-08-11|2026-08-18|2026-08-25|2026-09-01|2026-09-08|2026-09-15
378,2026-08-05T04:50:18+00:00,Buy,32,included,2025-10-01|2025-10-08|2025-10-15|2025-10-22|2025-10-29|2026-03-11|2026-03-18|2026-03-25|2026-04-01|2026-04-08|2026-04-15|2026-04-22|2026-04-29|2026-05-06|2026-05-13|2026-05-20|2026-05-27|2026-06-03|2026-06-10|2026-06-17|2026-06-24|2026-07-01|2026-07-08|2026-07-15|2026-07-22|2026-07-29|2026-08-12|2026-08-19|2026-08-26|2026-09-02|2026-09-09|2026-09-16
379,2026-08-05T08:44:22+00:00,Sell,50,included,2025-10-01|2025-10-08|2025-10-15|2025-10-22|2025-10-29|2025-11-05|2025-11-12|2025-11-19|2025-11-26|2025-12-03|2025-12-10|2025-12-17|2025-12-24|2025-12-31|2026-01-07|2026-01-14|2026-01-21|2026-01-28|2026-02-04|2026-02-11|2026-02-18|2026-02-25|2026-03-04|2026-03-11|2026-03-18|2026-03-25|2026-04-01|2026-04-08|2026-04-15|2026-04-22|2026-04-29|2026-05-06|2026-05-13|2026-05-20|2026-05-27|2026-06-03|2026-06-10|2026-06-17|2026-06-24|2026-07-01|2026-07-08|2026-07-15|2026-07-22|2026-07-29|2026-08-12|2026-08-19|2026-08-26|2026-09-02|2026-09-09|2026-09-16
380,2026-08-06T04:35:50+00:00,Buy,31,included,2025-09-25|2025-10-02|2025-10-09|2025-10-16|2025-10-23|2025-10-30|2026-03-12|2026-03-19|2026-03-26|2026-04-02|2026-04-09|2026-04-16|2026-04-23|2026-04-30|2026-05-07|2026-05-21|2026-05-28|2026-06-04|2026-06-11|2026-06-18|2026-06-25|2026-07-02|2026-07-16|2026-07-23|2026-07-30|2026-08-13|2026-08-20|2026-08-27|2026-09-03|2026-09-10|2026-09-17
381,2026-08-06T17:23:51+00:00,Buy,49,included,2025-09-25|2025-10-02|2025-10-09|2025-10-16|2025-10-23|2025-10-30|2025-11-06|2025-11-13|2025-11-20|2025-11-27|2025-12-04|2025-12-11|2025-12-18|2026-01-08|2026-01-15|2026-01-22|2026-01-29|2026-02-05|2026-02-12|2026-02-19|2026-02-26|2026-03-05|2026-03-12|2026-03-19|2026-03-26|2026-04-02|2026-04-09|2026-04-16|2026-04-23|2026-04-30|2026-05-07|2026-05-14|2026-05-21|2026-05-28|2026-06-04|2026-06-11|2026-06-18|2026-06-25|2026-07-02|2026-07-09|2026-07-16|2026-07-23|2026-07-30|2026-08-13|2026-08-20|2026-08-27|2026-09-03|2026-09-10|2026-09-17
382,2026-08-07T05:08:00+00:00,Buy,47,included,2025-09-26|2025-10-03|2025-10-10|2025-10-17|2025-10-24|2025-10-31|2025-11-07|2025-11-14|2025-11-21|2025-11-28|2025-12-05|2025-12-12|2025-12-19|2025-12-26|2026-01-02|2026-01-09|2026-01-16|2026-01-23|2026-01-30|2026-02-06|2026-02-20|2026-02-27|2026-03-06|2026-03-13|2026-03-20|2026-03-27|2026-04-10|2026-04-17|2026-04-24|2026-05-01|2026-05-08|2026-05-15|2026-05-22|2026-05-29|2026-06-05|2026-06-12|2026-06-19|2026-06-26|2026-07-10|2026-07-17|2026-07-24|2026-07-31|2026-08-14|2026-08-28|2026-09-04|2026-09-11|2026-09-18
383,2026-08-10T04:10:04+00:00,Buy,32,included,2025-09-29|2025-10-06|2025-10-13|2025-10-20|2025-10-27|2026-03-09|2026-03-16|2026-03-23|2026-03-30|2026-04-06|2026-04-13|2026-04-20|2026-04-27|2026-05-04|2026-05-11|2026-05-18|2026-05-25|2026-06-01|2026-06-08|2026-06-15|2026-06-22|2026-06-29|2026-07-06|2026-07-13|2026-07-20|2026-07-27|2026-08-03|2026-08-17|2026-08-24|2026-08-31|2026-09-07|2026-09-14
384,2026-08-11T04:58:04+00:00,Sell,32,included,2025-09-30|2025-10-07|2025-10-14|2025-10-21|2025-10-28|2026-03-10|2026-03-17|2026-03-24|2026-03-31|2026-04-07|2026-04-14|2026-04-21|2026-04-28|2026-05-05|2026-05-12|2026-05-19|2026-05-26|2026-06-02|2026-06-09|2026-06-16|2026-06-23|2026-06-30|2026-07-07|2026-07-14|2026-07-21|2026-07-28|2026-08-04|2026-08-18|2026-08-25|2026-09-01|2026-09-08|2026-09-15
385,2026-08-11T08:51:13+00:00,Sell,50,included,2025-09-30|2025-10-07|2025-10-14|2025-10-21|2025-10-28|2025-11-04|2025-11-11|2025-11-18|2025-11-25|2025-12-02|2025-12-09|2025-12-16|2025-12-23|2025-12-30|2026-01-06|2026-01-13|2026-01-20|2026-01-27|2026-02-03|2026-02-10|2026-02-17|2026-02-24|2026-03-03|2026-03-10|2026-03-17|2026-03-24|2026-03-31|2026-04-07|2026-04-14|2026-04-21|2026-04-28|2026-05-05|2026-05-12|2026-05-19|2026-05-26|2026-06-02|2026-06-09|2026-06-16|2026-06-23|2026-06-30|2026-07-07|2026-07-14|2026-07-21|2026-07-28|2026-08-04|2026-08-18|2026-08-25|2026-09-01|2026-09-08|2026-09-15
386,2026-08-12T12:00:05+00:00,Sell,50,included,2025-10-01|2025-10-08|2025-10-15|2025-10-22|2025-10-29|2025-11-05|2025-11-12|2025-11-19|2025-11-26|2025-12-03|2025-12-10|2025-12-17|2025-12-24|2025-12-31|2026-01-07|2026-01-14|2026-01-21|2026-01-28|2026-02-04|2026-02-11|2026-02-18|2026-02-25|2026-03-04|2026-03-11|2026-03-18|2026-03-25|2026-04-01|2026-04-08|2026-04-15|2026-04-22|2026-04-29|2026-05-06|2026-05-13|2026-05-20|2026-05-27|2026-06-03|2026-06-10|2026-06-17|2026-06-24|2026-07-01|2026-07-08|2026-07-15|2026-07-22|2026-07-29|2026-08-05|2026-08-19|2026-08-26|2026-09-02|2026-09-09|2026-09-16
387,2026-08-13T05:13:29+00:00,Buy,48,included,2025-09-25|2025-10-09|2025-10-16|2025-10-23|2025-10-30|2025-11-06|2025-11-13|2025-11-20|2025-11-27|2025-12-04|2025-12-11|2025-12-18|2026-01-08|2026-01-15|2026-01-22|2026-01-29|2026-02-05|2026-02-12|2026-02-19|2026-02-26|2026-03-05|2026-03-12|2026-03-19|2026-03-26|2026-04-02|2026-04-09|2026-04-16|2026-04-23|2026-04-30|2026-05-07|2026-05-14|2026-05-21|2026-05-28|2026-06-04|2026-06-11|2026-06-18|2026-06-25|2026-07-02|2026-07-09|2026-07-16|2026-07-23|2026-07-30|2026-08-06|2026-08-20|2026-08-27|2026-09-03|2026-09-10|2026-09-17
388,2026-08-14T05:00:52+00:00,Sell,31,included,2025-09-26|2025-10-03|2025-10-10|2025-10-17|2025-10-24|2025-10-31|2026-03-13|2026-03-20|2026-03-27|2026-04-10|2026-04-17|2026-04-24|2026-05-01|2026-05-08|2026-05-15|2026-05-22|2026-05-29|2026-06-05|2026-06-12|2026-06-19|2026-06-26|2026-07-03|2026-07-10|2026-07-17|2026-07-24|2026-07-31|2026-08-07|2026-08-21|2026-08-28|2026-09-04|2026-09-18
389,2026-08-14T05:50:02+00:00,Buy,48,included,2025-09-26|2025-10-03|2025-10-10|2025-10-17|2025-10-24|2025-10-31|2025-11-07|2025-11-14|2025-11-21|2025-11-28|2025-12-05|2025-12-12|2025-12-19|2025-12-26|2026-01-02|2026-01-09|2026-01-16|2026-01-23|2026-01-30|2026-02-06|2026-02-13|2026-02-20|2026-02-27|2026-03-06|2026-03-13|2026-03-20|2026-03-27|2026-04-10|2026-04-17|2026-04-24|2026-05-01|2026-05-08|2026-05-15|2026-05-22|2026-05-29|2026-06-05|2026-06-12|2026-06-19|2026-06-26|2026-07-03|2026-07-17|2026-07-31|2026-08-07|2026-08-21|2026-08-28|2026-09-04|2026-09-11|2026-09-18
390,2026-08-17T04:49:26+00:00,Sell,32,included,2025-09-29|2025-10-06|2025-10-13|2025-10-20|2025-10-27|2026-03-09|2026-03-16|2026-03-23|2026-03-30|2026-04-06|2026-04-13|2026-04-20|2026-04-27|2026-05-04|2026-05-11|2026-05-18|2026-05-25|2026-06-01|2026-06-08|2026-06-15|2026-06-22|2026-06-29|2026-07-06|2026-07-13|2026-07-20|2026-07-27|2026-08-03|2026-08-10|2026-08-24|2026-08-31|2026-09-07|2026-09-14
391,2026-08-18T03:00:51+00:00,Sell,30,included,2025-09-30|2025-10-07|2025-10-14|2025-10-21|2025-10-28|2026-03-10|2026-03-17|2026-03-24|2026-03-31|2026-04-07|2026-04-14|2026-04-21|2026-04-28|2026-05-05|2026-05-12|2026-05-19|2026-06-02|2026-06-09|2026-06-16|2026-06-23|2026-06-30|2026-07-07|2026-07-14|2026-07-21|2026-07-28|2026-08-04|2026-08-11|2026-08-25|2026-09-01|2026-09-15
392,2026-08-19T05:06:43+00:00,Sell,48,included,2025-10-01|2025-10-08|2025-10-15|2025-10-22|2025-10-29|2025-11-05|2025-11-12|2025-11-19|2025-11-26|2025-12-03|2025-12-10|2025-12-17|2025-12-24|2025-12-31|2026-01-07|2026-01-14|2026-01-21|2026-01-28|2026-02-04|2026-02-11|2026-02-18|2026-02-25|2026-03-04|2026-03-11|2026-03-18|2026-03-25|2026-04-01|2026-04-08|2026-04-15|2026-04-22|2026-04-29|2026-05-06|2026-05-13|2026-05-20|2026-05-27|2026-06-03|2026-06-17|2026-06-24|2026-07-01|2026-07-15|2026-07-22|2026-07-29|2026-08-05|2026-08-12|2026-08-26|2026-09-02|2026-09-09|2026-09-16
393,2026-08-20T05:03:17+00:00,Sell,48,included,2025-09-25|2025-10-02|2025-10-09|2025-10-16|2025-10-23|2025-10-30|2025-11-06|2025-11-13|2025-11-20|2025-11-27|2025-12-04|2025-12-11|2025-12-18|2026-01-08|2026-01-15|2026-01-22|2026-01-29|2026-02-05|2026-02-19|2026-02-26|2026-03-05|2026-03-12|2026-03-19|2026-03-26|2026-04-02|2026-04-09|2026-04-16|2026-04-23|2026-04-30|2026-05-07|2026-05-14|2026-05-21|2026-05-28|2026-06-04|2026-06-11|2026-06-18|2026-06-25|2026-07-02|2026-07-09|2026-07-16|2026-07-23|2026-07-30|2026-08-06|2026-08-13|2026-08-27|2026-09-03|2026-09-10|2026-09-17
394,2026-08-21T05:11:26+00:00,Buy,45,included,2025-09-26|2025-10-03|2025-10-10|2025-10-17|2025-10-24|2025-10-31|2025-11-07|2025-11-14|2025-11-21|2025-12-05|2025-12-12|2025-12-19|2025-12-26|2026-01-02|2026-01-09|2026-01-16|2026-01-23|2026-01-30|2026-02-06|2026-02-13|2026-02-20|2026-02-27|2026-03-06|2026-03-13|2026-03-20|2026-03-27|2026-04-24|2026-05-01|2026-05-08|2026-05-15|2026-05-22|2026-05-29|2026-06-05|2026-06-12|2026-06-19|2026-06-26|2026-07-10|2026-07-17|2026-07-24|2026-07-31|2026-08-14|2026-08-28|2026-09-04|2026-09-11|2026-09-18
395,2026-08-24T04:34:43+00:00,Buy,32,included,2025-09-29|2025-10-06|2025-10-13|2025-10-20|2025-10-27|2026-03-09|2026-03-16|2026-03-23|2026-03-30|2026-04-06|2026-04-13|2026-04-20|2026-04-27|2026-05-04|2026-05-11|2026-05-18|2026-05-25|2026-06-01|2026-06-08|2026-06-15|2026-06-22|2026-06-29|2026-07-06|2026-07-13|2026-07-20|2026-07-27|2026-08-03|2026-08-10|2026-08-17|2026-08-31|2026-09-07|2026-09-14
396,2026-08-25T05:04:19+00:00,Buy,49,included,2025-09-30|2025-10-07|2025-10-14|2025-10-21|2025-10-28|2025-11-04|2025-11-11|2025-11-18|2025-11-25|2025-12-02|2025-12-09|2025-12-16|2025-12-23|2025-12-30|2026-01-06|2026-01-13|2026-01-20|2026-01-27|2026-02-03|2026-02-10|2026-02-17|2026-02-24|2026-03-03|2026-03-10|2026-03-17|2026-03-24|2026-03-31|2026-04-07|2026-04-14|2026-04-21|2026-04-28|2026-05-05|2026-05-12|2026-05-19|2026-05-26|2026-06-02|2026-06-09|2026-06-16|2026-06-23|2026-06-30|2026-07-07|2026-07-14|2026-07-21|2026-07-28|2026-08-11|2026-08-18|2026-09-01|2026-09-08|2026-09-15
397,2026-08-25T17:27:24+00:00,Buy,50,included,2025-09-30|2025-10-07|2025-10-14|2025-10-21|2025-10-28|2025-11-04|2025-11-11|2025-11-18|2025-11-25|2025-12-02|2025-12-09|2025-12-16|2025-12-23|2025-12-30|2026-01-06|2026-01-13|2026-01-20|2026-01-27|2026-02-03|2026-02-10|2026-02-17|2026-02-24|2026-03-03|2026-03-10|2026-03-17|2026-03-24|2026-03-31|2026-04-07|2026-04-14|2026-04-21|2026-04-28|2026-05-05|2026-05-12|2026-05-19|2026-05-26|2026-06-02|2026-06-09|2026-06-16|2026-06-23|2026-06-30|2026-07-07|2026-07-14|2026-07-21|2026-07-28|2026-08-04|2026-08-11|2026-08-18|2026-09-01|2026-09-08|2026-09-15
398,2026-08-26T04:57:51+00:00,Buy,31,included,2025-10-01|2025-10-08|2025-10-15|2025-10-22|2025-10-29|2026-03-11|2026-03-18|2026-03-25|2026-04-01|2026-04-08|2026-04-15|2026-04-22|2026-04-29|2026-05-06|2026-05-13|2026-05-20|2026-05-27|2026-06-03|2026-06-17|2026-06-24|2026-07-01|2026-07-08|2026-07-15|2026-07-22|2026-07-29|2026-08-05|2026-08-12|2026-08-19|2026-09-02|2026-09-09|2026-09-16
399,2026-08-27T08:17:10+00:00,Sell,49,included,2025-09-25|2025-10-02|2025-10-09|2025-10-16|2025-10-23|2025-10-30|2025-11-06|2025-11-13|2025-11-20|2025-11-27|2025-12-04|2025-12-11|2025-12-18|2026-01-08|2026-01-15|2026-01-22|2026-01-29|2026-02-05|2026-02-12|2026-02-19|2026-02-26|2026-03-05|2026-03-12|2026-03-19|2026-03-26|2026-04-02|2026-04-09|2026-04-16|2026-04-23|2026-04-30|2026-05-07|2026-05-14|2026-05-21|2026-05-28|2026-06-04|2026-06-11|2026-06-18|2026-06-25|2026-07-02|2026-07-09|2026-07-16|2026-07-23|2026-07-30|2026-08-06|2026-08-13|2026-08-20|2026-09-03|2026-09-10|2026-09-17
400,2026-08-28T05:18:43+00:00,Buy,47,included,2025-09-26|2025-10-03|2025-10-10|2025-10-17|2025-10-24|2025-10-31|2025-11-07|2025-11-14|2025-11-21|2025-11-28|2025-12-05|2025-12-12|2025-12-19|2025-12-26|2026-01-02|2026-01-09|2026-01-16|2026-01-23|2026-01-30|2026-02-06|2026-02-13|2026-02-20|2026-02-27|2026-03-06|2026-03-13|2026-03-20|2026-03-27|2026-04-24|2026-05-01|2026-05-08|2026-05-15|2026-05-22|2026-05-29|2026-06-05|2026-06-19|2026-06-26|2026-07-03|2026-07-10|2026-07-17|2026-07-24|2026-07-31|2026-08-07|2026-08-14|2026-08-21|2026-09-04|2026-09-11|2026-09-18
401,2026-08-31T05:03:50+00:00,Sell,47,included,2025-09-29|2025-10-06|2025-10-13|2025-10-20|2025-10-27|2025-11-03|2025-11-10|2025-11-17|2025-11-24|2025-12-01|2025-12-15|2025-12-22|2025-12-29|2026-01-05|2026-01-12|2026-01-19|2026-01-26|2026-02-09|2026-02-16|2026-02-23|2026-03-02|2026-03-09|2026-03-16|2026-03-23|2026-03-30|2026-04-06|2026-04-13|2026-04-20|2026-04-27|2026-05-04|2026-05-11|2026-05-18|2026-05-25|2026-06-01|2026-06-08|2026-06-15|2026-06-22|2026-06-29|2026-07-06|2026-07-13|2026-07-20|2026-07-27|2026-08-10|2026-08-17|2026-08-24|2026-09-07|2026-09-14
402,2026-09-01T06:00:02+00:00,Sell,47,included,2025-09-30|2025-10-07|2025-10-14|2025-10-21|2025-10-28|2025-11-04|2025-11-11|2025-11-18|2025-11-25|2025-12-02|2025-12-09|2025-12-16|2025-12-23|2025-12-30|2026-01-06|2026-01-13|2026-01-20|2026-01-27|2026-02-03|2026-02-10|2026-02-17|2026-02-24|2026-03-10|2026-03-17|2026-03-24|2026-03-31|2026-04-14|2026-04-21|2026-05-05|2026-05-12|2026-05-19|2026-05-26|2026-06-02|2026-06-09|2026-06-16|2026-06-23|2026-06-30|2026-07-07|2026-07-14|2026-07-21|2026-07-28|2026-08-04|2026-08-11|2026-08-18|2026-08-25|2026-09-08|2026-09-15
403,2026-09-02T06:04:25+00:00,Buy,48,included,2025-10-01|2025-10-08|2025-10-15|2025-10-22|2025-10-29|2025-11-05|2025-11-12|2025-11-19|2025-11-26|2025-12-03|2025-12-10|2025-12-17|2025-12-24|2025-12-31|2026-01-07|2026-01-14|2026-01-21|2026-01-28|2026-02-04|2026-02-11|2026-02-18|2026-02-25|2026-03-04|2026-03-11|2026-03-18|2026-03-25|2026-04-01|2026-04-08|2026-04-15|2026-04-22|2026-05-06|2026-05-13|2026-05-27|2026-06-03|2026-06-10|2026-06-17|2026-06-24|2026-07-01|2026-07-08|2026-07-15|2026-07-22|2026-07-29|2026-08-05|2026-08-12|2026-08-19|2026-08-26|2026-09-09|2026-09-16
404,2026-09-02T15:21:55+00:00,Buy,49,included,2025-10-01|2025-10-08|2025-10-15|2025-10-22|2025-10-29|2025-11-05|2025-11-12|2025-11-19|2025-11-26|2025-12-03|2025-12-10|2025-12-17|2025-12-24|2025-12-31|2026-01-07|2026-01-14|2026-01-21|2026-01-28|2026-02-04|2026-02-11|2026-02-18|2026-02-25|2026-03-04|2026-03-11|2026-03-18|2026-03-25|2026-04-01|2026-04-08|2026-04-15|2026-04-22|2026-04-29|2026-05-06|2026-05-13|2026-05-20|2026-05-27|2026-06-10|2026-06-17|2026-06-24|2026-07-01|2026-07-08|2026-07-15|2026-07-22|2026-07-29|2026-08-05|2026-08-12|2026-08-19|2026-08-26|2026-09-09|2026-09-16
405,2026-09-03T05:48:56+00:00,Sell,48,included,2025-09-25|2025-10-02|2025-10-09|2025-10-16|2025-10-23|2025-10-30|2025-11-06|2025-11-13|2025-11-20|2025-11-27|2025-12-04|2025-12-11|2025-12-18|2026-01-08|2026-01-15|2026-01-22|2026-01-29|2026-02-05|2026-02-12|2026-02-19|2026-02-26|2026-03-05|2026-03-12|2026-03-19|2026-03-26|2026-04-02|2026-04-09|2026-04-16|2026-04-23|2026-04-30|2026-05-07|2026-05-14|2026-05-21|2026-05-28|2026-06-04|2026-06-11|2026-06-18|2026-06-25|2026-07-02|2026-07-09|2026-07-23|2026-07-30|2026-08-06|2026-08-13|2026-08-20|2026-08-27|2026-09-10|2026-09-17
406,2026-09-03T09:36:09+00:00,Sell,47,included,2025-09-25|2025-10-02|2025-10-09|2025-10-16|2025-10-23|2025-10-30|2025-11-06|2025-11-13|2025-11-20|2025-11-27|2025-12-04|2025-12-11|2025-12-18|2026-01-08|2026-01-15|2026-01-22|2026-01-29|2026-02-05|2026-02-12|2026-02-19|2026-03-05|2026-03-12|2026-03-19|2026-03-26|2026-04-02|2026-04-09|2026-04-16|2026-04-23|2026-04-30|2026-05-07|2026-05-14|2026-05-21|2026-05-28|2026-06-04|2026-06-11|2026-06-18|2026-06-25|2026-07-02|2026-07-09|2026-07-16|2026-07-23|2026-08-06|2026-08-13|2026-08-20|2026-08-27|2026-09-10|2026-09-17
407,2026-09-04T12:43:11+00:00,Sell,49,included,2025-09-26|2025-10-03|2025-10-10|2025-10-17|2025-10-24|2025-10-31|2025-11-07|2025-11-14|2025-11-21|2025-11-28|2025-12-05|2025-12-12|2025-12-26|2026-01-02|2026-01-09|2026-01-16|2026-01-23|2026-01-30|2026-02-06|2026-02-13|2026-02-20|2026-02-27|2026-03-06|2026-03-13|2026-03-20|2026-03-27|2026-04-10|2026-04-17|2026-04-24|2026-05-01|2026-05-08|2026-05-15|2026-05-22|2026-05-29|2026-06-05|2026-06-12|2026-06-19|2026-06-26|2026-07-03|2026-07-10|2026-07-17|2026-07-24|2026-07-31|2026-08-07|2026-08-14|2026-08-21|2026-08-28|2026-09-11|2026-09-18
408,2026-09-07T07:01:54+00:00,Buy,50,included,2025-09-29|2025-10-06|2025-10-13|2025-10-20|2025-10-27|2025-11-03|2025-11-10|2025-11-17|2025-11-24|2025-12-01|2025-12-08|2025-12-15|2025-12-22|2025-12-29|2026-01-05|2026-01-12|2026-01-19|2026-01-26|2026-02-02|2026-02-09|2026-02-16|2026-02-23|2026-03-02|2026-03-09|2026-03-16|2026-03-23|2026-03-30|2026-04-06|2026-04-13|2026-04-20|2026-04-27|2026-05-04|2026-05-11|2026-05-18|2026-05-25|2026-06-01|2026-06-08|2026-06-15|2026-06-22|2026-06-29|2026-07-06|2026-07-13|2026-07-20|2026-07-27|2026-08-03|2026-08-10|2026-08-17|2026-08-24|2026-08-31|2026-09-14
409,2026-09-08T17:07:06+00:00,Sell,50,included,2025-09-30|2025-10-07|2025-10-14|2025-10-21|2025-10-28|2025-11-04|2025-11-11|2025-11-18|2025-11-25|2025-12-02|2025-12-09|2025-12-16|2025-12-23|2025-12-30|2026-01-06|2026-01-13|2026-01-20|2026-01-27|2026-02-03|2026-02-10|2026-02-17|2026-02-24|2026-03-03|2026-03-10|2026-03-17|2026-03-24|2026-03-31|2026-04-07|2026-04-14|2026-04-21|2026-04-28|2026-05-05|2026-05-12|2026-05-19|2026-05-26|2026-06-02|2026-06-09|2026-06-16|2026-06-23|2026-06-30|2026-07-07|2026-07-14|2026-07-21|2026-07-28|2026-08-04|2026-08-11|2026-08-18|2026-08-25|2026-09-01|2026-09-15
410,2026-09-09T13:01:58+00:00,Buy,49,included,2025-10-01|2025-10-08|2025-10-15|2025-10-22|2025-10-29|2025-11-05|2025-11-12|2025-11-19|2025-11-26|2025-12-03|2025-12-10|2025-12-17|2025-12-24|2025-12-31|2026-01-07|2026-01-14|2026-01-21|2026-01-28|2026-02-04|2026-02-11|2026-02-18|2026-02-25|2026-03-04|2026-03-11|2026-03-18|2026-03-25|2026-04-01|2026-04-08|2026-04-22|2026-04-29|2026-05-06|2026-05-13|2026-05-20|2026-05-27|2026-06-03|2026-06-10|2026-06-17|2026-06-24|2026-07-01|2026-07-08|2026-07-15|2026-07-22|2026-07-29|2026-08-05|2026-08-12|2026-08-19|2026-08-26|2026-09-02|2026-09-16
411,2026-09-10T19:27:09+00:00,Sell,49,included,2025-09-25|2025-10-02|2025-10-09|2025-10-16|2025-10-23|2025-10-30|2025-11-06|2025-11-13|2025-11-20|2025-11-27|2025-12-04|2025-12-11|2025-12-18|2026-01-08|2026-01-15|2026-01-22|2026-01-29|2026-02-05|2026-02-12|2026-02-19|2026-02-26|2026-03-05|2026-03-12|2026-03-19|2026-03-26|2026-04-02|2026-04-09|2026-04-16|2026-04-23|2026-04-30|2026-05-07|2026-05-14|2026-05-21|2026-05-28|2026-06-04|2026-06-11|2026-06-18|2026-06-25|2026-07-02|2026-07-09|2026-07-16|2026-07-23|2026-07-30|2026-08-06|2026-08-13|2026-08-20|2026-08-27|2026-09-03|2026-09-17
412,2026-09-11T04:57:55+00:00,Buy,31,included,2025-09-26|2025-10-03|2025-10-10|2025-10-17|2025-10-24|2025-10-31|2026-03-13|2026-03-20|2026-03-27|2026-04-10|2026-04-17|2026-04-24|2026-05-01|2026-05-08|2026-05-15|2026-05-22|2026-05-29|2026-06-05|2026-06-12|2026-06-19|2026-06-26|2026-07-03|2026-07-10|2026-07-17|2026-07-24|2026-07-31|2026-08-07|2026-08-21|2026-08-28|2026-09-04|2026-09-18
413,2026-09-11T15:20:15+00:00,Buy,47,included,2025-09-26|2025-10-10|2025-10-17|2025-10-24|2025-10-31|2025-11-07|2025-11-14|2025-11-21|2025-11-28|2025-12-05|2025-12-12|2025-12-19|2025-12-26|2026-01-02|2026-01-09|2026-01-16|2026-01-23|2026-01-30|2026-02-06|2026-02-13|2026-02-20|2026-03-06|2026-03-13|2026-03-20|2026-04-10|2026-04-17|2026-04-24|2026-05-01|2026-05-08|2026-05-15|2026-05-22|2026-05-29|2026-06-05|2026-06-12|2026-06-19|2026-06-26|2026-07-03|2026-07-10|2026-07-17|2026-07-24|2026-07-31|2026-08-07|2026-08-14|2026-08-21|2026-08-28|2026-09-04|2026-09-18
414,2026-09-15T05:52:49+00:00,Sell,48,included,2025-09-30|2025-10-14|2025-10-21|2025-10-28|2025-11-04|2025-11-11|2025-11-18|2025-11-25|2025-12-02|2025-12-09|2025-12-16|2025-12-23|2025-12-30|2026-01-06|2026-01-13|2026-01-20|2026-01-27|2026-02-03|2026-02-10|2026-02-17|2026-02-24|2026-03-10|2026-03-17|2026-03-24|2026-03-31|2026-04-07|2026-04-14|2026-04-21|2026-04-28|2026-05-05|2026-05-12|2026-05-19|2026-05-26|2026-06-02|2026-06-09|2026-06-16|2026-06-23|2026-06-30|2026-07-07|2026-07-14|2026-07-21|2026-07-28|2026-08-04|2026-08-11|2026-08-18|2026-08-25|2026-09-01|2026-09-08
415,2026-09-16T06:36:42+00:00,Buy,48,included,2025-10-01|2025-10-08|2025-10-22|2025-10-29|2025-11-05|2025-11-12|2025-11-19|2025-11-26|2025-12-03|2025-12-10|2025-12-17|2025-12-24|2025-12-31|2026-01-07|2026-01-14|2026-01-21|2026-01-28|2026-02-04|2026-02-11|2026-02-18|2026-02-25|2026-03-04|2026-03-11|2026-03-18|2026-04-01|2026-04-08|2026-04-15|2026-04-22|2026-04-29|2026-05-06|2026-05-13|2026-05-20|2026-05-27|2026-06-03|2026-06-10|2026-06-17|2026-06-24|2026-07-01|2026-07-08|2026-07-15|2026-07-22|2026-07-29|2026-08-05|2026-08-12|2026-08-19|2026-08-26|2026-09-02|2026-09-09
416,2026-09-17T03:00:33+00:00,Buy,33,excluded_missing_history_or_alternatives,2025-09-25|2025-10-02|2025-10-09|2025-10-16|2025-10-23|2025-10-30|2026-03-12|2026-03-19|2026-03-26|2026-04-02|2026-04-09|2026-04-16|2026-04-23|2026-04-30|2026-05-07|2026-05-14|2026-05-21|2026-05-28|2026-06-04|2026-06-11|2026-06-18|2026-06-25|2026-07-02|2026-07-09|2026-07-16|2026-07-23|2026-07-30|2026-08-06|2026-08-13|2026-08-20|2026-08-27|2026-09-03|2026-09-10
417,2026-09-17T06:20:36+00:00,Sell,49,included,2025-09-25|2025-10-02|2025-10-09|2025-10-16|2025-10-23|2025-10-30|2025-11-06|2025-11-13|2025-11-20|2025-11-27|2025-12-04|2025-12-11|2025-12-18|2026-01-08|2026-01-15|2026-01-22|2026-01-29|2026-02-05|2026-02-12|2026-02-19|2026-02-26|2026-03-05|2026-03-12|2026-03-19|2026-03-26|2026-04-02|2026-04-09|2026-04-16|2026-04-23|2026-04-30|2026-05-07|2026-05-14|2026-05-21|2026-05-28|2026-06-04|2026-06-11|2026-06-18|2026-06-25|2026-07-02|2026-07-09|2026-07-16|2026-07-23|2026-07-30|2026-08-06|2026-08-13|2026-08-20|2026-08-27|2026-09-03|2026-09-10
418,2026-09-17T13:21:20+00:00,Sell,49,included,2025-09-25|2025-10-02|2025-10-09|2025-10-16|2025-10-23|2025-10-30|2025-11-06|2025-11-13|2025-11-20|2025-11-27|2025-12-04|2025-12-11|2025-12-18|2026-01-08|2026-01-15|2026-01-22|2026-01-29|2026-02-05|2026-02-12|2026-02-19|2026-02-26|2026-03-05|2026-03-12|2026-03-19|2026-03-26|2026-04-02|2026-04-09|2026-04-16|2026-04-23|2026-04-30|2026-05-07|2026-05-14|2026-05-21|2026-05-28|2026-06-04|2026-06-11|2026-06-18|2026-06-25|2026-07-02|2026-07-09|2026-07-16|2026-07-23|2026-07-30|2026-08-06|2026-08-13|2026-08-20|2026-08-27|2026-09-03|2026-09-10
419,2026-09-18T03:25:04+00:00,Buy,15,excluded_missing_history_or_alternatives,2025-11-07|2025-11-14|2025-11-21|2025-12-05|2025-12-12|2025-12-19|2026-01-09|2026-01-16|2026-01-23|2026-01-30|2026-02-06|2026-02-13|2026-02-20|2026-02-27|2026-03-06
