file,intended_hour_utc,bytes,status,tick_count,first_tick_utc,last_tick_utc,monotonic_non_decreasing,duplicate_timestamp_count,negative_or_crossed_quote_count,largest_interquote_gap_seconds,support_status
xauusd_ticks_2025-09-25T11-00-00-000Z.json,2025-09-25 11:00:00+00:00,689734,ok,13797,2025-09-25 11:00:00.220000+00:00,2025-09-25 11:59:59.646000+00:00,True,0.0,0.0,9.127,observed
xauusd_ticks_2025-09-25T16-00-00-000Z.json,2025-09-25 16:00:00+00:00,661836,ok,13241,2025-09-25 16:00:00.087000+00:00,2025-09-25 16:59:59.661000+00:00,True,0.0,0.0,6.806,observed
xauusd_ticks_2025-09-25T17-00-00-000Z.json,2025-09-25 17:00:00+00:00,652030,ok,13041,2025-09-25 17:00:00.066000+00:00,2025-09-25 17:59:58.343000+00:00,True,0.0,0.0,6.679,observed
xauusd_ticks_2025-09-25T19-00-00-000Z.json,2025-09-25 19:00:00+00:00,645699,ok,12914,2025-09-25 19:00:00.117000+00:00,2025-09-25 19:59:59.873000+00:00,True,0.0,0.0,5.77,observed
xauusd_ticks_2025-09-26T00-00-00-000Z.json,2025-09-26 00:00:00+00:00,438946,ok,8779,2025-09-26 00:00:00.107000+00:00,2025-09-26 00:59:59.432000+00:00,True,0.0,0.0,11.796,observed
xauusd_ticks_2025-09-26T10-00-00-000Z.json,2025-09-26 10:00:00+00:00,398298,ok,7966,2025-09-26 10:00:00.071000+00:00,2025-09-26 10:59:59.730000+00:00,True,0.0,0.0,10.447,observed
xauusd_ticks_2025-09-26T15-00-00-000Z.json,2025-09-26 15:00:00+00:00,866720,ok,17336,2025-09-26 15:00:00.050000+00:00,2025-09-26 15:59:59.865000+00:00,True,0.0,0.0,6.027,observed
xauusd_ticks_2025-09-26T16-00-00-000Z.json,2025-09-26 16:00:00+00:00,802531,ok,16051,2025-09-26 16:00:00.067000+00:00,2025-09-26 16:59:59.419000+00:00,True,0.0,0.0,6.354,observed
xauusd_ticks_2025-09-26T18-00-00-000Z.json,2025-09-26 18:00:00+00:00,2,empty,0,,,,,,,unknown
xauusd_ticks_2025-09-26T23-00-00-000Z.json,2025-09-26 23:00:00+00:00,2,empty,0,,,,,,,unknown
xauusd_ticks_2025-09-29T00-00-00-000Z.json,2025-09-29 00:00:00+00:00,561298,ok,11226,2025-09-29 00:00:00.088000+00:00,2025-09-29 00:59:58.972000+00:00,True,0.0,0.0,6.453,observed
xauusd_ticks_2025-09-29T05-00-00-000Z.json,2025-09-29 05:00:00+00:00,712281,ok,14246,2025-09-29 05:00:00.089000+00:00,2025-09-29 05:59:59.110000+00:00,True,0.0,0.0,5.123,observed
xauusd_ticks_2025-09-29T06-00-00-000Z.json,2025-09-29 06:00:00+00:00,825870,ok,16518,2025-09-29 06:00:00.065000+00:00,2025-09-29 06:59:59.287000+00:00,True,0.0,0.0,4.519,observed
xauusd_ticks_2025-09-29T08-00-00-000Z.json,2025-09-29 08:00:00+00:00,601642,ok,12033,2025-09-29 08:00:00.082000+00:00,2025-09-29 08:59:59.942000+00:00,True,0.0,0.0,9.185,observed
xauusd_ticks_2025-09-29T13-00-00-000Z.json,2025-09-29 13:00:00+00:00,1227528,ok,24560,2025-09-29 13:00:00.065000+00:00,2025-09-29 13:59:59.905000+00:00,True,0.0,0.0,2.972,observed
xauusd_ticks_2025-09-30T03-00-00-000Z.json,2025-09-30 03:00:00+00:00,636541,ok,12731,2025-09-30 03:00:00.398000+00:00,2025-09-30 03:59:59.747000+00:00,True,0.0,0.0,5.777,observed
xauusd_ticks_2025-09-30T08-00-00-000Z.json,2025-09-30 08:00:00+00:00,1240712,ok,24823,2025-09-30 08:00:00.034000+00:00,2025-09-30 08:59:59.218000+00:00,True,0.0,0.0,3.834,observed
xauusd_ticks_2025-09-30T09-00-00-000Z.json,2025-09-30 09:00:00+00:00,1018212,ok,20368,2025-09-30 09:00:00.073000+00:00,2025-09-30 09:59:59.903000+00:00,True,0.0,0.0,4.575,observed
xauusd_ticks_2025-09-30T11-00-00-000Z.json,2025-09-30 11:00:00+00:00,612600,ok,12252,2025-09-30 11:00:00.071000+00:00,2025-09-30 11:59:59.974000+00:00,True,0.0,0.0,7.692,observed
xauusd_ticks_2025-09-30T16-00-00-000Z.json,2025-09-30 16:00:00+00:00,723198,ok,14464,2025-09-30 16:00:00.038000+00:00,2025-09-30 16:59:59.877000+00:00,True,0.0,0.0,6.416,observed
xauusd_ticks_2025-10-01T01-00-00-000Z.json,2025-10-01 01:00:00+00:00,399351,ok,7987,2025-10-01 01:00:00.031000+00:00,2025-10-01 01:59:58.705000+00:00,True,0.0,0.0,14.076,observed
xauusd_ticks_2025-10-01T03-00-00-000Z.json,2025-10-01 03:00:00+00:00,568551,ok,11371,2025-10-01 03:00:00.113000+00:00,2025-10-01 03:59:59.328000+00:00,True,0.0,0.0,13.506,observed
xauusd_ticks_2025-10-01T06-00-00-000Z.json,2025-10-01 06:00:00+00:00,571825,ok,11456,2025-10-01 06:00:00.040000+00:00,2025-10-01 06:59:59.566000+00:00,True,0.0,0.0,6.946,observed
xauusd_ticks_2025-10-01T07-00-00-000Z.json,2025-10-01 07:00:00+00:00,705851,ok,14117,2025-10-01 07:00:00.120000+00:00,2025-10-01 07:59:59.391000+00:00,True,0.0,0.0,4.826,observed
xauusd_ticks_2025-10-01T08-00-00-000Z.json,2025-10-01 08:00:00+00:00,746371,ok,14930,2025-10-01 08:00:00.045000+00:00,2025-10-01 08:59:58.994000+00:00,True,0.0,0.0,6.767,observed
xauusd_ticks_2025-10-01T09-00-00-000Z.json,2025-10-01 09:00:00+00:00,583851,ok,11677,2025-10-01 09:00:00.102000+00:00,2025-10-01 09:59:59.981000+00:00,True,0.0,0.0,5.561,observed
xauusd_ticks_2025-10-01T11-00-00-000Z.json,2025-10-01 11:00:00+00:00,517000,ok,10340,2025-10-01 11:00:00.109000+00:00,2025-10-01 11:59:58.715000+00:00,True,0.0,0.0,6.708,observed
xauusd_ticks_2025-10-01T14-00-00-000Z.json,2025-10-01 14:00:00+00:00,1271936,ok,25440,2025-10-01 14:00:00.079000+00:00,2025-10-01 14:59:59.871000+00:00,True,0.0,0.0,2.367,observed
xauusd_ticks_2025-10-01T16-00-00-000Z.json,2025-10-01 16:00:00+00:00,750101,ok,15002,2025-10-01 16:00:00.036000+00:00,2025-10-01 16:59:59.850000+00:00,True,0.0,0.0,3.967,observed
xauusd_ticks_2025-10-02T00-00-00-000Z.json,2025-10-02 00:00:00+00:00,391099,ok,7822,2025-10-02 00:00:00.084000+00:00,2025-10-02 00:59:57.779000+00:00,True,0.0,0.0,10.111,observed
xauusd_ticks_2025-10-02T01-00-00-000Z.json,2025-10-02 01:00:00+00:00,432339,ok,8647,2025-10-02 01:00:00.093000+00:00,2025-10-02 01:59:59.938000+00:00,True,0.0,0.0,10.489,observed
xauusd_ticks_2025-10-02T05-00-00-000Z.json,2025-10-02 05:00:00+00:00,286101,ok,5722,2025-10-02 05:00:00.110000+00:00,2025-10-02 05:59:59.158000+00:00,True,0.0,0.0,16.92,observed
xauusd_ticks_2025-10-02T06-00-00-000Z.json,2025-10-02 06:00:00+00:00,504714,ok,10103,2025-10-02 06:00:00.063000+00:00,2025-10-02 06:59:59.992000+00:00,True,0.0,0.0,10.485,observed
xauusd_ticks_2025-10-02T07-00-00-000Z.json,2025-10-02 07:00:00+00:00,749822,ok,14997,2025-10-02 07:00:00.043000+00:00,2025-10-02 07:59:59.414000+00:00,True,0.0,0.0,6.138,observed
xauusd_ticks_2025-10-02T08-00-00-000Z.json,2025-10-02 08:00:00+00:00,555850,ok,11117,2025-10-02 08:00:00.119000+00:00,2025-10-02 08:59:59.808000+00:00,True,0.0,0.0,10.242,observed
xauusd_ticks_2025-10-02T09-00-00-000Z.json,2025-10-02 09:00:00+00:00,495750,ok,9915,2025-10-02 09:00:00.111000+00:00,2025-10-02 09:59:59.030000+00:00,True,0.0,0.0,7.699,observed
xauusd_ticks_2025-10-02T12-00-00-000Z.json,2025-10-02 12:00:00+00:00,761444,ok,15229,2025-10-02 12:00:00.079000+00:00,2025-10-02 12:59:59.972000+00:00,True,0.0,0.0,8.693,observed
xauusd_ticks_2025-10-02T13-00-00-000Z.json,2025-10-02 13:00:00+00:00,1199511,ok,23991,2025-10-02 13:00:00.457000+00:00,2025-10-02 13:59:59.933000+00:00,True,0.0,0.0,4.211,observed
xauusd_ticks_2025-10-02T14-00-00-000Z.json,2025-10-02 14:00:00+00:00,1713285,ok,34288,2025-10-02 14:00:00.185000+00:00,2025-10-02 14:59:59.990000+00:00,True,0.0,0.0,1.41,observed
xauusd_ticks_2025-10-02T15-00-00-000Z.json,2025-10-02 15:00:00+00:00,1356246,ok,27126,2025-10-02 15:00:00.041000+00:00,2025-10-02 15:59:59.908000+00:00,True,0.0,0.0,2.067,observed
xauusd_ticks_2025-10-02T16-00-00-000Z.json,2025-10-02 16:00:00+00:00,971340,ok,19430,2025-10-02 16:00:00.109000+00:00,2025-10-02 16:59:59.420000+00:00,True,0.0,0.0,3.994,observed
xauusd_ticks_2025-10-02T20-00-00-000Z.json,2025-10-02 20:00:00+00:00,250701,ok,5014,2025-10-02 20:00:00.130000+00:00,2025-10-02 20:59:59.719000+00:00,True,0.0,0.0,20.79,observed
xauusd_ticks_2025-10-02T21-00-00-000Z.json,2025-10-02 21:00:00+00:00,2,empty,0,,,,,,,unknown
xauusd_ticks_2025-10-03T02-00-00-000Z.json,2025-10-03 02:00:00+00:00,359651,ok,7193,2025-10-03 02:00:00.111000+00:00,2025-10-03 02:59:58.522000+00:00,True,0.0,0.0,8.04,observed
xauusd_ticks_2025-10-03T07-00-00-000Z.json,2025-10-03 07:00:00+00:00,358046,ok,7161,2025-10-03 07:00:00.025000+00:00,2025-10-03 07:59:59.641000+00:00,True,0.0,0.0,11.364,observed
xauusd_ticks_2025-10-03T08-00-00-000Z.json,2025-10-03 08:00:00+00:00,396101,ok,7922,2025-10-03 08:00:00.095000+00:00,2025-10-03 08:59:58.970000+00:00,True,0.0,0.0,10.454,observed
xauusd_ticks_2025-10-03T10-00-00-000Z.json,2025-10-03 10:00:00+00:00,438150,ok,8763,2025-10-03 10:00:00.141000+00:00,2025-10-03 10:59:59.448000+00:00,True,0.0,0.0,12.203,observed
xauusd_ticks_2025-10-03T15-00-00-000Z.json,2025-10-03 15:00:00+00:00,997227,ok,19945,2025-10-03 15:00:00.081000+00:00,2025-10-03 15:59:59.903000+00:00,True,0.0,0.0,4.073,observed
xauusd_ticks_2025-10-03T16-00-00-000Z.json,2025-10-03 16:00:00+00:00,917814,ok,18357,2025-10-03 16:00:00.004000+00:00,2025-10-03 16:59:59.935000+00:00,True,0.0,0.0,4.872,observed
xauusd_ticks_2025-10-03T18-00-00-000Z.json,2025-10-03 18:00:00+00:00,709201,ok,14184,2025-10-03 18:00:00.079000+00:00,2025-10-03 18:59:59.918000+00:00,True,0.0,0.0,6.283,observed
xauusd_ticks_2025-10-03T23-00-00-000Z.json,2025-10-03 23:00:00+00:00,2,empty,0,,,,,,,unknown
xauusd_ticks_2025-10-06T04-00-00-000Z.json,2025-10-06 04:00:00+00:00,564197,ok,11284,2025-10-06 04:00:00.025000+00:00,2025-10-06 04:59:58.900000+00:00,True,0.0,0.0,7.03,observed
xauusd_ticks_2025-10-06T06-00-00-000Z.json,2025-10-06 06:00:00+00:00,817235,ok,16345,2025-10-06 06:00:00.070000+00:00,2025-10-06 06:59:59.205000+00:00,True,0.0,0.0,4.827,observed
xauusd_ticks_2025-10-06T09-00-00-000Z.json,2025-10-06 09:00:00+00:00,536001,ok,10720,2025-10-06 09:00:00.072000+00:00,2025-10-06 09:59:59.997000+00:00,True,0.0,0.0,9.541,observed
xauusd_ticks_2025-10-06T10-00-00-000Z.json,2025-10-06 10:00:00+00:00,586535,ok,11733,2025-10-06 10:00:00.098000+00:00,2025-10-06 10:59:59.422000+00:00,True,0.0,0.0,7.861,observed
xauusd_ticks_2025-10-06T11-00-00-000Z.json,2025-10-06 11:00:00+00:00,729803,ok,14601,2025-10-06 11:00:00.129000+00:00,2025-10-06 11:59:59.970000+00:00,True,0.0,0.0,4.732,observed
xauusd_ticks_2025-10-06T12-00-00-000Z.json,2025-10-06 12:00:00+00:00,1042303,ok,20848,2025-10-06 12:00:00.022000+00:00,2025-10-06 12:59:59.989000+00:00,True,0.0,0.0,3.676,observed
xauusd_ticks_2025-10-06T14-00-00-000Z.json,2025-10-06 14:00:00+00:00,1227033,ok,24541,2025-10-06 14:00:00.008000+00:00,2025-10-06 14:59:59.851000+00:00,True,0.0,0.0,4.308,observed
xauusd_ticks_2025-10-06T17-00-00-000Z.json,2025-10-06 17:00:00+00:00,637099,ok,12742,2025-10-06 17:00:00.099000+00:00,2025-10-06 17:59:59.971000+00:00,True,0.0,0.0,9.755,observed
xauusd_ticks_2025-10-06T19-00-00-000Z.json,2025-10-06 19:00:00+00:00,587151,ok,11743,2025-10-06 19:00:00.090000+00:00,2025-10-06 19:59:59.933000+00:00,True,0.0,0.0,18.289,observed
xauusd_ticks_2025-10-07T00-00-00-000Z.json,2025-10-07 00:00:00+00:00,718151,ok,14363,2025-10-07 00:00:00.143000+00:00,2025-10-07 00:59:59.869000+00:00,True,0.0,0.0,5.131,observed
xauusd_ticks_2025-10-07T01-00-00-000Z.json,2025-10-07 01:00:00+00:00,648551,ok,12971,2025-10-07 01:00:00.122000+00:00,2025-10-07 01:59:59.913000+00:00,True,0.0,0.0,7.583,observed
xauusd_ticks_2025-10-07T05-00-00-000Z.json,2025-10-07 05:00:00+00:00,623700,ok,12474,2025-10-07 05:00:00.095000+00:00,2025-10-07 05:59:59.526000+00:00,True,0.0,0.0,9.846,observed
xauusd_ticks_2025-10-07T06-00-00-000Z.json,2025-10-07 06:00:00+00:00,621999,ok,12440,2025-10-07 06:00:00.029000+00:00,2025-10-07 06:59:59.324000+00:00,True,0.0,0.0,8.089,observed
xauusd_ticks_2025-10-07T07-00-00-000Z.json,2025-10-07 07:00:00+00:00,1184138,ok,23683,2025-10-07 07:00:00.031000+00:00,2025-10-07 07:59:59.448000+00:00,True,0.0,0.0,4.545,observed
xauusd_ticks_2025-10-07T08-00-00-000Z.json,2025-10-07 08:00:00+00:00,720676,ok,14416,2025-10-07 08:00:00.004000+00:00,2025-10-07 08:59:56.328000+00:00,True,0.0,0.0,7.662,observed
xauusd_ticks_2025-10-07T09-00-00-000Z.json,2025-10-07 09:00:00+00:00,571451,ok,11429,2025-10-07 09:00:00.210000+00:00,2025-10-07 09:59:59.577000+00:00,True,0.0,0.0,10.265,observed
xauusd_ticks_2025-10-07T13-00-00-000Z.json,2025-10-07 13:00:00+00:00,1271519,ok,25431,2025-10-07 13:00:00.054000+00:00,2025-10-07 13:59:59.945000+00:00,True,0.0,0.0,2.968,observed
xauusd_ticks_2025-10-07T14-00-00-000Z.json,2025-10-07 14:00:00+00:00,1396743,ok,27935,2025-10-07 14:00:00.097000+00:00,2025-10-07 14:59:59.991000+00:00,True,0.0,0.0,2.651,observed
xauusd_ticks_2025-10-08T04-00-00-000Z.json,2025-10-08 04:00:00+00:00,526515,ok,10539,2025-10-08 04:00:00.212000+00:00,2025-10-08 04:59:58.978000+00:00,True,0.0,0.0,8.524,observed
xauusd_ticks_2025-10-08T09-00-00-000Z.json,2025-10-08 09:00:00+00:00,592898,ok,11858,2025-10-08 09:00:00.078000+00:00,2025-10-08 09:59:59.807000+00:00,True,0.0,0.0,9.48,observed
xauusd_ticks_2025-10-08T10-00-00-000Z.json,2025-10-08 10:00:00+00:00,687650,ok,13753,2025-10-08 10:00:00.009000+00:00,2025-10-08 10:59:59.194000+00:00,True,0.0,0.0,8.183,observed
xauusd_ticks_2025-10-08T12-00-00-000Z.json,2025-10-08 12:00:00+00:00,912088,ok,18242,2025-10-08 12:00:00.020000+00:00,2025-10-08 12:59:59.902000+00:00,True,0.0,0.0,3.573,observed
xauusd_ticks_2025-10-08T17-00-00-000Z.json,2025-10-08 17:00:00+00:00,733598,ok,14672,2025-10-08 17:00:00.101000+00:00,2025-10-08 17:59:59.870000+00:00,True,0.0,0.0,12.175,observed
xauusd_ticks_2025-10-09T06-00-00-000Z.json,2025-10-09 06:00:00+00:00,902840,ok,18057,2025-10-09 06:00:00.050000+00:00,2025-10-09 06:59:59.917000+00:00,True,0.0,0.0,4.801,observed
xauusd_ticks_2025-10-09T11-00-00-000Z.json,2025-10-09 11:00:00+00:00,603450,ok,12069,2025-10-09 11:00:00.098000+00:00,2025-10-09 11:59:58.792000+00:00,True,0.0,0.0,6.344,observed
xauusd_ticks_2025-10-09T12-00-00-000Z.json,2025-10-09 12:00:00+00:00,897701,ok,17954,2025-10-09 12:00:00.101000+00:00,2025-10-09 12:59:59.973000+00:00,True,0.0,0.0,5.03,observed
xauusd_ticks_2025-10-09T14-00-00-000Z.json,2025-10-09 14:00:00+00:00,2143947,ok,42880,2025-10-09 14:00:00.015000+00:00,2025-10-09 14:59:59.980000+00:00,True,0.0,0.0,1.104,observed
xauusd_ticks_2025-10-09T19-00-00-000Z.json,2025-10-09 19:00:00+00:00,2,empty,0,,,,,,,unknown
xauusd_ticks_2025-10-10T11-00-00-000Z.json,2025-10-10 11:00:00+00:00,793648,ok,15873,2025-10-10 11:00:00.090000+00:00,2025-10-10 11:59:59.612000+00:00,True,0.0,0.0,8.746,observed
xauusd_ticks_2025-10-10T16-00-00-000Z.json,2025-10-10 16:00:00+00:00,1711148,ok,34223,2025-10-10 16:00:00.064000+00:00,2025-10-10 16:59:59.965000+00:00,True,0.0,0.0,2.117,observed
xauusd_ticks_2025-10-10T17-00-00-000Z.json,2025-10-10 17:00:00+00:00,1214101,ok,24282,2025-10-10 17:00:00.066000+00:00,2025-10-10 17:59:59.985000+00:00,True,0.0,0.0,3.661,observed
xauusd_ticks_2025-10-10T19-00-00-000Z.json,2025-10-10 19:00:00+00:00,1300645,ok,26013,2025-10-10 19:00:00.091000+00:00,2025-10-10 19:59:59.929000+00:00,True,0.0,0.0,3.168,observed
xauusd_ticks_2025-10-11T00-00-00-000Z.json,2025-10-11 00:00:00+00:00,2,empty,0,,,,,,,unknown
xauusd_ticks_2025-10-13T07-00-00-000Z.json,2025-10-13 07:00:00+00:00,820232,ok,16405,2025-10-13 07:00:00.087000+00:00,2025-10-13 07:59:59.398000+00:00,True,0.0,0.0,5.724,observed
xauusd_ticks_2025-10-13T12-00-00-000Z.json,2025-10-13 12:00:00+00:00,808808,ok,16177,2025-10-13 12:00:00.069000+00:00,2025-10-13 12:59:59.912000+00:00,True,0.0,0.0,5.306,observed
xauusd_ticks_2025-10-13T13-00-00-000Z.json,2025-10-13 13:00:00+00:00,1163230,ok,23265,2025-10-13 13:00:00.014000+00:00,2025-10-13 13:59:59.805000+00:00,True,0.0,0.0,3.115,observed
xauusd_ticks_2025-10-13T15-00-00-000Z.json,2025-10-13 15:00:00+00:00,843450,ok,16869,2025-10-13 15:00:00.103000+00:00,2025-10-13 15:59:59.965000+00:00,True,0.0,0.0,4.379,observed
xauusd_ticks_2025-10-13T20-00-00-000Z.json,2025-10-13 20:00:00+00:00,218951,ok,4379,2025-10-13 20:00:00.085000+00:00,2025-10-13 20:59:59.070000+00:00,True,0.0,0.0,26.392,observed
xauusd_ticks_2025-10-14T02-00-00-000Z.json,2025-10-14 02:00:00+00:00,829151,ok,16583,2025-10-14 02:00:00.070000+00:00,2025-10-14 02:59:59.904000+00:00,True,0.0,0.0,7.183,observed
xauusd_ticks_2025-10-14T07-00-00-000Z.json,2025-10-14 07:00:00+00:00,1396036,ok,27922,2025-10-14 07:00:00.099000+00:00,2025-10-14 07:59:59.837000+00:00,True,0.0,0.0,2.591,observed
xauusd_ticks_2025-10-14T08-00-00-000Z.json,2025-10-14 08:00:00+00:00,1218027,ok,24361,2025-10-14 08:00:00.090000+00:00,2025-10-14 08:59:59.086000+00:00,True,0.0,0.0,4.87,observed
xauusd_ticks_2025-10-14T10-00-00-000Z.json,2025-10-14 10:00:00+00:00,1021340,ok,20427,2025-10-14 10:00:00.031000+00:00,2025-10-14 10:59:59.699000+00:00,True,0.0,0.0,3.437,observed
xauusd_ticks_2025-10-14T15-00-00-000Z.json,2025-10-14 15:00:00+00:00,1060561,ok,21212,2025-10-14 15:00:00.002000+00:00,2025-10-14 15:59:59.938000+00:00,True,0.0,0.0,4.071,observed
xauusd_ticks_2025-10-15T01-00-00-000Z.json,2025-10-15 01:00:00+00:00,1104534,ok,22091,2025-10-15 01:00:00.099000+00:00,2025-10-15 01:59:56.814000+00:00,True,0.0,0.0,3.966,observed
xauusd_ticks_2025-10-15T06-00-00-000Z.json,2025-10-15 06:00:00+00:00,649496,ok,12990,2025-10-15 06:00:00.093000+00:00,2025-10-15 06:59:59.955000+00:00,True,0.0,0.0,5.885,observed
xauusd_ticks_2025-10-15T07-00-00-000Z.json,2025-10-15 07:00:00+00:00,567441,ok,11349,2025-10-15 07:00:00.038000+00:00,2025-10-15 07:59:59.324000+00:00,True,0.0,0.0,9.994,observed
xauusd_ticks_2025-10-15T09-00-00-000Z.json,2025-10-15 09:00:00+00:00,1073703,ok,21475,2025-10-15 09:00:00.084000+00:00,2025-10-15 09:59:59.657000+00:00,True,0.0,0.0,3.723,observed
xauusd_ticks_2025-10-15T14-00-00-000Z.json,2025-10-15 14:00:00+00:00,1269266,ok,25386,2025-10-15 14:00:00.053000+00:00,2025-10-15 14:59:59.918000+00:00,True,0.0,0.0,2.56,observed
xauusd_ticks_2025-10-16T05-00-00-000Z.json,2025-10-16 05:00:00+00:00,1159901,ok,23199,2025-10-16 05:00:00.064000+00:00,2025-10-16 05:59:59.825000+00:00,True,0.0,0.0,4.869,observed
xauusd_ticks_2025-10-16T10-00-00-000Z.json,2025-10-16 10:00:00+00:00,580441,ok,11609,2025-10-16 10:00:00.083000+00:00,2025-10-16 10:59:59.576000+00:00,True,0.0,0.0,9.744,observed
xauusd_ticks_2025-10-16T11-00-00-000Z.json,2025-10-16 11:00:00+00:00,604969,ok,12100,2025-10-16 11:00:00.080000+00:00,2025-10-16 11:59:58.298000+00:00,True,0.0,0.0,5.835,observed
xauusd_ticks_2025-10-16T13-00-00-000Z.json,2025-10-16 13:00:00+00:00,1295294,ok,25909,2025-10-16 13:00:00.092000+00:00,2025-10-16 13:59:59.971000+00:00,True,0.0,0.0,2.614,observed
xauusd_ticks_2025-10-16T18-00-00-000Z.json,2025-10-16 18:00:00+00:00,1188537,ok,23777,2025-10-16 18:00:00.096000+00:00,2025-10-16 18:59:59.990000+00:00,True,0.0,0.0,2.735,observed
xauusd_ticks_2025-10-17T05-00-00-000Z.json,2025-10-17 05:00:00+00:00,1087407,ok,21749,2025-10-17 05:00:00.100000+00:00,2025-10-17 05:59:59.998000+00:00,True,0.0,0.0,4.471,observed
xauusd_ticks_2025-10-17T07-00-00-000Z.json,2025-10-17 07:00:00+00:00,1549435,ok,30994,2025-10-17 07:00:00.042000+00:00,2025-10-17 07:59:59.920000+00:00,True,0.0,0.0,2.471,observed
xauusd_ticks_2025-10-17T10-00-00-000Z.json,2025-10-17 10:00:00+00:00,984302,ok,19687,2025-10-17 10:00:01.643000+00:00,2025-10-17 10:59:59.952000+00:00,True,0.0,0.0,4.772,observed
xauusd_ticks_2025-10-17T11-00-00-000Z.json,2025-10-17 11:00:00+00:00,1620028,ok,32403,2025-10-17 11:00:00.054000+00:00,2025-10-17 11:59:59.902000+00:00,True,0.0,0.0,2.809,observed
xauusd_ticks_2025-10-17T12-00-00-000Z.json,2025-10-17 12:00:00+00:00,1749161,ok,34985,2025-10-17 12:00:00.004000+00:00,2025-10-17 12:59:59.978000+00:00,True,0.0,0.0,2.523,observed
xauusd_ticks_2025-10-17T13-00-00-000Z.json,2025-10-17 13:00:00+00:00,2032409,ok,40650,2025-10-17 13:00:00.080000+00:00,2025-10-17 13:59:59.934000+00:00,True,0.0,0.0,1.663,observed
xauusd_ticks_2025-10-17T15-00-00-000Z.json,2025-10-17 15:00:00+00:00,1673624,ok,33475,2025-10-17 15:00:00.012000+00:00,2025-10-17 15:59:59.850000+00:00,True,0.0,0.0,1.697,observed
xauusd_ticks_2025-10-17T18-00-00-000Z.json,2025-10-17 18:00:00+00:00,1249651,ok,24993,2025-10-17 18:00:00+00:00,2025-10-17 18:59:59.992000+00:00,True,0.0,0.0,3.469,observed
xauusd_ticks_2025-10-17T20-00-00-000Z.json,2025-10-17 20:00:00+00:00,846620,ok,16933,2025-10-17 20:00:00.095000+00:00,2025-10-17 20:59:58.420000+00:00,True,0.0,0.0,7.483,observed
xauusd_ticks_2025-10-20T03-00-00-000Z.json,2025-10-20 03:00:00+00:00,820045,ok,16401,2025-10-20 03:00:00.019000+00:00,2025-10-20 03:59:59.879000+00:00,True,0.0,0.0,6.638,observed
xauusd_ticks_2025-10-20T08-00-00-000Z.json,2025-10-20 08:00:00+00:00,694299,ok,13886,2025-10-20 08:00:00.073000+00:00,2025-10-20 08:59:59.423000+00:00,True,0.0,0.0,5.591,observed
xauusd_ticks_2025-10-20T09-00-00-000Z.json,2025-10-20 09:00:00+00:00,547801,ok,10956,2025-10-20 09:00:00.080000+00:00,2025-10-20 09:59:59.724000+00:00,True,0.0,0.0,9.918,observed
xauusd_ticks_2025-10-20T11-00-00-000Z.json,2025-10-20 11:00:00+00:00,660049,ok,13201,2025-10-20 11:00:00.061000+00:00,2025-10-20 11:59:59.768000+00:00,True,0.0,0.0,8.042,observed
xauusd_ticks_2025-10-20T16-00-00-000Z.json,2025-10-20 16:00:00+00:00,943443,ok,18869,2025-10-20 16:00:00+00:00,2025-10-20 16:59:59.927000+00:00,True,0.0,0.0,6.194,observed
xauusd_ticks_2025-10-21T02-00-00-000Z.json,2025-10-21 02:00:00+00:00,1034436,ok,20689,2025-10-21 02:00:00.170000+00:00,2025-10-21 02:59:59.709000+00:00,True,0.0,0.0,3.59,observed
xauusd_ticks_2025-10-21T05-00-00-000Z.json,2025-10-21 05:00:00+00:00,953490,ok,19070,2025-10-21 05:00:00.063000+00:00,2025-10-21 05:59:59.965000+00:00,True,0.0,0.0,4.913,observed
xauusd_ticks_2025-10-21T06-00-00-000Z.json,2025-10-21 06:00:00+00:00,926544,ok,18532,2025-10-21 06:00:00.066000+00:00,2025-10-21 06:59:59.803000+00:00,True,0.0,0.0,4.028,observed
xauusd_ticks_2025-10-21T07-00-00-000Z.json,2025-10-21 07:00:00+00:00,1310996,ok,26222,2025-10-21 07:00:00.055000+00:00,2025-10-21 07:59:59.769000+00:00,True,0.0,0.0,4.302,observed
xauusd_ticks_2025-10-21T08-00-00-000Z.json,2025-10-21 08:00:00+00:00,1679649,ok,33598,2025-10-21 08:00:00.071000+00:00,2025-10-21 08:59:59.340000+00:00,True,0.0,0.0,3.635,observed
xauusd_ticks_2025-10-21T10-00-00-000Z.json,2025-10-21 10:00:00+00:00,970423,ok,19409,2025-10-21 10:00:00.032000+00:00,2025-10-21 10:59:59.897000+00:00,True,0.0,0.0,4.223,observed
xauusd_ticks_2025-10-21T11-00-00-000Z.json,2025-10-21 11:00:00+00:00,875998,ok,17521,2025-10-21 11:00:00.099000+00:00,2025-10-21 11:59:59.386000+00:00,True,0.0,0.0,4.822,observed
xauusd_ticks_2025-10-21T12-00-00-000Z.json,2025-10-21 12:00:00+00:00,1760415,ok,35213,2025-10-21 12:00:00.076000+00:00,2025-10-21 12:59:59.904000+00:00,True,0.0,0.0,3.947,observed
xauusd_ticks_2025-10-21T13-00-00-000Z.json,2025-10-21 13:00:00+00:00,2166324,ok,43330,2025-10-21 13:00:00.005000+00:00,2025-10-21 13:59:59.998000+00:00,True,0.0,0.0,2.379,observed
xauusd_ticks_2025-10-21T14-00-00-000Z.json,2025-10-21 14:00:00+00:00,2288815,ok,45783,2025-10-21 14:00:00.100000+00:00,2025-10-21 14:59:59.968000+00:00,True,0.0,0.0,1.219,observed
xauusd_ticks_2025-10-21T15-00-00-000Z.json,2025-10-21 15:00:00+00:00,1878903,ok,37582,2025-10-21 15:00:00.221000+00:00,2025-10-21 15:59:59.957000+00:00,True,0.0,0.0,1.463,observed
xauusd_ticks_2025-10-21T18-00-00-000Z.json,2025-10-21 18:00:00+00:00,1084745,ok,21695,2025-10-21 18:00:00.057000+00:00,2025-10-21 18:59:59.952000+00:00,True,0.0,0.0,3.215,observed
xauusd_ticks_2025-10-21T19-00-00-000Z.json,2025-10-21 19:00:00+00:00,1208495,ok,24170,2025-10-21 19:00:00.055000+00:00,2025-10-21 19:59:59.956000+00:00,True,0.0,0.0,3.416,observed
xauusd_ticks_2025-10-22T02-00-00-000Z.json,2025-10-22 02:00:00+00:00,888801,ok,17776,2025-10-22 02:00:00.094000+00:00,2025-10-22 02:59:59.289000+00:00,True,0.0,0.0,6.828,observed
xauusd_ticks_2025-10-22T07-00-00-000Z.json,2025-10-22 07:00:00+00:00,1350262,ok,27008,2025-10-22 07:00:00.065000+00:00,2025-10-22 07:59:58.863000+00:00,True,0.0,0.0,3.551,observed
xauusd_ticks_2025-10-22T08-00-00-000Z.json,2025-10-22 08:00:00+00:00,1722174,ok,34445,2025-10-22 08:00:00.068000+00:00,2025-10-22 08:59:59.970000+00:00,True,0.0,0.0,11.135,observed
xauusd_ticks_2025-10-22T10-00-00-000Z.json,2025-10-22 10:00:00+00:00,1249645,ok,24994,2025-10-22 10:00:00.083000+00:00,2025-10-22 10:59:59.926000+00:00,True,0.0,0.0,4.624,observed
xauusd_ticks_2025-10-22T15-00-00-000Z.json,2025-10-22 15:00:00+00:00,1558428,ok,31171,2025-10-22 15:00:00.072000+00:00,2025-10-22 15:59:59.973000+00:00,True,0.0,0.0,2.317,observed
xauusd_ticks_2025-10-23T00-00-00-000Z.json,2025-10-23 00:00:00+00:00,1238193,ok,24764,2025-10-23 00:00:00.051000+00:00,2025-10-23 00:59:59.978000+00:00,True,0.0,0.0,5.571,observed
xauusd_ticks_2025-10-23T05-00-00-000Z.json,2025-10-23 05:00:00+00:00,648000,ok,12960,2025-10-23 05:00:00.100000+00:00,2025-10-23 05:59:59.752000+00:00,True,0.0,0.0,7.581,observed
xauusd_ticks_2025-10-23T06-00-00-000Z.json,2025-10-23 06:00:00+00:00,1374976,ok,27502,2025-10-23 06:00:00.057000+00:00,2025-10-23 06:59:59.584000+00:00,True,0.0,0.0,2.568,observed
xauusd_ticks_2025-10-23T08-00-00-000Z.json,2025-10-23 08:00:00+00:00,906421,ok,18129,2025-10-23 08:00:00.039000+00:00,2025-10-23 08:59:59.864000+00:00,True,0.0,0.0,7.664,observed
xauusd_ticks_2025-10-23T13-00-00-000Z.json,2025-10-23 13:00:00+00:00,1454714,ok,29097,2025-10-23 13:00:00.016000+00:00,2025-10-23 13:59:59.634000+00:00,True,0.0,0.0,2.167,observed
xauusd_ticks_2025-10-24T11-00-00-000Z.json,2025-10-24 11:00:00+00:00,2,empty,0,,,,,,,unknown
xauusd_ticks_2025-10-24T16-00-00-000Z.json,2025-10-24 16:00:00+00:00,883693,ok,17674,2025-10-24 16:00:00.075000+00:00,2025-10-24 16:59:59.814000+00:00,True,0.0,0.0,4.076,observed
xauusd_ticks_2025-10-24T17-00-00-000Z.json,2025-10-24 17:00:00+00:00,880701,ok,17614,2025-10-24 17:00:00.066000+00:00,2025-10-24 17:59:59.752000+00:00,True,0.0,0.0,5.831,observed
xauusd_ticks_2025-10-24T19-00-00-000Z.json,2025-10-24 19:00:00+00:00,713050,ok,14261,2025-10-24 19:00:00.080000+00:00,2025-10-24 19:59:59.813000+00:00,True,0.0,0.0,5.779,observed
xauusd_ticks_2025-10-25T00-00-00-000Z.json,2025-10-25 00:00:00+00:00,2,empty,0,,,,,,,unknown
xauusd_ticks_2025-10-27T00-00-00-000Z.json,2025-10-27 00:00:00+00:00,2,empty,0,,,,,,,unknown
xauusd_ticks_2025-10-27T05-00-00-000Z.json,2025-10-27 05:00:00+00:00,627587,ok,12556,2025-10-27 05:00:00.115000+00:00,2025-10-27 05:59:59.897000+00:00,True,0.0,0.0,8.227,observed
xauusd_ticks_2025-10-27T06-00-00-000Z.json,2025-10-27 06:00:00+00:00,708850,ok,14177,2025-10-27 06:00:00.100000+00:00,2025-10-27 06:59:59.617000+00:00,True,0.0,0.0,6.75,observed
xauusd_ticks_2025-10-27T08-00-00-000Z.json,2025-10-27 08:00:00+00:00,962725,ok,19255,2025-10-27 08:00:00.096000+00:00,2025-10-27 08:59:59.952000+00:00,True,0.0,0.0,4.886,observed
xauusd_ticks_2025-10-27T13-00-00-000Z.json,2025-10-27 13:00:00+00:00,2,empty,0,,,,,,,unknown
xauusd_ticks_2025-10-28T04-00-00-000Z.json,2025-10-28 04:00:00+00:00,722649,ok,14453,2025-10-28 04:00:00.191000+00:00,2025-10-28 04:59:57.722000+00:00,True,0.0,0.0,7.3,observed
xauusd_ticks_2025-10-28T09-00-00-000Z.json,2025-10-28 09:00:00+00:00,957991,ok,19160,2025-10-28 09:00:00.095000+00:00,2025-10-28 09:59:59.988000+00:00,True,0.0,0.0,3.919,observed
xauusd_ticks_2025-10-28T10-00-00-000Z.json,2025-10-28 10:00:00+00:00,827694,ok,16554,2025-10-28 10:00:00.090000+00:00,2025-10-28 10:59:59.951000+00:00,True,0.0,0.0,8.012,observed
xauusd_ticks_2025-10-28T12-00-00-000Z.json,2025-10-28 12:00:00+00:00,894176,ok,17884,2025-10-28 12:00:00.188000+00:00,2025-10-28 12:59:59.913000+00:00,True,0.0,0.0,5.144,observed
xauusd_ticks_2025-10-28T17-00-00-000Z.json,2025-10-28 17:00:00+00:00,792947,ok,15859,2025-10-28 17:00:00.063000+00:00,2025-10-28 17:59:59.690000+00:00,True,0.0,0.0,5.03,observed
xauusd_ticks_2025-10-30T01-00-00-000Z.json,2025-10-30 01:00:00+00:00,995669,ok,19916,2025-10-30 01:00:00.299000+00:00,2025-10-30 01:59:59.637000+00:00,True,0.0,0.0,4.651,observed
xauusd_ticks_2025-10-30T06-00-00-000Z.json,2025-10-30 06:00:00+00:00,899100,ok,17982,2025-10-30 06:00:00.085000+00:00,2025-10-30 06:59:59.594000+00:00,True,0.0,0.0,5.437,observed
xauusd_ticks_2025-10-30T07-00-00-000Z.json,2025-10-30 07:00:00+00:00,787194,ok,15744,2025-10-30 07:00:00.004000+00:00,2025-10-30 07:59:59.906000+00:00,True,0.0,0.0,6.272,observed
xauusd_ticks_2025-10-30T09-00-00-000Z.json,2025-10-30 09:00:00+00:00,884271,ok,17687,2025-10-30 09:00:00.097000+00:00,2025-10-30 09:59:59.980000+00:00,True,0.0,0.0,7.594,observed
xauusd_ticks_2025-10-30T14-00-00-000Z.json,2025-10-30 14:00:00+00:00,1678871,ok,33579,2025-10-30 14:00:00.162000+00:00,2025-10-30 14:59:59.935000+00:00,True,0.0,0.0,2.671,observed
xauusd_ticks_2025-11-03T10-00-00-000Z.json,2025-11-03 10:00:00+00:00,617092,ok,12342,2025-11-03 10:00:00.103000+00:00,2025-11-03 10:59:58.715000+00:00,True,0.0,0.0,10.987,observed
xauusd_ticks_2025-11-03T15-00-00-000Z.json,2025-11-03 15:00:00+00:00,1510230,ok,30207,2025-11-03 15:00:00.076000+00:00,2025-11-03 15:59:59.988000+00:00,True,0.0,0.0,2.207,observed
xauusd_ticks_2025-11-03T16-00-00-000Z.json,2025-11-03 16:00:00+00:00,1241435,ok,24829,2025-11-03 16:00:00.089000+00:00,2025-11-03 16:59:58.672000+00:00,True,0.0,0.0,5.53,observed
xauusd_ticks_2025-11-03T18-00-00-000Z.json,2025-11-03 18:00:00+00:00,796545,ok,15931,2025-11-03 18:00:00.090000+00:00,2025-11-03 18:59:59.975000+00:00,True,0.0,0.0,7.276,observed
xauusd_ticks_2025-11-03T23-00-00-000Z.json,2025-11-03 23:00:00+00:00,384747,ok,7695,2025-11-03 23:00:00.330000+00:00,2025-11-03 23:59:59.760000+00:00,True,0.0,0.0,17.116,observed
xauusd_ticks_2025-11-04T02-00-00-000Z.json,2025-11-04 02:00:00+00:00,731701,ok,14634,2025-11-04 02:00:00.080000+00:00,2025-11-04 02:59:59.857000+00:00,True,0.0,0.0,7.479,observed
xauusd_ticks_2025-11-04T07-00-00-000Z.json,2025-11-04 07:00:00+00:00,594500,ok,11890,2025-11-04 07:00:00.081000+00:00,2025-11-04 07:59:59.709000+00:00,True,0.0,0.0,10.995,observed
xauusd_ticks_2025-11-04T08-00-00-000Z.json,2025-11-04 08:00:00+00:00,628991,ok,12580,2025-11-04 08:00:00.113000+00:00,2025-11-04 08:59:59.917000+00:00,True,0.0,0.0,8.061,observed
xauusd_ticks_2025-11-04T10-00-00-000Z.json,2025-11-04 10:00:00+00:00,558001,ok,11160,2025-11-04 10:00:00.061000+00:00,2025-11-04 10:59:59.326000+00:00,True,0.0,0.0,8.048,observed
xauusd_ticks_2025-11-04T15-00-00-000Z.json,2025-11-04 15:00:00+00:00,1158497,ok,23170,2025-11-04 15:00:00.039000+00:00,2025-11-04 15:59:59.973000+00:00,True,0.0,0.0,3.246,observed
xauusd_ticks_2025-11-05T01-00-00-000Z.json,2025-11-05 01:00:00+00:00,751026,ok,15024,2025-11-05 01:00:00.120000+00:00,2025-11-05 01:59:59.506000+00:00,True,0.0,0.0,12.892,observed
xauusd_ticks_2025-11-05T02-00-00-000Z.json,2025-11-05 02:00:00+00:00,645051,ok,12901,2025-11-05 02:00:00.058000+00:00,2025-11-05 02:59:59.985000+00:00,True,0.0,0.0,8.189,observed
xauusd_ticks_2025-11-05T06-00-00-000Z.json,2025-11-05 06:00:00+00:00,517274,ok,10351,2025-11-05 06:00:00.013000+00:00,2025-11-05 06:59:59.299000+00:00,True,0.0,0.0,8.485,observed
xauusd_ticks_2025-11-05T07-00-00-000Z.json,2025-11-05 07:00:00+00:00,448598,ok,8972,2025-11-05 07:00:00.054000+00:00,2025-11-05 07:59:58.706000+00:00,True,0.0,0.0,17.061,observed
xauusd_ticks_2025-11-05T08-00-00-000Z.json,2025-11-05 08:00:00+00:00,572150,ok,11443,2025-11-05 08:00:00.064000+00:00,2025-11-05 08:59:59.883000+00:00,True,0.0,0.0,7.966,observed
xauusd_ticks_2025-11-05T09-00-00-000Z.json,2025-11-05 09:00:00+00:00,488001,ok,9760,2025-11-05 09:00:00.135000+00:00,2025-11-05 09:59:59.193000+00:00,True,0.0,0.0,9.451,observed
xauusd_ticks_2025-11-05T10-00-00-000Z.json,2025-11-05 10:00:00+00:00,535796,ok,10716,2025-11-05 10:00:00.599000+00:00,2025-11-05 10:59:58.923000+00:00,True,0.0,0.0,13.229,observed
xauusd_ticks_2025-11-05T14-00-00-000Z.json,2025-11-05 14:00:00+00:00,974300,ok,19486,2025-11-05 14:00:00.363000+00:00,2025-11-05 14:59:59.910000+00:00,True,0.0,0.0,4.373,observed
xauusd_ticks_2025-11-05T15-00-00-000Z.json,2025-11-05 15:00:00+00:00,1115451,ok,22309,2025-11-05 15:00:00.012000+00:00,2025-11-05 15:59:59.939000+00:00,True,0.0,0.0,3.415,observed
xauusd_ticks_2025-11-06T04-00-00-000Z.json,2025-11-06 04:00:00+00:00,228451,ok,4569,2025-11-06 04:00:00.047000+00:00,2025-11-06 04:59:56.844000+00:00,True,0.0,0.0,27.089,observed
xauusd_ticks_2025-11-06T06-00-00-000Z.json,2025-11-06 06:00:00+00:00,419600,ok,8392,2025-11-06 06:00:00.031000+00:00,2025-11-06 06:59:59.941000+00:00,True,0.0,0.0,12.095,observed
xauusd_ticks_2025-11-06T09-00-00-000Z.json,2025-11-06 09:00:00+00:00,441609,ok,8846,2025-11-06 09:00:00.066000+00:00,2025-11-06 09:59:56.588000+00:00,True,0.0,0.0,15.093,observed
xauusd_ticks_2025-11-06T10-00-00-000Z.json,2025-11-06 10:00:00+00:00,436261,ok,8726,2025-11-06 10:00:00.252000+00:00,2025-11-06 10:59:58.287000+00:00,True,0.0,0.0,14.194,observed
xauusd_ticks_2025-11-06T11-00-00-000Z.json,2025-11-06 11:00:00+00:00,483995,ok,9680,2025-11-06 11:00:00.098000+00:00,2025-11-06 11:59:59.200000+00:00,True,0.0,0.0,12.496,observed
xauusd_ticks_2025-11-06T12-00-00-000Z.json,2025-11-06 12:00:00+00:00,538290,ok,10766,2025-11-06 12:00:00.103000+00:00,2025-11-06 12:59:59.472000+00:00,True,0.0,0.0,10.677,observed
xauusd_ticks_2025-11-06T14-00-00-000Z.json,2025-11-06 14:00:00+00:00,1256648,ok,25133,2025-11-06 14:00:00.062000+00:00,2025-11-06 14:59:59.828000+00:00,True,0.0,0.0,3.416,observed
xauusd_ticks_2025-11-06T17-00-00-000Z.json,2025-11-06 17:00:00+00:00,1153350,ok,23067,2025-11-06 17:00:00.030000+00:00,2025-11-06 17:59:59.936000+00:00,True,0.0,0.0,3.115,observed
xauusd_ticks_2025-11-06T19-00-00-000Z.json,2025-11-06 19:00:00+00:00,793949,ok,15879,2025-11-06 19:00:00.061000+00:00,2025-11-06 19:59:59.699000+00:00,True,0.0,0.0,6.525,observed
xauusd_ticks_2025-11-07T03-00-00-000Z.json,2025-11-07 03:00:00+00:00,2,empty,0,,,,,,,unknown
xauusd_ticks_2025-11-07T04-00-00-000Z.json,2025-11-07 04:00:00+00:00,295451,ok,5909,2025-11-07 04:00:00.081000+00:00,2025-11-07 04:59:59.779000+00:00,True,0.0,0.0,15.194,observed
xauusd_ticks_2025-11-07T08-00-00-000Z.json,2025-11-07 08:00:00+00:00,423951,ok,8479,2025-11-07 08:00:00.108000+00:00,2025-11-07 08:59:59.784000+00:00,True,0.0,0.0,20.266,observed
xauusd_ticks_2025-11-07T09-00-00-000Z.json,2025-11-07 09:00:00+00:00,411901,ok,8238,2025-11-07 09:00:00.036000+00:00,2025-11-07 09:59:55.760000+00:00,True,0.0,0.0,15.661,observed
xauusd_ticks_2025-11-07T10-00-00-000Z.json,2025-11-07 10:00:00+00:00,347851,ok,6957,2025-11-07 10:00:00.079000+00:00,2025-11-07 10:59:59.736000+00:00,True,0.0,0.0,22.901,observed
xauusd_ticks_2025-11-07T11-00-00-000Z.json,2025-11-07 11:00:00+00:00,569000,ok,11380,2025-11-07 11:00:00.189000+00:00,2025-11-07 11:59:59.960000+00:00,True,0.0,0.0,11.028,observed
xauusd_ticks_2025-11-07T12-00-00-000Z.json,2025-11-07 12:00:00+00:00,580451,ok,11609,2025-11-07 12:00:00.061000+00:00,2025-11-07 12:59:56.032000+00:00,True,0.0,0.0,9.649,observed
xauusd_ticks_2025-11-07T16-00-00-000Z.json,2025-11-07 16:00:00+00:00,1136599,ok,22732,2025-11-07 16:00:00.078000+00:00,2025-11-07 16:59:59.818000+00:00,True,0.0,0.0,4.102,observed
xauusd_ticks_2025-11-07T17-00-00-000Z.json,2025-11-07 17:00:00+00:00,1081451,ok,21629,2025-11-07 17:00:00.070000+00:00,2025-11-07 17:59:59.578000+00:00,True,0.0,0.0,3.007,observed
xauusd_ticks_2025-11-10T02-00-00-000Z.json,2025-11-10 02:00:00+00:00,669200,ok,13384,2025-11-10 02:00:00.100000+00:00,2025-11-10 02:59:59.506000+00:00,True,0.0,0.0,8.926,observed
xauusd_ticks_2025-11-10T03-00-00-000Z.json,2025-11-10 03:00:00+00:00,401309,ok,8028,2025-11-10 03:00:00.110000+00:00,2025-11-10 03:59:59.959000+00:00,True,0.0,0.0,12.91,observed
xauusd_ticks_2025-11-10T07-00-00-000Z.json,2025-11-10 07:00:00+00:00,478151,ok,9563,2025-11-10 07:00:00.058000+00:00,2025-11-10 07:59:59.966000+00:00,True,0.0,0.0,9.088,observed
xauusd_ticks_2025-11-10T08-00-00-000Z.json,2025-11-10 08:00:00+00:00,626082,ok,12522,2025-11-10 08:00:00.068000+00:00,2025-11-10 08:59:59.979000+00:00,True,0.0,0.0,8.563,observed
xauusd_ticks_2025-11-10T09-00-00-000Z.json,2025-11-10 09:00:00+00:00,554400,ok,11088,2025-11-10 09:00:00.080000+00:00,2025-11-10 09:59:58.905000+00:00,True,0.0,0.0,8.494,observed
xauusd_ticks_2025-11-10T10-00-00-000Z.json,2025-11-10 10:00:00+00:00,404801,ok,8096,2025-11-10 10:00:00.112000+00:00,2025-11-10 10:59:57.994000+00:00,True,0.0,0.0,10.217,observed
xauusd_ticks_2025-11-10T11-00-00-000Z.json,2025-11-10 11:00:00+00:00,434151,ok,8683,2025-11-10 11:00:00.104000+00:00,2025-11-10 11:59:59.514000+00:00,True,0.0,0.0,10.874,observed
xauusd_ticks_2025-11-10T15-00-00-000Z.json,2025-11-10 15:00:00+00:00,1103066,ok,22064,2025-11-10 15:00:00.006000+00:00,2025-11-10 15:59:59.985000+00:00,True,0.0,0.0,3.401,observed
xauusd_ticks_2025-11-10T16-00-00-000Z.json,2025-11-10 16:00:00+00:00,828751,ok,16575,2025-11-10 16:00:00.137000+00:00,2025-11-10 16:59:59.940000+00:00,True,0.0,0.0,6.19,observed
xauusd_ticks_2025-11-12T02-00-00-000Z.json,2025-11-12 02:00:00+00:00,607570,ok,12152,2025-11-12 02:00:00.208000+00:00,2025-11-12 02:59:59.848000+00:00,True,0.0,0.0,26.646,observed
xauusd_ticks_2025-11-12T03-00-00-000Z.json,2025-11-12 03:00:00+00:00,548451,ok,10969,2025-11-12 03:00:00.100000+00:00,2025-11-12 03:59:59.830000+00:00,True,0.0,0.0,11.0,observed
xauusd_ticks_2025-11-12T07-00-00-000Z.json,2025-11-12 07:00:00+00:00,558251,ok,11165,2025-11-12 07:00:00.043000+00:00,2025-11-12 07:59:58.750000+00:00,True,0.0,0.0,9.291,observed
xauusd_ticks_2025-11-12T08-00-00-000Z.json,2025-11-12 08:00:00+00:00,715451,ok,14309,2025-11-12 08:00:00.057000+00:00,2025-11-12 08:59:59.911000+00:00,True,0.0,0.0,8.09,observed
xauusd_ticks_2025-11-12T09-00-00-000Z.json,2025-11-12 09:00:00+00:00,634794,ok,12696,2025-11-12 09:00:00.012000+00:00,2025-11-12 09:59:59.903000+00:00,True,0.0,0.0,6.683,observed
xauusd_ticks_2025-11-12T10-00-00-000Z.json,2025-11-12 10:00:00+00:00,652701,ok,13054,2025-11-12 10:00:00.105000+00:00,2025-11-12 10:59:59.892000+00:00,True,0.0,0.0,6.979,observed
xauusd_ticks_2025-11-12T11-00-00-000Z.json,2025-11-12 11:00:00+00:00,506001,ok,10120,2025-11-12 11:00:00.144000+00:00,2025-11-12 11:59:59.776000+00:00,True,0.0,0.0,10.547,observed
xauusd_ticks_2025-11-12T15-00-00-000Z.json,2025-11-12 15:00:00+00:00,1784849,ok,35697,2025-11-12 15:00:00.086000+00:00,2025-11-12 15:59:59.915000+00:00,True,0.0,0.0,1.963,observed
xauusd_ticks_2025-11-12T16-00-00-000Z.json,2025-11-12 16:00:00+00:00,1561000,ok,31220,2025-11-12 16:00:00.116000+00:00,2025-11-12 16:59:59.808000+00:00,True,0.0,0.0,1.86,observed
xauusd_ticks_2025-11-14T03-00-00-000Z.json,2025-11-14 03:00:00+00:00,513851,ok,10277,2025-11-14 03:00:00.092000+00:00,2025-11-14 03:59:59.443000+00:00,True,0.0,0.0,7.24,observed
xauusd_ticks_2025-11-14T04-00-00-000Z.json,2025-11-14 04:00:00+00:00,423901,ok,8478,2025-11-14 04:00:00.150000+00:00,2025-11-14 04:59:59.249000+00:00,True,0.0,0.0,12.656,observed
xauusd_ticks_2025-11-14T08-00-00-000Z.json,2025-11-14 08:00:00+00:00,964500,ok,19290,2025-11-14 08:00:00.050000+00:00,2025-11-14 08:59:59.830000+00:00,True,0.0,0.0,4.771,observed
xauusd_ticks_2025-11-14T09-00-00-000Z.json,2025-11-14 09:00:00+00:00,811951,ok,16239,2025-11-14 09:00:00.132000+00:00,2025-11-14 09:59:59.046000+00:00,True,0.0,0.0,7.941,observed
xauusd_ticks_2025-11-14T10-00-00-000Z.json,2025-11-14 10:00:00+00:00,2,empty,0,,,,,,,unknown
xauusd_ticks_2025-11-14T11-00-00-000Z.json,2025-11-14 11:00:00+00:00,847101,ok,16942,2025-11-14 11:00:00.002000+00:00,2025-11-14 11:59:59.949000+00:00,True,0.0,0.0,6.023,observed
xauusd_ticks_2025-11-14T12-00-00-000Z.json,2025-11-14 12:00:00+00:00,1296546,ok,25931,2025-11-14 12:00:00+00:00,2025-11-14 12:59:59.970000+00:00,True,0.0,0.0,2.972,observed
xauusd_ticks_2025-11-14T16-00-00-000Z.json,2025-11-14 16:00:00+00:00,1175649,ok,23513,2025-11-14 16:00:00.086000+00:00,2025-11-14 16:59:59.960000+00:00,True,0.0,0.0,3.565,observed
xauusd_ticks_2025-11-14T17-00-00-000Z.json,2025-11-14 17:00:00+00:00,1087051,ok,21741,2025-11-14 17:00:00.062000+00:00,2025-11-14 17:59:59.790000+00:00,True,0.0,0.0,2.812,observed
xauusd_ticks_2025-11-17T01-00-00-000Z.json,2025-11-17 01:00:00+00:00,926501,ok,18530,2025-11-17 01:00:00.049000+00:00,2025-11-17 01:59:59.176000+00:00,True,0.0,0.0,3.976,observed
xauusd_ticks_2025-11-17T06-00-00-000Z.json,2025-11-17 06:00:00+00:00,711351,ok,14227,2025-11-17 06:00:00.140000+00:00,2025-11-17 06:59:59.723000+00:00,True,0.0,0.0,5.532,observed
xauusd_ticks_2025-11-17T07-00-00-000Z.json,2025-11-17 07:00:00+00:00,555849,ok,11117,2025-11-17 07:00:00.075000+00:00,2025-11-17 07:59:59.945000+00:00,True,0.0,0.0,10.722,observed
xauusd_ticks_2025-11-17T09-00-00-000Z.json,2025-11-17 09:00:00+00:00,605000,ok,12100,2025-11-17 09:00:00.101000+00:00,2025-11-17 09:59:59.980000+00:00,True,0.0,0.0,7.738,observed
xauusd_ticks_2025-11-17T14-00-00-000Z.json,2025-11-17 14:00:00+00:00,2,empty,0,,,,,,,unknown
xauusd_ticks_2025-11-18T00-00-00-000Z.json,2025-11-18 00:00:00+00:00,664001,ok,13280,2025-11-18 00:00:00.075000+00:00,2025-11-18 00:59:59.951000+00:00,True,0.0,0.0,7.082,observed
xauusd_ticks_2025-11-18T01-00-00-000Z.json,2025-11-18 01:00:00+00:00,1013001,ok,20260,2025-11-18 01:00:00.052000+00:00,2025-11-18 01:59:59.907000+00:00,True,0.0,0.0,4.772,observed
xauusd_ticks_2025-11-18T05-00-00-000Z.json,2025-11-18 05:00:00+00:00,677051,ok,13541,2025-11-18 05:00:00.113000+00:00,2025-11-18 05:59:59.961000+00:00,True,0.0,0.0,7.421,observed
xauusd_ticks_2025-11-18T06-00-00-000Z.json,2025-11-18 06:00:00+00:00,780500,ok,15610,2025-11-18 06:00:00.062000+00:00,2025-11-18 06:59:59.884000+00:00,True,0.0,0.0,10.366,observed
xauusd_ticks_2025-11-18T07-00-00-000Z.json,2025-11-18 07:00:00+00:00,769951,ok,15399,2025-11-18 07:00:00.035000+00:00,2025-11-18 07:59:59.306000+00:00,True,0.0,0.0,4.567,observed
xauusd_ticks_2025-11-18T08-00-00-000Z.json,2025-11-18 08:00:00+00:00,759348,ok,15187,2025-11-18 08:00:00.059000+00:00,2025-11-18 08:59:58.985000+00:00,True,0.0,0.0,7.483,observed
xauusd_ticks_2025-11-18T09-00-00-000Z.json,2025-11-18 09:00:00+00:00,620301,ok,12406,2025-11-18 09:00:00.091000+00:00,2025-11-18 09:59:59.203000+00:00,True,0.0,0.0,7.058,observed
xauusd_ticks_2025-11-18T13-00-00-000Z.json,2025-11-18 13:00:00+00:00,1065000,ok,21300,2025-11-18 13:00:00.085000+00:00,2025-11-18 13:59:59.952000+00:00,True,0.0,0.0,3.842,observed
xauusd_ticks_2025-11-18T14-00-00-000Z.json,2025-11-18 14:00:00+00:00,2,empty,0,,,,,,,unknown
xauusd_ticks_2025-11-19T04-00-00-000Z.json,2025-11-19 04:00:00+00:00,439151,ok,8783,2025-11-19 04:00:00.295000+00:00,2025-11-19 04:59:59.517000+00:00,True,0.0,0.0,11.29,observed
xauusd_ticks_2025-11-19T09-00-00-000Z.json,2025-11-19 09:00:00+00:00,736849,ok,14737,2025-11-19 09:00:00.070000+00:00,2025-11-19 09:59:59.775000+00:00,True,0.0,0.0,6.721,observed
xauusd_ticks_2025-11-19T10-00-00-000Z.json,2025-11-19 10:00:00+00:00,666550,ok,13331,2025-11-19 10:00:00.077000+00:00,2025-11-19 10:59:59.815000+00:00,True,0.0,0.0,5.907,observed
xauusd_ticks_2025-11-19T12-00-00-000Z.json,2025-11-19 12:00:00+00:00,539250,ok,10785,2025-11-19 12:00:00.089000+00:00,2025-11-19 12:59:59.788000+00:00,True,0.0,0.0,7.027,observed
xauusd_ticks_2025-11-19T17-00-00-000Z.json,2025-11-19 17:00:00+00:00,1295249,ok,25905,2025-11-19 17:00:00.043000+00:00,2025-11-19 17:59:59.747000+00:00,True,0.0,0.0,2.461,observed
xauusd_ticks_2025-11-20T00-00-00-000Z.json,2025-11-20 00:00:00+00:00,539299,ok,10786,2025-11-20 00:00:00.061000+00:00,2025-11-20 00:59:59.900000+00:00,True,0.0,0.0,7.682,observed
xauusd_ticks_2025-11-20T05-00-00-000Z.json,2025-11-20 05:00:00+00:00,600651,ok,12013,2025-11-20 05:00:00.070000+00:00,2025-11-20 05:59:59.665000+00:00,True,0.0,0.0,7.477,observed
xauusd_ticks_2025-11-20T06-00-00-000Z.json,2025-11-20 06:00:00+00:00,762598,ok,15252,2025-11-20 06:00:00.117000+00:00,2025-11-20 06:59:59.968000+00:00,True,0.0,0.0,6.171,observed
xauusd_ticks_2025-11-20T08-00-00-000Z.json,2025-11-20 08:00:00+00:00,884750,ok,17695,2025-11-20 08:00:00.124000+00:00,2025-11-20 08:59:59.606000+00:00,True,0.0,0.0,7.735,observed
xauusd_ticks_2025-11-20T13-00-00-000Z.json,2025-11-20 13:00:00+00:00,2,empty,0,,,,,,,unknown
xauusd_ticks_2025-11-21T05-00-00-000Z.json,2025-11-21 05:00:00+00:00,2,empty,0,,,,,,,unknown
xauusd_ticks_2025-11-21T10-00-00-000Z.json,2025-11-21 10:00:00+00:00,2,empty,0,,,,,,,unknown
xauusd_ticks_2025-11-21T11-00-00-000Z.json,2025-11-21 11:00:00+00:00,737501,ok,14750,2025-11-21 11:00:00.072000+00:00,2025-11-21 11:59:59.803000+00:00,True,0.0,0.0,4.436,observed
xauusd_ticks_2025-11-21T13-00-00-000Z.json,2025-11-21 13:00:00+00:00,1289900,ok,25798,2025-11-21 13:00:00.064000+00:00,2025-11-21 13:59:59.939000+00:00,True,0.0,0.0,3.467,observed
xauusd_ticks_2025-11-21T18-00-00-000Z.json,2025-11-21 18:00:00+00:00,1154349,ok,23087,2025-11-21 18:00:00.075000+00:00,2025-11-21 18:59:59.968000+00:00,True,0.0,0.0,3.561,observed
xauusd_ticks_2025-11-24T05-00-00-000Z.json,2025-11-24 05:00:00+00:00,553201,ok,11064,2025-11-24 05:00:00.236000+00:00,2025-11-24 05:59:59.898000+00:00,True,0.0,0.0,9.181,observed
xauusd_ticks_2025-11-24T10-00-00-000Z.json,2025-11-24 10:00:00+00:00,511096,ok,10222,2025-11-24 10:00:00.005000+00:00,2025-11-24 10:59:59.224000+00:00,True,0.0,0.0,8.233,observed
xauusd_ticks_2025-11-24T11-00-00-000Z.json,2025-11-24 11:00:00+00:00,545200,ok,10904,2025-11-24 11:00:00.931000+00:00,2025-11-24 11:59:59.675000+00:00,True,0.0,0.0,7.642,observed
xauusd_ticks_2025-11-24T13-00-00-000Z.json,2025-11-24 13:00:00+00:00,925297,ok,18506,2025-11-24 13:00:00.003000+00:00,2025-11-24 13:59:59.909000+00:00,True,0.0,0.0,4.616,observed
xauusd_ticks_2025-11-24T18-00-00-000Z.json,2025-11-24 18:00:00+00:00,1007600,ok,20152,2025-11-24 18:00:00.252000+00:00,2025-11-24 18:59:59.751000+00:00,True,0.0,0.0,4.263,observed
xauusd_ticks_2025-11-26T01-00-00-000Z.json,2025-11-26 01:00:00+00:00,606801,ok,12136,2025-11-26 01:00:00.093000+00:00,2025-11-26 01:59:59.674000+00:00,True,0.0,0.0,10.031,observed
xauusd_ticks_2025-11-26T02-00-00-000Z.json,2025-11-26 02:00:00+00:00,701451,ok,14029,2025-11-26 02:00:00.076000+00:00,2025-11-26 02:59:59.992000+00:00,True,0.0,0.0,11.408,observed
xauusd_ticks_2025-11-26T06-00-00-000Z.json,2025-11-26 06:00:00+00:00,493798,ok,9876,2025-11-26 06:00:00.099000+00:00,2025-11-26 06:59:59.417000+00:00,True,0.0,0.0,12.147,observed
xauusd_ticks_2025-11-26T07-00-00-000Z.json,2025-11-26 07:00:00+00:00,414700,ok,8294,2025-11-26 07:00:00.069000+00:00,2025-11-26 07:59:59.978000+00:00,True,0.0,0.0,10.129,observed
xauusd_ticks_2025-11-26T08-00-00-000Z.json,2025-11-26 08:00:00+00:00,545014,ok,10901,2025-11-26 08:00:00.080000+00:00,2025-11-26 08:59:57.684000+00:00,True,0.0,0.0,8.398,observed
xauusd_ticks_2025-11-26T09-00-00-000Z.json,2025-11-26 09:00:00+00:00,570801,ok,11416,2025-11-26 09:00:00.245000+00:00,2025-11-26 09:59:59.799000+00:00,True,0.0,0.0,7.411,observed
xauusd_ticks_2025-11-26T10-00-00-000Z.json,2025-11-26 10:00:00+00:00,518951,ok,10379,2025-11-26 10:00:00.050000+00:00,2025-11-26 10:59:59.723000+00:00,True,0.0,0.0,12.492,observed
xauusd_ticks_2025-11-26T14-00-00-000Z.json,2025-11-26 14:00:00+00:00,1065380,ok,21308,2025-11-26 14:00:00.096000+00:00,2025-11-26 14:59:59.892000+00:00,True,0.0,0.0,4.524,observed
xauusd_ticks_2025-11-26T15-00-00-000Z.json,2025-11-26 15:00:00+00:00,981905,ok,19643,2025-11-26 15:00:00.094000+00:00,2025-11-26 15:59:59.905000+00:00,True,0.0,0.0,4.07,observed
xauusd_ticks_2025-11-27T00-00-00-000Z.json,2025-11-27 00:00:00+00:00,293801,ok,5876,2025-11-27 00:00:00.085000+00:00,2025-11-27 00:59:59.633000+00:00,True,0.0,0.0,18.326,observed
xauusd_ticks_2025-11-27T03-00-00-000Z.json,2025-11-27 03:00:00+00:00,409051,ok,8181,2025-11-27 03:00:00.039000+00:00,2025-11-27 03:59:58.920000+00:00,True,0.0,0.0,12.411,observed
xauusd_ticks_2025-11-27T05-00-00-000Z.json,2025-11-27 05:00:00+00:00,446500,ok,8930,2025-11-27 05:00:00.114000+00:00,2025-11-27 05:59:59.622000+00:00,True,0.0,0.0,14.829,observed
xauusd_ticks_2025-11-27T06-00-00-000Z.json,2025-11-27 06:00:00+00:00,668600,ok,13372,2025-11-27 06:00:00.074000+00:00,2025-11-27 06:59:59.864000+00:00,True,0.0,0.0,6.375,observed
xauusd_ticks_2025-11-27T08-00-00-000Z.json,2025-11-27 08:00:00+00:00,625201,ok,12504,2025-11-27 08:00:00.091000+00:00,2025-11-27 08:59:59.981000+00:00,True,0.0,0.0,9.76,observed
xauusd_ticks_2025-11-27T09-00-00-000Z.json,2025-11-27 09:00:00+00:00,593000,ok,11860,2025-11-27 09:00:00.232000+00:00,2025-11-27 09:59:59.627000+00:00,True,0.0,0.0,8.748,observed
xauusd_ticks_2025-11-27T11-00-00-000Z.json,2025-11-27 11:00:00+00:00,336201,ok,6724,2025-11-27 11:00:00.417000+00:00,2025-11-27 11:59:57.358000+00:00,True,0.0,0.0,13.274,observed
xauusd_ticks_2025-11-27T13-00-00-000Z.json,2025-11-27 13:00:00+00:00,602550,ok,12051,2025-11-27 13:00:00.097000+00:00,2025-11-27 13:59:59.873000+00:00,True,0.0,0.0,7.539,observed
xauusd_ticks_2025-11-27T16-00-00-000Z.json,2025-11-27 16:00:00+00:00,330601,ok,6612,2025-11-27 16:00:00.077000+00:00,2025-11-27 16:59:59.284000+00:00,True,0.0,0.0,22.338,observed
xauusd_ticks_2025-12-01T04-00-00-000Z.json,2025-12-01 04:00:00+00:00,733600,ok,14672,2025-12-01 04:00:00.117000+00:00,2025-12-01 04:59:59.919000+00:00,True,0.0,0.0,9.6,observed
xauusd_ticks_2025-12-01T09-00-00-000Z.json,2025-12-01 09:00:00+00:00,702848,ok,14057,2025-12-01 09:00:00.166000+00:00,2025-12-01 09:59:59.875000+00:00,True,0.0,0.0,5.878,observed
xauusd_ticks_2025-12-01T10-00-00-000Z.json,2025-12-01 10:00:00+00:00,717047,ok,14341,2025-12-01 10:00:01.282000+00:00,2025-12-01 10:59:57.889000+00:00,True,0.0,0.0,5.471,observed
xauusd_ticks_2025-12-01T12-00-00-000Z.json,2025-12-01 12:00:00+00:00,2,empty,0,,,,,,,unknown
xauusd_ticks_2025-12-01T17-00-00-000Z.json,2025-12-01 17:00:00+00:00,939050,ok,18781,2025-12-01 17:00:00.095000+00:00,2025-12-01 17:59:59.008000+00:00,True,0.0,0.0,3.419,observed
xauusd_ticks_2025-12-02T03-00-00-000Z.json,2025-12-02 03:00:00+00:00,2,empty,0,,,,,,,unknown
xauusd_ticks_2025-12-02T04-00-00-000Z.json,2025-12-02 04:00:00+00:00,394200,ok,7884,2025-12-02 04:00:00.093000+00:00,2025-12-02 04:59:59.624000+00:00,True,0.0,0.0,13.718,observed
xauusd_ticks_2025-12-02T08-00-00-000Z.json,2025-12-02 08:00:00+00:00,2,empty,0,,,,,,,unknown
xauusd_ticks_2025-12-02T09-00-00-000Z.json,2025-12-02 09:00:00+00:00,641899,ok,12838,2025-12-02 09:00:00.063000+00:00,2025-12-02 09:59:58.496000+00:00,True,0.0,0.0,7.45,observed
xauusd_ticks_2025-12-02T10-00-00-000Z.json,2025-12-02 10:00:00+00:00,538925,ok,10784,2025-12-02 10:00:00.124000+00:00,2025-12-02 10:59:58.443000+00:00,True,0.0,0.0,12.614,observed
xauusd_ticks_2025-12-02T11-00-00-000Z.json,2025-12-02 11:00:00+00:00,503100,ok,10062,2025-12-02 11:00:00.051000+00:00,2025-12-02 11:59:59.834000+00:00,True,0.0,0.0,10.442,observed
xauusd_ticks_2025-12-02T12-00-00-000Z.json,2025-12-02 12:00:00+00:00,429601,ok,8592,2025-12-02 12:00:00.089000+00:00,2025-12-02 12:59:59.987000+00:00,True,0.0,0.0,11.533,observed
xauusd_ticks_2025-12-02T16-00-00-000Z.json,2025-12-02 16:00:00+00:00,1111051,ok,22221,2025-12-02 16:00:00.007000+00:00,2025-12-02 16:59:59.806000+00:00,True,0.0,0.0,3.318,observed
xauusd_ticks_2025-12-02T17-00-00-000Z.json,2025-12-02 17:00:00+00:00,732351,ok,14647,2025-12-02 17:00:00.058000+00:00,2025-12-02 17:59:59.631000+00:00,True,0.0,0.0,5.182,observed
xauusd_ticks_2025-12-03T01-00-00-000Z.json,2025-12-03 01:00:00+00:00,1101401,ok,22028,2025-12-03 01:00:00.107000+00:00,2025-12-03 01:59:59.950000+00:00,True,0.0,0.0,4.846,observed
xauusd_ticks_2025-12-03T02-00-00-000Z.json,2025-12-03 02:00:00+00:00,809999,ok,16200,2025-12-03 02:00:00.101000+00:00,2025-12-03 02:59:59.171000+00:00,True,0.0,0.0,8.929,observed
xauusd_ticks_2025-12-03T06-00-00-000Z.json,2025-12-03 06:00:00+00:00,745001,ok,14900,2025-12-03 06:00:00.056000+00:00,2025-12-03 06:59:59.997000+00:00,True,0.0,0.0,7.837,observed
xauusd_ticks_2025-12-03T07-00-00-000Z.json,2025-12-03 07:00:00+00:00,513649,ok,10273,2025-12-03 07:00:00.099000+00:00,2025-12-03 07:59:58.973000+00:00,True,0.0,0.0,10.23,observed
xauusd_ticks_2025-12-03T08-00-00-000Z.json,2025-12-03 08:00:00+00:00,607801,ok,12156,2025-12-03 08:00:00.079000+00:00,2025-12-03 08:59:59.814000+00:00,True,0.0,0.0,7.071,observed
xauusd_ticks_2025-12-03T09-00-00-000Z.json,2025-12-03 09:00:00+00:00,685301,ok,13706,2025-12-03 09:00:00.015000+00:00,2025-12-03 09:59:59.043000+00:00,True,0.0,0.0,11.69,observed
xauusd_ticks_2025-12-03T10-00-00-000Z.json,2025-12-03 10:00:00+00:00,689601,ok,13792,2025-12-03 10:00:00.450000+00:00,2025-12-03 10:59:59.676000+00:00,True,0.0,0.0,11.172,observed
xauusd_ticks_2025-12-03T14-00-00-000Z.json,2025-12-03 14:00:00+00:00,1686501,ok,33730,2025-12-03 14:00:00.071000+00:00,2025-12-03 14:59:59.828000+00:00,True,0.0,0.0,2.613,observed
xauusd_ticks_2025-12-03T15-00-00-000Z.json,2025-12-03 15:00:00+00:00,1171497,ok,23430,2025-12-03 15:00:00.686000+00:00,2025-12-03 15:59:59.980000+00:00,True,0.0,0.0,2.463,observed
xauusd_ticks_2025-12-04T05-00-00-000Z.json,2025-12-04 05:00:00+00:00,811849,ok,16237,2025-12-04 05:00:00.220000+00:00,2025-12-04 05:59:59.640000+00:00,True,0.0,0.0,8.914,observed
xauusd_ticks_2025-12-04T06-00-00-000Z.json,2025-12-04 06:00:00+00:00,1007451,ok,20149,2025-12-04 06:00:00.092000+00:00,2025-12-04 06:59:59.234000+00:00,True,0.0,0.0,4.313,observed
xauusd_ticks_2025-12-04T10-00-00-000Z.json,2025-12-04 10:00:00+00:00,507301,ok,10146,2025-12-04 10:00:00.155000+00:00,2025-12-04 10:59:59.468000+00:00,True,0.0,0.0,10.225,observed
xauusd_ticks_2025-12-04T11-00-00-000Z.json,2025-12-04 11:00:00+00:00,472851,ok,9457,2025-12-04 11:00:00.020000+00:00,2025-12-04 11:59:59.986000+00:00,True,0.0,0.0,8.798,observed
xauusd_ticks_2025-12-04T12-00-00-000Z.json,2025-12-04 12:00:00+00:00,624301,ok,12486,2025-12-04 12:00:00.087000+00:00,2025-12-04 12:59:59.979000+00:00,True,0.0,0.0,8.544,observed
xauusd_ticks_2025-12-04T13-00-00-000Z.json,2025-12-04 13:00:00+00:00,1012750,ok,20255,2025-12-04 13:00:00.181000+00:00,2025-12-04 13:59:59.762000+00:00,True,0.0,0.0,4.157,observed
xauusd_ticks_2025-12-04T14-00-00-000Z.json,2025-12-04 14:00:00+00:00,1355859,ok,27123,2025-12-04 14:00:00.065000+00:00,2025-12-04 14:59:59.931000+00:00,True,0.0,0.0,2.916,observed
xauusd_ticks_2025-12-04T18-00-00-000Z.json,2025-12-04 18:00:00+00:00,625401,ok,12508,2025-12-04 18:00:00.077000+00:00,2025-12-04 18:59:59.579000+00:00,True,0.0,0.0,6.731,observed
xauusd_ticks_2025-12-04T19-00-00-000Z.json,2025-12-04 19:00:00+00:00,724699,ok,14494,2025-12-04 19:00:00.082000+00:00,2025-12-04 19:59:59.656000+00:00,True,0.0,0.0,5.118,observed
xauusd_ticks_2025-12-05T07-00-00-000Z.json,2025-12-05 07:00:00+00:00,522700,ok,10454,2025-12-05 07:00:00.086000+00:00,2025-12-05 07:59:59.952000+00:00,True,0.0,0.0,10.821,observed
xauusd_ticks_2025-12-05T12-00-00-000Z.json,2025-12-05 12:00:00+00:00,606801,ok,12136,2025-12-05 12:00:00.095000+00:00,2025-12-05 12:59:59.698000+00:00,True,0.0,0.0,9.622,observed
xauusd_ticks_2025-12-05T13-00-00-000Z.json,2025-12-05 13:00:00+00:00,994450,ok,19889,2025-12-05 13:00:00.100000+00:00,2025-12-05 13:59:59.859000+00:00,True,0.0,0.0,3.72,observed
xauusd_ticks_2025-12-05T15-00-00-000Z.json,2025-12-05 15:00:00+00:00,1310920,ok,26230,2025-12-05 15:00:00.023000+00:00,2025-12-05 15:59:59.900000+00:00,True,0.0,0.0,2.811,observed
xauusd_ticks_2025-12-05T20-00-00-000Z.json,2025-12-05 20:00:00+00:00,683793,ok,13676,2025-12-05 20:00:00.079000+00:00,2025-12-05 20:59:59.999000+00:00,True,0.0,0.0,5.773,observed
xauusd_ticks_2025-12-08T08-00-00-000Z.json,2025-12-08 08:00:00+00:00,525601,ok,10512,2025-12-08 08:00:00.064000+00:00,2025-12-08 08:59:59.334000+00:00,True,0.0,0.0,8.362,observed
xauusd_ticks_2025-12-08T12-00-00-000Z.json,2025-12-08 12:00:00+00:00,424251,ok,8485,2025-12-08 12:00:00.028000+00:00,2025-12-08 12:59:59.803000+00:00,True,0.0,0.0,14.714,observed
xauusd_ticks_2025-12-08T13-00-00-000Z.json,2025-12-08 13:00:00+00:00,898951,ok,17979,2025-12-08 13:00:00.105000+00:00,2025-12-08 13:59:59.820000+00:00,True,0.0,0.0,5.463,observed
xauusd_ticks_2025-12-08T14-00-00-000Z.json,2025-12-08 14:00:00+00:00,1123448,ok,22469,2025-12-08 14:00:00.072000+00:00,2025-12-08 14:59:59.963000+00:00,True,0.0,0.0,4.199,observed
xauusd_ticks_2025-12-08T15-00-00-000Z.json,2025-12-08 15:00:00+00:00,1289706,ok,25798,2025-12-08 15:00:00.064000+00:00,2025-12-08 15:59:59.966000+00:00,True,0.0,0.0,3.161,observed
xauusd_ticks_2025-12-08T16-00-00-000Z.json,2025-12-08 16:00:00+00:00,1006951,ok,20139,2025-12-08 16:00:00.017000+00:00,2025-12-08 16:59:59.981000+00:00,True,0.0,0.0,3.515,observed
xauusd_ticks_2025-12-08T17-00-00-000Z.json,2025-12-08 17:00:00+00:00,643401,ok,12868,2025-12-08 17:00:00.032000+00:00,2025-12-08 17:59:59.985000+00:00,True,0.0,0.0,8.684,observed
xauusd_ticks_2025-12-08T18-00-00-000Z.json,2025-12-08 18:00:00+00:00,629600,ok,12592,2025-12-08 18:00:00.036000+00:00,2025-12-08 18:59:59.740000+00:00,True,0.0,0.0,10.699,observed
xauusd_ticks_2025-12-08T20-00-00-000Z.json,2025-12-08 20:00:00+00:00,555000,ok,11100,2025-12-08 20:00:00.080000+00:00,2025-12-08 20:59:59.867000+00:00,True,0.0,0.0,8.087,observed
xauusd_ticks_2025-12-08T21-00-00-000Z.json,2025-12-08 21:00:00+00:00,157451,ok,3149,2025-12-08 21:00:00.068000+00:00,2025-12-08 21:59:59.509000+00:00,True,0.0,0.0,31.331,observed
xauusd_ticks_2025-12-09T01-00-00-000Z.json,2025-12-09 01:00:00+00:00,730651,ok,14613,2025-12-09 01:00:00.088000+00:00,2025-12-09 01:59:59.953000+00:00,True,0.0,0.0,10.396,observed
xauusd_ticks_2025-12-09T02-00-00-000Z.json,2025-12-09 02:00:00+00:00,595650,ok,11913,2025-12-09 02:00:00.003000+00:00,2025-12-09 02:59:59.874000+00:00,True,0.0,0.0,9.548,observed
xauusd_ticks_2025-12-09T07-00-00-000Z.json,2025-12-09 07:00:00+00:00,585151,ok,11703,2025-12-09 07:00:00.016000+00:00,2025-12-09 07:59:59.993000+00:00,True,0.0,0.0,9.384,observed
xauusd_ticks_2025-12-09T08-00-00-000Z.json,2025-12-09 08:00:00+00:00,520651,ok,10413,2025-12-09 08:00:00.094000+00:00,2025-12-09 08:59:58.949000+00:00,True,0.0,0.0,13.584,observed
xauusd_ticks_2025-12-09T10-00-00-000Z.json,2025-12-09 10:00:00+00:00,549551,ok,10991,2025-12-09 10:00:00.082000+00:00,2025-12-09 10:59:59.599000+00:00,True,0.0,0.0,8.875,observed
xauusd_ticks_2025-12-09T12-00-00-000Z.json,2025-12-09 12:00:00+00:00,504751,ok,10095,2025-12-09 12:00:00.101000+00:00,2025-12-09 12:59:59.849000+00:00,True,0.0,0.0,14.96,observed
xauusd_ticks_2025-12-09T13-00-00-000Z.json,2025-12-09 13:00:00+00:00,995551,ok,19911,2025-12-09 13:00:00.101000+00:00,2025-12-09 13:59:59.939000+00:00,True,0.0,0.0,5.043,observed
xauusd_ticks_2025-12-09T15-00-00-000Z.json,2025-12-09 15:00:00+00:00,1373000,ok,27460,2025-12-09 15:00:00.064000+00:00,2025-12-09 15:59:59.974000+00:00,True,0.0,0.0,2.465,observed
xauusd_ticks_2025-12-09T17-00-00-000Z.json,2025-12-09 17:00:00+00:00,839701,ok,16794,2025-12-09 17:00:00.039000+00:00,2025-12-09 17:59:59.983000+00:00,True,0.0,0.0,5.036,observed
xauusd_ticks_2025-12-09T18-00-00-000Z.json,2025-12-09 18:00:00+00:00,775450,ok,15509,2025-12-09 18:00:00.034000+00:00,2025-12-09 18:59:59.856000+00:00,True,0.0,0.0,4.937,observed
xauusd_ticks_2025-12-09T19-00-00-000Z.json,2025-12-09 19:00:00+00:00,556201,ok,11124,2025-12-09 19:00:00.309000+00:00,2025-12-09 19:59:59.544000+00:00,True,0.0,0.0,7.019,observed
xauusd_ticks_2025-12-09T20-00-00-000Z.json,2025-12-09 20:00:00+00:00,847189,ok,16945,2025-12-09 20:00:00.047000+00:00,2025-12-09 20:59:59.852000+00:00,True,0.0,0.0,6.805,observed
xauusd_ticks_2025-12-09T21-00-00-000Z.json,2025-12-09 21:00:00+00:00,428251,ok,8565,2025-12-09 21:00:00.104000+00:00,2025-12-09 21:59:59.936000+00:00,True,0.0,0.0,16.123,observed
xauusd_ticks_2025-12-10T01-00-00-000Z.json,2025-12-10 01:00:00+00:00,914001,ok,18280,2025-12-10 01:00:00.149000+00:00,2025-12-10 01:59:59.681000+00:00,True,0.0,0.0,5.224,observed
xauusd_ticks_2025-12-10T02-00-00-000Z.json,2025-12-10 02:00:00+00:00,669550,ok,13391,2025-12-10 02:00:00.083000+00:00,2025-12-10 02:59:59.927000+00:00,True,0.0,0.0,8.841,observed
xauusd_ticks_2025-12-10T04-00-00-000Z.json,2025-12-10 04:00:00+00:00,303801,ok,6076,2025-12-10 04:00:00.105000+00:00,2025-12-10 04:59:59.619000+00:00,True,0.0,0.0,20.796,observed
xauusd_ticks_2025-12-10T05-00-00-000Z.json,2025-12-10 05:00:00+00:00,623751,ok,12475,2025-12-10 05:00:00.072000+00:00,2025-12-10 05:59:59.533000+00:00,True,0.0,0.0,17.245,observed
xauusd_ticks_2025-12-10T06-00-00-000Z.json,2025-12-10 06:00:00+00:00,630901,ok,12618,2025-12-10 06:00:00.237000+00:00,2025-12-10 06:59:59.912000+00:00,True,0.0,0.0,8.381,observed
xauusd_ticks_2025-12-10T08-00-00-000Z.json,2025-12-10 08:00:00+00:00,574299,ok,11486,2025-12-10 08:00:00.047000+00:00,2025-12-10 08:59:59.229000+00:00,True,0.0,0.0,7.814,observed
xauusd_ticks_2025-12-10T09-00-00-000Z.json,2025-12-10 09:00:00+00:00,619451,ok,12389,2025-12-10 09:00:00.090000+00:00,2025-12-10 09:59:59.944000+00:00,True,0.0,0.0,7.522,observed
xauusd_ticks_2025-12-10T10-00-00-000Z.json,2025-12-10 10:00:00+00:00,2,empty,0,,,,,,,unknown
xauusd_ticks_2025-12-10T11-00-00-000Z.json,2025-12-10 11:00:00+00:00,484901,ok,9698,2025-12-10 11:00:00.096000+00:00,2025-12-10 11:59:59.948000+00:00,True,0.0,0.0,10.181,observed
xauusd_ticks_2025-12-10T12-00-00-000Z.json,2025-12-10 12:00:00+00:00,544351,ok,10887,2025-12-10 12:00:00.049000+00:00,2025-12-10 12:59:59.943000+00:00,True,0.0,0.0,10.022,observed
xauusd_ticks_2025-12-10T13-00-00-000Z.json,2025-12-10 13:00:00+00:00,885801,ok,17716,2025-12-10 13:00:00.044000+00:00,2025-12-10 13:59:59.919000+00:00,True,0.0,0.0,5.523,observed
xauusd_ticks_2025-12-10T14-00-00-000Z.json,2025-12-10 14:00:00+00:00,1103100,ok,22062,2025-12-10 14:00:00.271000+00:00,2025-12-10 14:59:59.899000+00:00,True,0.0,0.0,4.617,observed
xauusd_ticks_2025-12-10T16-00-00-000Z.json,2025-12-10 16:00:00+00:00,874201,ok,17484,2025-12-10 16:00:00.109000+00:00,2025-12-10 16:59:59.862000+00:00,True,0.0,0.0,4.313,observed
xauusd_ticks_2025-12-10T17-00-00-000Z.json,2025-12-10 17:00:00+00:00,971201,ok,19424,2025-12-10 17:00:00.064000+00:00,2025-12-10 17:59:59.903000+00:00,True,0.0,0.0,6.602,observed
xauusd_ticks_2025-12-10T18-00-00-000Z.json,2025-12-10 18:00:00+00:00,727200,ok,14544,2025-12-10 18:00:00.155000+00:00,2025-12-10 18:59:59.903000+00:00,True,0.0,0.0,6.759,observed
xauusd_ticks_2025-12-10T19-00-00-000Z.json,2025-12-10 19:00:00+00:00,1913428,ok,38269,2025-12-10 19:00:00.104000+00:00,2025-12-10 19:59:59.930000+00:00,True,0.0,0.0,1.478,observed
xauusd_ticks_2025-12-10T21-00-00-000Z.json,2025-12-10 21:00:00+00:00,440801,ok,8816,2025-12-10 21:00:00.100000+00:00,2025-12-10 21:59:58.819000+00:00,True,0.0,0.0,18.642,observed
xauusd_ticks_2025-12-11T01-00-00-000Z.json,2025-12-11 01:00:00+00:00,972500,ok,19450,2025-12-11 01:00:00+00:00,2025-12-11 01:59:59.831000+00:00,True,0.0,0.0,4.93,observed
xauusd_ticks_2025-12-11T05-00-00-000Z.json,2025-12-11 05:00:00+00:00,580001,ok,11600,2025-12-11 05:00:00.081000+00:00,2025-12-11 05:59:59.980000+00:00,True,0.0,0.0,8.993,observed
xauusd_ticks_2025-12-11T06-00-00-000Z.json,2025-12-11 06:00:00+00:00,743751,ok,14875,2025-12-11 06:00:00.181000+00:00,2025-12-11 06:59:58.760000+00:00,True,0.0,0.0,6.395,observed
xauusd_ticks_2025-12-11T07-00-00-000Z.json,2025-12-11 07:00:00+00:00,433351,ok,8667,2025-12-11 07:00:00.067000+00:00,2025-12-11 07:59:59.862000+00:00,True,0.0,0.0,11.595,observed
xauusd_ticks_2025-12-11T09-00-00-000Z.json,2025-12-11 09:00:00+00:00,503050,ok,10061,2025-12-11 09:00:00.059000+00:00,2025-12-11 09:59:57.539000+00:00,True,0.0,0.0,9.769,observed
xauusd_ticks_2025-12-11T10-00-00-000Z.json,2025-12-11 10:00:00+00:00,473949,ok,9479,2025-12-11 10:00:00.071000+00:00,2025-12-11 10:59:55.234000+00:00,True,0.0,0.0,8.458,observed
xauusd_ticks_2025-12-11T11-00-00-000Z.json,2025-12-11 11:00:00+00:00,333100,ok,6662,2025-12-11 11:00:00.053000+00:00,2025-12-11 11:59:59.912000+00:00,True,0.0,0.0,19.419,observed
xauusd_ticks_2025-12-11T12-00-00-000Z.json,2025-12-11 12:00:00+00:00,611301,ok,12226,2025-12-11 12:00:00.090000+00:00,2025-12-11 12:59:58.549000+00:00,True,0.0,0.0,8.35,observed
xauusd_ticks_2025-12-11T13-00-00-000Z.json,2025-12-11 13:00:00+00:00,923950,ok,18479,2025-12-11 13:00:00.078000+00:00,2025-12-11 13:59:59.688000+00:00,True,0.0,0.0,5.35,observed
xauusd_ticks_2025-12-11T14-00-00-000Z.json,2025-12-11 14:00:00+00:00,1231451,ok,24629,2025-12-11 14:00:00.141000+00:00,2025-12-11 14:59:59.854000+00:00,True,0.0,0.0,3.803,observed
xauusd_ticks_2025-12-11T18-00-00-000Z.json,2025-12-11 18:00:00+00:00,2,empty,0,,,,,,,unknown
xauusd_ticks_2025-12-11T19-00-00-000Z.json,2025-12-11 19:00:00+00:00,737899,ok,14758,2025-12-11 19:00:00.127000+00:00,2025-12-11 19:59:59.982000+00:00,True,0.0,0.0,5.028,observed
xauusd_ticks_2025-12-12T03-00-00-000Z.json,2025-12-12 03:00:00+00:00,530101,ok,10602,2025-12-12 03:00:00.079000+00:00,2025-12-12 03:59:58.764000+00:00,True,0.0,0.0,14.555,observed
xauusd_ticks_2025-12-12T08-00-00-000Z.json,2025-12-12 08:00:00+00:00,798595,ok,15972,2025-12-12 08:00:00.168000+00:00,2025-12-12 08:59:59.710000+00:00,True,0.0,0.0,10.244,observed
xauusd_ticks_2025-12-12T09-00-00-000Z.json,2025-12-12 09:00:00+00:00,787412,ok,15750,2025-12-12 09:00:00.113000+00:00,2025-12-12 09:59:59.852000+00:00,True,0.0,0.0,7.396,observed
xauusd_ticks_2025-12-12T11-00-00-000Z.json,2025-12-12 11:00:00+00:00,707150,ok,14143,2025-12-12 11:00:00.087000+00:00,2025-12-12 11:59:59.888000+00:00,True,0.0,0.0,7.174,observed
xauusd_ticks_2025-12-12T16-00-00-000Z.json,2025-12-12 16:00:00+00:00,2033673,ok,40674,2025-12-12 16:00:00.038000+00:00,2025-12-12 16:59:59.999000+00:00,True,0.0,0.0,1.106,observed
xauusd_ticks_2025-12-15T04-00-00-000Z.json,2025-12-15 04:00:00+00:00,438001,ok,8760,2025-12-15 04:00:00.059000+00:00,2025-12-15 04:59:57.562000+00:00,True,0.0,0.0,10.667,observed
xauusd_ticks_2025-12-15T05-00-00-000Z.json,2025-12-15 05:00:00+00:00,662001,ok,13240,2025-12-15 05:00:00.271000+00:00,2025-12-15 05:59:59.735000+00:00,True,0.0,0.0,13.783,observed
xauusd_ticks_2025-12-15T07-00-00-000Z.json,2025-12-15 07:00:00+00:00,558450,ok,11169,2025-12-15 07:00:00.024000+00:00,2025-12-15 07:59:59.851000+00:00,True,0.0,0.0,9.538,observed
xauusd_ticks_2025-12-15T09-00-00-000Z.json,2025-12-15 09:00:00+00:00,2,empty,0,,,,,,,unknown
xauusd_ticks_2025-12-15T10-00-00-000Z.json,2025-12-15 10:00:00+00:00,442151,ok,8843,2025-12-15 10:00:00.110000+00:00,2025-12-15 10:59:59.996000+00:00,True,0.0,0.0,11.522,observed
xauusd_ticks_2025-12-15T11-00-00-000Z.json,2025-12-15 11:00:00+00:00,410651,ok,8213,2025-12-15 11:00:00.097000+00:00,2025-12-15 11:59:59.679000+00:00,True,0.0,0.0,10.209,observed
xauusd_ticks_2025-12-15T12-00-00-000Z.json,2025-12-15 12:00:00+00:00,532401,ok,10648,2025-12-15 12:00:00.082000+00:00,2025-12-15 12:59:59.600000+00:00,True,0.0,0.0,9.321,observed
xauusd_ticks_2025-12-15T13-00-00-000Z.json,2025-12-15 13:00:00+00:00,997701,ok,19954,2025-12-15 13:00:00.002000+00:00,2025-12-15 13:59:59.863000+00:00,True,0.0,0.0,3.866,observed
xauusd_ticks_2025-12-15T15-00-00-000Z.json,2025-12-15 15:00:00+00:00,1602901,ok,32058,2025-12-15 15:00:00.061000+00:00,2025-12-15 15:59:59.820000+00:00,True,0.0,0.0,2.719,observed
xauusd_ticks_2025-12-15T17-00-00-000Z.json,2025-12-15 17:00:00+00:00,1024251,ok,20485,2025-12-15 17:00:00.099000+00:00,2025-12-15 17:59:59.958000+00:00,True,0.0,0.0,3.266,observed
xauusd_ticks_2025-12-15T18-00-00-000Z.json,2025-12-15 18:00:00+00:00,777651,ok,15553,2025-12-15 18:00:00.059000+00:00,2025-12-15 18:59:59.894000+00:00,True,0.0,0.0,7.252,observed
xauusd_ticks_2025-12-15T20-00-00-000Z.json,2025-12-15 20:00:00+00:00,808451,ok,16169,2025-12-15 20:00:00.040000+00:00,2025-12-15 20:59:59.851000+00:00,True,0.0,0.0,5.806,observed
xauusd_ticks_2025-12-16T00-00-00-000Z.json,2025-12-16 00:00:00+00:00,411750,ok,8235,2025-12-16 00:00:00.053000+00:00,2025-12-16 00:59:58.244000+00:00,True,0.0,0.0,22.12,observed
xauusd_ticks_2025-12-16T03-00-00-000Z.json,2025-12-16 03:00:00+00:00,858349,ok,17167,2025-12-16 03:00:00.046000+00:00,2025-12-16 03:59:59.710000+00:00,True,0.0,0.0,13.848,observed
xauusd_ticks_2025-12-16T05-00-00-000Z.json,2025-12-16 05:00:00+00:00,751798,ok,15036,2025-12-16 05:00:00.069000+00:00,2025-12-16 05:59:59.945000+00:00,True,0.0,0.0,6.401,observed
xauusd_ticks_2025-12-16T06-00-00-000Z.json,2025-12-16 06:00:00+00:00,767851,ok,15357,2025-12-16 06:00:00.096000+00:00,2025-12-16 06:59:59.999000+00:00,True,0.0,0.0,7.504,observed
xauusd_ticks_2025-12-16T07-00-00-000Z.json,2025-12-16 07:00:00+00:00,554301,ok,11086,2025-12-16 07:00:00.101000+00:00,2025-12-16 07:59:59.972000+00:00,True,0.0,0.0,8.181,observed
xauusd_ticks_2025-12-16T08-00-00-000Z.json,2025-12-16 08:00:00+00:00,621847,ok,12437,2025-12-16 08:00:00.073000+00:00,2025-12-16 08:59:58.893000+00:00,True,0.0,0.0,7.211,observed
xauusd_ticks_2025-12-16T09-00-00-000Z.json,2025-12-16 09:00:00+00:00,549949,ok,11002,2025-12-16 09:00:00.098000+00:00,2025-12-16 09:59:59.914000+00:00,True,0.0,0.0,9.518,observed
xauusd_ticks_2025-12-16T11-00-00-000Z.json,2025-12-16 11:00:00+00:00,482097,ok,9642,2025-12-16 11:00:00.128000+00:00,2025-12-16 11:59:59.979000+00:00,True,0.0,0.0,11.987,observed
xauusd_ticks_2025-12-16T13-00-00-000Z.json,2025-12-16 13:00:00+00:00,1116381,ok,22328,2025-12-16 13:00:00.046000+00:00,2025-12-16 13:59:59.878000+00:00,True,0.0,0.0,4.404,observed
xauusd_ticks_2025-12-16T16-00-00-000Z.json,2025-12-16 16:00:00+00:00,1228399,ok,24568,2025-12-16 16:00:00.004000+00:00,2025-12-16 16:59:59.786000+00:00,True,0.0,0.0,2.564,observed
xauusd_ticks_2025-12-17T00-00-00-000Z.json,2025-12-17 00:00:00+00:00,252051,ok,5041,2025-12-17 00:00:00.064000+00:00,2025-12-17 00:59:59.344000+00:00,True,0.0,0.0,23.362,observed
xauusd_ticks_2025-12-17T01-00-00-000Z.json,2025-12-17 01:00:00+00:00,1027801,ok,20556,2025-12-17 01:00:00.097000+00:00,2025-12-17 01:59:59.717000+00:00,True,0.0,0.0,4.117,observed
xauusd_ticks_2025-12-17T02-00-00-000Z.json,2025-12-17 02:00:00+00:00,777901,ok,15558,2025-12-17 02:00:00.471000+00:00,2025-12-17 02:59:59.937000+00:00,True,0.0,0.0,5.921,observed
xauusd_ticks_2025-12-17T05-00-00-000Z.json,2025-12-17 05:00:00+00:00,786601,ok,15732,2025-12-17 05:00:00.014000+00:00,2025-12-17 05:59:59.236000+00:00,True,0.0,0.0,5.017,observed
xauusd_ticks_2025-12-17T06-00-00-000Z.json,2025-12-17 06:00:00+00:00,784749,ok,15695,2025-12-17 06:00:00.642000+00:00,2025-12-17 06:59:59.943000+00:00,True,0.0,0.0,6.217,observed
xauusd_ticks_2025-12-17T07-00-00-000Z.json,2025-12-17 07:00:00+00:00,552751,ok,11055,2025-12-17 07:00:00.044000+00:00,2025-12-17 07:59:59.957000+00:00,True,0.0,0.0,6.964,observed
xauusd_ticks_2025-12-17T08-00-00-000Z.json,2025-12-17 08:00:00+00:00,2,empty,0,,,,,,,unknown
xauusd_ticks_2025-12-17T09-00-00-000Z.json,2025-12-17 09:00:00+00:00,471150,ok,9423,2025-12-17 09:00:00.095000+00:00,2025-12-17 09:59:59.654000+00:00,True,0.0,0.0,8.518,observed
xauusd_ticks_2025-12-17T10-00-00-000Z.json,2025-12-17 10:00:00+00:00,457101,ok,9142,2025-12-17 10:00:00.264000+00:00,2025-12-17 10:59:59.232000+00:00,True,0.0,0.0,10.491,observed
xauusd_ticks_2025-12-17T13-00-00-000Z.json,2025-12-17 13:00:00+00:00,986151,ok,19723,2025-12-17 13:00:00.104000+00:00,2025-12-17 13:59:59.822000+00:00,True,0.0,0.0,4.164,observed
xauusd_ticks_2025-12-17T14-00-00-000Z.json,2025-12-17 14:00:00+00:00,1618248,ok,32365,2025-12-17 14:00:00.074000+00:00,2025-12-17 14:59:59.775000+00:00,True,0.0,0.0,3.923,observed
xauusd_ticks_2025-12-17T15-00-00-000Z.json,2025-12-17 15:00:00+00:00,1573674,ok,31474,2025-12-17 15:00:00.078000+00:00,2025-12-17 15:59:59.470000+00:00,True,0.0,0.0,2.214,observed
xauusd_ticks_2025-12-18T00-00-00-000Z.json,2025-12-18 00:00:00+00:00,455751,ok,9115,2025-12-18 00:00:00.014000+00:00,2025-12-18 00:59:58.384000+00:00,True,0.0,0.0,13.721,observed
xauusd_ticks_2025-12-18T02-00-00-000Z.json,2025-12-18 02:00:00+00:00,774051,ok,15481,2025-12-18 02:00:00.092000+00:00,2025-12-18 02:59:59.444000+00:00,True,0.0,0.0,7.979,observed
xauusd_ticks_2025-12-18T03-00-00-000Z.json,2025-12-18 03:00:00+00:00,650601,ok,13012,2025-12-18 03:00:00.098000+00:00,2025-12-18 03:59:59.908000+00:00,True,0.0,0.0,8.135,observed
xauusd_ticks_2025-12-18T05-00-00-000Z.json,2025-12-18 05:00:00+00:00,686851,ok,13737,2025-12-18 05:00:00.095000+00:00,2025-12-18 05:59:59.159000+00:00,True,0.0,0.0,7.977,observed
xauusd_ticks_2025-12-18T06-00-00-000Z.json,2025-12-18 06:00:00+00:00,775492,ok,15510,2025-12-18 06:00:00.617000+00:00,2025-12-18 06:59:59.937000+00:00,True,0.0,0.0,6.945,observed
xauusd_ticks_2025-12-18T07-00-00-000Z.json,2025-12-18 07:00:00+00:00,420849,ok,8417,2025-12-18 07:00:00.038000+00:00,2025-12-18 07:59:59.943000+00:00,True,0.0,0.0,10.218,observed
xauusd_ticks_2025-12-18T08-00-00-000Z.json,2025-12-18 08:00:00+00:00,640001,ok,12800,2025-12-18 08:00:00.044000+00:00,2025-12-18 08:59:59.356000+00:00,True,0.0,0.0,8.033,observed
xauusd_ticks_2025-12-18T09-00-00-000Z.json,2025-12-18 09:00:00+00:00,778199,ok,15564,2025-12-18 09:00:00.064000+00:00,2025-12-18 09:59:58.402000+00:00,True,0.0,0.0,7.656,observed
xauusd_ticks_2025-12-18T10-00-00-000Z.json,2025-12-18 10:00:00+00:00,483101,ok,9662,2025-12-18 10:00:00.107000+00:00,2025-12-18 10:59:59.987000+00:00,True,0.0,0.0,7.774,observed
xauusd_ticks_2025-12-18T11-00-00-000Z.json,2025-12-18 11:00:00+00:00,557127,ok,11143,2025-12-18 11:00:00.038000+00:00,2025-12-18 11:59:59.243000+00:00,True,0.0,0.0,13.292,observed
xauusd_ticks_2025-12-18T13-00-00-000Z.json,2025-12-18 13:00:00+00:00,1167842,ok,23358,2025-12-18 13:00:00.075000+00:00,2025-12-18 13:59:59.945000+00:00,True,0.0,0.0,4.724,observed
xauusd_ticks_2025-12-18T15-00-00-000Z.json,2025-12-18 15:00:00+00:00,1362701,ok,27254,2025-12-18 15:00:00.021000+00:00,2025-12-18 15:59:59.912000+00:00,True,0.0,0.0,1.857,observed
xauusd_ticks_2025-12-18T16-00-00-000Z.json,2025-12-18 16:00:00+00:00,1368946,ok,27380,2025-12-18 16:00:00.164000+00:00,2025-12-18 16:59:59.520000+00:00,True,0.0,0.0,2.213,observed
xauusd_ticks_2025-12-19T02-00-00-000Z.json,2025-12-19 02:00:00+00:00,483851,ok,9677,2025-12-19 02:00:00.368000+00:00,2025-12-19 02:59:59.704000+00:00,True,0.0,0.0,13.775,observed
xauusd_ticks_2025-12-19T03-00-00-000Z.json,2025-12-19 03:00:00+00:00,524951,ok,10499,2025-12-19 03:00:00.106000+00:00,2025-12-19 03:59:59.057000+00:00,True,0.0,0.0,11.563,observed
xauusd_ticks_2025-12-19T06-00-00-000Z.json,2025-12-19 06:00:00+00:00,721148,ok,14423,2025-12-19 06:00:01.132000+00:00,2025-12-19 06:59:59.517000+00:00,True,0.0,0.0,9.805,observed
xauusd_ticks_2025-12-19T07-00-00-000Z.json,2025-12-19 07:00:00+00:00,489345,ok,9787,2025-12-19 07:00:00.069000+00:00,2025-12-19 07:59:59.397000+00:00,True,0.0,0.0,10.627,observed
xauusd_ticks_2025-12-19T08-00-00-000Z.json,2025-12-19 08:00:00+00:00,558099,ok,11162,2025-12-19 08:00:00+00:00,2025-12-19 08:59:59.950000+00:00,True,0.0,0.0,7.668,observed
xauusd_ticks_2025-12-19T09-00-00-000Z.json,2025-12-19 09:00:00+00:00,490450,ok,9809,2025-12-19 09:00:00.101000+00:00,2025-12-19 09:59:58.613000+00:00,True,0.0,0.0,9.184,observed
xauusd_ticks_2025-12-19T10-00-00-000Z.json,2025-12-19 10:00:00+00:00,433500,ok,8670,2025-12-19 10:00:00.070000+00:00,2025-12-19 10:59:59.983000+00:00,True,0.0,0.0,8.926,observed
xauusd_ticks_2025-12-19T11-00-00-000Z.json,2025-12-19 11:00:00+00:00,480901,ok,9618,2025-12-19 11:00:01.195000+00:00,2025-12-19 11:59:59.760000+00:00,True,0.0,0.0,10.384,observed
xauusd_ticks_2025-12-19T12-00-00-000Z.json,2025-12-19 12:00:00+00:00,535251,ok,10705,2025-12-19 12:00:00.011000+00:00,2025-12-19 12:59:59.460000+00:00,True,0.0,0.0,9.278,observed
xauusd_ticks_2025-12-19T14-00-00-000Z.json,2025-12-19 14:00:00+00:00,1228646,ok,24573,2025-12-19 14:00:00.068000+00:00,2025-12-19 14:59:59.843000+00:00,True,0.0,0.0,4.72,observed
xauusd_ticks_2025-12-19T15-00-00-000Z.json,2025-12-19 15:00:00+00:00,1223001,ok,24460,2025-12-19 15:00:00.096000+00:00,2025-12-19 15:59:59.983000+00:00,True,0.0,0.0,2.859,observed
xauusd_ticks_2025-12-19T16-00-00-000Z.json,2025-12-19 16:00:00+00:00,1073451,ok,21469,2025-12-19 16:00:00.084000+00:00,2025-12-19 16:59:59.555000+00:00,True,0.0,0.0,2.89,observed
xauusd_ticks_2025-12-19T19-00-00-000Z.json,2025-12-19 19:00:00+00:00,445501,ok,8910,2025-12-19 19:00:00.090000+00:00,2025-12-19 19:59:59.582000+00:00,True,0.0,0.0,9.714,observed
xauusd_ticks_2025-12-22T00-00-00-000Z.json,2025-12-22 00:00:00+00:00,485676,ok,9719,2025-12-22 00:00:00.132000+00:00,2025-12-22 00:59:59.537000+00:00,True,0.0,0.0,16.257,observed
xauusd_ticks_2025-12-22T04-00-00-000Z.json,2025-12-22 04:00:00+00:00,283101,ok,5662,2025-12-22 04:00:00.119000+00:00,2025-12-22 04:59:59.917000+00:00,True,0.0,0.0,18.768,observed
xauusd_ticks_2025-12-22T05-00-00-000Z.json,2025-12-22 05:00:00+00:00,647801,ok,12956,2025-12-22 05:00:00.122000+00:00,2025-12-22 05:59:59.991000+00:00,True,0.0,0.0,11.287,observed
xauusd_ticks_2025-12-22T06-00-00-000Z.json,2025-12-22 06:00:00+00:00,720356,ok,14411,2025-12-22 06:00:00.042000+00:00,2025-12-22 06:59:59.873000+00:00,True,0.0,0.0,6.926,observed
xauusd_ticks_2025-12-22T08-00-00-000Z.json,2025-12-22 08:00:00+00:00,504600,ok,10092,2025-12-22 08:00:00.072000+00:00,2025-12-22 08:59:59.978000+00:00,True,0.0,0.0,9.64,observed
xauusd_ticks_2025-12-22T09-00-00-000Z.json,2025-12-22 09:00:00+00:00,310251,ok,6205,2025-12-22 09:00:00.079000+00:00,2025-12-22 09:59:59.893000+00:00,True,0.0,0.0,11.826,observed
xauusd_ticks_2025-12-22T10-00-00-000Z.json,2025-12-22 10:00:00+00:00,322400,ok,6448,2025-12-22 10:00:00.095000+00:00,2025-12-22 10:59:59.928000+00:00,True,0.0,0.0,15.62,observed
xauusd_ticks_2025-12-22T11-00-00-000Z.json,2025-12-22 11:00:00+00:00,488451,ok,9769,2025-12-22 11:00:00.086000+00:00,2025-12-22 11:59:59.818000+00:00,True,0.0,0.0,14.431,observed
xauusd_ticks_2025-12-22T12-00-00-000Z.json,2025-12-22 12:00:00+00:00,570600,ok,11412,2025-12-22 12:00:00.070000+00:00,2025-12-22 12:59:59.870000+00:00,True,0.0,0.0,7.743,observed
xauusd_ticks_2025-12-22T13-00-00-000Z.json,2025-12-22 13:00:00+00:00,926694,ok,18534,2025-12-22 13:00:00.022000+00:00,2025-12-22 13:59:59.912000+00:00,True,0.0,0.0,4.47,observed
xauusd_ticks_2025-12-22T14-00-00-000Z.json,2025-12-22 14:00:00+00:00,1118901,ok,22378,2025-12-22 14:00:00.064000+00:00,2025-12-22 14:59:59.980000+00:00,True,0.0,0.0,5.716,observed
xauusd_ticks_2025-12-22T17-00-00-000Z.json,2025-12-22 17:00:00+00:00,2,empty,0,,,,,,,unknown
xauusd_ticks_2025-12-22T19-00-00-000Z.json,2025-12-22 19:00:00+00:00,446651,ok,8933,2025-12-22 19:00:01.408000+00:00,2025-12-22 19:59:59.712000+00:00,True,0.0,0.0,8.974,observed
xauusd_ticks_2025-12-23T03-00-00-000Z.json,2025-12-23 03:00:00+00:00,869451,ok,17389,2025-12-23 03:00:00.098000+00:00,2025-12-23 03:59:58.787000+00:00,True,0.0,0.0,7.492,observed
xauusd_ticks_2025-12-23T05-00-00-000Z.json,2025-12-23 05:00:00+00:00,865251,ok,17305,2025-12-23 05:00:00.005000+00:00,2025-12-23 05:59:59.848000+00:00,True,0.0,0.0,7.328,observed
xauusd_ticks_2025-12-23T08-00-00-000Z.json,2025-12-23 08:00:00+00:00,671601,ok,13432,2025-12-23 08:00:00.010000+00:00,2025-12-23 08:59:55.133000+00:00,True,0.0,0.0,10.503,observed
xauusd_ticks_2025-12-23T09-00-00-000Z.json,2025-12-23 09:00:00+00:00,653597,ok,13072,2025-12-23 09:00:00.111000+00:00,2025-12-23 09:59:59.306000+00:00,True,0.0,0.0,13.673,observed
xauusd_ticks_2025-12-23T10-00-00-000Z.json,2025-12-23 10:00:00+00:00,550651,ok,11013,2025-12-23 10:00:00.060000+00:00,2025-12-23 10:59:59.932000+00:00,True,0.0,0.0,9.06,observed
xauusd_ticks_2025-12-23T11-00-00-000Z.json,2025-12-23 11:00:00+00:00,461351,ok,9227,2025-12-23 11:00:00.033000+00:00,2025-12-23 11:59:59.693000+00:00,True,0.0,0.0,12.032,observed
xauusd_ticks_2025-12-23T13-00-00-000Z.json,2025-12-23 13:00:00+00:00,1216148,ok,24323,2025-12-23 13:00:00.077000+00:00,2025-12-23 13:59:59.971000+00:00,True,0.0,0.0,4.971,observed
xauusd_ticks_2025-12-23T14-00-00-000Z.json,2025-12-23 14:00:00+00:00,1514444,ok,30289,2025-12-23 14:00:00.072000+00:00,2025-12-23 14:59:59.913000+00:00,True,0.0,0.0,2.259,observed
xauusd_ticks_2025-12-23T15-00-00-000Z.json,2025-12-23 15:00:00+00:00,1549498,ok,30990,2025-12-23 15:00:00.014000+00:00,2025-12-23 15:59:59.761000+00:00,True,0.0,0.0,2.21,observed
xauusd_ticks_2025-12-23T16-00-00-000Z.json,2025-12-23 16:00:00+00:00,1111599,ok,22232,2025-12-23 16:00:00.063000+00:00,2025-12-23 16:59:59.931000+00:00,True,0.0,0.0,3.271,observed
xauusd_ticks_2025-12-23T17-00-00-000Z.json,2025-12-23 17:00:00+00:00,1166951,ok,23339,2025-12-23 17:00:00.032000+00:00,2025-12-23 17:59:59.021000+00:00,True,0.0,0.0,3.797,observed
xauusd_ticks_2025-12-23T18-00-00-000Z.json,2025-12-23 18:00:00+00:00,696051,ok,13921,2025-12-23 18:00:00.126000+00:00,2025-12-23 18:59:59.893000+00:00,True,0.0,0.0,5.857,observed
xauusd_ticks_2025-12-23T22-00-00-000Z.json,2025-12-23 22:00:00+00:00,2,empty,0,,,,,,,unknown
xauusd_ticks_2025-12-28T22-00-00-000Z.json,2025-12-28 22:00:00+00:00,2,empty,0,,,,,,,unknown
xauusd_ticks_2025-12-29T03-00-00-000Z.json,2025-12-29 03:00:00+00:00,1097795,ok,21957,2025-12-29 03:00:00.099000+00:00,2025-12-29 03:59:58.907000+00:00,True,0.0,0.0,9.966,observed
xauusd_ticks_2025-12-29T04-00-00-000Z.json,2025-12-29 04:00:00+00:00,774680,ok,15494,2025-12-29 04:00:00.111000+00:00,2025-12-29 04:59:59.934000+00:00,True,0.0,0.0,9.483,observed
xauusd_ticks_2025-12-29T06-00-00-000Z.json,2025-12-29 06:00:00+00:00,1289696,ok,25794,2025-12-29 06:00:00.059000+00:00,2025-12-29 06:59:59.981000+00:00,True,0.0,0.0,4.541,observed
xauusd_ticks_2025-12-29T11-00-00-000Z.json,2025-12-29 11:00:00+00:00,877548,ok,17551,2025-12-29 11:00:00.852000+00:00,2025-12-29 11:59:59.981000+00:00,True,0.0,0.0,8.269,observed
xauusd_ticks_2025-12-29T23-00-00-000Z.json,2025-12-29 23:00:00+00:00,488251,ok,9765,2025-12-29 23:00:00.540000+00:00,2025-12-29 23:59:57.370000+00:00,True,0.0,0.0,10.635,observed
xauusd_ticks_2025-12-30T04-00-00-000Z.json,2025-12-30 04:00:00+00:00,424601,ok,8492,2025-12-30 04:00:00.433000+00:00,2025-12-30 04:59:58.055000+00:00,True,0.0,0.0,14.917,observed
xauusd_ticks_2025-12-30T05-00-00-000Z.json,2025-12-30 05:00:00+00:00,954839,ok,19105,2025-12-30 05:00:00.064000+00:00,2025-12-30 05:59:59.893000+00:00,True,0.0,0.0,8.811,observed
xauusd_ticks_2025-12-30T07-00-00-000Z.json,2025-12-30 07:00:00+00:00,847229,ok,16948,2025-12-30 07:00:00.018000+00:00,2025-12-30 07:59:59.660000+00:00,True,0.0,0.0,8.304,observed
xauusd_ticks_2025-12-30T09-00-00-000Z.json,2025-12-30 09:00:00+00:00,804342,ok,16093,2025-12-30 09:00:00.054000+00:00,2025-12-30 09:59:59.704000+00:00,True,0.0,0.0,7.923,observed
xauusd_ticks_2025-12-30T10-00-00-000Z.json,2025-12-30 10:00:00+00:00,771999,ok,15440,2025-12-30 10:00:00.056000+00:00,2025-12-30 10:59:57.629000+00:00,True,0.0,0.0,10.037,observed
xauusd_ticks_2025-12-30T12-00-00-000Z.json,2025-12-30 12:00:00+00:00,1004272,ok,20093,2025-12-30 12:00:00.023000+00:00,2025-12-30 12:59:59.915000+00:00,True,0.0,0.0,6.244,observed
xauusd_ticks_2025-12-30T17-00-00-000Z.json,2025-12-30 17:00:00+00:00,1085393,ok,21708,2025-12-30 17:00:00.049000+00:00,2025-12-30 17:59:59.801000+00:00,True,0.0,0.0,4.127,observed
xauusd_ticks_2026-01-02T01-00-00-000Z.json,2026-01-02 01:00:00+00:00,798401,ok,15968,2026-01-02 01:00:00.186000+00:00,2026-01-02 01:59:58.748000+00:00,True,0.0,0.0,7.221,observed
xauusd_ticks_2026-01-02T06-00-00-000Z.json,2026-01-02 06:00:00+00:00,513301,ok,10266,2026-01-02 06:00:00.058000+00:00,2026-01-02 06:59:56.633000+00:00,True,0.0,0.0,16.071,observed
xauusd_ticks_2026-01-02T07-00-00-000Z.json,2026-01-02 07:00:00+00:00,617050,ok,12341,2026-01-02 07:00:00.048000+00:00,2026-01-02 07:59:59.986000+00:00,True,0.0,0.0,11.692,observed
xauusd_ticks_2026-01-02T09-00-00-000Z.json,2026-01-02 09:00:00+00:00,633001,ok,12660,2026-01-02 09:00:00.075000+00:00,2026-01-02 09:59:59.836000+00:00,True,0.0,0.0,11.519,observed
xauusd_ticks_2026-01-02T14-00-00-000Z.json,2026-01-02 14:00:00+00:00,1274051,ok,25481,2026-01-02 14:00:00.106000+00:00,2026-01-02 14:59:59.322000+00:00,True,0.0,0.0,6.881,observed
xauusd_ticks_2026-01-05T03-00-00-000Z.json,2026-01-05 03:00:00+00:00,1059200,ok,21184,2026-01-05 03:00:00.002000+00:00,2026-01-05 03:59:59.954000+00:00,True,0.0,0.0,9.387,observed
xauusd_ticks_2026-01-05T08-00-00-000Z.json,2026-01-05 08:00:00+00:00,739801,ok,14796,2026-01-05 08:00:00.052000+00:00,2026-01-05 08:59:59.046000+00:00,True,0.0,0.0,7.537,observed
xauusd_ticks_2026-01-05T09-00-00-000Z.json,2026-01-05 09:00:00+00:00,2,empty,0,,,,,,,unknown
xauusd_ticks_2026-01-05T11-00-00-000Z.json,2026-01-05 11:00:00+00:00,855095,ok,17102,2026-01-05 11:00:00.071000+00:00,2026-01-05 11:59:59.914000+00:00,True,0.0,0.0,7.312,observed
xauusd_ticks_2026-01-05T16-00-00-000Z.json,2026-01-05 16:00:00+00:00,885799,ok,17716,2026-01-05 16:00:00.034000+00:00,2026-01-05 16:59:59.939000+00:00,True,0.0,0.0,5.167,observed
xauusd_ticks_2026-01-06T00-00-00-000Z.json,2026-01-06 00:00:00+00:00,488850,ok,9777,2026-01-06 00:00:00.093000+00:00,2026-01-06 00:59:59.118000+00:00,True,0.0,0.0,10.361,observed
xauusd_ticks_2026-01-06T01-00-00-000Z.json,2026-01-06 01:00:00+00:00,1166696,ok,23334,2026-01-06 01:00:00.071000+00:00,2026-01-06 01:59:59.978000+00:00,True,0.0,0.0,3.836,observed
xauusd_ticks_2026-01-06T05-00-00-000Z.json,2026-01-06 05:00:00+00:00,888701,ok,17774,2026-01-06 05:00:00.067000+00:00,2026-01-06 05:59:59.906000+00:00,True,0.0,0.0,7.482,observed
xauusd_ticks_2026-01-06T06-00-00-000Z.json,2026-01-06 06:00:00+00:00,884850,ok,17697,2026-01-06 06:00:00.009000+00:00,2026-01-06 06:59:59.845000+00:00,True,0.0,0.0,5.152,observed
xauusd_ticks_2026-01-06T07-00-00-000Z.json,2026-01-06 07:00:00+00:00,583948,ok,11679,2026-01-06 07:00:00.046000+00:00,2026-01-06 07:59:59.929000+00:00,True,0.0,0.0,9.838,observed
xauusd_ticks_2026-01-06T08-00-00-000Z.json,2026-01-06 08:00:00+00:00,743601,ok,14872,2026-01-06 08:00:00.030000+00:00,2026-01-06 08:59:59.971000+00:00,True,0.0,0.0,7.309,observed
xauusd_ticks_2026-01-06T09-00-00-000Z.json,2026-01-06 09:00:00+00:00,846145,ok,16923,2026-01-06 09:00:00.022000+00:00,2026-01-06 09:59:59.711000+00:00,True,0.0,0.0,6.618,observed
xauusd_ticks_2026-01-06T13-00-00-000Z.json,2026-01-06 13:00:00+00:00,2,empty,0,,,,,,,unknown
xauusd_ticks_2026-01-06T14-00-00-000Z.json,2026-01-06 14:00:00+00:00,1388935,ok,27779,2026-01-06 14:00:00.099000+00:00,2026-01-06 14:59:59.965000+00:00,True,0.0,0.0,3.939,observed
xauusd_ticks_2026-01-07T08-00-00-000Z.json,2026-01-07 08:00:00+00:00,591798,ok,11836,2026-01-07 08:00:00.026000+00:00,2026-01-07 08:59:59.990000+00:00,True,0.0,0.0,10.492,observed
xauusd_ticks_2026-01-07T13-00-00-000Z.json,2026-01-07 13:00:00+00:00,2,empty,0,,,,,,,unknown
xauusd_ticks_2026-01-07T14-00-00-000Z.json,2026-01-07 14:00:00+00:00,1287249,ok,25745,2026-01-07 14:00:00.082000+00:00,2026-01-07 14:59:59.763000+00:00,True,0.0,0.0,3.713,observed
xauusd_ticks_2026-01-07T16-00-00-000Z.json,2026-01-07 16:00:00+00:00,2,empty,0,,,,,,,unknown
xauusd_ticks_2026-01-07T21-00-00-000Z.json,2026-01-07 21:00:00+00:00,264201,ok,5284,2026-01-07 21:00:00.029000+00:00,2026-01-07 21:59:59.927000+00:00,True,0.0,0.0,21.281,observed
xauusd_ticks_2026-01-08T01-00-00-000Z.json,2026-01-08 01:00:00+00:00,1114399,ok,22288,2026-01-08 01:00:00.094000+00:00,2026-01-08 01:59:59.536000+00:00,True,0.0,0.0,5.851,observed
xauusd_ticks_2026-01-08T06-00-00-000Z.json,2026-01-08 06:00:00+00:00,1111049,ok,22221,2026-01-08 06:00:00.069000+00:00,2026-01-08 06:59:59.484000+00:00,True,0.0,0.0,4.39,observed
xauusd_ticks_2026-01-08T07-00-00-000Z.json,2026-01-08 07:00:00+00:00,666350,ok,13327,2026-01-08 07:00:00.037000+00:00,2026-01-08 07:59:58.704000+00:00,True,0.0,0.0,7.726,observed
xauusd_ticks_2026-01-08T09-00-00-000Z.json,2026-01-08 09:00:00+00:00,590151,ok,11803,2026-01-08 09:00:00.119000+00:00,2026-01-08 09:59:58.597000+00:00,True,0.0,0.0,8.997,observed
xauusd_ticks_2026-01-08T14-00-00-000Z.json,2026-01-08 14:00:00+00:00,1329099,ok,26582,2026-01-08 14:00:00.063000+00:00,2026-01-08 14:59:59.922000+00:00,True,0.0,0.0,3.418,observed
xauusd_ticks_2026-01-09T01-00-00-000Z.json,2026-01-09 01:00:00+00:00,1010251,ok,20205,2026-01-09 01:00:00.005000+00:00,2026-01-09 01:59:59.727000+00:00,True,0.0,0.0,3.31,observed
xauusd_ticks_2026-01-09T06-00-00-000Z.json,2026-01-09 06:00:00+00:00,683820,ok,13677,2026-01-09 06:00:00.145000+00:00,2026-01-09 06:59:59.986000+00:00,True,0.0,0.0,5.337,observed
xauusd_ticks_2026-01-09T07-00-00-000Z.json,2026-01-09 07:00:00+00:00,401601,ok,8032,2026-01-09 07:00:00.087000+00:00,2026-01-09 07:59:59.385000+00:00,True,0.0,0.0,11.46,observed
xauusd_ticks_2026-01-09T09-00-00-000Z.json,2026-01-09 09:00:00+00:00,475701,ok,9514,2026-01-09 09:00:00.067000+00:00,2026-01-09 09:59:59.444000+00:00,True,0.0,0.0,13.42,observed
xauusd_ticks_2026-01-09T14-00-00-000Z.json,2026-01-09 14:00:00+00:00,1719083,ok,34382,2026-01-09 14:00:00.051000+00:00,2026-01-09 14:59:59.967000+00:00,True,0.0,0.0,2.813,observed
xauusd_ticks_2026-01-11T23-00-00-000Z.json,2026-01-11 23:00:00+00:00,623474,ok,12470,2026-01-11 23:00:00.676000+00:00,2026-01-11 23:59:59.553000+00:00,True,0.0,0.0,9.296,observed
xauusd_ticks_2026-01-12T03-00-00-000Z.json,2026-01-12 03:00:00+00:00,723851,ok,14477,2026-01-12 03:00:00.039000+00:00,2026-01-12 03:59:59.654000+00:00,True,0.0,0.0,7.343,observed
xauusd_ticks_2026-01-12T04-00-00-000Z.json,2026-01-12 04:00:00+00:00,606647,ok,12133,2026-01-12 04:00:00.059000+00:00,2026-01-12 04:59:59.895000+00:00,True,0.0,0.0,11.356,observed
xauusd_ticks_2026-01-12T05-00-00-000Z.json,2026-01-12 05:00:00+00:00,738851,ok,14777,2026-01-12 05:00:03.239000+00:00,2026-01-12 05:59:59.784000+00:00,True,0.0,0.0,10.251,observed
xauusd_ticks_2026-01-12T06-00-00-000Z.json,2026-01-12 06:00:00+00:00,811900,ok,16238,2026-01-12 06:00:00.086000+00:00,2026-01-12 06:59:59.367000+00:00,True,0.0,0.0,5.678,observed
xauusd_ticks_2026-01-12T07-00-00-000Z.json,2026-01-12 07:00:00+00:00,682551,ok,13651,2026-01-12 07:00:00.020000+00:00,2026-01-12 07:59:58.764000+00:00,True,0.0,0.0,14.239,observed
xauusd_ticks_2026-01-12T08-00-00-000Z.json,2026-01-12 08:00:00+00:00,672151,ok,13443,2026-01-12 08:00:00.070000+00:00,2026-01-12 08:59:59.748000+00:00,True,0.0,0.0,6.615,observed
xauusd_ticks_2026-01-12T09-00-00-000Z.json,2026-01-12 09:00:00+00:00,699649,ok,13993,2026-01-12 09:00:00.100000+00:00,2026-01-12 09:59:58.664000+00:00,True,0.0,0.0,9.011,observed
xauusd_ticks_2026-01-12T11-00-00-000Z.json,2026-01-12 11:00:00+00:00,496799,ok,9936,2026-01-12 11:00:00.053000+00:00,2026-01-12 11:59:57.148000+00:00,True,0.0,0.0,13.31,observed
xauusd_ticks_2026-01-12T12-00-00-000Z.json,2026-01-12 12:00:00+00:00,2,empty,0,,,,,,,unknown
xauusd_ticks_2026-01-12T14-00-00-000Z.json,2026-01-12 14:00:00+00:00,1741149,ok,34823,2026-01-12 14:00:00.080000+00:00,2026-01-12 14:59:59.952000+00:00,True,0.0,0.0,1.858,observed
xauusd_ticks_2026-01-12T16-00-00-000Z.json,2026-01-12 16:00:00+00:00,1025545,ok,20511,2026-01-12 16:00:00.064000+00:00,2026-01-12 16:59:59.885000+00:00,True,0.0,0.0,3.575,observed
xauusd_ticks_2026-01-12T19-00-00-000Z.json,2026-01-12 19:00:00+00:00,626251,ok,12525,2026-01-12 19:00:00.127000+00:00,2026-01-12 19:59:59.906000+00:00,True,0.0,0.0,6.131,observed
xauusd_ticks_2026-01-13T04-00-00-000Z.json,2026-01-13 04:00:00+00:00,426150,ok,8523,2026-01-13 04:00:00.060000+00:00,2026-01-13 04:59:55.183000+00:00,True,0.0,0.0,15.115,observed
xauusd_ticks_2026-01-13T09-00-00-000Z.json,2026-01-13 09:00:00+00:00,461601,ok,9232,2026-01-13 09:00:00.029000+00:00,2026-01-13 09:59:59.965000+00:00,True,0.0,0.0,9.614,observed
xauusd_ticks_2026-01-13T10-00-00-000Z.json,2026-01-13 10:00:00+00:00,424587,ok,8509,2026-01-13 10:00:00.016000+00:00,2026-01-13 10:59:57.533000+00:00,True,0.0,0.0,11.735,observed
xauusd_ticks_2026-01-13T12-00-00-000Z.json,2026-01-13 12:00:00+00:00,464851,ok,9297,2026-01-13 12:00:00.084000+00:00,2026-01-13 12:59:59.546000+00:00,True,0.0,0.0,9.777,observed
xauusd_ticks_2026-01-13T17-00-00-000Z.json,2026-01-13 17:00:00+00:00,1036001,ok,20720,2026-01-13 17:00:00.106000+00:00,2026-01-13 17:59:59.846000+00:00,True,0.0,0.0,4.244,observed
xauusd_ticks_2026-01-13T22-00-00-000Z.json,2026-01-13 22:00:00+00:00,2,empty,0,,,,,,,unknown
xauusd_ticks_2026-01-14T03-00-00-000Z.json,2026-01-14 03:00:00+00:00,598146,ok,11964,2026-01-14 03:00:00.060000+00:00,2026-01-14 03:59:59.548000+00:00,True,0.0,0.0,6.264,observed
xauusd_ticks_2026-01-14T04-00-00-000Z.json,2026-01-14 04:00:00+00:00,568343,ok,11367,2026-01-14 04:00:00.652000+00:00,2026-01-14 04:59:59.932000+00:00,True,0.0,0.0,7.705,observed
xauusd_ticks_2026-01-14T06-00-00-000Z.json,2026-01-14 06:00:00+00:00,985150,ok,19707,2026-01-14 06:00:00.038000+00:00,2026-01-14 06:59:59.955000+00:00,True,0.0,0.0,3.024,observed
xauusd_ticks_2026-01-14T11-00-00-000Z.json,2026-01-14 11:00:00+00:00,538700,ok,10774,2026-01-14 11:00:00.092000+00:00,2026-01-14 11:59:59.434000+00:00,True,0.0,0.0,9.497,observed
xauusd_ticks_2026-01-15T01-00-00-000Z.json,2026-01-15 01:00:00+00:00,1420039,ok,28401,2026-01-15 01:00:00.233000+00:00,2026-01-15 01:59:59.642000+00:00,True,0.0,0.0,2.425,observed
xauusd_ticks_2026-01-15T06-00-00-000Z.json,2026-01-15 06:00:00+00:00,849801,ok,16996,2026-01-15 06:00:00.060000+00:00,2026-01-15 06:59:59.671000+00:00,True,0.0,0.0,5.735,observed
xauusd_ticks_2026-01-15T07-00-00-000Z.json,2026-01-15 07:00:00+00:00,580400,ok,11608,2026-01-15 07:00:00.022000+00:00,2026-01-15 07:59:59.880000+00:00,True,0.0,0.0,7.455,observed
xauusd_ticks_2026-01-15T09-00-00-000Z.json,2026-01-15 09:00:00+00:00,596351,ok,11927,2026-01-15 09:00:00.058000+00:00,2026-01-15 09:59:59.860000+00:00,True,0.0,0.0,8.83,observed
xauusd_ticks_2026-01-15T14-00-00-000Z.json,2026-01-15 14:00:00+00:00,1564248,ok,31285,2026-01-15 14:00:00.098000+00:00,2026-01-15 14:59:59.793000+00:00,True,0.0,0.0,2.562,observed
xauusd_ticks_2026-01-16T01-00-00-000Z.json,2026-01-16 01:00:00+00:00,919901,ok,18398,2026-01-16 01:00:00.151000+00:00,2026-01-16 01:59:59.677000+00:00,True,0.0,0.0,4.444,observed
xauusd_ticks_2026-01-16T02-00-00-000Z.json,2026-01-16 02:00:00+00:00,952799,ok,19056,2026-01-16 02:00:00.079000+00:00,2026-01-16 02:59:59.985000+00:00,True,0.0,0.0,6.209,observed
xauusd_ticks_2026-01-16T06-00-00-000Z.json,2026-01-16 06:00:00+00:00,879046,ok,17581,2026-01-16 06:00:00.062000+00:00,2026-01-16 06:59:59.632000+00:00,True,0.0,0.0,5.275,observed
xauusd_ticks_2026-01-16T07-00-00-000Z.json,2026-01-16 07:00:00+00:00,524000,ok,10480,2026-01-16 07:00:00.034000+00:00,2026-01-16 07:59:59.797000+00:00,True,0.0,0.0,9.438,observed
xauusd_ticks_2026-01-16T08-00-00-000Z.json,2026-01-16 08:00:00+00:00,456301,ok,9126,2026-01-16 08:00:00.056000+00:00,2026-01-16 08:59:58.674000+00:00,True,0.0,0.0,9.778,observed
xauusd_ticks_2026-01-16T09-00-00-000Z.json,2026-01-16 09:00:00+00:00,356251,ok,7125,2026-01-16 09:00:00.079000+00:00,2026-01-16 09:59:59.703000+00:00,True,0.0,0.0,18.828,observed
xauusd_ticks_2026-01-16T10-00-00-000Z.json,2026-01-16 10:00:00+00:00,368850,ok,7377,2026-01-16 10:00:00.106000+00:00,2026-01-16 10:59:59.607000+00:00,True,0.0,0.0,9.259,observed
xauusd_ticks_2026-01-16T11-00-00-000Z.json,2026-01-16 11:00:00+00:00,434448,ok,8695,2026-01-16 11:00:00.062000+00:00,2026-01-16 11:59:59.181000+00:00,True,0.0,0.0,10.162,observed
xauusd_ticks_2026-01-16T12-00-00-000Z.json,2026-01-16 12:00:00+00:00,480300,ok,9606,2026-01-16 12:00:00.084000+00:00,2026-01-16 12:59:59.985000+00:00,True,0.0,0.0,9.327,observed
xauusd_ticks_2026-01-16T14-00-00-000Z.json,2026-01-16 14:00:00+00:00,1181350,ok,23627,2026-01-16 14:00:00.085000+00:00,2026-01-16 14:59:59.915000+00:00,True,0.0,0.0,3.366,observed
xauusd_ticks_2026-01-16T15-00-00-000Z.json,2026-01-16 15:00:00+00:00,2,empty,0,,,,,,,unknown
xauusd_ticks_2026-01-16T19-00-00-000Z.json,2026-01-16 19:00:00+00:00,718069,ok,14365,2026-01-16 19:00:00.145000+00:00,2026-01-16 19:59:59.595000+00:00,True,0.0,0.0,5.505,observed
xauusd_ticks_2026-01-20T01-00-00-000Z.json,2026-01-20 01:00:00+00:00,808851,ok,16177,2026-01-20 01:00:00.027000+00:00,2026-01-20 01:59:59.891000+00:00,True,0.0,0.0,6.022,observed
xauusd_ticks_2026-01-20T02-00-00-000Z.json,2026-01-20 02:00:00+00:00,673601,ok,13472,2026-01-20 02:00:00.093000+00:00,2026-01-20 02:59:59.922000+00:00,True,0.0,0.0,9.84,observed
xauusd_ticks_2026-01-20T06-00-00-000Z.json,2026-01-20 06:00:00+00:00,808149,ok,16163,2026-01-20 06:00:00.063000+00:00,2026-01-20 06:59:58.849000+00:00,True,0.0,0.0,5.327,observed
xauusd_ticks_2026-01-20T07-00-00-000Z.json,2026-01-20 07:00:00+00:00,554114,ok,11085,2026-01-20 07:00:00.055000+00:00,2026-01-20 07:59:59.901000+00:00,True,0.0,0.0,7.62,observed
xauusd_ticks_2026-01-20T08-00-00-000Z.json,2026-01-20 08:00:00+00:00,692350,ok,13847,2026-01-20 08:00:00.056000+00:00,2026-01-20 08:59:59.458000+00:00,True,0.0,0.0,6.47,observed
xauusd_ticks_2026-01-20T09-00-00-000Z.json,2026-01-20 09:00:00+00:00,630501,ok,12610,2026-01-20 09:00:00.016000+00:00,2026-01-20 09:59:59.154000+00:00,True,0.0,0.0,6.46,observed
xauusd_ticks_2026-01-20T10-00-00-000Z.json,2026-01-20 10:00:00+00:00,547501,ok,10950,2026-01-20 10:00:00.108000+00:00,2026-01-20 10:59:57.202000+00:00,True,0.0,0.0,8.602,observed
xauusd_ticks_2026-01-20T14-00-00-000Z.json,2026-01-20 14:00:00+00:00,1604250,ok,32085,2026-01-20 14:00:00.002000+00:00,2026-01-20 14:59:59.971000+00:00,True,0.0,0.0,2.259,observed
xauusd_ticks_2026-01-20T15-00-00-000Z.json,2026-01-20 15:00:00+00:00,1636243,ok,32725,2026-01-20 15:00:00.072000+00:00,2026-01-20 15:59:59.451000+00:00,True,0.0,0.0,1.619,observed
xauusd_ticks_2026-01-22T01-00-00-000Z.json,2026-01-22 01:00:00+00:00,1125747,ok,22515,2026-01-22 01:00:00.036000+00:00,2026-01-22 01:59:58.951000+00:00,True,0.0,0.0,3.518,observed
xauusd_ticks_2026-01-22T06-00-00-000Z.json,2026-01-22 06:00:00+00:00,696701,ok,13934,2026-01-22 06:00:00.359000+00:00,2026-01-22 06:59:59.949000+00:00,True,0.0,0.0,6.575,observed
xauusd_ticks_2026-01-22T07-00-00-000Z.json,2026-01-22 07:00:00+00:00,2,empty,0,,,,,,,unknown
xauusd_ticks_2026-01-22T09-00-00-000Z.json,2026-01-22 09:00:00+00:00,536847,ok,10737,2026-01-22 09:00:00.088000+00:00,2026-01-22 09:59:59.602000+00:00,True,0.0,0.0,8.749,observed
xauusd_ticks_2026-01-22T14-00-00-000Z.json,2026-01-22 14:00:00+00:00,1058549,ok,21171,2026-01-22 14:00:00.062000+00:00,2026-01-22 14:59:59.812000+00:00,True,0.0,0.0,8.382,observed
xauusd_ticks_2026-01-23T01-00-00-000Z.json,2026-01-23 01:00:00+00:00,979596,ok,19592,2026-01-23 01:00:00.131000+00:00,2026-01-23 01:59:59.100000+00:00,True,0.0,0.0,4.319,observed
xauusd_ticks_2026-01-23T06-00-00-000Z.json,2026-01-23 06:00:00+00:00,589151,ok,11783,2026-01-23 06:00:00.115000+00:00,2026-01-23 06:59:59.519000+00:00,True,0.0,0.0,8.749,observed
xauusd_ticks_2026-01-23T07-00-00-000Z.json,2026-01-23 07:00:00+00:00,515398,ok,10308,2026-01-23 07:00:00.122000+00:00,2026-01-23 07:59:57.814000+00:00,True,0.0,0.0,10.591,observed
xauusd_ticks_2026-01-23T09-00-00-000Z.json,2026-01-23 09:00:00+00:00,824948,ok,16499,2026-01-23 09:00:00.009000+00:00,2026-01-23 09:59:59.898000+00:00,True,0.0,0.0,5.429,observed
xauusd_ticks_2026-01-23T14-00-00-000Z.json,2026-01-23 14:00:00+00:00,2,empty,0,,,,,,,unknown
xauusd_ticks_2026-01-26T03-00-00-000Z.json,2026-01-26 03:00:00+00:00,1008101,ok,20162,2026-01-26 03:00:00.084000+00:00,2026-01-26 03:59:59.797000+00:00,True,0.0,0.0,5.17,observed
xauusd_ticks_2026-01-26T08-00-00-000Z.json,2026-01-26 08:00:00+00:00,810946,ok,16219,2026-01-26 08:00:00.058000+00:00,2026-01-26 08:59:59.241000+00:00,True,0.0,0.0,7.183,observed
xauusd_ticks_2026-01-26T09-00-00-000Z.json,2026-01-26 09:00:00+00:00,803150,ok,16063,2026-01-26 09:00:00.095000+00:00,2026-01-26 09:59:59.301000+00:00,True,0.0,0.0,6.305,observed
xauusd_ticks_2026-01-26T11-00-00-000Z.json,2026-01-26 11:00:00+00:00,685500,ok,13710,2026-01-26 11:00:00.017000+00:00,2026-01-26 11:59:59.817000+00:00,True,0.0,0.0,7.517,observed
xauusd_ticks_2026-01-26T16-00-00-000Z.json,2026-01-26 16:00:00+00:00,1541494,ok,30830,2026-01-26 16:00:00.129000+00:00,2026-01-26 16:59:59.897000+00:00,True,0.0,0.0,1.608,observed
xauusd_ticks_2026-01-28T01-00-00-000Z.json,2026-01-28 01:00:00+00:00,1708049,ok,34161,2026-01-28 01:00:00.085000+00:00,2026-01-28 01:59:59.968000+00:00,True,0.0,0.0,3.026,observed
xauusd_ticks_2026-01-28T06-00-00-000Z.json,2026-01-28 06:00:00+00:00,1042150,ok,20843,2026-01-28 06:00:00.056000+00:00,2026-01-28 06:59:59.995000+00:00,True,0.0,0.0,6.147,observed
xauusd_ticks_2026-01-28T07-00-00-000Z.json,2026-01-28 07:00:00+00:00,991189,ok,19824,2026-01-28 07:00:00.046000+00:00,2026-01-28 07:59:59.967000+00:00,True,0.0,0.0,5.925,observed
xauusd_ticks_2026-01-28T09-00-00-000Z.json,2026-01-28 09:00:00+00:00,1050990,ok,21020,2026-01-28 09:00:00+00:00,2026-01-28 09:59:59.655000+00:00,True,0.0,0.0,5.922,observed
xauusd_ticks_2026-01-28T14-00-00-000Z.json,2026-01-28 14:00:00+00:00,1704934,ok,34099,2026-01-28 14:00:00.097000+00:00,2026-01-28 14:59:59.990000+00:00,True,0.0,0.0,1.961,observed
xauusd_ticks_2026-01-29T22-00-00-000Z.json,2026-01-29 22:00:00+00:00,2,empty,0,,,,,,,unknown
xauusd_ticks_2026-01-30T04-00-00-000Z.json,2026-01-30 04:00:00+00:00,1378499,ok,27570,2026-01-30 04:00:00.012000+00:00,2026-01-30 04:59:59.689000+00:00,True,0.0,0.0,4.216,observed
xauusd_ticks_2026-02-02T20-00-00-000Z.json,2026-02-02 20:00:00+00:00,1717794,ok,34356,2026-02-02 20:00:00.008000+00:00,2026-02-02 20:59:59.979000+00:00,True,0.0,0.0,1.809,observed
xauusd_ticks_2026-02-03T11-00-00-000Z.json,2026-02-03 11:00:00+00:00,927496,ok,18550,2026-02-03 11:00:00.071000+00:00,2026-02-03 11:59:59.986000+00:00,True,0.0,0.0,4.966,observed
xauusd_ticks_2026-02-03T12-00-00-000Z.json,2026-02-03 12:00:00+00:00,1002100,ok,20042,2026-02-03 12:00:00.088000+00:00,2026-02-03 12:59:59.600000+00:00,True,0.0,0.0,3.875,observed
xauusd_ticks_2026-02-03T14-00-00-000Z.json,2026-02-03 14:00:00+00:00,1912497,ok,38250,2026-02-03 14:00:00.033000+00:00,2026-02-03 14:59:59.754000+00:00,True,0.0,0.0,1.81,observed
xauusd_ticks_2026-02-03T19-00-00-000Z.json,2026-02-03 19:00:00+00:00,1715488,ok,34310,2026-02-03 19:00:00.079000+00:00,2026-02-03 19:59:59.947000+00:00,True,0.0,0.0,2.109,observed
xauusd_ticks_2026-02-04T11-00-00-000Z.json,2026-02-04 11:00:00+00:00,858198,ok,17164,2026-02-04 11:00:00.028000+00:00,2026-02-04 11:59:59.936000+00:00,True,0.0,0.0,5.943,observed
xauusd_ticks_2026-02-04T16-00-00-000Z.json,2026-02-04 16:00:00+00:00,2068583,ok,41372,2026-02-04 16:00:00.068000+00:00,2026-02-04 16:59:59.919000+00:00,True,0.0,0.0,1.859,observed
xauusd_ticks_2026-02-04T17-00-00-000Z.json,2026-02-04 17:00:00+00:00,1940536,ok,38811,2026-02-04 17:00:00.020000+00:00,2026-02-04 17:59:59.959000+00:00,True,0.0,0.0,1.56,observed
xauusd_ticks_2026-02-04T19-00-00-000Z.json,2026-02-04 19:00:00+00:00,1302693,ok,26054,2026-02-04 19:00:00.091000+00:00,2026-02-04 19:59:59.887000+00:00,True,0.0,0.0,3.395,observed
xauusd_ticks_2026-02-05T00-00-00-000Z.json,2026-02-05 00:00:00+00:00,813147,ok,16263,2026-02-05 00:00:00.099000+00:00,2026-02-05 00:59:59.935000+00:00,True,0.0,0.0,11.257,observed
xauusd_ticks_2026-02-05T09-00-00-000Z.json,2026-02-05 09:00:00+00:00,1386687,ok,27734,2026-02-05 09:00:00.001000+00:00,2026-02-05 09:59:59.942000+00:00,True,0.0,0.0,4.312,observed
xauusd_ticks_2026-02-05T14-00-00-000Z.json,2026-02-05 14:00:00+00:00,2034964,ok,40700,2026-02-05 14:00:00.041000+00:00,2026-02-05 14:59:59.969000+00:00,True,0.0,0.0,2.109,observed
xauusd_ticks_2026-02-05T15-00-00-000Z.json,2026-02-05 15:00:00+00:00,2132087,ok,42642,2026-02-05 15:00:00.170000+00:00,2026-02-05 15:59:59.964000+00:00,True,0.0,0.0,2.392,observed
xauusd_ticks_2026-02-05T17-00-00-000Z.json,2026-02-05 17:00:00+00:00,1446498,ok,28930,2026-02-05 17:00:00.047000+00:00,2026-02-05 17:59:59.902000+00:00,True,0.0,0.0,3.67,observed
xauusd_ticks_2026-02-05T22-00-00-000Z.json,2026-02-05 22:00:00+00:00,2,empty,0,,,,,,,unknown
xauusd_ticks_2026-02-05T23-00-00-000Z.json,2026-02-05 23:00:00+00:00,1136335,ok,22727,2026-02-05 23:00:03.790000+00:00,2026-02-05 23:59:59.519000+00:00,True,0.0,0.0,8.985,observed
xauusd_ticks_2026-02-06T01-00-00-000Z.json,2026-02-06 01:00:00+00:00,1958598,ok,39172,2026-02-06 01:00:00.025000+00:00,2026-02-06 01:59:59.929000+00:00,True,0.0,0.0,2.98,observed
xauusd_ticks_2026-02-06T04-00-00-000Z.json,2026-02-06 04:00:00+00:00,715599,ok,14312,2026-02-06 04:00:00.083000+00:00,2026-02-06 04:59:59.628000+00:00,True,0.0,0.0,7.321,observed
xauusd_ticks_2026-02-06T05-00-00-000Z.json,2026-02-06 05:00:00+00:00,1079550,ok,21591,2026-02-06 05:00:00.080000+00:00,2026-02-06 05:59:59.952000+00:00,True,0.0,0.0,4.72,observed
xauusd_ticks_2026-02-06T06-00-00-000Z.json,2026-02-06 06:00:00+00:00,1309499,ok,26190,2026-02-06 06:00:00.103000+00:00,2026-02-06 06:59:59.673000+00:00,True,0.0,0.0,3.012,observed
xauusd_ticks_2026-02-06T07-00-00-000Z.json,2026-02-06 07:00:00+00:00,818491,ok,16370,2026-02-06 07:00:00.025000+00:00,2026-02-06 07:59:59.995000+00:00,True,0.0,0.0,7.08,observed
xauusd_ticks_2026-02-06T09-00-00-000Z.json,2026-02-06 09:00:00+00:00,753173,ok,15065,2026-02-06 09:00:00.121000+00:00,2026-02-06 09:59:59.195000+00:00,True,0.0,0.0,16.13,observed
xauusd_ticks_2026-02-06T12-00-00-000Z.json,2026-02-06 12:00:00+00:00,699000,ok,13980,2026-02-06 12:00:00.049000+00:00,2026-02-06 12:59:59.321000+00:00,True,0.0,0.0,6.224,observed
xauusd_ticks_2026-02-06T13-00-00-000Z.json,2026-02-06 13:00:00+00:00,1292493,ok,25850,2026-02-06 13:00:00.074000+00:00,2026-02-06 13:59:59.052000+00:00,True,0.0,0.0,3.076,observed
xauusd_ticks_2026-02-06T14-00-00-000Z.json,2026-02-06 14:00:00+00:00,1314745,ok,26295,2026-02-06 14:00:00.058000+00:00,2026-02-06 14:59:59.596000+00:00,True,0.0,0.0,8.744,observed
xauusd_ticks_2026-02-06T15-00-00-000Z.json,2026-02-06 15:00:00+00:00,1581501,ok,31631,2026-02-06 15:00:00.087000+00:00,2026-02-06 15:59:59.699000+00:00,True,0.0,0.0,3.51,observed
xauusd_ticks_2026-02-06T20-00-00-000Z.json,2026-02-06 20:00:00+00:00,690296,ok,13806,2026-02-06 20:00:00.016000+00:00,2026-02-06 20:59:59.935000+00:00,True,0.0,0.0,6.849,observed
xauusd_ticks_2026-02-09T04-00-00-000Z.json,2026-02-09 04:00:00+00:00,588001,ok,11760,2026-02-09 04:00:00.063000+00:00,2026-02-09 04:59:59.141000+00:00,True,0.0,0.0,12.641,observed
xauusd_ticks_2026-02-09T09-00-00-000Z.json,2026-02-09 09:00:00+00:00,537601,ok,10752,2026-02-09 09:00:00.112000+00:00,2026-02-09 09:59:59.257000+00:00,True,0.0,0.0,8.699,observed
xauusd_ticks_2026-02-09T10-00-00-000Z.json,2026-02-09 10:00:00+00:00,708441,ok,14169,2026-02-09 10:00:00.062000+00:00,2026-02-09 10:59:59.676000+00:00,True,0.0,0.0,7.406,observed
xauusd_ticks_2026-02-09T12-00-00-000Z.json,2026-02-09 12:00:00+00:00,456448,ok,9129,2026-02-09 12:00:00.076000+00:00,2026-02-09 12:59:59.268000+00:00,True,0.0,0.0,10.231,observed
xauusd_ticks_2026-02-09T17-00-00-000Z.json,2026-02-09 17:00:00+00:00,684196,ok,13684,2026-02-09 17:00:00.030000+00:00,2026-02-09 17:59:59.967000+00:00,True,0.0,0.0,6.212,observed
xauusd_ticks_2026-02-11T09-00-00-000Z.json,2026-02-11 09:00:00+00:00,460151,ok,9203,2026-02-11 09:00:00.088000+00:00,2026-02-11 09:59:58.804000+00:00,True,0.0,0.0,10.73,observed
xauusd_ticks_2026-02-11T14-00-00-000Z.json,2026-02-11 14:00:00+00:00,1448885,ok,28978,2026-02-11 14:00:00.096000+00:00,2026-02-11 14:59:59.979000+00:00,True,0.0,0.0,3.4,observed
xauusd_ticks_2026-02-11T15-00-00-000Z.json,2026-02-11 15:00:00+00:00,1535530,ok,30711,2026-02-11 15:00:00.080000+00:00,2026-02-11 15:59:59.949000+00:00,True,0.0,0.0,2.717,observed
xauusd_ticks_2026-02-11T17-00-00-000Z.json,2026-02-11 17:00:00+00:00,1026694,ok,20534,2026-02-11 17:00:00.023000+00:00,2026-02-11 17:59:59.107000+00:00,True,0.0,0.0,6.115,observed
xauusd_ticks_2026-02-11T22-00-00-000Z.json,2026-02-11 22:00:00+00:00,2,empty,0,,,,,,,unknown
xauusd_ticks_2026-02-11T23-00-00-000Z.json,2026-02-11 23:00:00+00:00,589196,ok,11784,2026-02-11 23:00:00.594000+00:00,2026-02-11 23:59:59.999000+00:00,True,0.0,0.0,12.3,observed
xauusd_ticks_2026-02-12T03-00-00-000Z.json,2026-02-12 03:00:00+00:00,422850,ok,8457,2026-02-12 03:00:00.067000+00:00,2026-02-12 03:59:59.700000+00:00,True,0.0,0.0,13.768,observed
xauusd_ticks_2026-02-12T04-00-00-000Z.json,2026-02-12 04:00:00+00:00,233099,ok,4662,2026-02-12 04:00:00.052000+00:00,2026-02-12 04:59:59.956000+00:00,True,0.0,0.0,18.971,observed
xauusd_ticks_2026-02-12T05-00-00-000Z.json,2026-02-12 05:00:00+00:00,382293,ok,7646,2026-02-12 05:00:00.309000+00:00,2026-02-12 05:59:59.415000+00:00,True,0.0,0.0,12.992,observed
xauusd_ticks_2026-02-12T07-00-00-000Z.json,2026-02-12 07:00:00+00:00,426401,ok,8528,2026-02-12 07:00:00.063000+00:00,2026-02-12 07:59:59.905000+00:00,True,0.0,0.0,26.071,observed
xauusd_ticks_2026-02-12T08-00-00-000Z.json,2026-02-12 08:00:00+00:00,428846,ok,8577,2026-02-12 08:00:00.107000+00:00,2026-02-12 08:59:58.546000+00:00,True,0.0,0.0,14.052,observed
xauusd_ticks_2026-02-12T09-00-00-000Z.json,2026-02-12 09:00:00+00:00,339850,ok,6797,2026-02-12 09:00:00.053000+00:00,2026-02-12 09:59:59.313000+00:00,True,0.0,0.0,9.621,observed
xauusd_ticks_2026-02-12T10-00-00-000Z.json,2026-02-12 10:00:00+00:00,417993,ok,8360,2026-02-12 10:00:01.425000+00:00,2026-02-12 10:59:59.201000+00:00,True,0.0,0.0,14.125,observed
xauusd_ticks_2026-02-12T11-00-00-000Z.json,2026-02-12 11:00:00+00:00,347117,ok,6944,2026-02-12 11:00:00.294000+00:00,2026-02-12 11:59:59.802000+00:00,True,0.0,0.0,16.285,observed
xauusd_ticks_2026-02-12T12-00-00-000Z.json,2026-02-12 12:00:00+00:00,411200,ok,8224,2026-02-12 12:00:00.003000+00:00,2026-02-12 12:59:59.887000+00:00,True,0.0,0.0,12.435,observed
xauusd_ticks_2026-02-12T13-00-00-000Z.json,2026-02-12 13:00:00+00:00,623999,ok,12480,2026-02-12 13:00:00.189000+00:00,2026-02-12 13:59:59.707000+00:00,True,0.0,0.0,8.046,observed
xauusd_ticks_2026-02-12T16-00-00-000Z.json,2026-02-12 16:00:00+00:00,2273962,ok,45482,2026-02-12 16:00:00.018000+00:00,2026-02-12 16:59:59.924000+00:00,True,0.0,0.0,1.813,observed
xauusd_ticks_2026-02-12T18-00-00-000Z.json,2026-02-12 18:00:00+00:00,1625921,ok,32519,2026-02-12 18:00:00.073000+00:00,2026-02-12 18:59:59.941000+00:00,True,0.0,0.0,3.061,observed
xauusd_ticks_2026-02-13T01-00-00-000Z.json,2026-02-13 01:00:00+00:00,1021999,ok,20440,2026-02-13 01:00:00.115000+00:00,2026-02-13 01:59:59.713000+00:00,True,0.0,0.0,7.936,observed
xauusd_ticks_2026-02-13T05-00-00-000Z.json,2026-02-13 05:00:00+00:00,580100,ok,11602,2026-02-13 05:00:00.989000+00:00,2026-02-13 05:59:59.936000+00:00,True,0.0,0.0,14.319,observed
xauusd_ticks_2026-02-13T06-00-00-000Z.json,2026-02-13 06:00:00+00:00,712541,ok,14251,2026-02-13 06:00:00.038000+00:00,2026-02-13 06:59:59.692000+00:00,True,0.0,0.0,6.776,observed
xauusd_ticks_2026-02-13T07-00-00-000Z.json,2026-02-13 07:00:00+00:00,612999,ok,12260,2026-02-13 07:00:00.044000+00:00,2026-02-13 07:59:59.906000+00:00,True,0.0,0.0,8.695,observed
xauusd_ticks_2026-02-13T09-00-00-000Z.json,2026-02-13 09:00:00+00:00,564349,ok,11287,2026-02-13 09:00:00.062000+00:00,2026-02-13 09:59:59.588000+00:00,True,0.0,0.0,8.82,observed
xauusd_ticks_2026-02-13T10-00-00-000Z.json,2026-02-13 10:00:00+00:00,504808,ok,10097,2026-02-13 10:00:00.091000+00:00,2026-02-13 10:59:59.808000+00:00,True,0.0,0.0,10.965,observed
xauusd_ticks_2026-02-13T11-00-00-000Z.json,2026-02-13 11:00:00+00:00,658249,ok,13165,2026-02-13 11:00:00.110000+00:00,2026-02-13 11:59:59.941000+00:00,True,0.0,0.0,6.784,observed
xauusd_ticks_2026-02-13T13-00-00-000Z.json,2026-02-13 13:00:00+00:00,841426,ok,16829,2026-02-13 13:00:00.060000+00:00,2026-02-13 13:59:59.604000+00:00,True,0.0,0.0,7.549,observed
xauusd_ticks_2026-02-13T14-00-00-000Z.json,2026-02-13 14:00:00+00:00,1323841,ok,26477,2026-02-13 14:00:00.108000+00:00,2026-02-13 14:59:59.913000+00:00,True,0.0,0.0,4.925,observed
xauusd_ticks_2026-02-13T18-00-00-000Z.json,2026-02-13 18:00:00+00:00,693748,ok,13875,2026-02-13 18:00:00.061000+00:00,2026-02-13 18:59:59.900000+00:00,True,0.0,0.0,4.804,observed
xauusd_ticks_2026-02-17T04-00-00-000Z.json,2026-02-17 04:00:00+00:00,308401,ok,6168,2026-02-17 04:00:00.076000+00:00,2026-02-17 04:59:59.717000+00:00,True,0.0,0.0,12.618,observed
xauusd_ticks_2026-02-17T06-00-00-000Z.json,2026-02-17 06:00:00+00:00,526045,ok,10521,2026-02-17 06:00:00.430000+00:00,2026-02-17 06:59:59.713000+00:00,True,0.0,0.0,12.573,observed
xauusd_ticks_2026-02-17T09-00-00-000Z.json,2026-02-17 09:00:00+00:00,404298,ok,8086,2026-02-17 09:00:00.133000+00:00,2026-02-17 09:59:59.847000+00:00,True,0.0,0.0,13.574,observed
xauusd_ticks_2026-02-17T10-00-00-000Z.json,2026-02-17 10:00:00+00:00,388350,ok,7767,2026-02-17 10:00:00.099000+00:00,2026-02-17 10:59:56.610000+00:00,True,0.0,0.0,13.526,observed
xauusd_ticks_2026-02-17T11-00-00-000Z.json,2026-02-17 11:00:00+00:00,325049,ok,6501,2026-02-17 11:00:00.027000+00:00,2026-02-17 11:59:59.721000+00:00,True,0.0,0.0,17.429,observed
xauusd_ticks_2026-02-17T12-00-00-000Z.json,2026-02-17 12:00:00+00:00,417000,ok,8340,2026-02-17 12:00:00.124000+00:00,2026-02-17 12:59:59.998000+00:00,True,0.0,0.0,11.021,observed
xauusd_ticks_2026-02-17T14-00-00-000Z.json,2026-02-17 14:00:00+00:00,1653558,ok,33072,2026-02-17 14:00:00.064000+00:00,2026-02-17 14:59:59.952000+00:00,True,0.0,0.0,4.106,observed
xauusd_ticks_2026-02-17T17-00-00-000Z.json,2026-02-17 17:00:00+00:00,997297,ok,19946,2026-02-17 17:00:00.028000+00:00,2026-02-17 17:59:59.863000+00:00,True,0.0,0.0,4.177,observed
xauusd_ticks_2026-02-17T19-00-00-000Z.json,2026-02-17 19:00:00+00:00,834251,ok,16685,2026-02-17 19:00:00.011000+00:00,2026-02-17 19:59:59.464000+00:00,True,0.0,0.0,4.47,observed
xauusd_ticks_2026-02-17T21-00-00-000Z.json,2026-02-17 21:00:00+00:00,263801,ok,5276,2026-02-17 21:00:00.042000+00:00,2026-02-17 21:59:59.810000+00:00,True,0.0,0.0,23.23,observed
xauusd_ticks_2026-02-18T02-00-00-000Z.json,2026-02-18 02:00:00+00:00,287251,ok,5745,2026-02-18 02:00:00.062000+00:00,2026-02-18 02:59:59.056000+00:00,True,0.0,0.0,18.635,observed
xauusd_ticks_2026-02-18T03-00-00-000Z.json,2026-02-18 03:00:00+00:00,327301,ok,6546,2026-02-18 03:00:00.113000+00:00,2026-02-18 03:59:59.439000+00:00,True,0.0,0.0,10.654,observed
xauusd_ticks_2026-02-18T05-00-00-000Z.json,2026-02-18 05:00:00+00:00,222951,ok,4459,2026-02-18 05:00:00.095000+00:00,2026-02-18 05:59:59.704000+00:00,True,0.0,0.0,14.68,observed
xauusd_ticks_2026-02-18T10-00-00-000Z.json,2026-02-18 10:00:00+00:00,408395,ok,8168,2026-02-18 10:00:00.056000+00:00,2026-02-18 10:59:56.179000+00:00,True,0.0,0.0,21.663,observed
xauusd_ticks_2026-02-19T14-00-00-000Z.json,2026-02-19 14:00:00+00:00,1148300,ok,22966,2026-02-19 14:00:00.131000+00:00,2026-02-19 14:59:59.840000+00:00,True,0.0,0.0,4.559,observed
xauusd_ticks_2026-02-19T19-00-00-000Z.json,2026-02-19 19:00:00+00:00,469946,ok,9399,2026-02-19 19:00:00.009000+00:00,2026-02-19 19:59:59.843000+00:00,True,0.0,0.0,11.352,observed
xauusd_ticks_2026-02-19T20-00-00-000Z.json,2026-02-19 20:00:00+00:00,2,empty,0,,,,,,,unknown
xauusd_ticks_2026-02-19T21-00-00-000Z.json,2026-02-19 21:00:00+00:00,167951,ok,3359,2026-02-19 21:00:00.053000+00:00,2026-02-19 21:59:58.440000+00:00,True,0.0,0.0,41.633,observed
xauusd_ticks_2026-02-19T22-00-00-000Z.json,2026-02-19 22:00:00+00:00,2,empty,0,,,,,,,unknown
xauusd_ticks_2026-02-20T02-00-00-000Z.json,2026-02-20 02:00:00+00:00,271200,ok,5424,2026-02-20 02:00:00.087000+00:00,2026-02-20 02:59:56.010000+00:00,True,0.0,0.0,23.34,observed
xauusd_ticks_2026-02-20T03-00-00-000Z.json,2026-02-20 03:00:00+00:00,246300,ok,4926,2026-02-20 03:00:00.301000+00:00,2026-02-20 03:59:59.925000+00:00,True,0.0,0.0,27.887,observed
xauusd_ticks_2026-02-20T05-00-00-000Z.json,2026-02-20 05:00:00+00:00,246100,ok,4922,2026-02-20 05:00:00.089000+00:00,2026-02-20 05:59:59.924000+00:00,True,0.0,0.0,19.156,observed
xauusd_ticks_2026-02-20T10-00-00-000Z.json,2026-02-20 10:00:00+00:00,416898,ok,8338,2026-02-20 10:00:00.089000+00:00,2026-02-20 10:59:59.201000+00:00,True,0.0,0.0,12.063,observed
xauusd_ticks_2026-02-23T01-00-00-000Z.json,2026-02-23 01:00:00+00:00,743897,ok,14878,2026-02-23 01:00:00.178000+00:00,2026-02-23 01:59:59.991000+00:00,True,0.0,0.0,9.396,observed
xauusd_ticks_2026-02-23T03-00-00-000Z.json,2026-02-23 03:00:00+00:00,566301,ok,11326,2026-02-23 03:00:00.212000+00:00,2026-02-23 03:59:59.599000+00:00,True,0.0,0.0,7.227,observed
xauusd_ticks_2026-02-23T06-00-00-000Z.json,2026-02-23 06:00:00+00:00,365698,ok,7314,2026-02-23 06:00:00.126000+00:00,2026-02-23 06:59:57.544000+00:00,True,0.0,0.0,16.891,observed
xauusd_ticks_2026-02-23T07-00-00-000Z.json,2026-02-23 07:00:00+00:00,620649,ok,12413,2026-02-23 07:00:00.107000+00:00,2026-02-23 07:59:59.795000+00:00,True,0.0,0.0,7.35,observed
xauusd_ticks_2026-02-23T08-00-00-000Z.json,2026-02-23 08:00:00+00:00,516947,ok,10339,2026-02-23 08:00:00.097000+00:00,2026-02-23 08:59:59.943000+00:00,True,0.0,0.0,7.895,observed
xauusd_ticks_2026-02-23T09-00-00-000Z.json,2026-02-23 09:00:00+00:00,355900,ok,7118,2026-02-23 09:00:00.044000+00:00,2026-02-23 09:59:57.525000+00:00,True,0.0,0.0,18.041,observed
xauusd_ticks_2026-02-23T11-00-00-000Z.json,2026-02-23 11:00:00+00:00,350999,ok,7020,2026-02-23 11:00:00.073000+00:00,2026-02-23 11:59:59.831000+00:00,True,0.0,0.0,11.176,observed
xauusd_ticks_2026-02-23T12-00-00-000Z.json,2026-02-23 12:00:00+00:00,422998,ok,8460,2026-02-23 12:00:00.133000+00:00,2026-02-23 12:59:59.417000+00:00,True,0.0,0.0,9.909,observed
xauusd_ticks_2026-02-23T13-00-00-000Z.json,2026-02-23 13:00:00+00:00,562299,ok,11246,2026-02-23 13:00:00.071000+00:00,2026-02-23 13:59:59.551000+00:00,True,0.0,0.0,7.428,observed
xauusd_ticks_2026-02-23T14-00-00-000Z.json,2026-02-23 14:00:00+00:00,1074048,ok,21481,2026-02-23 14:00:00.054000+00:00,2026-02-23 14:59:59.912000+00:00,True,0.0,0.0,10.038,observed
xauusd_ticks_2026-02-23T15-00-00-000Z.json,2026-02-23 15:00:00+00:00,1277151,ok,25543,2026-02-23 15:00:00.062000+00:00,2026-02-23 15:59:59.983000+00:00,True,0.0,0.0,2.704,observed
xauusd_ticks_2026-02-23T16-00-00-000Z.json,2026-02-23 16:00:00+00:00,1332931,ok,26666,2026-02-23 16:00:00.034000+00:00,2026-02-23 16:59:59.950000+00:00,True,0.0,0.0,3.062,observed
xauusd_ticks_2026-02-23T20-00-00-000Z.json,2026-02-23 20:00:00+00:00,991288,ok,19826,2026-02-23 20:00:00.113000+00:00,2026-02-23 20:59:59.963000+00:00,True,0.0,0.0,4.852,observed
xauusd_ticks_2026-02-24T02-00-00-000Z.json,2026-02-24 02:00:00+00:00,619701,ok,12394,2026-02-24 02:00:00.011000+00:00,2026-02-24 02:59:59.256000+00:00,True,0.0,0.0,9.489,observed
xauusd_ticks_2026-02-24T07-00-00-000Z.json,2026-02-24 07:00:00+00:00,496501,ok,9930,2026-02-24 07:00:00.019000+00:00,2026-02-24 07:59:58.931000+00:00,True,0.0,0.0,10.704,observed
xauusd_ticks_2026-02-24T08-00-00-000Z.json,2026-02-24 08:00:00+00:00,671100,ok,13422,2026-02-24 08:00:00.087000+00:00,2026-02-24 08:59:59.309000+00:00,True,0.0,0.0,7.497,observed
xauusd_ticks_2026-02-24T10-00-00-000Z.json,2026-02-24 10:00:00+00:00,344999,ok,6900,2026-02-24 10:00:00.112000+00:00,2026-02-24 10:59:59.484000+00:00,True,0.0,0.0,11.814,observed
xauusd_ticks_2026-02-24T12-00-00-000Z.json,2026-02-24 12:00:00+00:00,576694,ok,11534,2026-02-24 12:00:00.104000+00:00,2026-02-24 12:59:59.900000+00:00,True,0.0,0.0,10.136,observed
xauusd_ticks_2026-02-24T13-00-00-000Z.json,2026-02-24 13:00:00+00:00,1010495,ok,20210,2026-02-24 13:00:00.002000+00:00,2026-02-24 13:59:59.986000+00:00,True,0.0,0.0,5.844,observed
xauusd_ticks_2026-02-24T15-00-00-000Z.json,2026-02-24 15:00:00+00:00,1105646,ok,22113,2026-02-24 15:00:00.077000+00:00,2026-02-24 15:59:59.537000+00:00,True,0.0,0.0,3.724,observed
xauusd_ticks_2026-02-24T20-00-00-000Z.json,2026-02-24 20:00:00+00:00,801340,ok,16027,2026-02-24 20:00:00.281000+00:00,2026-02-24 20:59:59.912000+00:00,True,0.0,0.0,7.064,observed
xauusd_ticks_2026-02-24T23-00-00-000Z.json,2026-02-24 23:00:00+00:00,330549,ok,6611,2026-02-24 23:00:01.119000+00:00,2026-02-24 23:59:53.954000+00:00,True,0.0,0.0,155.709,observed
xauusd_ticks_2026-02-25T00-00-00-000Z.json,2026-02-25 00:00:00+00:00,399948,ok,7999,2026-02-25 00:00:00.352000+00:00,2026-02-25 00:59:58.830000+00:00,True,0.0,0.0,12.25,observed
xauusd_ticks_2026-02-25T03-00-00-000Z.json,2026-02-25 03:00:00+00:00,434500,ok,8690,2026-02-25 03:00:00.117000+00:00,2026-02-25 03:59:58.813000+00:00,True,0.0,0.0,9.856,observed
xauusd_ticks_2026-02-25T04-00-00-000Z.json,2026-02-25 04:00:00+00:00,233601,ok,4672,2026-02-25 04:00:00.086000+00:00,2026-02-25 04:59:55.916000+00:00,True,0.0,0.0,17.261,observed
xauusd_ticks_2026-02-25T05-00-00-000Z.json,2026-02-25 05:00:00+00:00,495301,ok,9906,2026-02-25 05:00:00.087000+00:00,2026-02-25 05:59:59.650000+00:00,True,0.0,0.0,13.052,observed
xauusd_ticks_2026-02-25T06-00-00-000Z.json,2026-02-25 06:00:00+00:00,524849,ok,10497,2026-02-25 06:00:00.205000+00:00,2026-02-25 06:59:59.676000+00:00,True,0.0,0.0,7.128,observed
xauusd_ticks_2026-02-25T07-00-00-000Z.json,2026-02-25 07:00:00+00:00,284251,ok,5685,2026-02-25 07:00:00.029000+00:00,2026-02-25 07:59:59.286000+00:00,True,0.0,0.0,12.877,observed
xauusd_ticks_2026-02-25T08-00-00-000Z.json,2026-02-25 08:00:00+00:00,355399,ok,7108,2026-02-25 08:00:00.108000+00:00,2026-02-25 08:59:59.024000+00:00,True,0.0,0.0,13.461,observed
xauusd_ticks_2026-02-25T09-00-00-000Z.json,2026-02-25 09:00:00+00:00,420348,ok,8407,2026-02-25 09:00:00.129000+00:00,2026-02-25 09:59:59.537000+00:00,True,0.0,0.0,13.271,observed
xauusd_ticks_2026-02-25T10-00-00-000Z.json,2026-02-25 10:00:00+00:00,396548,ok,7931,2026-02-25 10:00:00.090000+00:00,2026-02-25 10:59:59.335000+00:00,True,0.0,0.0,11.407,observed
xauusd_ticks_2026-02-25T11-00-00-000Z.json,2026-02-25 11:00:00+00:00,431801,ok,8636,2026-02-25 11:00:00.152000+00:00,2026-02-25 11:59:59.987000+00:00,True,0.0,0.0,8.733,observed
xauusd_ticks_2026-02-25T12-00-00-000Z.json,2026-02-25 12:00:00+00:00,388000,ok,7760,2026-02-25 12:00:00.088000+00:00,2026-02-25 12:59:59.908000+00:00,True,0.0,0.0,10.579,observed
xauusd_ticks_2026-02-25T13-00-00-000Z.json,2026-02-25 13:00:00+00:00,600450,ok,12009,2026-02-25 13:00:00.210000+00:00,2026-02-25 13:59:59.686000+00:00,True,0.0,0.0,7.0,observed
xauusd_ticks_2026-02-25T14-00-00-000Z.json,2026-02-25 14:00:00+00:00,1048397,ok,20968,2026-02-25 14:00:00.089000+00:00,2026-02-25 14:59:59.891000+00:00,True,0.0,0.0,10.081,observed
xauusd_ticks_2026-02-25T16-00-00-000Z.json,2026-02-25 16:00:00+00:00,749950,ok,14999,2026-02-25 16:00:00.144000+00:00,2026-02-25 16:59:59.145000+00:00,True,0.0,0.0,5.467,observed
xauusd_ticks_2026-02-25T17-00-00-000Z.json,2026-02-25 17:00:00+00:00,684698,ok,13694,2026-02-25 17:00:00.001000+00:00,2026-02-25 17:59:59.905000+00:00,True,0.0,0.0,6.231,observed
xauusd_ticks_2026-02-25T21-00-00-000Z.json,2026-02-25 21:00:00+00:00,584051,ok,11681,2026-02-25 21:00:00.021000+00:00,2026-02-25 21:59:58.362000+00:00,True,0.0,0.0,9.442,observed
xauusd_ticks_2026-02-26T00-00-00-000Z.json,2026-02-26 00:00:00+00:00,545198,ok,10904,2026-02-26 00:00:00.189000+00:00,2026-02-26 00:59:58.715000+00:00,True,0.0,0.0,9.239,observed
xauusd_ticks_2026-02-26T03-00-00-000Z.json,2026-02-26 03:00:00+00:00,446550,ok,8931,2026-02-26 03:00:00.208000+00:00,2026-02-26 03:59:58.480000+00:00,True,0.0,0.0,11.413,observed
xauusd_ticks_2026-02-26T05-00-00-000Z.json,2026-02-26 05:00:00+00:00,554350,ok,11087,2026-02-26 05:00:00.071000+00:00,2026-02-26 05:59:59.894000+00:00,True,0.0,0.0,12.252,observed
xauusd_ticks_2026-02-26T06-00-00-000Z.json,2026-02-26 06:00:00+00:00,472401,ok,9448,2026-02-26 06:00:00.145000+00:00,2026-02-26 06:59:59.364000+00:00,True,0.0,0.0,8.939,observed
xauusd_ticks_2026-02-26T07-00-00-000Z.json,2026-02-26 07:00:00+00:00,370949,ok,7419,2026-02-26 07:00:00.017000+00:00,2026-02-26 07:59:59.740000+00:00,True,0.0,0.0,11.49,observed
xauusd_ticks_2026-02-26T08-00-00-000Z.json,2026-02-26 08:00:00+00:00,641392,ok,12828,2026-02-26 08:00:00.092000+00:00,2026-02-26 08:59:59.894000+00:00,True,0.0,0.0,10.791,observed
xauusd_ticks_2026-02-26T09-00-00-000Z.json,2026-02-26 09:00:00+00:00,369951,ok,7399,2026-02-26 09:00:00.095000+00:00,2026-02-26 09:59:59.050000+00:00,True,0.0,0.0,9.522,observed
xauusd_ticks_2026-02-26T10-00-00-000Z.json,2026-02-26 10:00:00+00:00,394451,ok,7889,2026-02-26 10:00:00.356000+00:00,2026-02-26 10:59:59.539000+00:00,True,0.0,0.0,20.625,observed
xauusd_ticks_2026-02-26T11-00-00-000Z.json,2026-02-26 11:00:00+00:00,315402,ok,6308,2026-02-26 11:00:00.242000+00:00,2026-02-26 11:59:59.315000+00:00,True,0.0,0.0,12.815,observed
xauusd_ticks_2026-02-26T12-00-00-000Z.json,2026-02-26 12:00:00+00:00,505150,ok,10103,2026-02-26 12:00:00.070000+00:00,2026-02-26 12:59:59.728000+00:00,True,0.0,0.0,13.473,observed
xauusd_ticks_2026-02-26T13-00-00-000Z.json,2026-02-26 13:00:00+00:00,784350,ok,15687,2026-02-26 13:00:00.182000+00:00,2026-02-26 13:59:59.984000+00:00,True,0.0,0.0,6.249,observed
xauusd_ticks_2026-02-26T14-00-00-000Z.json,2026-02-26 14:00:00+00:00,1245724,ok,24915,2026-02-26 14:00:00.085000+00:00,2026-02-26 14:59:59.949000+00:00,True,0.0,0.0,5.277,observed
xauusd_ticks_2026-02-26T15-00-00-000Z.json,2026-02-26 15:00:00+00:00,1617029,ok,32341,2026-02-26 15:00:00+00:00,2026-02-26 15:59:59.918000+00:00,True,0.0,0.0,1.511,observed
xauusd_ticks_2026-02-26T16-00-00-000Z.json,2026-02-26 16:00:00+00:00,961848,ok,19237,2026-02-26 16:00:00.070000+00:00,2026-02-26 16:59:59.171000+00:00,True,0.0,0.0,6.236,observed
xauusd_ticks_2026-02-26T18-00-00-000Z.json,2026-02-26 18:00:00+00:00,750549,ok,15011,2026-02-26 18:00:00.098000+00:00,2026-02-26 18:59:59.981000+00:00,True,0.0,0.0,9.543,observed
xauusd_ticks_2026-02-26T20-00-00-000Z.json,2026-02-26 20:00:00+00:00,744362,ok,14888,2026-02-26 20:00:00.223000+00:00,2026-02-26 20:59:59.837000+00:00,True,0.0,0.0,6.554,observed
xauusd_ticks_2026-02-26T21-00-00-000Z.json,2026-02-26 21:00:00+00:00,214892,ok,4298,2026-02-26 21:00:00.041000+00:00,2026-02-26 21:59:58.584000+00:00,True,0.0,0.0,18.43,observed
xauusd_ticks_2026-02-26T22-00-00-000Z.json,2026-02-26 22:00:00+00:00,2,empty,0,,,,,,,unknown
xauusd_ticks_2026-02-26T23-00-00-000Z.json,2026-02-26 23:00:00+00:00,228201,ok,4564,2026-02-26 23:00:02.330000+00:00,2026-02-26 23:59:51.289000+00:00,True,0.0,0.0,17.461,observed
xauusd_ticks_2026-02-27T01-00-00-000Z.json,2026-02-27 01:00:00+00:00,680348,ok,13607,2026-02-27 01:00:00.090000+00:00,2026-02-27 01:59:59.876000+00:00,True,0.0,0.0,7.148,observed
xauusd_ticks_2026-02-27T03-00-00-000Z.json,2026-02-27 03:00:00+00:00,488251,ok,9765,2026-02-27 03:00:00.062000+00:00,2026-02-27 03:59:59.895000+00:00,True,0.0,0.0,17.432,observed
xauusd_ticks_2026-02-27T04-00-00-000Z.json,2026-02-27 04:00:00+00:00,356351,ok,7127,2026-02-27 04:00:00.097000+00:00,2026-02-27 04:59:59.363000+00:00,True,0.0,0.0,16.833,observed
xauusd_ticks_2026-02-27T05-00-00-000Z.json,2026-02-27 05:00:00+00:00,535801,ok,10716,2026-02-27 05:00:00.118000+00:00,2026-02-27 05:59:59.114000+00:00,True,0.0,0.0,9.092,observed
xauusd_ticks_2026-02-27T06-00-00-000Z.json,2026-02-27 06:00:00+00:00,648500,ok,12970,2026-02-27 06:00:00.270000+00:00,2026-02-27 06:59:59.677000+00:00,True,0.0,0.0,6.504,observed
xauusd_ticks_2026-02-27T07-00-00-000Z.json,2026-02-27 07:00:00+00:00,438149,ok,8763,2026-02-27 07:00:00.030000+00:00,2026-02-27 07:59:59.969000+00:00,True,0.0,0.0,11.758,observed
xauusd_ticks_2026-02-27T09-00-00-000Z.json,2026-02-27 09:00:00+00:00,362349,ok,7247,2026-02-27 09:00:00.065000+00:00,2026-02-27 09:59:58.025000+00:00,True,0.0,0.0,13.694,observed
xauusd_ticks_2026-02-27T10-00-00-000Z.json,2026-02-27 10:00:00+00:00,378750,ok,7575,2026-02-27 10:00:00.114000+00:00,2026-02-27 10:59:59.831000+00:00,True,0.0,0.0,17.458,observed
xauusd_ticks_2026-02-27T11-00-00-000Z.json,2026-02-27 11:00:00+00:00,400346,ok,8007,2026-02-27 11:00:00.082000+00:00,2026-02-27 11:59:59.934000+00:00,True,0.0,0.0,18.223,observed
xauusd_ticks_2026-02-27T12-00-00-000Z.json,2026-02-27 12:00:00+00:00,497951,ok,9959,2026-02-27 12:00:00.035000+00:00,2026-02-27 12:59:59.288000+00:00,True,0.0,0.0,9.584,observed
xauusd_ticks_2026-02-27T14-00-00-000Z.json,2026-02-27 14:00:00+00:00,1256646,ok,25133,2026-02-27 14:00:00.125000+00:00,2026-02-27 14:59:59.989000+00:00,True,0.0,0.0,4.1,observed
xauusd_ticks_2026-02-27T15-00-00-000Z.json,2026-02-27 15:00:00+00:00,1370195,ok,27411,2026-02-27 15:00:00.090000+00:00,2026-02-27 15:59:59.940000+00:00,True,0.0,0.0,2.425,observed
xauusd_ticks_2026-02-27T17-00-00-000Z.json,2026-02-27 17:00:00+00:00,1002994,ok,20060,2026-02-27 17:00:00.060000+00:00,2026-02-27 17:59:59.340000+00:00,True,0.0,0.0,2.785,observed
xauusd_ticks_2026-02-27T22-00-00-000Z.json,2026-02-27 22:00:00+00:00,2,empty,0,,,,,,,unknown
xauusd_ticks_2026-03-02T01-00-00-000Z.json,2026-03-02 01:00:00+00:00,1698259,ok,33970,2026-03-02 01:00:00.077000+00:00,2026-03-02 01:59:59.849000+00:00,True,0.0,0.0,3.873,observed
xauusd_ticks_2026-03-02T02-00-00-000Z.json,2026-03-02 02:00:00+00:00,1009153,ok,20190,2026-03-02 02:00:00.051000+00:00,2026-03-02 02:59:59.779000+00:00,True,0.0,0.0,4.216,observed
xauusd_ticks_2026-03-02T06-00-00-000Z.json,2026-03-02 06:00:00+00:00,721100,ok,14422,2026-03-02 06:00:00.146000+00:00,2026-03-02 06:59:59.974000+00:00,True,0.0,0.0,5.466,observed
xauusd_ticks_2026-03-02T07-00-00-000Z.json,2026-03-02 07:00:00+00:00,835546,ok,16711,2026-03-02 07:00:00.075000+00:00,2026-03-02 07:59:59.999000+00:00,True,0.0,0.0,5.487,observed
xauusd_ticks_2026-03-02T08-00-00-000Z.json,2026-03-02 08:00:00+00:00,827843,ok,16557,2026-03-02 08:00:00.050000+00:00,2026-03-02 08:59:59.616000+00:00,True,0.0,0.0,4.624,observed
xauusd_ticks_2026-03-02T09-00-00-000Z.json,2026-03-02 09:00:00+00:00,641148,ok,12823,2026-03-02 09:00:00.075000+00:00,2026-03-02 09:59:59.283000+00:00,True,0.0,0.0,6.32,observed
xauusd_ticks_2026-03-02T10-00-00-000Z.json,2026-03-02 10:00:00+00:00,573535,ok,11471,2026-03-02 10:00:00.088000+00:00,2026-03-02 10:59:59.947000+00:00,True,0.0,0.0,6.804,observed
xauusd_ticks_2026-03-02T11-00-00-000Z.json,2026-03-02 11:00:00+00:00,527251,ok,10545,2026-03-02 11:00:00.098000+00:00,2026-03-02 11:59:59.892000+00:00,True,0.0,0.0,7.687,observed
xauusd_ticks_2026-03-02T12-00-00-000Z.json,2026-03-02 12:00:00+00:00,600299,ok,12006,2026-03-02 12:00:00.044000+00:00,2026-03-02 12:59:59.930000+00:00,True,0.0,0.0,6.735,observed
xauusd_ticks_2026-03-02T14-00-00-000Z.json,2026-03-02 14:00:00+00:00,1941484,ok,38830,2026-03-02 14:00:00.100000+00:00,2026-03-02 14:59:59.882000+00:00,True,0.0,0.0,4.372,observed
xauusd_ticks_2026-03-02T15-00-00-000Z.json,2026-03-02 15:00:00+00:00,1855173,ok,37104,2026-03-02 15:00:00.082000+00:00,2026-03-02 15:59:59.965000+00:00,True,0.0,0.0,2.136,observed
xauusd_ticks_2026-03-02T19-00-00-000Z.json,2026-03-02 19:00:00+00:00,653299,ok,13066,2026-03-02 19:00:00.084000+00:00,2026-03-02 19:59:58.528000+00:00,True,0.0,0.0,8.644,observed
xauusd_ticks_2026-03-02T23-00-00-000Z.json,2026-03-02 23:00:00+00:00,355649,ok,7113,2026-03-02 23:00:00.893000+00:00,2026-03-02 23:59:59.477000+00:00,True,0.0,0.0,25.146,observed
xauusd_ticks_2026-03-03T04-00-00-000Z.json,2026-03-03 04:00:00+00:00,351347,ok,7027,2026-03-03 04:00:00.071000+00:00,2026-03-03 04:59:59.867000+00:00,True,0.0,0.0,15.9,observed
xauusd_ticks_2026-03-03T05-00-00-000Z.json,2026-03-03 05:00:00+00:00,892948,ok,17859,2026-03-03 05:00:00.069000+00:00,2026-03-03 05:59:59.948000+00:00,True,0.0,0.0,6.079,observed
xauusd_ticks_2026-03-03T07-00-00-000Z.json,2026-03-03 07:00:00+00:00,605548,ok,12111,2026-03-03 07:00:00.098000+00:00,2026-03-03 07:59:59.876000+00:00,True,0.0,0.0,5.777,observed
xauusd_ticks_2026-03-03T08-00-00-000Z.json,2026-03-03 08:00:00+00:00,862396,ok,17248,2026-03-03 08:00:00.077000+00:00,2026-03-03 08:59:59.696000+00:00,True,0.0,0.0,4.044,observed
xauusd_ticks_2026-03-03T09-00-00-000Z.json,2026-03-03 09:00:00+00:00,1297226,ok,25945,2026-03-03 09:00:00.099000+00:00,2026-03-03 09:59:59.065000+00:00,True,0.0,0.0,3.514,observed
xauusd_ticks_2026-03-03T10-00-00-000Z.json,2026-03-03 10:00:00+00:00,1067378,ok,21348,2026-03-03 10:00:00.072000+00:00,2026-03-03 10:59:59.924000+00:00,True,0.0,0.0,3.484,observed
xauusd_ticks_2026-03-03T12-00-00-000Z.json,2026-03-03 12:00:00+00:00,1439575,ok,28792,2026-03-03 12:00:00.179000+00:00,2026-03-03 12:59:59.793000+00:00,True,0.0,0.0,3.32,observed
xauusd_ticks_2026-03-03T13-00-00-000Z.json,2026-03-03 13:00:00+00:00,1885693,ok,37714,2026-03-03 13:00:00.046000+00:00,2026-03-03 13:59:59.902000+00:00,True,0.0,0.0,1.93,observed
xauusd_ticks_2026-03-03T14-00-00-000Z.json,2026-03-03 14:00:00+00:00,2086031,ok,41727,2026-03-03 14:00:00.003000+00:00,2026-03-03 14:59:59.958000+00:00,True,0.0,0.0,1.762,observed
xauusd_ticks_2026-03-03T16-00-00-000Z.json,2026-03-03 16:00:00+00:00,1883224,ok,37665,2026-03-03 16:00:00.038000+00:00,2026-03-03 16:59:59.970000+00:00,True,0.0,0.0,1.258,observed
xauusd_ticks_2026-03-03T17-00-00-000Z.json,2026-03-03 17:00:00+00:00,1675882,ok,33518,2026-03-03 17:00:00.071000+00:00,2026-03-03 17:59:59.971000+00:00,True,0.0,0.0,1.659,observed
xauusd_ticks_2026-03-03T21-00-00-000Z.json,2026-03-03 21:00:00+00:00,535901,ok,10718,2026-03-03 21:00:00.044000+00:00,2026-03-03 21:59:59.948000+00:00,True,0.0,0.0,13.1,observed
xauusd_ticks_2026-03-04T01-00-00-000Z.json,2026-03-04 01:00:00+00:00,1313300,ok,26266,2026-03-04 01:00:00.118000+00:00,2026-03-04 01:59:59.814000+00:00,True,0.0,0.0,2.412,observed
xauusd_ticks_2026-03-04T05-00-00-000Z.json,2026-03-04 05:00:00+00:00,910243,ok,18205,2026-03-04 05:00:00.186000+00:00,2026-03-04 05:59:59.986000+00:00,True,0.0,0.0,4.468,observed
xauusd_ticks_2026-03-04T06-00-00-000Z.json,2026-03-04 06:00:00+00:00,1040041,ok,20801,2026-03-04 06:00:00.038000+00:00,2026-03-04 06:59:59.966000+00:00,True,0.0,0.0,4.619,observed
xauusd_ticks_2026-03-04T07-00-00-000Z.json,2026-03-04 07:00:00+00:00,645797,ok,12916,2026-03-04 07:00:00.067000+00:00,2026-03-04 07:59:59.955000+00:00,True,0.0,0.0,6.281,observed
xauusd_ticks_2026-03-04T09-00-00-000Z.json,2026-03-04 09:00:00+00:00,591427,ok,11829,2026-03-04 09:00:00.059000+00:00,2026-03-04 09:59:59.892000+00:00,True,0.0,0.0,7.057,observed
xauusd_ticks_2026-03-04T10-00-00-000Z.json,2026-03-04 10:00:00+00:00,694143,ok,13883,2026-03-04 10:00:00.094000+00:00,2026-03-04 10:59:59.561000+00:00,True,0.0,0.0,10.064,observed
xauusd_ticks_2026-03-04T11-00-00-000Z.json,2026-03-04 11:00:00+00:00,391949,ok,7839,2026-03-04 11:00:00.078000+00:00,2026-03-04 11:59:59.725000+00:00,True,0.0,0.0,12.086,observed
xauusd_ticks_2026-03-04T13-00-00-000Z.json,2026-03-04 13:00:00+00:00,1010247,ok,20205,2026-03-04 13:00:00.100000+00:00,2026-03-04 13:59:59.489000+00:00,True,0.0,0.0,4.073,observed
xauusd_ticks_2026-03-04T14-00-00-000Z.json,2026-03-04 14:00:00+00:00,1654774,ok,33096,2026-03-04 14:00:00.053000+00:00,2026-03-04 14:59:59.742000+00:00,True,0.0,0.0,2.264,observed
xauusd_ticks_2026-03-04T18-00-00-000Z.json,2026-03-04 18:00:00+00:00,1094946,ok,21899,2026-03-04 18:00:00.102000+00:00,2026-03-04 18:59:59.992000+00:00,True,0.0,0.0,5.778,observed
xauusd_ticks_2026-03-05T01-00-00-000Z.json,2026-03-05 01:00:00+00:00,836695,ok,16734,2026-03-05 01:00:00.108000+00:00,2026-03-05 01:59:58.176000+00:00,True,0.0,0.0,5.339,observed
xauusd_ticks_2026-03-05T06-00-00-000Z.json,2026-03-05 06:00:00+00:00,870489,ok,17410,2026-03-05 06:00:00.293000+00:00,2026-03-05 06:59:59.756000+00:00,True,0.0,0.0,4.874,observed
xauusd_ticks_2026-03-05T07-00-00-000Z.json,2026-03-05 07:00:00+00:00,657033,ok,13141,2026-03-05 07:00:00.058000+00:00,2026-03-05 07:59:59.547000+00:00,True,0.0,0.0,7.091,observed
xauusd_ticks_2026-03-05T09-00-00-000Z.json,2026-03-05 09:00:00+00:00,790594,ok,15812,2026-03-05 09:00:00.084000+00:00,2026-03-05 09:59:59.924000+00:00,True,0.0,0.0,6.995,observed
xauusd_ticks_2026-03-05T13-00-00-000Z.json,2026-03-05 13:00:00+00:00,1271082,ok,25422,2026-03-05 13:00:00.239000+00:00,2026-03-05 13:59:59.705000+00:00,True,0.0,0.0,3.32,observed
xauusd_ticks_2026-03-05T14-00-00-000Z.json,2026-03-05 14:00:00+00:00,1483982,ok,29680,2026-03-05 14:00:00.058000+00:00,2026-03-05 14:59:59.967000+00:00,True,0.0,0.0,1.963,observed
xauusd_ticks_2026-03-05T18-00-00-000Z.json,2026-03-05 18:00:00+00:00,1287899,ok,25758,2026-03-05 18:00:00.022000+00:00,2026-03-05 18:59:59.989000+00:00,True,0.0,0.0,2.72,observed
xauusd_ticks_2026-03-05T19-00-00-000Z.json,2026-03-05 19:00:00+00:00,1041531,ok,20831,2026-03-05 19:00:00.090000+00:00,2026-03-05 19:59:59.919000+00:00,True,0.0,0.0,3.42,observed
xauusd_ticks_2026-03-05T21-00-00-000Z.json,2026-03-05 21:00:00+00:00,273100,ok,5462,2026-03-05 21:00:00.029000+00:00,2026-03-05 21:59:58.434000+00:00,True,0.0,0.0,17.803,observed
xauusd_ticks_2026-03-05T23-00-00-000Z.json,2026-03-05 23:00:00+00:00,313649,ok,6273,2026-03-05 23:00:00.674000+00:00,2026-03-05 23:59:57.202000+00:00,True,0.0,0.0,201.695,observed
xauusd_ticks_2026-03-06T02-00-00-000Z.json,2026-03-06 02:00:00+00:00,536950,ok,10739,2026-03-06 02:00:00.001000+00:00,2026-03-06 02:59:59.352000+00:00,True,0.0,0.0,7.481,observed
xauusd_ticks_2026-03-06T04-00-00-000Z.json,2026-03-06 04:00:00+00:00,273701,ok,5474,2026-03-06 04:00:01.324000+00:00,2026-03-06 04:59:59.687000+00:00,True,0.0,0.0,16.667,observed
xauusd_ticks_2026-03-06T05-00-00-000Z.json,2026-03-06 05:00:00+00:00,480798,ok,9616,2026-03-06 05:00:00.110000+00:00,2026-03-06 05:59:59.985000+00:00,True,0.0,0.0,8.64,observed
xauusd_ticks_2026-03-06T07-00-00-000Z.json,2026-03-06 07:00:00+00:00,410251,ok,8205,2026-03-06 07:00:00.040000+00:00,2026-03-06 07:59:59.687000+00:00,True,0.0,0.0,8.984,observed
xauusd_ticks_2026-03-06T08-00-00-000Z.json,2026-03-06 08:00:00+00:00,2,empty,0,,,,,,,unknown
xauusd_ticks_2026-03-06T10-00-00-000Z.json,2026-03-06 10:00:00+00:00,609147,ok,12183,2026-03-06 10:00:00.155000+00:00,2026-03-06 10:59:59.706000+00:00,True,0.0,0.0,7.509,observed
xauusd_ticks_2026-03-06T12-00-00-000Z.json,2026-03-06 12:00:00+00:00,870301,ok,17406,2026-03-06 12:00:00.098000+00:00,2026-03-06 12:59:59.615000+00:00,True,0.0,0.0,6.027,observed
xauusd_ticks_2026-03-06T15-00-00-000Z.json,2026-03-06 15:00:00+00:00,1679271,ok,33586,2026-03-06 15:00:00.069000+00:00,2026-03-06 15:59:59.957000+00:00,True,0.0,0.0,1.509,observed
xauusd_ticks_2026-03-09T01-00-00-000Z.json,2026-03-09 01:00:00+00:00,1533339,ok,30667,2026-03-09 01:00:00.095000+00:00,2026-03-09 01:59:59.279000+00:00,True,0.0,0.0,2.411,observed
xauusd_ticks_2026-03-09T02-00-00-000Z.json,2026-03-09 02:00:00+00:00,1079943,ok,21599,2026-03-09 02:00:00.033000+00:00,2026-03-09 02:59:59.784000+00:00,True,0.0,0.0,2.713,observed
xauusd_ticks_2026-03-09T03-00-00-000Z.json,2026-03-09 03:00:00+00:00,638149,ok,12763,2026-03-09 03:00:00.086000+00:00,2026-03-09 03:59:59.766000+00:00,True,0.0,0.0,7.83,observed
xauusd_ticks_2026-03-09T06-00-00-000Z.json,2026-03-09 06:00:00+00:00,925394,ok,18508,2026-03-09 06:00:00.070000+00:00,2026-03-09 06:59:59.882000+00:00,True,0.0,0.0,4.625,observed
xauusd_ticks_2026-03-09T07-00-00-000Z.json,2026-03-09 07:00:00+00:00,2,empty,0,,,,,,,unknown
xauusd_ticks_2026-03-09T08-00-00-000Z.json,2026-03-09 08:00:00+00:00,771393,ok,15428,2026-03-09 08:00:00.005000+00:00,2026-03-09 08:59:59.247000+00:00,True,0.0,0.0,4.62,observed
xauusd_ticks_2026-03-09T09-00-00-000Z.json,2026-03-09 09:00:00+00:00,864235,ok,17285,2026-03-09 09:00:00.100000+00:00,2026-03-09 09:59:59.580000+00:00,True,0.0,0.0,4.931,observed
xauusd_ticks_2026-03-09T10-00-00-000Z.json,2026-03-09 10:00:00+00:00,658046,ok,13161,2026-03-09 10:00:00.234000+00:00,2026-03-09 10:59:59.327000+00:00,True,0.0,0.0,4.483,observed
xauusd_ticks_2026-03-09T11-00-00-000Z.json,2026-03-09 11:00:00+00:00,623401,ok,12468,2026-03-09 11:00:00.081000+00:00,2026-03-09 11:59:59.876000+00:00,True,0.0,0.0,6.837,observed
xauusd_ticks_2026-03-09T12-00-00-000Z.json,2026-03-09 12:00:00+00:00,707349,ok,14147,2026-03-09 12:00:00.028000+00:00,2026-03-09 12:59:59.982000+00:00,True,0.0,0.0,7.307,observed
xauusd_ticks_2026-03-09T14-00-00-000Z.json,2026-03-09 14:00:00+00:00,1658685,ok,33174,2026-03-09 14:00:00.069000+00:00,2026-03-09 14:59:59.980000+00:00,True,0.0,0.0,1.608,observed
xauusd_ticks_2026-03-09T15-00-00-000Z.json,2026-03-09 15:00:00+00:00,1133001,ok,22660,2026-03-09 15:00:00.081000+00:00,2026-03-09 15:59:59.579000+00:00,True,0.0,0.0,3.525,observed
xauusd_ticks_2026-03-09T16-00-00-000Z.json,2026-03-09 16:00:00+00:00,949749,ok,18995,2026-03-09 16:00:00.083000+00:00,2026-03-09 16:59:59.317000+00:00,True,0.0,0.0,3.95,observed
xauusd_ticks_2026-03-09T19-00-00-000Z.json,2026-03-09 19:00:00+00:00,1130550,ok,22611,2026-03-09 19:00:00.101000+00:00,2026-03-09 19:59:59.936000+00:00,True,0.0,0.0,6.292,observed
xauusd_ticks_2026-03-10T01-00-00-000Z.json,2026-03-10 01:00:00+00:00,1025043,ok,20501,2026-03-10 01:00:00.065000+00:00,2026-03-10 01:59:59.898000+00:00,True,0.0,0.0,2.718,observed
xauusd_ticks_2026-03-10T02-00-00-000Z.json,2026-03-10 02:00:00+00:00,734950,ok,14699,2026-03-10 02:00:00.099000+00:00,2026-03-10 02:59:59.866000+00:00,True,0.0,0.0,6.508,observed
xauusd_ticks_2026-03-10T03-00-00-000Z.json,2026-03-10 03:00:00+00:00,614499,ok,12290,2026-03-10 03:00:00.118000+00:00,2026-03-10 03:59:59.967000+00:00,True,0.0,0.0,8.617,observed
xauusd_ticks_2026-03-10T06-00-00-000Z.json,2026-03-10 06:00:00+00:00,477801,ok,9556,2026-03-10 06:00:00.081000+00:00,2026-03-10 06:59:59.708000+00:00,True,0.0,0.0,9.186,observed
xauusd_ticks_2026-03-10T07-00-00-000Z.json,2026-03-10 07:00:00+00:00,663036,ok,13261,2026-03-10 07:00:00.061000+00:00,2026-03-10 07:59:59.878000+00:00,True,0.0,0.0,10.656,observed
xauusd_ticks_2026-03-10T08-00-00-000Z.json,2026-03-10 08:00:00+00:00,606543,ok,12131,2026-03-10 08:00:00.080000+00:00,2026-03-10 08:59:59.978000+00:00,True,0.0,0.0,11.091,observed
xauusd_ticks_2026-03-10T09-00-00-000Z.json,2026-03-10 09:00:00+00:00,419350,ok,8387,2026-03-10 09:00:00.029000+00:00,2026-03-10 09:59:56.828000+00:00,True,0.0,0.0,7.785,observed
xauusd_ticks_2026-03-10T10-00-00-000Z.json,2026-03-10 10:00:00+00:00,603144,ok,12063,2026-03-10 10:00:00.344000+00:00,2026-03-10 10:59:59.355000+00:00,True,0.0,0.0,9.397,observed
xauusd_ticks_2026-03-10T11-00-00-000Z.json,2026-03-10 11:00:00+00:00,618801,ok,12376,2026-03-10 11:00:00.108000+00:00,2026-03-10 11:59:58.701000+00:00,True,0.0,0.0,6.726,observed
xauusd_ticks_2026-03-10T14-00-00-000Z.json,2026-03-10 14:00:00+00:00,1174617,ok,23494,2026-03-10 14:00:00.040000+00:00,2026-03-10 14:59:59.598000+00:00,True,0.0,0.0,2.515,observed
xauusd_ticks_2026-03-10T15-00-00-000Z.json,2026-03-10 15:00:00+00:00,900372,ok,18016,2026-03-10 15:00:00.084000+00:00,2026-03-10 15:59:59.881000+00:00,True,0.0,0.0,3.972,observed
xauusd_ticks_2026-03-10T16-00-00-000Z.json,2026-03-10 16:00:00+00:00,760600,ok,15212,2026-03-10 16:00:00.082000+00:00,2026-03-10 16:59:59.806000+00:00,True,0.0,0.0,6.18,observed
xauusd_ticks_2026-03-11T02-00-00-000Z.json,2026-03-11 02:00:00+00:00,485388,ok,9711,2026-03-11 02:00:00.068000+00:00,2026-03-11 02:59:56.476000+00:00,True,0.0,0.0,7.786,observed
xauusd_ticks_2026-03-11T04-00-00-000Z.json,2026-03-11 04:00:00+00:00,178551,ok,3571,2026-03-11 04:00:01.815000+00:00,2026-03-11 04:59:59.838000+00:00,True,0.0,0.0,19.891,observed
xauusd_ticks_2026-03-11T07-00-00-000Z.json,2026-03-11 07:00:00+00:00,480500,ok,9610,2026-03-11 07:00:00.028000+00:00,2026-03-11 07:59:59.998000+00:00,True,0.0,0.0,8.056,observed
xauusd_ticks_2026-03-11T08-00-00-000Z.json,2026-03-11 08:00:00+00:00,479298,ok,9586,2026-03-11 08:00:00.099000+00:00,2026-03-11 08:59:59.959000+00:00,True,0.0,0.0,10.008,observed
xauusd_ticks_2026-03-11T09-00-00-000Z.json,2026-03-11 09:00:00+00:00,403249,ok,8065,2026-03-11 09:00:00.061000+00:00,2026-03-11 09:59:58.795000+00:00,True,0.0,0.0,7.337,observed
xauusd_ticks_2026-03-11T10-00-00-000Z.json,2026-03-11 10:00:00+00:00,429200,ok,8584,2026-03-11 10:00:00.203000+00:00,2026-03-11 10:59:59.948000+00:00,True,0.0,0.0,11.172,observed
xauusd_ticks_2026-03-11T12-00-00-000Z.json,2026-03-11 12:00:00+00:00,950343,ok,19007,2026-03-11 12:00:00.126000+00:00,2026-03-11 12:59:59.815000+00:00,True,0.0,0.0,9.404,observed
xauusd_ticks_2026-03-11T15-00-00-000Z.json,2026-03-11 15:00:00+00:00,1179597,ok,23592,2026-03-11 15:00:00.071000+00:00,2026-03-11 15:59:59.627000+00:00,True,0.0,0.0,2.673,observed
xauusd_ticks_2026-03-11T17-00-00-000Z.json,2026-03-11 17:00:00+00:00,1063699,ok,21274,2026-03-11 17:00:00.004000+00:00,2026-03-11 17:59:59.782000+00:00,True,0.0,0.0,4.977,observed
xauusd_ticks_2026-03-12T01-00-00-000Z.json,2026-03-12 01:00:00+00:00,726794,ok,14536,2026-03-12 01:00:00.071000+00:00,2026-03-12 01:59:59.400000+00:00,True,0.0,0.0,4.672,observed
xauusd_ticks_2026-03-12T03-00-00-000Z.json,2026-03-12 03:00:00+00:00,432199,ok,8644,2026-03-12 03:00:00.066000+00:00,2026-03-12 03:59:56.148000+00:00,True,0.0,0.0,12.697,observed
xauusd_ticks_2026-03-12T05-00-00-000Z.json,2026-03-12 05:00:00+00:00,446300,ok,8926,2026-03-12 05:00:00.694000+00:00,2026-03-12 05:59:59.601000+00:00,True,0.0,0.0,10.792,observed
xauusd_ticks_2026-03-12T06-00-00-000Z.json,2026-03-12 06:00:00+00:00,507450,ok,10149,2026-03-12 06:00:00.153000+00:00,2026-03-12 06:59:59.189000+00:00,True,0.0,0.0,7.778,observed
xauusd_ticks_2026-03-12T07-00-00-000Z.json,2026-03-12 07:00:00+00:00,377900,ok,7558,2026-03-12 07:00:00.043000+00:00,2026-03-12 07:59:59.962000+00:00,True,0.0,0.0,10.5,observed
xauusd_ticks_2026-03-12T08-00-00-000Z.json,2026-03-12 08:00:00+00:00,452001,ok,9040,2026-03-12 08:00:00.012000+00:00,2026-03-12 08:59:59.425000+00:00,True,0.0,0.0,10.809,observed
xauusd_ticks_2026-03-12T09-00-00-000Z.json,2026-03-12 09:00:00+00:00,393798,ok,7876,2026-03-12 09:00:00.134000+00:00,2026-03-12 09:59:59.925000+00:00,True,0.0,0.0,13.521,observed
xauusd_ticks_2026-03-12T10-00-00-000Z.json,2026-03-12 10:00:00+00:00,383847,ok,7677,2026-03-12 10:00:00.064000+00:00,2026-03-12 10:59:59.772000+00:00,True,0.0,0.0,12.975,observed
xauusd_ticks_2026-03-12T11-00-00-000Z.json,2026-03-12 11:00:00+00:00,316900,ok,6338,2026-03-12 11:00:00.074000+00:00,2026-03-12 11:59:59.733000+00:00,True,0.0,0.0,15.981,observed
xauusd_ticks_2026-03-12T12-00-00-000Z.json,2026-03-12 12:00:00+00:00,647251,ok,12945,2026-03-12 12:00:00.085000+00:00,2026-03-12 12:59:58.943000+00:00,True,0.0,0.0,7.384,observed
xauusd_ticks_2026-03-12T13-00-00-000Z.json,2026-03-12 13:00:00+00:00,1245195,ok,24904,2026-03-12 13:00:00.100000+00:00,2026-03-12 13:59:59.916000+00:00,True,0.0,0.0,4.449,observed
xauusd_ticks_2026-03-12T14-00-00-000Z.json,2026-03-12 14:00:00+00:00,1154451,ok,23089,2026-03-12 14:00:00.017000+00:00,2026-03-12 14:59:59.939000+00:00,True,0.0,0.0,2.161,observed
xauusd_ticks_2026-03-12T15-00-00-000Z.json,2026-03-12 15:00:00+00:00,1183453,ok,23673,2026-03-12 15:00:00.090000+00:00,2026-03-12 15:59:59.803000+00:00,True,0.0,0.0,2.814,observed
xauusd_ticks_2026-03-12T16-00-00-000Z.json,2026-03-12 16:00:00+00:00,1064845,ok,21297,2026-03-12 16:00:00.108000+00:00,2026-03-12 16:59:59.974000+00:00,True,0.0,0.0,3.288,observed
xauusd_ticks_2026-03-12T18-00-00-000Z.json,2026-03-12 18:00:00+00:00,938350,ok,18767,2026-03-12 18:00:00.147000+00:00,2026-03-12 18:59:59.955000+00:00,True,0.0,0.0,6.944,observed
xauusd_ticks_2026-03-12T19-00-00-000Z.json,2026-03-12 19:00:00+00:00,934096,ok,18682,2026-03-12 19:00:00.006000+00:00,2026-03-12 19:59:59.999000+00:00,True,0.0,0.0,4.742,observed
xauusd_ticks_2026-03-12T23-00-00-000Z.json,2026-03-12 23:00:00+00:00,319348,ok,6387,2026-03-12 23:00:00.147000+00:00,2026-03-12 23:59:59.720000+00:00,True,0.0,0.0,14.949,observed
xauusd_ticks_2026-03-13T00-00-00-000Z.json,2026-03-13 00:00:00+00:00,333900,ok,6678,2026-03-13 00:00:00.072000+00:00,2026-03-13 00:59:59.757000+00:00,True,0.0,0.0,12.547,observed
xauusd_ticks_2026-03-13T05-00-00-000Z.json,2026-03-13 05:00:00+00:00,453201,ok,9064,2026-03-13 05:00:00.086000+00:00,2026-03-13 05:59:59.998000+00:00,True,0.0,0.0,15.58,observed
xauusd_ticks_2026-03-13T06-00-00-000Z.json,2026-03-13 06:00:00+00:00,727148,ok,14543,2026-03-13 06:00:00.049000+00:00,2026-03-13 06:59:59.968000+00:00,True,0.0,0.0,7.426,observed
xauusd_ticks_2026-03-13T08-00-00-000Z.json,2026-03-13 08:00:00+00:00,645550,ok,12911,2026-03-13 08:00:00.099000+00:00,2026-03-13 08:59:59.819000+00:00,True,0.0,0.0,5.139,observed
xauusd_ticks_2026-03-13T10-00-00-000Z.json,2026-03-13 10:00:00+00:00,422899,ok,8458,2026-03-13 10:00:00.067000+00:00,2026-03-13 10:59:59.383000+00:00,True,0.0,0.0,7.716,observed
xauusd_ticks_2026-03-13T11-00-00-000Z.json,2026-03-13 11:00:00+00:00,456000,ok,9120,2026-03-13 11:00:00.087000+00:00,2026-03-13 11:59:59.928000+00:00,True,0.0,0.0,9.241,observed
xauusd_ticks_2026-03-13T13-00-00-000Z.json,2026-03-13 13:00:00+00:00,966846,ok,19337,2026-03-13 13:00:00.183000+00:00,2026-03-13 13:59:59.969000+00:00,True,0.0,0.0,4.274,observed
xauusd_ticks_2026-03-13T18-00-00-000Z.json,2026-03-13 18:00:00+00:00,698847,ok,13977,2026-03-13 18:00:00.066000+00:00,2026-03-13 18:59:59.215000+00:00,True,0.0,0.0,5.551,observed
xauusd_ticks_2026-03-15T23-00-00-000Z.json,2026-03-15 23:00:00+00:00,1055486,ok,21110,2026-03-15 23:00:00.065000+00:00,2026-03-15 23:59:59.893000+00:00,True,0.0,0.0,5.125,observed
xauusd_ticks_2026-03-16T03-00-00-000Z.json,2026-03-16 03:00:00+00:00,468900,ok,9378,2026-03-16 03:00:00.139000+00:00,2026-03-16 03:59:59.320000+00:00,True,0.0,0.0,7.222,observed
xauusd_ticks_2026-03-16T04-00-00-000Z.json,2026-03-16 04:00:00+00:00,276550,ok,5531,2026-03-16 04:00:00.628000+00:00,2026-03-16 04:59:59.970000+00:00,True,0.0,0.0,11.671,observed
xauusd_ticks_2026-03-16T05-00-00-000Z.json,2026-03-16 05:00:00+00:00,453251,ok,9065,2026-03-16 05:00:00.273000+00:00,2026-03-16 05:59:59.684000+00:00,True,0.0,0.0,11.011,observed
xauusd_ticks_2026-03-16T06-00-00-000Z.json,2026-03-16 06:00:00+00:00,687496,ok,13750,2026-03-16 06:00:00.087000+00:00,2026-03-16 06:59:59.838000+00:00,True,0.0,0.0,5.969,observed
xauusd_ticks_2026-03-16T07-00-00-000Z.json,2026-03-16 07:00:00+00:00,633641,ok,12673,2026-03-16 07:00:00.089000+00:00,2026-03-16 07:59:59.997000+00:00,True,0.0,0.0,7.187,observed
xauusd_ticks_2026-03-16T08-00-00-000Z.json,2026-03-16 08:00:00+00:00,750393,ok,15008,2026-03-16 08:00:00.047000+00:00,2026-03-16 08:59:57.586000+00:00,True,0.0,0.0,4.433,observed
xauusd_ticks_2026-03-16T09-00-00-000Z.json,2026-03-16 09:00:00+00:00,591598,ok,11832,2026-03-16 09:00:00.097000+00:00,2026-03-16 09:59:59.278000+00:00,True,0.0,0.0,8.285,observed
xauusd_ticks_2026-03-16T11-00-00-000Z.json,2026-03-16 11:00:00+00:00,621350,ok,12427,2026-03-16 11:00:00.119000+00:00,2026-03-16 11:59:59.241000+00:00,True,0.0,0.0,5.589,observed
xauusd_ticks_2026-03-16T12-00-00-000Z.json,2026-03-16 12:00:00+00:00,730897,ok,14618,2026-03-16 12:00:00.248000+00:00,2026-03-16 12:59:59.695000+00:00,True,0.0,0.0,6.028,observed
xauusd_ticks_2026-03-16T14-00-00-000Z.json,2026-03-16 14:00:00+00:00,1189896,ok,23798,2026-03-16 14:00:00.287000+00:00,2026-03-16 14:59:59.978000+00:00,True,0.0,0.0,2.463,observed
xauusd_ticks_2026-03-16T16-00-00-000Z.json,2026-03-16 16:00:00+00:00,1000996,ok,20020,2026-03-16 16:00:00.049000+00:00,2026-03-16 16:59:59.868000+00:00,True,0.0,0.0,3.76,observed
xauusd_ticks_2026-03-16T19-00-00-000Z.json,2026-03-16 19:00:00+00:00,821750,ok,16435,2026-03-16 19:00:00.071000+00:00,2026-03-16 19:59:59.997000+00:00,True,0.0,0.0,5.687,observed
xauusd_ticks_2026-03-17T03-00-00-000Z.json,2026-03-17 03:00:00+00:00,346951,ok,6939,2026-03-17 03:00:00.085000+00:00,2026-03-17 03:59:59.106000+00:00,True,0.0,0.0,11.343,observed
xauusd_ticks_2026-03-17T08-00-00-000Z.json,2026-03-17 08:00:00+00:00,477498,ok,9550,2026-03-17 08:00:00.096000+00:00,2026-03-17 08:59:59.971000+00:00,True,0.0,0.0,7.707,observed
xauusd_ticks_2026-03-17T09-00-00-000Z.json,2026-03-17 09:00:00+00:00,424451,ok,8489,2026-03-17 09:00:00.022000+00:00,2026-03-17 09:59:59.939000+00:00,True,0.0,0.0,12.575,observed
xauusd_ticks_2026-03-17T11-00-00-000Z.json,2026-03-17 11:00:00+00:00,407399,ok,8148,2026-03-17 11:00:00.098000+00:00,2026-03-17 11:59:59.930000+00:00,True,0.0,0.0,7.883,observed
xauusd_ticks_2026-03-17T13-00-00-000Z.json,2026-03-17 13:00:00+00:00,961201,ok,19224,2026-03-17 13:00:00.187000+00:00,2026-03-17 13:59:59.901000+00:00,True,0.0,0.0,6.333,observed
xauusd_ticks_2026-03-17T14-00-00-000Z.json,2026-03-17 14:00:00+00:00,1052445,ok,21049,2026-03-17 14:00:00.253000+00:00,2026-03-17 14:59:59.424000+00:00,True,0.0,0.0,3.364,observed
xauusd_ticks_2026-03-17T16-00-00-000Z.json,2026-03-17 16:00:00+00:00,935151,ok,18703,2026-03-17 16:00:00.066000+00:00,2026-03-17 16:59:59.854000+00:00,True,0.0,0.0,4.216,observed
xauusd_ticks_2026-03-17T21-00-00-000Z.json,2026-03-17 21:00:00+00:00,2,empty,0,,,,,,,unknown
xauusd_ticks_2026-03-18T04-00-00-000Z.json,2026-03-18 04:00:00+00:00,276951,ok,5539,2026-03-18 04:00:00.089000+00:00,2026-03-18 04:59:59.190000+00:00,True,0.0,0.0,16.676,observed
xauusd_ticks_2026-03-18T08-00-00-000Z.json,2026-03-18 08:00:00+00:00,602261,ok,12201,2026-03-18 08:00:00.307000+00:00,2026-03-18 08:59:59.797000+00:00,True,0.0,0.0,7.58,observed
xauusd_ticks_2026-03-18T09-00-00-000Z.json,2026-03-18 09:00:00+00:00,396696,ok,8012,2026-03-18 09:00:00.097000+00:00,2026-03-18 09:59:55.323000+00:00,True,0.0,0.0,8.828,observed
xauusd_ticks_2026-03-18T10-00-00-000Z.json,2026-03-18 10:00:00+00:00,558543,ok,11171,2026-03-18 10:00:00.191000+00:00,2026-03-18 10:59:59.763000+00:00,True,0.0,0.0,20.947,observed
xauusd_ticks_2026-03-18T12-00-00-000Z.json,2026-03-18 12:00:00+00:00,1474006,ok,29481,2026-03-18 12:00:00.068000+00:00,2026-03-18 12:59:59.982000+00:00,True,0.0,0.0,2.549,observed
xauusd_ticks_2026-03-18T13-00-00-000Z.json,2026-03-18 13:00:00+00:00,1728785,ok,34576,2026-03-18 13:00:00.083000+00:00,2026-03-18 13:59:59.902000+00:00,True,0.0,0.0,1.308,observed
xauusd_ticks_2026-03-18T14-00-00-000Z.json,2026-03-18 14:00:00+00:00,1609196,ok,32184,2026-03-18 14:00:00.004000+00:00,2026-03-18 14:59:59.989000+00:00,True,0.0,0.0,1.811,observed
xauusd_ticks_2026-03-18T16-00-00-000Z.json,2026-03-18 16:00:00+00:00,915750,ok,18315,2026-03-18 16:00:00.040000+00:00,2026-03-18 16:59:59.986000+00:00,True,0.0,0.0,3.368,observed
xauusd_ticks_2026-03-18T17-00-00-000Z.json,2026-03-18 17:00:00+00:00,702801,ok,14056,2026-03-18 17:00:00.087000+00:00,2026-03-18 17:59:59.963000+00:00,True,0.0,0.0,5.824,observed
xauusd_ticks_2026-03-18T21-00-00-000Z.json,2026-03-18 21:00:00+00:00,2,empty,0,,,,,,,unknown
xauusd_ticks_2026-03-23T00-00-00-000Z.json,2026-03-23 00:00:00+00:00,1828436,ok,36569,2026-03-23 00:00:00.060000+00:00,2026-03-23 00:59:59.713000+00:00,True,0.0,0.0,2.012,observed
xauusd_ticks_2026-03-23T02-00-00-000Z.json,2026-03-23 02:00:00+00:00,1646535,ok,32931,2026-03-23 02:00:00.099000+00:00,2026-03-23 02:59:59.909000+00:00,True,0.0,0.0,5.627,observed
xauusd_ticks_2026-03-23T05-00-00-000Z.json,2026-03-23 05:00:00+00:00,1311001,ok,26221,2026-03-23 05:00:00.072000+00:00,2026-03-23 05:59:59.769000+00:00,True,0.0,0.0,4.37,observed
xauusd_ticks_2026-03-23T06-00-00-000Z.json,2026-03-23 06:00:00+00:00,2153815,ok,43077,2026-03-23 06:00:00.122000+00:00,2026-03-23 06:59:59.433000+00:00,True,0.0,0.0,1.424,observed
xauusd_ticks_2026-03-23T07-00-00-000Z.json,2026-03-23 07:00:00+00:00,2353246,ok,47068,2026-03-23 07:00:00.036000+00:00,2026-03-23 07:59:59.969000+00:00,True,0.0,0.0,1.357,observed
xauusd_ticks_2026-03-23T08-00-00-000Z.json,2026-03-23 08:00:00+00:00,2058501,ok,41171,2026-03-23 08:00:00.070000+00:00,2026-03-23 08:59:59.968000+00:00,True,0.0,0.0,1.545,observed
xauusd_ticks_2026-03-23T10-00-00-000Z.json,2026-03-23 10:00:00+00:00,1448504,ok,28971,2026-03-23 10:00:00.001000+00:00,2026-03-23 10:59:59.995000+00:00,True,0.0,0.0,2.963,observed
xauusd_ticks_2026-03-23T13-00-00-000Z.json,2026-03-23 13:00:00+00:00,2416735,ok,48336,2026-03-23 13:00:00.024000+00:00,2026-03-23 13:59:59.915000+00:00,True,0.0,0.0,2.053,observed
xauusd_ticks_2026-03-23T14-00-00-000Z.json,2026-03-23 14:00:00+00:00,2283336,ok,45668,2026-03-23 14:00:00.067000+00:00,2026-03-23 14:59:59.923000+00:00,True,0.0,0.0,0.905,observed
xauusd_ticks_2026-03-23T15-00-00-000Z.json,2026-03-23 15:00:00+00:00,2296733,ok,45936,2026-03-23 15:00:00.075000+00:00,2026-03-23 15:59:59.999000+00:00,True,0.0,0.0,0.754,observed
xauusd_ticks_2026-03-23T16-00-00-000Z.json,2026-03-23 16:00:00+00:00,2219217,ok,44385,2026-03-23 16:00:00.100000+00:00,2026-03-23 16:59:59.957000+00:00,True,0.0,0.0,1.465,observed
xauusd_ticks_2026-03-23T21-00-00-000Z.json,2026-03-23 21:00:00+00:00,2,empty,0,,,,,,,unknown
xauusd_ticks_2026-03-24T03-00-00-000Z.json,2026-03-24 03:00:00+00:00,1117847,ok,22357,2026-03-24 03:00:00.233000+00:00,2026-03-24 03:59:59.699000+00:00,True,0.0,0.0,3.848,observed
xauusd_ticks_2026-03-24T04-00-00-000Z.json,2026-03-24 04:00:00+00:00,811749,ok,16235,2026-03-24 04:00:00.101000+00:00,2026-03-24 04:59:59.960000+00:00,True,0.0,0.0,7.411,observed
xauusd_ticks_2026-03-24T07-00-00-000Z.json,2026-03-24 07:00:00+00:00,1514241,ok,30285,2026-03-24 07:00:00.031000+00:00,2026-03-24 07:59:59.971000+00:00,True,0.0,0.0,2.512,observed
xauusd_ticks_2026-03-24T08-00-00-000Z.json,2026-03-24 08:00:00+00:00,1662690,ok,33254,2026-03-24 08:00:00.072000+00:00,2026-03-24 08:59:59.993000+00:00,True,0.0,0.0,2.916,observed
xauusd_ticks_2026-03-24T09-00-00-000Z.json,2026-03-24 09:00:00+00:00,1134145,ok,22683,2026-03-24 09:00:00.095000+00:00,2026-03-24 09:59:59.482000+00:00,True,0.0,0.0,5.879,observed
xauusd_ticks_2026-03-24T10-00-00-000Z.json,2026-03-24 10:00:00+00:00,2,empty,0,,,,,,,unknown
xauusd_ticks_2026-03-24T11-00-00-000Z.json,2026-03-24 11:00:00+00:00,1801129,ok,36023,2026-03-24 11:00:00.009000+00:00,2026-03-24 11:59:59.934000+00:00,True,0.0,0.0,3.32,observed
xauusd_ticks_2026-03-24T12-00-00-000Z.json,2026-03-24 12:00:00+00:00,1994496,ok,39890,2026-03-24 12:00:00.036000+00:00,2026-03-24 12:59:59.992000+00:00,True,0.0,0.0,3.41,observed
xauusd_ticks_2026-03-24T13-00-00-000Z.json,2026-03-24 13:00:00+00:00,2029660,ok,40594,2026-03-24 13:00:00.043000+00:00,2026-03-24 13:59:59.754000+00:00,True,0.0,0.0,3.01,observed
xauusd_ticks_2026-03-24T14-00-00-000Z.json,2026-03-24 14:00:00+00:00,2453534,ok,49071,2026-03-24 14:00:00.006000+00:00,2026-03-24 14:59:59.985000+00:00,True,0.0,0.0,3.619,observed
xauusd_ticks_2026-03-24T15-00-00-000Z.json,2026-03-24 15:00:00+00:00,2257934,ok,45159,2026-03-24 15:00:00.086000+00:00,2026-03-24 15:59:59.968000+00:00,True,0.0,0.0,2.912,observed
xauusd_ticks_2026-03-24T16-00-00-000Z.json,2026-03-24 16:00:00+00:00,1812994,ok,36260,2026-03-24 16:00:00.069000+00:00,2026-03-24 16:59:59.978000+00:00,True,0.0,0.0,2.466,observed
xauusd_ticks_2026-03-24T17-00-00-000Z.json,2026-03-24 17:00:00+00:00,1634367,ok,32688,2026-03-24 17:00:00.079000+00:00,2026-03-24 17:59:59.977000+00:00,True,0.0,0.0,1.81,observed
xauusd_ticks_2026-03-24T20-00-00-000Z.json,2026-03-24 20:00:00+00:00,1190313,ok,23807,2026-03-24 20:00:00.069000+00:00,2026-03-24 20:59:58.191000+00:00,True,0.0,0.0,15.734,observed
xauusd_ticks_2026-03-24T21-00-00-000Z.json,2026-03-24 21:00:00+00:00,2,empty,0,,,,,,,unknown
xauusd_ticks_2026-03-25T00-00-00-000Z.json,2026-03-25 00:00:00+00:00,1411247,ok,28225,2026-03-25 00:00:00.123000+00:00,2026-03-25 00:59:59.983000+00:00,True,0.0,0.0,5.158,observed
xauusd_ticks_2026-03-25T03-00-00-000Z.json,2026-03-25 03:00:00+00:00,727501,ok,14550,2026-03-25 03:00:00.308000+00:00,2026-03-25 03:59:59.596000+00:00,True,0.0,0.0,8.654,observed
xauusd_ticks_2026-03-25T05-00-00-000Z.json,2026-03-25 05:00:00+00:00,788500,ok,15770,2026-03-25 05:00:00.015000+00:00,2026-03-25 05:59:59.591000+00:00,True,0.0,0.0,5.378,observed
xauusd_ticks_2026-03-25T06-00-00-000Z.json,2026-03-25 06:00:00+00:00,957001,ok,19140,2026-03-25 06:00:00.043000+00:00,2026-03-25 06:59:59.706000+00:00,True,0.0,0.0,4.773,observed
xauusd_ticks_2026-03-25T08-00-00-000Z.json,2026-03-25 08:00:00+00:00,2,empty,0,,,,,,,unknown
xauusd_ticks_2026-03-25T09-00-00-000Z.json,2026-03-25 09:00:00+00:00,768035,ok,15361,2026-03-25 09:00:00.128000+00:00,2026-03-25 09:59:59.993000+00:00,True,0.0,0.0,5.752,observed
xauusd_ticks_2026-03-25T11-00-00-000Z.json,2026-03-25 11:00:00+00:00,657045,ok,13141,2026-03-25 11:00:00.066000+00:00,2026-03-25 11:59:59.936000+00:00,True,0.0,0.0,4.976,observed
xauusd_ticks_2026-03-25T13-00-00-000Z.json,2026-03-25 13:00:00+00:00,1402467,ok,28050,2026-03-25 13:00:00.086000+00:00,2026-03-25 13:59:59.714000+00:00,True,0.0,0.0,3.068,observed
xauusd_ticks_2026-03-25T16-00-00-000Z.json,2026-03-25 16:00:00+00:00,2,empty,0,,,,,,,unknown
xauusd_ticks_2026-03-26T02-00-00-000Z.json,2026-03-26 02:00:00+00:00,715247,ok,14305,2026-03-26 02:00:00.137000+00:00,2026-03-26 02:59:59.717000+00:00,True,0.0,0.0,4.865,observed
xauusd_ticks_2026-03-26T05-00-00-000Z.json,2026-03-26 05:00:00+00:00,840830,ok,16817,2026-03-26 05:00:00.051000+00:00,2026-03-26 05:59:59.959000+00:00,True,0.0,0.0,7.638,observed
xauusd_ticks_2026-03-26T07-00-00-000Z.json,2026-03-26 07:00:00+00:00,846234,ok,16925,2026-03-26 07:00:00.065000+00:00,2026-03-26 07:59:59.990000+00:00,True,0.0,0.0,4.866,observed
xauusd_ticks_2026-03-26T08-00-00-000Z.json,2026-03-26 08:00:00+00:00,1279543,ok,25591,2026-03-26 08:00:00.092000+00:00,2026-03-26 08:59:59.916000+00:00,True,0.0,0.0,3.008,observed
xauusd_ticks_2026-03-26T10-00-00-000Z.json,2026-03-26 10:00:00+00:00,1000491,ok,20010,2026-03-26 10:00:00.467000+00:00,2026-03-26 10:59:59.954000+00:00,True,0.0,0.0,5.381,observed
xauusd_ticks_2026-03-26T11-00-00-000Z.json,2026-03-26 11:00:00+00:00,1111841,ok,22237,2026-03-26 11:00:00.005000+00:00,2026-03-26 11:59:59.949000+00:00,True,0.0,0.0,3.569,observed
xauusd_ticks_2026-03-26T13-00-00-000Z.json,2026-03-26 13:00:00+00:00,1600630,ok,32013,2026-03-26 13:00:00.024000+00:00,2026-03-26 13:59:59.969000+00:00,True,0.0,0.0,3.867,observed
xauusd_ticks_2026-03-26T15-00-00-000Z.json,2026-03-26 15:00:00+00:00,1661191,ok,33224,2026-03-26 15:00:00.025000+00:00,2026-03-26 15:59:59.993000+00:00,True,0.0,0.0,2.766,observed
xauusd_ticks_2026-03-26T18-00-00-000Z.json,2026-03-26 18:00:00+00:00,1006492,ok,20130,2026-03-26 18:00:00.081000+00:00,2026-03-26 18:59:59.871000+00:00,True,0.0,0.0,3.841,observed
xauusd_ticks_2026-03-27T02-00-00-000Z.json,2026-03-27 02:00:00+00:00,582647,ok,11653,2026-03-27 02:00:00.090000+00:00,2026-03-27 02:59:59.918000+00:00,True,0.0,0.0,10.367,observed
xauusd_ticks_2026-03-27T07-00-00-000Z.json,2026-03-27 07:00:00+00:00,478794,ok,9576,2026-03-27 07:00:00.060000+00:00,2026-03-27 07:59:59.314000+00:00,True,0.0,0.0,7.548,observed
xauusd_ticks_2026-03-27T08-00-00-000Z.json,2026-03-27 08:00:00+00:00,636446,ok,12729,2026-03-27 08:00:00.068000+00:00,2026-03-27 08:59:59.881000+00:00,True,0.0,0.0,6.109,observed
xauusd_ticks_2026-03-27T09-00-00-000Z.json,2026-03-27 09:00:00+00:00,676551,ok,13531,2026-03-27 09:00:00.183000+00:00,2026-03-27 09:59:59.684000+00:00,True,0.0,0.0,10.313,observed
xauusd_ticks_2026-03-27T10-00-00-000Z.json,2026-03-27 10:00:00+00:00,680350,ok,13607,2026-03-27 10:00:00.035000+00:00,2026-03-27 10:59:59.952000+00:00,True,0.0,0.0,8.817,observed
xauusd_ticks_2026-03-27T14-00-00-000Z.json,2026-03-27 14:00:00+00:00,1833390,ok,36671,2026-03-27 14:00:00.121000+00:00,2026-03-27 14:59:59.828000+00:00,True,0.0,0.0,1.859,observed
xauusd_ticks_2026-03-27T15-00-00-000Z.json,2026-03-27 15:00:00+00:00,1690576,ok,33813,2026-03-27 15:00:00.030000+00:00,2026-03-27 15:59:59.887000+00:00,True,0.0,0.0,1.608,observed
xauusd_ticks_2026-03-27T17-00-00-000Z.json,2026-03-27 17:00:00+00:00,1023740,ok,20475,2026-03-27 17:00:00.094000+00:00,2026-03-27 17:59:59.994000+00:00,True,0.0,0.0,3.45,observed
xauusd_ticks_2026-03-27T22-00-00-000Z.json,2026-03-27 22:00:00+00:00,2,empty,0,,,,,,,unknown
xauusd_ticks_2026-03-30T02-00-00-000Z.json,2026-03-30 02:00:00+00:00,1096897,ok,21938,2026-03-30 02:00:00.022000+00:00,2026-03-30 02:59:59.953000+00:00,True,0.0,0.0,5.666,observed
xauusd_ticks_2026-03-30T06-00-00-000Z.json,2026-03-30 06:00:00+00:00,797244,ok,15948,2026-03-30 06:00:00.089000+00:00,2026-03-30 06:59:59.961000+00:00,True,0.0,0.0,4.373,observed
xauusd_ticks_2026-03-30T07-00-00-000Z.json,2026-03-30 07:00:00+00:00,653749,ok,13075,2026-03-30 07:00:00.112000+00:00,2026-03-30 07:59:59.837000+00:00,True,0.0,0.0,7.008,observed
xauusd_ticks_2026-03-30T08-00-00-000Z.json,2026-03-30 08:00:00+00:00,629000,ok,12580,2026-03-30 08:00:00.088000+00:00,2026-03-30 08:59:59.281000+00:00,True,0.0,0.0,5.894,observed
xauusd_ticks_2026-03-30T10-00-00-000Z.json,2026-03-30 10:00:00+00:00,423549,ok,8471,2026-03-30 10:00:00.043000+00:00,2026-03-30 10:59:59.407000+00:00,True,0.0,0.0,8.185,observed
xauusd_ticks_2026-03-30T11-00-00-000Z.json,2026-03-30 11:00:00+00:00,862345,ok,17247,2026-03-30 11:00:00.112000+00:00,2026-03-30 11:59:59.934000+00:00,True,0.0,0.0,4.965,observed
xauusd_ticks_2026-03-30T12-00-00-000Z.json,2026-03-30 12:00:00+00:00,762894,ok,15258,2026-03-30 12:00:00.035000+00:00,2026-03-30 12:59:59.802000+00:00,True,0.0,0.0,5.164,observed
xauusd_ticks_2026-03-30T14-00-00-000Z.json,2026-03-30 14:00:00+00:00,1428299,ok,28567,2026-03-30 14:00:00.099000+00:00,2026-03-30 14:59:59.926000+00:00,True,0.0,0.0,1.861,observed
xauusd_ticks_2026-03-30T15-00-00-000Z.json,2026-03-30 15:00:00+00:00,1094444,ok,21889,2026-03-30 15:00:00.077000+00:00,2026-03-30 15:59:59.849000+00:00,True,0.0,0.0,3.664,observed
xauusd_ticks_2026-03-30T19-00-00-000Z.json,2026-03-30 19:00:00+00:00,1002050,ok,20041,2026-03-30 19:00:00.006000+00:00,2026-03-30 19:59:59.993000+00:00,True,0.0,0.0,3.917,observed
xauusd_ticks_2026-03-31T00-00-00-000Z.json,2026-03-31 00:00:00+00:00,1125144,ok,22503,2026-03-31 00:00:00.087000+00:00,2026-03-31 00:59:59.991000+00:00,True,0.0,0.0,10.3,observed
xauusd_ticks_2026-03-31T05-00-00-000Z.json,2026-03-31 05:00:00+00:00,719148,ok,14383,2026-03-31 05:00:00.077000+00:00,2026-03-31 05:59:58.891000+00:00,True,0.0,0.0,6.279,observed
xauusd_ticks_2026-03-31T06-00-00-000Z.json,2026-03-31 06:00:00+00:00,838249,ok,16765,2026-03-31 06:00:00.027000+00:00,2026-03-31 06:59:59.905000+00:00,True,0.0,0.0,6.244,observed
xauusd_ticks_2026-03-31T07-00-00-000Z.json,2026-03-31 07:00:00+00:00,760250,ok,15205,2026-03-31 07:00:00.006000+00:00,2026-03-31 07:59:59.841000+00:00,True,0.0,0.0,4.955,observed
xauusd_ticks_2026-03-31T08-00-00-000Z.json,2026-03-31 08:00:00+00:00,680800,ok,13616,2026-03-31 08:00:00.092000+00:00,2026-03-31 08:59:59.758000+00:00,True,0.0,0.0,6.969,observed
xauusd_ticks_2026-03-31T12-00-00-000Z.json,2026-03-31 12:00:00+00:00,1015647,ok,20313,2026-03-31 12:00:00.081000+00:00,2026-03-31 12:59:59.914000+00:00,True,0.0,0.0,4.119,observed
xauusd_ticks_2026-03-31T13-00-00-000Z.json,2026-03-31 13:00:00+00:00,1178899,ok,23578,2026-03-31 13:00:00.015000+00:00,2026-03-31 13:59:59.909000+00:00,True,0.0,0.0,2.913,observed
xauusd_ticks_2026-03-31T15-00-00-000Z.json,2026-03-31 15:00:00+00:00,1193648,ok,23873,2026-03-31 15:00:00.086000+00:00,2026-03-31 15:59:59.735000+00:00,True,0.0,0.0,1.895,observed
xauusd_ticks_2026-03-31T17-00-00-000Z.json,2026-03-31 17:00:00+00:00,1353545,ok,27071,2026-03-31 17:00:00.070000+00:00,2026-03-31 17:59:59.973000+00:00,True,0.0,0.0,1.96,observed
xauusd_ticks_2026-03-31T18-00-00-000Z.json,2026-03-31 18:00:00+00:00,995901,ok,19918,2026-03-31 18:00:00.076000+00:00,2026-03-31 18:59:59.986000+00:00,True,0.0,0.0,4.167,observed
xauusd_ticks_2026-03-31T20-00-00-000Z.json,2026-03-31 20:00:00+00:00,404545,ok,8091,2026-03-31 20:00:00.006000+00:00,2026-03-31 20:59:58.849000+00:00,True,0.0,0.0,12.909,observed
xauusd_ticks_2026-03-31T23-00-00-000Z.json,2026-03-31 23:00:00+00:00,533001,ok,10660,2026-03-31 23:00:00+00:00,2026-03-31 23:59:59.956000+00:00,True,0.0,0.0,7.935,observed
xauusd_ticks_2026-04-01T01-00-00-000Z.json,2026-04-01 01:00:00+00:00,1094151,ok,21883,2026-04-01 01:00:00.166000+00:00,2026-04-01 01:59:59.294000+00:00,True,0.0,0.0,3.362,observed
xauusd_ticks_2026-04-01T04-00-00-000Z.json,2026-04-01 04:00:00+00:00,389251,ok,7785,2026-04-01 04:00:00.157000+00:00,2026-04-01 04:59:59.643000+00:00,True,0.0,0.0,10.041,observed
xauusd_ticks_2026-04-01T05-00-00-000Z.json,2026-04-01 05:00:00+00:00,566251,ok,11325,2026-04-01 05:00:00.096000+00:00,2026-04-01 05:59:59.976000+00:00,True,0.0,0.0,9.594,observed
xauusd_ticks_2026-04-01T07-00-00-000Z.json,2026-04-01 07:00:00+00:00,911489,ok,18230,2026-04-01 07:00:00.133000+00:00,2026-04-01 07:59:59.666000+00:00,True,0.0,0.0,5.477,observed
xauusd_ticks_2026-04-01T10-00-00-000Z.json,2026-04-01 10:00:00+00:00,458550,ok,9171,2026-04-01 10:00:00.102000+00:00,2026-04-01 10:59:59.812000+00:00,True,0.0,0.0,7.476,observed
xauusd_ticks_2026-04-01T11-00-00-000Z.json,2026-04-01 11:00:00+00:00,592596,ok,11852,2026-04-01 11:00:00.065000+00:00,2026-04-01 11:59:59.837000+00:00,True,0.0,0.0,5.746,observed
xauusd_ticks_2026-04-01T12-00-00-000Z.json,2026-04-01 12:00:00+00:00,980415,ok,19610,2026-04-01 12:00:00.039000+00:00,2026-04-01 12:59:59.597000+00:00,True,0.0,0.0,7.443,observed
xauusd_ticks_2026-04-01T13-00-00-000Z.json,2026-04-01 13:00:00+00:00,1229191,ok,24584,2026-04-01 13:00:00+00:00,2026-04-01 13:59:59.836000+00:00,True,0.0,0.0,2.836,observed
xauusd_ticks_2026-04-01T18-00-00-000Z.json,2026-04-01 18:00:00+00:00,1239100,ok,24782,2026-04-01 18:00:00.049000+00:00,2026-04-01 18:59:59.875000+00:00,True,0.0,0.0,2.835,observed
xauusd_ticks_2026-04-02T06-00-00-000Z.json,2026-04-02 06:00:00+00:00,1393233,ok,27865,2026-04-02 06:00:00.064000+00:00,2026-04-02 06:59:59.974000+00:00,True,0.0,0.0,2.914,observed
xauusd_ticks_2026-04-02T11-00-00-000Z.json,2026-04-02 11:00:00+00:00,779182,ok,15586,2026-04-02 11:00:00.075000+00:00,2026-04-02 11:59:59.349000+00:00,True,0.0,0.0,5.665,observed
xauusd_ticks_2026-04-02T12-00-00-000Z.json,2026-04-02 12:00:00+00:00,1015799,ok,20316,2026-04-02 12:00:00.052000+00:00,2026-04-02 12:59:59.988000+00:00,True,0.0,0.0,4.646,observed
xauusd_ticks_2026-04-02T13-00-00-000Z.json,2026-04-02 13:00:00+00:00,1714997,ok,34300,2026-04-02 13:00:00.138000+00:00,2026-04-02 13:59:59.866000+00:00,True,0.0,0.0,1.559,observed
xauusd_ticks_2026-04-02T14-00-00-000Z.json,2026-04-02 14:00:00+00:00,1968192,ok,39364,2026-04-02 14:00:00.017000+00:00,2026-04-02 14:59:59.988000+00:00,True,0.0,0.0,1.007,observed
xauusd_ticks_2026-04-02T17-00-00-000Z.json,2026-04-02 17:00:00+00:00,1341950,ok,26839,2026-04-02 17:00:00.048000+00:00,2026-04-02 17:59:59.978000+00:00,True,0.0,0.0,3.666,observed
xauusd_ticks_2026-04-02T18-00-00-000Z.json,2026-04-02 18:00:00+00:00,992751,ok,19855,2026-04-02 18:00:00.079000+00:00,2026-04-02 18:59:59.762000+00:00,True,0.0,0.0,5.177,observed
xauusd_ticks_2026-04-02T19-00-00-000Z.json,2026-04-02 19:00:00+00:00,1147448,ok,22949,2026-04-02 19:00:00.114000+00:00,2026-04-02 19:59:59.976000+00:00,True,0.0,0.0,2.785,observed
xauusd_ticks_2026-04-02T20-00-00-000Z.json,2026-04-02 20:00:00+00:00,402201,ok,8044,2026-04-02 20:00:00.027000+00:00,2026-04-02 20:58:58.311000+00:00,True,0.0,0.0,12.554,observed
xauusd_ticks_2026-04-02T21-00-00-000Z.json,2026-04-02 21:00:00+00:00,2,empty,0,,,,,,,unknown
xauusd_ticks_2026-04-03T01-00-00-000Z.json,2026-04-03 01:00:00+00:00,2,empty,0,,,,,,,unknown
xauusd_ticks_2026-04-03T02-00-00-000Z.json,2026-04-03 02:00:00+00:00,2,empty,0,,,,,,,unknown
xauusd_ticks_2026-04-06T01-00-00-000Z.json,2026-04-06 01:00:00+00:00,847541,ok,16951,2026-04-06 01:00:00.086000+00:00,2026-04-06 01:59:59.826000+00:00,True,0.0,0.0,15.358,observed
xauusd_ticks_2026-04-06T05-00-00-000Z.json,2026-04-06 05:00:00+00:00,402650,ok,8053,2026-04-06 05:00:00.075000+00:00,2026-04-06 05:59:59.748000+00:00,True,0.0,0.0,12.717,observed
xauusd_ticks_2026-04-06T06-00-00-000Z.json,2026-04-06 06:00:00+00:00,563800,ok,11276,2026-04-06 06:00:00.049000+00:00,2026-04-06 06:59:59.709000+00:00,True,0.0,0.0,9.557,observed
xauusd_ticks_2026-04-06T07-00-00-000Z.json,2026-04-06 07:00:00+00:00,585601,ok,11712,2026-04-06 07:00:00.063000+00:00,2026-04-06 07:59:59.922000+00:00,True,0.0,0.0,7.947,observed
xauusd_ticks_2026-04-06T09-00-00-000Z.json,2026-04-06 09:00:00+00:00,540350,ok,10807,2026-04-06 09:00:00.223000+00:00,2026-04-06 09:59:59.765000+00:00,True,0.0,0.0,8.477,observed
xauusd_ticks_2026-04-06T10-00-00-000Z.json,2026-04-06 10:00:00+00:00,469546,ok,9391,2026-04-06 10:00:00.067000+00:00,2026-04-06 10:59:58.889000+00:00,True,0.0,0.0,9.9,observed
xauusd_ticks_2026-04-06T11-00-00-000Z.json,2026-04-06 11:00:00+00:00,446047,ok,8921,2026-04-06 11:00:00.094000+00:00,2026-04-06 11:59:59.609000+00:00,True,0.0,0.0,7.984,observed
xauusd_ticks_2026-04-06T12-00-00-000Z.json,2026-04-06 12:00:00+00:00,647901,ok,12958,2026-04-06 12:00:00.062000+00:00,2026-04-06 12:59:59.182000+00:00,True,0.0,0.0,6.394,observed
xauusd_ticks_2026-04-06T13-00-00-000Z.json,2026-04-06 13:00:00+00:00,1288699,ok,25774,2026-04-06 13:00:00.086000+00:00,2026-04-06 13:59:59.614000+00:00,True,0.0,0.0,7.08,observed
xauusd_ticks_2026-04-06T14-00-00-000Z.json,2026-04-06 14:00:00+00:00,1795689,ok,35914,2026-04-06 14:00:00.066000+00:00,2026-04-06 14:59:59.809000+00:00,True,0.0,0.0,1.656,observed
xauusd_ticks_2026-04-06T15-00-00-000Z.json,2026-04-06 15:00:00+00:00,1067000,ok,21340,2026-04-06 15:00:00.010000+00:00,2026-04-06 15:59:59.917000+00:00,True,0.0,0.0,4.162,observed
xauusd_ticks_2026-04-06T18-00-00-000Z.json,2026-04-06 18:00:00+00:00,933698,ok,18674,2026-04-06 18:00:00.096000+00:00,2026-04-06 18:59:59.732000+00:00,True,0.0,0.0,4.364,observed
xauusd_ticks_2026-04-06T20-00-00-000Z.json,2026-04-06 20:00:00+00:00,233451,ok,4669,2026-04-06 20:00:00.039000+00:00,2026-04-06 20:59:58.927000+00:00,True,0.0,0.0,18.369,observed
xauusd_ticks_2026-04-07T01-00-00-000Z.json,2026-04-07 01:00:00+00:00,1315744,ok,26315,2026-04-07 01:00:00.145000+00:00,2026-04-07 01:59:59.618000+00:00,True,0.0,0.0,2.308,observed
xauusd_ticks_2026-04-07T03-00-00-000Z.json,2026-04-07 03:00:00+00:00,534001,ok,10680,2026-04-07 03:00:00.032000+00:00,2026-04-07 03:59:59.968000+00:00,True,0.0,0.0,10.337,observed
xauusd_ticks_2026-04-07T06-00-00-000Z.json,2026-04-07 06:00:00+00:00,961450,ok,19229,2026-04-07 06:00:00.029000+00:00,2026-04-07 06:59:59.920000+00:00,True,0.0,0.0,5.473,observed
xauusd_ticks_2026-04-07T07-00-00-000Z.json,2026-04-07 07:00:00+00:00,803999,ok,16080,2026-04-07 07:00:00.021000+00:00,2026-04-07 07:59:59.275000+00:00,True,0.0,0.0,5.969,observed
xauusd_ticks_2026-04-07T08-00-00-000Z.json,2026-04-07 08:00:00+00:00,1192647,ok,23853,2026-04-07 08:00:00.078000+00:00,2026-04-07 08:59:59.225000+00:00,True,0.0,0.0,4.261,observed
xauusd_ticks_2026-04-07T09-00-00-000Z.json,2026-04-07 09:00:00+00:00,898593,ok,17972,2026-04-07 09:00:00.078000+00:00,2026-04-07 09:59:59.859000+00:00,True,0.0,0.0,5.055,observed
xauusd_ticks_2026-04-07T11-00-00-000Z.json,2026-04-07 11:00:00+00:00,908004,ok,18161,2026-04-07 11:00:00.054000+00:00,2026-04-07 11:59:59.393000+00:00,True,0.0,0.0,5.818,observed
xauusd_ticks_2026-04-07T13-00-00-000Z.json,2026-04-07 13:00:00+00:00,1570500,ok,31410,2026-04-07 13:00:00.105000+00:00,2026-04-07 13:59:59.849000+00:00,True,0.0,0.0,3.216,observed
xauusd_ticks_2026-04-07T14-00-00-000Z.json,2026-04-07 14:00:00+00:00,1863933,ok,37281,2026-04-07 14:00:00.051000+00:00,2026-04-07 14:59:59.913000+00:00,True,0.0,0.0,1.704,observed
xauusd_ticks_2026-04-07T16-00-00-000Z.json,2026-04-07 16:00:00+00:00,1269947,ok,25399,2026-04-07 16:00:00.027000+00:00,2026-04-07 16:59:59.605000+00:00,True,0.0,0.0,3.447,observed
xauusd_ticks_2026-04-07T21-00-00-000Z.json,2026-04-07 21:00:00+00:00,2,empty,0,,,,,,,unknown
xauusd_ticks_2026-04-08T00-00-00-000Z.json,2026-04-08 00:00:00+00:00,1149684,ok,22994,2026-04-08 00:00:00.055000+00:00,2026-04-08 00:59:59.892000+00:00,True,0.0,0.0,2.914,observed
xauusd_ticks_2026-04-08T05-00-00-000Z.json,2026-04-08 05:00:00+00:00,668646,ok,13373,2026-04-08 05:00:00.021000+00:00,2026-04-08 05:59:59.993000+00:00,True,0.0,0.0,8.205,observed
xauusd_ticks_2026-04-08T06-00-00-000Z.json,2026-04-08 06:00:00+00:00,814041,ok,16281,2026-04-08 06:00:00.094000+00:00,2026-04-08 06:59:59.993000+00:00,True,0.0,0.0,3.866,observed
xauusd_ticks_2026-04-08T08-00-00-000Z.json,2026-04-08 08:00:00+00:00,679395,ok,13588,2026-04-08 08:00:00.120000+00:00,2026-04-08 08:59:59.953000+00:00,True,0.0,0.0,6.561,observed
xauusd_ticks_2026-04-08T10-00-00-000Z.json,2026-04-08 10:00:00+00:00,603551,ok,12071,2026-04-08 10:00:00.083000+00:00,2026-04-08 10:59:59.833000+00:00,True,0.0,0.0,8.425,observed
xauusd_ticks_2026-04-08T13-00-00-000Z.json,2026-04-08 13:00:00+00:00,1451720,ok,29039,2026-04-08 13:00:00.067000+00:00,2026-04-08 13:59:59.975000+00:00,True,0.0,0.0,2.26,observed
xauusd_ticks_2026-04-08T15-00-00-000Z.json,2026-04-08 15:00:00+00:00,1283600,ok,25672,2026-04-08 15:00:00.080000+00:00,2026-04-08 15:59:59.180000+00:00,True,0.0,0.0,2.946,observed
xauusd_ticks_2026-04-08T16-00-00-000Z.json,2026-04-08 16:00:00+00:00,977651,ok,19553,2026-04-08 16:00:00.082000+00:00,2026-04-08 16:59:59.977000+00:00,True,0.0,0.0,5.322,observed
xauusd_ticks_2026-04-08T18-00-00-000Z.json,2026-04-08 18:00:00+00:00,1216942,ok,24339,2026-04-08 18:00:00.050000+00:00,2026-04-08 18:59:59.953000+00:00,True,0.0,0.0,3.623,observed
xauusd_ticks_2026-04-08T23-00-00-000Z.json,2026-04-08 23:00:00+00:00,2,empty,0,,,,,,,unknown
xauusd_ticks_2026-04-09T00-00-00-000Z.json,2026-04-09 00:00:00+00:00,570850,ok,11417,2026-04-09 00:00:00.006000+00:00,2026-04-09 00:59:59.054000+00:00,True,0.0,0.0,5.521,observed
xauusd_ticks_2026-04-09T01-00-00-000Z.json,2026-04-09 01:00:00+00:00,884300,ok,17686,2026-04-09 01:00:00.109000+00:00,2026-04-09 01:59:59.184000+00:00,True,0.0,0.0,3.914,observed
xauusd_ticks_2026-04-09T03-00-00-000Z.json,2026-04-09 03:00:00+00:00,494851,ok,9897,2026-04-09 03:00:00.085000+00:00,2026-04-09 03:59:58.625000+00:00,True,0.0,0.0,11.867,observed
xauusd_ticks_2026-04-09T05-00-00-000Z.json,2026-04-09 05:00:00+00:00,505948,ok,10119,2026-04-09 05:00:00.109000+00:00,2026-04-09 05:59:59.969000+00:00,True,0.0,0.0,8.811,observed
xauusd_ticks_2026-04-09T06-00-00-000Z.json,2026-04-09 06:00:00+00:00,718750,ok,14375,2026-04-09 06:00:00.020000+00:00,2026-04-09 06:59:59.922000+00:00,True,0.0,0.0,5.672,observed
xauusd_ticks_2026-04-09T07-00-00-000Z.json,2026-04-09 07:00:00+00:00,759948,ok,15199,2026-04-09 07:00:00.023000+00:00,2026-04-09 07:59:59.839000+00:00,True,0.0,0.0,5.572,observed
xauusd_ticks_2026-04-09T08-00-00-000Z.json,2026-04-09 08:00:00+00:00,498150,ok,9963,2026-04-09 08:00:00.091000+00:00,2026-04-09 08:59:59.961000+00:00,True,0.0,0.0,8.663,observed
xauusd_ticks_2026-04-09T09-00-00-000Z.json,2026-04-09 09:00:00+00:00,413999,ok,8280,2026-04-09 09:00:00.062000+00:00,2026-04-09 09:59:59.848000+00:00,True,0.0,0.0,11.28,observed
xauusd_ticks_2026-04-09T11-00-00-000Z.json,2026-04-09 11:00:00+00:00,494350,ok,9887,2026-04-09 11:00:00.070000+00:00,2026-04-09 11:59:59.888000+00:00,True,0.0,0.0,8.39,observed
xauusd_ticks_2026-04-09T13-00-00-000Z.json,2026-04-09 13:00:00+00:00,1260447,ok,25209,2026-04-09 13:00:00.020000+00:00,2026-04-09 13:59:59.915000+00:00,True,0.0,0.0,3.424,observed
xauusd_ticks_2026-04-09T14-00-00-000Z.json,2026-04-09 14:00:00+00:00,1298345,ok,25967,2026-04-09 14:00:00.016000+00:00,2026-04-09 14:59:59.652000+00:00,True,0.0,0.0,2.961,observed
xauusd_ticks_2026-04-09T16-00-00-000Z.json,2026-04-09 16:00:00+00:00,835601,ok,16712,2026-04-09 16:00:00.096000+00:00,2026-04-09 16:59:59.373000+00:00,True,0.0,0.0,6.07,observed
xauusd_ticks_2026-04-09T21-00-00-000Z.json,2026-04-09 21:00:00+00:00,2,empty,0,,,,,,,unknown
xauusd_ticks_2026-04-10T00-00-00-000Z.json,2026-04-10 00:00:00+00:00,389599,ok,7792,2026-04-10 00:00:00.081000+00:00,2026-04-10 00:59:58.625000+00:00,True,0.0,0.0,9.33,observed
xauusd_ticks_2026-04-10T05-00-00-000Z.json,2026-04-10 05:00:00+00:00,395551,ok,7911,2026-04-10 05:00:00.502000+00:00,2026-04-10 05:59:59.462000+00:00,True,0.0,0.0,15.265,observed
xauusd_ticks_2026-04-10T06-00-00-000Z.json,2026-04-10 06:00:00+00:00,595547,ok,11913,2026-04-10 06:00:00.015000+00:00,2026-04-10 06:59:59.953000+00:00,True,0.0,0.0,8.4,observed
xauusd_ticks_2026-04-10T07-00-00-000Z.json,2026-04-10 07:00:00+00:00,400199,ok,8004,2026-04-10 07:00:00.054000+00:00,2026-04-10 07:59:58.895000+00:00,True,0.0,0.0,9.582,observed
xauusd_ticks_2026-04-10T08-00-00-000Z.json,2026-04-10 08:00:00+00:00,468000,ok,9360,2026-04-10 08:00:00.051000+00:00,2026-04-10 08:59:59.858000+00:00,True,0.0,0.0,8.799,observed
xauusd_ticks_2026-04-10T11-00-00-000Z.json,2026-04-10 11:00:00+00:00,386651,ok,7733,2026-04-10 11:00:00.175000+00:00,2026-04-10 11:59:58.489000+00:00,True,0.0,0.0,10.683,observed
xauusd_ticks_2026-04-10T12-00-00-000Z.json,2026-04-10 12:00:00+00:00,779898,ok,15598,2026-04-10 12:00:00.101000+00:00,2026-04-10 12:59:59.476000+00:00,True,0.0,0.0,6.563,observed
xauusd_ticks_2026-04-10T13-00-00-000Z.json,2026-04-10 13:00:00+00:00,1044492,ok,20890,2026-04-10 13:00:00.054000+00:00,2026-04-10 13:59:59.837000+00:00,True,0.0,0.0,3.053,observed
xauusd_ticks_2026-04-10T14-00-00-000Z.json,2026-04-10 14:00:00+00:00,1235699,ok,24714,2026-04-10 14:00:00.089000+00:00,2026-04-10 14:59:59.958000+00:00,True,0.0,0.0,3.357,observed
xauusd_ticks_2026-04-10T15-00-00-000Z.json,2026-04-10 15:00:00+00:00,1102045,ok,22041,2026-04-10 15:00:00.059000+00:00,2026-04-10 15:59:59.950000+00:00,True,0.0,0.0,2.909,observed
xauusd_ticks_2026-04-10T19-00-00-000Z.json,2026-04-10 19:00:00+00:00,640701,ok,12814,2026-04-10 19:00:00.098000+00:00,2026-04-10 19:59:59.885000+00:00,True,0.0,0.0,7.754,observed
xauusd_ticks_2026-04-10T20-00-00-000Z.json,2026-04-10 20:00:00+00:00,449400,ok,8988,2026-04-10 20:00:00.036000+00:00,2026-04-10 20:59:59.140000+00:00,True,0.0,0.0,12.189,observed
xauusd_ticks_2026-04-13T01-00-00-000Z.json,2026-04-13 01:00:00+00:00,941845,ok,18837,2026-04-13 01:00:00.102000+00:00,2026-04-13 01:59:59.688000+00:00,True,0.0,0.0,3.814,observed
xauusd_ticks_2026-04-13T03-00-00-000Z.json,2026-04-13 03:00:00+00:00,309951,ok,6199,2026-04-13 03:00:00.089000+00:00,2026-04-13 03:59:59.444000+00:00,True,0.0,0.0,14.818,observed
xauusd_ticks_2026-04-13T06-00-00-000Z.json,2026-04-13 06:00:00+00:00,571950,ok,11439,2026-04-13 06:00:00.022000+00:00,2026-04-13 06:59:59.972000+00:00,True,0.0,0.0,7.707,observed
xauusd_ticks_2026-04-13T07-00-00-000Z.json,2026-04-13 07:00:00+00:00,526851,ok,10537,2026-04-13 07:00:00.072000+00:00,2026-04-13 07:59:58.110000+00:00,True,0.0,0.0,10.265,observed
xauusd_ticks_2026-04-13T08-00-00-000Z.json,2026-04-13 08:00:00+00:00,500201,ok,10004,2026-04-13 08:00:00.071000+00:00,2026-04-13 08:59:59.368000+00:00,True,0.0,0.0,8.232,observed
xauusd_ticks_2026-04-13T09-00-00-000Z.json,2026-04-13 09:00:00+00:00,436299,ok,8726,2026-04-13 09:00:00.373000+00:00,2026-04-13 09:59:59.839000+00:00,True,0.0,0.0,11.562,observed
xauusd_ticks_2026-04-13T10-00-00-000Z.json,2026-04-13 10:00:00+00:00,364950,ok,7299,2026-04-13 10:00:00.090000+00:00,2026-04-13 10:59:59.993000+00:00,True,0.0,0.0,10.621,observed
xauusd_ticks_2026-04-13T11-00-00-000Z.json,2026-04-13 11:00:00+00:00,548499,ok,10970,2026-04-13 11:00:00.095000+00:00,2026-04-13 11:59:59.972000+00:00,True,0.0,0.0,7.82,observed
xauusd_ticks_2026-04-13T14-00-00-000Z.json,2026-04-13 14:00:00+00:00,1214750,ok,24295,2026-04-13 14:00:00.046000+00:00,2026-04-13 14:59:59.938000+00:00,True,0.0,0.0,3.571,observed
xauusd_ticks_2026-04-13T15-00-00-000Z.json,2026-04-13 15:00:00+00:00,948548,ok,18971,2026-04-13 15:00:00.039000+00:00,2026-04-13 15:59:59.691000+00:00,True,0.0,0.0,4.769,observed
xauusd_ticks_2026-04-13T16-00-00-000Z.json,2026-04-13 16:00:00+00:00,1083340,ok,21667,2026-04-13 16:00:00.144000+00:00,2026-04-13 16:59:59.959000+00:00,True,0.0,0.0,5.059,observed
xauusd_ticks_2026-04-13T18-00-00-000Z.json,2026-04-13 18:00:00+00:00,564951,ok,11299,2026-04-13 18:00:00.104000+00:00,2026-04-13 18:59:59.997000+00:00,True,0.0,0.0,6.592,observed
xauusd_ticks_2026-04-13T23-00-00-000Z.json,2026-04-13 23:00:00+00:00,366923,ok,7339,2026-04-13 23:00:00.085000+00:00,2026-04-13 23:59:59.607000+00:00,True,0.0,0.0,13.533,observed
xauusd_ticks_2026-04-14T01-00-00-000Z.json,2026-04-14 01:00:00+00:00,757751,ok,15155,2026-04-14 01:00:00.024000+00:00,2026-04-14 01:59:59.789000+00:00,True,0.0,0.0,4.093,observed
xauusd_ticks_2026-04-14T06-00-00-000Z.json,2026-04-14 06:00:00+00:00,518598,ok,10372,2026-04-14 06:00:00.062000+00:00,2026-04-14 06:59:59.948000+00:00,True,0.0,0.0,7.779,observed
xauusd_ticks_2026-04-14T07-00-00-000Z.json,2026-04-14 07:00:00+00:00,745949,ok,14919,2026-04-14 07:00:00.049000+00:00,2026-04-14 07:59:58.859000+00:00,True,0.0,0.0,6.463,observed
xauusd_ticks_2026-04-14T09-00-00-000Z.json,2026-04-14 09:00:00+00:00,437100,ok,8742,2026-04-14 09:00:00.032000+00:00,2026-04-14 09:59:59.789000+00:00,True,0.0,0.0,13.304,observed
xauusd_ticks_2026-04-14T12-00-00-000Z.json,2026-04-14 12:00:00+00:00,833001,ok,16660,2026-04-14 12:00:00.089000+00:00,2026-04-14 12:59:59.578000+00:00,True,0.0,0.0,5.437,observed
xauusd_ticks_2026-04-14T13-00-00-000Z.json,2026-04-14 13:00:00+00:00,1350997,ok,27020,2026-04-14 13:00:00.081000+00:00,2026-04-14 13:59:59.770000+00:00,True,0.0,0.0,4.83,observed
xauusd_ticks_2026-04-14T14-00-00-000Z.json,2026-04-14 14:00:00+00:00,1227138,ok,24543,2026-04-14 14:00:00.022000+00:00,2026-04-14 14:59:59.983000+00:00,True,0.0,0.0,3.026,observed
xauusd_ticks_2026-04-14T15-00-00-000Z.json,2026-04-14 15:00:00+00:00,957897,ok,19158,2026-04-14 15:00:00.084000+00:00,2026-04-14 15:59:59.932000+00:00,True,0.0,0.0,3.954,observed
xauusd_ticks_2026-04-14T17-00-00-000Z.json,2026-04-14 17:00:00+00:00,841917,ok,16839,2026-04-14 17:00:00.080000+00:00,2026-04-14 17:59:59.962000+00:00,True,0.0,0.0,5.119,observed
xauusd_ticks_2026-04-14T18-00-00-000Z.json,2026-04-14 18:00:00+00:00,741836,ok,14837,2026-04-14 18:00:00.063000+00:00,2026-04-14 18:59:59.848000+00:00,True,0.0,0.0,5.058,observed
xauusd_ticks_2026-04-14T20-00-00-000Z.json,2026-04-14 20:00:00+00:00,226101,ok,4522,2026-04-14 20:00:00.043000+00:00,2026-04-14 20:59:59.820000+00:00,True,0.0,0.0,20.335,observed
xauusd_ticks_2026-04-15T01-00-00-000Z.json,2026-04-15 01:00:00+00:00,915446,ok,18309,2026-04-15 01:00:00.121000+00:00,2026-04-15 01:59:59.144000+00:00,True,0.0,0.0,3.999,observed
xauusd_ticks_2026-04-15T06-00-00-000Z.json,2026-04-15 06:00:00+00:00,582093,ok,11642,2026-04-15 06:00:00.114000+00:00,2026-04-15 06:59:59.892000+00:00,True,0.0,0.0,6.973,observed
xauusd_ticks_2026-04-15T07-00-00-000Z.json,2026-04-15 07:00:00+00:00,538127,ok,10763,2026-04-15 07:00:00.161000+00:00,2026-04-15 07:59:59.845000+00:00,True,0.0,0.0,9.203,observed
xauusd_ticks_2026-04-15T08-00-00-000Z.json,2026-04-15 08:00:00+00:00,493497,ok,9870,2026-04-15 08:00:00.097000+00:00,2026-04-15 08:59:59.409000+00:00,True,0.0,0.0,10.964,observed
xauusd_ticks_2026-04-15T09-00-00-000Z.json,2026-04-15 09:00:00+00:00,656405,ok,13129,2026-04-15 09:00:00.272000+00:00,2026-04-15 09:59:59.226000+00:00,True,0.0,0.0,6.331,observed
xauusd_ticks_2026-04-15T13-00-00-000Z.json,2026-04-15 13:00:00+00:00,1060145,ok,21203,2026-04-15 13:00:00.103000+00:00,2026-04-15 13:59:59.965000+00:00,True,0.0,0.0,5.36,observed
xauusd_ticks_2026-04-15T14-00-00-000Z.json,2026-04-15 14:00:00+00:00,906898,ok,18138,2026-04-15 14:00:00.066000+00:00,2026-04-15 14:59:59.767000+00:00,True,0.0,0.0,3.862,observed
xauusd_ticks_2026-04-15T16-00-00-000Z.json,2026-04-15 16:00:00+00:00,646546,ok,12931,2026-04-15 16:00:00.073000+00:00,2026-04-15 16:59:59.768000+00:00,True,0.0,0.0,6.025,observed
xauusd_ticks_2026-04-15T21-00-00-000Z.json,2026-04-15 21:00:00+00:00,2,empty,0,,,,,,,unknown
xauusd_ticks_2026-04-16T01-00-00-000Z.json,2026-04-16 01:00:00+00:00,615347,ok,12307,2026-04-16 01:00:00.016000+00:00,2026-04-16 01:59:59.458000+00:00,True,0.0,0.0,5.94,observed
xauusd_ticks_2026-04-16T06-00-00-000Z.json,2026-04-16 06:00:00+00:00,690547,ok,13811,2026-04-16 06:00:00.045000+00:00,2026-04-16 06:59:59.843000+00:00,True,0.0,0.0,6.773,observed
xauusd_ticks_2026-04-16T07-00-00-000Z.json,2026-04-16 07:00:00+00:00,566629,ok,11333,2026-04-16 07:00:00.094000+00:00,2026-04-16 07:59:59.968000+00:00,True,0.0,0.0,8.471,observed
xauusd_ticks_2026-04-16T09-00-00-000Z.json,2026-04-16 09:00:00+00:00,407050,ok,8141,2026-04-16 09:00:00.087000+00:00,2026-04-16 09:59:59.184000+00:00,True,0.0,0.0,8.773,observed
xauusd_ticks_2026-04-16T12-00-00-000Z.json,2026-04-16 12:00:00+00:00,585951,ok,11719,2026-04-16 12:00:00.075000+00:00,2026-04-16 12:59:59.768000+00:00,True,0.0,0.0,7.346,observed
xauusd_ticks_2026-04-16T13-00-00-000Z.json,2026-04-16 13:00:00+00:00,1084092,ok,21682,2026-04-16 13:00:00.069000+00:00,2026-04-16 13:59:59.937000+00:00,True,0.0,0.0,11.847,observed
xauusd_ticks_2026-04-16T14-00-00-000Z.json,2026-04-16 14:00:00+00:00,1313341,ok,26267,2026-04-16 14:00:00.087000+00:00,2026-04-16 14:59:59.048000+00:00,True,0.0,0.0,2.011,observed
xauusd_ticks_2026-04-16T15-00-00-000Z.json,2026-04-16 15:00:00+00:00,941248,ok,18825,2026-04-16 15:00:00.062000+00:00,2026-04-16 15:59:59.891000+00:00,True,0.0,0.0,4.661,observed
xauusd_ticks_2026-04-16T20-00-00-000Z.json,2026-04-16 20:00:00+00:00,169001,ok,3380,2026-04-16 20:00:00.065000+00:00,2026-04-16 20:59:59.753000+00:00,True,0.0,0.0,25.27,observed
xauusd_ticks_2026-04-17T00-00-00-000Z.json,2026-04-17 00:00:00+00:00,2,empty,0,,,,,,,unknown
xauusd_ticks_2026-04-17T05-00-00-000Z.json,2026-04-17 05:00:00+00:00,448681,ok,8978,2026-04-17 05:00:00.099000+00:00,2026-04-17 05:59:59.913000+00:00,True,0.0,0.0,12.009,observed
xauusd_ticks_2026-04-17T06-00-00-000Z.json,2026-04-17 06:00:00+00:00,541751,ok,10835,2026-04-17 06:00:00.064000+00:00,2026-04-17 06:59:59.976000+00:00,True,0.0,0.0,6.951,observed
xauusd_ticks_2026-04-17T08-00-00-000Z.json,2026-04-17 08:00:00+00:00,412900,ok,8258,2026-04-17 08:00:00.110000+00:00,2026-04-17 08:59:58.581000+00:00,True,0.0,0.0,8.867,observed
xauusd_ticks_2026-04-17T10-00-00-000Z.json,2026-04-17 10:00:00+00:00,345598,ok,6912,2026-04-17 10:00:00.067000+00:00,2026-04-17 10:59:59.440000+00:00,True,0.0,0.0,9.713,observed
xauusd_ticks_2026-04-17T11-00-00-000Z.json,2026-04-17 11:00:00+00:00,412249,ok,8245,2026-04-17 11:00:00.095000+00:00,2026-04-17 11:59:59.839000+00:00,True,0.0,0.0,10.009,observed
xauusd_ticks_2026-04-17T12-00-00-000Z.json,2026-04-17 12:00:00+00:00,2,empty,0,,,,,,,unknown
xauusd_ticks_2026-04-17T13-00-00-000Z.json,2026-04-17 13:00:00+00:00,1681990,ok,33640,2026-04-17 13:00:00.064000+00:00,2026-04-17 13:59:59.973000+00:00,True,0.0,0.0,1.378,observed
xauusd_ticks_2026-04-17T14-00-00-000Z.json,2026-04-17 14:00:00+00:00,1411540,ok,28231,2026-04-17 14:00:00.124000+00:00,2026-04-17 14:59:59.809000+00:00,True,0.0,0.0,3.776,observed
xauusd_ticks_2026-04-17T18-00-00-000Z.json,2026-04-17 18:00:00+00:00,816701,ok,16334,2026-04-17 18:00:00.159000+00:00,2026-04-17 18:59:59.642000+00:00,True,0.0,0.0,5.774,observed
xauusd_ticks_2026-04-17T19-00-00-000Z.json,2026-04-17 19:00:00+00:00,648451,ok,12969,2026-04-17 19:00:00.093000+00:00,2026-04-17 19:59:59.921000+00:00,True,0.0,0.0,6.32,observed
xauusd_ticks_2026-04-20T00-00-00-000Z.json,2026-04-20 00:00:00+00:00,696701,ok,13934,2026-04-20 00:00:00.043000+00:00,2026-04-20 00:59:59.961000+00:00,True,0.0,0.0,5.921,observed
xauusd_ticks_2026-04-20T05-00-00-000Z.json,2026-04-20 05:00:00+00:00,578251,ok,11565,2026-04-20 05:00:00.085000+00:00,2026-04-20 05:59:59.327000+00:00,True,0.0,0.0,7.812,observed
xauusd_ticks_2026-04-20T06-00-00-000Z.json,2026-04-20 06:00:00+00:00,647500,ok,12950,2026-04-20 06:00:00.030000+00:00,2026-04-20 06:59:59.494000+00:00,True,0.0,0.0,5.796,observed
xauusd_ticks_2026-04-20T08-00-00-000Z.json,2026-04-20 08:00:00+00:00,478351,ok,9567,2026-04-20 08:00:00.061000+00:00,2026-04-20 08:59:59.907000+00:00,True,0.0,0.0,8.699,observed
xauusd_ticks_2026-04-20T10-00-00-000Z.json,2026-04-20 10:00:00+00:00,384301,ok,7686,2026-04-20 10:00:00.062000+00:00,2026-04-20 10:59:59.584000+00:00,True,0.0,0.0,6.974,observed
xauusd_ticks_2026-04-20T13-00-00-000Z.json,2026-04-20 13:00:00+00:00,1128000,ok,22560,2026-04-20 13:00:00.083000+00:00,2026-04-20 13:59:59.929000+00:00,True,0.0,0.0,2.947,observed
xauusd_ticks_2026-04-20T15-00-00-000Z.json,2026-04-20 15:00:00+00:00,2,empty,0,,,,,,,unknown
xauusd_ticks_2026-04-20T16-00-00-000Z.json,2026-04-20 16:00:00+00:00,623301,ok,12466,2026-04-20 16:00:00.076000+00:00,2026-04-20 16:59:59.649000+00:00,True,0.0,0.0,4.169,observed
xauusd_ticks_2026-04-20T18-00-00-000Z.json,2026-04-20 18:00:00+00:00,611150,ok,12223,2026-04-20 18:00:00.085000+00:00,2026-04-20 18:59:59.948000+00:00,True,0.0,0.0,15.241,observed
xauusd_ticks_2026-04-20T23-00-00-000Z.json,2026-04-20 23:00:00+00:00,249544,ok,4991,2026-04-20 23:00:00.089000+00:00,2026-04-20 23:59:59.623000+00:00,True,0.0,0.0,17.941,observed
xauusd_ticks_2026-04-21T02-00-00-000Z.json,2026-04-21 02:00:00+00:00,465451,ok,9309,2026-04-21 02:00:00.075000+00:00,2026-04-21 02:59:59.774000+00:00,True,0.0,0.0,8.132,observed
xauusd_ticks_2026-04-21T04-00-00-000Z.json,2026-04-21 04:00:00+00:00,291451,ok,5829,2026-04-21 04:00:00.254000+00:00,2026-04-21 04:59:59.965000+00:00,True,0.0,0.0,15.072,observed
xauusd_ticks_2026-04-21T05-00-00-000Z.json,2026-04-21 05:00:00+00:00,544351,ok,10887,2026-04-21 05:00:00.068000+00:00,2026-04-21 05:59:59.662000+00:00,True,0.0,0.0,11.153,observed
xauusd_ticks_2026-04-21T07-00-00-000Z.json,2026-04-21 07:00:00+00:00,793546,ok,15871,2026-04-21 07:00:00.029000+00:00,2026-04-21 07:59:59.967000+00:00,True,0.0,0.0,5.013,observed
xauusd_ticks_2026-04-21T08-00-00-000Z.json,2026-04-21 08:00:00+00:00,593451,ok,11869,2026-04-21 08:00:00.068000+00:00,2026-04-21 08:59:59.290000+00:00,True,0.0,0.0,5.42,observed
xauusd_ticks_2026-04-21T09-00-00-000Z.json,2026-04-21 09:00:00+00:00,436248,ok,8725,2026-04-21 09:00:00.093000+00:00,2026-04-21 09:59:59.919000+00:00,True,0.0,0.0,9.323,observed
xauusd_ticks_2026-04-21T10-00-00-000Z.json,2026-04-21 10:00:00+00:00,2,empty,0,,,,,,,unknown
xauusd_ticks_2026-04-21T12-00-00-000Z.json,2026-04-21 12:00:00+00:00,801398,ok,16028,2026-04-21 12:00:00.084000+00:00,2026-04-21 12:59:59.914000+00:00,True,0.0,0.0,7.806,observed
xauusd_ticks_2026-04-21T14-00-00-000Z.json,2026-04-21 14:00:00+00:00,1320858,ok,26419,2026-04-21 14:00:00.055000+00:00,2026-04-21 14:59:59.953000+00:00,True,0.0,0.0,2.962,observed
xauusd_ticks_2026-04-21T15-00-00-000Z.json,2026-04-21 15:00:00+00:00,1346898,ok,26938,2026-04-21 15:00:00.104000+00:00,2026-04-21 15:59:59.667000+00:00,True,0.0,0.0,2.36,observed
xauusd_ticks_2026-04-21T17-00-00-000Z.json,2026-04-21 17:00:00+00:00,1320097,ok,26402,2026-04-21 17:00:00.059000+00:00,2026-04-21 17:59:59.688000+00:00,True,0.0,0.0,2.861,observed
xauusd_ticks_2026-04-21T22-00-00-000Z.json,2026-04-21 22:00:00+00:00,382458,ok,7650,2026-04-21 22:00:00.843000+00:00,2026-04-21 22:59:59.624000+00:00,True,0.0,0.0,11.825,observed
xauusd_ticks_2026-04-22T00-00-00-000Z.json,2026-04-22 00:00:00+00:00,491601,ok,9832,2026-04-22 00:00:00.046000+00:00,2026-04-22 00:59:59.800000+00:00,True,0.0,0.0,6.639,observed
xauusd_ticks_2026-04-22T05-00-00-000Z.json,2026-04-22 05:00:00+00:00,603150,ok,12063,2026-04-22 05:00:00.095000+00:00,2026-04-22 05:59:59.209000+00:00,True,0.0,0.0,8.365,observed
xauusd_ticks_2026-04-22T06-00-00-000Z.json,2026-04-22 06:00:00+00:00,2,empty,0,,,,,,,unknown
xauusd_ticks_2026-04-22T07-00-00-000Z.json,2026-04-22 07:00:00+00:00,437951,ok,8759,2026-04-22 07:00:00.090000+00:00,2026-04-22 07:59:58.184000+00:00,True,0.0,0.0,7.7,observed
xauusd_ticks_2026-04-22T08-00-00-000Z.json,2026-04-22 08:00:00+00:00,459647,ok,9193,2026-04-22 08:00:00.093000+00:00,2026-04-22 08:59:59.351000+00:00,True,0.0,0.0,7.176,observed
xauusd_ticks_2026-04-22T12-00-00-000Z.json,2026-04-22 12:00:00+00:00,649596,ok,12992,2026-04-22 12:00:00.072000+00:00,2026-04-22 12:59:58.638000+00:00,True,0.0,0.0,6.649,observed
xauusd_ticks_2026-04-22T13-00-00-000Z.json,2026-04-22 13:00:00+00:00,1207643,ok,24153,2026-04-22 13:00:00.043000+00:00,2026-04-22 13:59:59.911000+00:00,True,0.0,0.0,2.576,observed
xauusd_ticks_2026-04-22T15-00-00-000Z.json,2026-04-22 15:00:00+00:00,1249941,ok,24999,2026-04-22 15:00:00.109000+00:00,2026-04-22 15:59:59.798000+00:00,True,0.0,0.0,2.561,observed
xauusd_ticks_2026-04-22T20-00-00-000Z.json,2026-04-22 20:00:00+00:00,245800,ok,4916,2026-04-22 20:00:00.064000+00:00,2026-04-22 20:59:59.989000+00:00,True,0.0,0.0,19.368,observed
xauusd_ticks_2026-04-23T00-00-00-000Z.json,2026-04-23 00:00:00+00:00,1020390,ok,20408,2026-04-23 00:00:00.058000+00:00,2026-04-23 00:59:59.955000+00:00,True,0.0,0.0,4.809,observed
xauusd_ticks_2026-04-23T05-00-00-000Z.json,2026-04-23 05:00:00+00:00,680100,ok,13602,2026-04-23 05:00:00.137000+00:00,2026-04-23 05:59:59.998000+00:00,True,0.0,0.0,8.004,observed
xauusd_ticks_2026-04-23T06-00-00-000Z.json,2026-04-23 06:00:00+00:00,680799,ok,13616,2026-04-23 06:00:00.099000+00:00,2026-04-23 06:59:59.822000+00:00,True,0.0,0.0,4.927,observed
xauusd_ticks_2026-04-23T08-00-00-000Z.json,2026-04-23 08:00:00+00:00,812049,ok,16241,2026-04-23 08:00:00.094000+00:00,2026-04-23 08:59:59.630000+00:00,True,0.0,0.0,4.42,observed
xauusd_ticks_2026-04-23T12-00-00-000Z.json,2026-04-23 12:00:00+00:00,1296319,ok,25927,2026-04-23 12:00:00.027000+00:00,2026-04-23 12:59:59.969000+00:00,True,0.0,0.0,4.96,observed
xauusd_ticks_2026-04-23T13-00-00-000Z.json,2026-04-23 13:00:00+00:00,1342844,ok,26857,2026-04-23 13:00:00.070000+00:00,2026-04-23 13:59:59.950000+00:00,True,0.0,0.0,4.01,observed
xauusd_ticks_2026-04-23T17-00-00-000Z.json,2026-04-23 17:00:00+00:00,2027533,ok,40551,2026-04-23 17:00:00.085000+00:00,2026-04-23 17:59:59.868000+00:00,True,0.0,0.0,2.958,observed
xauusd_ticks_2026-04-23T18-00-00-000Z.json,2026-04-23 18:00:00+00:00,1448340,ok,28967,2026-04-23 18:00:00.020000+00:00,2026-04-23 18:59:59.983000+00:00,True,0.0,0.0,2.362,observed
xauusd_ticks_2026-04-23T19-00-00-000Z.json,2026-04-23 19:00:00+00:00,1365932,ok,27319,2026-04-23 19:00:00.085000+00:00,2026-04-23 19:59:59.995000+00:00,True,0.0,0.0,5.104,observed
xauusd_ticks_2026-04-23T20-00-00-000Z.json,2026-04-23 20:00:00+00:00,454299,ok,9086,2026-04-23 20:00:00.046000+00:00,2026-04-23 20:59:59.026000+00:00,True,0.0,0.0,9.495,observed
xauusd_ticks_2026-04-23T21-00-00-000Z.json,2026-04-23 21:00:00+00:00,2,empty,0,,,,,,,unknown
xauusd_ticks_2026-04-24T01-00-00-000Z.json,2026-04-24 01:00:00+00:00,936298,ok,18726,2026-04-24 01:00:00.075000+00:00,2026-04-24 01:59:59.805000+00:00,True,0.0,0.0,3.823,observed
xauusd_ticks_2026-04-24T02-00-00-000Z.json,2026-04-24 02:00:00+00:00,827149,ok,16543,2026-04-24 02:00:00.158000+00:00,2026-04-24 02:59:59.976000+00:00,True,0.0,0.0,3.771,observed
xauusd_ticks_2026-04-24T03-00-00-000Z.json,2026-04-24 03:00:00+00:00,630750,ok,12615,2026-04-24 03:00:00.078000+00:00,2026-04-24 03:59:59.399000+00:00,True,0.0,0.0,8.553,observed
xauusd_ticks_2026-04-24T08-00-00-000Z.json,2026-04-24 08:00:00+00:00,793949,ok,15879,2026-04-24 08:00:00.059000+00:00,2026-04-24 08:59:59.559000+00:00,True,0.0,0.0,6.125,observed
xauusd_ticks_2026-04-24T09-00-00-000Z.json,2026-04-24 09:00:00+00:00,768698,ok,15374,2026-04-24 09:00:00.013000+00:00,2026-04-24 09:59:59.997000+00:00,True,0.0,0.0,8.421,observed
xauusd_ticks_2026-04-24T11-00-00-000Z.json,2026-04-24 11:00:00+00:00,1314194,ok,26284,2026-04-24 11:00:00.099000+00:00,2026-04-24 11:59:59.968000+00:00,True,0.0,0.0,4.822,observed
xauusd_ticks_2026-04-24T13-00-00-000Z.json,2026-04-24 13:00:00+00:00,1565249,ok,31305,2026-04-24 13:00:00.090000+00:00,2026-04-24 13:59:59.895000+00:00,True,0.0,0.0,2.262,observed
xauusd_ticks_2026-04-24T14-00-00-000Z.json,2026-04-24 14:00:00+00:00,1797484,ok,35950,2026-04-24 14:00:00.046000+00:00,2026-04-24 14:59:59.788000+00:00,True,0.0,0.0,2.057,observed
xauusd_ticks_2026-04-24T16-00-00-000Z.json,2026-04-24 16:00:00+00:00,1168649,ok,23373,2026-04-24 16:00:00.043000+00:00,2026-04-24 16:59:59.992000+00:00,True,0.0,0.0,4.1,observed
xauusd_ticks_2026-04-24T21-00-00-000Z.json,2026-04-24 21:00:00+00:00,2,empty,0,,,,,,,unknown
xauusd_ticks_2026-04-26T22-00-00-000Z.json,2026-04-26 22:00:00+00:00,531649,ok,10633,2026-04-26 22:00:01.114000+00:00,2026-04-26 22:59:59.959000+00:00,True,0.0,0.0,9.609,observed
xauusd_ticks_2026-04-26T23-00-00-000Z.json,2026-04-26 23:00:00+00:00,364451,ok,7289,2026-04-26 23:00:00.060000+00:00,2026-04-26 23:59:59.998000+00:00,True,0.0,0.0,14.999,observed
xauusd_ticks_2026-04-27T03-00-00-000Z.json,2026-04-27 03:00:00+00:00,452601,ok,9052,2026-04-27 03:00:00.074000+00:00,2026-04-27 03:59:58.862000+00:00,True,0.0,0.0,7.629,observed
xauusd_ticks_2026-04-27T04-00-00-000Z.json,2026-04-27 04:00:00+00:00,291551,ok,5831,2026-04-27 04:00:00.079000+00:00,2026-04-27 04:59:59.761000+00:00,True,0.0,0.0,18.342,observed
xauusd_ticks_2026-04-27T05-00-00-000Z.json,2026-04-27 05:00:00+00:00,495100,ok,9902,2026-04-27 05:00:00.063000+00:00,2026-04-27 05:59:57.535000+00:00,True,0.0,0.0,12.424,observed
xauusd_ticks_2026-04-27T06-00-00-000Z.json,2026-04-27 06:00:00+00:00,542651,ok,10853,2026-04-27 06:00:00.098000+00:00,2026-04-27 06:59:58.878000+00:00,True,0.0,0.0,6.158,observed
xauusd_ticks_2026-04-27T07-00-00-000Z.json,2026-04-27 07:00:00+00:00,723550,ok,14471,2026-04-27 07:00:00.135000+00:00,2026-04-27 07:59:59.927000+00:00,True,0.0,0.0,5.759,observed
xauusd_ticks_2026-04-27T08-00-00-000Z.json,2026-04-27 08:00:00+00:00,644497,ok,12890,2026-04-27 08:00:00.129000+00:00,2026-04-27 08:59:59.971000+00:00,True,0.0,0.0,5.048,observed
xauusd_ticks_2026-04-27T09-00-00-000Z.json,2026-04-27 09:00:00+00:00,474580,ok,9492,2026-04-27 09:00:00.172000+00:00,2026-04-27 09:59:59.397000+00:00,True,0.0,0.0,8.312,observed
xauusd_ticks_2026-04-27T10-00-00-000Z.json,2026-04-27 10:00:00+00:00,409347,ok,8187,2026-04-27 10:00:00.100000+00:00,2026-04-27 10:59:59.675000+00:00,True,0.0,0.0,10.748,observed
xauusd_ticks_2026-04-27T11-00-00-000Z.json,2026-04-27 11:00:00+00:00,497249,ok,9945,2026-04-27 11:00:00.078000+00:00,2026-04-27 11:59:59.667000+00:00,True,0.0,0.0,12.567,observed
xauusd_ticks_2026-04-27T12-00-00-000Z.json,2026-04-27 12:00:00+00:00,922436,ok,18449,2026-04-27 12:00:00.023000+00:00,2026-04-27 12:59:59.624000+00:00,True,0.0,0.0,5.086,observed
xauusd_ticks_2026-04-27T16-00-00-000Z.json,2026-04-27 16:00:00+00:00,814347,ok,16287,2026-04-27 16:00:00+00:00,2026-04-27 16:59:58.335000+00:00,True,0.0,0.0,7.915,observed
xauusd_ticks_2026-04-27T17-00-00-000Z.json,2026-04-27 17:00:00+00:00,925346,ok,18507,2026-04-27 17:00:00.042000+00:00,2026-04-27 17:59:59.851000+00:00,True,0.0,0.0,5.024,observed
xauusd_ticks_2026-04-28T01-00-00-000Z.json,2026-04-28 01:00:00+00:00,719200,ok,14384,2026-04-28 01:00:00.059000+00:00,2026-04-28 01:59:59.911000+00:00,True,0.0,0.0,7.105,observed
xauusd_ticks_2026-04-28T06-00-00-000Z.json,2026-04-28 06:00:00+00:00,894743,ok,17895,2026-04-28 06:00:00.090000+00:00,2026-04-28 06:59:59.997000+00:00,True,0.0,0.0,3.373,observed
xauusd_ticks_2026-04-28T07-00-00-000Z.json,2026-04-28 07:00:00+00:00,957151,ok,19143,2026-04-28 07:00:00.099000+00:00,2026-04-28 07:59:59.909000+00:00,True,0.0,0.0,3.922,observed
xauusd_ticks_2026-04-28T09-00-00-000Z.json,2026-04-28 09:00:00+00:00,887645,ok,17753,2026-04-28 09:00:00.066000+00:00,2026-04-28 09:59:59.941000+00:00,True,0.0,0.0,4.651,observed
xauusd_ticks_2026-04-28T11-00-00-000Z.json,2026-04-28 11:00:00+00:00,1359584,ok,27192,2026-04-28 11:00:00.004000+00:00,2026-04-28 11:59:59.997000+00:00,True,0.0,0.0,3.412,observed
xauusd_ticks_2026-04-28T14-00-00-000Z.json,2026-04-28 14:00:00+00:00,1999844,ok,39997,2026-04-28 14:00:00.079000+00:00,2026-04-28 14:59:59.927000+00:00,True,0.0,0.0,1.107,observed
xauusd_ticks_2026-04-28T16-00-00-000Z.json,2026-04-28 16:00:00+00:00,1205290,ok,24106,2026-04-28 16:00:00.032000+00:00,2026-04-28 16:59:59.994000+00:00,True,0.0,0.0,4.518,observed
xauusd_ticks_2026-04-28T17-00-00-000Z.json,2026-04-28 17:00:00+00:00,1060100,ok,21202,2026-04-28 17:00:00.045000+00:00,2026-04-28 17:59:59.433000+00:00,True,0.0,0.0,3.593,observed
xauusd_ticks_2026-04-28T19-00-00-000Z.json,2026-04-28 19:00:00+00:00,854601,ok,17092,2026-04-28 19:00:00.043000+00:00,2026-04-28 19:59:59.971000+00:00,True,0.0,0.0,4.542,observed
xauusd_ticks_2026-04-29T00-00-00-000Z.json,2026-04-29 00:00:00+00:00,601850,ok,12037,2026-04-29 00:00:00.087000+00:00,2026-04-29 00:59:59.932000+00:00,True,0.0,0.0,8.053,observed
xauusd_ticks_2026-04-29T01-00-00-000Z.json,2026-04-29 01:00:00+00:00,1007399,ok,20148,2026-04-29 01:00:00.034000+00:00,2026-04-29 01:59:59.168000+00:00,True,0.0,0.0,3.601,observed
xauusd_ticks_2026-04-29T05-00-00-000Z.json,2026-04-29 05:00:00+00:00,574701,ok,11494,2026-04-29 05:00:00.073000+00:00,2026-04-29 05:59:59.769000+00:00,True,0.0,0.0,10.489,observed
xauusd_ticks_2026-04-29T06-00-00-000Z.json,2026-04-29 06:00:00+00:00,718448,ok,14369,2026-04-29 06:00:00.020000+00:00,2026-04-29 06:59:59.765000+00:00,True,0.0,0.0,6.125,observed
xauusd_ticks_2026-04-29T07-00-00-000Z.json,2026-04-29 07:00:00+00:00,1027346,ok,20547,2026-04-29 07:00:00.067000+00:00,2026-04-29 07:59:59.762000+00:00,True,0.0,0.0,5.986,observed
xauusd_ticks_2026-04-29T09-00-00-000Z.json,2026-04-29 09:00:00+00:00,983150,ok,19663,2026-04-29 09:00:00.123000+00:00,2026-04-29 09:59:59.951000+00:00,True,0.0,0.0,3.465,observed
xauusd_ticks_2026-04-29T10-00-00-000Z.json,2026-04-29 10:00:00+00:00,788681,ok,15774,2026-04-29 10:00:00.053000+00:00,2026-04-29 10:59:59.957000+00:00,True,0.0,0.0,4.814,observed
xauusd_ticks_2026-04-29T11-00-00-000Z.json,2026-04-29 11:00:00+00:00,869850,ok,17397,2026-04-29 11:00:00.008000+00:00,2026-04-29 11:59:59.964000+00:00,True,0.0,0.0,4.672,observed
xauusd_ticks_2026-04-29T13-00-00-000Z.json,2026-04-29 13:00:00+00:00,1625238,ok,32505,2026-04-29 13:00:00.049000+00:00,2026-04-29 13:59:59.984000+00:00,True,0.0,0.0,2.057,observed
xauusd_ticks_2026-04-29T14-00-00-000Z.json,2026-04-29 14:00:00+00:00,1590199,ok,31804,2026-04-29 14:00:00.103000+00:00,2026-04-29 14:59:59.815000+00:00,True,0.0,0.0,1.765,observed
xauusd_ticks_2026-04-29T18-00-00-000Z.json,2026-04-29 18:00:00+00:00,1573556,ok,31472,2026-04-29 18:00:00.099000+00:00,2026-04-29 18:59:59.874000+00:00,True,0.0,0.0,2.064,observed
xauusd_ticks_2026-04-30T05-00-00-000Z.json,2026-04-30 05:00:00+00:00,855197,ok,17104,2026-04-30 05:00:00.015000+00:00,2026-04-30 05:59:59.862000+00:00,True,0.0,0.0,6.739,observed
xauusd_ticks_2026-04-30T06-00-00-000Z.json,2026-04-30 06:00:00+00:00,879298,ok,17586,2026-04-30 06:00:00.016000+00:00,2026-04-30 06:59:59.985000+00:00,True,0.0,0.0,3.447,observed
xauusd_ticks_2026-04-30T10-00-00-000Z.json,2026-04-30 10:00:00+00:00,1125848,ok,22517,2026-04-30 10:00:00.099000+00:00,2026-04-30 10:59:59.350000+00:00,True,0.0,0.0,4.732,observed
xauusd_ticks_2026-04-30T11-00-00-000Z.json,2026-04-30 11:00:00+00:00,1245391,ok,24908,2026-04-30 11:00:00.054000+00:00,2026-04-30 11:59:59.515000+00:00,True,0.0,0.0,4.391,observed
xauusd_ticks_2026-04-30T12-00-00-000Z.json,2026-04-30 12:00:00+00:00,1151289,ok,23026,2026-04-30 12:00:00.052000+00:00,2026-04-30 12:59:59.704000+00:00,True,0.0,0.0,7.637,observed
xauusd_ticks_2026-04-30T13-00-00-000Z.json,2026-04-30 13:00:00+00:00,1624950,ok,32499,2026-04-30 13:00:00.056000+00:00,2026-04-30 13:59:59.965000+00:00,True,0.0,0.0,2.43,observed
xauusd_ticks_2026-04-30T14-00-00-000Z.json,2026-04-30 14:00:00+00:00,1917197,ok,38344,2026-04-30 14:00:00.016000+00:00,2026-04-30 14:59:59.995000+00:00,True,0.0,0.0,2.022,observed
xauusd_ticks_2026-04-30T18-00-00-000Z.json,2026-04-30 18:00:00+00:00,936149,ok,18723,2026-04-30 18:00:00.066000+00:00,2026-04-30 18:59:59.545000+00:00,True,0.0,0.0,6.861,observed
xauusd_ticks_2026-04-30T19-00-00-000Z.json,2026-04-30 19:00:00+00:00,887800,ok,17756,2026-04-30 19:00:00.050000+00:00,2026-04-30 19:59:59.867000+00:00,True,0.0,0.0,7.821,observed
xauusd_ticks_2026-05-01T01-00-00-000Z.json,2026-05-01 01:00:00+00:00,393101,ok,7862,2026-05-01 01:00:00.068000+00:00,2026-05-01 01:59:59.847000+00:00,True,0.0,0.0,8.193,observed
xauusd_ticks_2026-05-01T02-00-00-000Z.json,2026-05-01 02:00:00+00:00,392251,ok,7845,2026-05-01 02:00:00.049000+00:00,2026-05-01 02:59:53.683000+00:00,True,0.0,0.0,9.785,observed
xauusd_ticks_2026-05-01T06-00-00-000Z.json,2026-05-01 06:00:00+00:00,545950,ok,10919,2026-05-01 06:00:00.041000+00:00,2026-05-01 06:59:59.929000+00:00,True,0.0,0.0,8.804,observed
xauusd_ticks_2026-05-01T07-00-00-000Z.json,2026-05-01 07:00:00+00:00,633147,ok,12663,2026-05-01 07:00:00.030000+00:00,2026-05-01 07:59:59.892000+00:00,True,0.0,0.0,9.667,observed
xauusd_ticks_2026-05-01T08-00-00-000Z.json,2026-05-01 08:00:00+00:00,600100,ok,12002,2026-05-01 08:00:00.046000+00:00,2026-05-01 08:59:59.976000+00:00,True,0.0,0.0,7.235,observed
xauusd_ticks_2026-05-01T09-00-00-000Z.json,2026-05-01 09:00:00+00:00,466201,ok,9324,2026-05-01 09:00:00.027000+00:00,2026-05-01 09:59:59.136000+00:00,True,0.0,0.0,12.01,observed
xauusd_ticks_2026-05-01T10-00-00-000Z.json,2026-05-01 10:00:00+00:00,435401,ok,8708,2026-05-01 10:00:00.091000+00:00,2026-05-01 10:59:59.741000+00:00,True,0.0,0.0,12.794,observed
xauusd_ticks_2026-05-01T14-00-00-000Z.json,2026-05-01 14:00:00+00:00,1752741,ok,35055,2026-05-01 14:00:00.060000+00:00,2026-05-01 14:59:59.861000+00:00,True,0.0,0.0,2.356,observed
xauusd_ticks_2026-05-01T15-00-00-000Z.json,2026-05-01 15:00:00+00:00,1360145,ok,27203,2026-05-01 15:00:00.063000+00:00,2026-05-01 15:59:59.989000+00:00,True,0.0,0.0,3.646,observed
xauusd_ticks_2026-05-04T00-00-00-000Z.json,2026-05-04 00:00:00+00:00,577251,ok,11545,2026-05-04 00:00:00.120000+00:00,2026-05-04 00:59:59.799000+00:00,True,0.0,0.0,7.05,observed
xauusd_ticks_2026-05-04T05-00-00-000Z.json,2026-05-04 05:00:00+00:00,603100,ok,12062,2026-05-04 05:00:00.222000+00:00,2026-05-04 05:59:59.129000+00:00,True,0.0,0.0,7.398,observed
xauusd_ticks_2026-05-04T06-00-00-000Z.json,2026-05-04 06:00:00+00:00,639948,ok,12799,2026-05-04 06:00:00.036000+00:00,2026-05-04 06:59:59.984000+00:00,True,0.0,0.0,5.78,observed
xauusd_ticks_2026-05-04T08-00-00-000Z.json,2026-05-04 08:00:00+00:00,715498,ok,14310,2026-05-04 08:00:00.090000+00:00,2026-05-04 08:59:58.626000+00:00,True,0.0,0.0,5.801,observed
xauusd_ticks_2026-05-04T10-00-00-000Z.json,2026-05-04 10:00:00+00:00,1465791,ok,29316,2026-05-04 10:00:00.263000+00:00,2026-05-04 10:59:59.822000+00:00,True,0.0,0.0,3.811,observed
xauusd_ticks_2026-05-04T11-00-00-000Z.json,2026-05-04 11:00:00+00:00,906247,ok,18125,2026-05-04 11:00:00.074000+00:00,2026-05-04 11:59:59.998000+00:00,True,0.0,0.0,5.623,observed
xauusd_ticks_2026-05-04T12-00-00-000Z.json,2026-05-04 12:00:00+00:00,1048150,ok,20963,2026-05-04 12:00:00.099000+00:00,2026-05-04 12:59:59.983000+00:00,True,0.0,0.0,4.469,observed
xauusd_ticks_2026-05-04T13-00-00-000Z.json,2026-05-04 13:00:00+00:00,1429095,ok,28582,2026-05-04 13:00:00.034000+00:00,2026-05-04 13:59:59.885000+00:00,True,0.0,0.0,3.974,observed
xauusd_ticks_2026-05-04T17-00-00-000Z.json,2026-05-04 17:00:00+00:00,1247295,ok,24946,2026-05-04 17:00:00.080000+00:00,2026-05-04 17:59:59.800000+00:00,True,0.0,0.0,4.014,observed
xauusd_ticks_2026-05-04T18-00-00-000Z.json,2026-05-04 18:00:00+00:00,980047,ok,19601,2026-05-04 18:00:00.052000+00:00,2026-05-04 18:59:59.623000+00:00,True,0.0,0.0,4.468,observed
xauusd_ticks_2026-05-04T20-00-00-000Z.json,2026-05-04 20:00:00+00:00,212301,ok,4246,2026-05-04 20:00:00.050000+00:00,2026-05-04 20:59:58.520000+00:00,True,0.0,0.0,27.465,observed
xauusd_ticks_2026-05-04T22-00-00-000Z.json,2026-05-04 22:00:00+00:00,206150,ok,4123,2026-05-04 22:00:00.623000+00:00,2026-05-04 22:59:59.240000+00:00,True,0.0,0.0,35.386,observed
xauusd_ticks_2026-05-05T01-00-00-000Z.json,2026-05-05 01:00:00+00:00,542100,ok,10842,2026-05-05 01:00:00.030000+00:00,2026-05-05 01:59:59.349000+00:00,True,0.0,0.0,10.505,observed
xauusd_ticks_2026-05-05T03-00-00-000Z.json,2026-05-05 03:00:00+00:00,295251,ok,5905,2026-05-05 03:00:00.101000+00:00,2026-05-05 03:59:59.255000+00:00,True,0.0,0.0,19.895,observed
xauusd_ticks_2026-05-05T04-00-00-000Z.json,2026-05-05 04:00:00+00:00,303500,ok,6070,2026-05-05 04:00:00.059000+00:00,2026-05-05 04:59:58.339000+00:00,True,0.0,0.0,17.453,observed
xauusd_ticks_2026-05-05T05-00-00-000Z.json,2026-05-05 05:00:00+00:00,525099,ok,10502,2026-05-05 05:00:00.099000+00:00,2026-05-05 05:59:59.722000+00:00,True,0.0,0.0,10.904,observed
xauusd_ticks_2026-05-05T06-00-00-000Z.json,2026-05-05 06:00:00+00:00,555296,ok,11106,2026-05-05 06:00:00.074000+00:00,2026-05-05 06:59:59.753000+00:00,True,0.0,0.0,8.872,observed
xauusd_ticks_2026-05-05T10-00-00-000Z.json,2026-05-05 10:00:00+00:00,625847,ok,12517,2026-05-05 10:00:00.032000+00:00,2026-05-05 10:59:59.811000+00:00,True,0.0,0.0,5.856,observed
xauusd_ticks_2026-05-05T11-00-00-000Z.json,2026-05-05 11:00:00+00:00,720544,ok,14411,2026-05-05 11:00:00.038000+00:00,2026-05-05 11:59:59.951000+00:00,True,0.0,0.0,6.104,observed
xauusd_ticks_2026-05-05T13-00-00-000Z.json,2026-05-05 13:00:00+00:00,1208850,ok,24177,2026-05-05 13:00:00.046000+00:00,2026-05-05 13:59:59.836000+00:00,True,0.0,0.0,3.972,observed
xauusd_ticks_2026-05-05T18-00-00-000Z.json,2026-05-05 18:00:00+00:00,534848,ok,10697,2026-05-05 18:00:00.058000+00:00,2026-05-05 18:59:59.971000+00:00,True,0.0,0.0,7.653,observed
xauusd_ticks_2026-05-06T00-00-00-000Z.json,2026-05-06 00:00:00+00:00,766348,ok,15327,2026-05-06 00:00:00.039000+00:00,2026-05-06 00:59:59.819000+00:00,True,0.0,0.0,5.167,observed
xauusd_ticks_2026-05-06T04-00-00-000Z.json,2026-05-06 04:00:00+00:00,530649,ok,10613,2026-05-06 04:00:00.150000+00:00,2026-05-06 04:59:59.798000+00:00,True,0.0,0.0,10.456,observed
xauusd_ticks_2026-05-06T05-00-00-000Z.json,2026-05-06 05:00:00+00:00,575498,ok,11510,2026-05-06 05:00:00.100000+00:00,2026-05-06 05:59:59.984000+00:00,True,0.0,0.0,10.12,observed
xauusd_ticks_2026-05-06T06-00-00-000Z.json,2026-05-06 06:00:00+00:00,632596,ok,12652,2026-05-06 06:00:00.088000+00:00,2026-05-06 06:59:59.882000+00:00,True,0.0,0.0,8.516,observed
xauusd_ticks_2026-05-06T08-00-00-000Z.json,2026-05-06 08:00:00+00:00,868540,ok,17371,2026-05-06 08:00:00.023000+00:00,2026-05-06 08:59:59.932000+00:00,True,0.0,0.0,5.903,observed
xauusd_ticks_2026-05-06T09-00-00-000Z.json,2026-05-06 09:00:00+00:00,1167490,ok,23350,2026-05-06 09:00:00.033000+00:00,2026-05-06 09:59:59.823000+00:00,True,0.0,0.0,3.614,observed
xauusd_ticks_2026-05-06T10-00-00-000Z.json,2026-05-06 10:00:00+00:00,1037976,ok,20760,2026-05-06 10:00:00.024000+00:00,2026-05-06 10:59:59.959000+00:00,True,0.0,0.0,3.372,observed
xauusd_ticks_2026-05-06T12-00-00-000Z.json,2026-05-06 12:00:00+00:00,1424631,ok,28493,2026-05-06 12:00:00.093000+00:00,2026-05-06 12:59:59.999000+00:00,True,0.0,0.0,2.109,observed
xauusd_ticks_2026-05-06T13-00-00-000Z.json,2026-05-06 13:00:00+00:00,1695896,ok,33918,2026-05-06 13:00:00.050000+00:00,2026-05-06 13:59:59.931000+00:00,True,0.0,0.0,2.641,observed
xauusd_ticks_2026-05-06T17-00-00-000Z.json,2026-05-06 17:00:00+00:00,1116541,ok,22331,2026-05-06 17:00:00.080000+00:00,2026-05-06 17:59:59.328000+00:00,True,0.0,0.0,4.448,observed
xauusd_ticks_2026-05-06T23-00-00-000Z.json,2026-05-06 23:00:00+00:00,273051,ok,5461,2026-05-06 23:00:00.128000+00:00,2026-05-06 23:59:59.178000+00:00,True,0.0,0.0,22.054,observed
xauusd_ticks_2026-05-07T00-00-00-000Z.json,2026-05-07 00:00:00+00:00,748350,ok,14967,2026-05-07 00:00:00.086000+00:00,2026-05-07 00:59:58.029000+00:00,True,0.0,0.0,7.334,observed
xauusd_ticks_2026-05-07T04-00-00-000Z.json,2026-05-07 04:00:00+00:00,432688,ok,8654,2026-05-07 04:00:00.073000+00:00,2026-05-07 04:59:58.617000+00:00,True,0.0,0.0,14.733,observed
xauusd_ticks_2026-05-07T05-00-00-000Z.json,2026-05-07 05:00:00+00:00,558551,ok,11171,2026-05-07 05:00:00.071000+00:00,2026-05-07 05:59:59.829000+00:00,True,0.0,0.0,8.758,observed
xauusd_ticks_2026-05-07T06-00-00-000Z.json,2026-05-07 06:00:00+00:00,808546,ok,16171,2026-05-07 06:00:00.030000+00:00,2026-05-07 06:59:59.899000+00:00,True,0.0,0.0,5.269,observed
xauusd_ticks_2026-05-07T07-00-00-000Z.json,2026-05-07 07:00:00+00:00,1358894,ok,27178,2026-05-07 07:00:00.101000+00:00,2026-05-07 07:59:59.424000+00:00,True,0.0,0.0,4.606,observed
xauusd_ticks_2026-05-07T08-00-00-000Z.json,2026-05-07 08:00:00+00:00,1108496,ok,22170,2026-05-07 08:00:00.027000+00:00,2026-05-07 08:59:59.740000+00:00,True,0.0,0.0,4.107,observed
xauusd_ticks_2026-05-07T11-00-00-000Z.json,2026-05-07 11:00:00+00:00,1054599,ok,21092,2026-05-07 11:00:00.065000+00:00,2026-05-07 11:59:59.662000+00:00,True,0.0,0.0,5.199,observed
xauusd_ticks_2026-05-07T12-00-00-000Z.json,2026-05-07 12:00:00+00:00,1386846,ok,27737,2026-05-07 12:00:00.064000+00:00,2026-05-07 12:59:59.891000+00:00,True,0.0,0.0,4.298,observed
xauusd_ticks_2026-05-07T13-00-00-000Z.json,2026-05-07 13:00:00+00:00,1696245,ok,33925,2026-05-07 13:00:00.092000+00:00,2026-05-07 13:59:59.959000+00:00,True,0.0,0.0,3.211,observed
xauusd_ticks_2026-05-07T16-00-00-000Z.json,2026-05-07 16:00:00+00:00,1789027,ok,35781,2026-05-07 16:00:00.057000+00:00,2026-05-07 16:59:59.917000+00:00,True,0.0,0.0,1.859,observed
xauusd_ticks_2026-05-07T17-00-00-000Z.json,2026-05-07 17:00:00+00:00,1791442,ok,35829,2026-05-07 17:00:00.068000+00:00,2026-05-07 17:59:59.965000+00:00,True,0.0,0.0,3.064,observed
xauusd_ticks_2026-05-07T19-00-00-000Z.json,2026-05-07 19:00:00+00:00,1487046,ok,29741,2026-05-07 19:00:00.074000+00:00,2026-05-07 19:59:59.917000+00:00,True,0.0,0.0,3.899,observed
xauusd_ticks_2026-05-08T00-00-00-000Z.json,2026-05-08 00:00:00+00:00,607796,ok,12156,2026-05-08 00:00:00.089000+00:00,2026-05-08 00:59:56.437000+00:00,True,0.0,0.0,5.753,observed
xauusd_ticks_2026-05-08T01-00-00-000Z.json,2026-05-08 01:00:00+00:00,780846,ok,15617,2026-05-08 01:00:00.061000+00:00,2026-05-08 01:59:59.964000+00:00,True,0.0,0.0,4.232,observed
xauusd_ticks_2026-05-08T06-00-00-000Z.json,2026-05-08 06:00:00+00:00,782748,ok,15655,2026-05-08 06:00:00.056000+00:00,2026-05-08 06:59:59.248000+00:00,True,0.0,0.0,5.654,observed
xauusd_ticks_2026-05-08T07-00-00-000Z.json,2026-05-08 07:00:00+00:00,1100443,ok,22009,2026-05-08 07:00:00.104000+00:00,2026-05-08 07:59:59.213000+00:00,True,0.0,0.0,3.464,observed
xauusd_ticks_2026-05-08T09-00-00-000Z.json,2026-05-08 09:00:00+00:00,779999,ok,15600,2026-05-08 09:00:00.040000+00:00,2026-05-08 09:59:59.152000+00:00,True,0.0,0.0,5.26,observed
xauusd_ticks_2026-05-08T14-00-00-000Z.json,2026-05-08 14:00:00+00:00,1629828,ok,32597,2026-05-08 14:00:00.075000+00:00,2026-05-08 14:59:59.982000+00:00,True,0.0,0.0,1.848,observed
xauusd_ticks_2026-05-10T23-00-00-000Z.json,2026-05-10 23:00:00+00:00,349751,ok,6995,2026-05-10 23:00:00.058000+00:00,2026-05-10 23:59:59.878000+00:00,True,0.0,0.0,11.95,observed
xauusd_ticks_2026-05-11T04-00-00-000Z.json,2026-05-11 04:00:00+00:00,510449,ok,10209,2026-05-11 04:00:00.082000+00:00,2026-05-11 04:59:59.751000+00:00,True,0.0,0.0,11.142,observed
xauusd_ticks_2026-05-11T05-00-00-000Z.json,2026-05-11 05:00:00+00:00,814044,ok,16281,2026-05-11 05:00:00.204000+00:00,2026-05-11 05:59:59.631000+00:00,True,0.0,0.0,7.022,observed
xauusd_ticks_2026-05-11T07-00-00-000Z.json,2026-05-11 07:00:00+00:00,766192,ok,15324,2026-05-11 07:00:00.068000+00:00,2026-05-11 07:59:59.663000+00:00,True,0.0,0.0,5.928,observed
xauusd_ticks_2026-05-11T12-00-00-000Z.json,2026-05-11 12:00:00+00:00,1290724,ok,25815,2026-05-11 12:00:00.091000+00:00,2026-05-11 12:59:59.816000+00:00,True,0.0,0.0,4.068,observed
xauusd_ticks_2026-05-11T13-00-00-000Z.json,2026-05-11 13:00:00+00:00,1735863,ok,34718,2026-05-11 13:00:00.067000+00:00,2026-05-11 13:59:59.728000+00:00,True,0.0,0.0,1.758,observed
xauusd_ticks_2026-05-11T15-00-00-000Z.json,2026-05-11 15:00:00+00:00,1094091,ok,21882,2026-05-11 15:00:00.014000+00:00,2026-05-11 15:59:59.269000+00:00,True,0.0,0.0,4.367,observed
xauusd_ticks_2026-05-11T20-00-00-000Z.json,2026-05-11 20:00:00+00:00,270599,ok,5412,2026-05-11 20:00:00.035000+00:00,2026-05-11 20:59:59.804000+00:00,True,0.0,0.0,30.999,observed
xauusd_ticks_2026-05-11T21-00-00-000Z.json,2026-05-11 21:00:00+00:00,2,empty,0,,,,,,,unknown
xauusd_ticks_2026-05-11T22-00-00-000Z.json,2026-05-11 22:00:00+00:00,285343,ok,5707,2026-05-11 22:00:00.791000+00:00,2026-05-11 22:59:57.834000+00:00,True,0.0,0.0,22.275,observed
xauusd_ticks_2026-05-12T02-00-00-000Z.json,2026-05-12 02:00:00+00:00,817100,ok,16342,2026-05-12 02:00:00.200000+00:00,2026-05-12 02:59:59.922000+00:00,True,0.0,0.0,7.984,observed
xauusd_ticks_2026-05-12T03-00-00-000Z.json,2026-05-12 03:00:00+00:00,524442,ok,10489,2026-05-12 03:00:00.124000+00:00,2026-05-12 03:59:59.242000+00:00,True,0.0,0.0,8.132,observed
xauusd_ticks_2026-05-12T04-00-00-000Z.json,2026-05-12 04:00:00+00:00,454745,ok,9095,2026-05-12 04:00:00.748000+00:00,2026-05-12 04:59:59.716000+00:00,True,0.0,0.0,7.651,observed
xauusd_ticks_2026-05-12T05-00-00-000Z.json,2026-05-12 05:00:00+00:00,767985,ok,15360,2026-05-12 05:00:00.070000+00:00,2026-05-12 05:59:59.636000+00:00,True,0.0,0.0,4.788,observed
xauusd_ticks_2026-05-12T06-00-00-000Z.json,2026-05-12 06:00:00+00:00,857532,ok,17151,2026-05-12 06:00:00.038000+00:00,2026-05-12 06:59:59.974000+00:00,True,0.0,0.0,4.833,observed
xauusd_ticks_2026-05-12T10-00-00-000Z.json,2026-05-12 10:00:00+00:00,805983,ok,16120,2026-05-12 10:00:00.088000+00:00,2026-05-12 10:59:59.860000+00:00,True,0.0,0.0,5.93,observed
xauusd_ticks_2026-05-12T11-00-00-000Z.json,2026-05-12 11:00:00+00:00,973789,ok,19476,2026-05-12 11:00:00.062000+00:00,2026-05-12 11:59:59.936000+00:00,True,0.0,0.0,4.264,observed
xauusd_ticks_2026-05-12T12-00-00-000Z.json,2026-05-12 12:00:00+00:00,1259645,ok,25194,2026-05-12 12:00:00.087000+00:00,2026-05-12 12:59:59.962000+00:00,True,0.0,0.0,5.734,observed
xauusd_ticks_2026-05-12T13-00-00-000Z.json,2026-05-12 13:00:00+00:00,1806241,ok,36127,2026-05-12 13:00:00.063000+00:00,2026-05-12 13:59:59.987000+00:00,True,0.0,0.0,1.554,observed
xauusd_ticks_2026-05-12T14-00-00-000Z.json,2026-05-12 14:00:00+00:00,1713006,ok,34262,2026-05-12 14:00:00.089000+00:00,2026-05-12 14:59:59.935000+00:00,True,0.0,0.0,1.361,observed
xauusd_ticks_2026-05-12T18-00-00-000Z.json,2026-05-12 18:00:00+00:00,1044635,ok,20893,2026-05-12 18:00:00.103000+00:00,2026-05-12 18:59:59.751000+00:00,True,0.0,0.0,7.647,observed
xauusd_ticks_2026-05-12T19-00-00-000Z.json,2026-05-12 19:00:00+00:00,731833,ok,14637,2026-05-12 19:00:00.104000+00:00,2026-05-12 19:55:47.582000+00:00,True,0.0,0.0,6.525,observed
xauusd_ticks_2026-05-13T00-00-00-000Z.json,2026-05-13 00:00:00+00:00,666092,ok,13322,2026-05-13 00:00:00.078000+00:00,2026-05-13 00:59:59.570000+00:00,True,0.0,0.0,10.04,observed
xauusd_ticks_2026-05-13T05-00-00-000Z.json,2026-05-13 05:00:00+00:00,813631,ok,16273,2026-05-13 05:00:00.049000+00:00,2026-05-13 05:59:59.948000+00:00,True,0.0,0.0,5.018,observed
xauusd_ticks_2026-05-13T06-00-00-000Z.json,2026-05-13 06:00:00+00:00,659993,ok,13200,2026-05-13 06:00:00.050000+00:00,2026-05-13 06:59:59.993000+00:00,True,0.0,0.0,9.295,observed
xauusd_ticks_2026-05-13T08-00-00-000Z.json,2026-05-13 08:00:00+00:00,2,empty,0,,,,,,,unknown
xauusd_ticks_2026-05-13T10-00-00-000Z.json,2026-05-13 10:00:00+00:00,697690,ok,13954,2026-05-13 10:00:00.209000+00:00,2026-05-13 10:59:59.852000+00:00,True,0.0,0.0,6.206,observed
xauusd_ticks_2026-05-13T11-00-00-000Z.json,2026-05-13 11:00:00+00:00,734348,ok,14687,2026-05-13 11:00:00.105000+00:00,2026-05-13 11:59:59.953000+00:00,True,0.0,0.0,7.129,observed
xauusd_ticks_2026-05-13T13-00-00-000Z.json,2026-05-13 13:00:00+00:00,1476770,ok,29536,2026-05-13 13:00:00.071000+00:00,2026-05-13 13:59:59.984000+00:00,True,0.0,0.0,3.162,observed
xauusd_ticks_2026-05-13T14-00-00-000Z.json,2026-05-13 14:00:00+00:00,1459426,ok,29189,2026-05-13 14:00:00.085000+00:00,2026-05-13 14:59:59.786000+00:00,True,0.0,0.0,132.993,observed
xauusd_ticks_2026-05-13T16-00-00-000Z.json,2026-05-13 16:00:00+00:00,1047148,ok,20943,2026-05-13 16:00:00.031000+00:00,2026-05-13 16:59:59.940000+00:00,True,0.0,0.0,5.025,observed
xauusd_ticks_2026-05-13T18-00-00-000Z.json,2026-05-13 18:00:00+00:00,797950,ok,15959,2026-05-13 18:00:00.003000+00:00,2026-05-13 18:59:56.516000+00:00,True,0.0,0.0,11.056,observed
xauusd_ticks_2026-05-13T21-00-00-000Z.json,2026-05-13 21:00:00+00:00,2,empty,0,,,,,,,unknown
xauusd_ticks_2026-05-13T23-00-00-000Z.json,2026-05-13 23:00:00+00:00,225701,ok,4514,2026-05-13 23:00:00.031000+00:00,2026-05-13 23:59:59.617000+00:00,True,0.0,0.0,21.764,observed
xauusd_ticks_2026-05-14T04-00-00-000Z.json,2026-05-14 04:00:00+00:00,726550,ok,14531,2026-05-14 04:00:00.086000+00:00,2026-05-14 04:59:59.890000+00:00,True,0.0,0.0,10.79,observed
xauusd_ticks_2026-05-14T05-00-00-000Z.json,2026-05-14 05:00:00+00:00,865446,ok,17309,2026-05-14 05:00:00.041000+00:00,2026-05-14 05:59:59.577000+00:00,True,0.0,0.0,5.669,observed
xauusd_ticks_2026-05-14T06-00-00-000Z.json,2026-05-14 06:00:00+00:00,947997,ok,18960,2026-05-14 06:00:00.080000+00:00,2026-05-14 06:59:59.887000+00:00,True,0.0,0.0,5.879,observed
xauusd_ticks_2026-05-14T07-00-00-000Z.json,2026-05-14 07:00:00+00:00,910698,ok,18214,2026-05-14 07:00:00.089000+00:00,2026-05-14 07:59:59.986000+00:00,True,0.0,0.0,8.278,observed
xauusd_ticks_2026-05-14T11-00-00-000Z.json,2026-05-14 11:00:00+00:00,686500,ok,13730,2026-05-14 11:00:00.036000+00:00,2026-05-14 11:59:59.976000+00:00,True,0.0,0.0,12.261,observed
xauusd_ticks_2026-05-14T12-00-00-000Z.json,2026-05-14 12:00:00+00:00,1010723,ok,20215,2026-05-14 12:00:00.077000+00:00,2026-05-14 12:59:59.852000+00:00,True,0.0,0.0,6.232,observed
xauusd_ticks_2026-05-14T14-00-00-000Z.json,2026-05-14 14:00:00+00:00,1539289,ok,30786,2026-05-14 14:00:00.028000+00:00,2026-05-14 14:59:59.983000+00:00,True,0.0,0.0,2.176,observed
xauusd_ticks_2026-05-14T19-00-00-000Z.json,2026-05-14 19:00:00+00:00,860997,ok,17220,2026-05-14 19:00:00.090000+00:00,2026-05-14 19:59:59.924000+00:00,True,0.0,0.0,10.259,observed
xauusd_ticks_2026-05-14T22-00-00-000Z.json,2026-05-14 22:00:00+00:00,385793,ok,7716,2026-05-14 22:00:06.440000+00:00,2026-05-14 22:59:57.912000+00:00,True,0.0,0.0,13.659,observed
xauusd_ticks_2026-05-15T03-00-00-000Z.json,2026-05-15 03:00:00+00:00,2,empty,0,,,,,,,unknown
xauusd_ticks_2026-05-15T04-00-00-000Z.json,2026-05-15 04:00:00+00:00,796831,ok,15937,2026-05-15 04:00:00.205000+00:00,2026-05-15 04:59:59.918000+00:00,True,0.0,0.0,7.003,observed
xauusd_ticks_2026-05-15T06-00-00-000Z.json,2026-05-15 06:00:00+00:00,1261789,ok,25236,2026-05-15 06:00:00.065000+00:00,2026-05-15 06:59:59.902000+00:00,True,0.0,0.0,3.066,observed
xauusd_ticks_2026-05-15T11-00-00-000Z.json,2026-05-15 11:00:00+00:00,1105191,ok,22104,2026-05-15 11:00:00.005000+00:00,2026-05-15 11:59:59.903000+00:00,True,0.0,0.0,3.011,observed
xauusd_ticks_2026-05-15T12-00-00-000Z.json,2026-05-15 12:00:00+00:00,1392282,ok,27846,2026-05-15 12:00:00.055000+00:00,2026-05-15 12:59:59.666000+00:00,True,0.0,0.0,3.107,observed
xauusd_ticks_2026-05-15T14-00-00-000Z.json,2026-05-15 14:00:00+00:00,1966334,ok,39329,2026-05-15 14:00:00.048000+00:00,2026-05-15 14:59:59.891000+00:00,True,0.0,0.0,1.256,observed
xauusd_ticks_2026-05-15T19-00-00-000Z.json,2026-05-15 19:00:00+00:00,939248,ok,18785,2026-05-15 19:00:00.046000+00:00,2026-05-15 19:59:59.966000+00:00,True,0.0,0.0,3.269,observed
xauusd_ticks_2026-05-18T01-00-00-000Z.json,2026-05-18 01:00:00+00:00,1721791,ok,34436,2026-05-18 01:00:00.031000+00:00,2026-05-18 01:59:59.857000+00:00,True,0.0,0.0,2.06,observed
xauusd_ticks_2026-05-18T06-00-00-000Z.json,2026-05-18 06:00:00+00:00,1052650,ok,21053,2026-05-18 06:00:00.047000+00:00,2026-05-18 06:59:59.856000+00:00,True,0.0,0.0,3.281,observed
xauusd_ticks_2026-05-18T07-00-00-000Z.json,2026-05-18 07:00:00+00:00,1159694,ok,23194,2026-05-18 07:00:00.108000+00:00,2026-05-18 07:59:59.942000+00:00,True,0.0,0.0,3.513,observed
xauusd_ticks_2026-05-18T08-00-00-000Z.json,2026-05-18 08:00:00+00:00,965394,ok,19308,2026-05-18 08:00:00.043000+00:00,2026-05-18 08:59:59.501000+00:00,True,0.0,0.0,4.655,observed
xauusd_ticks_2026-05-18T09-00-00-000Z.json,2026-05-18 09:00:00+00:00,2,empty,0,,,,,,,unknown
xauusd_ticks_2026-05-18T13-00-00-000Z.json,2026-05-18 13:00:00+00:00,1772405,ok,35449,2026-05-18 13:00:00.066000+00:00,2026-05-18 13:59:59.928000+00:00,True,0.0,0.0,1.796,observed
xauusd_ticks_2026-05-18T14-00-00-000Z.json,2026-05-18 14:00:00+00:00,1931879,ok,38638,2026-05-18 14:00:00.029000+00:00,2026-05-18 14:59:59.967000+00:00,True,0.0,0.0,1.663,observed
xauusd_ticks_2026-05-18T15-00-00-000Z.json,2026-05-18 15:00:00+00:00,1643487,ok,32870,2026-05-18 15:00:00.017000+00:00,2026-05-18 15:59:59.576000+00:00,True,0.0,0.0,2.31,observed
xauusd_ticks_2026-05-18T16-00-00-000Z.json,2026-05-18 16:00:00+00:00,1298483,ok,25970,2026-05-18 16:00:00.080000+00:00,2026-05-18 16:59:59.104000+00:00,True,0.0,0.0,2.789,observed
xauusd_ticks_2026-05-18T17-00-00-000Z.json,2026-05-18 17:00:00+00:00,948199,ok,18964,2026-05-18 17:00:00.058000+00:00,2026-05-18 17:59:58.945000+00:00,True,0.0,0.0,5.01,observed
xauusd_ticks_2026-05-18T21-00-00-000Z.json,2026-05-18 21:00:00+00:00,2,empty,0,,,,,,,unknown
xauusd_ticks_2026-05-18T22-00-00-000Z.json,2026-05-18 22:00:00+00:00,254501,ok,5090,2026-05-18 22:00:01.282000+00:00,2026-05-18 22:59:59.981000+00:00,True,0.0,0.0,13.308,observed
xauusd_ticks_2026-05-19T02-00-00-000Z.json,2026-05-19 02:00:00+00:00,885748,ok,17715,2026-05-19 02:00:00.095000+00:00,2026-05-19 02:59:57.664000+00:00,True,0.0,0.0,4.367,observed
xauusd_ticks_2026-05-19T03-00-00-000Z.json,2026-05-19 03:00:00+00:00,628848,ok,12577,2026-05-19 03:00:00.122000+00:00,2026-05-19 03:59:59.932000+00:00,True,0.0,0.0,7.282,observed
xauusd_ticks_2026-05-19T04-00-00-000Z.json,2026-05-19 04:00:00+00:00,544950,ok,10899,2026-05-19 04:00:00.084000+00:00,2026-05-19 04:59:59.843000+00:00,True,0.0,0.0,10.643,observed
xauusd_ticks_2026-05-19T06-00-00-000Z.json,2026-05-19 06:00:00+00:00,937943,ok,18759,2026-05-19 06:00:00.064000+00:00,2026-05-19 06:59:59.894000+00:00,True,0.0,0.0,8.534,observed
xauusd_ticks_2026-05-19T07-00-00-000Z.json,2026-05-19 07:00:00+00:00,977932,ok,19559,2026-05-19 07:00:00.095000+00:00,2026-05-19 07:59:59.986000+00:00,True,0.0,0.0,5.735,observed
xauusd_ticks_2026-05-19T08-00-00-000Z.json,2026-05-19 08:00:00+00:00,871091,ok,17422,2026-05-19 08:00:00.087000+00:00,2026-05-19 08:59:59.940000+00:00,True,0.0,0.0,4.011,observed
xauusd_ticks_2026-05-19T10-00-00-000Z.json,2026-05-19 10:00:00+00:00,869642,ok,17393,2026-05-19 10:00:00.004000+00:00,2026-05-19 10:59:59.890000+00:00,True,0.0,0.0,7.005,observed
xauusd_ticks_2026-05-19T11-00-00-000Z.json,2026-05-19 11:00:00+00:00,876546,ok,17531,2026-05-19 11:00:00.092000+00:00,2026-05-19 11:59:59.490000+00:00,True,0.0,0.0,5.019,observed
xauusd_ticks_2026-05-19T15-00-00-000Z.json,2026-05-19 15:00:00+00:00,1607839,ok,32157,2026-05-19 15:00:00.040000+00:00,2026-05-19 15:59:59.957000+00:00,True,0.0,0.0,2.159,observed
xauusd_ticks_2026-05-20T01-00-00-000Z.json,2026-05-20 01:00:00+00:00,1558543,ok,31171,2026-05-20 01:00:00.056000+00:00,2026-05-20 01:59:59.905000+00:00,True,0.0,0.0,2.012,observed
xauusd_ticks_2026-05-20T06-00-00-000Z.json,2026-05-20 06:00:00+00:00,1208048,ok,24161,2026-05-20 06:00:00.059000+00:00,2026-05-20 06:59:59.975000+00:00,True,0.0,0.0,3.475,observed
xauusd_ticks_2026-05-20T07-00-00-000Z.json,2026-05-20 07:00:00+00:00,1011443,ok,20229,2026-05-20 07:00:00.026000+00:00,2026-05-20 07:59:59.861000+00:00,True,0.0,0.0,4.909,observed
xauusd_ticks_2026-05-20T09-00-00-000Z.json,2026-05-20 09:00:00+00:00,858944,ok,17179,2026-05-20 09:00:00.044000+00:00,2026-05-20 09:59:59.970000+00:00,True,0.0,0.0,6.454,observed
xauusd_ticks_2026-05-20T14-00-00-000Z.json,2026-05-20 14:00:00+00:00,2042323,ok,40847,2026-05-20 14:00:00.025000+00:00,2026-05-20 14:59:59.977000+00:00,True,0.0,0.0,1.355,observed
xauusd_ticks_2026-05-21T01-00-00-000Z.json,2026-05-21 01:00:00+00:00,1083049,ok,21661,2026-05-21 01:00:00.260000+00:00,2026-05-21 01:59:59.667000+00:00,True,0.0,0.0,3.724,observed
xauusd_ticks_2026-05-21T06-00-00-000Z.json,2026-05-21 06:00:00+00:00,881447,ok,17629,2026-05-21 06:00:00.004000+00:00,2026-05-21 06:59:59.826000+00:00,True,0.0,0.0,6.444,observed
xauusd_ticks_2026-05-21T07-00-00-000Z.json,2026-05-21 07:00:00+00:00,691145,ok,13823,2026-05-21 07:00:00.128000+00:00,2026-05-21 07:59:59.528000+00:00,True,0.0,0.0,6.185,observed
xauusd_ticks_2026-05-21T09-00-00-000Z.json,2026-05-21 09:00:00+00:00,938248,ok,18765,2026-05-21 09:00:00.052000+00:00,2026-05-21 09:59:59.763000+00:00,True,0.0,0.0,5.066,observed
xauusd_ticks_2026-05-21T14-00-00-000Z.json,2026-05-21 14:00:00+00:00,1931162,ok,38624,2026-05-21 14:00:00.026000+00:00,2026-05-21 14:59:59.982000+00:00,True,0.0,0.0,1.649,observed
xauusd_ticks_2026-05-21T23-00-00-000Z.json,2026-05-21 23:00:00+00:00,254097,ok,5082,2026-05-21 23:00:00.013000+00:00,2026-05-21 23:59:58.165000+00:00,True,0.0,0.0,17.571,observed
xauusd_ticks_2026-05-22T00-00-00-000Z.json,2026-05-22 00:00:00+00:00,685698,ok,13714,2026-05-22 00:00:00.076000+00:00,2026-05-22 00:59:59.738000+00:00,True,0.0,0.0,5.769,observed
xauusd_ticks_2026-05-22T04-00-00-000Z.json,2026-05-22 04:00:00+00:00,396334,ok,7927,2026-05-22 04:00:00.255000+00:00,2026-05-22 04:59:58.886000+00:00,True,0.0,0.0,9.586,observed
xauusd_ticks_2026-05-22T05-00-00-000Z.json,2026-05-22 05:00:00+00:00,765148,ok,15303,2026-05-22 05:00:00.145000+00:00,2026-05-22 05:59:59.994000+00:00,True,0.0,0.0,5.877,observed
xauusd_ticks_2026-05-22T06-00-00-000Z.json,2026-05-22 06:00:00+00:00,902897,ok,18058,2026-05-22 06:00:00.045000+00:00,2026-05-22 06:59:59.888000+00:00,True,0.0,0.0,4.068,observed
xauusd_ticks_2026-05-22T07-00-00-000Z.json,2026-05-22 07:00:00+00:00,880795,ok,17616,2026-05-22 07:00:00.089000+00:00,2026-05-22 07:59:59.003000+00:00,True,0.0,0.0,4.581,observed
xauusd_ticks_2026-05-22T08-00-00-000Z.json,2026-05-22 08:00:00+00:00,2,empty,0,,,,,,,unknown
xauusd_ticks_2026-05-22T12-00-00-000Z.json,2026-05-22 12:00:00+00:00,1246943,ok,24939,2026-05-22 12:00:00.087000+00:00,2026-05-22 12:59:59.980000+00:00,True,0.0,0.0,3.815,observed
xauusd_ticks_2026-05-22T13-00-00-000Z.json,2026-05-22 13:00:00+00:00,1573639,ok,31473,2026-05-22 13:00:00.080000+00:00,2026-05-22 13:59:59.917000+00:00,True,0.0,0.0,3.262,observed
xauusd_ticks_2026-05-22T15-00-00-000Z.json,2026-05-22 15:00:00+00:00,1205699,ok,24114,2026-05-22 15:00:00.087000+00:00,2026-05-22 15:59:59.756000+00:00,True,0.0,0.0,4.981,observed
xauusd_ticks_2026-05-22T20-00-00-000Z.json,2026-05-22 20:00:00+00:00,312351,ok,6247,2026-05-22 20:00:00.042000+00:00,2026-05-22 20:59:59.132000+00:00,True,0.0,0.0,22.791,observed
xauusd_ticks_2026-05-25T01-00-00-000Z.json,2026-05-25 01:00:00+00:00,985447,ok,19709,2026-05-25 01:00:00.214000+00:00,2026-05-25 01:59:58.392000+00:00,True,0.0,0.0,3.867,observed
xauusd_ticks_2026-05-25T06-00-00-000Z.json,2026-05-25 06:00:00+00:00,521150,ok,10423,2026-05-25 06:00:00.041000+00:00,2026-05-25 06:59:59.893000+00:00,True,0.0,0.0,9.497,observed
xauusd_ticks_2026-05-25T07-00-00-000Z.json,2026-05-25 07:00:00+00:00,561098,ok,11222,2026-05-25 07:00:00.044000+00:00,2026-05-25 07:59:57.872000+00:00,True,0.0,0.0,7.898,observed
xauusd_ticks_2026-05-25T08-00-00-000Z.json,2026-05-25 08:00:00+00:00,440901,ok,8818,2026-05-25 08:00:00.130000+00:00,2026-05-25 08:59:55.966000+00:00,True,0.0,0.0,9.34,observed
xauusd_ticks_2026-05-25T09-00-00-000Z.json,2026-05-25 09:00:00+00:00,347301,ok,6946,2026-05-25 09:00:00.184000+00:00,2026-05-25 09:59:59.224000+00:00,True,0.0,0.0,13.684,observed
xauusd_ticks_2026-05-25T12-00-00-000Z.json,2026-05-25 12:00:00+00:00,537398,ok,10748,2026-05-25 12:00:00.089000+00:00,2026-05-25 12:59:59.917000+00:00,True,0.0,0.0,9.592,observed
xauusd_ticks_2026-05-25T13-00-00-000Z.json,2026-05-25 13:00:00+00:00,582601,ok,11652,2026-05-25 13:00:00.068000+00:00,2026-05-25 13:59:59.628000+00:00,True,0.0,0.0,7.037,observed
xauusd_ticks_2026-05-25T14-00-00-000Z.json,2026-05-25 14:00:00+00:00,444051,ok,8881,2026-05-25 14:00:00.132000+00:00,2026-05-25 14:59:58.979000+00:00,True,0.0,0.0,9.65,observed
xauusd_ticks_2026-05-25T15-00-00-000Z.json,2026-05-25 15:00:00+00:00,419649,ok,8393,2026-05-25 15:00:00.034000+00:00,2026-05-25 15:59:59.097000+00:00,True,0.0,0.0,17.031,observed
xauusd_ticks_2026-05-25T16-00-00-000Z.json,2026-05-25 16:00:00+00:00,238801,ok,4776,2026-05-25 16:00:00.052000+00:00,2026-05-25 16:59:57.682000+00:00,True,0.0,0.0,17.936,observed
xauusd_ticks_2026-05-25T20-00-00-000Z.json,2026-05-25 20:00:00+00:00,2,empty,0,,,,,,,unknown
xauusd_ticks_2026-05-25T21-00-00-000Z.json,2026-05-25 21:00:00+00:00,2,empty,0,,,,,,,unknown
xauusd_ticks_2026-05-26T00-00-00-000Z.json,2026-05-26 00:00:00+00:00,787998,ok,15760,2026-05-26 00:00:00.029000+00:00,2026-05-26 00:59:59.557000+00:00,True,0.0,0.0,12.251,observed
xauusd_ticks_2026-05-26T05-00-00-000Z.json,2026-05-26 05:00:00+00:00,2,empty,0,,,,,,,unknown
xauusd_ticks_2026-05-26T06-00-00-000Z.json,2026-05-26 06:00:00+00:00,808950,ok,16179,2026-05-26 06:00:00.069000+00:00,2026-05-26 06:59:59.868000+00:00,True,0.0,0.0,5.766,observed
xauusd_ticks_2026-05-26T07-00-00-000Z.json,2026-05-26 07:00:00+00:00,1012700,ok,20254,2026-05-26 07:00:00.069000+00:00,2026-05-26 07:59:59.950000+00:00,True,0.0,0.0,4.117,observed
xauusd_ticks_2026-05-26T08-00-00-000Z.json,2026-05-26 08:00:00+00:00,822150,ok,16443,2026-05-26 08:00:00.002000+00:00,2026-05-26 08:59:59.343000+00:00,True,0.0,0.0,5.225,observed
xauusd_ticks_2026-05-26T10-00-00-000Z.json,2026-05-26 10:00:00+00:00,915298,ok,18306,2026-05-26 10:00:00.054000+00:00,2026-05-26 10:59:59.846000+00:00,True,0.0,0.0,5.274,observed
xauusd_ticks_2026-05-26T11-00-00-000Z.json,2026-05-26 11:00:00+00:00,990289,ok,19806,2026-05-26 11:00:00.048000+00:00,2026-05-26 11:59:59.820000+00:00,True,0.0,0.0,5.376,observed
xauusd_ticks_2026-05-26T12-00-00-000Z.json,2026-05-26 12:00:00+00:00,1143546,ok,22871,2026-05-26 12:00:00.071000+00:00,2026-05-26 12:59:59.570000+00:00,True,0.0,0.0,6.587,observed
xauusd_ticks_2026-05-26T13-00-00-000Z.json,2026-05-26 13:00:00+00:00,1388899,ok,27778,2026-05-26 13:00:00.124000+00:00,2026-05-26 13:59:59.888000+00:00,True,0.0,0.0,4.117,observed
xauusd_ticks_2026-05-26T15-00-00-000Z.json,2026-05-26 15:00:00+00:00,1215249,ok,24305,2026-05-26 15:00:00.033000+00:00,2026-05-26 15:59:59.953000+00:00,True,0.0,0.0,3.763,observed
xauusd_ticks_2026-05-26T18-00-00-000Z.json,2026-05-26 18:00:00+00:00,704848,ok,14097,2026-05-26 18:00:00.030000+00:00,2026-05-26 18:59:59.906000+00:00,True,0.0,0.0,7.149,observed
xauusd_ticks_2026-05-26T20-00-00-000Z.json,2026-05-26 20:00:00+00:00,230351,ok,4607,2026-05-26 20:00:00.013000+00:00,2026-05-26 20:59:58.904000+00:00,True,0.0,0.0,28.798,observed
xauusd_ticks_2026-05-27T01-00-00-000Z.json,2026-05-27 01:00:00+00:00,762651,ok,15253,2026-05-27 01:00:00.276000+00:00,2026-05-27 01:59:59.965000+00:00,True,0.0,0.0,6.349,observed
xauusd_ticks_2026-05-27T06-00-00-000Z.json,2026-05-27 06:00:00+00:00,967832,ok,19358,2026-05-27 06:00:00.053000+00:00,2026-05-27 06:59:59.993000+00:00,True,0.0,0.0,6.784,observed
xauusd_ticks_2026-05-27T07-00-00-000Z.json,2026-05-27 07:00:00+00:00,714849,ok,14297,2026-05-27 07:00:00.094000+00:00,2026-05-27 07:59:59.586000+00:00,True,0.0,0.0,6.703,observed
xauusd_ticks_2026-05-27T09-00-00-000Z.json,2026-05-27 09:00:00+00:00,542701,ok,10854,2026-05-27 09:00:00.091000+00:00,2026-05-27 09:59:59.452000+00:00,True,0.0,0.0,8.431,observed
xauusd_ticks_2026-05-27T11-00-00-000Z.json,2026-05-27 11:00:00+00:00,1160595,ok,23212,2026-05-27 11:00:00.029000+00:00,2026-05-27 11:59:59.965000+00:00,True,0.0,0.0,4.766,observed
xauusd_ticks_2026-05-27T12-00-00-000Z.json,2026-05-27 12:00:00+00:00,1465593,ok,29312,2026-05-27 12:00:00.066000+00:00,2026-05-27 12:59:59.769000+00:00,True,0.0,0.0,2.713,observed
xauusd_ticks_2026-05-27T13-00-00-000Z.json,2026-05-27 13:00:00+00:00,1923731,ok,38475,2026-05-27 13:00:00.072000+00:00,2026-05-27 13:59:59.735000+00:00,True,0.0,0.0,2.266,observed
xauusd_ticks_2026-05-27T14-00-00-000Z.json,2026-05-27 14:00:00+00:00,1711193,ok,34224,2026-05-27 14:00:00.088000+00:00,2026-05-27 14:59:59.651000+00:00,True,0.0,0.0,2.01,observed
xauusd_ticks_2026-05-27T15-00-00-000Z.json,2026-05-27 15:00:00+00:00,1216695,ok,24334,2026-05-27 15:00:00.004000+00:00,2026-05-27 15:59:59.835000+00:00,True,0.0,0.0,4.351,observed
xauusd_ticks_2026-05-27T19-00-00-000Z.json,2026-05-27 19:00:00+00:00,512351,ok,10247,2026-05-27 19:00:00.124000+00:00,2026-05-27 19:59:59.994000+00:00,True,0.0,0.0,9.55,observed
xauusd_ticks_2026-05-27T20-00-00-000Z.json,2026-05-27 20:00:00+00:00,246000,ok,4920,2026-05-27 20:00:00.045000+00:00,2026-05-27 20:59:59.237000+00:00,True,0.0,0.0,24.744,observed
xauusd_ticks_2026-05-27T23-00-00-000Z.json,2026-05-27 23:00:00+00:00,367801,ok,7356,2026-05-27 23:00:00.204000+00:00,2026-05-27 23:59:59.856000+00:00,True,0.0,0.0,13.507,observed
xauusd_ticks_2026-05-28T04-00-00-000Z.json,2026-05-28 04:00:00+00:00,818850,ok,16377,2026-05-28 04:00:00.071000+00:00,2026-05-28 04:59:59.762000+00:00,True,0.0,0.0,7.181,observed
xauusd_ticks_2026-05-28T05-00-00-000Z.json,2026-05-28 05:00:00+00:00,980349,ok,19607,2026-05-28 05:00:00.114000+00:00,2026-05-28 05:59:59.984000+00:00,True,0.0,0.0,6.576,observed
xauusd_ticks_2026-05-28T07-00-00-000Z.json,2026-05-28 07:00:00+00:00,2,empty,0,,,,,,,unknown
xauusd_ticks_2026-05-28T09-00-00-000Z.json,2026-05-28 09:00:00+00:00,525449,ok,10509,2026-05-28 09:00:00.099000+00:00,2026-05-28 09:59:58.790000+00:00,True,0.0,0.0,6.842,observed
xauusd_ticks_2026-05-28T12-00-00-000Z.json,2026-05-28 12:00:00+00:00,859746,ok,17195,2026-05-28 12:00:00.102000+00:00,2026-05-28 12:59:59.933000+00:00,True,0.0,0.0,5.909,observed
xauusd_ticks_2026-05-28T13-00-00-000Z.json,2026-05-28 13:00:00+00:00,1236797,ok,24736,2026-05-28 13:00:00.085000+00:00,2026-05-28 13:59:59.872000+00:00,True,0.0,0.0,2.818,observed
xauusd_ticks_2026-05-28T14-00-00-000Z.json,2026-05-28 14:00:00+00:00,1889214,ok,37785,2026-05-28 14:00:00.075000+00:00,2026-05-28 14:59:59.994000+00:00,True,0.0,0.0,1.704,observed
xauusd_ticks_2026-05-28T15-00-00-000Z.json,2026-05-28 15:00:00+00:00,1222400,ok,24448,2026-05-28 15:00:00.096000+00:00,2026-05-28 15:59:59.966000+00:00,True,0.0,0.0,5.811,observed
xauusd_ticks_2026-05-28T17-00-00-000Z.json,2026-05-28 17:00:00+00:00,978349,ok,19567,2026-05-28 17:00:00.110000+00:00,2026-05-28 17:59:59.861000+00:00,True,0.0,0.0,6.182,observed
xauusd_ticks_2026-05-28T18-00-00-000Z.json,2026-05-28 18:00:00+00:00,923700,ok,18474,2026-05-28 18:00:00.112000+00:00,2026-05-28 18:59:59.957000+00:00,True,0.0,0.0,4.424,observed
xauusd_ticks_2026-05-28T19-00-00-000Z.json,2026-05-28 19:00:00+00:00,607951,ok,12159,2026-05-28 19:00:00.007000+00:00,2026-05-28 19:59:59.950000+00:00,True,0.0,0.0,7.611,observed
xauusd_ticks_2026-05-28T20-00-00-000Z.json,2026-05-28 20:00:00+00:00,335401,ok,6708,2026-05-28 20:00:00.051000+00:00,2026-05-28 20:59:58.623000+00:00,True,0.0,0.0,16.765,observed
xauusd_ticks_2026-05-28T21-00-00-000Z.json,2026-05-28 21:00:00+00:00,2,empty,0,,,,,,,unknown
xauusd_ticks_2026-05-28T22-00-00-000Z.json,2026-05-28 22:00:00+00:00,273049,ok,5461,2026-05-28 22:00:01.298000+00:00,2026-05-28 22:59:59.953000+00:00,True,0.0,0.0,32.899,observed
xauusd_ticks_2026-05-29T01-00-00-000Z.json,2026-05-29 01:00:00+00:00,2,empty,0,,,,,,,unknown
xauusd_ticks_2026-05-29T02-00-00-000Z.json,2026-05-29 02:00:00+00:00,607798,ok,12156,2026-05-29 02:00:00.010000+00:00,2026-05-29 02:59:59.943000+00:00,True,0.0,0.0,11.578,observed
xauusd_ticks_2026-05-29T06-00-00-000Z.json,2026-05-29 06:00:00+00:00,635051,ok,12701,2026-05-29 06:00:00.037000+00:00,2026-05-29 06:59:59.522000+00:00,True,0.0,0.0,4.713,observed
xauusd_ticks_2026-05-29T07-00-00-000Z.json,2026-05-29 07:00:00+00:00,609851,ok,12197,2026-05-29 07:00:00.024000+00:00,2026-05-29 07:59:59.622000+00:00,True,0.0,0.0,8.959,observed
xauusd_ticks_2026-05-29T09-00-00-000Z.json,2026-05-29 09:00:00+00:00,628592,ok,12572,2026-05-29 09:00:00.076000+00:00,2026-05-29 09:59:59.939000+00:00,True,0.0,0.0,9.541,observed
xauusd_ticks_2026-05-29T13-00-00-000Z.json,2026-05-29 13:00:00+00:00,1043197,ok,20864,2026-05-29 13:00:00.015000+00:00,2026-05-29 13:59:59.686000+00:00,True,0.0,0.0,3.367,observed
xauusd_ticks_2026-05-29T14-00-00-000Z.json,2026-05-29 14:00:00+00:00,1491890,ok,29838,2026-05-29 14:00:00.090000+00:00,2026-05-29 14:59:59.420000+00:00,True,0.0,0.0,2.107,observed
xauusd_ticks_2026-05-29T18-00-00-000Z.json,2026-05-29 18:00:00+00:00,341551,ok,6831,2026-05-29 18:00:00.289000+00:00,2026-05-29 18:59:59.824000+00:00,True,0.0,0.0,10.627,observed
xauusd_ticks_2026-05-29T19-00-00-000Z.json,2026-05-29 19:00:00+00:00,324342,ok,6487,2026-05-29 19:00:00.076000+00:00,2026-05-29 19:59:58.274000+00:00,True,0.0,0.0,9.584,observed
xauusd_ticks_2026-05-29T21-00-00-000Z.json,2026-05-29 21:00:00+00:00,2,empty,0,,,,,,,unknown
xauusd_ticks_2026-05-30T02-00-00-000Z.json,2026-05-30 02:00:00+00:00,2,empty,0,,,,,,,unknown
xauusd_ticks_2026-06-01T03-00-00-000Z.json,2026-06-01 03:00:00+00:00,530549,ok,10611,2026-06-01 03:00:00.134000+00:00,2026-06-01 03:59:59.949000+00:00,True,0.0,0.0,7.778,observed
xauusd_ticks_2026-06-01T08-00-00-000Z.json,2026-06-01 08:00:00+00:00,476797,ok,9536,2026-06-01 08:00:00.076000+00:00,2026-06-01 08:59:59.924000+00:00,True,0.0,0.0,10.419,observed
xauusd_ticks_2026-06-01T09-00-00-000Z.json,2026-06-01 09:00:00+00:00,506101,ok,10122,2026-06-01 09:00:00.478000+00:00,2026-06-01 09:59:59.715000+00:00,True,0.0,0.0,6.871,observed
xauusd_ticks_2026-06-01T11-00-00-000Z.json,2026-06-01 11:00:00+00:00,528451,ok,10569,2026-06-01 11:00:00.071000+00:00,2026-06-01 11:59:59.674000+00:00,True,0.0,0.0,11.449,observed
xauusd_ticks_2026-06-01T13-00-00-000Z.json,2026-06-01 13:00:00+00:00,1611418,ok,32230,2026-06-01 13:00:00.077000+00:00,2026-06-01 13:59:59.823000+00:00,True,0.0,0.0,3.008,observed
xauusd_ticks_2026-06-01T14-00-00-000Z.json,2026-06-01 14:00:00+00:00,2,empty,0,,,,,,,unknown
xauusd_ticks_2026-06-01T16-00-00-000Z.json,2026-06-01 16:00:00+00:00,716047,ok,14321,2026-06-01 16:00:00.056000+00:00,2026-06-01 16:59:59.942000+00:00,True,0.0,0.0,6.047,observed
xauusd_ticks_2026-06-01T21-00-00-000Z.json,2026-06-01 21:00:00+00:00,2,empty,0,,,,,,,unknown
xauusd_ticks_2026-06-02T08-00-00-000Z.json,2026-06-02 08:00:00+00:00,481747,ok,9635,2026-06-02 08:00:00.102000+00:00,2026-06-02 08:59:59.105000+00:00,True,0.0,0.0,9.748,observed
xauusd_ticks_2026-06-02T13-00-00-000Z.json,2026-06-02 13:00:00+00:00,1136899,ok,22738,2026-06-02 13:00:00.004000+00:00,2026-06-02 13:59:59.847000+00:00,True,0.0,0.0,3.67,observed
xauusd_ticks_2026-06-02T14-00-00-000Z.json,2026-06-02 14:00:00+00:00,1014443,ok,20289,2026-06-02 14:00:00.099000+00:00,2026-06-02 14:59:59.438000+00:00,True,0.0,0.0,3.688,observed
xauusd_ticks_2026-06-02T16-00-00-000Z.json,2026-06-02 16:00:00+00:00,666499,ok,13330,2026-06-02 16:00:00.057000+00:00,2026-06-02 16:59:59.884000+00:00,True,0.0,0.0,6.388,observed
xauusd_ticks_2026-06-02T21-00-00-000Z.json,2026-06-02 21:00:00+00:00,2,empty,0,,,,,,,unknown
xauusd_ticks_2026-06-02T23-00-00-000Z.json,2026-06-02 23:00:00+00:00,667293,ok,13346,2026-06-02 23:00:00.090000+00:00,2026-06-02 23:59:59.756000+00:00,True,0.0,0.0,6.669,observed
xauusd_ticks_2026-06-03T04-00-00-000Z.json,2026-06-03 04:00:00+00:00,346851,ok,6937,2026-06-03 04:00:00.093000+00:00,2026-06-03 04:59:59.679000+00:00,True,0.0,0.0,13.357,observed
xauusd_ticks_2026-06-03T05-00-00-000Z.json,2026-06-03 05:00:00+00:00,676451,ok,13529,2026-06-03 05:00:00.182000+00:00,2026-06-03 05:59:59.887000+00:00,True,0.0,0.0,11.291,observed
xauusd_ticks_2026-06-03T07-00-00-000Z.json,2026-06-03 07:00:00+00:00,2,empty,0,,,,,,,unknown
xauusd_ticks_2026-06-03T10-00-00-000Z.json,2026-06-03 10:00:00+00:00,666045,ok,13321,2026-06-03 10:00:00.012000+00:00,2026-06-03 10:59:59.682000+00:00,True,0.0,0.0,7.571,observed
xauusd_ticks_2026-06-03T12-00-00-000Z.json,2026-06-03 12:00:00+00:00,769049,ok,15381,2026-06-03 12:00:00.073000+00:00,2026-06-03 12:59:59.977000+00:00,True,0.0,0.0,4.535,observed
xauusd_ticks_2026-06-03T15-00-00-000Z.json,2026-06-03 15:00:00+00:00,1062341,ok,21247,2026-06-03 15:00:00.017000+00:00,2026-06-03 15:59:59.805000+00:00,True,0.0,0.0,3.371,observed
xauusd_ticks_2026-06-03T16-00-00-000Z.json,2026-06-03 16:00:00+00:00,1009792,ok,20196,2026-06-03 16:00:00.017000+00:00,2026-06-03 16:59:59.876000+00:00,True,0.0,0.0,3.916,observed
xauusd_ticks_2026-06-03T18-00-00-000Z.json,2026-06-03 18:00:00+00:00,709135,ok,14183,2026-06-03 18:00:00.145000+00:00,2026-06-03 18:59:58.300000+00:00,True,0.0,0.0,9.573,observed
xauusd_ticks_2026-06-03T23-00-00-000Z.json,2026-06-03 23:00:00+00:00,529748,ok,10595,2026-06-03 23:00:00.100000+00:00,2026-06-03 23:59:57.999000+00:00,True,0.0,0.0,7.537,observed
xauusd_ticks_2026-06-04T01-00-00-000Z.json,2026-06-04 01:00:00+00:00,1116384,ok,22328,2026-06-04 01:00:00.013000+00:00,2026-06-04 01:59:59.609000+00:00,True,0.0,0.0,4.724,observed
xauusd_ticks_2026-06-04T02-00-00-000Z.json,2026-06-04 02:00:00+00:00,1003214,ok,20065,2026-06-04 02:00:00.061000+00:00,2026-06-04 02:59:59.985000+00:00,True,0.0,0.0,4.126,observed
xauusd_ticks_2026-06-04T06-00-00-000Z.json,2026-06-04 06:00:00+00:00,732900,ok,14658,2026-06-04 06:00:00.087000+00:00,2026-06-04 06:59:59.956000+00:00,True,0.0,0.0,6.724,observed
xauusd_ticks_2026-06-04T07-00-00-000Z.json,2026-06-04 07:00:00+00:00,528601,ok,10572,2026-06-04 07:00:00.107000+00:00,2026-06-04 07:59:59.544000+00:00,True,0.0,0.0,5.298,observed
xauusd_ticks_2026-06-04T08-00-00-000Z.json,2026-06-04 08:00:00+00:00,651595,ok,13032,2026-06-04 08:00:00.096000+00:00,2026-06-04 08:59:59.886000+00:00,True,0.0,0.0,4.881,observed
xauusd_ticks_2026-06-04T09-00-00-000Z.json,2026-06-04 09:00:00+00:00,690649,ok,13813,2026-06-04 09:00:00.137000+00:00,2026-06-04 09:59:59.841000+00:00,True,0.0,0.0,5.423,observed
xauusd_ticks_2026-06-04T10-00-00-000Z.json,2026-06-04 10:00:00+00:00,537049,ok,10741,2026-06-04 10:00:00.042000+00:00,2026-06-04 10:59:59.771000+00:00,True,0.0,0.0,5.973,observed
xauusd_ticks_2026-06-04T14-00-00-000Z.json,2026-06-04 14:00:00+00:00,1456047,ok,29121,2026-06-04 14:00:00.108000+00:00,2026-06-04 14:59:59.955000+00:00,True,0.0,0.0,2.292,observed
xauusd_ticks_2026-06-04T15-00-00-000Z.json,2026-06-04 15:00:00+00:00,2,empty,0,,,,,,,unknown
xauusd_ticks_2026-06-04T23-00-00-000Z.json,2026-06-04 23:00:00+00:00,456950,ok,9139,2026-06-04 23:00:00.129000+00:00,2026-06-04 23:59:59.922000+00:00,True,0.0,0.0,12.449,observed
xauusd_ticks_2026-06-05T04-00-00-000Z.json,2026-06-05 04:00:00+00:00,497701,ok,9954,2026-06-05 04:00:00.241000+00:00,2026-06-05 04:59:58.764000+00:00,True,0.0,0.0,7.175,observed
xauusd_ticks_2026-06-05T05-00-00-000Z.json,2026-06-05 05:00:00+00:00,765750,ok,15315,2026-06-05 05:00:00.124000+00:00,2026-06-05 05:59:59.688000+00:00,True,0.0,0.0,6.622,observed
xauusd_ticks_2026-06-05T06-00-00-000Z.json,2026-06-05 06:00:00+00:00,956551,ok,19131,2026-06-05 06:00:00.090000+00:00,2026-06-05 06:59:59.918000+00:00,True,0.0,0.0,5.126,observed
xauusd_ticks_2026-06-05T07-00-00-000Z.json,2026-06-05 07:00:00+00:00,719049,ok,14381,2026-06-05 07:00:00.019000+00:00,2026-06-05 07:59:59.915000+00:00,True,0.0,0.0,6.508,observed
xauusd_ticks_2026-06-05T11-00-00-000Z.json,2026-06-05 11:00:00+00:00,566251,ok,11325,2026-06-05 11:00:00.044000+00:00,2026-06-05 11:59:59.716000+00:00,True,0.0,0.0,10.052,observed
xauusd_ticks_2026-06-05T12-00-00-000Z.json,2026-06-05 12:00:00+00:00,1100440,ok,22009,2026-06-05 12:00:00.068000+00:00,2026-06-05 12:59:59.961000+00:00,True,0.0,0.0,5.218,observed
xauusd_ticks_2026-06-05T13-00-00-000Z.json,2026-06-05 13:00:00+00:00,1694568,ok,33892,2026-06-05 13:00:00.062000+00:00,2026-06-05 13:59:59.863000+00:00,True,0.0,0.0,3.396,observed
xauusd_ticks_2026-06-05T14-00-00-000Z.json,2026-06-05 14:00:00+00:00,1905182,ok,38106,2026-06-05 14:00:00.065000+00:00,2026-06-05 14:59:59.457000+00:00,True,0.0,0.0,1.56,observed
xauusd_ticks_2026-06-05T15-00-00-000Z.json,2026-06-05 15:00:00+00:00,2,empty,0,,,,,,,unknown
xauusd_ticks_2026-06-05T19-00-00-000Z.json,2026-06-05 19:00:00+00:00,1308347,ok,26167,2026-06-05 19:00:00.069000+00:00,2026-06-05 19:59:59.943000+00:00,True,0.0,0.0,2.114,observed
xauusd_ticks_2026-06-05T20-00-00-000Z.json,2026-06-05 20:00:00+00:00,792648,ok,15853,2026-06-05 20:00:00.044000+00:00,2026-06-05 20:59:58.277000+00:00,True,0.0,0.0,6.825,observed
xauusd_ticks_2026-06-08T00-00-00-000Z.json,2026-06-08 00:00:00+00:00,2,empty,0,,,,,,,unknown
xauusd_ticks_2026-06-08T05-00-00-000Z.json,2026-06-08 05:00:00+00:00,1178648,ok,23573,2026-06-08 05:00:00.030000+00:00,2026-06-08 05:59:59.696000+00:00,True,0.0,0.0,3.863,observed
xauusd_ticks_2026-06-08T06-00-00-000Z.json,2026-06-08 06:00:00+00:00,996349,ok,19927,2026-06-08 06:00:00.049000+00:00,2026-06-08 06:59:59.933000+00:00,True,0.0,0.0,3.761,observed
xauusd_ticks_2026-06-08T08-00-00-000Z.json,2026-06-08 08:00:00+00:00,864698,ok,17294,2026-06-08 08:00:00.094000+00:00,2026-06-08 08:59:59.990000+00:00,True,0.0,0.0,4.091,observed
xauusd_ticks_2026-06-08T10-00-00-000Z.json,2026-06-08 10:00:00+00:00,730840,ok,14617,2026-06-08 10:00:00.068000+00:00,2026-06-08 10:59:59.866000+00:00,True,0.0,0.0,6.474,observed
xauusd_ticks_2026-06-08T13-00-00-000Z.json,2026-06-08 13:00:00+00:00,1502246,ok,30045,2026-06-08 13:00:00.041000+00:00,2026-06-08 13:59:59.991000+00:00,True,0.0,0.0,3.262,observed
xauusd_ticks_2026-06-08T15-00-00-000Z.json,2026-06-08 15:00:00+00:00,1226694,ok,24537,2026-06-08 15:00:00.036000+00:00,2026-06-08 15:59:59.830000+00:00,True,0.0,0.0,2.406,observed
xauusd_ticks_2026-06-08T16-00-00-000Z.json,2026-06-08 16:00:00+00:00,983549,ok,19671,2026-06-08 16:00:00.031000+00:00,2026-06-08 16:59:59.742000+00:00,True,0.0,0.0,4.573,observed
xauusd_ticks_2026-06-08T18-00-00-000Z.json,2026-06-08 18:00:00+00:00,854701,ok,17094,2026-06-08 18:00:00.038000+00:00,2026-06-08 18:59:59.951000+00:00,True,0.0,0.0,4.909,observed
xauusd_ticks_2026-06-08T23-00-00-000Z.json,2026-06-08 23:00:00+00:00,339099,ok,6782,2026-06-08 23:00:00.075000+00:00,2026-06-08 23:59:59.956000+00:00,True,0.0,0.0,16.01,observed
xauusd_ticks_2026-06-09T02-00-00-000Z.json,2026-06-09 02:00:00+00:00,755301,ok,15106,2026-06-09 02:00:00.187000+00:00,2026-06-09 02:59:59.652000+00:00,True,0.0,0.0,4.774,observed
xauusd_ticks_2026-06-09T07-00-00-000Z.json,2026-06-09 07:00:00+00:00,714998,ok,14300,2026-06-09 07:00:00.060000+00:00,2026-06-09 07:59:59.841000+00:00,True,0.0,0.0,5.352,observed
xauusd_ticks_2026-06-09T08-00-00-000Z.json,2026-06-09 08:00:00+00:00,615600,ok,12312,2026-06-09 08:00:00.092000+00:00,2026-06-09 08:59:59.711000+00:00,True,0.0,0.0,8.245,observed
xauusd_ticks_2026-06-09T10-00-00-000Z.json,2026-06-09 10:00:00+00:00,548950,ok,10979,2026-06-09 10:00:00.084000+00:00,2026-06-09 10:59:58.391000+00:00,True,0.0,0.0,7.181,observed
xauusd_ticks_2026-06-09T15-00-00-000Z.json,2026-06-09 15:00:00+00:00,1879420,ok,37589,2026-06-09 15:00:00.001000+00:00,2026-06-09 15:59:59.879000+00:00,True,0.0,0.0,1.361,observed
xauusd_ticks_2026-06-10T00-00-00-000Z.json,2026-06-10 00:00:00+00:00,1035548,ok,20711,2026-06-10 00:00:00.062000+00:00,2026-06-10 00:59:59.840000+00:00,True,0.0,0.0,5.28,observed
xauusd_ticks_2026-06-10T05-00-00-000Z.json,2026-06-10 05:00:00+00:00,979950,ok,19599,2026-06-10 05:00:00.100000+00:00,2026-06-10 05:59:59.714000+00:00,True,0.0,0.0,5.626,observed
xauusd_ticks_2026-06-10T06-00-00-000Z.json,2026-06-10 06:00:00+00:00,819849,ok,16397,2026-06-10 06:00:00.066000+00:00,2026-06-10 06:59:59.437000+00:00,True,0.0,0.0,4.372,observed
xauusd_ticks_2026-06-10T08-00-00-000Z.json,2026-06-10 08:00:00+00:00,1126794,ok,22536,2026-06-10 08:00:00.086000+00:00,2026-06-10 08:59:59.885000+00:00,True,0.0,0.0,2.815,observed
xauusd_ticks_2026-06-10T13-00-00-000Z.json,2026-06-10 13:00:00+00:00,1614338,ok,32287,2026-06-10 13:00:00.076000+00:00,2026-06-10 13:59:59.763000+00:00,True,0.0,0.0,2.163,observed
xauusd_ticks_2026-06-11T01-00-00-000Z.json,2026-06-11 01:00:00+00:00,1488045,ok,29761,2026-06-11 01:00:00.076000+00:00,2026-06-11 01:59:59.547000+00:00,True,0.0,0.0,2.258,observed
xauusd_ticks_2026-06-11T06-00-00-000Z.json,2026-06-11 06:00:00+00:00,954051,ok,19081,2026-06-11 06:00:00.042000+00:00,2026-06-11 06:59:59.980000+00:00,True,0.0,0.0,5.75,observed
xauusd_ticks_2026-06-11T07-00-00-000Z.json,2026-06-11 07:00:00+00:00,831349,ok,16627,2026-06-11 07:00:00.131000+00:00,2026-06-11 07:59:58.967000+00:00,True,0.0,0.0,3.974,observed
xauusd_ticks_2026-06-11T09-00-00-000Z.json,2026-06-11 09:00:00+00:00,673240,ok,13465,2026-06-11 09:00:00.068000+00:00,2026-06-11 09:59:59.982000+00:00,True,0.0,0.0,4.527,observed
xauusd_ticks_2026-06-11T14-00-00-000Z.json,2026-06-11 14:00:00+00:00,1804240,ok,36085,2026-06-11 14:00:00.105000+00:00,2026-06-11 14:59:59.899000+00:00,True,0.0,0.0,1.507,observed
xauusd_ticks_2026-06-12T00-00-00-000Z.json,2026-06-12 00:00:00+00:00,965499,ok,19310,2026-06-12 00:00:00.059000+00:00,2026-06-12 00:59:59.965000+00:00,True,0.0,0.0,4.014,observed
xauusd_ticks_2026-06-12T05-00-00-000Z.json,2026-06-12 05:00:00+00:00,976393,ok,19528,2026-06-12 05:00:00.149000+00:00,2026-06-12 05:59:59.874000+00:00,True,0.0,0.0,5.168,observed
xauusd_ticks_2026-06-12T06-00-00-000Z.json,2026-06-12 06:00:00+00:00,834697,ok,16694,2026-06-12 06:00:00.026000+00:00,2026-06-12 06:59:59.681000+00:00,True,0.0,0.0,4.02,observed
xauusd_ticks_2026-06-12T08-00-00-000Z.json,2026-06-12 08:00:00+00:00,1050361,ok,21008,2026-06-12 08:00:00.022000+00:00,2026-06-12 08:59:59.695000+00:00,True,0.0,0.0,4.263,observed
xauusd_ticks_2026-06-12T09-00-00-000Z.json,2026-06-12 09:00:00+00:00,711596,ok,14232,2026-06-12 09:00:00.097000+00:00,2026-06-12 09:59:59.992000+00:00,True,0.0,0.0,5.683,observed
xauusd_ticks_2026-06-12T13-00-00-000Z.json,2026-06-12 13:00:00+00:00,1384385,ok,27688,2026-06-12 13:00:00.014000+00:00,2026-06-12 13:59:59.886000+00:00,True,0.0,0.0,3.721,observed
xauusd_ticks_2026-06-12T14-00-00-000Z.json,2026-06-12 14:00:00+00:00,1692366,ok,33848,2026-06-12 14:00:00.038000+00:00,2026-06-12 14:59:59.914000+00:00,True,0.0,0.0,1.407,observed
xauusd_ticks_2026-06-12T15-00-00-000Z.json,2026-06-12 15:00:00+00:00,1368581,ok,27372,2026-06-12 15:00:00.015000+00:00,2026-06-12 15:59:59.967000+00:00,True,0.0,0.0,1.661,observed
xauusd_ticks_2026-06-12T17-00-00-000Z.json,2026-06-12 17:00:00+00:00,936301,ok,18726,2026-06-12 17:00:00.008000+00:00,2026-06-12 17:59:59.955000+00:00,True,0.0,0.0,4.476,observed
xauusd_ticks_2026-06-12T22-00-00-000Z.json,2026-06-12 22:00:00+00:00,2,empty,0,,,,,,,unknown
xauusd_ticks_2026-06-15T00-00-00-000Z.json,2026-06-15 00:00:00+00:00,2,empty,0,,,,,,,unknown
xauusd_ticks_2026-06-15T05-00-00-000Z.json,2026-06-15 05:00:00+00:00,557200,ok,11144,2026-06-15 05:00:00.157000+00:00,2026-06-15 05:59:59.638000+00:00,True,0.0,0.0,11.389,observed
xauusd_ticks_2026-06-15T06-00-00-000Z.json,2026-06-15 06:00:00+00:00,606098,ok,12122,2026-06-15 06:00:00.040000+00:00,2026-06-15 06:59:59.855000+00:00,True,0.0,0.0,6.518,observed
xauusd_ticks_2026-06-15T08-00-00-000Z.json,2026-06-15 08:00:00+00:00,654930,ok,13099,2026-06-15 08:00:00.067000+00:00,2026-06-15 08:59:59.266000+00:00,True,0.0,0.0,6.502,observed
xauusd_ticks_2026-06-15T13-00-00-000Z.json,2026-06-15 13:00:00+00:00,1125946,ok,22519,2026-06-15 13:00:00.071000+00:00,2026-06-15 13:59:59.760000+00:00,True,0.0,0.0,5.325,observed
xauusd_ticks_2026-06-15T14-00-00-000Z.json,2026-06-15 14:00:00+00:00,1159994,ok,23200,2026-06-15 14:00:00.063000+00:00,2026-06-15 14:59:59.988000+00:00,True,0.0,0.0,2.863,observed
xauusd_ticks_2026-06-15T16-00-00-000Z.json,2026-06-15 16:00:00+00:00,694346,ok,13887,2026-06-15 16:00:00.057000+00:00,2026-06-15 16:59:59.821000+00:00,True,0.0,0.0,5.37,observed
xauusd_ticks_2026-06-15T21-00-00-000Z.json,2026-06-15 21:00:00+00:00,2,empty,0,,,,,,,unknown
xauusd_ticks_2026-06-16T05-00-00-000Z.json,2026-06-16 05:00:00+00:00,674147,ok,13483,2026-06-16 05:00:00.013000+00:00,2026-06-16 05:59:59.099000+00:00,True,0.0,0.0,8.529,observed
xauusd_ticks_2026-06-16T07-00-00-000Z.json,2026-06-16 07:00:00+00:00,566999,ok,11340,2026-06-16 07:00:00.063000+00:00,2026-06-16 07:59:59.793000+00:00,True,0.0,0.0,5.521,observed
xauusd_ticks_2026-06-16T10-00-00-000Z.json,2026-06-16 10:00:00+00:00,429451,ok,8589,2026-06-16 10:00:00.052000+00:00,2026-06-16 10:59:59.861000+00:00,True,0.0,0.0,10.916,observed
xauusd_ticks_2026-06-16T11-00-00-000Z.json,2026-06-16 11:00:00+00:00,606400,ok,12128,2026-06-16 11:00:00.114000+00:00,2026-06-16 11:59:59.855000+00:00,True,0.0,0.0,8.398,observed
xauusd_ticks_2026-06-16T12-00-00-000Z.json,2026-06-16 12:00:00+00:00,731001,ok,14620,2026-06-16 12:00:00.258000+00:00,2026-06-16 12:59:58.384000+00:00,True,0.0,0.0,5.262,observed
xauusd_ticks_2026-06-16T13-00-00-000Z.json,2026-06-16 13:00:00+00:00,1152651,ok,23053,2026-06-16 13:00:00.040000+00:00,2026-06-16 13:59:59.919000+00:00,True,0.0,0.0,2.307,observed
xauusd_ticks_2026-06-16T15-00-00-000Z.json,2026-06-16 15:00:00+00:00,1052298,ok,21046,2026-06-16 15:00:00.050000+00:00,2026-06-16 15:59:59.814000+00:00,True,0.0,0.0,4.661,observed
xauusd_ticks_2026-06-16T18-00-00-000Z.json,2026-06-16 18:00:00+00:00,764399,ok,15288,2026-06-16 18:00:00.095000+00:00,2026-06-16 18:59:59.839000+00:00,True,0.0,0.0,5.013,observed
xauusd_ticks_2026-06-16T20-00-00-000Z.json,2026-06-16 20:00:00+00:00,286698,ok,5735,2026-06-16 20:00:00.039000+00:00,2026-06-16 20:59:59.821000+00:00,True,0.0,0.0,15.708,observed
xauusd_ticks_2026-06-17T00-00-00-000Z.json,2026-06-17 00:00:00+00:00,474047,ok,9481,2026-06-17 00:00:00.097000+00:00,2026-06-17 00:59:59.745000+00:00,True,0.0,0.0,8.959,observed
xauusd_ticks_2026-06-17T05-00-00-000Z.json,2026-06-17 05:00:00+00:00,503450,ok,10069,2026-06-17 05:00:00.124000+00:00,2026-06-17 05:59:59.622000+00:00,True,0.0,0.0,6.017,observed
xauusd_ticks_2026-06-17T06-00-00-000Z.json,2026-06-17 06:00:00+00:00,588098,ok,11762,2026-06-17 06:00:00.025000+00:00,2026-06-17 06:59:57.909000+00:00,True,0.0,0.0,6.042,observed
xauusd_ticks_2026-06-17T08-00-00-000Z.json,2026-06-17 08:00:00+00:00,562247,ok,11245,2026-06-17 08:00:00.034000+00:00,2026-06-17 08:59:58.730000+00:00,True,0.0,0.0,6.487,observed
xauusd_ticks_2026-06-17T13-00-00-000Z.json,2026-06-17 13:00:00+00:00,1002647,ok,20053,2026-06-17 13:00:00.066000+00:00,2026-06-17 13:59:59.989000+00:00,True,0.0,0.0,7.383,observed
xauusd_ticks_2026-06-18T10-00-00-000Z.json,2026-06-18 10:00:00+00:00,669749,ok,13395,2026-06-18 10:00:00.015000+00:00,2026-06-18 10:59:59.987000+00:00,True,0.0,0.0,7.807,observed
xauusd_ticks_2026-06-18T15-00-00-000Z.json,2026-06-18 15:00:00+00:00,1272939,ok,25459,2026-06-18 15:00:00.051000+00:00,2026-06-18 15:59:59.929000+00:00,True,0.0,0.0,2.399,observed
xauusd_ticks_2026-06-18T16-00-00-000Z.json,2026-06-18 16:00:00+00:00,1170297,ok,23406,2026-06-18 16:00:00.030000+00:00,2026-06-18 16:59:59.364000+00:00,True,0.0,0.0,2.872,observed
xauusd_ticks_2026-06-18T18-00-00-000Z.json,2026-06-18 18:00:00+00:00,2,empty,0,,,,,,,unknown
xauusd_ticks_2026-06-18T23-00-00-000Z.json,2026-06-18 23:00:00+00:00,416050,ok,8321,2026-06-18 23:00:00.092000+00:00,2026-06-18 23:59:59.763000+00:00,True,0.0,0.0,10.086,observed
xauusd_ticks_2026-06-19T00-00-00-000Z.json,2026-06-19 00:00:00+00:00,591249,ok,11825,2026-06-19 00:00:00.115000+00:00,2026-06-19 00:59:59.754000+00:00,True,0.0,0.0,10.342,observed
xauusd_ticks_2026-06-19T05-00-00-000Z.json,2026-06-19 05:00:00+00:00,825845,ok,16517,2026-06-19 05:00:00.113000+00:00,2026-06-19 05:59:59.922000+00:00,True,0.0,0.0,4.016,observed
xauusd_ticks_2026-06-19T06-00-00-000Z.json,2026-06-19 06:00:00+00:00,683297,ok,13666,2026-06-19 06:00:00.023000+00:00,2026-06-19 06:59:59.208000+00:00,True,0.0,0.0,6.185,observed
xauusd_ticks_2026-06-19T08-00-00-000Z.json,2026-06-19 08:00:00+00:00,661093,ok,13222,2026-06-19 08:00:00.069000+00:00,2026-06-19 08:59:59.254000+00:00,True,0.0,0.0,6.326,observed
xauusd_ticks_2026-06-19T13-00-00-000Z.json,2026-06-19 13:00:00+00:00,807149,ok,16143,2026-06-19 13:00:00.077000+00:00,2026-06-19 13:59:59.911000+00:00,True,0.0,0.0,4.507,observed
xauusd_ticks_2026-06-22T00-00-00-000Z.json,2026-06-22 00:00:00+00:00,897346,ok,17947,2026-06-22 00:00:00.066000+00:00,2026-06-22 00:59:59.943000+00:00,True,0.0,0.0,4.167,observed
xauusd_ticks_2026-06-22T05-00-00-000Z.json,2026-06-22 05:00:00+00:00,815547,ok,16311,2026-06-22 05:00:00.146000+00:00,2026-06-22 05:59:59.776000+00:00,True,0.0,0.0,4.273,observed
xauusd_ticks_2026-06-22T06-00-00-000Z.json,2026-06-22 06:00:00+00:00,721199,ok,14424,2026-06-22 06:00:00.050000+00:00,2026-06-22 06:59:59.951000+00:00,True,0.0,0.0,4.776,observed
xauusd_ticks_2026-06-22T08-00-00-000Z.json,2026-06-22 08:00:00+00:00,522999,ok,10460,2026-06-22 08:00:00.093000+00:00,2026-06-22 08:59:59.974000+00:00,True,0.0,0.0,6.861,observed
xauusd_ticks_2026-06-22T13-00-00-000Z.json,2026-06-22 13:00:00+00:00,1232838,ok,24657,2026-06-22 13:00:00.093000+00:00,2026-06-22 13:59:59.994000+00:00,True,0.0,0.0,3.42,observed
xauusd_ticks_2026-06-22T22-00-00-000Z.json,2026-06-22 22:00:00+00:00,161451,ok,3229,2026-06-22 22:00:00.814000+00:00,2026-06-22 22:59:59.428000+00:00,True,0.0,0.0,33.73,observed
xauusd_ticks_2026-06-23T03-00-00-000Z.json,2026-06-23 03:00:00+00:00,853996,ok,17080,2026-06-23 03:00:00.099000+00:00,2026-06-23 03:59:59.317000+00:00,True,0.0,0.0,5.018,observed
xauusd_ticks_2026-06-23T04-00-00-000Z.json,2026-06-23 04:00:00+00:00,604348,ok,12087,2026-06-23 04:00:00.094000+00:00,2026-06-23 04:59:59.907000+00:00,True,0.0,0.0,14.302,observed
xauusd_ticks_2026-06-23T06-00-00-000Z.json,2026-06-23 06:00:00+00:00,1031894,ok,20638,2026-06-23 06:00:00.060000+00:00,2026-06-23 06:59:59.970000+00:00,True,0.0,0.0,4.694,observed
xauusd_ticks_2026-06-23T11-00-00-000Z.json,2026-06-23 11:00:00+00:00,783092,ok,15662,2026-06-23 11:00:00.014000+00:00,2026-06-23 11:59:58.580000+00:00,True,0.0,0.0,6.084,observed
xauusd_ticks_2026-06-23T13-00-00-000Z.json,2026-06-23 13:00:00+00:00,1470140,ok,29403,2026-06-23 13:00:00.094000+00:00,2026-06-23 13:59:59.965000+00:00,True,0.0,0.0,3.128,observed
xauusd_ticks_2026-06-23T18-00-00-000Z.json,2026-06-23 18:00:00+00:00,803033,ok,16061,2026-06-23 18:00:00.089000+00:00,2026-06-23 18:59:59.673000+00:00,True,0.0,0.0,5.827,observed
xauusd_ticks_2026-06-23T19-00-00-000Z.json,2026-06-23 19:00:00+00:00,1156609,ok,23133,2026-06-23 19:00:00.076000+00:00,2026-06-23 19:59:59.951000+00:00,True,0.0,0.0,3.061,observed
xauusd_ticks_2026-06-23T21-00-00-000Z.json,2026-06-23 21:00:00+00:00,2,empty,0,,,,,,,unknown
xauusd_ticks_2026-06-24T02-00-00-000Z.json,2026-06-24 02:00:00+00:00,1145092,ok,22902,2026-06-24 02:00:00.069000+00:00,2026-06-24 02:59:59.385000+00:00,True,0.0,0.0,3.313,observed
xauusd_ticks_2026-06-24T07-00-00-000Z.json,2026-06-24 07:00:00+00:00,504101,ok,10082,2026-06-24 07:00:00.057000+00:00,2026-06-24 07:59:59.761000+00:00,True,0.0,0.0,6.523,observed
xauusd_ticks_2026-06-24T08-00-00-000Z.json,2026-06-24 08:00:00+00:00,493001,ok,9860,2026-06-24 08:00:00.064000+00:00,2026-06-24 08:59:59.749000+00:00,True,0.0,0.0,5.259,observed
xauusd_ticks_2026-06-24T10-00-00-000Z.json,2026-06-24 10:00:00+00:00,506101,ok,10122,2026-06-24 10:00:00.044000+00:00,2026-06-24 10:59:59.701000+00:00,True,0.0,0.0,5.564,observed
xauusd_ticks_2026-06-24T13-00-00-000Z.json,2026-06-24 13:00:00+00:00,1922361,ok,38448,2026-06-24 13:00:00.008000+00:00,2026-06-24 13:59:59.686000+00:00,True,0.0,0.0,1.509,observed
xauusd_ticks_2026-06-24T14-00-00-000Z.json,2026-06-24 14:00:00+00:00,1706224,ok,34125,2026-06-24 14:00:00.093000+00:00,2026-06-24 14:59:59.500000+00:00,True,0.0,0.0,1.459,observed
xauusd_ticks_2026-06-24T15-00-00-000Z.json,2026-06-24 15:00:00+00:00,1413441,ok,28269,2026-06-24 15:00:00.053000+00:00,2026-06-24 15:59:59.800000+00:00,True,0.0,0.0,3.327,observed
xauusd_ticks_2026-06-24T16-00-00-000Z.json,2026-06-24 16:00:00+00:00,1024542,ok,20491,2026-06-24 16:00:00.052000+00:00,2026-06-24 16:59:58.889000+00:00,True,0.0,0.0,2.965,observed
xauusd_ticks_2026-06-24T21-00-00-000Z.json,2026-06-24 21:00:00+00:00,2,empty,0,,,,,,,unknown
xauusd_ticks_2026-06-24T23-00-00-000Z.json,2026-06-24 23:00:00+00:00,488197,ok,9764,2026-06-24 23:00:00.146000+00:00,2026-06-24 23:59:59.365000+00:00,True,0.0,0.0,10.036,observed
xauusd_ticks_2026-06-25T04-00-00-000Z.json,2026-06-25 04:00:00+00:00,697997,ok,13960,2026-06-25 04:00:00.071000+00:00,2026-06-25 04:59:59.474000+00:00,True,0.0,0.0,5.521,observed
xauusd_ticks_2026-06-25T05-00-00-000Z.json,2026-06-25 05:00:00+00:00,988845,ok,19777,2026-06-25 05:00:00.076000+00:00,2026-06-25 05:59:59.728000+00:00,True,0.0,0.0,5.119,observed
xauusd_ticks_2026-06-25T07-00-00-000Z.json,2026-06-25 07:00:00+00:00,684142,ok,13683,2026-06-25 07:00:00.025000+00:00,2026-06-25 07:59:59.662000+00:00,True,0.0,0.0,5.535,observed
xauusd_ticks_2026-06-25T11-00-00-000Z.json,2026-06-25 11:00:00+00:00,498497,ok,9970,2026-06-25 11:00:00.095000+00:00,2026-06-25 11:59:59.697000+00:00,True,0.0,0.0,7.05,observed
xauusd_ticks_2026-06-25T12-00-00-000Z.json,2026-06-25 12:00:00+00:00,1098984,ok,21980,2026-06-25 12:00:00.050000+00:00,2026-06-25 12:59:59.788000+00:00,True,0.0,0.0,4.872,observed
xauusd_ticks_2026-06-25T16-00-00-000Z.json,2026-06-25 16:00:00+00:00,1157088,ok,23142,2026-06-25 16:00:00.030000+00:00,2026-06-25 16:59:59.424000+00:00,True,0.0,0.0,4.03,observed
xauusd_ticks_2026-06-25T17-00-00-000Z.json,2026-06-25 17:00:00+00:00,1019595,ok,20392,2026-06-25 17:00:00.180000+00:00,2026-06-25 17:59:59.704000+00:00,True,0.0,0.0,4.518,observed
xauusd_ticks_2026-06-25T18-00-00-000Z.json,2026-06-25 18:00:00+00:00,1055845,ok,21117,2026-06-25 18:00:00.107000+00:00,2026-06-25 18:59:59.977000+00:00,True,0.0,0.0,4.319,observed
xauusd_ticks_2026-06-25T19-00-00-000Z.json,2026-06-25 19:00:00+00:00,1009198,ok,20184,2026-06-25 19:00:00.028000+00:00,2026-06-25 19:59:59.997000+00:00,True,0.0,0.0,5.702,observed
xauusd_ticks_2026-06-25T20-00-00-000Z.json,2026-06-25 20:00:00+00:00,321251,ok,6425,2026-06-25 20:00:00.048000+00:00,2026-06-25 20:59:59.346000+00:00,True,0.0,0.0,28.097,observed
xauusd_ticks_2026-06-26T00-00-00-000Z.json,2026-06-26 00:00:00+00:00,866944,ok,17339,2026-06-26 00:00:00.054000+00:00,2026-06-26 00:59:59.996000+00:00,True,0.0,0.0,5.587,observed
xauusd_ticks_2026-06-26T01-00-00-000Z.json,2026-06-26 01:00:00+00:00,1039297,ok,20786,2026-06-26 01:00:00.097000+00:00,2026-06-26 01:59:59.334000+00:00,True,0.0,0.0,3.717,observed
xauusd_ticks_2026-06-26T06-00-00-000Z.json,2026-06-26 06:00:00+00:00,969188,ok,19384,2026-06-26 06:00:00.030000+00:00,2026-06-26 06:59:59.880000+00:00,True,0.0,0.0,5.429,observed
xauusd_ticks_2026-06-26T11-00-00-000Z.json,2026-06-26 11:00:00+00:00,608045,ok,12161,2026-06-26 11:00:00.015000+00:00,2026-06-26 11:59:59.736000+00:00,True,0.0,0.0,12.464,observed
xauusd_ticks_2026-06-26T12-00-00-000Z.json,2026-06-26 12:00:00+00:00,820093,ok,16402,2026-06-26 12:00:00.089000+00:00,2026-06-26 12:59:59.736000+00:00,True,0.0,0.0,7.107,observed
xauusd_ticks_2026-06-26T14-00-00-000Z.json,2026-06-26 14:00:00+00:00,1568805,ok,31377,2026-06-26 14:00:00.096000+00:00,2026-06-26 14:59:59.870000+00:00,True,0.0,0.0,2.156,observed
xauusd_ticks_2026-06-26T19-00-00-000Z.json,2026-06-26 19:00:00+00:00,781296,ok,15626,2026-06-26 19:00:00.125000+00:00,2026-06-26 19:59:59.939000+00:00,True,0.0,0.0,7.034,observed
xauusd_ticks_2026-06-29T06-00-00-000Z.json,2026-06-29 06:00:00+00:00,786747,ok,15735,2026-06-29 06:00:00.101000+00:00,2026-06-29 06:59:59.987000+00:00,True,0.0,0.0,6.238,observed
xauusd_ticks_2026-06-29T07-00-00-000Z.json,2026-06-29 07:00:00+00:00,534299,ok,10686,2026-06-29 07:00:00.088000+00:00,2026-06-29 07:59:59.713000+00:00,True,0.0,0.0,6.979,observed
xauusd_ticks_2026-06-29T11-00-00-000Z.json,2026-06-29 11:00:00+00:00,556149,ok,11123,2026-06-29 11:00:00.056000+00:00,2026-06-29 11:59:59.553000+00:00,True,0.0,0.0,7.108,observed
xauusd_ticks_2026-06-29T12-00-00-000Z.json,2026-06-29 12:00:00+00:00,592245,ok,11845,2026-06-29 12:00:00.107000+00:00,2026-06-29 12:59:58.752000+00:00,True,0.0,0.0,5.827,observed
xauusd_ticks_2026-06-29T13-00-00-000Z.json,2026-06-29 13:00:00+00:00,987679,ok,19754,2026-06-29 13:00:00.079000+00:00,2026-06-29 13:59:59.909000+00:00,True,0.0,0.0,5.747,observed
xauusd_ticks_2026-06-29T14-00-00-000Z.json,2026-06-29 14:00:00+00:00,1567801,ok,31357,2026-06-29 14:00:00.111000+00:00,2026-06-29 14:59:59.771000+00:00,True,0.0,0.0,1.868,observed
xauusd_ticks_2026-06-29T15-00-00-000Z.json,2026-06-29 15:00:00+00:00,1421860,ok,28438,2026-06-29 15:00:00.023000+00:00,2026-06-29 15:59:59.440000+00:00,True,0.0,0.0,3.613,observed
xauusd_ticks_2026-06-29T19-00-00-000Z.json,2026-06-29 19:00:00+00:00,2,empty,0,,,,,,,unknown
xauusd_ticks_2026-06-29T20-00-00-000Z.json,2026-06-29 20:00:00+00:00,152044,ok,3041,2026-06-29 20:00:00.032000+00:00,2026-06-29 20:59:59.874000+00:00,True,0.0,0.0,22.61,observed
xauusd_ticks_2026-06-29T23-00-00-000Z.json,2026-06-29 23:00:00+00:00,316700,ok,6334,2026-06-29 23:00:00.074000+00:00,2026-06-29 23:59:59.681000+00:00,True,0.0,0.0,15.114,observed
xauusd_ticks_2026-06-30T04-00-00-000Z.json,2026-06-30 04:00:00+00:00,527795,ok,10556,2026-06-30 04:00:00+00:00,2026-06-30 04:59:59.854000+00:00,True,0.0,0.0,9.631,observed
xauusd_ticks_2026-06-30T05-00-00-000Z.json,2026-06-30 05:00:00+00:00,683701,ok,13674,2026-06-30 05:00:00.157000+00:00,2026-06-30 05:59:59.073000+00:00,True,0.0,0.0,6.98,observed
xauusd_ticks_2026-06-30T07-00-00-000Z.json,2026-06-30 07:00:00+00:00,728549,ok,14571,2026-06-30 07:00:00.056000+00:00,2026-06-30 07:59:59.858000+00:00,True,0.0,0.0,9.145,observed
xauusd_ticks_2026-06-30T12-00-00-000Z.json,2026-06-30 12:00:00+00:00,745201,ok,14904,2026-06-30 12:00:00.034000+00:00,2026-06-30 12:59:59.969000+00:00,True,0.0,0.0,5.746,observed
xauusd_ticks_2026-07-01T09-00-00-000Z.json,2026-07-01 09:00:00+00:00,489601,ok,9792,2026-07-01 09:00:00.102000+00:00,2026-07-01 09:59:59.214000+00:00,True,0.0,0.0,7.022,observed
xauusd_ticks_2026-07-01T14-00-00-000Z.json,2026-07-01 14:00:00+00:00,1434545,ok,28691,2026-07-01 14:00:00.014000+00:00,2026-07-01 14:59:59.907000+00:00,True,0.0,0.0,2.008,observed
xauusd_ticks_2026-07-01T15-00-00-000Z.json,2026-07-01 15:00:00+00:00,961801,ok,19236,2026-07-01 15:00:00.058000+00:00,2026-07-01 15:59:59.985000+00:00,True,0.0,0.0,3.202,observed
xauusd_ticks_2026-07-01T17-00-00-000Z.json,2026-07-01 17:00:00+00:00,638151,ok,12763,2026-07-01 17:00:00.079000+00:00,2026-07-01 17:59:59.956000+00:00,True,0.0,0.0,8.547,observed
xauusd_ticks_2026-07-01T22-00-00-000Z.json,2026-07-01 22:00:00+00:00,266901,ok,5338,2026-07-01 22:00:00.813000+00:00,2026-07-01 22:59:57.786000+00:00,True,0.0,0.0,16.996,observed
xauusd_ticks_2026-07-02T08-00-00-000Z.json,2026-07-02 08:00:00+00:00,680251,ok,13605,2026-07-02 08:00:00.048000+00:00,2026-07-02 08:59:59.979000+00:00,True,0.0,0.0,8.043,observed
xauusd_ticks_2026-07-02T13-00-00-000Z.json,2026-07-02 13:00:00+00:00,1524344,ok,30487,2026-07-02 13:00:00.061000+00:00,2026-07-02 13:59:59.850000+00:00,True,0.0,0.0,1.803,observed
xauusd_ticks_2026-07-02T14-00-00-000Z.json,2026-07-02 14:00:00+00:00,1542998,ok,30860,2026-07-02 14:00:00.051000+00:00,2026-07-02 14:59:59.903000+00:00,True,0.0,0.0,1.703,observed
xauusd_ticks_2026-07-02T16-00-00-000Z.json,2026-07-02 16:00:00+00:00,1094000,ok,21880,2026-07-02 16:00:00.042000+00:00,2026-07-02 16:59:59.992000+00:00,True,0.0,0.0,3.39,observed
xauusd_ticks_2026-07-02T21-00-00-000Z.json,2026-07-02 21:00:00+00:00,2,empty,0,,,,,,,unknown
xauusd_ticks_2026-07-02T22-00-00-000Z.json,2026-07-02 22:00:00+00:00,143401,ok,2868,2026-07-02 22:00:01.148000+00:00,2026-07-02 22:59:58.654000+00:00,True,0.0,0.0,38.236,observed
xauusd_ticks_2026-07-03T00-00-00-000Z.json,2026-07-03 00:00:00+00:00,783601,ok,15672,2026-07-03 00:00:00.092000+00:00,2026-07-03 00:59:59.712000+00:00,True,0.0,0.0,5.234,observed
xauusd_ticks_2026-07-03T03-00-00-000Z.json,2026-07-03 03:00:00+00:00,552951,ok,11059,2026-07-03 03:00:00.075000+00:00,2026-07-03 03:59:59.826000+00:00,True,0.0,0.0,9.471,observed
xauusd_ticks_2026-07-03T04-00-00-000Z.json,2026-07-03 04:00:00+00:00,407050,ok,8141,2026-07-03 04:00:00.077000+00:00,2026-07-03 04:59:57.779000+00:00,True,0.0,0.0,13.39,observed
xauusd_ticks_2026-07-03T05-00-00-000Z.json,2026-07-03 05:00:00+00:00,649551,ok,12991,2026-07-03 05:00:00.184000+00:00,2026-07-03 05:59:59.991000+00:00,True,0.0,0.0,7.917,observed
xauusd_ticks_2026-07-03T06-00-00-000Z.json,2026-07-03 06:00:00+00:00,708600,ok,14172,2026-07-03 06:00:00.042000+00:00,2026-07-03 06:59:58.719000+00:00,True,0.0,0.0,4.988,observed
xauusd_ticks_2026-07-03T08-00-00-000Z.json,2026-07-03 08:00:00+00:00,514894,ok,10298,2026-07-03 08:00:00.030000+00:00,2026-07-03 08:59:59.631000+00:00,True,0.0,0.0,12.61,observed
xauusd_ticks_2026-07-03T11-00-00-000Z.json,2026-07-03 11:00:00+00:00,384599,ok,7692,2026-07-03 11:00:00.109000+00:00,2026-07-03 11:59:59.297000+00:00,True,0.0,0.0,10.142,observed
xauusd_ticks_2026-07-03T13-00-00-000Z.json,2026-07-03 13:00:00+00:00,670401,ok,13408,2026-07-03 13:00:00.089000+00:00,2026-07-03 13:59:59.495000+00:00,True,0.0,0.0,7.126,observed
xauusd_ticks_2026-07-05T22-00-00-000Z.json,2026-07-05 22:00:00+00:00,450901,ok,9018,2026-07-05 22:00:01.514000+00:00,2026-07-05 22:59:59.082000+00:00,True,0.0,0.0,11.529,observed
xauusd_ticks_2026-07-05T23-00-00-000Z.json,2026-07-05 23:00:00+00:00,408250,ok,8165,2026-07-05 23:00:00.086000+00:00,2026-07-05 23:59:59.836000+00:00,True,0.0,0.0,15.842,observed
xauusd_ticks_2026-07-06T03-00-00-000Z.json,2026-07-06 03:00:00+00:00,705848,ok,14117,2026-07-06 03:00:00.092000+00:00,2026-07-06 03:59:58.583000+00:00,True,0.0,0.0,5.114,observed
xauusd_ticks_2026-07-06T04-00-00-000Z.json,2026-07-06 04:00:00+00:00,495251,ok,9905,2026-07-06 04:00:00.036000+00:00,2026-07-06 04:59:59.203000+00:00,True,0.0,0.0,7.427,observed
xauusd_ticks_2026-07-06T05-00-00-000Z.json,2026-07-06 05:00:00+00:00,799399,ok,15988,2026-07-06 05:00:00.007000+00:00,2026-07-06 05:59:59.874000+00:00,True,0.0,0.0,4.559,observed
xauusd_ticks_2026-07-06T06-00-00-000Z.json,2026-07-06 06:00:00+00:00,568399,ok,11368,2026-07-06 06:00:00.024000+00:00,2026-07-06 06:59:58.921000+00:00,True,0.0,0.0,7.18,observed
xauusd_ticks_2026-07-06T07-00-00-000Z.json,2026-07-06 07:00:00+00:00,453251,ok,9065,2026-07-06 07:00:00.073000+00:00,2026-07-06 07:59:59.592000+00:00,True,0.0,0.0,7.996,observed
xauusd_ticks_2026-07-06T11-00-00-000Z.json,2026-07-06 11:00:00+00:00,436350,ok,8727,2026-07-06 11:00:00.127000+00:00,2026-07-06 11:59:57.713000+00:00,True,0.0,0.0,13.545,observed
xauusd_ticks_2026-07-06T12-00-00-000Z.json,2026-07-06 12:00:00+00:00,720683,ok,14414,2026-07-06 12:00:00.068000+00:00,2026-07-06 12:59:59.801000+00:00,True,0.0,0.0,6.071,observed
xauusd_ticks_2026-07-07T00-00-00-000Z.json,2026-07-07 00:00:00+00:00,666701,ok,13334,2026-07-07 00:00:00.087000+00:00,2026-07-07 00:59:59.302000+00:00,True,0.0,0.0,6.114,observed
xauusd_ticks_2026-07-07T02-00-00-000Z.json,2026-07-07 02:00:00+00:00,644750,ok,12895,2026-07-07 02:00:00.100000+00:00,2026-07-07 02:59:59.995000+00:00,True,0.0,0.0,5.932,observed
xauusd_ticks_2026-07-07T03-00-00-000Z.json,2026-07-07 03:00:00+00:00,639501,ok,12790,2026-07-07 03:00:00.046000+00:00,2026-07-07 03:59:59.653000+00:00,True,0.0,0.0,7.32,observed
xauusd_ticks_2026-07-07T05-00-00-000Z.json,2026-07-07 05:00:00+00:00,786198,ok,15724,2026-07-07 05:00:00.075000+00:00,2026-07-07 05:59:59.902000+00:00,True,0.0,0.0,5.767,observed
xauusd_ticks_2026-07-07T06-00-00-000Z.json,2026-07-07 06:00:00+00:00,630900,ok,12618,2026-07-07 06:00:00.205000+00:00,2026-07-07 06:59:59.963000+00:00,True,0.0,0.0,6.442,observed
xauusd_ticks_2026-07-07T07-00-00-000Z.json,2026-07-07 07:00:00+00:00,472050,ok,9441,2026-07-07 07:00:00.064000+00:00,2026-07-07 07:59:59.962000+00:00,True,0.0,0.0,9.689,observed
xauusd_ticks_2026-07-07T08-00-00-000Z.json,2026-07-07 08:00:00+00:00,559596,ok,11192,2026-07-07 08:00:00.063000+00:00,2026-07-07 08:59:59.830000+00:00,True,0.0,0.0,6.554,observed
xauusd_ticks_2026-07-07T09-00-00-000Z.json,2026-07-07 09:00:00+00:00,552699,ok,11054,2026-07-07 09:00:00.081000+00:00,2026-07-07 09:59:59.966000+00:00,True,0.0,0.0,10.509,observed
xauusd_ticks_2026-07-07T10-00-00-000Z.json,2026-07-07 10:00:00+00:00,427349,ok,8547,2026-07-07 10:00:00.017000+00:00,2026-07-07 10:59:59.374000+00:00,True,0.0,0.0,9.326,observed
xauusd_ticks_2026-07-07T11-00-00-000Z.json,2026-07-07 11:00:00+00:00,2,empty,0,,,,,,,unknown
xauusd_ticks_2026-07-07T13-00-00-000Z.json,2026-07-07 13:00:00+00:00,1190426,ok,23809,2026-07-07 13:00:00.100000+00:00,2026-07-07 13:59:59.671000+00:00,True,0.0,0.0,4.817,observed
xauusd_ticks_2026-07-07T15-00-00-000Z.json,2026-07-07 15:00:00+00:00,915900,ok,18318,2026-07-07 15:00:00.092000+00:00,2026-07-07 15:59:59.788000+00:00,True,0.0,0.0,3.806,observed
xauusd_ticks_2026-07-07T16-00-00-000Z.json,2026-07-07 16:00:00+00:00,688101,ok,13762,2026-07-07 16:00:00.089000+00:00,2026-07-07 16:59:59.815000+00:00,True,0.0,0.0,6.641,observed
xauusd_ticks_2026-07-08T00-00-00-000Z.json,2026-07-08 00:00:00+00:00,1044401,ok,20888,2026-07-08 00:00:00.020000+00:00,2026-07-08 00:59:59.946000+00:00,True,0.0,0.0,4.712,observed
xauusd_ticks_2026-07-08T05-00-00-000Z.json,2026-07-08 05:00:00+00:00,1142749,ok,22855,2026-07-08 05:00:00.050000+00:00,2026-07-08 05:59:59.886000+00:00,True,0.0,0.0,6.98,observed
xauusd_ticks_2026-07-08T06-00-00-000Z.json,2026-07-08 06:00:00+00:00,962000,ok,19240,2026-07-08 06:00:00.036000+00:00,2026-07-08 06:59:59.976000+00:00,True,0.0,0.0,5.065,observed
xauusd_ticks_2026-07-08T08-00-00-000Z.json,2026-07-08 08:00:00+00:00,1488082,ok,29763,2026-07-08 08:00:00.003000+00:00,2026-07-08 08:59:59.867000+00:00,True,0.0,0.0,4.745,observed
xauusd_ticks_2026-07-08T11-00-00-000Z.json,2026-07-08 11:00:00+00:00,2,empty,0,,,,,,,unknown
xauusd_ticks_2026-07-08T12-00-00-000Z.json,2026-07-08 12:00:00+00:00,1240085,ok,24802,2026-07-08 12:00:00.074000+00:00,2026-07-08 12:59:59.986000+00:00,True,0.0,0.0,2.809,observed
xauusd_ticks_2026-07-08T13-00-00-000Z.json,2026-07-08 13:00:00+00:00,1645350,ok,32909,2026-07-08 13:00:00.037000+00:00,2026-07-08 13:59:59.994000+00:00,True,0.0,0.0,1.903,observed
xauusd_ticks_2026-07-08T14-00-00-000Z.json,2026-07-08 14:00:00+00:00,1789458,ok,35790,2026-07-08 14:00:00.095000+00:00,2026-07-08 14:59:59.817000+00:00,True,0.0,0.0,2.056,observed
xauusd_ticks_2026-07-08T19-00-00-000Z.json,2026-07-08 19:00:00+00:00,908051,ok,18161,2026-07-08 19:00:00.047000+00:00,2026-07-08 19:59:59.919000+00:00,True,0.0,0.0,5.105,observed
xauusd_ticks_2026-07-08T23-00-00-000Z.json,2026-07-08 23:00:00+00:00,227101,ok,4542,2026-07-08 23:00:01.110000+00:00,2026-07-08 23:59:59.077000+00:00,True,0.0,0.0,44.662,observed
xauusd_ticks_2026-07-09T02-00-00-000Z.json,2026-07-09 02:00:00+00:00,865299,ok,17306,2026-07-09 02:00:00.079000+00:00,2026-07-09 02:59:59.987000+00:00,True,0.0,0.0,6.188,observed
xauusd_ticks_2026-07-09T04-00-00-000Z.json,2026-07-09 04:00:00+00:00,583401,ok,11668,2026-07-09 04:00:00.062000+00:00,2026-07-09 04:59:59.552000+00:00,True,0.0,0.0,8.096,observed
xauusd_ticks_2026-07-09T05-00-00-000Z.json,2026-07-09 05:00:00+00:00,2,empty,0,,,,,,,unknown
xauusd_ticks_2026-07-09T07-00-00-000Z.json,2026-07-09 07:00:00+00:00,638151,ok,12763,2026-07-09 07:00:00.054000+00:00,2026-07-09 07:59:59.949000+00:00,True,0.0,0.0,7.504,observed
xauusd_ticks_2026-07-09T08-00-00-000Z.json,2026-07-09 08:00:00+00:00,631499,ok,12630,2026-07-09 08:00:00.100000+00:00,2026-07-09 08:59:59.906000+00:00,True,0.0,0.0,6.599,observed
xauusd_ticks_2026-07-09T10-00-00-000Z.json,2026-07-09 10:00:00+00:00,532551,ok,10651,2026-07-09 10:00:00.041000+00:00,2026-07-09 10:59:59.263000+00:00,True,0.0,0.0,11.291,observed
xauusd_ticks_2026-07-09T12-00-00-000Z.json,2026-07-09 12:00:00+00:00,832897,ok,16658,2026-07-09 12:00:00.065000+00:00,2026-07-09 12:59:59.968000+00:00,True,0.0,0.0,4.013,observed
xauusd_ticks_2026-07-09T15-00-00-000Z.json,2026-07-09 15:00:00+00:00,797401,ok,15948,2026-07-09 15:00:00.035000+00:00,2026-07-09 15:59:59.915000+00:00,True,0.0,0.0,3.915,observed
xauusd_ticks_2026-07-10T00-00-00-000Z.json,2026-07-10 00:00:00+00:00,569451,ok,11389,2026-07-10 00:00:00.052000+00:00,2026-07-10 00:59:59.952000+00:00,True,0.0,0.0,6.413,observed
xauusd_ticks_2026-07-10T01-00-00-000Z.json,2026-07-10 01:00:00+00:00,999797,ok,19996,2026-07-10 01:00:00.053000+00:00,2026-07-10 01:59:59.890000+00:00,True,0.0,0.0,3.257,observed
xauusd_ticks_2026-07-10T05-00-00-000Z.json,2026-07-10 05:00:00+00:00,714251,ok,14285,2026-07-10 05:00:00.092000+00:00,2026-07-10 05:59:59.888000+00:00,True,0.0,0.0,7.82,observed
xauusd_ticks_2026-07-10T06-00-00-000Z.json,2026-07-10 06:00:00+00:00,626751,ok,12535,2026-07-10 06:00:00.039000+00:00,2026-07-10 06:59:59.176000+00:00,True,0.0,0.0,6.868,observed
xauusd_ticks_2026-07-10T07-00-00-000Z.json,2026-07-10 07:00:00+00:00,436295,ok,8726,2026-07-10 07:00:00.078000+00:00,2026-07-10 07:59:59.720000+00:00,True,0.0,0.0,7.444,observed
xauusd_ticks_2026-07-10T08-00-00-000Z.json,2026-07-10 08:00:00+00:00,554499,ok,11090,2026-07-10 08:00:00.072000+00:00,2026-07-10 08:59:59.111000+00:00,True,0.0,0.0,7.336,observed
xauusd_ticks_2026-07-10T09-00-00-000Z.json,2026-07-10 09:00:00+00:00,439801,ok,8796,2026-07-10 09:00:00.065000+00:00,2026-07-10 09:59:59.805000+00:00,True,0.0,0.0,6.521,observed
xauusd_ticks_2026-07-10T13-00-00-000Z.json,2026-07-10 13:00:00+00:00,1058058,ok,21162,2026-07-10 13:00:00.169000+00:00,2026-07-10 13:59:59.830000+00:00,True,0.0,0.0,3.206,observed
xauusd_ticks_2026-07-10T14-00-00-000Z.json,2026-07-10 14:00:00+00:00,1172201,ok,23450,2026-07-10 14:00:00.081000+00:00,2026-07-10 14:59:59.869000+00:00,True,0.0,0.0,2.564,observed
xauusd_ticks_2026-07-13T00-00-00-000Z.json,2026-07-13 00:00:00+00:00,928001,ok,18560,2026-07-13 00:00:00.005000+00:00,2026-07-13 00:59:59.899000+00:00,True,0.0,0.0,3.863,observed
xauusd_ticks_2026-07-13T05-00-00-000Z.json,2026-07-13 05:00:00+00:00,1058251,ok,21165,2026-07-13 05:00:00.016000+00:00,2026-07-13 05:59:59.967000+00:00,True,0.0,0.0,6.108,observed
xauusd_ticks_2026-07-13T06-00-00-000Z.json,2026-07-13 06:00:00+00:00,849700,ok,16994,2026-07-13 06:00:00.068000+00:00,2026-07-13 06:59:59.941000+00:00,True,0.0,0.0,3.963,observed
xauusd_ticks_2026-07-13T07-00-00-000Z.json,2026-07-13 07:00:00+00:00,672698,ok,13454,2026-07-13 07:00:00.091000+00:00,2026-07-13 07:59:59.969000+00:00,True,0.0,0.0,6.014,observed
xauusd_ticks_2026-07-13T08-00-00-000Z.json,2026-07-13 08:00:00+00:00,700751,ok,14015,2026-07-13 08:00:00.020000+00:00,2026-07-13 08:59:59.349000+00:00,True,0.0,0.0,7.495,observed
xauusd_ticks_2026-07-13T12-00-00-000Z.json,2026-07-13 12:00:00+00:00,830001,ok,16600,2026-07-13 12:00:00.073000+00:00,2026-07-13 12:59:59.727000+00:00,True,0.0,0.0,5.637,observed
xauusd_ticks_2026-07-13T13-00-00-000Z.json,2026-07-13 13:00:00+00:00,1151899,ok,23038,2026-07-13 13:00:00.028000+00:00,2026-07-13 13:59:59.835000+00:00,True,0.0,0.0,3.457,observed
xauusd_ticks_2026-07-13T15-00-00-000Z.json,2026-07-13 15:00:00+00:00,1138224,ok,22765,2026-07-13 15:00:00.072000+00:00,2026-07-13 15:59:59.911000+00:00,True,0.0,0.0,3.009,observed
xauusd_ticks_2026-07-13T20-00-00-000Z.json,2026-07-13 20:00:00+00:00,359601,ok,7192,2026-07-13 20:00:00.076000+00:00,2026-07-13 20:59:59.828000+00:00,True,0.0,0.0,16.737,observed
xauusd_ticks_2026-07-13T23-00-00-000Z.json,2026-07-13 23:00:00+00:00,365901,ok,7318,2026-07-13 23:00:00.068000+00:00,2026-07-13 23:59:59.954000+00:00,True,0.0,0.0,15.511,observed
xauusd_ticks_2026-07-14T00-00-00-000Z.json,2026-07-14 00:00:00+00:00,1146596,ok,22934,2026-07-14 00:00:00.055000+00:00,2026-07-14 00:59:59.999000+00:00,True,0.0,0.0,4.835,observed
xauusd_ticks_2026-07-14T01-00-00-000Z.json,2026-07-14 01:00:00+00:00,1283700,ok,25674,2026-07-14 01:00:00.100000+00:00,2026-07-14 01:59:59.968000+00:00,True,0.0,0.0,3.559,observed
xauusd_ticks_2026-07-14T04-00-00-000Z.json,2026-07-14 04:00:00+00:00,2,empty,0,,,,,,,unknown
xauusd_ticks_2026-07-14T05-00-00-000Z.json,2026-07-14 05:00:00+00:00,801051,ok,16021,2026-07-14 05:00:00.146000+00:00,2026-07-14 05:59:59.800000+00:00,True,0.0,0.0,8.069,observed
xauusd_ticks_2026-07-14T06-00-00-000Z.json,2026-07-14 06:00:00+00:00,664501,ok,13290,2026-07-14 06:00:00.052000+00:00,2026-07-14 06:59:59.889000+00:00,True,0.0,0.0,5.118,observed
xauusd_ticks_2026-07-14T07-00-00-000Z.json,2026-07-14 07:00:00+00:00,719351,ok,14387,2026-07-14 07:00:00.090000+00:00,2026-07-14 07:59:59.750000+00:00,True,0.0,0.0,6.666,observed
xauusd_ticks_2026-07-14T08-00-00-000Z.json,2026-07-14 08:00:00+00:00,689146,ok,13783,2026-07-14 08:00:00.001000+00:00,2026-07-14 08:59:59.778000+00:00,True,0.0,0.0,7.015,observed
xauusd_ticks_2026-07-14T09-00-00-000Z.json,2026-07-14 09:00:00+00:00,2,empty,0,,,,,,,unknown
xauusd_ticks_2026-07-14T12-00-00-000Z.json,2026-07-14 12:00:00+00:00,1154065,ok,23084,2026-07-14 12:00:00.047000+00:00,2026-07-14 12:59:59.907000+00:00,True,0.0,0.0,5.913,observed
xauusd_ticks_2026-07-14T13-00-00-000Z.json,2026-07-14 13:00:00+00:00,1265553,ok,25312,2026-07-14 13:00:00.008000+00:00,2026-07-14 13:59:59.942000+00:00,True,0.0,0.0,1.906,observed
xauusd_ticks_2026-07-14T14-00-00-000Z.json,2026-07-14 14:00:00+00:00,1225315,ok,24518,2026-07-14 14:00:00.043000+00:00,2026-07-14 14:59:59.896000+00:00,True,0.0,0.0,2.405,observed
xauusd_ticks_2026-07-15T00-00-00-000Z.json,2026-07-15 00:00:00+00:00,661551,ok,13231,2026-07-15 00:00:00.087000+00:00,2026-07-15 00:59:59.077000+00:00,True,0.0,0.0,7.365,observed
xauusd_ticks_2026-07-15T05-00-00-000Z.json,2026-07-15 05:00:00+00:00,756707,ok,15136,2026-07-15 05:00:00.086000+00:00,2026-07-15 05:59:59.990000+00:00,True,0.0,0.0,6.317,observed
xauusd_ticks_2026-07-15T06-00-00-000Z.json,2026-07-15 06:00:00+00:00,644749,ok,12895,2026-07-15 06:00:00.041000+00:00,2026-07-15 06:59:59.925000+00:00,True,0.0,0.0,5.111,observed
xauusd_ticks_2026-07-15T07-00-00-000Z.json,2026-07-15 07:00:00+00:00,690298,ok,13806,2026-07-15 07:00:00.076000+00:00,2026-07-15 07:59:59.998000+00:00,True,0.0,0.0,10.089,observed
xauusd_ticks_2026-07-15T08-00-00-000Z.json,2026-07-15 08:00:00+00:00,708349,ok,14167,2026-07-15 08:00:00.099000+00:00,2026-07-15 08:59:56.906000+00:00,True,0.0,0.0,6.087,observed
xauusd_ticks_2026-07-15T12-00-00-000Z.json,2026-07-15 12:00:00+00:00,1071841,ok,21437,2026-07-15 12:00:00.100000+00:00,2026-07-15 12:59:59.905000+00:00,True,0.0,0.0,3.255,observed
xauusd_ticks_2026-07-15T13-00-00-000Z.json,2026-07-15 13:00:00+00:00,1313946,ok,26279,2026-07-15 13:00:00.107000+00:00,2026-07-15 13:59:59.972000+00:00,True,0.0,0.0,3.714,observed
xauusd_ticks_2026-07-15T15-00-00-000Z.json,2026-07-15 15:00:00+00:00,1306247,ok,26125,2026-07-15 15:00:00.003000+00:00,2026-07-15 15:59:59.945000+00:00,True,0.0,0.0,3.912,observed
xauusd_ticks_2026-07-15T20-00-00-000Z.json,2026-07-15 20:00:00+00:00,270351,ok,5407,2026-07-15 20:00:00+00:00,2026-07-15 20:59:59.661000+00:00,True,0.0,0.0,15.689,observed
xauusd_ticks_2026-07-16T00-00-00-000Z.json,2026-07-16 00:00:00+00:00,782001,ok,15640,2026-07-16 00:00:00.002000+00:00,2026-07-16 00:59:59.994000+00:00,True,0.0,0.0,5.314,observed
xauusd_ticks_2026-07-16T05-00-00-000Z.json,2026-07-16 05:00:00+00:00,902699,ok,18054,2026-07-16 05:00:00.072000+00:00,2026-07-16 05:59:59.280000+00:00,True,0.0,0.0,6.269,observed
xauusd_ticks_2026-07-16T06-00-00-000Z.json,2026-07-16 06:00:00+00:00,774249,ok,15485,2026-07-16 06:00:00.032000+00:00,2026-07-16 06:59:59.964000+00:00,True,0.0,0.0,5.213,observed
xauusd_ticks_2026-07-16T08-00-00-000Z.json,2026-07-16 08:00:00+00:00,818548,ok,16371,2026-07-16 08:00:00.036000+00:00,2026-07-16 08:59:59.768000+00:00,True,0.0,0.0,5.613,observed
xauusd_ticks_2026-07-16T13-00-00-000Z.json,2026-07-16 13:00:00+00:00,1663485,ok,33270,2026-07-16 13:00:00.014000+00:00,2026-07-16 13:59:59.639000+00:00,True,0.0,0.0,2.27,observed
xauusd_ticks_2026-07-17T01-00-00-000Z.json,2026-07-17 01:00:00+00:00,1330401,ok,26608,2026-07-17 01:00:00.043000+00:00,2026-07-17 01:59:59.321000+00:00,True,0.0,0.0,3.111,observed
xauusd_ticks_2026-07-17T02-00-00-000Z.json,2026-07-17 02:00:00+00:00,1035050,ok,20701,2026-07-17 02:00:00.023000+00:00,2026-07-17 02:59:59.939000+00:00,True,0.0,0.0,4.012,observed
xauusd_ticks_2026-07-17T06-00-00-000Z.json,2026-07-17 06:00:00+00:00,897451,ok,17949,2026-07-17 06:00:00.071000+00:00,2026-07-17 06:59:59.905000+00:00,True,0.0,0.0,4.259,observed
xauusd_ticks_2026-07-17T07-00-00-000Z.json,2026-07-17 07:00:00+00:00,878098,ok,17562,2026-07-17 07:00:00.056000+00:00,2026-07-17 07:59:59.858000+00:00,True,0.0,0.0,5.215,observed
xauusd_ticks_2026-07-17T08-00-00-000Z.json,2026-07-17 08:00:00+00:00,1036898,ok,20738,2026-07-17 08:00:00.110000+00:00,2026-07-17 08:59:59.881000+00:00,True,0.0,0.0,6.0,observed
xauusd_ticks_2026-07-17T09-00-00-000Z.json,2026-07-17 09:00:00+00:00,839899,ok,16798,2026-07-17 09:00:00.082000+00:00,2026-07-17 09:59:58.613000+00:00,True,0.0,0.0,4.658,observed
xauusd_ticks_2026-07-17T10-00-00-000Z.json,2026-07-17 10:00:00+00:00,791394,ok,15828,2026-07-17 10:00:00.071000+00:00,2026-07-17 10:59:59.776000+00:00,True,0.0,0.0,7.979,observed
xauusd_ticks_2026-07-17T14-00-00-000Z.json,2026-07-17 14:00:00+00:00,1606549,ok,32131,2026-07-17 14:00:00.074000+00:00,2026-07-17 14:59:59.975000+00:00,True,0.0,0.0,2.105,observed
xauusd_ticks_2026-07-17T15-00-00-000Z.json,2026-07-17 15:00:00+00:00,1356340,ok,27127,2026-07-17 15:00:00.025000+00:00,2026-07-17 15:59:59.966000+00:00,True,0.0,0.0,2.757,observed
xauusd_ticks_2026-07-20T03-00-00-000Z.json,2026-07-20 03:00:00+00:00,924601,ok,18492,2026-07-20 03:00:00.132000+00:00,2026-07-20 03:59:59.899000+00:00,True,0.0,0.0,5.312,observed
xauusd_ticks_2026-07-20T08-00-00-000Z.json,2026-07-20 08:00:00+00:00,720845,ok,14417,2026-07-20 08:00:00.013000+00:00,2026-07-20 08:59:59.659000+00:00,True,0.0,0.0,7.593,observed
xauusd_ticks_2026-07-20T09-00-00-000Z.json,2026-07-20 09:00:00+00:00,657250,ok,13145,2026-07-20 09:00:00.111000+00:00,2026-07-20 09:59:58.556000+00:00,True,0.0,0.0,7.549,observed
xauusd_ticks_2026-07-20T11-00-00-000Z.json,2026-07-20 11:00:00+00:00,957757,ok,19156,2026-07-20 11:00:00.076000+00:00,2026-07-20 11:59:59.785000+00:00,True,0.0,0.0,5.633,observed
xauusd_ticks_2026-07-20T14-00-00-000Z.json,2026-07-20 14:00:00+00:00,1274194,ok,25484,2026-07-20 14:00:00.051000+00:00,2026-07-20 14:59:59.914000+00:00,True,0.0,0.0,3.912,observed
xauusd_ticks_2026-07-20T15-00-00-000Z.json,2026-07-20 15:00:00+00:00,1155596,ok,23112,2026-07-20 15:00:00.065000+00:00,2026-07-20 15:59:59.768000+00:00,True,0.0,0.0,4.0,observed
xauusd_ticks_2026-07-20T16-00-00-000Z.json,2026-07-20 16:00:00+00:00,935642,ok,18713,2026-07-20 16:00:00.019000+00:00,2026-07-20 16:59:59.889000+00:00,True,0.0,0.0,6.163,observed
xauusd_ticks_2026-07-20T17-00-00-000Z.json,2026-07-20 17:00:00+00:00,824601,ok,16492,2026-07-20 17:00:00.090000+00:00,2026-07-20 17:59:59.414000+00:00,True,0.0,0.0,5.716,observed
xauusd_ticks_2026-07-20T22-00-00-000Z.json,2026-07-20 22:00:00+00:00,309701,ok,6194,2026-07-20 22:00:00.500000+00:00,2026-07-20 22:59:59.676000+00:00,True,0.0,0.0,16.456,observed
xauusd_ticks_2026-07-21T01-00-00-000Z.json,2026-07-21 01:00:00+00:00,1143049,ok,22861,2026-07-21 01:00:00.085000+00:00,2026-07-21 01:59:59.938000+00:00,True,0.0,0.0,4.332,observed
xauusd_ticks_2026-07-21T06-00-00-000Z.json,2026-07-21 06:00:00+00:00,762451,ok,15249,2026-07-21 06:00:00.063000+00:00,2026-07-21 06:59:59.998000+00:00,True,0.0,0.0,4.363,observed
xauusd_ticks_2026-07-21T07-00-00-000Z.json,2026-07-21 07:00:00+00:00,396400,ok,7928,2026-07-21 07:00:00.049000+00:00,2026-07-21 07:59:58.509000+00:00,True,0.0,0.0,5.527,observed
xauusd_ticks_2026-07-21T09-00-00-000Z.json,2026-07-21 09:00:00+00:00,368801,ok,7376,2026-07-21 09:00:00.089000+00:00,2026-07-21 09:59:58.838000+00:00,True,0.0,0.0,8.486,observed
xauusd_ticks_2026-07-21T11-00-00-000Z.json,2026-07-21 11:00:00+00:00,2,empty,0,,,,,,,unknown
xauusd_ticks_2026-07-21T14-00-00-000Z.json,2026-07-21 14:00:00+00:00,1334730,ok,26695,2026-07-21 14:00:00.026000+00:00,2026-07-21 14:59:59.708000+00:00,True,0.0,0.0,2.658,observed
xauusd_ticks_2026-07-21T16-00-00-000Z.json,2026-07-21 16:00:00+00:00,689850,ok,13797,2026-07-21 16:00:00.067000+00:00,2026-07-21 16:59:59.953000+00:00,True,0.0,0.0,5.86,observed
xauusd_ticks_2026-07-21T17-00-00-000Z.json,2026-07-21 17:00:00+00:00,2,empty,0,,,,,,,unknown
xauusd_ticks_2026-07-21T19-00-00-000Z.json,2026-07-21 19:00:00+00:00,2,empty,0,,,,,,,unknown
xauusd_ticks_2026-07-21T23-00-00-000Z.json,2026-07-21 23:00:00+00:00,189451,ok,3789,2026-07-21 23:00:01.515000+00:00,2026-07-21 23:59:59.994000+00:00,True,0.0,0.0,33.207,observed
xauusd_ticks_2026-07-22T00-00-00-000Z.json,2026-07-22 00:00:00+00:00,858050,ok,17161,2026-07-22 00:00:00.096000+00:00,2026-07-22 00:59:59.854000+00:00,True,0.0,0.0,4.559,observed
xauusd_ticks_2026-07-22T04-00-00-000Z.json,2026-07-22 04:00:00+00:00,594001,ok,11880,2026-07-22 04:00:00.150000+00:00,2026-07-22 04:59:59.958000+00:00,True,0.0,0.0,8.372,observed
xauusd_ticks_2026-07-22T05-00-00-000Z.json,2026-07-22 05:00:00+00:00,882851,ok,17657,2026-07-22 05:00:00.009000+00:00,2026-07-22 05:59:59.073000+00:00,True,0.0,0.0,4.618,observed
xauusd_ticks_2026-07-22T06-00-00-000Z.json,2026-07-22 06:00:00+00:00,848999,ok,16980,2026-07-22 06:00:00.076000+00:00,2026-07-22 06:59:59.770000+00:00,True,0.0,0.0,6.618,observed
xauusd_ticks_2026-07-22T07-00-00-000Z.json,2026-07-22 07:00:00+00:00,761544,ok,15231,2026-07-22 07:00:00.071000+00:00,2026-07-22 07:59:59.280000+00:00,True,0.0,0.0,6.231,observed
xauusd_ticks_2026-07-22T08-00-00-000Z.json,2026-07-22 08:00:00+00:00,754898,ok,15098,2026-07-22 08:00:00.033000+00:00,2026-07-22 08:59:59.073000+00:00,True,0.0,0.0,6.681,observed
xauusd_ticks_2026-07-22T12-00-00-000Z.json,2026-07-22 12:00:00+00:00,936242,ok,18725,2026-07-22 12:00:00.097000+00:00,2026-07-22 12:59:59.614000+00:00,True,0.0,0.0,3.658,observed
xauusd_ticks_2026-07-22T13-00-00-000Z.json,2026-07-22 13:00:00+00:00,1236390,ok,24728,2026-07-22 13:00:00.065000+00:00,2026-07-22 13:59:59.899000+00:00,True,0.0,0.0,3.257,observed
xauusd_ticks_2026-07-22T14-00-00-000Z.json,2026-07-22 14:00:00+00:00,1348041,ok,26961,2026-07-22 14:00:00.050000+00:00,2026-07-22 14:59:59.989000+00:00,True,0.0,0.0,2.557,observed
xauusd_ticks_2026-07-22T15-00-00-000Z.json,2026-07-22 15:00:00+00:00,1087748,ok,21755,2026-07-22 15:00:00.040000+00:00,2026-07-22 15:59:59.890000+00:00,True,0.0,0.0,4.259,observed
xauusd_ticks_2026-07-22T19-00-00-000Z.json,2026-07-22 19:00:00+00:00,893195,ok,17864,2026-07-22 19:00:00.062000+00:00,2026-07-22 19:59:59.797000+00:00,True,0.0,0.0,4.666,observed
xauusd_ticks_2026-07-22T20-00-00-000Z.json,2026-07-22 20:00:00+00:00,476743,ok,9547,2026-07-22 20:00:00.098000+00:00,2026-07-22 20:59:59.757000+00:00,True,0.0,0.0,9.124,observed
xauusd_ticks_2026-07-22T21-00-00-000Z.json,2026-07-22 21:00:00+00:00,2,empty,0,,,,,,,unknown
xauusd_ticks_2026-07-22T22-00-00-000Z.json,2026-07-22 22:00:00+00:00,465397,ok,9308,2026-07-22 22:00:00.919000+00:00,2026-07-22 22:59:57.157000+00:00,True,0.0,0.0,11.54,observed
xauusd_ticks_2026-07-22T23-00-00-000Z.json,2026-07-22 23:00:00+00:00,457101,ok,9142,2026-07-22 23:00:00.064000+00:00,2026-07-22 23:59:59.878000+00:00,True,0.0,0.0,14.985,observed
xauusd_ticks_2026-07-23T00-00-00-000Z.json,2026-07-23 00:00:00+00:00,649001,ok,12980,2026-07-23 00:00:00.079000+00:00,2026-07-23 00:59:59.883000+00:00,True,0.0,0.0,7.736,observed
xauusd_ticks_2026-07-23T03-00-00-000Z.json,2026-07-23 03:00:00+00:00,722751,ok,14455,2026-07-23 03:00:00.087000+00:00,2026-07-23 03:59:59.249000+00:00,True,0.0,0.0,8.771,observed
xauusd_ticks_2026-07-23T04-00-00-000Z.json,2026-07-23 04:00:00+00:00,580751,ok,11615,2026-07-23 04:00:00.003000+00:00,2026-07-23 04:59:59.492000+00:00,True,0.0,0.0,8.917,observed
xauusd_ticks_2026-07-23T05-00-00-000Z.json,2026-07-23 05:00:00+00:00,809401,ok,16188,2026-07-23 05:00:00.094000+00:00,2026-07-23 05:59:59.692000+00:00,True,0.0,0.0,5.562,observed
xauusd_ticks_2026-07-23T06-00-00-000Z.json,2026-07-23 06:00:00+00:00,707799,ok,14156,2026-07-23 06:00:00.043000+00:00,2026-07-23 06:59:59.643000+00:00,True,0.0,0.0,5.716,observed
xauusd_ticks_2026-07-23T07-00-00-000Z.json,2026-07-23 07:00:00+00:00,910586,ok,18212,2026-07-23 07:00:00.057000+00:00,2026-07-23 07:59:58.846000+00:00,True,0.0,0.0,4.485,observed
xauusd_ticks_2026-07-23T08-00-00-000Z.json,2026-07-23 08:00:00+00:00,740038,ok,14801,2026-07-23 08:00:00.050000+00:00,2026-07-23 08:59:59.951000+00:00,True,0.0,0.0,4.664,observed
xauusd_ticks_2026-07-23T09-00-00-000Z.json,2026-07-23 09:00:00+00:00,666744,ok,13335,2026-07-23 09:00:00.051000+00:00,2026-07-23 09:59:59.905000+00:00,True,0.0,0.0,6.318,observed
xauusd_ticks_2026-07-23T10-00-00-000Z.json,2026-07-23 10:00:00+00:00,640688,ok,12814,2026-07-23 10:00:00.056000+00:00,2026-07-23 10:59:59.394000+00:00,True,0.0,0.0,7.19,observed
xauusd_ticks_2026-07-23T11-00-00-000Z.json,2026-07-23 11:00:00+00:00,823446,ok,16469,2026-07-23 11:00:00.096000+00:00,2026-07-23 11:59:59.748000+00:00,True,0.0,0.0,4.866,observed
xauusd_ticks_2026-07-23T12-00-00-000Z.json,2026-07-23 12:00:00+00:00,1043983,ok,20880,2026-07-23 12:00:00.099000+00:00,2026-07-23 12:59:59.924000+00:00,True,0.0,0.0,4.466,observed
xauusd_ticks_2026-07-23T13-00-00-000Z.json,2026-07-23 13:00:00+00:00,1611331,ok,32227,2026-07-23 13:00:00.025000+00:00,2026-07-23 13:59:59.943000+00:00,True,0.0,0.0,2.26,observed
xauusd_ticks_2026-07-23T17-00-00-000Z.json,2026-07-23 17:00:00+00:00,914348,ok,18287,2026-07-23 17:00:00.144000+00:00,2026-07-23 17:59:59.842000+00:00,True,0.0,0.0,3.913,observed
xauusd_ticks_2026-07-23T18-00-00-000Z.json,2026-07-23 18:00:00+00:00,896212,ok,17925,2026-07-23 18:00:00.095000+00:00,2026-07-23 18:59:59.525000+00:00,True,0.0,0.0,5.012,observed
xauusd_ticks_2026-07-24T00-00-00-000Z.json,2026-07-24 00:00:00+00:00,665551,ok,13311,2026-07-24 00:00:00.021000+00:00,2026-07-24 00:59:59.977000+00:00,True,0.0,0.0,5.414,observed
xauusd_ticks_2026-07-24T01-00-00-000Z.json,2026-07-24 01:00:00+00:00,965601,ok,19312,2026-07-24 01:00:00.078000+00:00,2026-07-24 01:59:59.399000+00:00,True,0.0,0.0,3.276,observed
xauusd_ticks_2026-07-24T02-00-00-000Z.json,2026-07-24 02:00:00+00:00,857101,ok,17142,2026-07-24 02:00:00.101000+00:00,2026-07-24 02:59:59.932000+00:00,True,0.0,0.0,6.463,observed
xauusd_ticks_2026-07-24T03-00-00-000Z.json,2026-07-24 03:00:00+00:00,638200,ok,12764,2026-07-24 03:00:00.083000+00:00,2026-07-24 03:59:58.237000+00:00,True,0.0,0.0,7.717,observed
xauusd_ticks_2026-07-24T05-00-00-000Z.json,2026-07-24 05:00:00+00:00,733501,ok,14670,2026-07-24 05:00:00.156000+00:00,2026-07-24 05:59:59.669000+00:00,True,0.0,0.0,6.518,observed
xauusd_ticks_2026-07-24T06-00-00-000Z.json,2026-07-24 06:00:00+00:00,661801,ok,13236,2026-07-24 06:00:00.021000+00:00,2026-07-24 06:59:59.937000+00:00,True,0.0,0.0,8.135,observed
xauusd_ticks_2026-07-24T07-00-00-000Z.json,2026-07-24 07:00:00+00:00,692093,ok,13842,2026-07-24 07:00:00.038000+00:00,2026-07-24 07:59:59.771000+00:00,True,0.0,0.0,7.784,observed
xauusd_ticks_2026-07-24T08-00-00-000Z.json,2026-07-24 08:00:00+00:00,571396,ok,11428,2026-07-24 08:00:00.095000+00:00,2026-07-24 08:59:58.907000+00:00,True,0.0,0.0,6.172,observed
xauusd_ticks_2026-07-24T09-00-00-000Z.json,2026-07-24 09:00:00+00:00,451249,ok,9025,2026-07-24 09:00:00.110000+00:00,2026-07-24 09:59:59.570000+00:00,True,0.0,0.0,9.279,observed
xauusd_ticks_2026-07-24T10-00-00-000Z.json,2026-07-24 10:00:00+00:00,295200,ok,5904,2026-07-24 10:00:00.173000+00:00,2026-07-24 10:59:59.256000+00:00,True,0.0,0.0,12.562,observed
xauusd_ticks_2026-07-24T11-00-00-000Z.json,2026-07-24 11:00:00+00:00,319449,ok,6389,2026-07-24 11:00:00.110000+00:00,2026-07-24 11:59:59.617000+00:00,True,0.0,0.0,17.855,observed
xauusd_ticks_2026-07-24T13-00-00-000Z.json,2026-07-24 13:00:00+00:00,773842,ok,15477,2026-07-24 13:00:00.006000+00:00,2026-07-24 13:59:59.822000+00:00,True,0.0,0.0,5.9,observed
xauusd_ticks_2026-07-24T14-00-00-000Z.json,2026-07-24 14:00:00+00:00,915648,ok,18313,2026-07-24 14:00:00.076000+00:00,2026-07-24 14:59:59.653000+00:00,True,0.0,0.0,5.26,observed
xauusd_ticks_2026-07-24T15-00-00-000Z.json,2026-07-24 15:00:00+00:00,882486,ok,17650,2026-07-24 15:00:00.097000+00:00,2026-07-24 15:59:59.944000+00:00,True,0.0,0.0,4.712,observed
xauusd_ticks_2026-07-24T16-00-00-000Z.json,2026-07-24 16:00:00+00:00,499496,ok,9990,2026-07-24 16:00:00.045000+00:00,2026-07-24 16:59:58.335000+00:00,True,0.0,0.0,5.869,observed
xauusd_ticks_2026-07-26T23-00-00-000Z.json,2026-07-26 23:00:00+00:00,2,empty,0,,,,,,,unknown
xauusd_ticks_2026-07-27T00-00-00-000Z.json,2026-07-27 00:00:00+00:00,439228,ok,8787,2026-07-27 00:00:00.110000+00:00,2026-07-27 00:59:58.109000+00:00,True,0.0,0.0,7.315,observed
xauusd_ticks_2026-07-27T04-00-00-000Z.json,2026-07-27 04:00:00+00:00,246051,ok,4921,2026-07-27 04:00:00.119000+00:00,2026-07-27 04:59:59.754000+00:00,True,0.0,0.0,15.345,observed
xauusd_ticks_2026-07-27T05-00-00-000Z.json,2026-07-27 05:00:00+00:00,350200,ok,7004,2026-07-27 05:00:00.056000+00:00,2026-07-27 05:59:59.975000+00:00,True,0.0,0.0,11.295,observed
xauusd_ticks_2026-07-27T06-00-00-000Z.json,2026-07-27 06:00:00+00:00,303144,ok,6063,2026-07-27 06:00:00.227000+00:00,2026-07-27 06:59:59.993000+00:00,True,0.0,0.0,12.337,observed
xauusd_ticks_2026-07-27T07-00-00-000Z.json,2026-07-27 07:00:00+00:00,446500,ok,8930,2026-07-27 07:00:00.094000+00:00,2026-07-27 07:59:59.756000+00:00,True,0.0,0.0,7.582,observed
xauusd_ticks_2026-07-27T08-00-00-000Z.json,2026-07-27 08:00:00+00:00,418500,ok,8370,2026-07-27 08:00:00.107000+00:00,2026-07-27 08:59:59+00:00,True,0.0,0.0,11.21,observed
xauusd_ticks_2026-07-27T12-00-00-000Z.json,2026-07-27 12:00:00+00:00,541201,ok,10824,2026-07-27 12:00:00.102000+00:00,2026-07-27 12:59:59.722000+00:00,True,0.0,0.0,13.168,observed
xauusd_ticks_2026-07-27T13-00-00-000Z.json,2026-07-27 13:00:00+00:00,1042497,ok,20850,2026-07-27 13:00:00.074000+00:00,2026-07-27 13:59:59.965000+00:00,True,0.0,0.0,4.61,observed
xauusd_ticks_2026-07-27T14-00-00-000Z.json,2026-07-27 14:00:00+00:00,1041642,ok,20833,2026-07-27 14:00:00.066000+00:00,2026-07-27 14:59:59.848000+00:00,True,0.0,0.0,2.919,observed
xauusd_ticks_2026-07-27T16-00-00-000Z.json,2026-07-27 16:00:00+00:00,657250,ok,13145,2026-07-27 16:00:00.054000+00:00,2026-07-27 16:59:59.698000+00:00,True,0.0,0.0,5.3,observed
xauusd_ticks_2026-07-27T21-00-00-000Z.json,2026-07-27 21:00:00+00:00,2,empty,0,,,,,,,unknown
xauusd_ticks_2026-07-27T23-00-00-000Z.json,2026-07-27 23:00:00+00:00,128551,ok,2571,2026-07-27 23:00:01.164000+00:00,2026-07-27 23:59:59.826000+00:00,True,0.0,0.0,28.972,observed
xauusd_ticks_2026-07-28T00-00-00-000Z.json,2026-07-28 00:00:00+00:00,423851,ok,8477,2026-07-28 00:00:00.077000+00:00,2026-07-28 00:59:59.355000+00:00,True,0.0,0.0,7.825,observed
xauusd_ticks_2026-07-28T04-00-00-000Z.json,2026-07-28 04:00:00+00:00,230451,ok,4609,2026-07-28 04:00:00.110000+00:00,2026-07-28 04:59:59.745000+00:00,True,0.0,0.0,14.481,observed
xauusd_ticks_2026-07-28T05-00-00-000Z.json,2026-07-28 05:00:00+00:00,329100,ok,6582,2026-07-28 05:00:00.097000+00:00,2026-07-28 05:59:59.398000+00:00,True,0.0,0.0,9.279,observed
xauusd_ticks_2026-07-28T06-00-00-000Z.json,2026-07-28 06:00:00+00:00,226801,ok,4536,2026-07-28 06:00:00.049000+00:00,2026-07-28 06:59:59.184000+00:00,True,0.0,0.0,16.647,observed
xauusd_ticks_2026-07-28T07-00-00-000Z.json,2026-07-28 07:00:00+00:00,200551,ok,4011,2026-07-28 07:00:00.088000+00:00,2026-07-28 07:59:52.787000+00:00,True,0.0,0.0,13.203,observed
xauusd_ticks_2026-07-28T08-00-00-000Z.json,2026-07-28 08:00:00+00:00,262701,ok,5254,2026-07-28 08:00:00.180000+00:00,2026-07-28 08:59:58.926000+00:00,True,0.0,0.0,15.855,observed
xauusd_ticks_2026-07-28T12-00-00-000Z.json,2026-07-28 12:00:00+00:00,271300,ok,5426,2026-07-28 12:00:00.085000+00:00,2026-07-28 12:59:59.908000+00:00,True,0.0,0.0,11.862,observed
xauusd_ticks_2026-07-28T13-00-00-000Z.json,2026-07-28 13:00:00+00:00,583183,ok,11664,2026-07-28 13:00:00.159000+00:00,2026-07-28 13:59:59.483000+00:00,True,0.0,0.0,10.888,observed
xauusd_ticks_2026-07-28T23-00-00-000Z.json,2026-07-28 23:00:00+00:00,167749,ok,3355,2026-07-28 23:00:00.324000+00:00,2026-07-28 23:59:59.092000+00:00,True,0.0,0.0,21.125,observed
xauusd_ticks_2026-07-29T04-00-00-000Z.json,2026-07-29 04:00:00+00:00,339301,ok,6786,2026-07-29 04:00:00.086000+00:00,2026-07-29 04:59:59.594000+00:00,True,0.0,0.0,15.744,observed
xauusd_ticks_2026-07-29T05-00-00-000Z.json,2026-07-29 05:00:00+00:00,410501,ok,8210,2026-07-29 05:00:00.095000+00:00,2026-07-29 05:59:57.345000+00:00,True,0.0,0.0,13.534,observed
xauusd_ticks_2026-07-29T07-00-00-000Z.json,2026-07-29 07:00:00+00:00,369998,ok,7400,2026-07-29 07:00:00.166000+00:00,2026-07-29 07:59:59.986000+00:00,True,0.0,0.0,8.28,observed
xauusd_ticks_2026-07-29T12-00-00-000Z.json,2026-07-29 12:00:00+00:00,635647,ok,12713,2026-07-29 12:00:00.080000+00:00,2026-07-29 12:59:59.899000+00:00,True,0.0,0.0,6.368,observed
xauusd_ticks_2026-07-29T15-00-00-000Z.json,2026-07-29 15:00:00+00:00,769997,ok,15400,2026-07-29 15:00:00.039000+00:00,2026-07-29 15:59:59.882000+00:00,True,0.0,0.0,3.968,observed
xauusd_ticks_2026-07-29T20-00-00-000Z.json,2026-07-29 20:00:00+00:00,372092,ok,7442,2026-07-29 20:00:00.017000+00:00,2026-07-29 20:59:59.857000+00:00,True,0.0,0.0,17.349,observed
xauusd_ticks_2026-07-29T21-00-00-000Z.json,2026-07-29 21:00:00+00:00,2,empty,0,,,,,,,unknown
xauusd_ticks_2026-07-29T23-00-00-000Z.json,2026-07-29 23:00:00+00:00,270001,ok,5400,2026-07-29 23:00:00.063000+00:00,2026-07-29 23:59:59.906000+00:00,True,0.0,0.0,14.04,observed
xauusd_ticks_2026-07-30T04-00-00-000Z.json,2026-07-30 04:00:00+00:00,2,empty,0,,,,,,,unknown
xauusd_ticks_2026-07-30T09-00-00-000Z.json,2026-07-30 09:00:00+00:00,582401,ok,11648,2026-07-30 09:00:00.116000+00:00,2026-07-30 09:59:59.361000+00:00,True,0.0,0.0,6.568,observed
xauusd_ticks_2026-07-30T10-00-00-000Z.json,2026-07-30 10:00:00+00:00,2,empty,0,,,,,,,unknown
xauusd_ticks_2026-07-30T12-00-00-000Z.json,2026-07-30 12:00:00+00:00,822394,ok,16448,2026-07-30 12:00:00.135000+00:00,2026-07-30 12:59:59.594000+00:00,True,0.0,0.0,4.761,observed
xauusd_ticks_2026-07-30T17-00-00-000Z.json,2026-07-30 17:00:00+00:00,686749,ok,13735,2026-07-30 17:00:00.086000+00:00,2026-07-30 17:59:59.937000+00:00,True,0.0,0.0,5.357,observed
xauusd_ticks_2026-07-30T23-00-00-000Z.json,2026-07-30 23:00:00+00:00,158051,ok,3161,2026-07-30 23:00:00.214000+00:00,2026-07-30 23:59:59.679000+00:00,True,0.0,0.0,22.024,observed
xauusd_ticks_2026-07-31T00-00-00-000Z.json,2026-07-31 00:00:00+00:00,359351,ok,7187,2026-07-31 00:00:00.131000+00:00,2026-07-31 00:59:59.288000+00:00,True,0.0,0.0,20.862,observed
xauusd_ticks_2026-07-31T04-00-00-000Z.json,2026-07-31 04:00:00+00:00,203551,ok,4071,2026-07-31 04:00:00.160000+00:00,2026-07-31 04:59:59.739000+00:00,True,0.0,0.0,23.165,observed
xauusd_ticks_2026-07-31T05-00-00-000Z.json,2026-07-31 05:00:00+00:00,286150,ok,5723,2026-07-31 05:00:00.140000+00:00,2026-07-31 05:59:59.988000+00:00,True,0.0,0.0,13.212,observed
xauusd_ticks_2026-07-31T06-00-00-000Z.json,2026-07-31 06:00:00+00:00,271900,ok,5438,2026-07-31 06:00:00.140000+00:00,2026-07-31 06:59:59.760000+00:00,True,0.0,0.0,15.055,observed
xauusd_ticks_2026-07-31T07-00-00-000Z.json,2026-07-31 07:00:00+00:00,419397,ok,8388,2026-07-31 07:00:00.066000+00:00,2026-07-31 07:59:59.423000+00:00,True,0.0,0.0,7.545,observed
xauusd_ticks_2026-07-31T08-00-00-000Z.json,2026-07-31 08:00:00+00:00,520796,ok,10416,2026-07-31 08:00:00.075000+00:00,2026-07-31 08:59:59.487000+00:00,True,0.0,0.0,7.788,observed
xauusd_ticks_2026-07-31T12-00-00-000Z.json,2026-07-31 12:00:00+00:00,592043,ok,11841,2026-07-31 12:00:00.108000+00:00,2026-07-31 12:59:59.785000+00:00,True,0.0,0.0,5.227,observed
xauusd_ticks_2026-07-31T13-00-00-000Z.json,2026-07-31 13:00:00+00:00,1076091,ok,21522,2026-07-31 13:00:00.036000+00:00,2026-07-31 13:59:59.916000+00:00,True,0.0,0.0,3.61,observed
xauusd_ticks_2026-08-03T00-00-00-000Z.json,2026-08-03 00:00:00+00:00,473801,ok,9476,2026-08-03 00:00:00.064000+00:00,2026-08-03 00:59:59.902000+00:00,True,0.0,0.0,8.38,observed
xauusd_ticks_2026-08-03T05-00-00-000Z.json,2026-08-03 05:00:00+00:00,431349,ok,8627,2026-08-03 05:00:00.094000+00:00,2026-08-03 05:59:59.947000+00:00,True,0.0,0.0,13.104,observed
xauusd_ticks_2026-08-03T06-00-00-000Z.json,2026-08-03 06:00:00+00:00,295401,ok,5908,2026-08-03 06:00:00.048000+00:00,2026-08-03 06:59:59.824000+00:00,True,0.0,0.0,12.127,observed
xauusd_ticks_2026-08-03T08-00-00-000Z.json,2026-08-03 08:00:00+00:00,432750,ok,8655,2026-08-03 08:00:00.124000+00:00,2026-08-03 08:59:59.729000+00:00,True,0.0,0.0,10.147,observed
xauusd_ticks_2026-08-03T13-00-00-000Z.json,2026-08-03 13:00:00+00:00,1037881,ok,20758,2026-08-03 13:00:00.098000+00:00,2026-08-03 13:59:59.814000+00:00,True,0.0,0.0,3.258,observed
xauusd_ticks_2026-08-04T00-00-00-000Z.json,2026-08-04 00:00:00+00:00,336350,ok,6727,2026-08-04 00:00:00.089000+00:00,2026-08-04 00:59:59.845000+00:00,True,0.0,0.0,10.275,observed
xauusd_ticks_2026-08-04T05-00-00-000Z.json,2026-08-04 05:00:00+00:00,357751,ok,7155,2026-08-04 05:00:00.096000+00:00,2026-08-04 05:59:59.732000+00:00,True,0.0,0.0,10.534,observed
xauusd_ticks_2026-08-04T06-00-00-000Z.json,2026-08-04 06:00:00+00:00,241200,ok,4824,2026-08-04 06:00:00.083000+00:00,2026-08-04 06:59:58.473000+00:00,True,0.0,0.0,13.432,observed
xauusd_ticks_2026-08-04T08-00-00-000Z.json,2026-08-04 08:00:00+00:00,457395,ok,9148,2026-08-04 08:00:00.089000+00:00,2026-08-04 08:59:59.981000+00:00,True,0.0,0.0,6.617,observed
xauusd_ticks_2026-08-04T13-00-00-000Z.json,2026-08-04 13:00:00+00:00,1016235,ok,20325,2026-08-04 13:00:00.069000+00:00,2026-08-04 13:59:59.839000+00:00,True,0.0,0.0,8.117,observed
xauusd_ticks_2026-08-04T18-00-00-000Z.json,2026-08-04 18:00:00+00:00,507000,ok,10140,2026-08-04 18:00:00.100000+00:00,2026-08-04 18:59:59.546000+00:00,True,0.0,0.0,7.58,observed
xauusd_ticks_2026-08-04T19-00-00-000Z.json,2026-08-04 19:00:00+00:00,391099,ok,7822,2026-08-04 19:00:00.098000+00:00,2026-08-04 19:59:59.994000+00:00,True,0.0,0.0,6.519,observed
xauusd_ticks_2026-08-04T21-00-00-000Z.json,2026-08-04 21:00:00+00:00,2,empty,0,,,,,,,unknown
xauusd_ticks_2026-08-04T23-00-00-000Z.json,2026-08-04 23:00:00+00:00,230951,ok,4619,2026-08-04 23:00:00.063000+00:00,2026-08-04 23:59:59.423000+00:00,True,0.0,0.0,27.087,observed
xauusd_ticks_2026-08-05T00-00-00-000Z.json,2026-08-05 00:00:00+00:00,315601,ok,6312,2026-08-05 00:00:00.127000+00:00,2026-08-05 00:59:58.924000+00:00,True,0.0,0.0,14.12,observed
xauusd_ticks_2026-08-05T02-00-00-000Z.json,2026-08-05 02:00:00+00:00,670089,ok,13402,2026-08-05 02:00:00.051000+00:00,2026-08-05 02:59:59.634000+00:00,True,0.0,0.0,8.317,observed
xauusd_ticks_2026-08-05T03-00-00-000Z.json,2026-08-05 03:00:00+00:00,379400,ok,7588,2026-08-05 03:00:00.085000+00:00,2026-08-05 03:59:58.614000+00:00,True,0.0,0.0,12.045,observed
xauusd_ticks_2026-08-05T04-00-00-000Z.json,2026-08-05 04:00:00+00:00,291200,ok,5824,2026-08-05 04:00:00.118000+00:00,2026-08-05 04:59:58.148000+00:00,True,0.0,0.0,15.082,observed
xauusd_ticks_2026-08-05T05-00-00-000Z.json,2026-08-05 05:00:00+00:00,591749,ok,11836,2026-08-05 05:00:00.405000+00:00,2026-08-05 05:59:59.960000+00:00,True,0.0,0.0,18.31,observed
xauusd_ticks_2026-08-05T06-00-00-000Z.json,2026-08-05 06:00:00+00:00,398049,ok,7962,2026-08-05 06:00:00.111000+00:00,2026-08-05 06:59:59.903000+00:00,True,0.0,0.0,8.547,observed
xauusd_ticks_2026-08-05T07-00-00-000Z.json,2026-08-05 07:00:00+00:00,2,empty,0,,,,,,,unknown
xauusd_ticks_2026-08-05T08-00-00-000Z.json,2026-08-05 08:00:00+00:00,427046,ok,8541,2026-08-05 08:00:00.106000+00:00,2026-08-05 08:59:59.397000+00:00,True,0.0,0.0,7.272,observed
xauusd_ticks_2026-08-05T09-00-00-000Z.json,2026-08-05 09:00:00+00:00,411186,ok,8224,2026-08-05 09:00:00.099000+00:00,2026-08-05 09:59:59.998000+00:00,True,0.0,0.0,6.503,observed
xauusd_ticks_2026-08-05T11-00-00-000Z.json,2026-08-05 11:00:00+00:00,539148,ok,10783,2026-08-05 11:00:00.084000+00:00,2026-08-05 11:59:59.659000+00:00,True,0.0,0.0,7.017,observed
xauusd_ticks_2026-08-05T12-00-00-000Z.json,2026-08-05 12:00:00+00:00,776843,ok,15537,2026-08-05 12:00:00.061000+00:00,2026-08-05 12:59:59.872000+00:00,True,0.0,0.0,7.977,observed
xauusd_ticks_2026-08-05T13-00-00-000Z.json,2026-08-05 13:00:00+00:00,919393,ok,18388,2026-08-05 13:00:00.123000+00:00,2026-08-05 13:59:59.849000+00:00,True,0.0,0.0,4.11,observed
xauusd_ticks_2026-08-05T16-00-00-000Z.json,2026-08-05 16:00:00+00:00,722745,ok,14455,2026-08-05 16:00:00.045000+00:00,2026-08-05 16:59:59.852000+00:00,True,0.0,0.0,5.19,observed
xauusd_ticks_2026-08-05T23-00-00-000Z.json,2026-08-05 23:00:00+00:00,260640,ok,5213,2026-08-05 23:00:00.089000+00:00,2026-08-05 23:59:59.656000+00:00,True,0.0,0.0,16.002,observed
xauusd_ticks_2026-08-06T00-00-00-000Z.json,2026-08-06 00:00:00+00:00,599342,ok,11987,2026-08-06 00:00:00.007000+00:00,2026-08-06 00:59:59.243000+00:00,True,0.0,0.0,8.221,observed
xauusd_ticks_2026-08-06T04-00-00-000Z.json,2026-08-06 04:00:00+00:00,369001,ok,7380,2026-08-06 04:00:00.154000+00:00,2026-08-06 04:59:56.869000+00:00,True,0.0,0.0,18.261,observed
xauusd_ticks_2026-08-06T05-00-00-000Z.json,2026-08-06 05:00:00+00:00,541636,ok,10833,2026-08-06 05:00:00.082000+00:00,2026-08-06 05:59:59.397000+00:00,True,0.0,0.0,9.325,observed
xauusd_ticks_2026-08-06T06-00-00-000Z.json,2026-08-06 06:00:00+00:00,334095,ok,6682,2026-08-06 06:00:00.049000+00:00,2026-08-06 06:59:59.857000+00:00,True,0.0,0.0,10.854,observed
xauusd_ticks_2026-08-06T07-00-00-000Z.json,2026-08-06 07:00:00+00:00,434342,ok,8687,2026-08-06 07:00:00.108000+00:00,2026-08-06 07:59:59.803000+00:00,True,0.0,0.0,7.472,observed
xauusd_ticks_2026-08-06T08-00-00-000Z.json,2026-08-06 08:00:00+00:00,515044,ok,10301,2026-08-06 08:00:00.134000+00:00,2026-08-06 08:59:59.989000+00:00,True,0.0,0.0,7.265,observed
xauusd_ticks_2026-08-06T12-00-00-000Z.json,2026-08-06 12:00:00+00:00,627696,ok,12554,2026-08-06 12:00:00.090000+00:00,2026-08-06 12:59:59.901000+00:00,True,0.0,0.0,21.004,observed
xauusd_ticks_2026-08-06T13-00-00-000Z.json,2026-08-06 13:00:00+00:00,1092180,ok,21844,2026-08-06 13:00:00.052000+00:00,2026-08-06 13:59:59.967000+00:00,True,0.0,0.0,2.558,observed
xauusd_ticks_2026-08-06T17-00-00-000Z.json,2026-08-06 17:00:00+00:00,556748,ok,11135,2026-08-06 17:00:00.091000+00:00,2026-08-06 17:59:58.784000+00:00,True,0.0,0.0,7.943,observed
xauusd_ticks_2026-08-06T18-00-00-000Z.json,2026-08-06 18:00:00+00:00,406047,ok,8121,2026-08-06 18:00:00.092000+00:00,2026-08-06 18:59:59.099000+00:00,True,0.0,0.0,8.018,observed
xauusd_ticks_2026-08-06T20-00-00-000Z.json,2026-08-06 20:00:00+00:00,217896,ok,4358,2026-08-06 20:00:00.037000+00:00,2026-08-06 20:59:59.059000+00:00,True,0.0,0.0,24.002,observed
xauusd_ticks_2026-08-07T00-00-00-000Z.json,2026-08-07 00:00:00+00:00,511048,ok,10221,2026-08-07 00:00:00.071000+00:00,2026-08-07 00:59:59.694000+00:00,True,0.0,0.0,7.32,observed
xauusd_ticks_2026-08-07T01-00-00-000Z.json,2026-08-07 01:00:00+00:00,702151,ok,14043,2026-08-07 01:00:00.045000+00:00,2026-08-07 01:59:59.878000+00:00,True,0.0,0.0,5.012,observed
xauusd_ticks_2026-08-07T05-00-00-000Z.json,2026-08-07 05:00:00+00:00,491299,ok,9826,2026-08-07 05:00:00.091000+00:00,2026-08-07 05:59:59.991000+00:00,True,0.0,0.0,7.771,observed
xauusd_ticks_2026-08-07T06-00-00-000Z.json,2026-08-07 06:00:00+00:00,444646,ok,8893,2026-08-07 06:00:00.041000+00:00,2026-08-07 06:59:59.696000+00:00,True,0.0,0.0,7.137,observed
xauusd_ticks_2026-08-07T08-00-00-000Z.json,2026-08-07 08:00:00+00:00,560344,ok,11207,2026-08-07 08:00:00.060000+00:00,2026-08-07 08:59:58.735000+00:00,True,0.0,0.0,5.166,observed
xauusd_ticks_2026-08-07T13-00-00-000Z.json,2026-08-07 13:00:00+00:00,1231382,ok,24628,2026-08-07 13:00:00.030000+00:00,2026-08-07 13:59:59.970000+00:00,True,0.0,0.0,2.557,observed
xauusd_ticks_2026-08-09T23-00-00-000Z.json,2026-08-09 23:00:00+00:00,148801,ok,2976,2026-08-09 23:00:00.609000+00:00,2026-08-09 23:59:59.951000+00:00,True,0.0,0.0,24.829,observed
xauusd_ticks_2026-08-10T04-00-00-000Z.json,2026-08-10 04:00:00+00:00,254801,ok,5096,2026-08-10 04:00:00.636000+00:00,2026-08-10 04:59:59.921000+00:00,True,0.0,0.0,15.551,observed
xauusd_ticks_2026-08-10T05-00-00-000Z.json,2026-08-10 05:00:00+00:00,375551,ok,7511,2026-08-10 05:00:00.122000+00:00,2026-08-10 05:59:59.772000+00:00,True,0.0,0.0,13.706,observed
xauusd_ticks_2026-08-10T07-00-00-000Z.json,2026-08-10 07:00:00+00:00,388995,ok,7780,2026-08-10 07:00:00.045000+00:00,2026-08-10 07:59:59.899000+00:00,True,0.0,0.0,8.452,observed
xauusd_ticks_2026-08-10T12-00-00-000Z.json,2026-08-10 12:00:00+00:00,452787,ok,9059,2026-08-10 12:00:00.085000+00:00,2026-08-10 12:59:59.799000+00:00,True,0.0,0.0,8.275,observed
xauusd_ticks_2026-08-10T23-00-00-000Z.json,2026-08-10 23:00:00+00:00,161633,ok,3236,2026-08-10 23:00:00.073000+00:00,2026-08-10 23:59:59.774000+00:00,True,0.0,0.0,29.537,observed
xauusd_ticks_2026-08-11T03-00-00-000Z.json,2026-08-11 03:00:00+00:00,351800,ok,7036,2026-08-11 03:00:00.126000+00:00,2026-08-11 03:59:59.006000+00:00,True,0.0,0.0,9.748,observed
xauusd_ticks_2026-08-11T04-00-00-000Z.json,2026-08-11 04:00:00+00:00,377548,ok,7551,2026-08-11 04:00:00.060000+00:00,2026-08-11 04:59:59.253000+00:00,True,0.0,0.0,9.477,observed
xauusd_ticks_2026-08-11T05-00-00-000Z.json,2026-08-11 05:00:00+00:00,649086,ok,12982,2026-08-11 05:00:00.106000+00:00,2026-08-11 05:59:59.789000+00:00,True,0.0,0.0,9.95,observed
xauusd_ticks_2026-08-11T07-00-00-000Z.json,2026-08-11 07:00:00+00:00,468497,ok,9370,2026-08-11 07:00:00.119000+00:00,2026-08-11 07:59:59.905000+00:00,True,0.0,0.0,4.98,observed
xauusd_ticks_2026-08-11T08-00-00-000Z.json,2026-08-11 08:00:00+00:00,492695,ok,9854,2026-08-11 08:00:00.056000+00:00,2026-08-11 08:59:59.611000+00:00,True,0.0,0.0,7.281,observed
xauusd_ticks_2026-08-11T09-00-00-000Z.json,2026-08-11 09:00:00+00:00,409249,ok,8185,2026-08-11 09:00:00.113000+00:00,2026-08-11 09:59:59.315000+00:00,True,0.0,0.0,7.67,observed
xauusd_ticks_2026-08-11T10-00-00-000Z.json,2026-08-11 10:00:00+00:00,407691,ok,8154,2026-08-11 10:00:00.118000+00:00,2026-08-11 10:59:57.998000+00:00,True,0.0,0.0,8.697,observed
xauusd_ticks_2026-08-11T11-00-00-000Z.json,2026-08-11 11:00:00+00:00,612997,ok,12260,2026-08-11 11:00:00.102000+00:00,2026-08-11 11:59:59.401000+00:00,True,0.0,0.0,11.86,observed
xauusd_ticks_2026-08-11T12-00-00-000Z.json,2026-08-11 12:00:00+00:00,677909,ok,13559,2026-08-11 12:00:00.103000+00:00,2026-08-11 12:59:59.995000+00:00,True,0.0,0.0,6.269,observed
xauusd_ticks_2026-08-11T16-00-00-000Z.json,2026-08-11 16:00:00+00:00,539301,ok,10786,2026-08-11 16:00:00.046000+00:00,2026-08-11 16:59:59.662000+00:00,True,0.0,0.0,8.347,observed
xauusd_ticks_2026-08-11T17-00-00-000Z.json,2026-08-11 17:00:00+00:00,564898,ok,11298,2026-08-11 17:00:00.064000+00:00,2026-08-11 17:59:59.755000+00:00,True,0.0,0.0,7.926,observed
xauusd_ticks_2026-08-12T07-00-00-000Z.json,2026-08-12 07:00:00+00:00,378299,ok,7566,2026-08-12 07:00:00.089000+00:00,2026-08-12 07:59:59.899000+00:00,True,0.0,0.0,10.611,observed
xauusd_ticks_2026-08-12T12-00-00-000Z.json,2026-08-12 12:00:00+00:00,950222,ok,19006,2026-08-12 12:00:00.114000+00:00,2026-08-12 12:59:59.859000+00:00,True,0.0,0.0,7.511,observed
xauusd_ticks_2026-08-12T13-00-00-000Z.json,2026-08-12 13:00:00+00:00,1309738,ok,26195,2026-08-12 13:00:00.010000+00:00,2026-08-12 13:59:59.789000+00:00,True,0.0,0.0,1.573,observed
xauusd_ticks_2026-08-12T15-00-00-000Z.json,2026-08-12 15:00:00+00:00,850288,ok,17006,2026-08-12 15:00:00.013000+00:00,2026-08-12 15:59:59.980000+00:00,True,0.0,0.0,3.735,observed
xauusd_ticks_2026-08-12T20-00-00-000Z.json,2026-08-12 20:00:00+00:00,117401,ok,2348,2026-08-12 20:00:00.035000+00:00,2026-08-12 20:59:59.082000+00:00,True,0.0,0.0,25.669,observed
xauusd_ticks_2026-08-13T00-00-00-000Z.json,2026-08-13 00:00:00+00:00,472837,ok,9457,2026-08-13 00:00:00.079000+00:00,2026-08-13 00:59:59.931000+00:00,True,0.0,0.0,10.542,observed
xauusd_ticks_2026-08-13T05-00-00-000Z.json,2026-08-13 05:00:00+00:00,587249,ok,11745,2026-08-13 05:00:00.033000+00:00,2026-08-13 05:59:59.730000+00:00,True,0.0,0.0,10.228,observed
xauusd_ticks_2026-08-13T06-00-00-000Z.json,2026-08-13 06:00:00+00:00,407001,ok,8140,2026-08-13 06:00:00.032000+00:00,2026-08-13 06:59:59.998000+00:00,True,0.0,0.0,6.586,observed
xauusd_ticks_2026-08-13T08-00-00-000Z.json,2026-08-13 08:00:00+00:00,492447,ok,9849,2026-08-13 08:00:00.070000+00:00,2026-08-13 08:59:58.127000+00:00,True,0.0,0.0,9.753,observed
xauusd_ticks_2026-08-13T13-00-00-000Z.json,2026-08-13 13:00:00+00:00,987547,ok,19751,2026-08-13 13:00:00.067000+00:00,2026-08-13 13:59:59.983000+00:00,True,0.0,0.0,5.13,observed
xauusd_ticks_2026-08-14T00-00-00-000Z.json,2026-08-14 00:00:00+00:00,434650,ok,8693,2026-08-14 00:00:00.123000+00:00,2026-08-14 00:59:59.213000+00:00,True,0.0,0.0,6.639,observed
xauusd_ticks_2026-08-14T02-00-00-000Z.json,2026-08-14 02:00:00+00:00,594001,ok,11880,2026-08-14 02:00:00.092000+00:00,2026-08-14 02:59:59.960000+00:00,True,0.0,0.0,8.675,observed
xauusd_ticks_2026-08-14T05-00-00-000Z.json,2026-08-14 05:00:00+00:00,461501,ok,9230,2026-08-14 05:00:00.004000+00:00,2026-08-14 05:59:59.269000+00:00,True,0.0,0.0,11.248,observed
xauusd_ticks_2026-08-14T06-00-00-000Z.json,2026-08-14 06:00:00+00:00,299400,ok,5988,2026-08-14 06:00:00.022000+00:00,2026-08-14 06:59:59.848000+00:00,True,0.0,0.0,9.039,observed
xauusd_ticks_2026-08-14T07-00-00-000Z.json,2026-08-14 07:00:00+00:00,404050,ok,8081,2026-08-14 07:00:00.099000+00:00,2026-08-14 07:59:59.614000+00:00,True,0.0,0.0,8.488,observed
xauusd_ticks_2026-08-14T08-00-00-000Z.json,2026-08-14 08:00:00+00:00,442049,ok,8841,2026-08-14 08:00:00.066000+00:00,2026-08-14 08:59:59.796000+00:00,True,0.0,0.0,12.288,observed
xauusd_ticks_2026-08-14T10-00-00-000Z.json,2026-08-14 10:00:00+00:00,341095,ok,6822,2026-08-14 10:00:00.289000+00:00,2026-08-14 10:59:59.690000+00:00,True,0.0,0.0,11.872,observed
xauusd_ticks_2026-08-14T13-00-00-000Z.json,2026-08-14 13:00:00+00:00,956396,ok,19128,2026-08-14 13:00:00.058000+00:00,2026-08-14 13:59:59.956000+00:00,True,0.0,0.0,3.369,observed
xauusd_ticks_2026-08-14T15-00-00-000Z.json,2026-08-14 15:00:00+00:00,750999,ok,15020,2026-08-14 15:00:00.032000+00:00,2026-08-14 15:59:59.780000+00:00,True,0.0,0.0,4.645,observed
xauusd_ticks_2026-08-16T23-00-00-000Z.json,2026-08-16 23:00:00+00:00,170450,ok,3409,2026-08-16 23:00:00.063000+00:00,2026-08-16 23:59:57.249000+00:00,True,0.0,0.0,19.653,observed
xauusd_ticks_2026-08-17T00-00-00-000Z.json,2026-08-17 00:00:00+00:00,358550,ok,7171,2026-08-17 00:00:00.161000+00:00,2026-08-17 00:59:59.849000+00:00,True,0.0,0.0,9.775,observed
xauusd_ticks_2026-08-17T04-00-00-000Z.json,2026-08-17 04:00:00+00:00,283151,ok,5663,2026-08-17 04:00:00.101000+00:00,2026-08-17 04:59:59.511000+00:00,True,0.0,0.0,9.23,observed
xauusd_ticks_2026-08-17T05-00-00-000Z.json,2026-08-17 05:00:00+00:00,420999,ok,8420,2026-08-17 05:00:00.113000+00:00,2026-08-17 05:59:59.801000+00:00,True,0.0,0.0,13.032,observed
xauusd_ticks_2026-08-17T06-00-00-000Z.json,2026-08-17 06:00:00+00:00,357801,ok,7156,2026-08-17 06:00:00.102000+00:00,2026-08-17 06:59:59.291000+00:00,True,0.0,0.0,9.801,observed
xauusd_ticks_2026-08-17T07-00-00-000Z.json,2026-08-17 07:00:00+00:00,469196,ok,9384,2026-08-17 07:00:00.194000+00:00,2026-08-17 07:59:59.152000+00:00,True,0.0,0.0,10.345,observed
xauusd_ticks_2026-08-17T08-00-00-000Z.json,2026-08-17 08:00:00+00:00,394151,ok,7883,2026-08-17 08:00:00.137000+00:00,2026-08-17 08:59:59.365000+00:00,True,0.0,0.0,7.48,observed
xauusd_ticks_2026-08-17T12-00-00-000Z.json,2026-08-17 12:00:00+00:00,464000,ok,9280,2026-08-17 12:00:00.050000+00:00,2026-08-17 12:59:59.617000+00:00,True,0.0,0.0,6.549,observed
xauusd_ticks_2026-08-17T13-00-00-000Z.json,2026-08-17 13:00:00+00:00,540001,ok,10800,2026-08-17 13:00:00.069000+00:00,2026-08-17 13:59:59.788000+00:00,True,0.0,0.0,6.054,observed
xauusd_ticks_2026-08-17T22-00-00-000Z.json,2026-08-17 22:00:00+00:00,125651,ok,2513,2026-08-17 22:00:01.709000+00:00,2026-08-17 22:59:59.585000+00:00,True,0.0,0.0,25.686,observed
xauusd_ticks_2026-08-18T00-00-00-000Z.json,2026-08-18 00:00:00+00:00,345701,ok,6914,2026-08-18 00:00:00.106000+00:00,2026-08-18 00:59:58.855000+00:00,True,0.0,0.0,14.741,observed
xauusd_ticks_2026-08-18T03-00-00-000Z.json,2026-08-18 03:00:00+00:00,2,empty,0,,,,,,,unknown
xauusd_ticks_2026-08-18T04-00-00-000Z.json,2026-08-18 04:00:00+00:00,301850,ok,6037,2026-08-18 04:00:00.133000+00:00,2026-08-18 04:59:59.693000+00:00,True,0.0,0.0,11.651,observed
xauusd_ticks_2026-08-18T05-00-00-000Z.json,2026-08-18 05:00:00+00:00,411879,ok,8238,2026-08-18 05:00:00.096000+00:00,2026-08-18 05:59:59.898000+00:00,True,0.0,0.0,11.108,observed
xauusd_ticks_2026-08-18T06-00-00-000Z.json,2026-08-18 06:00:00+00:00,272401,ok,5448,2026-08-18 06:00:00.049000+00:00,2026-08-18 06:59:59.772000+00:00,True,0.0,0.0,12.278,observed
xauusd_ticks_2026-08-18T08-00-00-000Z.json,2026-08-18 08:00:00+00:00,511699,ok,10234,2026-08-18 08:00:00.071000+00:00,2026-08-18 08:59:59.985000+00:00,True,0.0,0.0,5.462,observed
xauusd_ticks_2026-08-18T11-00-00-000Z.json,2026-08-18 11:00:00+00:00,2,empty,0,,,,,,,unknown
xauusd_ticks_2026-08-18T13-00-00-000Z.json,2026-08-18 13:00:00+00:00,1089491,ok,21790,2026-08-18 13:00:00.008000+00:00,2026-08-18 13:59:59.966000+00:00,True,0.0,0.0,6.367,observed
xauusd_ticks_2026-08-19T00-00-00-000Z.json,2026-08-19 00:00:00+00:00,494400,ok,9888,2026-08-19 00:00:00.125000+00:00,2026-08-19 00:59:59.798000+00:00,True,0.0,0.0,11.942,observed
xauusd_ticks_2026-08-19T05-00-00-000Z.json,2026-08-19 05:00:00+00:00,563896,ok,11279,2026-08-19 05:00:00.089000+00:00,2026-08-19 05:59:59.305000+00:00,True,0.0,0.0,5.216,observed
xauusd_ticks_2026-08-19T06-00-00-000Z.json,2026-08-19 06:00:00+00:00,627047,ok,12541,2026-08-19 06:00:00.058000+00:00,2026-08-19 06:59:59.943000+00:00,True,0.0,0.0,4.891,observed
xauusd_ticks_2026-08-19T08-00-00-000Z.json,2026-08-19 08:00:00+00:00,418793,ok,8376,2026-08-19 08:00:00.070000+00:00,2026-08-19 08:59:58.097000+00:00,True,0.0,0.0,8.858,observed
xauusd_ticks_2026-08-19T13-00-00-000Z.json,2026-08-19 13:00:00+00:00,1100613,ok,22014,2026-08-19 13:00:00.056000+00:00,2026-08-19 13:59:59.962000+00:00,True,0.0,0.0,2.633,observed
xauusd_ticks_2026-08-20T00-00-00-000Z.json,2026-08-20 00:00:00+00:00,464351,ok,9287,2026-08-20 00:00:00.120000+00:00,2026-08-20 00:59:59.714000+00:00,True,0.0,0.0,7.465,observed
xauusd_ticks_2026-08-20T05-00-00-000Z.json,2026-08-20 05:00:00+00:00,380551,ok,7611,2026-08-20 05:00:00.663000+00:00,2026-08-20 05:59:59.826000+00:00,True,0.0,0.0,12.002,observed
xauusd_ticks_2026-08-20T06-00-00-000Z.json,2026-08-20 06:00:00+00:00,305300,ok,6106,2026-08-20 06:00:00.027000+00:00,2026-08-20 06:59:59.728000+00:00,True,0.0,0.0,10.095,observed
xauusd_ticks_2026-08-20T08-00-00-000Z.json,2026-08-20 08:00:00+00:00,598846,ok,11977,2026-08-20 08:00:00.072000+00:00,2026-08-20 08:59:59.523000+00:00,True,0.0,0.0,6.016,observed
xauusd_ticks_2026-08-20T13-00-00-000Z.json,2026-08-20 13:00:00+00:00,1239991,ok,24800,2026-08-20 13:00:00.072000+00:00,2026-08-20 13:59:59.926000+00:00,True,0.0,0.0,2.292,observed
xauusd_ticks_2026-08-21T00-00-00-000Z.json,2026-08-21 00:00:00+00:00,466251,ok,9325,2026-08-21 00:00:00.013000+00:00,2026-08-21 00:59:59.926000+00:00,True,0.0,0.0,8.422,observed
xauusd_ticks_2026-08-21T05-00-00-000Z.json,2026-08-21 05:00:00+00:00,465201,ok,9304,2026-08-21 05:00:00.114000+00:00,2026-08-21 05:59:59.884000+00:00,True,0.0,0.0,9.872,observed
xauusd_ticks_2026-08-21T06-00-00-000Z.json,2026-08-21 06:00:00+00:00,388698,ok,7774,2026-08-21 06:00:00.035000+00:00,2026-08-21 06:59:59.931000+00:00,True,0.0,0.0,8.127,observed
xauusd_ticks_2026-08-21T08-00-00-000Z.json,2026-08-21 08:00:00+00:00,631885,ok,12638,2026-08-21 08:00:00.081000+00:00,2026-08-21 08:59:59.563000+00:00,True,0.0,0.0,4.843,observed
xauusd_ticks_2026-08-21T13-00-00-000Z.json,2026-08-21 13:00:00+00:00,1131089,ok,22622,2026-08-21 13:00:00.111000+00:00,2026-08-21 13:59:59.951000+00:00,True,0.0,0.0,2.609,observed
xauusd_ticks_2026-08-23T23-00-00-000Z.json,2026-08-23 23:00:00+00:00,238686,ok,4774,2026-08-23 23:00:00.053000+00:00,2026-08-23 23:59:58.933000+00:00,True,0.0,0.0,14.601,observed
xauusd_ticks_2026-08-24T00-00-00-000Z.json,2026-08-24 00:00:00+00:00,619098,ok,12382,2026-08-24 00:00:00.086000+00:00,2026-08-24 00:59:59.589000+00:00,True,0.0,0.0,7.117,observed
xauusd_ticks_2026-08-24T04-00-00-000Z.json,2026-08-24 04:00:00+00:00,466750,ok,9335,2026-08-24 04:00:00.365000+00:00,2026-08-24 04:59:59.762000+00:00,True,0.0,0.0,9.021,observed
xauusd_ticks_2026-08-24T05-00-00-000Z.json,2026-08-24 05:00:00+00:00,668749,ok,13375,2026-08-24 05:00:00.114000+00:00,2026-08-24 05:59:59.981000+00:00,True,0.0,0.0,6.486,observed
xauusd_ticks_2026-08-24T06-00-00-000Z.json,2026-08-24 06:00:00+00:00,709550,ok,14191,2026-08-24 06:00:00.032000+00:00,2026-08-24 06:59:59.741000+00:00,True,0.0,0.0,4.987,observed
xauusd_ticks_2026-08-24T07-00-00-000Z.json,2026-08-24 07:00:00+00:00,652941,ok,13059,2026-08-24 07:00:00.093000+00:00,2026-08-24 07:59:59.953000+00:00,True,0.0,0.0,4.978,observed
xauusd_ticks_2026-08-24T08-00-00-000Z.json,2026-08-24 08:00:00+00:00,630944,ok,12619,2026-08-24 08:00:00.104000+00:00,2026-08-24 08:59:59.949000+00:00,True,0.0,0.0,5.365,observed
xauusd_ticks_2026-08-24T12-00-00-000Z.json,2026-08-24 12:00:00+00:00,773093,ok,15462,2026-08-24 12:00:00.099000+00:00,2026-08-24 12:59:59.876000+00:00,True,0.0,0.0,3.679,observed
xauusd_ticks_2026-08-24T13-00-00-000Z.json,2026-08-24 13:00:00+00:00,858934,ok,17179,2026-08-24 13:00:00.077000+00:00,2026-08-24 13:59:59.666000+00:00,True,0.0,0.0,3.56,observed
xauusd_ticks_2026-08-25T00-00-00-000Z.json,2026-08-25 00:00:00+00:00,593907,ok,11879,2026-08-25 00:00:00.131000+00:00,2026-08-25 00:59:59.987000+00:00,True,0.0,0.0,5.522,observed
xauusd_ticks_2026-08-25T05-00-00-000Z.json,2026-08-25 05:00:00+00:00,676495,ok,13530,2026-08-25 05:00:00.416000+00:00,2026-08-25 05:59:59.385000+00:00,True,0.0,0.0,7.469,observed
xauusd_ticks_2026-08-25T06-00-00-000Z.json,2026-08-25 06:00:00+00:00,527301,ok,10546,2026-08-25 06:00:00.039000+00:00,2026-08-25 06:59:59.859000+00:00,True,0.0,0.0,7.619,observed
xauusd_ticks_2026-08-25T08-00-00-000Z.json,2026-08-25 08:00:00+00:00,692984,ok,13860,2026-08-25 08:00:00.089000+00:00,2026-08-25 08:59:59.936000+00:00,True,0.0,0.0,4.812,observed
xauusd_ticks_2026-08-25T12-00-00-000Z.json,2026-08-25 12:00:00+00:00,649195,ok,12984,2026-08-25 12:00:00.074000+00:00,2026-08-25 12:59:59.903000+00:00,True,0.0,0.0,4.981,observed
xauusd_ticks_2026-08-25T13-00-00-000Z.json,2026-08-25 13:00:00+00:00,1226797,ok,24536,2026-08-25 13:00:00.104000+00:00,2026-08-25 13:59:59.819000+00:00,True,0.0,0.0,2.958,observed
xauusd_ticks_2026-08-25T17-00-00-000Z.json,2026-08-25 17:00:00+00:00,650345,ok,13007,2026-08-25 17:00:00.045000+00:00,2026-08-25 17:59:59.967000+00:00,True,0.0,0.0,4.357,observed
xauusd_ticks_2026-08-25T18-00-00-000Z.json,2026-08-25 18:00:00+00:00,473699,ok,9474,2026-08-25 18:00:00.017000+00:00,2026-08-25 18:59:59.767000+00:00,True,0.0,0.0,6.67,observed
xauusd_ticks_2026-08-25T20-00-00-000Z.json,2026-08-25 20:00:00+00:00,162699,ok,3254,2026-08-25 20:00:00.040000+00:00,2026-08-25 20:59:59.254000+00:00,True,0.0,0.0,19.91,observed
xauusd_ticks_2026-08-25T23-00-00-000Z.json,2026-08-25 23:00:00+00:00,183751,ok,3675,2026-08-25 23:00:00.101000+00:00,2026-08-25 23:59:59.993000+00:00,True,0.0,0.0,42.206,observed
xauusd_ticks_2026-08-26T00-00-00-000Z.json,2026-08-26 00:00:00+00:00,392201,ok,7844,2026-08-26 00:00:00.093000+00:00,2026-08-26 00:59:59.354000+00:00,True,0.0,0.0,9.807,observed
xauusd_ticks_2026-08-26T01-00-00-000Z.json,2026-08-26 01:00:00+00:00,811450,ok,16229,2026-08-26 01:00:00.205000+00:00,2026-08-26 01:59:59.464000+00:00,True,0.0,0.0,4.311,observed
xauusd_ticks_2026-08-26T04-00-00-000Z.json,2026-08-26 04:00:00+00:00,239701,ok,4794,2026-08-26 04:00:00.356000+00:00,2026-08-26 04:59:59.680000+00:00,True,0.0,0.0,19.861,observed
xauusd_ticks_2026-08-26T05-00-00-000Z.json,2026-08-26 05:00:00+00:00,454599,ok,9092,2026-08-26 05:00:00.031000+00:00,2026-08-26 05:59:59.693000+00:00,True,0.0,0.0,8.971,observed
xauusd_ticks_2026-08-26T06-00-00-000Z.json,2026-08-26 06:00:00+00:00,386247,ok,7725,2026-08-26 06:00:00.044000+00:00,2026-08-26 06:59:59.792000+00:00,True,0.0,0.0,8.968,observed
xauusd_ticks_2026-08-26T07-00-00-000Z.json,2026-08-26 07:00:00+00:00,509946,ok,10199,2026-08-26 07:00:00.093000+00:00,2026-08-26 07:59:59.665000+00:00,True,0.0,0.0,6.855,observed
xauusd_ticks_2026-08-26T08-00-00-000Z.json,2026-08-26 08:00:00+00:00,491798,ok,9836,2026-08-26 08:00:00.066000+00:00,2026-08-26 08:59:58.675000+00:00,True,0.0,0.0,7.651,observed
xauusd_ticks_2026-08-26T12-00-00-000Z.json,2026-08-26 12:00:00+00:00,846195,ok,16924,2026-08-26 12:00:00.040000+00:00,2026-08-26 12:59:59.917000+00:00,True,0.0,0.0,6.268,observed
xauusd_ticks_2026-08-26T13-00-00-000Z.json,2026-08-26 13:00:00+00:00,1246417,ok,24929,2026-08-26 13:00:00.018000+00:00,2026-08-26 13:59:59.702000+00:00,True,0.0,0.0,1.906,observed
xauusd_ticks_2026-08-27T03-00-00-000Z.json,2026-08-27 03:00:00+00:00,312551,ok,6251,2026-08-27 03:00:00.087000+00:00,2026-08-27 03:59:59.630000+00:00,True,0.0,0.0,15.016,observed
xauusd_ticks_2026-08-27T08-00-00-000Z.json,2026-08-27 08:00:00+00:00,448949,ok,8979,2026-08-27 08:00:00.065000+00:00,2026-08-27 08:59:58.669000+00:00,True,0.0,0.0,6.005,observed
xauusd_ticks_2026-08-27T09-00-00-000Z.json,2026-08-27 09:00:00+00:00,541346,ok,10827,2026-08-27 09:00:00.022000+00:00,2026-08-27 09:59:59.189000+00:00,True,0.0,0.0,10.501,observed
xauusd_ticks_2026-08-27T11-00-00-000Z.json,2026-08-27 11:00:00+00:00,469250,ok,9385,2026-08-27 11:00:00.062000+00:00,2026-08-27 11:59:59.498000+00:00,True,0.0,0.0,6.804,observed
xauusd_ticks_2026-08-27T16-00-00-000Z.json,2026-08-27 16:00:00+00:00,442350,ok,8847,2026-08-27 16:00:00.048000+00:00,2026-08-27 16:59:59.911000+00:00,True,0.0,0.0,8.171,observed
xauusd_ticks_2026-08-28T00-00-00-000Z.json,2026-08-28 00:00:00+00:00,374351,ok,7487,2026-08-28 00:00:00.210000+00:00,2026-08-28 00:59:58.242000+00:00,True,0.0,0.0,8.713,observed
xauusd_ticks_2026-08-28T05-00-00-000Z.json,2026-08-28 05:00:00+00:00,444001,ok,8880,2026-08-28 05:00:00.298000+00:00,2026-08-28 05:59:59.696000+00:00,True,0.0,0.0,11.241,observed
xauusd_ticks_2026-08-28T06-00-00-000Z.json,2026-08-28 06:00:00+00:00,430999,ok,8620,2026-08-28 06:00:00.047000+00:00,2026-08-28 06:59:59.573000+00:00,True,0.0,0.0,7.471,observed
xauusd_ticks_2026-08-28T08-00-00-000Z.json,2026-08-28 08:00:00+00:00,405450,ok,8109,2026-08-28 08:00:00.109000+00:00,2026-08-28 08:59:56.336000+00:00,True,0.0,0.0,8.633,observed
xauusd_ticks_2026-08-28T13-00-00-000Z.json,2026-08-28 13:00:00+00:00,1115549,ok,22311,2026-08-28 13:00:00.014000+00:00,2026-08-28 13:59:59.999000+00:00,True,0.0,0.0,2.407,observed
xauusd_ticks_2026-08-31T00-00-00-000Z.json,2026-08-31 00:00:00+00:00,536199,ok,10724,2026-08-31 00:00:00.083000+00:00,2026-08-31 00:59:59.476000+00:00,True,0.0,0.0,6.927,observed
xauusd_ticks_2026-08-31T05-00-00-000Z.json,2026-08-31 05:00:00+00:00,589179,ok,11784,2026-08-31 05:00:00.118000+00:00,2026-08-31 05:59:59.735000+00:00,True,0.0,0.0,6.513,observed
xauusd_ticks_2026-08-31T06-00-00-000Z.json,2026-08-31 06:00:00+00:00,394401,ok,7888,2026-08-31 06:00:00.036000+00:00,2026-08-31 06:59:59.881000+00:00,True,0.0,0.0,9.075,observed
xauusd_ticks_2026-08-31T08-00-00-000Z.json,2026-08-31 08:00:00+00:00,486548,ok,9731,2026-08-31 08:00:00.095000+00:00,2026-08-31 08:59:58.841000+00:00,True,0.0,0.0,6.931,observed
xauusd_ticks_2026-08-31T13-00-00-000Z.json,2026-08-31 13:00:00+00:00,1159136,ok,23183,2026-08-31 13:00:00.035000+00:00,2026-08-31 13:59:59.840000+00:00,True,0.0,0.0,2.36,observed
xauusd_ticks_2026-09-01T01-00-00-000Z.json,2026-09-01 01:00:00+00:00,671898,ok,13438,2026-09-01 01:00:00.086000+00:00,2026-09-01 01:59:59.777000+00:00,True,0.0,0.0,5.413,observed
xauusd_ticks_2026-09-01T06-00-00-000Z.json,2026-09-01 06:00:00+00:00,392649,ok,7853,2026-09-01 06:00:00.098000+00:00,2026-09-01 06:59:58.495000+00:00,True,0.0,0.0,8.653,observed
xauusd_ticks_2026-09-01T07-00-00-000Z.json,2026-09-01 07:00:00+00:00,732493,ok,14650,2026-09-01 07:00:00.099000+00:00,2026-09-01 07:59:59.961000+00:00,True,0.0,0.0,3.963,observed
xauusd_ticks_2026-09-01T09-00-00-000Z.json,2026-09-01 09:00:00+00:00,836481,ok,16730,2026-09-01 09:00:00.093000+00:00,2026-09-01 09:59:59.890000+00:00,True,0.0,0.0,5.371,observed
xauusd_ticks_2026-09-01T14-00-00-000Z.json,2026-09-01 14:00:00+00:00,1257681,ok,25154,2026-09-01 14:00:00.031000+00:00,2026-09-01 14:59:59.890000+00:00,True,0.0,0.0,2.338,observed
xauusd_ticks_2026-09-02T01-00-00-000Z.json,2026-09-02 01:00:00+00:00,878490,ok,17570,2026-09-02 01:00:00.107000+00:00,2026-09-02 01:59:59.313000+00:00,True,0.0,0.0,2.606,observed
xauusd_ticks_2026-09-02T03-00-00-000Z.json,2026-09-02 03:00:00+00:00,579745,ok,11595,2026-09-02 03:00:00.088000+00:00,2026-09-02 03:59:59.206000+00:00,True,0.0,0.0,8.719,observed
xauusd_ticks_2026-09-02T06-00-00-000Z.json,2026-09-02 06:00:00+00:00,458600,ok,9172,2026-09-02 06:00:00.048000+00:00,2026-09-02 06:59:59.629000+00:00,True,0.0,0.0,5.817,observed
xauusd_ticks_2026-09-02T07-00-00-000Z.json,2026-09-02 07:00:00+00:00,665547,ok,13311,2026-09-02 07:00:00.056000+00:00,2026-09-02 07:59:59.556000+00:00,True,0.0,0.0,5.279,observed
xauusd_ticks_2026-09-02T08-00-00-000Z.json,2026-09-02 08:00:00+00:00,680493,ok,13610,2026-09-02 08:00:00.057000+00:00,2026-09-02 08:59:59.892000+00:00,True,0.0,0.0,5.792,observed
xauusd_ticks_2026-09-02T09-00-00-000Z.json,2026-09-02 09:00:00+00:00,629746,ok,12595,2026-09-02 09:00:00.093000+00:00,2026-09-02 09:59:59.642000+00:00,True,0.0,0.0,4.607,observed
xauusd_ticks_2026-09-02T10-00-00-000Z.json,2026-09-02 10:00:00+00:00,511647,ok,10233,2026-09-02 10:00:00.095000+00:00,2026-09-02 10:59:59.814000+00:00,True,0.0,0.0,7.587,observed
xauusd_ticks_2026-09-02T11-00-00-000Z.json,2026-09-02 11:00:00+00:00,752346,ok,15047,2026-09-02 11:00:00.065000+00:00,2026-09-02 11:59:59.898000+00:00,True,0.0,0.0,5.84,observed
xauusd_ticks_2026-09-02T14-00-00-000Z.json,2026-09-02 14:00:00+00:00,1274235,ok,25485,2026-09-02 14:00:00.034000+00:00,2026-09-02 14:59:59.756000+00:00,True,0.0,0.0,2.454,observed
xauusd_ticks_2026-09-02T15-00-00-000Z.json,2026-09-02 15:00:00+00:00,1022298,ok,20446,2026-09-02 15:00:00.007000+00:00,2026-09-02 15:59:59.661000+00:00,True,0.0,0.0,14.887,observed
xauusd_ticks_2026-09-02T16-00-00-000Z.json,2026-09-02 16:00:00+00:00,683299,ok,13666,2026-09-02 16:00:00.063000+00:00,2026-09-02 16:59:57.159000+00:00,True,0.0,0.0,5.546,observed
xauusd_ticks_2026-09-02T18-00-00-000Z.json,2026-09-02 18:00:00+00:00,536839,ok,10737,2026-09-02 18:00:00.084000+00:00,2026-09-02 18:59:59.840000+00:00,True,0.0,0.0,7.351,observed
xauusd_ticks_2026-09-02T23-00-00-000Z.json,2026-09-02 23:00:00+00:00,142501,ok,2850,2026-09-02 23:00:00.098000+00:00,2026-09-02 23:59:59.209000+00:00,True,0.0,0.0,18.184,observed
xauusd_ticks_2026-09-03T00-00-00-000Z.json,2026-09-03 00:00:00+00:00,363899,ok,7278,2026-09-03 00:00:00.111000+00:00,2026-09-03 00:59:59.772000+00:00,True,0.0,0.0,10.552,observed
xauusd_ticks_2026-09-03T04-00-00-000Z.json,2026-09-03 04:00:00+00:00,309539,ok,6191,2026-09-03 04:00:00.017000+00:00,2026-09-03 04:59:59.107000+00:00,True,0.0,0.0,19.874,observed
xauusd_ticks_2026-09-03T05-00-00-000Z.json,2026-09-03 05:00:00+00:00,699248,ok,13985,2026-09-03 05:00:00.360000+00:00,2026-09-03 05:59:59.684000+00:00,True,0.0,0.0,6.217,observed
xauusd_ticks_2026-09-03T06-00-00-000Z.json,2026-09-03 06:00:00+00:00,415850,ok,8317,2026-09-03 06:00:00.036000+00:00,2026-09-03 06:59:59.148000+00:00,True,0.0,0.0,10.9,observed
xauusd_ticks_2026-09-03T08-00-00-000Z.json,2026-09-03 08:00:00+00:00,730341,ok,14607,2026-09-03 08:00:00.091000+00:00,2026-09-03 08:59:59.579000+00:00,True,0.0,0.0,4.418,observed
xauusd_ticks_2026-09-03T09-00-00-000Z.json,2026-09-03 09:00:00+00:00,544850,ok,10897,2026-09-03 09:00:00.080000+00:00,2026-09-03 09:59:59.651000+00:00,True,0.0,0.0,5.314,observed
xauusd_ticks_2026-09-03T10-00-00-000Z.json,2026-09-03 10:00:00+00:00,530847,ok,10617,2026-09-03 10:00:00.053000+00:00,2026-09-03 10:59:59.953000+00:00,True,0.0,0.0,5.188,observed
xauusd_ticks_2026-09-03T12-00-00-000Z.json,2026-09-03 12:00:00+00:00,1077780,ok,21559,2026-09-03 12:00:00.069000+00:00,2026-09-03 12:59:59.983000+00:00,True,0.0,0.0,5.165,observed
xauusd_ticks_2026-09-03T13-00-00-000Z.json,2026-09-03 13:00:00+00:00,1286448,ok,25731,2026-09-03 13:00:00.033000+00:00,2026-09-03 13:59:59.972000+00:00,True,0.0,0.0,3.056,observed
xauusd_ticks_2026-09-03T17-00-00-000Z.json,2026-09-03 17:00:00+00:00,590497,ok,11810,2026-09-03 17:00:00.096000+00:00,2026-09-03 17:59:58.993000+00:00,True,0.0,0.0,5.718,observed
xauusd_ticks_2026-09-04T07-00-00-000Z.json,2026-09-04 07:00:00+00:00,547145,ok,10943,2026-09-04 07:00:00.009000+00:00,2026-09-04 07:59:59.584000+00:00,True,0.0,0.0,5.685,observed
xauusd_ticks_2026-09-04T12-00-00-000Z.json,2026-09-04 12:00:00+00:00,1043023,ok,20865,2026-09-04 12:00:00.004000+00:00,2026-09-04 12:59:59.535000+00:00,True,0.0,0.0,5.95,observed
xauusd_ticks_2026-09-04T13-00-00-000Z.json,2026-09-04 13:00:00+00:00,1186948,ok,23739,2026-09-04 13:00:00.088000+00:00,2026-09-04 13:59:59.911000+00:00,True,0.0,0.0,2.713,observed
xauusd_ticks_2026-09-04T15-00-00-000Z.json,2026-09-04 15:00:00+00:00,880401,ok,17608,2026-09-04 15:00:00.067000+00:00,2026-09-04 15:59:59.791000+00:00,True,0.0,0.0,4.242,observed
xauusd_ticks_2026-09-04T20-00-00-000Z.json,2026-09-04 20:00:00+00:00,106401,ok,2128,2026-09-04 20:00:00.061000+00:00,2026-09-04 20:59:58.419000+00:00,True,0.0,0.0,31.813,observed
xauusd_ticks_2026-09-07T02-00-00-000Z.json,2026-09-07 02:00:00+00:00,468401,ok,9368,2026-09-07 02:00:00.139000+00:00,2026-09-07 02:59:59.698000+00:00,True,0.0,0.0,10.636,observed
xauusd_ticks_2026-09-07T07-00-00-000Z.json,2026-09-07 07:00:00+00:00,560951,ok,11219,2026-09-07 07:00:00.078000+00:00,2026-09-07 07:59:59.932000+00:00,True,0.0,0.0,5.731,observed
xauusd_ticks_2026-09-07T08-00-00-000Z.json,2026-09-07 08:00:00+00:00,591782,ok,11836,2026-09-07 08:00:00.084000+00:00,2026-09-07 08:59:59.683000+00:00,True,0.0,0.0,6.416,observed
xauusd_ticks_2026-09-07T10-00-00-000Z.json,2026-09-07 10:00:00+00:00,346901,ok,6938,2026-09-07 10:00:00.094000+00:00,2026-09-07 10:59:59.703000+00:00,True,0.0,0.0,11.409,observed
xauusd_ticks_2026-09-07T15-00-00-000Z.json,2026-09-07 15:00:00+00:00,347551,ok,6951,2026-09-07 15:00:00.096000+00:00,2026-09-07 15:59:59.891000+00:00,True,0.0,0.0,10.628,observed
xauusd_ticks_2026-09-08T12-00-00-000Z.json,2026-09-08 12:00:00+00:00,729801,ok,14596,2026-09-08 12:00:00.095000+00:00,2026-09-08 12:59:59.967000+00:00,True,0.0,0.0,5.216,observed
xauusd_ticks_2026-09-08T17-00-00-000Z.json,2026-09-08 17:00:00+00:00,558551,ok,11171,2026-09-08 17:00:00.074000+00:00,2026-09-08 17:59:59.999000+00:00,True,0.0,0.0,5.472,observed
xauusd_ticks_2026-09-08T18-00-00-000Z.json,2026-09-08 18:00:00+00:00,658538,ok,13171,2026-09-08 18:00:00.100000+00:00,2026-09-08 18:59:59.998000+00:00,True,0.0,0.0,7.718,observed
xauusd_ticks_2026-09-08T20-00-00-000Z.json,2026-09-08 20:00:00+00:00,183801,ok,3676,2026-09-08 20:00:00.051000+00:00,2026-09-08 20:59:59.829000+00:00,True,0.0,0.0,24.989,observed
xauusd_ticks_2026-09-09T01-00-00-000Z.json,2026-09-09 01:00:00+00:00,522851,ok,10457,2026-09-09 01:00:00.119000+00:00,2026-09-09 01:59:59.180000+00:00,True,0.0,0.0,10.681,observed
xauusd_ticks_2026-09-09T08-00-00-000Z.json,2026-09-09 08:00:00+00:00,420951,ok,8419,2026-09-09 08:00:00.097000+00:00,2026-09-09 08:59:59.924000+00:00,True,0.0,0.0,17.073,observed
xauusd_ticks_2026-09-09T13-00-00-000Z.json,2026-09-09 13:00:00+00:00,1089801,ok,21796,2026-09-09 13:00:00.100000+00:00,2026-09-09 13:59:59.945000+00:00,True,0.0,0.0,2.708,observed
xauusd_ticks_2026-09-09T14-00-00-000Z.json,2026-09-09 14:00:00+00:00,1049751,ok,20995,2026-09-09 14:00:00.095000+00:00,2026-09-09 14:59:59.909000+00:00,True,0.0,0.0,2.91,observed
xauusd_ticks_2026-09-09T16-00-00-000Z.json,2026-09-09 16:00:00+00:00,1220841,ok,24425,2026-09-09 16:00:00.095000+00:00,2026-09-09 16:59:59.953000+00:00,True,0.0,0.0,4.257,observed
xauusd_ticks_2026-09-09T21-00-00-000Z.json,2026-09-09 21:00:00+00:00,2,empty,0,,,,,,,unknown
xauusd_ticks_2026-09-10T14-00-00-000Z.json,2026-09-10 14:00:00+00:00,2046837,ok,40967,2026-09-10 14:00:00.068000+00:00,2026-09-10 14:59:59.971000+00:00,True,0.0,0.0,1.211,observed
xauusd_ticks_2026-09-10T15-00-00-000Z.json,2026-09-10 15:00:00+00:00,1615297,ok,32315,2026-09-10 15:00:00.174000+00:00,2026-09-10 15:59:59.997000+00:00,True,0.0,0.0,2.313,observed
xauusd_ticks_2026-09-10T19-00-00-000Z.json,2026-09-10 19:00:00+00:00,1170998,ok,23424,2026-09-10 19:00:00.102000+00:00,2026-09-10 19:59:59.957000+00:00,True,0.0,0.0,3.572,observed
xauusd_ticks_2026-09-10T20-00-00-000Z.json,2026-09-10 20:00:00+00:00,474210,ok,9486,2026-09-10 20:00:00.059000+00:00,2026-09-10 20:59:59.778000+00:00,True,0.0,0.0,15.073,observed
xauusd_ticks_2026-09-10T21-00-00-000Z.json,2026-09-10 21:00:00+00:00,2,empty,0,,,,,,,unknown
xauusd_ticks_2026-09-10T22-00-00-000Z.json,2026-09-10 22:00:00+00:00,430726,ok,8614,2026-09-10 22:00:00.348000+00:00,2026-09-10 22:59:59.912000+00:00,True,0.0,0.0,17.597,observed
xauusd_ticks_2026-09-10T23-00-00-000Z.json,2026-09-10 23:00:00+00:00,622656,ok,12483,2026-09-10 23:00:00.114000+00:00,2026-09-10 23:59:59.698000+00:00,True,0.0,0.0,8.49,observed
xauusd_ticks_2026-09-11T00-00-00-000Z.json,2026-09-11 00:00:00+00:00,1346052,ok,26939,2026-09-11 00:00:00.152000+00:00,2026-09-11 00:59:59.995000+00:00,True,0.0,0.0,5.063,observed
xauusd_ticks_2026-09-11T03-00-00-000Z.json,2026-09-11 03:00:00+00:00,1178792,ok,23608,2026-09-11 03:00:00.045000+00:00,2026-09-11 03:59:59.969000+00:00,True,0.0,0.0,4.428,observed
xauusd_ticks_2026-09-11T04-00-00-000Z.json,2026-09-11 04:00:00+00:00,1056172,ok,21151,2026-09-11 04:00:00.071000+00:00,2026-09-11 04:59:59.856000+00:00,True,0.0,0.0,4.364,observed
xauusd_ticks_2026-09-11T05-00-00-000Z.json,2026-09-11 05:00:00+00:00,1190442,ok,23845,2026-09-11 05:00:00.108000+00:00,2026-09-11 05:59:59.958000+00:00,True,0.0,0.0,3.864,observed
xauusd_ticks_2026-09-11T06-00-00-000Z.json,2026-09-11 06:00:00+00:00,1065304,ok,21313,2026-09-11 06:00:00.009000+00:00,2026-09-11 06:59:59.655000+00:00,True,0.0,0.0,4.329,observed
xauusd_ticks_2026-09-11T07-00-00-000Z.json,2026-09-11 07:00:00+00:00,677786,ok,13557,2026-09-11 07:00:00.109000+00:00,2026-09-11 07:59:59.183000+00:00,True,0.0,0.0,4.416,observed
xauusd_ticks_2026-09-11T08-00-00-000Z.json,2026-09-11 08:00:00+00:00,865792,ok,17324,2026-09-11 08:00:00.093000+00:00,2026-09-11 08:59:59.637000+00:00,True,0.0,0.0,4.733,observed
xauusd_ticks_2026-09-11T10-00-00-000Z.json,2026-09-11 10:00:00+00:00,841695,ok,16839,2026-09-11 10:00:00.176000+00:00,2026-09-11 10:59:59.867000+00:00,True,0.0,0.0,5.366,observed
xauusd_ticks_2026-09-11T12-00-00-000Z.json,2026-09-11 12:00:00+00:00,1948289,ok,39016,2026-09-11 12:00:00.010000+00:00,2026-09-11 12:59:59.928000+00:00,True,0.0,0.0,3.208,observed
xauusd_ticks_2026-09-11T13-00-00-000Z.json,2026-09-11 13:00:00+00:00,2034971,ok,40723,2026-09-11 13:00:00.030000+00:00,2026-09-11 13:59:59.924000+00:00,True,0.0,0.0,1.711,observed
xauusd_ticks_2026-09-11T15-00-00-000Z.json,2026-09-11 15:00:00+00:00,1437064,ok,28744,2026-09-11 15:00:00.105000+00:00,2026-09-11 15:59:59.722000+00:00,True,0.0,0.0,2.914,observed
xauusd_ticks_2026-09-11T16-00-00-000Z.json,2026-09-11 16:00:00+00:00,1298167,ok,25965,2026-09-11 16:00:00.077000+00:00,2026-09-11 16:59:59.574000+00:00,True,0.0,0.0,2.672,observed
xauusd_ticks_2026-09-11T18-00-00-000Z.json,2026-09-11 18:00:00+00:00,965478,ok,19312,2026-09-11 18:00:00.143000+00:00,2026-09-11 18:59:59.296000+00:00,True,0.0,0.0,5.127,observed
xauusd_ticks_2026-09-11T23-00-00-000Z.json,2026-09-11 23:00:00+00:00,2,empty,0,,,,,,,unknown
xauusd_ticks_2026-09-15T00-00-00-000Z.json,2026-09-15 00:00:00+00:00,895719,ok,17928,2026-09-15 00:00:00.009000+00:00,2026-09-15 00:59:58.789000+00:00,True,0.0,0.0,7.629,observed
xauusd_ticks_2026-09-15T05-00-00-000Z.json,2026-09-15 05:00:00+00:00,960226,ok,19210,2026-09-15 05:00:00.006000+00:00,2026-09-15 05:59:59.778000+00:00,True,0.0,0.0,14.52,observed
xauusd_ticks_2026-09-15T06-00-00-000Z.json,2026-09-15 06:00:00+00:00,952136,ok,19050,2026-09-15 06:00:00.082000+00:00,2026-09-15 06:59:58.989000+00:00,True,0.0,0.0,4.721,observed
xauusd_ticks_2026-09-15T08-00-00-000Z.json,2026-09-15 08:00:00+00:00,1049553,ok,20995,2026-09-15 08:00:00.065000+00:00,2026-09-15 08:59:58.287000+00:00,True,0.0,0.0,7.185,observed
xauusd_ticks_2026-09-15T13-00-00-000Z.json,2026-09-15 13:00:00+00:00,1481761,ok,29640,2026-09-15 13:00:00.026000+00:00,2026-09-15 13:59:58.154000+00:00,True,0.0,0.0,2.421,observed
xauusd_ticks_2026-09-16T01-00-00-000Z.json,2026-09-16 01:00:00+00:00,517301,ok,10346,2026-09-16 01:00:00.054000+00:00,2026-09-16 01:59:58.756000+00:00,True,0.0,0.0,5.968,observed
xauusd_ticks_2026-09-16T02-00-00-000Z.json,2026-09-16 02:00:00+00:00,642851,ok,12857,2026-09-16 02:00:00.162000+00:00,2026-09-16 02:59:58.990000+00:00,True,0.0,0.0,5.138,observed
xauusd_ticks_2026-09-16T06-00-00-000Z.json,2026-09-16 06:00:00+00:00,339751,ok,6795,2026-09-16 06:00:00.017000+00:00,2026-09-16 06:59:58.611000+00:00,True,0.0,0.0,7.779,observed
xauusd_ticks_2026-09-16T07-00-00-000Z.json,2026-09-16 07:00:00+00:00,537999,ok,10760,2026-09-16 07:00:00.066000+00:00,2026-09-16 07:59:58.499000+00:00,True,0.0,0.0,5.114,observed
xauusd_ticks_2026-09-16T08-00-00-000Z.json,2026-09-16 08:00:00+00:00,610651,ok,12213,2026-09-16 08:00:00.054000+00:00,2026-09-16 08:59:59.596000+00:00,True,0.0,0.0,4.811,observed
xauusd_ticks_2026-09-16T09-00-00-000Z.json,2026-09-16 09:00:00+00:00,311751,ok,6235,2026-09-16 09:00:00.098000+00:00,2026-09-16 09:59:59.752000+00:00,True,0.0,0.0,9.611,observed
xauusd_ticks_2026-09-16T10-00-00-000Z.json,2026-09-16 10:00:00+00:00,530650,ok,10613,2026-09-16 10:00:00.153000+00:00,2026-09-16 10:59:59.910000+00:00,True,0.0,0.0,5.087,observed
xauusd_ticks_2026-09-16T14-00-00-000Z.json,2026-09-16 14:00:00+00:00,887551,ok,17751,2026-09-16 14:00:00.082000+00:00,2026-09-16 14:59:59.087000+00:00,True,0.0,0.0,3.654,observed
xauusd_ticks_2026-09-16T15-00-00-000Z.json,2026-09-16 15:00:00+00:00,884751,ok,17695,2026-09-16 15:00:00.096000+00:00,2026-09-16 15:59:59.859000+00:00,True,0.0,0.0,5.161,observed
xauusd_ticks_2026-09-16T22-00-00-000Z.json,2026-09-16 22:00:00+00:00,200348,ok,4007,2026-09-16 22:00:00.381000+00:00,2026-09-16 22:59:58.176000+00:00,True,0.0,0.0,25.681,observed
xauusd_ticks_2026-09-17T01-00-00-000Z.json,2026-09-17 01:00:00+00:00,838751,ok,16781,2026-09-17 01:00:00.107000+00:00,2026-09-17 01:59:58.944000+00:00,True,0.0,0.0,5.078,observed
xauusd_ticks_2026-09-17T03-00-00-000Z.json,2026-09-17 03:00:00+00:00,476601,ok,9532,2026-09-17 03:00:00.571000+00:00,2026-09-17 03:59:57.263000+00:00,True,0.0,0.0,9.724,observed
xauusd_ticks_2026-09-17T04-00-00-000Z.json,2026-09-17 04:00:00+00:00,280801,ok,5616,2026-09-17 04:00:00.134000+00:00,2026-09-17 04:59:58.272000+00:00,True,0.0,0.0,11.95,observed
xauusd_ticks_2026-09-17T06-00-00-000Z.json,2026-09-17 06:00:00+00:00,446151,ok,8923,2026-09-17 06:00:00.031000+00:00,2026-09-17 06:59:59.775000+00:00,True,0.0,0.0,9.045,observed
xauusd_ticks_2026-09-17T07-00-00-000Z.json,2026-09-17 07:00:00+00:00,643898,ok,12878,2026-09-17 07:00:00.077000+00:00,2026-09-17 07:59:59.987000+00:00,True,0.0,0.0,4.86,observed
xauusd_ticks_2026-09-17T08-00-00-000Z.json,2026-09-17 08:00:00+00:00,567901,ok,11358,2026-09-17 08:00:00.138000+00:00,2026-09-17 08:59:59.666000+00:00,True,0.0,0.0,4.313,observed
xauusd_ticks_2026-09-17T09-00-00-000Z.json,2026-09-17 09:00:00+00:00,505301,ok,10106,2026-09-17 09:00:00.118000+00:00,2026-09-17 09:59:57.959000+00:00,True,0.0,0.0,5.015,observed
xauusd_ticks_2026-09-17T11-00-00-000Z.json,2026-09-17 11:00:00+00:00,728951,ok,14579,2026-09-17 11:00:00.099000+00:00,2026-09-17 11:59:59.029000+00:00,True,0.0,0.0,4.662,observed
xauusd_ticks_2026-09-17T13-00-00-000Z.json,2026-09-17 13:00:00+00:00,1254251,ok,25085,2026-09-17 13:00:00.082000+00:00,2026-09-17 13:59:59.972000+00:00,True,0.0,0.0,1.953,observed
xauusd_ticks_2026-09-17T14-00-00-000Z.json,2026-09-17 14:00:00+00:00,1174098,ok,23482,2026-09-17 14:00:00.023000+00:00,2026-09-17 14:59:59.155000+00:00,True,0.0,0.0,1.907,observed
xauusd_ticks_2026-09-17T16-00-00-000Z.json,2026-09-17 16:00:00+00:00,737299,ok,14746,2026-09-17 16:00:00.029000+00:00,2026-09-17 16:59:59.950000+00:00,True,0.0,0.0,3.739,observed
xauusd_ticks_2026-09-17T21-00-00-000Z.json,2026-09-17 21:00:00+00:00,2,empty,0,,,,,,,unknown
xauusd_ticks_2026-09-17T22-00-00-000Z.json,2026-09-17 22:00:00+00:00,192042,ok,3848,2026-09-17 22:00:01.834000+00:00,2026-09-17 22:59:56.583000+00:00,True,0.0,0.0,19.328,observed
xauusd_ticks_2026-09-18T03-00-00-000Z.json,2026-09-18 03:00:00+00:00,523251,ok,10465,2026-09-18 03:00:00.053000+00:00,2026-09-18 03:59:58.175000+00:00,True,0.0,0.0,11.171,observed
xauusd_ticks_2026-09-18T04-00-00-000Z.json,2026-09-18 04:00:00+00:00,249501,ok,4990,2026-09-18 04:00:00.031000+00:00,2026-09-18 04:59:57.946000+00:00,True,0.0,0.0,13.635,observed
xauusd_ticks_2026-09-18T06-00-00-000Z.json,2026-09-18 06:00:00+00:00,405500,ok,8110,2026-09-18 06:00:00.045000+00:00,2026-09-18 06:59:58.513000+00:00,True,0.0,0.0,5.877,observed
xauusd_ticks_2026-09-18T11-00-00-000Z.json,2026-09-18 11:00:00+00:00,611301,ok,12226,2026-09-18 11:00:00.092000+00:00,2026-09-18 11:59:59.006000+00:00,True,0.0,0.0,4.26,observed
