ticket,side,open_time,close_time,symbol,lot_size,observed_price,pnl,duration_seconds,duration_minutes,win,pnl_per_0_01_lot,side_code,open_date,hour,minute,minute_5,weekday,month,quarter,clock_bucket,gap_from_previous_entry_minutes,gap_from_previous_close_minutes,previous_pnl,previous_win,cumulative_pnl_before,same_direction_as_previous,active_positions_before_entry,entry_while_position_active,timestamp,open,high,low,close,volume,return_1,return_3,return_5,return_10,return_15,return_30,return_60,ema_9,sma_9,distance_ema_9,ema_20,sma_20,distance_ema_20,ema_50,sma_50,distance_ema_50,ema_100,sma_100,distance_ema_100,ema_200,sma_200,distance_ema_200,ema_9_20_diff,ema_20_50_diff,rsi_7,rsi_14,rsi_21,macd,macd_signal,macd_hist,stochastic_k_14,stochastic_d_14,atr_14,atr_ratio,bollinger_upper_20,bollinger_lower_20,bollinger_z_20,bollinger_bandwidth_20,candle_body,candle_body_abs,candle_body_ratio,upper_wick_ratio,lower_wick_ratio,distance_high_10,distance_low_10,distance_high_20,distance_low_20,distance_high_50,distance_low_50,vwap_session,distance_vwap,market_match_lag_seconds,price_diff_vs_bar_close,price_diff_vs_bar_open
36094988,Buy,2025-09-25 19:32:56,2025-09-25 19:42:55,XAUUSD.f,0.01,3736.13,0.97,599.0,9.983333333333333,True,0.97,1,2025-09-25,19,32,30,Thursday,2025-09,2025Q3,17:00-21:59,,,,,0.0,False,0,False,2025-09-25 19:32:00,3735.448,3736.458,3735.328,3736.345,61260.0,0.0002428095446904699,-0.0002996683580984705,-0.00018811639561489013,-0.0004574571535196359,-0.0009679234966103456,0.00011777601411155914,0.0013104807642059235,3736.6671135619963,3736.4023333333334,-8.620344071523305e-05,3737.3822419801895,3738.2918,-0.0002775316820792069,3736.8238609329464,3737.0001,-0.0001281465091124449,3735.5093663735834,3734.6013900000003,0.00022370004849637626,3735.9428608104818,3733.16952,0.00010764061563586063,-0.7151284181932169,0.5583810472430741,41.543856849552384,43.599221471736634,47.05220002673949,-0.4857627154947295,-0.08982188321202322,-0.39594083228270627,25.23026909878758,15.518405305832966,1.3460200474667396,0.00036025047137422796,3742.656357080208,3733.9272429197918,-0.8920951034542192,0.002335054251360589,0.8969999999999345,0.8969999999999345,0.7938053097343787,0.10000000000024147,0.10619469026537988,-0.0006499455035406942,0.00037403465858165674,-0.0016459563848278957,0.00037403465858165674,-0.0016566267072273266,0.0009368182149394055,3741.364472642468,-0.0013416155199985624,56.0,-0.21499999999969077,0.6820000000002437
36095791,Sell,2025-09-25 19:43:46,2025-09-25 19:45:31,XAUUSD.f,0.01,3736.72,2.52,105.0,1.75,True,2.52,0,2025-09-25,19,43,40,Thursday,2025-09,2025Q3,17:00-21:59,10.833333333333334,0.85,0.97,True,0.97,False,0,False,2025-09-25 19:43:00,3737.055,3737.055,3735.555,3736.295,51370.0,-0.0002087193861508574,-1.418497420468956e-05,8.029409048981861e-06,6.343584601742336e-05,-0.0002648981814338258,-0.0015872867417465741,4.014833471410739e-05,3736.4564001948584,3736.266666666667,-4.319606000216436e-05,3736.6508993856255,3736.2582,-9.52455541629407e-05,3736.601695782364,3737.38108,-8.207879975810904e-05,3735.6398490292077,3735.3992100000005,0.00017537851540015985,3735.96497687741,3732.9741599999998,8.833678169694828e-05,-0.1944991907671465,0.049203603261503304,47.03988955050319,46.73096149994103,48.09086416230517,-0.2954134729116049,-0.4134769133293308,0.11806344041772587,52.23433242507128,66.9717741208412,1.20812769888078,0.0003233491196173696,3737.6412193442716,3734.875180655729,0.05321689845090295,0.0007403232165653651,-0.7599999999997635,0.7599999999997635,0.5066666666665091,0.0,0.493333333333491,-0.00046896134025020686,0.0005133384997448864,-0.0005617383930803799,0.0005133384997448864,-0.0016699866000274843,0.0009135025590125689,3741.3005445311783,-0.0013379156450007805,46.0,0.42499999999972715,-0.3350000000000364
36148327,Buy,2025-09-26 18:47:57,2025-09-26 18:54:27,XAUUSD.f,0.01,3779.39,0.82,390.0,6.5,True,0.82,1,2025-09-26,18,47,45,Friday,2025-09,2025Q3,17:00-21:59,1384.1833333333334,1382.4333333333334,2.52,True,3.49,False,0,False,2025-09-26 18:47:00,3776.985,3779.265,3776.955,3778.635,27030.0,0.00043155886740953164,0.0007381123392680156,0.000688552939790199,0.00021440908459235963,-0.0002566405748748446,0.000870648215740788,0.001372747256824347,3777.2265328565054,3776.9275555555555,0.00037288394837936095,3777.1921097225845,3777.7877999999996,0.00038200076551617927,3776.649943954,3776.6990800000003,0.0005256129308934933,3774.309382179758,3776.7608299999997,0.0011460686929019481,3768.8309860474224,3767.0528950000003,0.0026013408372180316,0.03442313392088181,0.5421657685847094,63.26713225895757,57.00432663456178,55.23019935224047,0.1039734083519761,0.15479066069607833,-0.050817252344102226,79.61041710777585,53.26757493336262,1.5040561340297418,0.00039804218561193173,3780.438685884813,3775.1369141151863,0.6391825501460427,0.0014034064511581651,1.650000000000091,1.650000000000091,0.7142857142857705,0.27272727272712954,0.012987012987099913,-5.6366384675876624e-05,0.000996059472168076,-0.0003809448225232659,0.000996059472168076,-0.0003809448225232659,0.0015479240191953458,3753.3482756812227,0.006737111096941308,57.0,0.7549999999996544,2.4049999999997453
36168589,Buy,2025-09-29 08:46:42,2025-09-29 08:52:58,XAUUSD.f,0.01,3805.93,3.9,376.0,6.266666666666667,True,3.9,1,2025-09-29,8,46,45,Monday,2025-09,2025Q3,08:00-12:59,3718.75,3712.25,0.82,True,4.3100000000000005,True,0,False,2025-09-29 08:46:00,3805.498,3805.598,3804.498,3804.505,26460.0,-0.00026093825302231366,0.0003699615418797375,0.0004620342973029601,-0.00035734320581515266,-0.0008115358907656578,-0.0005254163596264405,-3.942538811008145e-05,3804.1347486979157,3803.7858888888886,9.732865067703718e-05,3804.48473814559,3804.76055,5.3257814932872505e-06,3804.4918649416754,3805.2362,3.4525131846693817e-06,3802.657312699257,3802.93011,0.0004858937182092452,3797.9370377304863,3798.528975,0.0017293499613776145,-0.3499894476744885,-0.007126796085231035,51.58166484595565,49.61262408353664,49.70540240250992,-0.37167135945628615,-0.3241487477109665,-0.04752261174531963,56.14567526555677,48.405526637012265,1.9461704889381306,0.0005115436801734078,3808.0336462844143,3801.4874537155856,-0.1561518377670209,0.001720526819704515,-0.9929999999999382,0.9929999999999382,0.9027272727272911,0.09090909090901575,0.006363636363693113,-0.0006285957753530136,0.0009734779869001731,-0.0011761663540287293,0.0009734779869001731,-0.0019308133944931916,0.0009734779869001731,3785.936364623314,0.004904634834910509,42.0,1.4249999999997272,0.431999999999789
36168590,Buy,2025-09-29 08:46:47,2025-09-29 08:52:55,XAUUSD.f,0.01,3805.93,3.52,368.0,6.133333333333334,True,3.52,1,2025-09-29,8,46,45,Monday,2025-09,2025Q3,08:00-12:59,0.08333333333333333,-6.183333333333334,3.9,True,8.21,True,1,True,2025-09-29 08:46:00,3805.498,3805.598,3804.498,3804.505,26460.0,-0.00026093825302231366,0.0003699615418797375,0.0004620342973029601,-0.00035734320581515266,-0.0008115358907656578,-0.0005254163596264405,-3.942538811008145e-05,3804.1347486979157,3803.7858888888886,9.732865067703718e-05,3804.48473814559,3804.76055,5.3257814932872505e-06,3804.4918649416754,3805.2362,3.4525131846693817e-06,3802.657312699257,3802.93011,0.0004858937182092452,3797.9370377304863,3798.528975,0.0017293499613776145,-0.3499894476744885,-0.007126796085231035,51.58166484595565,49.61262408353664,49.70540240250992,-0.37167135945628615,-0.3241487477109665,-0.04752261174531963,56.14567526555677,48.405526637012265,1.9461704889381306,0.0005115436801734078,3808.0336462844143,3801.4874537155856,-0.1561518377670209,0.001720526819704515,-0.9929999999999382,0.9929999999999382,0.9027272727272911,0.09090909090901575,0.006363636363693113,-0.0006285957753530136,0.0009734779869001731,-0.0011761663540287293,0.0009734779869001731,-0.0019308133944931916,0.0009734779869001731,3785.936364623314,0.004904634834910509,47.0,1.4249999999997272,0.431999999999789
36227385,Sell,2025-09-30 11:20:52,2025-09-30 11:22:05,XAUUSD.f,0.01,3833.38,6.03,73.0,1.2166666666666666,True,6.03,0,2025-09-30,11,20,20,Tuesday,2025-09,2025Q3,08:00-12:59,1594.0833333333333,1587.95,3.52,True,11.73,False,0,False,2025-09-30 11:20:00,3832.245,3833.115,3829.958,3831.398,80030.0,-0.00023484603754708733,-0.001420436775186218,-0.0012296294558425958,-0.0013988346953748287,-0.0028723973209695552,-0.0035111464595419806,-0.005576859937423517,3835.279477746417,3835.6388888888887,-0.0010120456068295387,3837.80773495241,3838.3202499999998,-0.0016701553061228183,3842.9288565611528,3843.8976000000002,-0.0030005386494380815,3848.7454187413864,3850.49928,-0.004507291819540302,3853.7692080985194,3859.0176149999998,-0.005805020199836345,-2.5282572059932136,-5.121121608742669,25.524458065192704,30.80521464296281,32.70567850440045,-2.942917519905677,-2.657513656835204,-0.2854038630704734,14.261661879767157,15.564890490606098,2.654429211877381,0.0006928095728706286,3846.3666351759084,3830.273864824091,-1.7205862877967177,0.004192659628080098,-0.8469999999997526,0.8469999999997526,0.26829268292677655,0.27557808045612103,0.4561292366171024,-0.001978903332773174,-0.0001565762821379435,-0.004064688779800485,-0.0001565762821379435,-0.005935487218737601,-0.0001565762821379435,3852.111304278964,-0.0053771302651497085,52.0,1.981999999999971,1.1350000000002183
36227388,Sell,2025-09-30 11:20:57,2025-09-30 11:23:20,XAUUSD.f,0.03,3833.24,6.79,143.0,2.3833333333333333,True,2.263333333333333,0,2025-09-30,11,20,20,Tuesday,2025-09,2025Q3,08:00-12:59,0.08333333333333333,-1.1333333333333333,6.03,True,17.76,True,1,True,2025-09-30 11:20:00,3832.245,3833.115,3829.958,3831.398,80030.0,-0.00023484603754708733,-0.001420436775186218,-0.0012296294558425958,-0.0013988346953748287,-0.0028723973209695552,-0.0035111464595419806,-0.005576859937423517,3835.279477746417,3835.6388888888887,-0.0010120456068295387,3837.80773495241,3838.3202499999998,-0.0016701553061228183,3842.9288565611528,3843.8976000000002,-0.0030005386494380815,3848.7454187413864,3850.49928,-0.004507291819540302,3853.7692080985194,3859.0176149999998,-0.005805020199836345,-2.5282572059932136,-5.121121608742669,25.524458065192704,30.80521464296281,32.70567850440045,-2.942917519905677,-2.657513656835204,-0.2854038630704734,14.261661879767157,15.564890490606098,2.654429211877381,0.0006928095728706286,3846.3666351759084,3830.273864824091,-1.7205862877967177,0.004192659628080098,-0.8469999999997526,0.8469999999997526,0.26829268292677655,0.27557808045612103,0.4561292366171024,-0.001978903332773174,-0.0001565762821379435,-0.004064688779800485,-0.0001565762821379435,-0.005935487218737601,-0.0001565762821379435,3852.111304278964,-0.0053771302651497085,57.0,1.8419999999996435,0.9949999999998909
36228676,Sell,2025-09-30 11:25:56,2025-09-30 11:30:17,XAUUSD.f,0.01,3830.54,12.91,261.0,4.35,True,12.91,0,2025-09-30,11,25,25,Tuesday,2025-09,2025Q3,08:00-12:59,4.983333333333333,2.6,6.79,True,24.55,True,0,False,2025-09-30 11:25:00,3829.645,3830.895,3829.225,3829.855,46440.0,4.7001377401434397e-05,0.0015376669565048129,-0.00040272506275784714,-0.0016318593160006278,-0.001800996412342104,-0.00332921464573388,-0.005489490378460582,3830.4262464679464,3830.513,-0.00014913391648595649,3833.867058443934,3834.16725,-0.0010464782379706599,3840.163463414877,3841.4024,-0.002684381410605354,3846.7364028348998,3848.3943799999997,-0.004388500034070124,3852.4936303213653,3858.0032,-0.0058763576254055655,-3.440811975987799,-6.2964049709426035,42.22358146489913,38.07280968785357,37.279885960896095,-3.9413089149247753,-3.5391963029258844,-0.4021126119988909,50.76556836011444,44.663942535125706,3.2220031262375395,0.0008412859302082035,3843.106173088315,3825.228326911685,-0.964825395049452,0.004662771603567801,0.21000000000003638,0.21000000000003638,0.1257485029940283,0.6227544910179151,0.2514970059880566,-0.0021866747536897213,0.0024559792612011133,-0.0038261805952038985,0.0024559792612011133,-0.005961859155295124,0.0024559792612011133,3851.7558873524736,-0.0056859489523691615,56.0,0.6849999999999454,0.8949999999999818
36274877,Buy,2025-10-01 09:25:14,2025-10-01 09:29:01,XAUUSD.f,0.01,3858.64,2.01,227.0,3.783333333333333,True,2.01,1,2025-10-01,9,25,25,Wednesday,2025-10,2025Q4,08:00-12:59,1319.3,1314.95,12.91,True,37.46,False,0,False,2025-10-01 09:25:00,3857.065,3860.035,3856.935,3859.775,31040.0,0.0006974178686753874,0.0012217692827487525,0.0011067283481192014,0.00046915925883195264,0.00010623509307894352,-0.0009344137330347113,-0.0018549512432025628,3857.0927667518017,3856.358666666667,0.0006954028358662419,3858.113778900613,3858.15715,0.0004305785662600446,3860.326140724905,3861.0890600000002,-0.00014277050819378655,3861.5906256596477,3862.9725300000005,-0.0004701755923020566,3862.232788297768,3862.0754199999997,-0.0006363646192468528,-1.0210121488112236,-2.212361824292202,66.54857591899255,54.00926795735387,49.79384029594689,-1.4003057442441786,-1.6024475193654577,0.20214177512127907,86.59793814433074,57.21649484536192,1.541208972304971,0.00039930021110167586,3862.552669637303,3853.761630362697,0.7361359445513757,0.002278559149568646,2.7100000000000364,2.7100000000000364,0.8741935483871341,0.08387096774186166,0.04193548387100418,0.000300626001816795,0.001744070614097204,-0.00091372542421575,0.001744070614097204,-0.0016786226500252743,0.001744070614097204,3863.28960714672,-0.0009097446746467218,14.0,-1.1350000000002183,1.574999999999818
36283671,Sell,2025-10-01 11:28:02,2025-10-01 11:34:32,XAUUSD.f,0.01,3893.34,6.25,390.0,6.5,True,6.25,0,2025-10-01,11,28,25,Wednesday,2025-10,2025Q4,08:00-12:59,122.8,119.01666666666667,2.01,True,39.47,False,0,False,2025-10-01 11:28:00,3892.975,3893.005,3891.535,3891.645,21840.0,-0.0003416410328861419,0.00011230445661092325,-0.00020295778863355096,0.00020818153429780217,0.0008615601439705411,0.00352244786918976,0.005942633809424613,3892.143650793363,3892.9964444444445,-0.00012811726341639435,3889.972311639216,3890.3156499999996,0.0004300000685812233,3883.6902449272015,3882.15222,0.0020482465312955315,3877.176098995429,3873.8555699999997,0.0037318142470546345,3871.4001230186873,3868.13607,0.005229342444078591,2.171339154147063,6.282066712014512,51.112197612975244,61.30646086222581,64.66367346592585,3.083467404406747,3.50728882995029,-0.42382142554354285,53.333333333333336,69.0664569622226,1.8628466127580474,0.0004786784541647677,3896.6622203987617,3883.9690796012374,0.4189191694019999,0.0032627534471462217,-1.3299999999999272,1.3299999999999272,0.9047619047616985,0.020408163265438702,0.07482993197286276,-0.0008985544825673708,0.0007637562923104024,-0.0008985544825673708,0.002480670476543878,-0.0008985544825673708,0.006098672330150379,3865.721083255591,0.006706101186839002,2.0,1.6950000000001637,0.36500000000023647
36322976,Buy,2025-10-02 08:13:35,2025-10-02 09:05:06,XAUUSD.f,0.01,3868.72,1.21,3091.0,51.516666666666666,True,1.21,1,2025-10-02,8,13,10,Thursday,2025-10,2025Q4,08:00-12:59,1245.55,1239.05,6.25,True,45.72,False,0,False,2025-10-02 08:13:00,3868.275,3868.275,3867.585,3868.115,9930.0,3.102382500497214e-05,0.00021125861001669577,0.0001336746993869653,0.00045779670463974576,0.0010843895779548696,0.0009082428864009007,0.0007935218398322785,3867.35057634767,3867.3622222222225,0.00019766081125534247,3866.336963107096,3865.87625,0.0004598763402853992,3865.4541523419284,3864.94016,0.0006883661151327477,3865.24179438116,3865.10658,0.0007433443421356855,3864.7776640788106,3865.300055,0.0008635259803450096,1.0136132405741591,0.8828107651675055,69.6420355648225,67.14373209065482,64.04299843557139,1.0216768028440129,0.786724405834941,0.2349523970090719,91.43751397271922,87.57400740624034,0.8435682228549626,0.00021808250862628505,3869.5266144632715,3862.225885536728,1.2265898501507757,0.0018885055947001261,-0.16000000000030923,0.16000000000030923,0.23188405797144432,0.0,0.7681159420285557,-9.90048334005289e-05,0.0007554599444528076,-9.90048334005289e-05,0.001455018064748348,-9.90048334005289e-05,0.0016936094728188245,3862.452175593012,0.0014661215594516813,35.0,0.6050000000000182,0.44499999999970896
36334931,Buy,2025-10-02 15:17:55,2025-10-02 15:20:28,XAUUSD.f,0.01,3881.12,1.43,153.0,2.55,True,1.43,1,2025-10-02,15,17,15,Thursday,2025-10,2025Q4,13:00-16:59,424.3333333333333,372.81666666666666,1.21,True,46.93,True,0,False,2025-10-02 15:17:00,3882.775,3882.775,3880.035,3881.255,48670.0,-0.0003991959421087987,-0.0012942951945108527,-0.0018028606589313156,-0.002574991487365952,-0.0013688144445944683,-0.0008495181558761944,-0.000667636838516783,3885.168572413774,3886.1772222222226,-0.0010073108388557435,3886.117924290351,3887.1008,-0.0012513578808184963,3885.4076797827533,3885.30272,-0.001068788689629972,3883.7634517400106,3883.54336,-0.0006458816998462338,3880.7709445131595,3880.6123899999993,0.00012473178493695235,-0.9493518765766567,0.7102445075975083,19.44177480380111,31.08367021324149,36.96023752518789,-0.39979073313224944,0.5546947305201806,-0.95448546365243,10.295358649790863,5.247545583983213,1.660357751975136,0.00042778888580501307,3892.384800574285,3881.8167994257155,-2.212641697447865,0.002718736068940954,-1.5199999999999818,1.5199999999999818,0.5547445255473907,0.0,0.44525547445260927,-0.0027313242811645155,-0.0003348310584138092,-0.0027313242811645155,-0.0003348310584138092,-0.0027313242811645155,-0.00017001917867853766,3868.9376197653887,0.003183659558553005,55.0,-0.13500000000021828,-1.6550000000002
36335183,Buy,2025-10-02 15:23:08,2025-10-02 15:31:38,XAUUSD.f,0.01,3882.36,1.32,510.0,8.5,True,1.32,1,2025-10-02,15,23,20,Thursday,2025-10,2025Q4,13:00-16:59,5.216666666666667,2.6666666666666665,1.43,True,48.36,True,0,False,2025-10-02 15:23:00,3882.295,3882.925,3881.015,3882.905,25380.0,0.00015197118214271832,5.150809256448952e-06,2.5754576910452798e-05,-0.0007180182695759596,-0.002125322042827671,-0.00026776898231051227,-0.000293508442873347,3883.3084939268374,3882.659444444444,-0.00010390468011187625,3884.5575773987825,3886.0041499999998,-0.0004254222947800808,3884.8237256343605,3885.23192,-0.0004939028820534087,3883.6403325391457,3883.6313,-0.0001893410501957348,3880.8819163397266,3880.8259399999997,0.0005212948252189346,-1.2490834719451414,-0.2661482355779299,39.520333136884666,40.82153123277581,43.4247584552181,-1.055251130101169,-0.544244723356742,-0.5110064067444271,27.94547224927313,22.12056227879246,1.7703600057763778,0.0004559369868117756,3892.8430285504,3879.1652714495995,-0.9063328079771736,0.0035197484544118645,0.6100000000001273,0.6100000000001273,0.31937172774870604,0.010471204188470456,0.6701570680628235,-0.0013785068661729127,0.0007396840492419621,-0.00230736519707031,0.0007396840492419621,-0.00230736519707031,0.0007396840492419621,3869.0902868409044,0.003570532640729741,8.0,-0.5450000000000728,0.06500000000005457
36335196,Buy,2025-10-02 15:23:37,2025-10-02 15:31:34,XAUUSD.f,0.01,3882.34,1.22,477.0,7.95,True,1.22,1,2025-10-02,15,23,20,Thursday,2025-10,2025Q4,13:00-16:59,0.48333333333333334,-8.016666666666667,1.32,True,49.68,True,1,True,2025-10-02 15:23:00,3882.295,3882.925,3881.015,3882.905,25380.0,0.00015197118214271832,5.150809256448952e-06,2.5754576910452798e-05,-0.0007180182695759596,-0.002125322042827671,-0.00026776898231051227,-0.000293508442873347,3883.3084939268374,3882.659444444444,-0.00010390468011187625,3884.5575773987825,3886.0041499999998,-0.0004254222947800808,3884.8237256343605,3885.23192,-0.0004939028820534087,3883.6403325391457,3883.6313,-0.0001893410501957348,3880.8819163397266,3880.8259399999997,0.0005212948252189346,-1.2490834719451414,-0.2661482355779299,39.520333136884666,40.82153123277581,43.4247584552181,-1.055251130101169,-0.544244723356742,-0.5110064067444271,27.94547224927313,22.12056227879246,1.7703600057763778,0.0004559369868117756,3892.8430285504,3879.1652714495995,-0.9063328079771736,0.0035197484544118645,0.6100000000001273,0.6100000000001273,0.31937172774870604,0.010471204188470456,0.6701570680628235,-0.0013785068661729127,0.0007396840492419621,-0.00230736519707031,0.0007396840492419621,-0.00230736519707031,0.0007396840492419621,3869.0902868409044,0.003570532640729741,37.0,-0.5650000000000546,0.04500000000007276
36337657,Sell,2025-10-02 16:13:13,2025-10-02 16:16:03,XAUUSD.f,0.01,3890.78,1.81,170.0,2.8333333333333335,True,1.81,0,2025-10-02,16,13,10,Thursday,2025-10,2025Q4,13:00-16:59,49.6,41.65,1.22,True,50.9,False,0,False,2025-10-02 16:13:00,3891.025,3891.945,3890.435,3891.635,39780.0,0.00014648945725670437,0.0005810702233650655,0.0008358225844404821,0.0004884651525103312,0.002172693743661913,0.00234124781554379,0.0015286840578068173,3889.6104071184686,3889.403888888889,0.0005205130256301077,3887.8219566170783,3887.16365,0.0009807659469673316,3885.908754191912,3884.7729199999994,0.0014735924516783832,3884.7574455305535,3885.0024200000003,0.0017703948228117651,3882.5346155145926,3882.9901249999994,0.0023439287441359906,1.7884505013903436,1.9132024251662187,82.69572378797821,72.87053002073566,67.01975627398744,1.851130009373719,1.4677660105981243,0.3833639987755948,96.03580562659924,94.37005917320113,1.5732538840596344,0.00040426552954211643,3893.285494444761,3881.041805555239,1.460785238941094,0.0031497744864746723,0.6100000000001273,0.6100000000001273,0.40397350993380077,0.2052980132449673,0.39072847682123196,7.966438166961964e-05,0.0010134539875170656,7.966438166961964e-05,0.0025943144066891133,7.966438166961964e-05,0.0030302499202294886,3870.3641872673584,0.005495816854294516,13.0,-0.8550000000000182,-0.24499999999989086
36368405,Buy,2025-10-03 10:17:25,2025-10-03 10:23:08,XAUUSD.f,0.01,3860.35,1.2,343.0,5.716666666666667,True,1.2,1,2025-10-03,10,17,15,Friday,2025-10,2025Q4,08:00-12:59,1084.2,1081.3666666666666,1.81,True,52.71,False,0,False,2025-10-03 10:17:00,3857.735,3860.415,3857.715,3860.275,20790.0,0.0006402604589916816,0.0004457627272387299,0.0008029186104452357,0.00017359289357332663,7.771527454902838e-06,0.0009905470179218945,0.00018395855491482038,3858.789195370663,3858.6360000000004,0.00038504425976924395,3858.674260454919,3858.86495,0.00041484184386487955,3858.3126560691103,3858.65718,0.0005086015846339052,3856.8633372228383,3857.5751400000004,0.0008845692675277493,3854.4668522099446,3852.2716450000003,0.001506861522683849,0.1149349157440156,0.36160438580873233,63.70235476384673,57.850655919191,55.89576990114463,0.12255806384109746,0.09364689828157861,0.02891116555951885,96.2566844919818,56.06087013930057,1.3317694470000276,0.0003449934129045282,3860.48287502602,3857.2470249739804,1.7430350323079156,0.000838549701522852,2.5399999999999636,2.5399999999999636,0.9407407407407906,0.051851851851808184,0.00740740740740117,0.0,0.0009334465569434958,-0.00011655841843172254,0.0009334465569434958,-0.00011655841843172254,0.0013818604038238202,3853.2738296008897,0.0018169407907964689,25.0,0.0749999999998181,2.6149999999997817
36383087,Buy,2025-10-03 18:18:08,2025-10-03 18:22:57,XAUUSD.f,0.01,3878.35,7.8,289.0,4.816666666666666,True,7.8,1,2025-10-03,18,18,15,Friday,2025-10,2025Q4,17:00-21:59,480.71666666666664,475.0,1.2,True,53.910000000000004,True,0,False,2025-10-03 18:18:00,3878.945,3880.015,3878.445,3879.915,28930.0,0.0002397534406550772,1.804195786170304e-05,0.0004718823852494225,0.0015514061392831735,0.0007918810269691434,0.0005588295061980109,0.0016574179132797795,3878.9695506192284,3878.887222222222,0.00024373725249291457,3878.4577781252433,3878.4771499999997,0.0003757219900589086,3877.8496318104803,3877.4781199999998,0.0005326065695217165,3877.1469395017393,3878.35491,0.0007139426339658842,3874.5405608818405,3874.5174449999995,0.001387116493867915,0.5117724939850632,0.608146314762962,59.94131416381477,55.72376893406383,54.20589975380211,0.5233186958284932,0.3749240985244012,0.14839459730409205,77.48986859879557,70.40812149494354,2.075451819155954,0.0005349219813207129,3881.806627158049,3875.14767284195,0.8637091842026741,0.0017168992000117806,0.9699999999997999,0.9699999999997999,0.6178343949044457,0.06369426751587745,0.3184713375796769,-0.00027055126753272596,0.0016289735272438932,-0.0004722099425310544,0.0016289735272438932,-0.0004722099425310544,0.0020118152177421855,3864.7563639261152,0.003922274691200827,8.0,-1.5650000000000546,-0.5950000000002547
36414174,Sell,2025-10-06 12:14:39,2025-10-06 12:40:39,XAUUSD.f,0.01,3943.07,2.46,1560.0,26.0,True,2.46,0,2025-10-06,12,14,10,Monday,2025-10,2025Q4,08:00-12:59,3956.516666666667,3951.7,7.8,True,61.71,False,0,False,2025-10-06 12:14:00,3943.115,3943.115,3942.445,3942.545,18840.0,-0.00013694860749891014,-0.0001699121148606153,-5.072608043377169e-05,2.2828415289444237e-05,8.370928526213461e-05,0.0011147351996048105,-0.0011173170203359062,3943.0426785091054,3943.057222222222,-0.00012621687100112112,3942.854878896284,3943.2009999999996,-7.859251882245445e-05,3942.1820301642406,3941.2709400000003,9.207333222620467e-05,3940.677995519107,3941.56648,0.0004737774776361264,3937.5698518290687,3935.8108399999996,0.0012635072793998289,0.1877996128214363,0.6728487320433487,42.85823490138066,49.2913957694273,50.510943220147645,0.3309269513410982,0.4601219873989834,-0.12919503605788524,37.57225433526498,52.50481695568609,1.3084163454868785,0.00033187099842535173,3944.829449674626,3941.572550325373,-0.8056742682576229,0.0008259531657790758,-0.569999999999709,0.569999999999709,0.8507462686567671,0.0,0.14925373134323294,-0.00037271663520543896,0.00015220912519064989,-0.0011147862460713087,0.0003298450109039397,-0.0012514297077760306,0.001890673819377131,3922.742049755874,0.005048241763783143,39.0,0.525000000000091,-0.04499999999961801
36416362,Sell,2025-10-06 14:10:55,2025-10-06 14:16:33,XAUUSD.f,0.01,3938.03,3.02,338.0,5.633333333333334,True,3.02,0,2025-10-06,14,10,10,Monday,2025-10,2025Q4,13:00-16:59,116.26666666666667,90.26666666666667,2.46,True,64.17,True,0,False,2025-10-06 14:10:00,3937.678,3938.135,3936.825,3936.825,21940.0,-0.00029202826325713804,-0.0007310192006761973,-0.001303918223525713,-0.0012109301861834565,-0.0015908810787863548,-0.001696456080425679,-0.0004976153813930351,3939.4065474301806,3939.579777777778,-0.0006553137887900402,3940.6141861959372,3941.2336499999997,-0.0009615724901998844,3941.2240143641725,3941.65542,-0.0011161543591889317,3941.0987692937942,3940.83196,-0.0010844106032288673,3939.962756178021,3941.74069,-0.0007963923448518041,-1.2076387657566556,-0.6098281682352535,21.348472211402182,30.607578290424925,36.160814130825514,-1.05952847858498,-0.5783105806882175,-0.4812178978967624,0.0,5.6348926938220005,1.3799719122523781,0.000350529147791019,3945.1110778554926,3937.356222144507,-2.2740074937845334,0.0019676214098562246,-0.8530000000000655,0.8530000000000655,0.65114503816779,0.34885496183221,0.0,-0.001438935416073872,-0.00020316815339205263,-0.001831367163888431,-0.00020316815339205263,-0.0024351091554782878,-0.00020316815339205263,3925.175189823782,0.002967972029992547,55.0,1.205000000000382,0.3520000000003165
36450406,Sell,2025-10-07 08:47:44,2025-10-07 08:53:06,XAUUSD.f,0.01,3962.08,-1.71,322.0,5.366666666666666,False,-1.71,0,2025-10-07,8,47,45,Tuesday,2025-10,2025Q4,08:00-12:59,1116.8166666666666,1111.1833333333334,3.02,True,67.19,True,0,False,2025-10-07 08:47:00,3961.885,3962.245,3961.565,3961.775,14940.0,-2.271657413865924e-05,0.00015147020770345243,-8.076535267320661e-05,-0.0006407159875034818,0.00015147020770345243,-0.0008776232549987384,-0.003679202696908468,3962.050710290106,3961.9416666666666,-6.958777417711916e-05,3962.8993586740485,3962.9315,-0.00028372122839490457,3965.5770541202937,3966.11698,-0.0009587644038698584,3967.7672742523537,3970.37272,-0.0015102383376259653,3968.0749098548004,3969.0789600000003,-0.0015876489224420382,-0.8486483839424181,-2.6776954462452522,41.8072591849929,41.53710300008937,41.045711999867244,-1.157907785077441,-1.2003124883333087,0.04240470325586765,19.230769230768313,16.60839160838897,1.611557820161086,0.0004067767150232121,3965.863137035929,3959.9998629640713,-0.7889789805671905,0.0014795295028081185,-0.11000000000012733,0.11000000000012733,0.16176470588257913,0.5294117647055283,0.30882352941189256,-0.0011647856554881653,0.0002777304373622336,-0.0011647856554881653,0.0002777304373622336,-0.0037543644801412146,0.0005119012624035246,3966.2637442213895,-0.0011317311482195954,44.0,0.3049999999998363,0.19499999999970896
36450588,Sell,2025-10-07 08:53:49,2025-10-07 09:05:30,XAUUSD.f,0.01,3964.19,3.62,701.0,11.683333333333334,True,3.62,0,2025-10-07,8,53,50,Tuesday,2025-10,2025Q4,08:00-12:59,6.083333333333333,0.7166666666666667,-1.71,False,65.48,True,0,False,2025-10-07 08:53:00,3962.855,3965.025,3962.715,3965.025,36940.0,0.0005475850113112468,0.0010654399800040792,0.000492042164228712,0.0009870958050952616,0.00023965237791934157,0.0008978994655517436,-0.0028092183607695276,3962.7750869982906,3962.365,0.0005677619729394629,3962.8800902565667,3962.9010000000003,0.0005412502257403601,3964.9803618838514,3964.56918,1.1258092619525903e-05,3967.2007492147036,3969.6757900000002,-0.0005484343627264601,3967.764582087359,3969.01706,-0.0006904598371906688,-0.10500325827615598,-2.1002716272846556,68.5127426222086,56.82053328247443,51.81719237380219,-0.5079577857936783,-0.9040547594247311,0.3960969736310528,100.0,71.66246851385613,1.7308854397367657,0.00043653834206260127,3965.9350551160574,3959.8669448839432,1.400106404632492,0.0015312293272312686,2.1700000000000728,2.1700000000000728,0.9393939393939931,0.0,0.060606060606006915,0.00041883601434644646,0.0011994116570188673,-0.0003454018069304343,0.0011994116570188673,-0.0028092183607695276,0.0013326605632479893,3966.207441382476,-0.00029812898088455586,49.0,-0.8350000000000364,1.3350000000000364
36451248,Buy,2025-10-07 09:17:36,2025-10-07 09:22:00,XAUUSD.f,0.01,3963.3,1.43,264.0,4.4,True,1.43,1,2025-10-07,9,17,15,Tuesday,2025-10,2025Q4,08:00-12:59,23.783333333333335,12.1,3.62,True,69.10000000000001,False,0,False,2025-10-07 09:17:00,3963.175,3963.715,3962.265,3962.315,20910.0,-0.0002220430738331114,-0.0005145856009363126,-0.00015140370156818683,-7.823097063186513e-05,4.290605215095944e-05,0.00013630254115892804,-0.0007414403361196698,3963.104461806424,3963.2261111111115,-0.00019920287593528198,3963.0789486917297,3963.0226500000003,-0.0001927664580040296,3963.8349986984863,3963.0235199999997,-0.00038346669298427424,3965.6545397826694,3967.0351,-0.0008421156581259799,3966.7815950368745,3968.7070400000002,-0.0011259997380402545,0.025513114694149408,-0.7560500067565954,39.735539608971244,45.340324882785836,45.93894595803004,-0.02525626179340179,-0.05743106769379744,0.03217480590039565,51.086956521742266,64.7946859903412,1.4480117428470942,0.0003654458928295944,3964.9066668830696,3961.138633116931,-0.7512140749476137,0.0009507979385731278,-0.8600000000001273,0.8600000000001273,0.5931034482758383,0.3724137931033531,0.034482758620808615,-0.0006809558097510271,0.00021456708566147675,-0.0007774755522649279,0.0007122120371412244,-0.0010286418775738992,0.0007122120371412244,3966.036095237592,-0.0009382403861780304,36.0,0.9850000000001273,0.125
36508294,Sell,2025-10-08 12:19:47,2025-10-08 12:32:57,XAUUSD.f,0.02,4036.35,4.98,790.0,13.166666666666666,True,2.49,0,2025-10-08,12,19,15,Wednesday,2025-10,2025Q4,08:00-12:59,1622.1833333333334,1617.7833333333333,1.43,True,70.53000000000002,False,0,False,2025-10-08 12:19:00,4035.715,4036.455,4035.455,4036.345,16049.999999999998,0.0001511496666652956,-0.00015605744400204458,-0.00014367371204582202,-0.000170917517435476,-0.0002130186601869699,-0.0003541554445208872,-0.00047792683757308385,4036.466922785191,4036.423888888889,-3.020532250689619e-05,4036.9247301857495,4036.968,-0.00014360688506644335,4037.3222180756293,4037.8095999999996,-0.00024204609462537933,4036.7249340236235,4037.1654200000003,-9.411937395620801e-05,4033.8617643446855,4034.268445,0.0006155976085406795,-0.4578074005585222,-0.39748788987981243,46.25922393373928,45.9576707501673,46.70768146355418,-0.4687553228609431,-0.35785235795976045,-0.11090296490118268,20.41284403669373,7.629363853814663,1.219150013496184,0.0003020430645785194,4039.3534479706914,4034.5825520293083,-0.52233375672369,0.001181801773356405,0.6299999999996544,0.6299999999996544,0.6299999999996544,0.11000000000012733,0.2600000000002183,-0.0005942440040160868,0.0001511496666652956,-0.0008589502242059011,0.0008083142309174285,-0.00098012402529013,0.0008083142309174285,4014.696779310628,0.005392243020926047,47.0,0.005000000000109139,0.6349999999997635
36508676,Buy,2025-10-08 12:36:16,2025-10-08 12:39:56,XAUUSD.f,0.01,4035.65,2.27,220.0,3.6666666666666665,True,2.27,1,2025-10-08,12,36,35,Wednesday,2025-10,2025Q4,08:00-12:59,16.483333333333334,3.316666666666667,4.98,True,75.51000000000002,False,0,False,2025-10-08 12:36:00,4035.025,4036.285,4035.025,4036.225,29040.0,0.0002850008983723562,0.0012030634709001564,0.0003296244388020231,-9.413851491535397e-05,-1.734263724528784e-05,-0.0006610719020920808,-0.0007253992481101035,4034.728443448262,4034.429444444444,0.0003709187799659485,4035.3133450778746,4035.4555,0.0002259192395151447,4036.2681476462276,4036.7545999999998,-1.0689985067727059e-05,4036.3063972193036,4037.15609,-2.0166263730555653e-05,4034.089314820274,4034.8019149999996,0.0005294094932107485,-0.5849016296124319,-0.9548025683529886,59.83841900588595,52.540310946906274,50.41821489965589,-0.7115428615325072,-0.7152311611426321,0.0036882996101248455,86.1027190332313,66.29489130681367,1.4207343624910203,0.00035199582840179136,4038.3005102062443,4032.6104897937557,0.5409470927808707,0.0014100069775242455,1.199999999999818,1.199999999999818,0.9523809523809867,0.04761904761901325,0.0,-0.0002031188654078031,0.0014142078265237945,-0.0002353130592556152,0.0014142078265237945,-0.0010098247533292248,0.0014142078265237945,4015.0745574755547,0.005267758349609177,16.0,-0.5749999999998181,0.625
36508993,Buy,2025-10-08 12:42:32,2025-10-08 12:46:10,XAUUSD.f,0.02,4039.03,5.04,218.0,3.6333333333333333,True,2.52,1,2025-10-08,12,42,40,Wednesday,2025-10,2025Q4,08:00-12:59,6.266666666666667,2.6,2.27,True,77.78000000000002,True,0,False,2025-10-08 12:42:00,4039.645,4040.005,4038.875,4039.275,31690.000000000004,-5.6937669343115616e-05,0.0002476304857890188,0.0005870834215815357,0.0015795065839636635,0.0007705334147638521,0.000646573347057533,0.0003343301324318926,4037.4187327593017,4036.9983333333334,0.000459765846340568,4036.6118999310415,4036.0015,0.0006597364658722952,4036.65839213483,4036.6706,0.0006482113696487784,4036.5053681486093,4037.40479,0.0006861459601281703,4034.3199949184745,4035.2399200000004,0.0012282132026628374,0.8068328282602124,-0.04649220378860264,69.24711283627772,61.57368406054473,57.829574572461915,0.5004122944342271,-0.0976663980881084,0.5980786925223355,92.29957805907155,90.27074266242505,1.5216208591712663,0.00037670642854751565,4039.958023050929,4032.0449769490706,1.654735715102814,0.0019606152529572964,-0.36999999999989086,0.36999999999989086,0.32743362831845585,0.3185840707965421,0.35398230088500204,-0.00010644341604149066,0.00217093306703231,-0.00010644341604149066,0.00217093306703231,-0.0001386195228270104,0.00217093306703231,4015.28431487735,0.0059748409430834875,32.0,-0.24499999999989086,-0.6149999999997817
36561296,Sell,2025-10-09 14:04:35,2025-10-09 14:13:00,XAUUSD.f,0.02,4039.78,2.84,505.0,8.416666666666666,True,1.42,0,2025-10-09,14,4,0,Thursday,2025-10,2025Q4,13:00-16:59,1522.05,1518.4166666666667,5.04,True,82.82000000000002,False,0,False,2025-10-09 14:04:00,4040.305,4040.795,4039.345,4040.345,35700.0,-1.7324953006103705e-05,-0.0008877491848905406,-0.000897631661916809,-0.00027217987625727247,2.9701316139441047e-05,0.00022527903035940433,0.000862055084824398,4041.8304944398474,4042.534222222222,-0.0003675301183191859,4041.3833977719737,4041.4114500000005,-0.00025694116835002013,4040.0781967642797,4039.5821,6.603912665199752e-05,4038.9349923939135,4038.48387,0.0003491038129461415,4037.338863324864,4037.212965,0.0007445836916101668,0.44709666787366587,1.305201007693995,37.01435178939986,46.49339872414783,49.84354226944683,0.7281249681227564,0.9698538101694718,-0.2417288420467154,14.064697609001154,16.219665665497974,1.2848444673109136,0.00031800365248782313,4044.73664107634,4038.086258923661,-0.6414368230379465,0.0016455592891140573,0.03999999999996362,0.03999999999996362,0.027586206896521442,0.3103448275863367,0.6620689655171419,-0.0015099636595489185,9.579307507645574e-05,-0.0015099636595489185,0.0005968397212932075,-0.0015099636595489185,0.0009265211731144252,4026.1872100539626,0.0035164261390238233,35.0,-0.5649999999995998,-0.5249999999996362
36562289,Buy,2025-10-09 14:19:30,2025-10-09 14:33:44,XAUUSD.f,0.01,4035.78,4.04,854.0,14.233333333333333,True,4.04,1,2025-10-09,14,19,15,Thursday,2025-10,2025Q4,13:00-16:59,14.916666666666666,6.5,2.84,True,85.66000000000003,False,0,False,2025-10-09 14:19:00,4035.865,4035.995,4034.785,4035.375,19530.0,-0.00012141139507881871,-0.00029059483499260796,-0.0006438870968740185,-0.0009506797731737571,-0.001230092974733532,-0.0012004281939743677,-0.0005250780496321994,4036.969826237233,4037.090444444444,-0.00039505527806225037,4038.3918090843135,4039.2709000000004,-0.0007470322908062711,4039.128549634652,4039.68588,-0.0009292968987063576,4038.72530847483,4038.48496,-0.0008295460124014087,4037.4591783059577,4037.7888900000003,-0.0005162103723937101,-1.4219828470804714,-0.7367405503382543,29.749378856571923,34.22405990387159,37.802983717398796,-1.2758232336927904,-0.7525167719732554,-0.523306461719535,14.868421052633193,14.24508404179503,1.4469965647363792,0.00035857796728591,4044.546032473229,4033.995767526772,-1.4770813888645278,0.0026119230939566323,-0.4899999999997817,0.4899999999997817,0.40495867768575783,0.10743801652901258,0.4876033057852296,-0.0010602382676949684,0.0002801019769498314,-0.0027381992385927534,0.0002801019769498314,-0.0027381992385927534,0.0002801019769498314,4026.3837463021505,0.00223308414308674,30.0,0.4050000000002001,-0.08499999999958163
36562770,Buy,2025-10-09 14:42:13,2025-10-09 14:47:42,XAUUSD.f,0.01,4042.07,2.88,329.0,5.483333333333333,True,2.88,1,2025-10-09,14,42,40,Thursday,2025-10,2025Q4,13:00-16:59,22.716666666666665,8.483333333333333,4.04,True,89.70000000000003,True,0,False,2025-10-09 14:42:00,4041.905,4042.605,4041.905,4042.195,17910.0,7.669688771461125e-05,0.0002697282055279526,0.0001261849946248006,0.0009137044525140414,0.0017918371039153946,0.0011633442295204688,0.0008938774347946321,4041.0167065364294,4041.1916666666666,0.00029158341802072707,4039.6768587216534,4038.61415,0.0006233521557324847,4038.9718282881486,4039.1582200000003,0.0007980178740730855,4038.648633758252,4038.8192299999996,0.0008781071500265984,4037.640111924612,4038.344925,0.0011281065050686174,1.3398478147760216,0.7050304335048168,75.36179246117626,65.9276633725885,61.07202397886498,1.1825482808026209,0.6861302285887062,0.49641805221391466,94.47439353099932,94.68838066700846,1.2491001570525613,0.0003090153139699003,4044.2811546696576,4032.947145330342,1.2637540318867184,0.0028064105453885326,0.2899999999999636,0.2899999999999636,0.41428571428577,0.58571428571423,0.0,-6.67909307811021e-05,0.0011144972564791633,-6.67909307811021e-05,0.0021917237634674347,-0.0010527733534660966,0.0021917237634674347,4026.572040224476,0.003879965295406254,13.0,-0.125,0.16499999999996362
36640713,Buy,2025-10-10 19:29:10,2025-10-10 19:33:56,XAUUSD.f,0.02,3989.25,4.56,286.0,4.766666666666667,True,2.28,1,2025-10-10,19,29,25,Friday,2025-10,2025Q4,17:00-21:59,1726.95,1721.4666666666667,2.88,True,92.58000000000003,True,0,False,2025-10-10 19:29:00,3989.305,3989.315,3987.525,3987.565,48390.0,-0.00045119962700823635,0.00015550753772619608,0.0007855567978898303,0.0025972817799300163,-0.0005639359218410078,-0.002491541641390649,-0.007191179868381137,3986.7712076040652,3985.8142222222223,0.00019910658389947134,3987.628469656005,3987.17745,-1.5916642307082716e-05,3992.6088660547307,3994.21566,-0.0012633008200762486,3994.7910625511113,3999.61219,-0.0018088712120269425,3993.811853777194,3992.4580350000006,-0.0015641332155609076,-0.8572620519398697,-4.980396398725588,53.51449242499202,47.663675484827245,45.912961348967656,-2.010175817617437,-3.068151626586434,1.057975808968997,70.66763713359332,75.35281546767746,3.7790310759884136,0.000947703943631869,3996.2954249201275,3978.0594750798728,0.08500791094400438,0.004573648920555257,-1.7399999999997817,1.7399999999997817,0.9720670391060431,0.005586592178893007,0.02234636871506393,-0.0005388856096237848,0.0026855189425893933,-0.0020321922273652815,0.0026855189425893933,-0.007369121729536854,0.0026855189425893933,3984.7834789467693,0.0006980356819703496,10.0,1.6849999999999454,-0.05499999999983629
36682106,Sell,2025-10-13 15:38:45,2025-10-13 15:44:45,XAUUSD.f,0.01,4078.64,0.71,360.0,6.0,True,0.71,0,2025-10-13,15,38,35,Monday,2025-10,2025Q4,13:00-16:59,4089.5833333333335,4084.8166666666666,4.56,True,97.14000000000003,False,0,False,2025-10-13 15:38:00,4078.685,4079.405,4076.975,4078.685,40150.0,9.80717860965541e-06,-0.000641951532659224,-0.0009308056245155294,-0.001009110158334714,-0.0005586913879438438,0.001027611254196259,0.00040225212132805055,4080.540727369069,4081.526444444444,-0.0004547748676106105,4080.3290731360644,4081.3131499999995,-0.00040292660385865184,4078.8538645220324,4077.31528,-4.139999314543325e-05,4078.1536582414874,4078.53142,0.0001302897838189034,4076.8686642123243,4076.9385249999996,0.00044552227144813487,0.21165423300453767,1.4752086140319989,30.324199026842166,44.899240420377694,48.693698467084864,0.7767226948485586,1.4602404455759488,-0.6835177507273902,19.409761634506776,15.787189621139959,2.166685205159652,0.0005312215101582133,4085.4715054476287,4077.1547945523703,-1.2640333579457939,0.0020377536811304075,0.0,0.0,0.0,0.2962962962963656,0.7037037037036344,-0.0017377321616286467,0.0002942990593466366,-0.0017377321616286467,0.0010357187998915052,-0.0017377321616286467,0.0014043823111664633,4057.8078492884783,0.005144933295740541,45.0,-0.04500000000007276,-0.04500000000007276
36725889,Sell,2025-10-14 10:42:54,2025-10-14 10:45:12,XAUUSD.f,0.02,4122.81,4.94,138.0,2.3,True,2.47,0,2025-10-14,10,42,40,Tuesday,2025-10,2025Q4,08:00-12:59,1144.15,1138.15,0.71,True,97.85000000000002,True,0,False,2025-10-14 10:42:00,4123.465,4124.448,4121.978,4122.848,103150.0,-0.0002061256668166589,0.00037609510401814816,0.001029474035887823,0.0010778434099187884,-0.0008118854209130388,0.002905199706634054,0.00562222821709768,4122.402661956349,4122.212555555556,0.00010802875899546259,4121.25093156555,4122.3491,0.00038752030899596567,4117.740092404565,4115.80828,0.0012404638177277733,4119.648760508394,4112.39669,0.0007765806449992628,4127.928268945362,4135.5135,-0.0012307066921635485,1.1517303907994574,3.5108391609846876,53.63642346325134,55.52292104663729,55.74075965343167,1.801463217845594,2.1292605635813326,-0.3277973457357386,63.87211719291358,69.35363605851887,3.426127143462446,0.0008310098125039891,4126.812353648701,4117.8858463513,0.22355888294398946,0.002165393342694159,-0.6170000000001892,0.6170000000001892,0.24979757085025325,0.39797570850205394,0.3522267206476928,-0.0008845272674310456,0.0015676338155108382,-0.0011476444458442536,0.0015676338155108382,-0.0011476444458442536,0.0050706378862461765,4134.145735706515,-0.002732786028546701,54.0,-0.03799999999955617,-0.6549999999997453
36726171,Sell,2025-10-14 10:52:46,2025-10-14 10:57:04,XAUUSD.f,0.02,4126.17,5.0,258.0,4.3,True,2.5,0,2025-10-14,10,52,50,Tuesday,2025-10,2025Q4,08:00-12:59,9.866666666666667,7.566666666666666,4.94,True,102.79000000000002,True,0,False,2025-10-14 10:52:00,4125.198,4126.448,4125.098,4125.848,60940.0,0.00018181386236149066,0.0009291565441975624,0.0007696459216406382,0.0007276523412942382,0.0017578754763745152,0.0007623635452937982,0.004973902842773104,4123.161734735416,4122.364333333333,0.0006515061589638288,4122.126761774765,4122.0214,0.0009027471594862998,4119.250285430526,4118.416020000001,0.0016016784881486335,4120.114071034192,4112.3070800000005,0.0013916917995351178,4127.379678907127,4133.47936,-0.0003711020129682445,1.0349729606505207,2.8764763442395633,69.70468955191755,61.34114343847935,58.9332148786545,1.3077975262776818,1.186970371169354,0.12082715510832776,92.19031599183369,80.79758722008454,3.096494877220523,0.0007505111378849932,4126.084274905905,4117.9585250940945,1.883690779865414,0.0019713021896999947,0.6499999999996362,0.6499999999996362,0.4814814814810823,0.44444444444459413,0.07407407407432359,-0.00015751855447398988,0.0018632039677768386,-0.00015751855447398988,0.002296426849221156,-0.00042082719071812047,0.005734065438501412,4133.903379510493,-0.0019486133977923853,46.0,0.3220000000001164,0.9719999999997526
36768836,Buy,2025-10-15 09:35:08,2025-10-15 09:43:05,XAUUSD.f,0.02,4189.58,7.8,477.0,7.95,True,3.9,1,2025-10-15,9,35,35,Wednesday,2025-10,2025Q4,08:00-12:59,1362.3666666666666,1358.0666666666666,5.0,True,107.79000000000002,False,0,False,2025-10-15 09:35:00,4189.005,4190.045,4187.995,4188.975,22290.0,-1.909738592587029e-05,-0.000133666385410236,0.000116987407141389,-0.00017662299225595923,-4.774414865460486e-06,-0.00018616840364171772,0.00018384964441819918,4189.324997856407,4189.333888888888,-8.354516696268039e-05,4189.446713031134,4189.388000000001,-0.00011259554386179058,4189.045121974535,4189.22598,-1.6739369591984472e-05,4187.627365102885,4187.87941,0.0003218134708798769,4184.718811488435,4185.020815,0.001017078734150776,-0.1217151747268872,0.4015910565995,42.80410819000164,47.336598644589365,49.10487884883194,-0.044898168056533905,0.06585171443859464,-0.11074988249512854,37.36263736264999,42.85714285715005,1.8016072535850116,0.000430083076071118,4190.7713916837765,4188.004608316225,-0.5970832481418181,0.0006604266225881673,-0.02999999999974534,0.02999999999974534,0.014634146341337893,0.507317073170669,0.47804878048799315,-0.000527297172518093,0.00032476720042318163,-0.000820529456172503,0.00042749484438830976,-0.0010278337866372889,0.0012254269275557839,4175.593129726913,0.0032047830948421347,8.0,0.6049999999995634,0.5749999999998181
36829765,Sell,2025-10-16 13:15:47,2025-10-16 13:19:10,XAUUSD.f,0.01,4240.78,0.45,203.0,3.3833333333333333,True,0.45,0,2025-10-16,13,15,15,Thursday,2025-10,2025Q4,13:00-16:59,1660.65,1652.7,7.8,True,115.59000000000002,False,0,False,2025-10-16 13:15:00,4238.625,4241.945,4238.365,4241.705,27930.0,0.000721928823951945,0.0013118049699867296,0.0008140142582264698,0.00038914589551297674,0.00028534404591917806,0.0032782658777696927,0.0032331804254221996,4238.782737600452,4238.33088888889,0.0006894107531452813,4237.7823641202685,4239.29665,0.0009256341035686238,4234.6203742604175,4232.0052399999995,0.001673024997150954,4232.548234159115,4231.603660000001,0.002163416772662972,4230.655920194872,4230.90622,0.002611670628279045,1.0003734801830433,3.161989859851019,68.69454494474363,64.6961774364691,63.28351654617903,1.6325799503520102,2.0575811438162095,-0.4250011934641993,84.375,50.7083333333375,2.05533382049639,0.0004845536925590983,4243.343349869544,4235.249950130456,1.190278536901457,0.0019091373893562141,3.0799999999999272,3.0799999999999272,0.8603351955307235,0.06703910614519179,0.07262569832408479,-0.0001178632338606489,0.0015938776208956895,-0.0002946059998280015,0.0019085299241192732,-0.0002946059998280015,0.00474694226093253,4223.372580868565,0.004340706101677828,47.0,-0.9250000000001819,2.1549999999997453
36829878,Buy,2025-10-16 13:23:12,2025-10-16 13:26:10,XAUUSD.f,0.01,4239.37,-2.92,178.0,2.966666666666667,False,-2.92,1,2025-10-16,13,23,20,Thursday,2025-10,2025Q4,13:00-16:59,7.416666666666667,4.033333333333333,0.45,True,116.04000000000002,False,0,False,2025-10-16 13:23:00,4239.405,4239.655,4237.178,4237.178,19090.0,-0.0005205943786658063,-0.0006031037317190124,-0.0005418123706356637,0.00011636456333175005,-0.00042628129139399284,0.0010780569458832545,0.0018923312466379016,4238.919491689942,4239.456777777778,-0.000410833867771375,4238.500826995298,4238.952950000001,-0.000312097849992785,4235.859045127912,4234.354960000001,0.0003113783669464995,4233.525841204953,4232.27132,0.0008626754464328498,4231.310362223896,4231.556535,0.0013867188350182918,0.41866469464457623,2.6417818673853617,35.70585018124457,47.50869333587197,51.43060226537854,0.9457200249535163,1.3744261594222302,-0.428706134468714,31.802575107296505,54.53505007153543,1.722423628138935,0.00040650254205486176,4241.708865460162,4236.1970345398395,-1.2881019216002652,0.0013002812216452197,-2.2269999999998618,2.2269999999998618,0.8990714574081494,0.1009285425918506,0.0,-0.0011237769466599934,0.0004202674695505948,-0.0013615510888048687,0.0005249170298149419,-0.0013615510888048687,0.0035034701951621727,4223.486607983768,0.003241727342132511,12.0,2.1920000000000073,-0.03499999999985448
36829995,Buy,2025-10-16 13:29:09,2025-10-16 13:45:40,XAUUSD.f,0.02,4238.15,3.94,991.0,16.516666666666666,True,1.97,1,2025-10-16,13,29,25,Thursday,2025-10,2025Q4,13:00-16:59,5.95,2.9833333333333334,-2.92,False,113.12000000000002,True,0,False,2025-10-16 13:29:00,4237.845,4237.845,4236.895,4237.448,27170.0,-0.0001054768935992989,-0.00035551214863083214,6.372165625334603e-05,-0.00044747478678897057,-0.0002824015693695392,-0.00040503259486235343,0.0034485902410319458,4237.964557437569,4237.966333333334,-0.00012188809759208214,4238.093258972297,4238.38975,-0.0001522521881581147,4236.226255528369,4235.86402,0.00028840397040578417,4233.983515041269,4232.59562,0.0008182566007693637,4231.67487348785,4231.89245,0.001364265139630589,-0.1287015347279521,1.8670034439282972,44.098637193941016,48.784335917481066,51.50807940447197,0.2631099327445554,0.6641327118052892,-0.4010227790607338,23.061558017074947,25.28154471328592,1.691908970103057,0.0003992754530800276,4241.191760308831,4235.587739691169,-0.6721959566185867,0.0013222051175596043,-0.3969999999999345,0.3969999999999345,0.41789473684211637,0.0,0.5821052631578837,-0.0006384200577571608,0.0002997985448205398,-0.00106012689933499,0.0005886721346508583,-0.0012979161928419192,0.003472352961375158,4223.582376442087,0.003282905913059057,9.0,0.7019999999993161,0.30499999999938154
36893509,Buy,2025-10-17 13:15:10,2025-10-17 13:25:57,XAUUSD.f,0.01,4338.39,1.94,647.0,10.783333333333333,True,1.94,1,2025-10-17,13,15,15,Friday,2025-10,2025Q4,13:00-16:59,1426.0166666666667,1409.5,3.94,True,117.06000000000002,True,0,False,2025-10-17 13:15:00,4337.898,4340.645,4337.398,4339.275,38450.0,0.0003174348497818613,0.00017056448778207667,-0.00011590454626952962,-0.00020506132831366042,-0.0005251574608637899,0.00036886119868340117,-0.00042385424021251783,4339.337229479471,4339.422666666667,-1.4340779750513981e-05,4339.456046750512,4339.85245,-4.172107023588084e-05,4339.539758521456,4338.86096,-6.1010737587186464e-05,4340.3631833251175,4340.7282000000005,-0.00025071250472735246,4343.188035529624,4341.84443,-0.0009009592717639617,-0.11881727104082529,-0.08371177094431914,49.04189487614733,49.460618250658506,49.58539434243796,-0.03489769863153924,0.11018307742845779,-0.14508077605999703,41.09918984014659,33.77221162038013,2.2726566779321025,0.0005237411037401646,4341.954223525118,4337.750676474882,-0.5494883184126592,0.0009685921580665746,1.376999999999498,1.376999999999498,0.4240837696333143,0.4219279334772635,0.15398829688942225,-0.00047450841734175686,0.0003174348497818613,-0.0006195351643784042,0.0004795726270088174,-0.0013079528041467503,0.0016597088930618842,4346.813893610403,-0.0017343492946604961,10.0,-0.8849999999993088,0.4920000000001892
36902372,Sell,2025-10-17 15:37:18,2025-10-17 15:38:45,XAUUSD.f,0.01,4310.55,2.84,87.0,1.45,True,2.84,0,2025-10-17,15,37,35,Friday,2025-10,2025Q4,13:00-16:59,142.13333333333333,131.35,1.94,True,119.00000000000001,False,0,False,2025-10-17 15:37:00,4310.665,4311.955,4309.048,4309.835,69930.0,-0.00019022631131460077,5.336916028286787e-05,0.0013885213246993544,0.0028574387064272955,0.0030791753023609036,0.0013475726847016478,0.00016940872872694968,4306.132369692903,4304.245222222223,0.0008598505547940418,4303.716406879551,4301.6366,0.0014216998849339655,4304.578762119482,4301.0298999999995,0.001221080661079539,4310.548928909549,4311.57345,-0.00016562366448534885,4320.195370109567,4324.09745,-0.0023981253674887396,2.4159628133520528,-0.8623552399312757,68.76004159318771,59.48501125251805,55.500173352416915,1.6950128243333893,0.1551654495901261,1.5398473747432633,85.00675371454335,87.51913552453891,4.85860172288667,0.0011273289401767515,4313.829314568167,4289.443885431832,1.3448030714021206,0.005668872432491161,-0.8299999999999272,0.8299999999999272,0.2855177158582331,0.44375644994836455,0.27072583419340235,-0.0007720548599462473,0.004399952924232453,-0.0007720548599462473,0.004399952924232453,-0.0014966539590088868,0.00618206989614456,4339.361568024164,-0.006804357636786643,18.0,0.7150000000001455,-0.11499999999978172
36954767,Sell,2025-10-20 11:47:26,2025-10-20 11:50:17,XAUUSD.f,0.01,4258.23,3.94,171.0,2.85,True,3.94,0,2025-10-20,11,47,45,Monday,2025-10,2025Q4,08:00-12:59,4090.133333333333,4088.6833333333334,2.84,True,121.84000000000002,True,0,False,2025-10-20 11:47:00,4258.135,4258.245,4256.665,4256.905,81590.0,-0.00026772849981626656,-0.00043205216560282533,-0.0005963218212701182,-0.0009012508375882966,-0.0013161244007353634,-0.000732390068133415,-0.00031703127219961935,4258.636420287035,4258.477666666667,-0.0004065668247206204,4259.343368770202,4260.1472,-0.000572475275902929,4258.684299697291,4259.2684,-0.00041780502429299144,4256.057169257655,4257.274600000001,0.0001992056752594373,4253.756939168148,4249.074944999999,0.0007400659879892446,-0.7069484831663431,0.6590690729108246,33.00889270058762,40.36638829731527,44.56015951658218,-0.4597799590210343,-0.0060519334520285906,-0.4537280255690057,2.594594594592235,14.645693748667831,1.9036047576337878,0.0004471804650641224,4264.168558736063,4256.125841263938,-1.6124898139155164,0.001887896613554673,-1.230000000000473,1.230000000000473,0.7784810126585631,0.06962025316435294,0.15189873417708402,-0.0011919328669621754,3.923191890109479e-05,-0.002112090841003722,3.923191890109479e-05,-0.002112090841003722,0.0007640488003846091,4249.486967202009,0.0017456302031855398,26.0,1.324999999999818,0.09499999999934516
36997575,Buy,2025-10-21 10:23:43,2025-10-21 10:27:18,XAUUSD.f,0.01,4329.16,-1.96,215.0,3.5833333333333335,False,-1.96,1,2025-10-21,10,23,20,Tuesday,2025-10,2025Q4,08:00-12:59,1356.2833333333333,1353.4333333333334,3.94,True,125.78000000000002,False,0,False,2025-10-21 10:23:00,4330.315,4330.525,4328.265,4329.605,60000.0,-0.00016857818159576876,-0.00033248326904955494,-0.00046172261782873036,-0.0003486400153309699,-0.0006070769475802207,-0.003046397111564292,0.0011191359530515754,4331.113705485452,4331.209,-0.00034834123231197413,4332.525277594526,4332.343800000001,-0.0006740359045633144,4333.100487105973,4335.03932,-0.0008066942173104661,4332.538537494011,4329.909960000001,-0.0006770943798015991,4334.513369528418,4333.59244,-0.0011323922918138381,-1.4115721090747684,-0.5752095114467011,29.934154503189873,38.03661370598267,42.50134589644494,-1.4645710064014565,-1.2531159655551414,-0.21145504084631517,22.57551669315058,27.164900749801475,2.5337077049066052,0.0005852052796748446,4336.612047243083,4328.075552756918,-1.2833370908584147,0.0019704102167895548,-0.7100000000000364,0.7100000000000364,0.3141592920355104,0.0929203539823454,0.5929203539821442,-0.0010820675565462734,0.00032808209445733816,-0.0021640956027836333,0.00032808209445733816,-0.00331261891415624,0.0014386875099023921,4346.362265033038,-0.00385546901321423,43.0,-0.44499999999970896,-1.1549999999997453
36998918,Buy,2025-10-21 10:42:21,2025-10-21 10:50:26,XAUUSD.f,0.01,4301.15,4.74,485.0,8.083333333333334,True,4.74,1,2025-10-21,10,42,40,Tuesday,2025-10,2025Q4,08:00-12:59,18.633333333333333,15.05,-1.96,False,123.82000000000002,True,0,False,2025-10-21 10:42:00,4304.125,4304.235,4296.005,4299.269,132410.0,-0.00112125777892913,0.0005198933683343565,0.00036554453104886697,-0.004507338375704828,-0.006056227480744858,-0.007543032056039345,-0.008163510129410412,4303.077372862638,4299.860222222222,-0.000885034716469534,4310.410892327508,4312.986849999999,-0.002584879401483567,4320.630390080276,4326.47426,-0.004944044769327927,4325.688780058197,4327.74273,-0.006107646990230645,4330.528979949976,4330.558025,-0.007218513048800076,-7.333519464869823,-10.219497752767893,33.14305489694512,29.22899112069402,29.703028690061103,-8.360316627919019,-7.720393655032606,-0.6399229728864126,17.97542422469333,27.332755322290026,5.15070337810465,0.0011980416619905964,4339.653959473093,4286.319740526906,-1.0288216661682026,0.012365959090783531,-4.855999999999767,4.855999999999767,0.5900364520048633,0.013365735115392274,0.39659781287974444,-0.005237505220498706,0.001431125345756401,-0.007453674257858922,0.001431125345756401,-0.01029605236654274,0.001431125345756401,4343.734004832212,-0.010236585569638135,21.0,1.8809999999994034,-2.975000000000364
37005647,Sell,2025-10-21 13:56:35,2025-10-21 14:00:23,XAUUSD.f,0.01,4258.12,3.73,228.0,3.8,True,3.73,0,2025-10-21,13,56,55,Tuesday,2025-10,2025Q4,13:00-16:59,194.23333333333332,186.15,4.74,True,128.56000000000003,False,0,False,2025-10-21 13:56:00,4256.935,4258.455,4256.598,4256.598,59340.0,-7.916493909365663e-05,-0.0004290318603709098,-0.0006214716457964009,-0.00014962763389847478,-0.0006214716457964009,-0.0018494613065820342,-0.002368806842750981,4257.659391939848,4257.8675555555565,-0.00024929000705356524,4258.588972290543,4259.1209499999995,-0.0004675192425232501,4260.198857442444,4259.20244,-0.000845232244535598,4263.785160113324,4263.60737,-0.001685629046359674,4274.426910680057,4269.904045,-0.004171064578390484,-0.9295803506947777,-1.6098851519009258,40.116022356725544,43.19649123919921,44.49781502626026,-0.9343157544581118,-0.6543831434412596,-0.2799326110168522,16.92906720839638,13.357522642274015,2.7764406276797664,0.0006522675215464948,4262.855563590437,4255.386336409562,-1.3511170239726122,0.0017537015897316655,-0.33700000000044383,0.33700000000044383,0.18147549811548147,0.8185245018845185,0.0,-0.0011514711351975349,0.00023498460145909839,-0.0017066635396206786,0.00023498460145909839,-0.0022776095998536805,0.0017445698410401,4316.092485919926,-0.013784339912550621,35.0,1.5219999999999345,1.1849999999994907
37045628,Sell,2025-10-22 10:02:29,2025-10-22 10:03:56,XAUUSD.f,0.02,4152.22,6.5,87.0,1.45,True,3.25,0,2025-10-22,10,2,0,Wednesday,2025-10,2025Q4,08:00-12:59,1205.9,1202.1,3.73,True,132.29000000000002,True,0,False,2025-10-22 10:02:00,4150.555,4153.105,4149.915,4151.848,51530.0,0.00023922782173801949,-0.0008776331098941936,-0.001605617376353341,-0.0018936347955694766,-0.0020327836540831035,0.0011026517412036085,0.005432488621269549,4154.769340382637,4156.124222222223,-0.0007031293781444877,4154.72935407496,4156.8693,-0.0006935118582715171,4149.9398788169565,4148.5351,0.0004597948979413731,4144.3670520960195,4142.3191099999995,0.0018050881618212242,4136.651417449443,4136.946945,0.0036736434901074107,0.03998630767728173,4.789475258003222,32.61835275313456,45.776862521947116,50.787002774145535,1.2862166316863295,2.6902347700202625,-1.404018138333933,19.681034482761078,12.2184608915044,3.1258005261704134,0.0007528696922841138,4162.243822897971,4151.49477710203,-1.8685565566745634,0.002585851278976014,1.2929999999996653,1.2929999999996653,0.4053291536049616,0.3940438871472617,0.2006269592477767,-0.00223903642369383,0.0005501781512038395,-0.00223903642369383,0.0005501781512038395,-0.00223903642369383,0.004330730089539214,4102.545657411438,0.012017500036713842,29.0,0.3720000000002983,1.6649999999999636
37082195,Buy,2025-10-23 08:30:44,2025-10-23 08:32:34,XAUUSD.f,0.02,4092.12,9.36,110.0,1.8333333333333333,True,4.68,1,2025-10-23,8,30,30,Thursday,2025-10,2025Q4,08:00-12:59,1348.25,1346.8,6.5,True,138.79000000000002,False,0,False,2025-10-23 08:30:00,4089.355,4092.265,4088.885,4089.755,42300.0,0.00010026055517453614,0.000599416975244127,0.0008687767745378938,0.0007610154539972047,-0.0003666356655842584,0.00016140490744298575,0.001469236033993182,4087.8815581417343,4086.7549999999997,0.00045829161917240225,4088.192587210121,4088.5880000000006,0.00038217690496457693,4088.5689001991655,4089.00566,0.0002901014584288591,4088.366610389063,4088.43993,0.0003395951839076289,4087.513326149673,4086.9060299999996,0.0005484199491133297,-0.31102906838668787,-0.3763129890444361,64.57375789744867,55.322702588469696,53.19247373899443,-0.47370633736954915,-0.6748333151627318,0.20112697779318267,70.71178529755136,66.30672385818355,2.0265031637211286,0.0004955072281154075,4093.7730761462058,4083.4029238537955,0.4501380373569068,0.002536365193169436,0.40000000000009095,0.40000000000009095,0.1183431952663112,0.742603550295864,0.13905325443782485,9.536932995724001e-05,0.0014839501970642655,-0.0009844190645087458,0.0014839501970642655,-0.0009844190645087458,0.0014839501970642655,4085.989818601064,0.0009214857515785648,44.0,2.3649999999997817,2.7649999999998727
37145681,Sell,2025-10-24 19:34:45,2025-10-24 19:39:41,XAUUSD.f,0.01,4133.72,4.13,296.0,4.933333333333334,True,4.13,0,2025-10-24,19,34,30,Friday,2025-10,2025Q4,17:00-21:59,2104.016666666667,2102.1833333333334,9.36,True,148.15000000000003,False,0,False,2025-10-24 19:34:00,4134.515,4134.935,4132.925,4132.985,28260.0,-0.0003603843293286113,-0.0007301731985335236,-0.0007615805576947077,-0.000382144191710565,0.00038970076548361376,0.0010657404413376703,0.0014004635098086027,4134.87040576053,4135.656111111111,-0.0004559769897271039,4134.187990078596,4134.185,-0.0002909858190976011,4131.614451616623,4131.124,0.000331722235805467,4127.680718061156,4126.84723,0.0012850514129240426,4118.599180110945,4122.05801,0.0034928914565236432,0.6824156819338896,2.5735384619729302,37.13070502637714,48.079408243245766,51.312900375317874,1.1169219445791896,1.4379394906073537,-0.3210175460281641,15.639810426537016,40.28013415808366,2.2074484653704807,0.0005341051238682166,4138.129979476585,4130.240020523416,-0.6083681839783475,0.001908467800344781,-1.5300000000006548,1.5300000000006548,0.7611940298509894,0.20895522388061052,0.029850746268400084,-0.001290377145342636,0.00020812535922787312,-0.001290377145342636,0.0007603190918785696,-0.001290377145342636,0.0030214523114109326,4098.199694657947,0.008487947863398695,45.0,0.7350000000005821,-0.7950000000000728
37162697,Buy,2025-10-27 08:13:05,2025-10-27 08:22:54,XAUUSD.f,0.01,4073.84,4.38,589.0,9.816666666666666,True,4.38,1,2025-10-27,8,13,10,Monday,2025-10,2025Q4,08:00-12:59,3638.3333333333335,3633.4,4.13,True,152.28000000000003,False,0,False,2025-10-27 08:13:00,4073.765,4074.635,4073.705,4074.475,14880.0,0.00019392761099590317,0.000722086387566323,0.0008597449014056124,0.0006631014729447937,0.001280329494392829,0.0036975315712783896,0.004256624942540421,4072.405160258397,4072.179777777778,0.0005082597777358149,4070.4745423150284,4070.8038,0.0009827988465188318,4067.6880448975962,4065.81252,0.0016685043266572675,4067.9285493627235,4067.09531,0.001609283584467567,4070.9337983930122,4071.1425450000006,0.0008698745256888107,1.930617943368361,2.7864974174322015,82.41417915864803,76.04142692811911,70.15312772026871,2.275251324152123,2.1499299108711165,0.12532141328100632,97.41100323624107,95.77279386787154,1.5861200069254164,0.0003892820564429568,4074.3397408406304,4067.26785915937,2.076505329396485,0.00173721997637432,0.7100000000000364,0.7100000000000364,0.763440860214854,0.17204301075296682,0.0645161290321792,0.0001521900018532918,0.0011819154647862984,0.0001521900018532918,0.00264782348171555,0.0001521900018532918,0.0041056578478810835,4077.017204328288,-0.0006235451559019661,5.0,-0.6349999999997635,0.07500000000027285
37217619,Sell,2025-10-28 12:52:18,2025-10-28 12:55:35,XAUUSD.f,0.01,3907.0,5.94,197.0,3.283333333333333,True,5.94,0,2025-10-28,12,52,50,Tuesday,2025-10,2025Q4,08:00-12:59,1719.2166666666667,1709.4,4.38,True,156.66000000000003,False,0,False,2025-10-28 12:52:00,3904.995,3906.375,3904.365,3905.035,36510.0,7.682448549983789e-06,0.000320202060308139,-0.0007881037277561731,2.8169555112977918e-05,0.0012204267647792921,0.0011459878248407662,7.682448549983789e-06,3905.3933388349487,3906.6861111111116,-9.175486407107473e-05,3904.5873920984945,3904.0910000000003,0.00011463641521024927,3903.8893984373008,3900.8774,0.0002934513368021289,3908.2633267163033,3905.4422000000004,-0.0008260258960124415,3920.693198758606,3921.201565,-0.003993732221527503,0.8059467364541888,0.6979936611937774,49.17075084746773,52.55428906855326,52.1873997754439,1.0757586961735797,1.2200118476406958,-0.14425315146711615,46.48148148148053,49.44457358334633,2.841992473041599,0.0007277764406827593,3910.535455461621,3897.6465445383797,0.29296501639942096,0.003301385885534272,0.03999999999996362,0.03999999999996362,0.01990049751241755,0.6666666666666666,0.3134328358209158,-0.0014779528052337731,0.0012717704146714137,-0.0014779528052337731,0.0015825118335721644,-0.0014779528052337731,0.004846895385439476,3962.249141999269,-0.014439814345041402,18.0,1.9650000000001455,2.005000000000109
37296835,Buy,2025-10-30 09:44:53,2025-10-30 09:56:44,XAUUSD.f,0.01,3965.57,4.42,711.0,11.85,True,4.42,1,2025-10-30,9,44,40,Thursday,2025-10,2025Q4,08:00-12:59,2692.5833333333335,2689.3,5.94,True,162.60000000000002,False,0,False,2025-10-30 09:44:00,3960.415,3965.525,3960.415,3965.345,22740.0,0.001252403491074583,0.0005828866007995259,0.0011563422722631334,0.0009440618133307321,0.00021188017167328432,0.0008404814217009005,0.0007571274081383805,3962.1767259306657,3961.326111111111,0.0007996296703776854,3962.3107236007736,3962.3994999999995,0.0007657845663524298,3962.6952614942356,3963.1837200000004,0.0006686707735292798,3961.816205570047,3962.3784499999997,0.0008907011953234348,3957.895405905467,3956.84668,0.0018822109557057143,-0.133997670107874,-0.3845378934620385,63.04607826511013,55.86796956136248,53.615864913010235,-0.2702498780249698,-0.4262178911717198,0.15596801314675002,82.38007380073539,50.56805464068566,3.48586061748452,0.000879081294940168,3967.1125657020916,3957.6864342979075,1.2499295304509979,0.0023788947591438375,4.929999999999836,4.929999999999836,0.9647749510762649,0.03522504892373514,0.0,4.035120681633586e-05,0.002257093858960557,-0.000657769556358434,0.002257093858960557,-0.0013448561142472837,0.0023457652996095035,3949.8772937243343,0.003915996656463471,53.0,0.2250000000003638,5.1550000000002
37386001,Buy,2025-11-03 18:38:37,2025-11-03 18:49:46,XAUUSD.f,0.01,3998.58,9.65,669.0,11.15,True,9.65,1,2025-11-03,18,38,35,Monday,2025-11,2025Q4,17:00-21:59,6293.733333333334,6281.883333333333,4.42,True,167.02,True,0,False,2025-11-03 18:38:00,4010.939,4015.625,4010.869,4015.465,102630.0,0.0011284140696232736,0.0015089483129084869,0.0009098126409119445,0.0011693500632670162,-0.0014994423715557481,-0.002152020625601825,0.0016513484557274527,4012.316640688269,4011.326333333334,0.0007846736919524032,4014.8990405170493,4015.6631500000003,0.00014096481063143162,4017.742782992447,4021.1141000000002,-0.0005669310146206361,4017.419762194452,4017.4154200000003,-0.00048657155840341524,4015.1876313217645,4015.1273149999997,6.907987962305554e-05,-2.582399828780126,-2.8437424753974483,59.74483720888914,48.36870768550121,46.706119238291414,-3.0359726506530933,-3.0496665374480347,0.013693886794941434,72.42827151854486,41.47565513054489,3.4609916074828173,0.0008619155209876857,4028.1624097680415,4003.163890231959,-0.03170587757633663,0.006225253115685839,4.526000000000295,4.526000000000295,0.951640033641806,0.03364171572747251,0.014718250630721415,0.00012951609548816911,0.002584195460055616,-0.0031636888751302994,0.002584195460055616,-0.0037018795971104357,0.002584195460055616,4007.126206820158,0.0020809909020707475,37.0,-16.88500000000022,-12.358999999999924
37400976,Sell,2025-11-04 10:09:22,2025-11-04 10:17:55,XAUUSD.f,0.01,3998.11,3.88,513.0,8.55,True,3.88,0,2025-11-04,10,9,5,Tuesday,2025-11,2025Q4,08:00-12:59,930.75,919.6,9.65,True,176.67000000000002,False,0,False,2025-11-04 10:09:00,3985.845,3987.748,3985.805,3986.215,47820.0,7.953038437014115e-05,0.0003136790410958046,0.00015480738398609972,0.00033878186588509607,0.00043920576539124845,0.002008433409372401,0.003398179834193993,3985.2925877874554,3985.1226666666666,0.0002314540757613022,3983.964159266795,3984.2834500000004,0.0005649751461668434,3981.1004631076034,3979.44098,0.0012847043021879303,3980.371090382593,3977.8715900000007,0.0014681821078258537,3982.0255588205573,3983.28932,0.0010520879681856475,1.328428520660509,2.863696159191477,66.06480665405681,63.168897047680105,61.411653433068146,1.752740145644566,1.8532993365285353,-0.10055919088396936,71.01200686106442,67.1012006861066,2.023995099069733,0.0005077486033918725,3988.454191659756,3980.112708340245,0.926238140634708,0.0020935968598095344,0.3700000000003456,0.3700000000003456,0.19042717447262245,0.7889861039628077,0.02058672156456988,-0.0002465390482238039,0.0010396589717673876,-0.0004237814090355396,0.0022225714195920343,-0.0004237814090355396,0.0045284502342974875,3987.5032303663234,-0.00032306691478337893,22.0,11.894999999999982,12.265000000000327
37442389,Buy,2025-11-05 09:55:47,2025-11-05 10:02:35,XAUUSD.f,0.01,3969.56,5.37,408.0,6.8,True,5.37,1,2025-11-05,9,55,55,Wednesday,2025-11,2025Q4,08:00-12:59,1426.4166666666667,1417.8666666666666,3.88,True,180.55,False,0,False,2025-11-05 09:55:00,3968.555,3968.675,3966.655,3966.655,14820.0,-0.0005089859965857757,-0.0006097138502042521,-0.0012815525669447325,-0.0008840942378968153,-0.001238803245563691,-0.0005820157144242888,0.0006887113151736735,3969.009531122529,3969.2138888888894,-0.0005932288910031869,3969.484247012644,3970.3025000000002,-0.0007127492733528679,3968.983867253999,3968.4897599999995,-0.0005867666213544256,3968.2208677041303,3969.07021,-0.00039460195294928135,3964.959423529126,3966.996755,0.0004276403084511098,-0.47471589011502147,0.5003797586450673,27.262435670173943,39.35946152575457,43.92481394048869,-0.14022858920361614,0.38066679321465086,-0.5208953824182669,0.0,16.262789445344357,1.7079772891270024,0.0004305837762868216,3973.343973830019,3967.2610261699815,-2.398508225847538,0.00153211188820939,-1.8999999999996362,1.8999999999996362,0.940594059405769,0.05940594059423104,0.0,-0.0012815525669447325,-0.0001436772555122312,-0.0017013073137338575,-0.0001436772555122312,-0.0017013073137338575,0.000814951714741774,3944.643890337233,0.005579999177285747,47.0,2.9049999999997453,1.0050000000001091
37477144,Buy,2025-11-06 12:42:44,2025-11-06 14:18:29,XAUUSD.f,0.01,4006.89,7.23,5745.0,95.75,True,7.23,1,2025-11-06,12,42,40,Thursday,2025-11,2025Q4,08:00-12:59,1606.95,1600.15,5.37,True,185.92000000000002,True,0,False,2025-11-06 12:42:00,4011.955,4012.375,4010.135,4011.915,21870.0,-1.4955227786828118e-05,2.916398083852023e-05,-0.00014704031521461935,-0.0001545157861551072,0.0001121784684647853,-2.2432673937422543e-05,2.6671266421418593e-05,4012.183352290409,4012.2486666666664,-6.688435369131164e-05,4012.2990796868366,4012.4093000000003,-9.572558755182899e-05,4012.2059125252545,4012.60728,-7.25068781605478e-05,4010.527987566709,4011.91511,0.0003458428510139094,4005.6095619290695,4004.53362,0.0015741519420314647,-0.11572739642770102,0.09316716158218696,43.214704991490876,46.60313878264419,48.11095288413814,-0.10231741804909689,-0.053586643771853654,-0.04873077427724323,62.8975265017594,56.56254998618554,1.0937952857067859,0.0002726367048421479,4013.6056987814227,4011.212901218578,-0.8263131117745277,0.0005963493213030042,-0.03999999999996362,0.03999999999996362,0.017857142857128357,0.18750000000005076,0.7946428571428209,-0.000254178051725229,8.475474096836244e-05,-0.0007049015566368277,0.00014209697744771432,-0.0008798520115314012,0.0003558170477009348,3989.611869821976,0.005590300737454701,44.0,-5.025000000000091,-5.065000000000055
37507379,Sell,2025-11-07 11:18:04,2025-11-07 12:42:21,XAUUSD.f,0.01,4013.03,7.19,5057.0,84.28333333333333,True,7.19,0,2025-11-07,11,18,15,Friday,2025-11,2025Q4,08:00-12:59,1355.3333333333333,1259.5833333333333,7.23,True,193.15,False,0,False,2025-11-07 11:18:00,4008.395,4008.415,4007.815,4007.835,5740.0,-0.00014469559663854437,-0.00013471793432495716,-0.00038409976617304054,-6.73635046986032e-05,0.00021961813896087534,0.0009582921869590866,-7.734251131130687e-05,4008.349420589116,4008.795,-0.00012833726183493886,4007.898834168997,4008.0688,-1.592709088679544e-05,4006.8080250843805,4006.2379600000004,0.0002563074919462727,4005.1668044802923,4006.0229799999997,0.0006661883636714038,4002.315788530623,4001.19205,0.0013790044966449583,0.4505864201191798,1.0908090846164669,45.47691631861086,51.242405384901375,52.43891635348141,0.6363015422139142,0.7516826391181399,-0.11538109690422571,49.659583247370534,54.8174128326811,1.3707989066045696,0.0003420297758277398,4010.3180510431894,4005.8195489568106,-0.20789142297647525,0.0011223614939890056,-0.5599999999999454,0.5599999999999454,0.9333333333333839,0.03333333333330807,0.03333333333330807,-0.000608437077257773,0.00018392362752295277,-0.000608437077257773,0.0007490945319845732,-0.000608437077257773,0.0013216590944011841,3995.6679050452976,0.0030450716235298518,4.0,5.195000000000164,4.635000000000218
37542639,Sell,2025-11-10 10:42:17,2025-11-10 10:58:53,XAUUSD.f,0.01,4082.62,0.64,996.0,16.6,True,0.64,0,2025-11-10,10,42,40,Monday,2025-11,2025Q4,08:00-12:59,4284.216666666666,4199.933333333333,7.19,True,200.34,True,0,False,2025-11-10 10:42:00,4075.035,4075.035,4074.445,4074.605,10890.0,-0.00011533530057727948,0.0001227263411227586,-0.00040478331213333885,-0.0007871862750026271,-0.0002821563121434556,-0.0007087684963439367,0.0003412537761939838,4075.363160345765,4075.597222222222,-0.0001860350393168069,4075.619751062471,4075.6880000000006,-0.0002489807991058397,4075.035544792761,4075.4626000000003,-0.00010565424228288039,4072.4432394873006,4073.6455,0.0005308264315972532,4066.211691609305,4065.134075,0.002064159229096388,-0.25659071670588673,0.5842062697101937,37.517568366120756,44.28851031085113,47.40762549485156,-0.09838998764962525,0.15778688092513718,-0.2561768685747624,11.016949152542454,16.384180790959366,1.3694147014038902,0.0003360852650511866,4078.414741626748,4072.9612583732533,-0.7943546901379178,0.001338052189837543,-0.4299999999998363,0.4299999999998363,0.7288135593221384,0.0,0.2711864406778616,-0.0010297133596727237,0.00012763602133980534,-0.0010297133596727237,0.0004984561364738127,-0.0010468572829518408,0.0006385060922076136,4046.6253251089724,0.006914323082351119,17.0,8.014999999999873,7.585000000000036
37542995,Buy,2025-11-10 11:00:16,2025-11-10 11:05:07,XAUUSD.f,0.01,4082.44,-5.33,291.0,4.85,False,-5.33,1,2025-11-10,11,0,0,Monday,2025-11,2025Q4,08:00-12:59,17.983333333333334,1.3833333333333333,0.64,True,200.98,False,0,False,2025-11-10 11:00:00,4075.105,4077.745,4074.945,4077.025,34050.0,0.0004785188002676133,0.0005104363371775111,0.00030423587112671235,-0.00010055341164227904,8.830747682231355e-05,2.9434092773783505e-05,0.0003263247127176516,4075.7719692638643,4075.6694444444447,0.00030743396480104924,4075.8764927535894,4075.9645000000005,0.00028178166057105775,4075.545065719601,4075.9972,0.00036312548543434827,4073.5367532064274,4074.8804000000005,0.0008563189692168473,4067.8365196469326,4067.108945,0.002258812592071663,-0.10452348972512482,0.33142703398834783,64.31359768895192,56.51898887862962,54.68815467896609,-0.05917402057821164,0.007358588618577458,-0.06653260919678909,70.15250544662642,40.01452432825041,1.3707577061789116,0.0003362151829284617,4078.125362134011,4073.80363786599,0.9815526713230728,0.001060294874506677,1.9200000000000728,1.9200000000000728,0.6857142857143785,0.25714285714281077,0.05714285714281074,-0.00033591645733188624,0.0007904158397371575,-0.00033591645733188624,0.0007904158397371575,-0.0004535564340657494,0.0012229727323740391,4047.4758891637653,0.007300626772193044,16.0,5.414999999999964,7.335000000000036
37543683,Buy,2025-11-10 11:22:51,2025-11-10 11:35:47,XAUUSD.f,0.02,4076.89,11.96,776.0,12.933333333333334,True,5.98,1,2025-11-10,11,22,20,Monday,2025-11,2025Q4,08:00-12:59,22.583333333333332,17.733333333333334,-5.33,False,195.64999999999998,True,0,False,2025-11-10 11:22:00,4078.825,4079.105,4076.605,4076.705,37010.0,-0.0005271087106553107,9.32212225472906e-05,-0.0003334914965799074,-0.0005246583285218875,-0.0012934883396191754,5.396806317192748e-05,0.000748713379017163,4077.655732636072,4077.4794444444447,-0.00023315667099183267,4077.808205968802,4078.475,-0.00027053895452647627,4077.125409752105,4077.0338,-0.00010311425572035,4075.2309151382233,4075.8909000000003,0.0003617181191624937,4069.906221001928,4069.92495,0.001670500161155641,-0.15247333273009644,0.6827962166971702,42.55942295712467,46.3759608372079,48.291258773241296,0.05651613588906912,0.33576570841893233,-0.2792495725298632,24.086603518264898,33.57622107098399,1.8995155973870241,0.00046594384371374044,4082.02551366249,4074.9244863375097,-0.9970388333944259,0.0017410986520648897,-2.119999999999891,2.119999999999891,0.8479999999999563,0.11200000000008004,0.03999999999996362,-0.0008724923503743431,0.00043681785554339214,-0.0015845512377010706,0.00043681785554339214,-0.0015845512377010706,0.0007118651972788381,4049.6048385670542,0.006692050832923995,51.0,0.18499999999994543,-1.9349999999999454
37610153,Buy,2025-11-12 10:19:02,2025-11-12 11:06:47,XAUUSD.f,0.01,4121.1,9.18,2865.0,47.75,True,9.18,1,2025-11-12,10,19,15,Wednesday,2025-11,2025Q4,08:00-12:59,2816.1833333333334,2803.25,11.96,True,207.60999999999999,True,0,False,2025-11-12 10:19:00,4123.855,4123.875,4122.745,4123.565,18840.0,-4.122476347290238e-05,-1.6975314255707197e-05,-0.0002812308699369215,0.0003978723533299977,0.0014012353699004443,0.002213414257722368,0.0036044981995762004,4123.420221597816,4124.046111111111,3.511124125199468e-05,4121.813775329225,4121.403,0.0004248674894670226,4118.316649296781,4118.13364,0.0012743922214224583,4115.111802775586,4112.61022,0.0020541840974314315,4114.377100008744,4110.285820000001,0.0022331205351197613,1.6064462685908438,3.4971260324437026,60.563283919904286,64.48252870490415,63.77536031038221,2.0099621969948203,2.0455186392891225,-0.035556442294302215,76.87499999999129,81.61632587853927,1.393675950360141,0.00033797841197122906,4127.474415676783,4115.331584323218,0.7121897478595884,0.002946285853037247,-0.2899999999999636,0.2899999999999636,0.2566371681415359,0.017699115044632414,0.7256637168138317,-0.000358783964781062,0.0005702201899195902,-0.000358783964781062,0.0020095764702163788,-0.000358783964781062,0.002847863069101342,4122.173014677499,0.0003376824110837478,2.0,-2.464999999999236,-2.7549999999991996
37701576,Sell,2025-11-14 11:12:06,2025-11-14 12:22:58,XAUUSD.f,0.01,4180.12,11.72,4252.0,70.86666666666666,True,11.72,0,2025-11-14,11,12,10,Friday,2025-11,2025Q4,08:00-12:59,2933.0666666666666,2885.3166666666666,9.18,True,216.79,False,0,False,2025-11-14 11:12:00,4175.595,4178.135,4175.545,4176.645,64769.99999999999,0.00024667025096913875,0.0007835385030101616,-0.0005838598640610648,-0.0004594878863913854,-0.0007966554823892746,0.0015226740554326046,0.0009298390875116525,4176.738478494746,4177.091666666666,-2.2380739236392005e-05,4177.147105227506,4178.6955,-0.00012020290759613534,4175.462642984608,4172.76298,0.00028316790652633796,4176.2488010516145,4173.7599900000005,9.486957488888264e-05,4180.718311895421,4181.968355,-0.0009743090999052861,-0.4086267327593305,1.6844622428980074,47.09671010546822,49.78768416442641,51.553117307756345,0.2822945494790474,1.1503116244011815,-0.8680170749221341,39.97833152763077,29.39689418562651,2.3715556262365656,0.0005678135504062628,4183.192050598176,4174.1989494018235,-0.9120324369667597,0.002152131256358032,1.050000000000182,1.050000000000182,0.40540540540545283,0.5752895752894587,0.01930501930508845,-0.0011264291120938186,0.0008842654665579541,-0.0013246664124135776,0.0008842654665579541,-0.0013246664124135776,0.004318672849710881,4184.602980433366,-0.0019017289024970108,6.0,3.4749999999994543,4.524999999999636
37748984,Buy,2025-11-17 09:17:27,2025-11-17 09:42:30,XAUUSD.f,0.01,4074.19,7.16,1503.0,25.05,True,7.16,1,2025-11-17,9,17,15,Monday,2025-11,2025Q4,08:00-12:59,4205.35,4134.483333333334,11.72,True,228.51,False,0,False,2025-11-17 09:17:00,4058.295,4061.135,4058.005,4061.105,24810.0,0.0006874774382963356,0.0006603546942471894,0.0008083147991844175,-0.0005537296150595061,-0.000379063393429635,0.001047609539902128,-0.002194084326056167,4059.0244190649523,4058.201666666667,0.0005125815270475708,4059.2764826897255,4060.347,0.0004504539954526316,4060.7023115633224,4057.7360599999997,9.916718975703626e-05,4065.339865041545,4066.81913,-0.001041700124007193,4071.968407666661,4074.174815,-0.0026678516577405883,-0.2520636247732,-1.4258288735968563,59.180725367965096,54.35601987649367,51.881656312515474,-0.1646596967439109,0.06989891929892761,-0.2345586160428385,55.80016934801165,34.010725373979064,2.4874104235857053,0.000612495964419956,4066.158776056214,4054.5352239437866,0.26084969299166016,0.002862699200937064,2.8099999999999454,2.8099999999999454,0.8977635782747116,0.009584664536804805,0.09265175718848355,-0.0011780924003201854,0.0016253485312054394,-0.0012837144104319576,0.0016253485312054394,-0.0012837144104319576,0.002864547642242643,4082.8745518189194,-0.005331917878598799,27.0,13.085000000000036,15.894999999999982
37791981,Sell,2025-11-18 08:48:04,2025-11-18 09:11:45,XAUUSD.f,0.01,4014.84,8.85,1421.0,23.683333333333334,True,8.85,0,2025-11-18,8,48,45,Tuesday,2025-11,2025Q4,08:00-12:59,1410.6166666666666,1385.5666666666666,7.16,True,235.67,False,0,False,2025-11-18 08:48:00,4019.645,4021.625,4019.295,4021.625,24780.0,0.0004876028226232787,-0.00023368174286808596,-0.0005020323612048294,0.00024299565642160736,0.0007963318962029842,0.0016887326908012756,0.0030028045296457417,4021.3326250238324,4021.856111111111,7.270599162780293e-05,4020.3303034825544,4020.4801500000003,0.00032203735009634905,4017.451885096251,4016.2478600000004,0.0010387467039071104,4015.9601495512775,4013.4511599999996,0.001410584327973344,4017.9722755104463,4016.0446749999996,0.0009090964892458605,1.0023215412779791,2.878418386303565,53.84254961526805,56.77030184918215,57.324683122530885,1.5041116213387795,1.8060907934648358,-0.3019791721260563,54.024767801857706,37.75270375871707,2.0579389644482786,0.0005117182642459898,4024.4373658709833,4016.5229341290174,0.5786138726444064,0.0019685289932263256,1.9800000000000182,1.9800000000000182,0.8497854077253563,0.0,0.15021459227464376,-0.0007379624533647711,0.0007888603953509765,-0.0007379624533647711,0.0016064056983817743,-0.0007379624533647711,0.0034282420778040112,4027.127311659356,-0.0013663118231762362,4.0,-6.7849999999998545,-4.804999999999836
37836776,Sell,2025-11-19 12:12:16,2025-11-19 12:17:16,XAUUSD.f,0.01,4110.56,-5.43,300.0,5.0,False,-5.43,0,2025-11-19,12,12,10,Wednesday,2025-11,2025Q4,08:00-12:59,1644.2,1620.5166666666667,8.85,True,244.51999999999998,True,0,False,2025-11-19 12:12:00,4089.475,4090.485,4089.195,4089.525,27450.0,4.8905674403521004e-06,0.0005553849710868697,0.0010133683851092368,0.00139084612662832,0.0014398900981844598,0.0017391623851019666,0.0024316079620454456,4087.23334736666,4086.915,0.0005606855392331928,4085.7000613736614,4085.089,0.0009361770489468444,4084.9711281688737,4084.4642,0.0011147867850825324,4085.782292637692,4086.30911,0.0009160320091092764,4085.923278519545,4089.0808599999996,0.0008814951321749095,1.5332859929985716,0.7289332047876087,78.18686428065871,67.82978489612675,62.441503503119336,1.3481250589147749,0.7212776274708923,0.6268474314438826,89.93710691823857,95.35106240678772,1.7995947288250262,0.0004400498172342818,4089.4697780961865,4080.7082219038134,2.025211002521143,0.0021447650693468523,0.0500000000001819,0.0500000000001819,0.03875968992262272,0.7441860465116771,0.21705426356570018,-4.890519605504906e-06,0.0021024542109731037,-4.890519605504906e-06,0.002188406347603866,-4.890519605504906e-06,0.002344877079617058,4077.150958344036,0.003034972651831807,16.0,21.03500000000031,21.08500000000049
37874673,Sell,2025-11-20 08:09:10,2025-11-20 08:39:54,XAUUSD.f,0.02,4076.1,14.9,1844.0,30.733333333333334,True,7.45,0,2025-11-20,8,9,5,Thursday,2025-11,2025Q4,08:00-12:59,1196.9,1191.9,-5.43,False,239.08999999999997,True,0,False,2025-11-20 08:09:00,4070.585,4070.875,4069.548,4069.585,30060.0,-0.0002856968792959158,-0.0007643581723957293,-0.0005312214803077087,-0.0014011255626893426,-0.002387649917572121,-0.001508930291100885,-0.0011903490913464099,4071.8749685463285,4071.5965555555554,-0.0005623867540181459,4073.5549221347837,4074.7882,-0.00097455961946457,4074.6755597191436,4075.85588,-0.0012493165761385094,4074.4843084478043,4073.78044,-0.0012024364500916936,4075.8350260324787,4071.0893349999997,-0.0015334344968723147,-1.6799535884551915,-1.1206375843598835,21.361978194818676,30.92233115538731,36.44003551768101,-1.587584389017593,-1.0502386545896012,-0.5373457344279917,2.347417840375567,11.830613990666949,1.7573468874614195,0.0004318245932844306,4081.4516738312404,4068.1247261687595,-1.561707941466137,0.0032705865945329283,-1.0,1.0,0.7535795026374001,0.21853805576481863,0.027882441597781193,-0.0016950836441599337,6.14350993466406e-05,-0.0026199214513727975,6.14350993466406e-05,-0.0026199214513727975,6.14350993466406e-05,4081.4449546225296,-0.0029058225100150707,10.0,6.514999999999873,5.514999999999873
37928869,Sell,2025-11-21 13:14:11,2025-11-21 13:50:20,XAUUSD.f,0.01,4041.78,7.85,2169.0,36.15,True,7.85,0,2025-11-21,13,14,10,Friday,2025-11,2025Q4,13:00-16:59,1745.0166666666667,1714.2833333333333,14.9,True,253.98999999999998,True,0,False,2025-11-21 13:14:00,4039.885,4040.248,4035.165,4038.485,41250.0,-0.00036881416345391216,-0.001024087072137525,-0.0008864274425863794,-0.0016686298818239242,-0.0029035280581791723,-0.0026400439595720693,-0.004793078252855132,4042.656498846054,4042.734555555556,-0.0010318707135381618,4045.58487667587,4046.69815,-0.0017549691558328105,4048.598399664353,4051.15242,-0.0024980002129110727,4048.0049157664594,4049.33104,-0.0023517549915466718,4046.4596844307152,4042.095265,-0.001970780645955466,-2.9283778298158722,-3.013522988483146,26.767066351556878,30.066921520889878,33.6361371140876,-3.0340990813970166,-2.3573262132664197,-0.6767728681305969,19.23522595596826,21.199305008397758,3.315482363194231,0.0008209718157165944,4055.4897987156364,4037.906501284364,-1.8683981277351582,0.004345097355796728,-1.400000000000091,1.400000000000091,0.2754278969112862,0.07141451898481666,0.6531575841038971,-0.0028370545497193866,-0.00011884232718040177,-0.00344335843179866,-0.00011884232718040177,-0.005420521389633448,-0.00011884232718040177,4055.9623582039712,-0.004309053354161376,11.0,3.2950000000000728,1.8949999999999818
37964561,Buy,2025-11-24 13:01:04,2025-11-24 13:45:39,XAUUSD.f,0.01,4063.89,6.3,2675.0,44.583333333333336,True,6.3,1,2025-11-24,13,1,0,Monday,2025-11,2025Q4,13:00-16:59,4306.883333333333,4270.733333333334,7.85,True,261.84,False,0,False,2025-11-24 13:01:00,4072.915,4073.755,4072.075,4073.425,19320.0,0.0001252174425443453,0.0007099803834140772,0.0005895321202891157,0.001413583926936246,0.0011477712469785128,0.0014308173974610927,0.0020787335715473088,4071.452635196098,4071.3450000000003,0.0004844376149317804,4070.586507222945,4070.004,0.0006973178857687017,4069.4408180992255,4070.1554000000006,0.0009790489845815428,4067.2624784305276,4067.0791,0.001515152169832561,4063.3554174225187,4062.5409149999996,0.0024781446718408996,0.8661279731531977,1.1456891237194213,70.96132706845583,62.27359485096771,59.33222281335152,0.7712082390971773,0.3843607992494714,0.38684743984770587,95.97560975609858,94.45147457431331,1.8457857555851203,0.0004531286952834826,4073.3675688881513,4066.6404311118486,2.034148913703749,0.0016528577800667267,0.5100000000002183,0.5100000000002183,0.30357142857150593,0.1964285714284941,0.5,8.101947045191515e-05,0.0019357750663808737,8.101947045191515e-05,0.0019357750663808737,-0.0001570912589760054,0.0019357750663808737,4056.561961673927,0.004156977875697205,4.0,-9.53500000000031,-9.025000000000091
38045554,Buy,2025-11-26 09:36:48,2025-11-26 10:38:07,XAUUSD.f,0.01,4153.89,11.02,3679.0,61.31666666666667,True,11.02,1,2025-11-26,9,36,35,Wednesday,2025-11,2025Q4,08:00-12:59,2675.733333333333,2631.15,6.3,True,268.14,True,0,False,2025-11-26 09:36:00,4151.905,4151.905,4148.665,4150.095,25560.0,-0.00044316686075296374,-0.0008161820736078962,-0.0010037876736318507,-0.0018567444679475908,-0.0019455603827150947,-0.0024901122593561364,-0.0030508348357293213,4153.635676027562,4154.379777777778,-0.0008524281626327122,4155.566701728271,4156.0741499999995,-0.0013167161354901023,4158.140007960539,4159.03066,-0.001934761202157011,4159.849452752133,4161.56376,-0.0023449052334525364,4159.630185732527,4161.8762,-0.0022923157364403025,-1.9310257007091423,-2.573306232267896,14.312215259151557,25.523604871494328,30.230218370053137,-1.921944058984991,-1.3038943760906538,-0.6180496828943371,12.677304964541873,13.738285201237124,1.8606914435796376,0.0004483491205814897,4161.7428918843225,4150.405408115676,-2.1095156992541373,0.002727931061731912,-1.8099999999994907,1.8099999999994907,0.5586419753085224,0.0,0.4413580246914776,-0.002367819766847745,-5.542011094705757e-06,-0.002367819766847745,-5.542011094705757e-06,-0.003520014982874131,-5.542011094705757e-06,4152.873518509404,-0.0006690592663175566,48.0,3.7950000000000728,1.985000000000582
38119105,Sell,2025-11-27 08:09:07,2025-11-27 08:23:12,XAUUSD.f,0.01,4150.92,-4.83,845.0,14.083333333333334,False,-4.83,0,2025-11-27,8,9,5,Thursday,2025-11,2025Q4,08:00-12:59,1352.3166666666666,1291.0,11.02,True,279.15999999999997,False,0,False,2025-11-27 08:09:00,4152.465,4152.855,4152.065,4152.105,19390.0,-8.187947101045978e-05,0.00010598157606644953,-0.00011077490659383571,0.0003469323590314932,0.000667576852676266,-0.0005031058965696555,0.0018410051936612604,4151.960024218832,4152.000555555555,3.4917431844773806e-05,4151.790197664606,4151.5525,7.582327632316325e-05,4151.0248440729365,4151.2662,0.00026021427662746154,4150.300640008771,4149.1331900000005,0.0004347540450045826,4151.26431168828,4149.84941,0.0002025138002782656,0.16982655422543758,0.7653535916697365,54.10206650695173,53.261805669031425,53.77634541377354,0.21617194506143278,0.17722290753673436,0.038949037524698416,69.87951807228652,79.26866797260892,0.9901295722932218,0.00023846448302565132,4153.2525665350895,4149.85243346491,0.649974561108012,0.0008190027875546403,-0.3600000000005821,0.3600000000005821,0.45569620253240334,0.4936708860752353,0.05063291139236135,-0.00017819109550221146,0.0003903158305595955,-0.00036594540913070794,0.0007351071509051899,-0.0005728748569318043,0.0014398952277239196,4155.2373555463,-0.000753833121498938,7.0,-1.1849999999994907,-1.5450000000000728
38122859,Sell,2025-11-27 11:02:26,2025-11-27 11:27:19,XAUUSD.f,0.01,4160.74,7.41,1493.0,24.883333333333333,True,7.41,0,2025-11-27,11,2,0,Thursday,2025-11,2025Q4,08:00-12:59,173.31666666666666,159.23333333333332,-4.83,False,274.33,True,0,False,2025-11-27 11:02:00,4161.615,4162.915,4161.165,4162.165,31810.0,0.00012735379243977718,0.0005618020745088437,0.0006387774707969918,0.0007357352122632221,0.0005913880912227221,0.0010197394132889226,0.0016316177682693667,4160.319411113356,4159.891111111111,0.0004436171130787955,4159.7248087534535,4159.4069,0.0005866232404151928,4159.003220921901,4159.56936,0.0007602252054516061,4157.547076851058,4157.83876,0.001110732617955084,4155.556020031472,4154.37086,0.0015903960713487787,0.5946023599026375,0.7215878315528244,78.58005715101191,66.61162090390752,61.83972917352719,0.506445956344578,0.21186425684676236,0.29458169949781565,84.17721518987268,81.1904901767412,1.3319636854290824,0.0003200170309031676,4161.352684180937,4157.461115819063,2.8349495560921323,0.0009356065553178522,0.5500000000001819,0.5500000000001819,0.31428571428581825,0.42857142857142855,0.2571428571427532,-7.03911006428859e-05,0.0009595555742603068,-7.03911006428859e-05,0.0011304965886662632,-7.03911006428859e-05,0.0015858214567179285,4155.272861394135,0.0016586488627252799,26.0,-1.425000000000182,-0.875
38185142,Sell,2025-12-01 12:14:10,2025-12-01 12:50:55,XAUUSD.f,0.02,4260.23,12.08,2205.0,36.75,True,6.04,0,2025-12-01,12,14,10,Monday,2025-12,2025Q4,08:00-12:59,5831.733333333334,5806.85,7.41,True,281.74,True,0,False,2025-12-01 12:14:00,4249.175,4249.285,4248.305,4249.135,17940.0,-9.413592050200315e-06,0.00015534986083243219,0.00020243510601369863,0.0003743338799235829,0.00112148431747916,0.001682461896493237,-0.0003364258633851147,4248.402988944293,4248.593888888889,0.00017230264116008872,4247.060515069783,4246.711,0.0004884519358404314,4245.874113899969,4245.28854,0.0007680129020677855,4244.429900268994,4245.6105,0.0011085351487859342,4241.675052060949,4239.793164999999,0.0017587268820665996,1.3424738745097784,1.1864011698135073,68.75668207507846,65.46401836470795,61.23990418657043,1.382317740029066,1.150248968071073,0.23206877195799303,83.36067494726821,82.40736317134859,1.4465860279976728,0.00034044247311456867,4251.658388033518,4241.763611966482,0.979911009032488,0.002329985738854426,-0.03999999999996362,0.03999999999996362,0.040816326530593305,0.11224489795889958,0.8469387755105071,-0.0001670649164852156,0.0005792767282639666,-0.0001670649164852156,0.002200572903706677,-0.0009475296632036612,0.00263735506581253,4235.970819331771,0.0031077127840804693,10.0,11.094999999999345,11.054999999999382
38220734,Sell,2025-12-02 11:32:10,2025-12-02 12:33:12,XAUUSD.f,0.01,4192.78,6.06,3662.0,61.03333333333333,True,6.06,0,2025-12-02,11,32,30,Tuesday,2025-12,2025Q4,08:00-12:59,1398.0,1361.25,12.08,True,293.82,True,0,False,2025-12-02 11:32:00,4214.975,4215.565,4214.955,4215.375,14850.0,9.01543180953368e-05,0.000258644111634565,-0.0001992308267012577,5.931022211669301e-05,0.0005364202021544973,0.0006219208095414874,-0.00023717055527561204,4215.113746838339,4215.361666666667,6.198009765629775e-05,4214.557017427655,4214.744,0.0001940850649219224,4213.873999024651,4212.992,0.0003562045224171658,4214.050882069335,4213.875029999999,0.0003142149840428383,4215.234836656772,4215.96839,3.325160961590371e-05,0.5567294106831469,0.6830184030040982,55.28716555846929,55.585829051854304,54.5567528755208,0.67527419650105,0.70083889473487,-0.025564698233820016,67.0146137787069,64.22197212797137,1.369826578873064,0.0003249596011916055,4216.889682551712,4212.598317448287,0.5881578330369462,0.0010181793018567797,0.3999999999996362,0.3999999999996362,0.6557377049177884,0.31147540983557676,0.03278688524663491,-0.00037467793704226704,0.00038208110798776396,-0.00037467793704226704,0.0009664462678433683,-0.00037467793704226704,0.0020205021542119006,4218.809747262589,-0.0008141507838359645,10.0,-22.595000000000255,-22.19500000000062
38258178,Buy,2025-12-03 09:33:51,2025-12-03 10:10:41,XAUUSD.f,0.01,4201.92,5.08,2210.0,36.833333333333336,True,5.08,1,2025-12-03,9,33,30,Wednesday,2025-12,2025Q4,08:00-12:59,1321.6833333333334,1260.65,6.06,True,299.88,False,0,False,2025-12-03 09:33:00,4206.575,4206.575,4204.495,4206.065,42750.0,-0.00012123877501302172,-0.000691379730219488,-0.0009619689723440183,-0.0010426426597601735,-0.0003945124740806216,-0.0002757161787165785,-0.0027101395496617053,4208.007406674394,4208.473888888889,-0.00046159773181796057,4208.256979605574,4208.365,-0.0005208758914195243,4209.254106990734,4207.53136,-0.0007576418314678947,4212.047844280246,4213.18098,-0.0014204122321095575,4214.969105978399,4217.702205,-0.002112496142799745,-0.2495729311804098,-0.9971273851597289,32.41003215136669,41.262902183382636,43.042620910572325,-0.1653473200976805,0.07969650104531263,-0.2450438211429931,21.92737430167236,24.8368000439792,1.7540830383783867,0.0004170365979551878,4211.095891493182,4205.634108506818,-1.684431626626463,0.001297839656580094,-0.5100000000002183,0.5100000000002183,0.2451923076924212,0.0,0.7548076923075788,-0.0013272692088976967,-7.607482434457413e-05,-0.0013272692088976967,-4.041619167738375e-05,-0.0013272692088976967,0.0006923370658469263,4215.862931409633,-0.002324063084839827,51.0,-4.144999999999527,-4.654999999999745
38293895,Sell,2025-12-04 13:18:01,2025-12-04 14:08:08,XAUUSD.f,0.02,4202.96,9.8,3007.0,50.11666666666667,True,4.9,0,2025-12-04,13,18,15,Thursday,2025-12,2025Q4,13:00-16:59,1664.1666666666667,1627.3333333333333,5.08,True,304.96,False,0,False,2025-12-04 13:18:00,4199.765,4201.805,4199.325,4201.775,30630.0,0.0004690693972695392,0.0004261919983048479,0.0004690693972695392,0.0003213960492092216,0.00046668722312759314,0.0009695774238540622,0.0031131117151119714,4200.463958203635,4200.593888888889,0.000312118330120153,4200.1017643399755,4200.421,0.000398379790278031,4197.937035503965,4197.83114,0.0009142501337146202,4195.517195280116,4193.76847,0.0014915454826222448,4193.625649874496,4192.63173,0.0019432707651784503,0.3621938636597406,2.1647288360109087,65.33451304033076,62.87253095572573,63.13822435580049,0.7097548728224865,0.9485233042969132,-0.23876843147442672,79.40379403793223,41.37308039746659,1.296645598509457,0.0003085947244936859,4202.070617476985,4198.771382523016,1.641592695143526,0.000785453399544727,2.009999999999309,2.009999999999309,0.8104838709673087,0.012096774193810127,0.17741935483888122,-0.00018084322914624362,0.0006978109456290404,-0.00018084322914624362,0.0006978109456290404,-0.00018084322914624362,0.003072401976172756,4196.788503897709,0.0011881695009551383,1.0,1.1850000000004002,3.194999999999709
38327555,Buy,2025-12-05 15:06:32,2025-12-05 15:24:10,XAUUSD.f,0.02,4221.93,12.08,1058.0,17.633333333333333,True,6.04,1,2025-12-05,15,6,5,Friday,2025-12,2025Q4,13:00-16:59,1548.5166666666667,1498.4,9.8,True,314.76,False,0,False,2025-12-05 15:06:00,4227.835,4229.585,4227.765,4228.395,82890.0,0.00014191795013718256,0.0006744692104805328,0.0010392980121947115,0.0012953107147297693,0.0014209944829888244,0.0016487284537129998,0.0013332496598792432,4225.695404581784,4225.1594444444445,0.0006388523449393792,4224.332323902946,4223.6175,0.0009617321236935439,4223.4564307347155,4223.177,0.0011693193350702689,4223.284262082393,4223.28114,0.0012101335360001065,4223.0585378391615,4222.7539,0.0012636486359408677,1.3630806788378322,0.8758931682305047,92.02647393775331,80.37194886998682,72.52378378432591,1.1823477625857777,0.5845035261144665,0.5978442364713111,84.78260869565672,92.93491125555879,1.04894571715649,0.0002480718374599558,4227.520426692271,4219.71457330773,2.4481628155924535,0.0018481440103279897,0.5600000000004002,0.5600000000004002,0.30769230769257677,0.6538461538460385,0.0384615384613847,8.20709698661215e-05,0.001411507814803592,8.20709698661215e-05,0.0016653381074607232,8.20709698661215e-05,0.0019264193125314577,4215.558142250519,0.0030451146245199408,32.0,-6.4650000000001455,-5.904999999999745
38381092,Sell,2025-12-08 16:57:55,2025-12-08 20:23:42,XAUUSD.f,0.01,4205.31,16.3,12347.0,205.78333333333333,True,16.3,0,2025-12-08,16,57,55,Monday,2025-12,2025Q4,13:00-16:59,4431.383333333333,4413.75,12.08,True,326.84,False,0,False,2025-12-08 16:57:00,4198.795,4200.485,4198.555,4200.485,43800.0,0.00040249643052336914,-0.0003997939157553976,-3.332837375402686e-05,-0.0011936735302895407,-0.00041406635770346867,-0.0010582803301361077,-0.0028723456025220306,4201.111657532541,4201.120555555555,-0.000149164693449196,4202.175604527733,4202.454,-0.00040231648718158235,4204.37941578064,4204.6448,-0.0009262760078271591,4206.4027911946805,4208.03581,-0.0014068531922498298,4207.712979803499,4207.96712,-0.0017177929764204687,-1.0639469951920546,-2.2038112529062346,43.61614517325214,43.03083497328131,42.878997005591344,-1.1948585948675827,-0.9877009292913547,-0.20715766557622806,34.180138568126736,26.38657699924293,2.097210010830392,0.0004992780621357754,4206.486634756726,4198.421365243274,-0.976532772632465,0.00191918091511584,1.6899999999995998,1.6899999999995998,0.8756476683938557,0.0,0.12435233160614437,-0.0013551472415028742,0.0007051774557627066,-0.0013551472415028742,0.0007051774557627066,-0.0025858537888457933,0.0007051774557627066,4208.4882656034,-0.0019016960719153895,55.0,4.825000000000728,6.515000000000327
38394143,Buy,2025-12-09 10:35:42,2025-12-09 10:55:45,XAUUSD.f,0.01,4185.67,4.76,1203.0,20.05,True,4.76,1,2025-12-09,10,35,35,Tuesday,2025-12,2025Q4,08:00-12:59,1057.7833333333333,852.0,16.3,True,343.14,False,0,False,2025-12-09 10:35:00,4179.385,4180.445,4179.385,4180.445,18330.0,0.0002536258325087637,0.0002823462977339375,0.00024405271060001787,0.0002847397442844457,-2.3920326177706563e-05,-0.0008962297407266728,-0.0005450991877306022,4179.598182636325,4179.171666666666,0.00020260736239975256,4180.010829889343,4179.72715,0.00010386817841530437,4180.682647164337,4181.547460000001,-5.684410523210183e-05,4181.201194491014,4179.77293,-0.0001808558009622425,4183.228645226625,4183.35647,-0.0006654298539961331,-0.4126472530178944,-0.6718172749942823,57.369884744493035,50.660444118539,49.532536571521184,-0.6122042953829805,-0.7853446790045041,0.17314038362152362,82.00339558573275,72.0996038483308,1.4452952870247666,0.00034572761680270087,4182.239255268952,4177.215044731048,0.5715126741480564,0.0012020427069991532,1.0599999999994907,1.0599999999994907,1.0,0.0,0.0,-2.3920326177706563e-05,0.001156715837068223,-0.0006263349959897413,0.001156715837068223,-0.0012471136605534117,0.001156715837068223,4187.990871897178,-0.0018017880477758234,42.0,5.225000000000364,6.2849999999998545
38422656,Buy,2025-12-09 20:33:05,2025-12-09 21:05:09,XAUUSD.f,0.01,4204.34,6.64,1924.0,32.06666666666667,True,6.64,1,2025-12-09,20,33,30,Tuesday,2025-12,2025Q4,17:00-21:59,597.3833333333333,577.3333333333334,4.76,True,347.9,True,0,False,2025-12-09 20:33:00,4207.085,4207.515,4205.795,4205.885,35130.0,-0.00029473809311575394,-0.0003874020651144505,-0.00036364370997388207,-0.0008006167362157868,-0.0007009065453978947,-0.001353409702048003,-0.002147837050034851,4207.3286901329975,4207.202777777778,-0.0003431369972075211,4208.564497068879,4208.28415,-0.000636677202106567,4210.741010553944,4212.24126,-0.0011532437026576473,4210.732045604148,4213.18047,-0.0011511170864476861,4208.4935846008075,4206.839255,-0.0006198380841905684,-1.2358069358815555,-2.1765134850647883,25.213606311175113,31.759275869694235,35.7639386949449,-1.5361286820316309,-1.5399037396560205,0.003775057624389566,20.5286933244084,36.701801349614904,1.7235446712701943,0.0004097935800123385,4210.984976157429,4205.583323842572,-1.7766045351725128,0.0012835759474218533,-1.199999999999818,1.199999999999818,0.6976744186044421,0.25000000000013217,0.052325581395425695,-0.0011280958810250263,0.0002918192157363997,-0.001704222460370164,0.0002918192157363997,-0.003662339846660201,0.0002918192157363997,4197.501711139061,0.0019972091586508392,5.0,-1.5450000000000728,-2.744999999999891
38441014,Buy,2025-12-10 12:33:15,2025-12-10 13:38:15,XAUUSD.f,0.01,4189.26,7.08,3900.0,65.0,True,7.08,1,2025-12-10,12,33,30,Wednesday,2025-12,2025Q4,08:00-12:59,960.1666666666666,928.1,6.64,True,354.53999999999996,True,0,False,2025-12-10 12:33:00,4196.795,4196.985,4196.095,4196.715,28680.0,-1.1913938474106267e-05,-0.00025727792805507743,-0.000293000503817864,0.00020496418489224233,0.00015490703790344007,0.0004314758021934928,-0.001230400165639911,4197.081628517799,4197.218333333334,-8.735320164078385e-05,4197.159463916868,4196.8375,-0.00010589636173913857,4198.270122370263,4197.9544,-0.00037041979790124646,4200.183628464677,4200.66749,-0.0008258278140912501,4202.607355285737,4203.480185,-0.0014020713303910801,-0.0778353990690448,-1.1106584533954447,42.27728276640316,44.73214875118536,44.24029696555558,-0.2521322444026737,-0.40039987026625745,0.14826762586358377,54.0716612377854,64.92942453854688,1.0545104991903624,0.0002512704577724154,4198.459050565184,4195.215949434815,-0.15108995381291793,0.0007727487972476451,-0.07999999999992724,0.07999999999992724,0.08988764044941523,0.21348314606710572,0.6966292134834791,-0.0003358642251004573,0.00038544987506861084,-0.00046681393534864224,0.00039570398957811115,-0.0011899902777794402,0.0005769741994781086,4208.49566289648,-0.0027992574639775104,15.0,-7.454999999999927,-7.5349999999998545
38443239,Sell,2025-12-10 14:17:30,2025-12-10 14:40:38,XAUUSD.f,0.01,4200.58,3.25,1388.0,23.133333333333333,True,3.25,0,2025-12-10,14,17,15,Wednesday,2025-12,2025Q4,13:00-16:59,104.25,39.25,7.08,True,361.61999999999995,False,0,False,2025-12-10 14:17:00,4194.805,4195.195,4194.585,4194.725,17700.0,-1.4303474432986185e-05,-8.819824104100427e-05,0.00026707331758735187,0.0005151977369464156,0.0004913342706847068,0.0004817892029131965,-9.058176136211848e-05,4194.189551722366,4194.065,0.00012766430106022017,4193.703022546604,4193.5345,0.00024369332971403037,4193.454566141395,4192.934,0.0003029563903858909,4194.246772108094,4193.54126,0.00011401997018552498,4196.70887332524,4196.934725,-0.0004727212168205682,0.4865291757614614,0.24845640520925372,62.82456207739002,58.855915059698134,56.067706000678776,0.4429062724493633,0.26065005458920254,0.18225621786016077,79.10958904110763,74.37703848663115,0.9313422176484561,0.00022202700240145804,4195.09073666283,4191.97826333717,1.5299729513321343,0.000742207635506558,-0.07999999999992724,0.07999999999992724,0.1311475409835577,0.6393442622944709,0.22950819672197142,-0.0001453995926427032,0.0005509950708602052,-0.0001453995926427032,0.0005509950708602052,-0.0001453995926427032,0.001719392720043622,4206.497441038811,-0.0027986326400578263,30.0,5.854999999999563,5.774999999999636
38448404,Buy,2025-12-10 16:17:48,2025-12-10 16:26:36,XAUUSD.f,0.01,4204.15,-4.86,528.0,8.8,False,-4.86,1,2025-12-10,16,17,15,Wednesday,2025-12,2025Q4,13:00-16:59,120.3,97.16666666666667,3.25,True,364.86999999999995,False,0,False,2025-12-10 16:17:00,4198.445,4198.645,4196.965,4197.355,25830.0,-0.0002548574763157063,0.0003598798335018305,0.0006412907824580039,-0.00017865203466804758,-9.529720219503268e-06,-1.1912121894441796e-05,-0.0005833604179242835,4196.7611904054775,4196.489444444444,0.00014149234792764737,4196.7068675392475,4196.61,0.00015443834444699473,4196.9552969596325,4196.985500000001,9.523643024184975e-05,4196.881044825516,4197.44769,0.00011293033312623052,4197.013125754727,4195.540585,8.145655851643015e-05,0.05432286622999527,-0.2484294203850368,55.01474650103804,52.43248213680314,51.359798586956394,-0.039408805070706876,-0.16278764876551272,0.12337884369480584,57.973174366608,59.06607054147758,1.6402402145492312,0.0003907794824476918,4199.114366696618,4194.105633303381,0.5949607946838885,0.0011935189100814659,-1.0900000000001455,1.0900000000001455,0.6488095238094981,0.11904761904803152,0.23214285714247046,-0.0006714005964039149,0.0009276338302570686,-0.0006714005964039149,0.0009484000726860398,-0.0006714005964039149,0.0009484000726860398,4205.287480649841,-0.0018863111467033007,48.0,6.795000000000073,5.704999999999927
38449900,Sell,2025-12-10 16:31:07,2025-12-10 16:38:36,XAUUSD.f,0.01,4198.23,2.91,449.0,7.483333333333333,True,2.91,0,2025-12-10,16,31,30,Wednesday,2025-12,2025Q4,13:00-16:59,13.316666666666666,4.516666666666667,-4.86,False,360.00999999999993,False,0,False,2025-12-10 16:31:00,4197.115,4198.335,4196.845,4197.765,36300.0,0.00014533654344450753,-0.00010790292452644845,-0.00014053123187518501,0.00044567368821191167,-0.00015720180782075044,0.00029786620564919986,6.908915478942568e-05,4197.578226667646,4197.803111111111,4.449549770572178e-05,4197.221671878597,4196.81765,0.00012944947012066284,4197.066091509426,4196.84624,0.0001665231081274475,4196.945934808287,4197.631600000001,0.00019515743219846696,4197.026049596036,4195.78792,0.00017606524125240072,0.356554789049369,0.15558036917082063,54.42461319769841,53.28380041119466,52.296256064460216,0.3245119128496299,0.20875107182705838,0.1157608410225715,70.44476327117052,67.0492587278858,1.6321273810145376,0.00038880865913516776,4199.6462992282395,4193.98900077176,0.6698250108516248,0.0013479972036619487,0.6500000000005457,0.6500000000005457,0.43624161073868517,0.3825503355703305,0.1812080536909843,-0.0004904966278355127,0.0008368589892604472,-0.0004904966278355127,0.0011710397807700446,-0.0005737856160754617,0.0011710397807700446,4205.106709327345,-0.00174590321597786,7.0,0.464999999999236,1.1149999999997817
38487563,Buy,2025-12-11 09:32:30,2025-12-11 09:46:12,XAUUSD.f,0.01,4211.49,5.6,822.0,13.7,True,5.6,1,2025-12-11,9,32,30,Thursday,2025-12,2025Q4,08:00-12:59,1021.3833333333333,1013.9,2.91,True,362.91999999999996,False,0,False,2025-12-11 09:32:00,4214.645,4215.165,4213.955,4214.285,49120.0,-9.253382526541731e-05,0.00017562408850491096,0.0002468406180984317,0.0009334129782405665,0.0012140146228178939,0.002116334176299972,0.00046292614428811163,4213.196739997453,4213.079444444444,0.0002582979314058068,4211.754553468159,4211.214,0.0006008057923880525,4210.574587027033,4209.34654,0.0008812129784848903,4211.143201067948,4210.855299999999,0.0007460679397591801,4214.066828579523,4212.547205,5.177217859894759e-05,1.4421865292933944,1.179966441126453,68.03366318700628,64.81826628825007,61.44879386988886,1.4233063146839413,1.0236600475687052,0.3996462671152361,88.65979381443191,93.4473579012914,1.356226541528633,0.0003218165220265438,4215.612755317401,4206.815244682599,1.3963040807709655,0.0020890675788032063,-0.3600000000005821,0.3600000000005821,0.2975206611574969,0.4297520661152987,0.2727272727272044,-0.00015421352879718686,0.0011069869643969277,-0.00015421352879718686,0.0016352122032463612,-0.00015421352879718686,0.0024691328657522327,4224.589890831165,-0.0024392641883487966,30.0,-2.7950000000000728,-3.155000000000655
38492680,Buy,2025-12-11 13:09:27,2025-12-11 14:10:24,XAUUSD.f,0.01,4217.4,-4.86,3657.0,60.95,False,-4.86,1,2025-12-11,13,9,5,Thursday,2025-12,2025Q4,13:00-16:59,216.95,203.25,5.6,True,368.52,True,0,False,2025-12-11 13:09:00,4225.705,4225.735,4223.205,4223.205,32430.0,-0.0005821568912821595,-8.52360505875227e-05,0.0002503465060912369,0.0011877118056420333,0.0013111489149826294,0.001969202152836136,0.0028614477500827906,4222.817396315089,4222.735333333333,9.178793410503694e-05,4221.050411956161,4220.46565,0.0005104388324138456,4218.600238280481,4217.71392,0.0010915378228385933,4217.032145729489,4216.365089999999,0.001463791134901003,4215.925383559185,4215.276205,0.0017266948009096357,1.7669843589283118,2.450173675680162,59.26874079159292,63.3595824666671,63.03158745787988,1.8832878411085403,1.5109459864707422,0.3723418546377981,66.6666666666706,84.6026543315004,1.3823510259449185,0.0003273227385232113,4225.369538471727,4215.561761528274,1.1172154569964365,0.0023238613358819928,-2.5,2.5,0.988142292490218,0.011857707509781962,0.0,-0.0006081724654056764,0.0012185682297451983,-0.0006081724654056764,0.0014654881106941353,-0.0006081724654056764,0.002432971631550762,4222.202530486772,0.000237428097299801,27.0,-5.805000000000291,-8.305000000000291
38528027,Sell,2025-12-12 11:25:01,2025-12-12 11:41:40,XAUUSD.f,0.01,4317.51,6.41,999.0,16.65,True,6.41,0,2025-12-12,11,25,25,Friday,2025-12,2025Q4,08:00-12:59,1335.5666666666666,1274.6166666666666,-4.86,False,363.65999999999997,False,0,False,2025-12-12 11:25:00,4293.245,4293.875,4292.965,4293.435,37830.0,4.425556892284632e-05,0.00016003734670677616,0.0003115026730518,-0.00030502393040787723,2.7950429912770858e-05,0.0016657742875840764,0.0016961549543708099,4292.876854072346,4292.526,0.00013001675720678477,4292.222739478303,4292.72155,0.0002824318762741238,4290.066761496775,4289.411340000001,0.0007851249620297521,4287.251238502229,4287.019,0.0014423604201771842,4283.1447011362225,4281.923435000001,0.0024025102072895523,0.6541145940427668,2.15597798152794,58.94664657614474,58.24346435098672,58.41074797821959,0.9988004977803939,1.2009386251416672,-0.20213812736127323,56.04152860614618,49.9300493336274,1.5301629595419577,0.0003563959765413841,4295.532081494306,4289.911018505694,0.5076975664180448,0.0013094403918679075,0.19000000000050932,0.19000000000050932,0.20879120879180188,0.4835164835161211,0.30769230769207706,-0.00046328360988723283,0.0005912515282349151,-0.00046328360988723283,0.0008065315065939327,-0.00046328360988723283,0.0021918537270266825,4276.173039439315,0.004036777838847342,1.0,24.074999999999818,24.265000000000327
38568721,Sell,2025-12-15 12:29:18,2025-12-15 13:48:59,XAUUSD.f,0.01,4347.89,4.8,4781.0,79.68333333333334,True,4.8,0,2025-12-15,12,29,25,Monday,2025-12,2025Q4,08:00-12:59,4384.283333333334,4367.633333333333,6.41,True,370.07,True,0,False,2025-12-15 12:29:00,4347.015,4347.349,4346.508,4347.338,31950.0,6.28009933139051e-05,0.00032973569371619327,0.0005806921583542124,0.00016173430711341474,-0.0003258403842020252,0.0001272204629398921,0.0004033979314637115,4346.410194064728,4346.001222222222,0.0002134648810963206,4346.351863993006,4346.6512999999995,0.00022688821288564088,4345.922261506444,4346.39724,0.00032576249835296144,4344.792128307738,4344.31158,0.0005859593778203953,4342.205543892811,4343.463285,0.001181992896307598,0.05833007172168436,0.4296024865625441,64.9246693864082,56.60038777373377,54.909218914716114,0.05578516307832615,0.003216169379630743,0.05256899369869541,83.08605341245344,56.3049612705388,1.3160584325336386,0.00030272742366331735,4348.7069727051285,4344.595627294871,0.6681024642559131,0.0009458650180330442,0.32299999999941065,0.32299999999941065,0.3840665873950969,0.013079667063516572,0.6028537455413865,3.519518953054579e-05,0.0007089818330310305,-0.0006108052997761959,0.0009993096934421963,-0.0006108052997761959,0.0009993096934421963,4330.012851209905,0.0040011772217381,18.0,0.5520000000005894,0.875
38570537,Sell,2025-12-15 15:00:14,2025-12-15 15:09:11,XAUUSD.f,0.01,4345.38,5.46,537.0,8.95,True,5.46,0,2025-12-15,15,0,0,Monday,2025-12,2025Q4,13:00-16:59,150.93333333333334,71.25,4.8,True,374.87,True,0,False,2025-12-15 15:00:00,4342.555,4343.385,4342.535,4343.385,19230.0,0.00018652527590212742,9.210255158609293e-05,0.00020034473110630557,0.0003523839464931733,0.0008964176707197957,0.0005828344876759317,0.0014542048817198783,4342.571027878304,4342.716111111111,0.000187440140062248,4341.902155630239,4341.66,0.0003415195268365766,4340.936873535932,4340.34886,0.0005639626963922993,4340.959768485703,4340.288,0.0005586855542647909,4341.285036316869,4342.80027,0.00048371937469296835,0.6688722480657816,0.9652820943065308,66.5258142222576,62.13445229019631,59.53608861447818,0.7700045777974083,0.7053742335291602,0.0646303442682481,99.21875000000666,85.30821078431521,0.944655289908329,0.00021749287477585547,4344.236987208326,4339.083012791673,1.3387726523645984,0.0011870976577283805,0.8299999999999272,0.8299999999999272,0.9764705882347906,0.0,0.02352941176520941,-6.907007504386442e-06,0.00047681405288502177,-6.907007504386442e-06,0.0009725373430142792,-6.907007504386442e-06,0.001815239942659641,4331.84670814772,0.0026635965281453324,14.0,1.9949999999998909,2.824999999999818
38612361,Sell,2025-12-16 08:41:45,2025-12-16 11:42:27,XAUUSD.f,0.01,4291.03,9.02,10842.0,180.7,True,9.02,0,2025-12-16,8,41,40,Tuesday,2025-12,2025Q4,08:00-12:59,1061.5166666666667,1052.5666666666666,5.46,True,380.33,True,0,False,2025-12-16 08:41:00,4276.445,4278.115,4275.735,4277.925,32250.0,0.0003718137143138289,0.00042094185740593204,0.0010881583796971128,0.000514532623122399,-0.0013376427373351651,-0.002325150219396721,-0.0027716812962795823,4276.45275367299,4275.456111111111,0.00034426811467646977,4278.315568473202,4278.5465,-9.12902442446742e-05,4282.356818596223,4284.1234,-0.0010349017571300101,4285.590561247067,4286.521229999999,-0.0017886825952025047,4290.184547365921,4290.331665,-0.002857580421207824,-1.8628148002117086,-4.0412501230212,56.197809217294896,44.73787608466301,41.875614548345176,-2.536901873167153,-2.8705574191613428,0.3336555459941897,54.83870967742243,45.445820686417704,2.3371467640962034,0.0005463271946320245,4287.235615449959,4269.857384550041,-0.14305253591794134,0.00406171369176845,1.480000000000473,1.480000000000473,0.6218487394959685,0.07983193277293744,0.29831932773109404,2.5714061968606927e-05,0.0013834221087707377,-0.0016639226334318469,0.001592086394099912,-0.003292129294708457,0.001592086394099912,4298.932196038926,-0.004886607901906933,45.0,13.104999999999563,14.585000000000036
38648802,Buy,2025-12-17 08:21:41,2025-12-17 08:46:28,XAUUSD.f,0.01,4333.67,-3.99,1487.0,24.783333333333335,False,-3.99,1,2025-12-17,8,21,20,Wednesday,2025-12,2025Q4,08:00-12:59,1419.9333333333334,1239.2333333333333,9.02,True,389.34999999999997,False,0,False,2025-12-17 08:21:00,4333.205,4334.195,4333.058,4333.955,22610.0,0.00018000657716332746,0.0004201161782815266,0.00028619468393364933,0.0003277526898224359,0.0008891239357937675,0.0009561609445207786,0.0025770244620693106,4332.733274620815,4332.7427777777775,0.0002819756725717131,4331.701150034204,4331.2985,0.0005203152035957012,4329.379915504919,4329.0297199999995,0.001056752833978812,4326.64262334947,4326.054160000001,0.0016900810367528598,4323.1972115041945,4322.11664,0.0024883871749312248,1.0321245866107347,2.321234529284993,68.9012963642403,65.51296020076248,64.28999230063664,1.2427325838925753,1.169559306229154,0.0731732776634213,95.15050167224106,83.40765514678638,1.3944425662546251,0.00032174827986322543,4335.132779033062,4327.464220966937,1.3856581522070295,0.001770498631328484,0.75,0.75,0.6596306068603229,0.21108179419511136,0.1292875989445657,-6.690900029882041e-05,0.0005841033839901755,-6.690900029882041e-05,0.001411788083907739,-6.690900029882041e-05,0.003164143106299644,4317.981788923884,0.0036992307649581033,41.0,-0.2849999999998545,0.4650000000001455
38650723,Sell,2025-12-17 09:38:06,2025-12-17 10:30:10,XAUUSD.f,0.01,4322.06,5.6,3124.0,52.06666666666667,True,5.6,0,2025-12-17,9,38,35,Wednesday,2025-12,2025Q4,08:00-12:59,76.41666666666667,51.63333333333333,-3.99,False,385.35999999999996,False,0,False,2025-12-17 09:38:00,4330.375,4330.585,4328.815,4328.815,53200.0,-0.00034870361924344007,0.00021257447327149848,-0.00013627738684651725,-0.0007686723320666777,-0.000531041082954431,-0.0013680158809803444,-0.0021069835901941225,4329.420236226582,4329.013888888889,-0.0001397961374870498,4330.693382950785,4330.7855,-0.00043373722974258917,4332.466639739523,4333.5657200000005,-0.0008428546699076332,4332.051676557634,4333.60599,-0.0007471463406471489,4328.983104559468,4328.46871,-3.883234362630042e-05,-1.2731467242028884,-1.7732567887378536,41.657886983390895,40.006830880589874,41.01010992497245,-1.4941627101497943,-1.429526675474728,-0.06463603467506629,27.633851468039108,32.76020587906204,1.6743691844114486,0.0003867961981307699,4334.922747867151,4326.648252132849,-0.9525656007442419,0.0019106223880868808,-1.5600000000004002,1.5600000000004002,0.8813559322033986,0.11864406779660146,0.0,-0.0009669963454924657,0.0003697528317865295,-0.0016950461986572352,0.0003697528317865295,-0.0030951659909426166,0.0003697528317865295,4322.140993467987,0.0015441436413340334,6.0,-6.7549999999992,-8.3149999999996
38683859,Buy,2025-12-18 08:05:45,2025-12-18 08:17:14,XAUUSD.f,0.01,4330.83,3.31,689.0,11.483333333333333,True,3.31,1,2025-12-18,8,5,5,Thursday,2025-12,2025Q4,08:00-12:59,1347.65,1295.5833333333333,5.6,True,390.96,False,0,False,2025-12-18 08:05:00,4333.235,4333.935,4333.095,4333.205,18390.0,-2.0769414498689187e-05,-0.00029761252464244325,0.00048486471697195554,0.0004109502069180593,0.0003832350812469354,0.00046407515708724034,0.00016156934614031115,4332.828280870852,4332.693888888889,8.694531717568958e-05,4332.037554963447,4331.802000000001,0.00026949097779981876,4331.475272145197,4330.8572,0.00039933919649191434,4331.702112816761,4331.806,0.0003469507237795501,4332.390895160686,4332.3736499999995,0.00018791121554219574,0.7907259074045214,0.5622828182504236,59.834235874765575,60.21768017455993,58.123120300275005,0.7728991462799968,0.5536121509947287,0.21928699528526807,61.323155216276746,70.88522833801835,0.9488840485218335,0.00021897972713541905,4334.221726804702,4329.3822731953,1.1596350441493948,0.001117191785174385,-0.02999999999974534,0.02999999999974534,0.03571428571397636,0.8333333333340551,0.13095238095196848,-0.0003506566160483837,0.0005564798149069183,-0.0003506566160483837,0.0009308932995315544,-0.0003506566160483837,0.0011158922228318158,4333.428812336942,-5.1647862843696525e-05,45.0,-2.375,-2.4049999999997453
38686016,Sell,2025-12-18 10:02:33,2025-12-18 11:36:35,XAUUSD.f,0.01,4330.21,5.46,5642.0,94.03333333333333,True,5.46,0,2025-12-18,10,2,0,Thursday,2025-12,2025Q4,08:00-12:59,116.8,105.31666666666666,3.31,True,394.27,False,0,False,2025-12-18 10:02:00,4333.205,4333.305,4332.485,4332.495,17890.0,-0.0001638510063567411,-0.0002792068218764321,-0.0003253416953070687,-0.00019615331804889724,-0.0004568027269740149,-0.00045910875225074754,0.0001315812254367721,4333.281598765158,4333.295,-0.00018152495914012186,4333.464098876287,4333.4529999999995,-0.00022363145376884627,4333.668899161953,4333.8135999999995,-0.00027087883021708654,4333.667359012893,4334.04453,-0.0002705235348659005,4333.520932670124,4333.053225,-0.0002367434439718314,-0.18250011112832,-0.20480028566635156,31.878035324912034,40.59065272088564,43.716479910945424,-0.18668578783945122,-0.141402182699567,-0.04528360513988422,30.15267175572506,46.37425714116137,0.8541424562074423,0.00019714793812974796,4334.371708428815,4332.534291571184,-2.0855365422858587,0.00042400756570572245,-0.7100000000000364,0.7100000000000364,0.8658536585359767,0.1219512195125468,0.012195121951476508,-0.00042221107092799137,0.00018237622368100226,-0.0005121443970365069,0.00018237622368100226,-0.0007841518302450501,0.00018468520983128123,4333.671464409903,-0.0002714706039820241,33.0,-2.2849999999998545,-2.994999999999891
38720385,Buy,2025-12-19 10:43:53,2025-12-19 11:18:47,XAUUSD.f,0.01,4329.57,-3.16,2094.0,34.9,False,-3.16,1,2025-12-19,10,43,40,Friday,2025-12,2025Q4,08:00-12:59,1481.3333333333333,1387.3,5.46,True,399.72999999999996,False,0,False,2025-12-19 10:43:00,4325.985,4326.415,4325.795,4326.215,12310.0,4.8543633213604664e-05,-5.0850180344896856e-05,-0.00037201134519060375,-0.0007183567877209196,-0.00012018300173211038,-0.0004228236998460311,0.0007772640997676383,4326.721041601461,4327.002,-0.00011695729782336915,4326.811021413937,4327.07265,-0.00013775073858946247,4326.301702835097,4326.10686,-2.0040866553507462e-05,4325.596977701183,4325.92793,0.00014287560815370108,4324.431695488399,4323.81571,0.0004123789291114858,-0.08997981247557618,0.509318578840066,39.17284150080322,46.90971082488703,49.114884563977625,0.11879969871188223,0.40604124806130254,-0.2872415493494203,26.09699769053414,21.247113163974806,1.1609402646859224,0.0002683501085096146,4329.679785074348,4324.465514925652,-0.6579252516976277,0.0012050341120793302,0.23000000000047294,0.23000000000047294,0.370967741936312,0.3225806451610537,0.3064516129026343,-0.0007391298824436232,0.0002612665415824278,-0.0007391298824436232,0.0006221775056234335,-0.0007391298824436232,0.0007934699505065534,4323.115250118731,0.0007170176370348409,53.0,3.3549999999995634,3.5850000000000364
38723027,Sell,2025-12-19 14:42:44,2025-12-19 14:53:14,XAUUSD.f,0.01,4328.49,4.65,630.0,10.5,True,4.65,0,2025-12-19,14,42,40,Friday,2025-12,2025Q4,13:00-16:59,238.85,203.95,-3.16,False,396.56999999999994,False,0,False,2025-12-19 14:42:00,4326.815,4327.395,4326.805,4327.245,13320.0,9.244611258307778e-05,0.00020109213833752193,0.00037219968860058295,0.0001617919147958169,0.0002681408247873218,5.0843246803600195e-05,8.320073216627755e-05,4326.572220656455,4326.256111111111,0.0001554993905643648,4326.608895941396,4326.55345,0.00014702139109457112,4326.8788268793805,4327.03784,8.462754222388085e-05,4327.1110977755725,4327.448939999999,3.094494719496265e-05,4326.890315320843,4327.3467550000005,8.197219095224266e-05,-0.03667528494133876,-0.26993093798409973,67.5522356581705,55.794773655352884,52.65623097979018,-0.11384145035935944,-0.20779514509788224,0.0939536947385228,83.72260150914943,71.98466882260739,0.842334443739105,0.00019465836663722647,4327.6363523920645,4325.470547607936,1.2772157584424142,0.0005005843124689331,0.43000000000029104,0.43000000000029104,0.7288135593223475,0.2542372881364554,0.016949152541197148,5.9394664371437145e-05,0.0005387389116318086,-0.00013632682392006323,0.0005387389116318086,-0.0005012224515321684,0.0005387389116318086,4324.217762947955,0.0007000658195301903,44.0,1.2449999999998909,1.675000000000182
38755615,Buy,2025-12-22 08:17:51,2025-12-22 08:31:29,XAUUSD.f,0.01,4404.62,-3.47,818.0,13.633333333333333,False,-3.47,1,2025-12-22,8,17,15,Monday,2025-12,2025Q4,08:00-12:59,3935.116666666667,3924.616666666667,4.65,True,401.2199999999999,False,0,False,2025-12-22 08:17:00,4398.875,4399.825,4398.658,4398.705,33530.0,-3.7054987783280424e-05,-0.00048172785784483807,-0.00026137224976718887,0.0002569598017088115,7.207185905389046e-05,0.0005345337216853263,0.0008008764136206992,4399.366705853793,4399.618666666666,-0.0001504093425339315,4398.735841073877,4398.48575,-7.011349394783814e-06,4397.298277815105,4397.042100000001,0.0003199060186550489,4394.823729486393,4395.31053,0.0008831458899173114,4388.83816286697,4389.85048,0.0022481660901763857,0.6308647799160099,1.437563258771661,45.73782343405472,51.7369126075663,53.64167895895442,0.7663555371400435,0.7419403603863377,0.024415176753705747,32.517985611510525,41.98081534772526,1.2429730554708736,0.00028257704380513666,4401.338813848321,4395.632686151679,0.1536944223166677,0.0012972936644483817,-0.17000000000007276,0.17000000000007276,0.14567266495300016,0.8140531276780261,0.04027420736897378,-0.0010650872792471455,0.0005140516940391748,-0.0010650872792471455,0.0005140516940391748,-0.0010650872792471455,0.0011334346141371743,4374.770129923147,0.005471114907990316,51.0,5.914999999999964,5.744999999999891
38759834,Sell,2025-12-22 12:07:54,2025-12-22 14:41:53,XAUUSD.f,0.01,4415.72,6.72,9239.0,153.98333333333332,True,6.72,0,2025-12-22,12,7,5,Monday,2025-12,2025Q4,08:00-12:59,230.05,216.41666666666666,-3.47,False,397.7499999999999,False,0,False,2025-12-22 12:07:00,4410.225,4411.565,4409.455,4411.205,14890.0,0.0002290148168051509,0.0004626726375629442,0.0005164520717961807,0.0006646590786645312,0.0006095018779552763,0.0002879861041034104,-0.0004395957984613119,4409.701894308066,4409.390888888888,0.0003408633345202821,4409.296662172528,4408.83955,0.00043279869187379683,4409.876764425658,4409.82446,0.0003011956218498104,4410.331933732174,4411.72987,0.0001979593103069388,4408.095025278939,4409.584435,0.0007055144463144172,0.405232135537517,-0.580102253129553,68.26053565901876,59.07547485046853,54.900004781456516,0.14814353215842857,-0.2573484062429306,0.40549193840135916,93.65079365079849,91.63359788360161,1.3992973239749302,0.0003172143040223545,4411.310094899331,4406.369005100669,1.9149216843951455,0.0011207234335987072,0.9799999999995634,0.9799999999995634,0.4644549763031827,0.17061611374394714,0.36492890995287014,0.00011562803594444837,0.0010211711471497242,0.00011562803594444837,0.001205203483060746,-0.0007882782123753707,0.001205203483060746,4390.658452594386,0.004679605035885434,54.0,4.515000000000327,5.494999999999891
38786971,Buy,2025-12-23 11:53:01,2025-12-23 13:23:15,XAUUSD.f,0.02,4479.23,8.66,5414.0,90.23333333333333,True,4.33,1,2025-12-23,11,53,50,Tuesday,2025-12,2025Q4,08:00-12:59,1425.1166666666666,1271.1333333333334,6.72,True,404.4699999999999,False,0,False,2025-12-23 11:53:00,4489.485,4489.815,4488.865,4488.955,44400.0,-0.00010691768563320103,-0.0002939686322106505,-0.00035852949461812056,-0.0005009791358888682,-0.00031177935820214664,7.351917346620773e-05,0.0005260113738814187,4490.064511286983,4490.620555555556,-0.0002471036405366513,4489.895302099947,4490.2865,-0.00020942628651213568,4488.68357238535,4488.615580000001,6.046931361338917e-05,4486.76353772032,4486.93661,0.0004884282983171806,4484.527139798523,4482.232665,0.000987363898900484,0.16920918703635834,1.2117297145969133,32.20805070986481,45.79481293140602,49.61838349355427,0.4454103369607765,0.744040221104127,-0.29862988414335057,2.1791767554514077,11.613841243392626,1.1069776489084777,0.00024660029982668077,4492.490002211538,4488.082997788462,-1.2085306681594532,0.0009814528367122464,-0.5299999999997453,0.5299999999997453,0.557894736841944,0.3473684210526215,0.09473684210543448,-0.0008991774974154154,-8.241773540562658e-05,-0.0008991774974154154,0.0006486782901196086,-0.0008991774974154154,0.0010101629528869172,4478.223654561292,0.002396339769179961,1.0,-9.725000000000364,-10.25500000000011
38800885,Buy,2025-12-23 17:38:24,2025-12-23 17:53:02,XAUUSD.f,0.01,4450.12,5.21,878.0,14.633333333333333,True,5.21,1,2025-12-23,17,38,35,Tuesday,2025-12,2025Q4,17:00-21:59,345.3833333333333,255.15,8.66,True,413.12999999999994,True,0,False,2025-12-23 17:38:00,4456.235,4459.165,4454.365,4458.765,63970.0,0.0005789705768499687,0.0008552274938804505,0.001410448322678448,-0.0018468708970084124,-0.001735133543713574,-0.0016345485343359778,-0.006038982535101822,4457.151509597252,4455.485,0.00036200034916343554,4460.355226313109,4461.5165,-0.0003565245888325418,4467.493353850155,4468.02626,-0.0019537474728713376,4474.217267344548,4478.9295600000005,-0.0034536247171829955,4479.242429135709,4482.749175,-0.004571627782973143,-3.203716715856899,-7.138127537045875,51.42601955571558,44.35657769750196,42.35511972066522,-3.970776439378824,-3.9379793429695336,-0.032797096409290294,50.224438902745774,36.07647547797466,4.69541014657727,0.0010530741464457691,4473.735719154152,4449.297280845847,-0.4503561095496488,0.005477607963190362,2.530000000000655,2.530000000000655,0.5270833333334498,0.08333333333325438,0.3895833333332958,-0.0022332892120717762,0.0022635851637391458,-0.0029561816508775207,0.0022635851637391458,-0.007108046990603856,0.0022635851637391458,4479.279005007521,-0.004579756024259124,24.0,-8.645000000000437,-6.114999999999782
81950224,Buy,2025-12-29 06:11:17,2025-12-29 06:51:10,XAUUSD.f,0.01,4509.78,4.94,2393.0,39.88333333333333,True,4.94,1,2025-12-29,6,11,10,Monday,2025-12,2025Q4,00:00-07:59,7952.883333333333,7938.25,5.21,True,418.3399999999999,True,0,False,2025-12-29 06:11:00,4515.725,4517.885,4515.725,4517.315,95650.0,0.0003454571826857489,-0.0002301722640208892,0.00034988767055632586,0.001067479697497875,0.0014609624838577417,0.001063708375484529,0.0029796431755177988,4515.397370009057,4514.905333333333,0.00042468687333677857,4513.957632268127,4513.0936,0.0007437747549672398,4511.863648138662,4512.3744400000005,0.0012082261979673274,4510.008612235258,4507.50915,0.0016200385393766868,4511.220408536165,4507.13261,0.0013509850798471112,1.4397377409304681,2.093984129464843,65.018728870968,61.02251045141361,59.07663467466031,1.3846513502567177,0.86605770158469,0.5185936486720277,87.25182863113592,79.68718313902504,2.0321027464699206,0.00044984747498678327,4518.480558838526,4507.706641161474,1.5672664768883504,0.002387257750881112,1.589999999999236,1.589999999999236,0.736111111110807,0.263888888889193,0.0,-0.00026999901516755465,0.001834091254356407,-0.00026999901516755465,0.0018740858286951934,-0.00026999901516755465,0.0019518621985286089,4511.152763765936,0.0013660003455346899,17.0,-7.5349999999998545,-5.9450000000006185
81979298,Sell,2025-12-30 07:20:44,2025-12-30 07:22:21,XAUUSD.f,0.01,4365.43,-4.41,97.0,1.6166666666666667,False,-4.41,0,2025-12-30,7,20,20,Tuesday,2025-12,2025Q4,00:00-07:59,1509.45,1469.5666666666666,4.94,True,423.2799999999999,False,0,False,2025-12-30 07:20:00,4362.245,4362.265,4361.555,4361.925,13420.0,-7.335672343022903e-05,0.00025912706284070275,-7.106448873095417e-05,0.0004954395477736462,0.00045642882290675146,3.2096951133597784e-05,-0.00044914107498250644,4361.332956669634,4361.391666666666,0.00013574825317129983,4360.8551897297975,4360.493,0.00024532120963845585,4361.030660242863,4361.59316,0.00020507531976114422,4359.8431197801965,4361.54695,0.00047751264497531695,4355.556755216441,4354.23027,0.001462096613924748,0.4777669398363287,-0.1754705130651928,60.68410848707217,55.289406392288925,52.81335063315693,0.2605441660862198,-0.09340469220640338,0.3539488582926231,90.27237354085665,92.69451977623477,1.2571198964551573,0.000288203005887345,4363.02120383883,4357.964796161171,1.1328200503507706,0.0011595954121836867,-0.31999999999970896,0.31999999999970896,0.45070422535167964,0.02816901408512047,0.5211267605631998,-0.00011461515097677122,0.0005872414904464218,-0.00011461515097677122,0.001064883293151686,-0.0015176643077631224,0.001368238725517834,4348.254954008064,0.003143800475484091,44.0,3.505000000000109,3.1850000000004
81983513,Buy,2025-12-30 12:12:46,2025-12-30 12:19:35,XAUUSD.f,0.01,4373.1,5.33,409.0,6.816666666666666,True,5.33,1,2025-12-30,12,12,10,Tuesday,2025-12,2025Q4,08:00-12:59,292.03333333333336,290.4166666666667,-4.41,False,418.8699999999999,False,0,False,2025-12-30 12:12:00,4371.085,4373.415,4371.085,4371.305,48540.0,2.7452510017234033e-05,0.00014643080629617167,0.0003753148124627792,0.0016062158951217764,0.001310248225610211,0.0033949154312564733,-0.00024929129230089053,4369.707687995997,4369.609444444444,0.0003655420723888324,4367.141648073856,4366.782,0.0009533356739139252,4364.85101290228,4361.59924,0.0014786271235015507,4365.230924029959,4366.5512100000005,0.0013914672730380012,4365.65959948182,4367.19045,0.0012931380446726706,2.5660399221405896,2.2906351715764686,72.84874861334075,69.99155939020451,64.86081236763123,2.6918337511369828,2.2010955836754666,0.4907381674615161,76.13168724280197,83.00362312154934,1.9205615900835744,0.000439356574314438,4372.968882891546,4360.595117108454,1.4621256226396369,0.0028336119785900885,0.22000000000025466,0.22000000000025466,0.09442060085848135,0.9055793991415186,0.0,-0.0005304524279058365,0.0016957289400205688,-0.0005304524279058365,0.0025250585109495294,-0.0005304524279058365,0.00490809675042625,4356.612412834058,0.0033724797557523624,46.0,1.7950000000000728,2.0150000000003274
82028698,Buy,2026-01-02 09:31:50,2026-01-02 09:47:23,XAUUSD.f,0.01,4372.8,4.05,933.0,15.55,True,4.05,1,2026-01-02,9,31,30,Friday,2026-01,2026Q1,08:00-12:59,4159.066666666667,4152.25,5.33,True,424.1999999999999,True,0,False,2026-01-02 09:31:00,4378.495,4378.495,4377.495,4377.975,15900.000000000002,-0.00013246379227849214,-0.00026717544178145314,0.00013706844855665423,-0.0002032490154411093,0.0010541082210153707,3.6547912600326526e-05,-6.623628309387897e-05,4378.034464662902,4378.027222222223,-1.3582502235074887e-05,4377.449815636141,4376.8775000000005,0.00011997495938933718,4377.248808757407,4377.57746,0.00016590129424238998,4376.379886947472,4376.93288,0.00036448231043324016,4372.27689943081,4374.7319099999995,0.0013032341501363486,0.5846490267613262,0.20100687873400602,52.46952510785387,53.102494117369616,52.260930471580465,0.45532627758893796,0.17167436784500395,0.283651909743934,70.34161490683691,82.05548635356885,1.4156163674367188,0.00032334957770127024,4380.328851362801,4373.4261486372,0.6359827700122075,0.0015770838287344246,-0.5199999999995271,0.5199999999995271,0.5199999999995271,0.0,0.48000000000047294,-0.00043608450906817975,0.00045704100229082556,-0.00043608450906817975,0.0010671555719379278,-0.0008033787554246885,0.0010671555719379278,4360.706666035838,0.0039599852241060315,50.0,-5.175000000000182,-5.694999999999709
82061725,Buy,2026-01-05 11:12:23,2026-01-05 11:37:56,XAUUSD.f,0.01,4427.34,3.7,1533.0,25.55,True,3.7,1,2026-01-05,11,12,10,Monday,2026-01,2026Q1,08:00-12:59,4420.55,4405.0,4.05,True,428.2499999999999,True,0,False,2026-01-05 11:12:00,4420.315,4424.298,4420.135,4424.298,81260.0,0.0008965383845340735,0.0009101243700901929,0.0008709524464487473,0.0007464377952670631,0.0006860027616528708,5.1988350992626664e-05,0.0014606669088661484,4421.208939071952,4420.892555555555,0.0006986914598739024,4421.079064355889,4420.926799999999,0.0007280882330430247,4420.991415373423,4421.1974,0.0007479283074558769,4419.860536767771,4420.83083,0.0010039826359484788,4416.144469975717,4415.901525,0.001846300563696897,0.129874716062659,0.08764898246681696,70.53406279412498,61.932742136093154,58.67311823880935,0.022927110176169663,-0.1735965986971449,0.19652370887331455,100.0,47.852571516698596,1.7561316163985798,0.00039692887242192545,4423.16443892274,4418.689161077258,3.0131760452856398,0.001012294038770829,3.9830000000001746,3.9830000000001746,0.9567619505165984,0.0,0.04323804948340157,0.0004635651370072935,0.0011728592715962716,0.00021476944612985882,0.0011932496421722671,-8.972369846960149e-05,0.001369321052145489,4403.118484880404,0.004810117009642748,23.0,3.042000000000371,7.025000000000546
82095097,Buy,2026-01-06 08:52:50,2026-01-06 09:16:50,XAUUSD.f,0.01,4463.54,5.09,1440.0,24.0,True,5.09,1,2026-01-06,8,52,50,Tuesday,2026-01,2026Q1,08:00-12:59,1300.45,1274.9,3.7,True,431.9499999999999,True,0,False,2026-01-06 08:52:00,4456.798,4457.498,4455.898,4457.498,62930.0,0.00017950509547626226,-0.00042763552536717597,-0.0001899808112653112,-0.0017215412127382645,-0.0027801361320380913,-0.0024453806430678737,-0.0019294174019254262,4459.422263264901,4459.607444444444,-0.00043150505857059325,4462.394881451239,4463.8322499999995,-0.001097366230764086,4465.086193440307,4466.73522,-0.0016994506066771295,4465.239810426507,4466.00861,-0.0017337949931445222,4462.442420181507,4463.685955,-0.0011080076146521025,-2.972618186337968,-2.6913119890687085,29.533734394709327,31.196496405556985,33.77895581166483,-2.9608628146424962,-2.1935334409325637,-0.7673293737099325,21.414768806067652,13.004453340358303,2.300490580538238,0.00051609458502017,4474.115744729319,4453.54875527068,-1.231925559691307,0.004607473647478353,0.6999999999998181,0.6999999999998181,0.4375000000000355,0.0,0.5624999999999645,-0.001900364645201491,0.0006966153652738782,-0.0035536767935764324,0.0006966153652738782,-0.0036694930502704226,0.0006966153652738782,4454.217246466889,0.0007365499596394048,50.0,6.042000000000371,6.742000000000189
82147110,Sell,2026-01-07 16:04:17,2026-01-07 16:18:50,XAUUSD.f,0.01,4453.3,2.51,873.0,14.55,True,2.51,0,2026-01-07,16,4,0,Wednesday,2026-01,2026Q1,13:00-16:59,1871.45,1847.45,5.09,True,437.03999999999985,False,0,False,2026-01-07 16:04:00,4447.435,4448.035,4444.785,4445.495,61350.0,-0.0004249688299978738,-0.00041373091975305254,0.00018224013625256497,-0.0006227146988770915,-0.001662737016941196,-0.0016909853414251996,-0.0005687917671325371,4447.2598160660455,4446.741666666666,-0.0003968322380603993,4448.469404923216,4449.32975,-0.000668635580571602,4449.544651221608,4449.3119,-0.0009101271116575779,4451.453561195918,4450.28708,-0.0013385652830033006,4454.705998927429,4456.850654999999,-0.002067700748297925,-1.2095888571702744,-1.075246298391903,34.72713954410881,39.2604593222195,42.09839128224153,-1.1633013275004487,-0.8426030277808799,-0.32069829971956876,22.991967871485496,38.95289565311997,2.2340356317562846,0.0005025392294348064,4455.165079770959,4443.494420229041,-1.3143216066671826,0.0026230151950230735,-1.9400000000005093,1.9400000000005093,0.5969230769232337,0.1846153846152167,0.21846153846154964,-0.0009596012373688234,0.0005153937304265277,-0.0017748241287162125,0.0005153937304265277,-0.0020898782326050913,0.0014327115530390344,4465.766484364468,-0.004539306843616326,17.0,7.805000000000291,5.864999999999782
82169230,Buy,2026-01-08 09:05:21,2026-01-08 09:11:57,XAUUSD.f,0.01,4432.78,4.61,396.0,6.6,True,4.61,1,2026-01-08,9,5,5,Thursday,2026-01,2026Q1,08:00-12:59,1021.0666666666667,1006.5166666666667,2.51,True,439.54999999999984,False,0,False,2026-01-08 09:05:00,4417.865,4421.395,4416.645,4416.685,71950.0,-0.00035760643601046027,-0.0022950882626339153,-0.002455079609400612,-0.0014853315036098547,-0.0009500360221991189,-0.0008980569621468426,-0.002644298893842989,4422.335051020049,4424.367222222223,-0.0012776171309646226,4422.671379153446,4422.343650000001,-0.0013535663494381553,4423.926059124118,4423.271879999999,-0.0016367947898187568,4427.252057304402,4427.5862799999995,-0.0023868208016228523,4432.765678028609,4434.1681,-0.003627685106008131,-0.3363281333968189,-1.2546799706724414,25.326778577729627,36.5755151174265,39.68040099227345,-0.19362432813159103,0.24349959023573814,-0.43712391836732917,0.3205128205125402,20.176645634762693,3.1672524728780953,0.0007171107907577957,4429.599958646855,4415.087341353146,-1.5596497545493366,0.0032816575196974794,-1.1799999999993815,1.1799999999993815,0.24842105263144876,0.74315789473698,0.008421052631571288,-0.0028086811729177708,-0.00025804553145480913,-0.0028086811729177708,0.00026724010050949154,-0.002864964018625571,0.0003329396190219214,4442.2123493582985,-0.005746539640768341,21.0,16.094999999999345,14.914999999999964
82199073,Sell,2026-01-09 09:03:58,2026-01-09 09:57:41,XAUUSD.f,0.01,4475.16,3.82,3223.0,53.71666666666667,True,3.82,0,2026-01-09,9,3,0,Friday,2026-01,2026Q1,08:00-12:59,1438.6166666666666,1432.0166666666667,4.61,True,444.15999999999985,False,0,False,2026-01-09 09:03:00,4469.455,4470.445,4468.315,4470.385,25860.0,0.00021926856035658915,0.0004610228665105076,0.0006798216749623887,0.0007342563024599347,0.0009551917447789826,0.00029536379533534607,0.0013708863609127597,4468.744976355107,4468.335999999999,0.00036699871072776874,4468.08074674064,4467.67415,0.000515714327911562,4466.844375154054,4466.30752,0.0007926456685260442,4465.797471127979,4464.85955,0.0010272586031229234,4465.482867676637,4464.861775,0.0010977832562849737,0.6642296144664215,1.2363715865858467,73.13200330092074,63.85691673480806,60.706727345165724,0.6911660143723566,0.4791397692990306,0.21202624507332596,91.92913385827046,81.3154561613952,1.6418390941102379,0.0003672701778728762,4470.017306130558,4465.330993869442,2.3138449586414205,0.0010489377926355139,0.930000000000291,0.930000000000291,0.4366197183099734,0.028169014084266482,0.5352112676057601,-9.170628490007271e-05,0.0009598983273542139,-9.170628490007271e-05,0.0011309341852292487,-0.000257182376968923,0.0027815257341603505,4466.137868712351,0.0009509628704933185,58.0,4.774999999999636,5.704999999999927
82241706,Buy,2026-01-12 07:30:37,2026-01-12 07:41:10,XAUUSD.f,0.01,4571.8,4.38,633.0,10.55,True,4.38,1,2026-01-12,7,30,30,Monday,2026-01,2026Q1,00:00-07:59,4226.65,4172.933333333333,3.82,True,447.97999999999985,False,0,False,2026-01-12 07:30:00,4568.415,4569.085,4567.205,4568.395,21260.0,0.0,-0.00022103534267570168,0.00010289135657881587,-0.00041572808757417423,-0.00020571921297074525,-0.00026916869546178557,-0.002293129674299177,4569.10651085011,4569.416111111111,-0.00015572209761793312,4569.252126051753,4569.2735,-0.00018758563285792932,4570.331578631292,4569.7429999999995,-0.00042372825646752805,4571.602822985944,4573.5481,-0.0007016845316952323,4569.205099447284,4573.499485,-0.00017729548786973599,-0.1456152016435226,-1.0794525795390655,40.86801875134052,44.995486587337254,45.26364826392704,-0.2109444507104854,-0.16453470191532643,-0.04640974879515897,27.56539235413944,32.98988242250931,1.4870496680390217,0.00032550812003756714,4571.546196270907,4567.000803729094,-0.7730905455742747,0.000994773576546309,-0.019999999999527063,0.019999999999527063,0.010638297872088245,0.3563829787234223,0.6329787234044895,-0.0007874024359167953,0.00029997646170110137,-0.0007874024359167953,0.0003240699684581294,-0.0018549734153250341,0.0006505418444067157,4569.6418685746885,-0.00027285914532224824,37.0,3.4049999999997453,3.3850000000002183
82462486,Buy,2026-01-12 11:25:57,2026-01-12 11:31:41,XAUUSD.f,0.01,4598.3,-2.24,344.0,5.733333333333333,False,-2.24,1,2026-01-12,11,25,25,Monday,2026-01,2026Q1,08:00-12:59,235.33333333333334,224.78333333333333,4.38,True,452.35999999999984,True,0,False,2026-01-12 11:25:00,4582.495,4584.195,4582.495,4583.015,23850.0,0.00011784025008321208,0.00032521922285710936,0.0002553556482158825,0.00019576099960749715,-0.00041658260494992216,-0.0007892496350809797,-0.00014617060291011175,4582.466383012746,4582.218333333333,0.000119720897307277,4583.108150391568,4583.15395,-2.032472036692594e-05,4583.448365341661,4584.34696,-9.455006517311177e-05,4582.056930028674,4582.26218,0.00020909167781118,4579.138721324436,4578.664680000001,0.0008465082434635355,-0.6417673788228058,-0.34021495009255887,53.65135691704193,48.36335545591433,48.557347619559835,-0.7487490324019745,-0.7721082510243146,0.023359218622340028,57.97546012270555,52.402862985691335,1.8427857007478232,0.0004020902617049744,4586.756737943164,4579.551162056836,-0.07713470911503666,0.0015721871804738321,0.5200000000004366,0.5200000000004366,0.305882352941466,0.694117647058534,0.0,-0.0001810706950169383,0.0008254653888697394,-0.0010636686323466371,0.0008254653888697394,-0.00140539256754324,0.001000341819857642,4572.070401090739,0.0023937949220226348,57.0,15.284999999999854,15.805000000000291
82465593,Sell,2026-01-12 14:11:18,2026-01-12 14:25:53,XAUUSD.f,0.01,4585.01,1.82,875.0,14.583333333333334,True,1.82,0,2026-01-12,14,11,10,Monday,2026-01,2026Q1,13:00-16:59,165.35,159.61666666666667,-2.24,False,450.11999999999983,False,0,False,2026-01-12 14:11:00,4592.415,4592.415,4591.545,4591.795,16280.0,-0.00012629630637739364,-0.0001219417923917776,-0.0002286164675707747,-0.00026344408508161,-0.0004680073444500721,-0.00042296709128819554,0.0007977097448090831,4592.35374744912,4592.3083333333325,-0.00012166907861370866,4592.484451057678,4592.992,-0.00015012594272776052,4592.090151674882,4591.797320000001,-6.427392867582472e-05,4591.648331151876,4591.71069,3.194252641890422e-05,4589.590029365205,4590.76952,0.00048042867024883677,-0.13070360855726904,0.39429938279590715,38.27072883986802,45.94345623418533,48.47490456139373,0.03700712066165579,0.25766803266813665,-0.22066091200648086,15.61712846347232,17.860072800060383,1.2201670601340067,0.0002657276860430413,4594.760616446212,4591.223383553788,-1.3536004401223003,0.0007701369591813074,-0.6199999999998909,0.6199999999998909,0.7126436781608835,0.0,0.2873563218391165,-0.00041143439308533036,0.00013504168322930887,-0.0007290303135157883,0.00013504168322930887,-0.0007290303135157883,0.0011658259289104578,4575.661185669199,0.0035260072099157435,18.0,-6.7849999999998545,-7.404999999999745
82494965,Sell,2026-01-13 12:44:06,2026-01-13 12:51:58,XAUUSD.f,0.01,4587.85,1.89,472.0,7.866666666666666,True,1.89,0,2026-01-13,12,44,40,Tuesday,2026-01,2026Q1,08:00-12:59,1352.8,1338.2166666666667,1.82,True,451.9399999999998,True,0,False,2026-01-13 12:44:00,4590.295,4591.855,4590.295,4590.445,26670.0,2.1784854950857024e-05,0.000475125128997389,8.714511513496781e-05,0.00033036030847277686,0.00035891752044858727,-0.00073794552917128,-0.0006030634316052108,4589.602343045724,4589.509,0.0001836012994790524,4589.784717597944,4589.1842,0.00014385912252572004,4590.51226881139,4591.29132,-1.4653879011947379e-05,4589.921792715612,4591.034549999999,0.00011399045735761872,4589.055055313759,4586.141265,0.00030288254760228945,-0.18237455221969867,-0.7275512134456221,61.20109275589972,52.4701456232964,50.069983658503844,-0.43419554879164934,-0.6886400824526446,0.2544445336609953,74.363636363639,74.21051158233546,1.3461695034001706,0.0002932546851994024,4590.512085444381,4587.856314555618,1.8989589882686273,0.0005787021773419059,0.1499999999996362,0.1499999999996362,0.09615384615364435,0.9038461538463557,0.0,-5.227977959731955e-05,0.0008917757129571768,-0.00024893348445031993,0.0008917757129571768,-0.0011032495813854126,0.0008917757129571768,4588.9433162090345,0.00032723955984833794,6.0,-2.594999999999345,-2.444999999999709
82523311,Buy,2026-01-14 06:29:14,2026-01-14 06:37:55,XAUUSD.f,0.01,4625.78,3.35,521.0,8.683333333333334,True,3.35,1,2026-01-14,6,29,25,Wednesday,2026-01,2026Q1,00:00-07:59,1065.1333333333334,1057.2666666666667,1.89,True,453.8299999999998,False,0,False,2026-01-14 06:29:00,4615.755,4615.755,4613.095,4614.965,62200.0,-0.00016465452339564646,-0.0006518008434432954,-0.0007816263674400581,-0.0012616876533150245,-0.0006518008434432954,-0.0011600915520011412,-0.0010606370532471043,4617.349144259274,4617.796111111111,-0.0005163448084141627,4618.402874041939,4618.5419999999995,-0.0007443859134207688,4619.172199781977,4619.96588,-0.0009108125005981045,4618.224564548994,4619.34654,-0.0007058046882378091,4614.176156074235,4615.08504,0.0001709609471078527,-1.0537297826649592,-0.769325740037857,14.942824081948771,28.396936073138818,35.02993362854731,-0.9724883785702332,-0.5695228582720584,-0.4029655202981748,22.209026128264544,8.110546541120653,1.5235844284725226,0.0003301399747284156,4621.32286770514,4615.761132294859,-2.572578331134843,0.0012042188661013525,-0.7899999999999636,0.7899999999999636,0.2969924812030101,0.0,0.7030075187969899,-0.001417284158982568,-0.00014949124230467792,-0.001417284158982568,-0.00014949124230467792,-0.0018535601006588465,-0.00014949124230467792,4609.629446765184,0.0011574798574232894,14.0,10.8149999999996,10.024999999999636
82564751,Sell,2026-01-15 09:19:50,2026-01-15 09:35:26,XAUUSD.f,0.01,4613.11,4.51,936.0,15.6,True,4.51,0,2026-01-15,9,19,15,Thursday,2026-01,2026Q1,08:00-12:59,1610.6,1601.9166666666667,3.35,True,457.17999999999984,False,0,False,2026-01-15 09:19:00,4607.895,4609.135,4607.085,4608.695,32400.0,0.00018229740302166952,0.0005427473218133638,0.0007839160406375445,0.0009512815695711385,0.002117872429715062,0.003732940147727515,0.004774575711362639,4606.282407091134,4606.472777777778,0.0005237613970762747,4603.367283846812,4603.054150000001,0.0011573519610053097,4598.040297161834,4595.24366,0.002317226937907058,4595.164912648057,4592.70202,0.002944418232891173,4595.644292674222,4592.62777,0.002839799273973713,2.915123244321876,5.326986684977783,79.99942686042402,73.84335505709541,69.70911006613014,3.540387010973973,3.4452787131277236,0.09510829784624919,95.80552907530488,91.15473588711178,2.2608795708911598,0.0004905682781983099,4611.131373782736,4594.976926217266,1.3967299041673855,0.003509506305823066,0.7999999999992724,0.7999999999992724,0.3902439024386348,0.2146341463416928,0.39512195121967236,6.726868523343477e-05,0.0013470954341068264,6.726868523343477e-05,0.0033723728855994395,6.726868523343477e-05,0.006013780397695179,4602.543716532362,0.0013364964781414947,50.0,4.414999999999964,5.214999999999236
82596177,Buy,2026-01-16 09:03:56,2026-01-16 10:13:13,XAUUSD.f,0.01,4599.92,6.46,4157.0,69.28333333333333,True,6.46,1,2026-01-16,9,3,0,Friday,2026-01,2026Q1,08:00-12:59,1424.1,1408.5,4.51,True,461.6899999999998,False,0,False,2026-01-16 09:03:00,4609.385,4610.685,4608.995,4609.075,36900.0,-5.857665243114152e-05,-0.00045541537677495914,-0.0005941261737515413,-0.00039038143519398716,-0.00025443316715278996,0.002366145846359302,0.0019543117138052235,4610.631051540833,4611.557222222222,-0.00033749209673007865,4609.716637470624,4610.7893,-0.00013919238883546397,4606.139258287909,4604.3425799999995,0.0006373540936281068,4603.243559242173,4601.78506,0.0012668112566232338,4601.606024507627,4599.29817,0.00162312363392129,0.9144140702092045,3.577379182715049,35.899455293736764,51.430938529588296,55.8642392360611,1.7042858596123551,2.3988778174020418,-0.6945919577896866,1.1869436201770005,8.780763779604378,1.7972095048511498,0.0003899284574130709,4614.861148612749,4606.7174513872515,-0.8420254105877097,0.0017662262783289223,-0.3100000000004002,0.3100000000004002,0.1834319526629034,0.769230769230645,0.04733727810645156,-0.0014428904605657822,-4.339246641782424e-06,-0.0014428904605657822,0.000994028013477255,-0.0014428904605657822,0.0030401916822357933,4602.845881539427,0.001353318929394509,56.0,-9.154999999999745,-9.465000000000146
82600157,Sell,2026-01-16 14:48:59,2026-01-16 14:52:41,XAUUSD.f,0.01,4605.35,4.52,222.0,3.7,True,4.52,0,2026-01-16,14,48,45,Friday,2026-01,2026Q1,13:00-16:59,345.05,275.76666666666665,6.46,True,468.1499999999998,False,0,False,2026-01-16 14:48:00,4613.455,4613.895,4612.395,4612.965,14490.0,-0.00011271305748250526,-0.0004896836015579886,-0.00025356865371295445,6.937451288790975e-05,0.00014309548045932097,0.0011958879685205481,0.0011546028394113783,4613.822132287022,4614.245,-0.00018577488738110435,4612.739843800475,4612.961499999999,4.881181405189855e-05,4610.014264283799,4608.13098,0.0006400708429607151,4607.985922810492,4607.66462,0.0010805322049401806,4606.416505218425,4605.339315,0.001421602839030365,1.0822884865474407,2.7255795166756798,44.25738854230088,54.9943737833214,57.47926649547244,1.540425867684462,1.7740490010366359,-0.23362313335217388,30.394431554530826,52.47252889850916,1.4902310398972953,0.0003230527523831842,4616.015451871361,4609.907548128638,0.0022921120882976277,0.0013240742942950113,-0.4899999999997817,0.4899999999997817,0.32666666666652117,0.2933333333336729,0.379999999999806,-0.0006499182727771613,0.00015111871209572136,-0.0006499182727771613,0.0007571361163689616,-0.0006499182727771613,0.0031924945930930093,4603.557845544802,0.00204345307929648,59.0,-7.614999999999782,-8.104999999999563
82667342,Buy,2026-01-20 09:00:31,2026-01-20 10:32:19,XAUUSD.f,0.01,4713.8,6.68,5508.0,91.8,True,6.68,1,2026-01-20,9,0,0,Tuesday,2026-01,2026Q1,08:00-12:59,5411.533333333334,5407.833333333333,4.52,True,472.6699999999998,False,0,False,2026-01-20 09:00:00,4714.148,4714.248,4708.735,4708.848,65210.00000000001,-0.0011242752667077749,-0.000663628308724129,-0.0008799075746950269,7.4970877106173e-05,0.0007551067467608252,0.003033908071073066,0.002707119791062196,4711.02974886063,4711.327888888889,-0.0004631150676044679,4708.631949945544,4708.2398,4.588382713974694e-05,4703.708333636126,4702.97798,0.0010926838994502824,4697.638826988431,4696.860360000001,0.0023861291649692356,4689.626195188927,4685.70641,0.004098792528665122,2.3977989150862413,4.923616309418321,43.81264185929774,54.04905246355732,56.89709453485132,2.90539424686267,2.838482631734716,0.06691161512795407,31.701357466060127,70.63838381817835,2.3949652659965492,0.0005086095932585952,4715.512838562153,4700.966761437848,0.16724784140830806,0.003089493683882702,-5.300000000000182,5.300000000000182,0.9613640486124178,0.018138944313342238,0.020497007074240053,-0.001600162836234098,0.000355414871977322,-0.001600162836234098,0.0017152454324118604,-0.001600162836234098,0.003138610792449814,4678.96853985271,0.006385907469305324,31.0,4.9520000000002256,-0.34799999999995634
82775023,Buy,2026-01-22 09:25:06,2026-01-22 09:31:36,XAUUSD.f,0.01,4831.387,5.73,390.0,6.5,True,5.73,1,2026-01-22,9,25,25,Thursday,2026-01,2026Q1,08:00-12:59,2904.5833333333335,2812.7833333333333,6.68,True,479.3499999999998,True,0,False,2026-01-22 09:25:00,4827.405,4828.765,4826.825,4828.485,32010.0,0.0002154348728986566,0.000513882600618798,0.0012130298063195433,0.002143974197592158,0.001659584046003637,0.0023353645815493707,0.0067219251727130835,4824.67449610466,4823.852777777778,0.0007897950210768529,4822.077009424562,4821.494000000001,0.0013288859889449586,4816.140946658908,4815.26866,0.0025630589880586145,4809.578808856864,4806.17213,0.0039309452853375755,4803.6104017702755,4800.02119,0.005178313008181742,2.5974866800979726,5.9360627656533325,85.23941934980887,75.93927934730227,72.7097477621283,2.967664447327479,2.4661031178273243,0.5015613295001549,97.77070063693753,97.22966233913762,2.2750843514740815,0.00047117974923274725,4828.645488330842,4814.342511669159,1.95511750186315,0.0029665030510633663,1.0799999999999272,1.0799999999999272,0.5567010309276514,0.14432989690751616,0.2989690721648325,0.00018642861803574995,0.0024373306039660037,0.00018642861803574995,0.0025497253542985376,0.00018642861803574995,0.006929767030116052,4798.9083652392055,0.006163200567660741,6.0,2.9020000000000437,3.981999999999971
82824133,Buy,2026-01-23 09:00:21,2026-01-23 09:07:55,XAUUSD.f,0.01,4953.2,3.4,454.0,7.566666666666666,True,3.4,1,2026-01-23,9,0,0,Friday,2026-01,2026Q1,08:00-12:59,1415.25,1408.75,5.73,True,485.0799999999998,True,0,False,2026-01-23 09:00:00,4960.405,4961.355,4959.505,4960.555,17970.0,2.6207431822911076e-05,-0.0004493444708968397,-0.0008338880837592821,-0.001254332531003377,-0.00017736803969015114,5.241623734075773e-05,0.001019068692292846,4962.481926763872,4963.239444444444,-0.0003882989988295124,4962.536955183701,4963.395,-0.0003993834608386267,4960.622563272448,4960.0216,-1.3619917981276812e-05,4958.38639961538,4957.62253,0.0004373601026311602,4955.669260615059,4955.164414999999,0.0009858889138890615,-0.0550284198288864,1.9143919112530057,28.81494275148158,42.85350374631941,48.056200486453136,0.5473049756401451,1.3083875502449085,-0.7610825746047634,13.583441138424854,8.541033731692208,1.628277340909094,0.0003282449929310519,4968.411759303451,4958.37824069655,-1.1322050065454734,0.002021503145911325,0.1500000000005457,0.1500000000005457,0.08108108108139997,0.43243243243216667,0.48648648648643333,-0.0013448125566838387,7.661020024496423e-05,-0.0013448125566838387,0.0003387865191197825,-0.0013448125566838387,0.0010513899637663027,4949.685826592869,0.0021959319819321826,21.0,-7.355000000000473,-7.204999999999927
82913535,Buy,2026-01-26 11:00:40,2026-01-26 11:25:21,XAUUSD.f,0.01,5085.8,4.8,1481.0,24.683333333333334,True,4.8,1,2026-01-26,11,0,0,Monday,2026-01,2026Q1,08:00-12:59,4440.316666666667,4432.75,3.4,True,488.4799999999998,True,0,False,2026-01-26 11:00:00,5088.815,5090.335,5086.998,5089.805,43510.0,0.00018668246589870208,0.00010944642509080893,-0.0003554864222843346,-0.00044579076309747556,-1.9646732109857012e-05,-0.0005557044634064701,0.002840571006591075,5090.324835307417,5090.7048888888885,-0.00010212222681956768,5090.586876148098,5090.26345,-0.00015359253601211583,5090.109416416611,5091.39698,-5.9805476013651565e-05,5087.072636994959,5088.2495499999995,0.0005371189287077825,5081.566311275108,5077.49149,0.0016212892286010295,-0.2620408406810384,0.4774597314872153,45.15887362362475,47.09253211294176,48.62849060598782,-0.19471766122933332,-0.04241646560054054,-0.15230119562879277,39.77610882811989,27.936574091169216,2.1685156307591495,0.0004260508272437057,5093.389076525971,5087.13782347403,-0.2933491869171384,0.0012280804546455455,0.9900000000006912,0.9900000000006912,0.296673658975295,0.1588252921785061,0.5445010488461989,-0.0008343058722373176,0.0003262485640640467,-0.0008343058722373176,0.0008002776393187805,-0.0011343152945146873,0.0008002776393187805,5067.055953178051,0.0044895985029889405,40.0,-4.005000000000109,-3.014999999999418
83084849,Buy,2026-01-28 09:01:54,2026-01-28 09:05:33,XAUUSD.f,0.01,5262.98,4.38,219.0,3.65,True,4.38,1,2026-01-28,9,1,0,Wednesday,2026-01,2026Q1,08:00-12:59,2761.233333333333,2736.55,4.8,True,493.2799999999998,True,0,False,2026-01-28 09:01:00,5262.255,5262.865,5261.055,5261.745,32430.0,-9.12161680658441e-05,-7.791484667396542e-05,1.1403191182868255e-05,0.00028515782059579386,6.842304830367851e-05,0.0002946658821583181,0.003704463191427587,5261.589587097425,5261.233888888888,2.9537252954210284e-05,5261.188160323371,5262.18865,0.00010583914881200844,5257.963341153731,5258.73972,0.0007192250308537614,5252.077721461192,5250.44971,0.0018406579360593794,5240.654014857309,5243.03017,0.004024494859400617,0.4014267740531068,3.2248191696407957,51.475743288118544,52.92397536658319,54.36921659284102,0.8240502523140094,1.0954625443285966,-0.27141229201458716,50.053705692799724,49.58825635517337,2.963137668997679,0.0005631473340113744,5266.293939655711,5258.083360344289,-0.21613578441804168,0.0015602974080798884,-0.5100000000002183,0.5100000000002183,0.28176795580130487,0.3370165745855493,0.38121546961314584,-0.0003324787047389588,0.0008864227989464624,-0.0008829569373357549,0.0008864227989464624,-0.0008829569373357549,0.002152198527934246,5209.314681394325,0.010064724788643693,54.0,1.2349999999996726,0.7249999999994543
83314376,Buy,2026-01-30 06:37:54,2026-01-30 06:39:34,XAUUSD.f,0.01,5220.23,4.47,100.0,1.6666666666666667,True,4.47,1,2026-01-30,6,37,35,Friday,2026-01,2026Q1,00:00-07:59,2736.0,2732.35,4.38,True,497.6599999999998,True,0,False,2026-01-30 06:37:00,5186.895,5188.845,5180.845,5181.325,55530.0,-0.0011354840699682178,7.527598782841594e-05,-0.00397156085609629,-0.0026774534741931255,0.0007590689912591042,-0.0028655473262750863,-0.0034792375680725574,5189.9905305952425,5194.695000000001,-0.001669662120606763,5192.66132801981,5192.0175,-0.0021831441150684605,5200.016205145372,5202.283100000001,-0.003594451326301081,5224.157378092873,5208.97846,-0.008198906539930747,5269.446308980358,5294.597389999999,-0.016723068006249276,-2.670797424567354,-7.35487712556187,36.30678895629075,41.97671354213431,43.62459420223061,-2.681741306072581,-1.5700655736505622,-1.111675732422019,20.21466905187834,26.07168886238706,11.04405537903231,0.0021315118003661826,5212.4014729456485,5171.633527054351,-1.049108535270392,0.007852043235851407,-5.5700000000006185,5.5700000000006185,0.6962500000000773,0.24374999999997726,0.05999999999994543,-0.007687497665885057,0.001966678624021112,-0.007687497665885057,0.001966678624021112,-0.012255950922818393,0.0029305957878007494,5315.291136203935,-0.025203913157541693,54.0,38.904999999999745,33.33499999999913
83511633,Buy,2026-02-02 22:25:35,2026-02-02 22:29:09,XAUUSD.f,0.01,4661.87,2.43,214.0,3.566666666666667,True,2.43,1,2026-02-02,22,25,25,Monday,2026-02,2026Q1,22:00-23:59,5267.683333333333,5266.016666666666,4.47,True,502.1299999999998,True,0,False,2026-02-02 22:25:00,4650.705,4653.875,4647.635,4649.005,46290.0,-0.00035048977182683405,0.0013008928561812905,0.0035466236380414795,0.001221105089337815,0.00010541000728192529,-0.00011183938144210259,0.0028279329018452426,4645.106910656736,4642.226111111111,0.0008391818354754191,4645.679817595789,4645.753650000001,0.0007157579804825414,4648.8936573167175,4652.03646,2.3950361417143354e-05,4653.938762363573,4653.27769,-0.001060126188911693,4664.336199878924,4664.738585,-0.0032868985471763415,-0.5729069390536097,-3.213839720928263,58.933142182700436,52.45857172692493,50.62255897415739,-1.3923699776332796,-2.297428923714222,0.9050589460809424,58.9005235602104,58.40968586387603,7.285409416079254,0.0015670900367023167,4658.548619335083,4632.958680664919,0.5082231797281261,0.005508242708944322,-1.699999999999818,1.699999999999818,0.2724358974358778,0.5080128205128499,0.21955128205127225,-0.00048159148787041417,0.003886845295999475,-0.002694374099685315,0.003886845295999475,-0.005212518174805503,0.003886845295999475,4674.3452360189185,-0.0054211306053423575,35.0,12.864999999999782,11.164999999999964
83541051,Buy,2026-02-03 14:00:26,2026-02-03 14:09:59,XAUUSD.f,0.01,4919.67,9.98,573.0,9.55,True,9.98,1,2026-02-03,14,0,0,Tuesday,2026-02,2026Q1,13:00-16:59,934.85,931.2833333333333,2.43,True,504.55999999999983,True,0,False,2026-02-03 14:00:00,4901.985,4902.635,4896.625,4898.005,40080.0,-0.0008078393052581845,-0.001909371099620416,-0.004020110720803549,-0.004200326714667413,-0.0037020425307732197,-0.004813382381476217,-0.0043096394641003455,4908.012738907617,4909.778333333334,-0.002039061314629814,4912.4843990784175,4914.8095,-0.0029474697326537483,4915.485870904693,4917.2556,-0.0035562854545395216,4915.921511721868,4914.79676,-0.003644588645108904,4909.301966985207,4919.50517,-0.0023011350821723307,-4.471660170800533,-3.0014718262755196,13.860725977704334,25.143058104741442,31.39935526009947,-3.8505765178115325,-1.8158669096353435,-2.034709608176189,5.064220183486639,5.88259631194822,4.253349948852286,0.0008683841582138616,4928.177901830298,4901.441098169703,-2.514062670066603,0.005440048828056283,-3.9799999999995634,3.9799999999995634,0.6622296173043958,0.10815307820308188,0.2296173044925223,-0.004374406065626113,-0.0006957174611821326,-0.005253992028635968,-0.0006957174611821326,-0.006392109568588489,-0.0006957174611821326,4821.379278835746,0.015892904650877736,26.0,21.664999999999964,17.6850000000004
83699779,Sell,2026-02-04 19:42:53,2026-02-04 19:53:51,XAUUSD.f,0.01,4910.32,7.05,658.0,10.966666666666667,True,7.05,0,2026-02-04,19,42,40,Wednesday,2026-02,2026Q1,17:00-21:59,1782.45,1772.9,9.98,True,514.5399999999998,False,0,False,2026-02-04 19:42:00,4903.135,4904.925,4895.325,4896.525,67200.0,-0.0013440435315100752,-0.0026682282251699885,-0.00477842129171846,-0.005930079470373495,-0.00500957291120141,-0.008480470921279237,-0.007916568569806604,4909.003582675081,4912.464222222222,-0.0025419787264203365,4912.909506878356,4913.1501,-0.0033349905703366624,4920.309810295073,4917.38132,-0.004834006640253929,4938.275958816429,4937.09033,-0.00845456170627531,4968.070898211438,4983.637255,-0.014401142752853237,-3.90592420327539,-7.40030341671627,23.747910866542625,36.871926456102074,40.48009833816055,-3.4778956438694877,-1.4975599812399758,-1.9803356626295119,3.0838023282702536,4.351299859378118,9.040754944151145,0.001846361438806326,4934.675826475683,4891.624373524317,-1.5446726054780138,0.008762494952345486,-6.610000000000582,6.610000000000582,0.6885416666667012,0.18645833333332248,0.12499999999997631,-0.0076431254430776585,-0.0006673748595605877,-0.0076431254430776585,0.0013183838785391089,-0.010776651013724159,0.0013183838785391089,5017.512499670897,-0.024113043999159617,53.0,13.795000000000073,7.184999999999491
83821484,Buy,2026-02-05 17:27:12,2026-02-05 17:30:17,XAUUSD.f,0.01,4823.0,-4.17,185.0,3.0833333333333335,False,-4.17,1,2026-02-05,17,27,25,Thursday,2026-02,2026Q1,17:00-21:59,1304.3166666666666,1293.35,7.05,True,521.5899999999998,False,0,False,2026-02-05 17:27:00,4836.645,4837.495,4831.548,4832.935,50940.0,-0.0007464005814067365,0.000911249478361631,0.0035487022526681233,0.002499541059369781,0.00019453662514146153,-0.000450868283380923,-0.00473237278659111,4827.111177741716,4823.825000000001,0.0012064818985604204,4826.431516383458,4825.345149999999,0.0013474724741180035,4830.961078554867,4830.835620000001,0.0004085980849434336,4837.378173266975,4837.83924,-0.000918508561420537,4848.030259111494,4851.189435,-0.0031136891283059546,0.6796613582582722,-4.529562171408543,64.09052633447014,55.011997806886505,51.88720882405973,-0.9018939057605166,-3.0487834691373545,2.146889563376838,82.40740740740878,82.35462939661518,8.941232212287044,0.0018500625835619646,4843.485977861341,4807.2043221386575,0.8367699708099116,0.007518976279382494,-3.7100000000000364,3.7100000000000364,0.6238439549352554,0.1429292080039411,0.23322683706080352,-0.001021109474717674,0.004811015854106149,-0.00347438082306728,0.004811015854106149,-0.00485328440926136,0.004811015854106149,4891.938768164341,-0.012061428190459831,12.0,-9.9350000000004,-13.645000000000437
83897665,Sell,2026-02-06 07:30:33,2026-02-06 07:32:07,XAUUSD.f,0.01,4846.36,7.43,94.0,1.5666666666666667,True,7.43,0,2026-02-06,7,30,30,Friday,2026-02,2026Q1,00:00-07:59,843.35,840.2666666666667,-4.17,False,517.4199999999998,False,0,False,2026-02-06 07:30:00,4826.285,4831.235,4824.885,4830.765,27420.0,0.0009365459068075843,0.001071370473485711,0.002072280909189983,0.0025922140185026254,0.0018270597713998527,0.0011460581712601225,0.003531539242152437,4823.560195325057,4820.399444444444,0.001493669485440667,4821.605049622186,4820.8267,0.001899772022706852,4820.00854988724,4819.5495,0.0022316246955644005,4814.946583860882,4818.865309999999,0.0032852734425215875,4802.102649306393,4796.1666700000005,0.005968708456856392,1.9551457028710502,1.5964997349456098,73.93115047041931,63.03555511826745,59.09658034690856,1.4413584037556575,0.12380074743407904,1.3175576563215785,98.06902218570518,95.93222634505692,4.260665926662734,0.0008819857572584742,4831.900138093354,4809.753261906645,1.7949800082352485,0.00459399965294522,4.480000000000473,4.480000000000473,0.7055118110237572,0.0740157480313993,0.22047244094484356,0.000691880246715515,0.004965783525539891,0.000691880246715515,0.004965783525539891,0.000691880246715515,0.006348994060356494,4761.527523825736,0.014541021936303722,33.0,15.594999999999345,20.074999999999818
83915642,Sell,2026-02-06 09:16:42,2026-02-06 09:21:17,XAUUSD.f,0.01,4848.32,1.17,275.0,4.583333333333333,True,1.17,0,2026-02-06,9,16,15,Friday,2026-02,2026Q1,08:00-12:59,106.15,104.58333333333333,7.43,True,524.8499999999998,True,0,False,2026-02-06 09:16:00,4870.665,4871.815,4866.815,4868.438,48130.0,-0.0004531227383642866,0.0004479828237631267,-0.0007403461995938443,-0.002112633474387282,-0.004042389444944838,0.0007262217864481002,0.009920518440074577,4871.737761403341,4870.8256666666675,-0.0006773273860271548,4874.793923651236,4880.3806,-0.0013038343262877796,4867.607822085394,4869.95224,0.00017055152036677768,4853.560910659356,4846.155519999999,0.0030651906125194663,4834.821898044266,4832.775045,0.006952914226133539,-3.056162247894463,7.186101565841454,37.69639549459479,43.44955661768008,48.43971945353489,-1.211406843338409,1.3307971476039357,-2.542203990942345,13.329818880144563,12.67032805721279,7.0300725478190795,0.0014440098749987325,4901.050046402468,4859.711153597533,-1.1555800544880066,0.008470423967535504,-2.2269999999998618,2.2269999999998618,0.4453999999999724,0.22999999999992723,0.3246000000001004,-0.003823720490063187,0.0007276617104818861,-0.007044090577659534,0.0007276617104818861,-0.007044090577659534,0.0066295520922179385,4775.522287000132,0.019456659903525624,42.0,-20.118000000000393,-22.345000000000255
83923769,Sell,2026-02-06 15:34:06,2026-02-06 15:35:48,XAUUSD.f,0.01,4925.29,2.07,102.0,1.7,True,2.07,0,2026-02-06,15,34,30,Friday,2026-02,2026Q1,13:00-16:59,377.4,372.81666666666666,1.17,True,526.0199999999998,True,0,False,2026-02-06 15:34:00,4884.515,4885.405,4882.855,4883.115,12330.0,-0.00031936618096406466,-6.143581646744778e-06,0.0011809679631686887,0.000893670618836051,-0.000390990834233107,-0.001263985912079435,0.00028186676919839115,4882.4125965266885,4881.287222222222,0.0001438640138301632,4883.871531809849,4883.5525,-0.0001549041175473334,4885.908136212422,4888.14318,-0.0005716718641761173,4883.63872363848,4885.46054,-0.00010724045493887104,4876.731808560883,4875.389160000001,0.0013089076229107508,-1.4589352831608267,-2.036604402572266,51.84996925133131,46.60007957726274,46.787353780114124,-2.084261323100691,-2.5986454334433917,0.5143841103427009,76.35402906208675,69.6325646599911,4.155645970520479,0.0008510235721502522,4895.093465712572,4872.011534287428,-0.07581687891567328,0.004726463250910873,-1.4000000000005457,1.4000000000005457,0.549019607843312,0.3490196078428841,0.10196078431380382,-0.0005117063051427451,0.0023729589422678554,-0.0027244200140714714,0.0023729589422678554,-0.004089195448246263,0.0023729589422678554,4805.671412165464,0.01611504016660165,6.0,42.17500000000018,40.774999999999636
83980760,Buy,2026-02-09 12:04:32,2026-02-09 12:15:37,XAUUSD.f,0.01,5006.26,7.87,665.0,11.083333333333334,True,7.87,1,2026-02-09,12,4,0,Monday,2026-02,2026Q1,08:00-12:59,4110.433333333333,4108.733333333334,2.07,True,528.0899999999998,False,0,False,2026-02-09 12:04:00,5034.975,5035.585,5031.735,5032.535,20910.0,-0.0005957658918068764,0.0007656077085758106,0.001076161822114896,0.0015682668760343965,0.000889009986943412,0.0010064694503701954,0.0031774540300741894,5030.435527648647,5029.437222222222,0.00041735399247517824,5028.888676340885,5028.75565,0.0007250754378934534,5026.0107340435625,5027.3287199999995,0.0012981002830426559,5023.295538199651,5018.719959999999,0.0018393227573587107,5021.74327242447,5023.374755,0.002149000255506827,1.5468513077621537,2.877942297322079,61.71911398374554,59.054283181685115,57.86277438681595,1.5112398289147677,0.898800165554664,0.6124396633601037,51.41342756183621,73.49823321554753,3.3358126254937446,0.0006628493642853442,5035.075313916759,5022.435986083241,1.1960604392197105,0.0025134106155104414,-2.4400000000005093,2.4400000000005093,0.6337662337663061,0.15844155844145844,0.2077922077922354,-0.0016366498471964697,0.0016579737490807211,-0.0016366498471964697,0.0017377266832609983,-0.0016366498471964697,0.003217449981510523,5015.175547456058,0.0034613848268477184,32.0,-26.274999999999636,-28.715000000000146
84397864,Buy,2026-02-11 17:40:50,2026-02-11 17:44:06,XAUUSD.f,0.01,5044.28,2.61,196.0,3.2666666666666666,True,2.61,1,2026-02-11,17,40,40,Wednesday,2026-02,2026Q1,17:00-21:59,3216.3,3205.2166666666667,7.87,True,535.9599999999998,True,0,False,2026-02-11 17:40:00,5045.555,5048.755,5043.565,5044.515,79320.0,-0.00017243480923656573,-0.0026710030100680626,-0.003976578858777002,-0.005104138829420624,-0.005176733688112112,-0.006111670986408191,-0.003155823997106899,5055.725646706588,5058.219444444444,-0.0022174159537099603,5062.327645902073,5065.0035,-0.0035186671325969057,5066.975836727379,5068.972460000001,-0.004432789389792202,5070.603794868062,5069.47115,-0.005145106169499254,5074.455769489637,5082.547269999999,-0.005900291745502314,-6.601999195484495,-4.648190825306301,19.683360798136704,27.485828019777358,33.093784910129926,-5.846294564631535,-3.163386833057033,-2.6829077315745016,3.4514925373152585,5.5763963490381565,6.394558092008958,0.0012676259446168675,5083.07968530329,5046.92731469671,-2.266905285184306,0.007137679294116975,-1.0399999999999636,1.0399999999999636,0.20038535645469394,0.616570327552891,0.1830443159924151,-0.006117545534339408,0.00022008940388507092,-0.007216820485772546,0.00022008940388507092,-0.007572878106821723,0.00022008940388507092,5062.574362340147,-0.00356722905138693,50.0,-0.23500000000058208,-1.2750000000005457
84448544,Buy,2026-02-12 07:06:33,2026-02-12 07:10:04,XAUUSD.f,0.01,5072.67,4.53,211.0,3.5166666666666666,True,4.53,1,2026-02-12,7,6,5,Thursday,2026-02,2026Q1,00:00-07:59,805.7166666666667,802.45,2.61,True,538.5699999999998,True,0,False,2026-02-12 07:06:00,5058.525,5058.755,5056.485,5056.485,9480.0,-0.0004072317237466816,-9.689587154393386e-05,0.0003541262133521794,0.00019523299188328735,-0.0003933991963982475,-0.0019008648639046166,-0.0024974625898451785,5056.974674524066,5056.593888888889,-9.683151599187539e-05,5057.926480427445,5057.35715,-0.0002849943416583273,5060.405820839151,5061.15042,-0.0007748036378831062,5061.832065938008,5062.860390000001,-0.0010563499279222601,5063.168505895369,5061.6167749999995,-0.001320024385439133,-0.9518059033789541,-2.4793404117053797,44.25014594787018,41.77167444763615,41.976578094275986,-1.4156622701084416,-1.716413014255806,0.30075074414736447,64.68718393295309,75.3507816107384,2.119149203096527,0.00041909532078044867,5060.419842255204,5054.294457744796,-0.5695315933347078,0.001211182902201688,-2.0399999999999636,2.0399999999999636,0.8986784140967274,0.10132158590327256,0.0,-0.00044872700891829265,0.000886182286330417,-0.0014560044930170823,0.000886182286330417,-0.002827942198754707,0.000886182286330417,5063.585195660225,-0.0014022072081082374,33.0,16.1850000000004,14.145000000000437
84480811,Sell,2026-02-12 11:04:59,2026-02-12 11:14:41,XAUUSD.f,0.01,5071.89,-2.98,582.0,9.7,False,-2.98,0,2026-02-12,11,4,0,Thursday,2026-02,2026Q1,08:00-12:59,238.43333333333334,234.91666666666666,4.53,True,543.0999999999998,False,0,False,2026-02-12 11:04:00,5065.875,5068.588,5065.655,5068.385,24290.0,0.0005132472065041416,0.0007305488890225753,0.00098748169455809,0.0017802583637751557,0.0014661235554880303,0.0012148784084500264,0.00178877263513888,5064.495209179504,5064.039777777779,0.0007680510415817841,5062.475743895198,5061.0976,0.0011672660579021689,5061.113497490748,5060.74816,0.001436739664672053,5061.149490965279,5059.06971,0.0014296177276796821,5061.953259251523,5063.92707,0.001270604531308505,2.0194652843056247,1.3622464044501612,86.67549254890298,74.12028503130408,67.24408520968751,1.7491578602521258,0.8653259237866038,0.883831936465522,98.1971580817093,92.93653949432786,1.9726669585244392,0.0003892101642879219,5067.895310799958,5054.299889200042,2.1440747376442775,0.002686259518076756,2.5100000000002183,2.5100000000002183,0.8557790658030087,0.06921241050102976,0.07500852369596155,0.00031321556533336903,0.002002072650307829,0.00031321556533336903,0.0023831490595460636,0.00031321556533336903,0.0023831490595460636,5063.0732761421805,0.0010491106030104747,59.0,3.505000000000109,6.015000000000327
84496990,Buy,2026-02-12 13:12:51,2026-02-12 13:17:31,XAUUSD.f,0.01,5063.48,0.7,280.0,4.666666666666667,True,0.7,1,2026-02-12,13,12,10,Thursday,2026-02,2026Q1,13:00-16:59,127.86666666666666,118.16666666666667,-2.98,False,540.1199999999998,False,0,False,2026-02-12 13:12:00,5064.835,5066.725,5064.335,5066.295,21000.0,0.000284312186627389,-0.0005602533765622919,-0.001139573054420473,-0.0016218266734323583,-0.0016533045893489806,-0.001123818142565125,-0.0014860554196184372,5069.105807002692,5069.417888888889,-0.0005544975997164961,5071.223451693552,5072.6756000000005,-0.0009718466836452179,5072.006480348093,5072.819640000001,-0.001126079071511889,5070.516277362905,5070.25099,-0.0008325143105744512,5068.062379861648,5066.136045,-0.0003487289084425483,-2.1176446908602884,-0.7830286545404306,29.81082777886641,35.060923781949626,39.0354071691077,-1.7949683665492557,-0.8569397311829504,-0.9380286353663053,15.755627009647101,6.097879568517601,2.427156667555226,0.00047907922210515294,5080.314025997532,5065.037174002469,-1.6706583272686204,0.003011596482744198,1.4600000000000364,1.4600000000000364,0.6108786610877976,0.1799163179917289,0.20920502092047344,-0.002064302633069115,0.00030011204841295935,-0.0026811472239200995,0.00030011204841295935,-0.0028028544237959085,0.00030011204841295935,5063.888708939465,0.00047518640294905834,51.0,-2.8150000000005093,-1.355000000000473
84665776,Buy,2026-02-13 09:18:26,2026-02-13 09:21:14,XAUUSD.f,0.01,4969.37,0.7,168.0,2.8,True,0.7,1,2026-02-13,9,18,15,Friday,2026-02,2026Q1,08:00-12:59,1205.5833333333333,1200.9166666666667,0.7,True,540.8199999999998,True,0,False,2026-02-13 09:18:00,4956.628,4957.535,4952.748,4952.885,31700.0,-0.0008922181151543862,-0.0014858107093284056,-0.00044197111042709736,-0.00040162466257975815,-0.00022809781561017317,-0.001803768162383479,-0.003867569434737428,4956.205547995553,4957.366777777777,-0.0006699778617729252,4956.089590323475,4954.2248,-0.0006465965283863333,4960.262458087225,4960.201,-0.0014873120423692088,4966.220849909998,4968.9087,-0.0026853114899711697,4969.638621832888,4975.403215,-0.0033711951930035467,0.11595767207836616,-4.172867763750219,40.358737392825724,44.371357685332825,44.18177907927475,-0.5814798903620613,-1.1796412602301087,0.5981613698680475,41.377005347596885,59.87745098039566,3.9482250577382634,0.0007971566183624823,4963.108856660316,4945.340743339684,-0.3016189678268287,0.0035864568197695687,-3.7429999999994834,3.7429999999994834,0.7819093377896968,0.18947148527263488,0.028619176937668318,-0.0017675553822261714,0.00013327342760072192,-0.0017675553822261714,0.0017008883652966933,-0.006702357757898847,0.0017008883652966933,4958.06617956139,-0.0010450000814325045,26.0,16.484999999999673,12.74200000000019
84675020,Sell,2026-02-13 13:12:08,2026-02-13 13:19:45,XAUUSD.f,0.01,4951.87,2.67,457.0,7.616666666666666,True,2.67,0,2026-02-13,13,12,10,Friday,2026-02,2026Q1,13:00-16:59,233.7,230.9,0.7,True,541.5199999999999,False,0,False,2026-02-13 13:12:00,4976.205,4976.875,4973.275,4976.195,45110.0,-1.2057259927478192e-05,0.0008910316557599884,0.0009675372154840378,0.0016041946570453103,0.0007279930418344627,0.00101384889427103,-0.0007369677692066201,4973.2475690508145,4972.877666666667,0.0005926571939686807,4972.121992488546,4971.4091,0.0008191688614250709,4972.405969830465,4970.91402,0.0007620114271690207,4973.522847388164,4975.45434,0.0005372756281271831,4973.199629269933,4973.97606,0.0006023025322444614,1.1255765622681793,-0.28397734191912605,75.49522098030307,63.14771254292237,57.84476430649854,0.8020108208993406,0.11076201427872856,0.691248806620612,89.43323727185034,84.13764296329131,3.1332821566601545,0.0006296542150498834,4976.055535935451,4966.7626640645485,2.0600305552411915,0.0018692631573818121,-0.010000000000218279,0.010000000000218279,0.00277777777783813,0.1861111111111125,0.8111111111110494,-0.0002210035772443053,0.0018703800455213138,-0.0002210035772443053,0.0018744142455482393,-0.0008152193010197983,0.0030416610815533485,4963.069590126296,0.0026446153202880174,8.0,-24.324999999999818,-24.335000000000036
84803733,Sell,2026-02-17 12:21:33,2026-02-17 14:00:38,XAUUSD.f,0.01,4935.63,5.63,5945.0,99.08333333333333,True,5.63,0,2026-02-17,12,21,20,Tuesday,2026-02,2026Q1,08:00-12:59,5709.416666666667,5701.8,2.67,True,544.1899999999998,True,0,False,2026-02-17 12:21:00,4920.235,4921.095,4919.805,4920.725,15180.0,0.00010162136894154017,0.00035169785698108136,-0.00022146301719982997,-2.032179563371539e-05,-0.0007675898389787328,-0.0003798809367823175,-0.0006113245331033079,4920.874081329221,4920.927222222223,-3.02957008767862e-05,4921.761501768921,4922.924,-0.00021059569191811582,4921.877541360129,4921.7330600000005,-0.00023416701257665898,4920.165290977958,4921.61373,0.00011375817456152466,4919.435865474126,4912.919,0.00026204925953431216,-0.8874204397006906,-0.11603959120748186,44.92028654332954,45.71213115127765,47.31094677981617,-0.7362909369476256,-0.34869785353973015,-0.38759308340789544,37.36842105263618,28.104205337009507,2.3926237407510227,0.00048623398803042693,4928.401294387149,4917.446705612851,-0.8029511815756384,0.002225219965674633,0.4900000000006912,0.4900000000006912,0.3798449612408566,0.28682170542628005,0.3333333333328633,-0.0006356807826386479,0.000577484020061414,-0.0016703327559292047,0.000577484020061414,-0.0016703327559292047,0.0009275522688925175,4932.065525401119,-0.0022993460534359586,33.0,14.904999999999745,15.395000000000437
84858142,Sell,2026-02-18 05:30:40,2026-02-18 05:36:17,XAUUSD.f,0.01,4920.56,1.77,337.0,5.616666666666666,True,1.77,0,2026-02-18,5,30,30,Wednesday,2026-02,2026Q1,00:00-07:59,1029.1166666666666,930.0333333333333,5.63,True,549.8199999999998,True,0,False,2026-02-18 05:30:00,4900.715,4903.185,4900.385,4903.135,10320.0,0.0004876809546303651,0.00034275536549865926,0.0004427699442866029,0.0014031103300169434,0.001010578408124685,0.0029086208289570425,0.003713412193871335,4900.780580209576,4900.696111111111,0.0004804173033029783,4898.98476472813,4899.018,0.0008471623144760235,4894.778966653405,4893.47058,0.0017071319059597683,4889.660772522284,4889.0666,0.002755656906392259,4884.468434299099,4879.56699,0.00382161661027915,1.7958154814459704,4.205798074724953,75.11256455559736,68.91303880296934,66.1537185045569,2.207162296314891,2.1100776131185026,0.09708468319638852,89.856670341786,75.70746049246604,2.506418347487915,0.0005111868931791425,4903.107638263749,4894.928361736251,2.013381005598242,0.0016695747040526463,2.4200000000000728,2.4200000000000728,0.8642857142856841,0.01785714285720666,0.11785714285710922,-0.00018759985359051434,0.0016649693512851282,-0.00018759985359051434,0.0016649693512851282,-0.00018759985359051434,0.004175929728052585,4879.035034947302,0.004939494158184208,40.0,17.425000000000182,19.845000000000255
84960053,Buy,2026-02-19 22:18:35,2026-02-19 22:25:13,XAUUSD.f,0.01,4990.98,3.06,398.0,6.633333333333334,True,3.06,1,2026-02-19,22,18,15,Thursday,2026-02,2026Q1,22:00-23:59,2447.9166666666665,2442.3,1.77,True,551.5899999999998,False,0,False,2026-02-19 22:18:00,4986.675,4988.035,4986.675,4986.975,13830.0,5.21385320797485e-05,-7.619269131620143e-05,-0.00020248657524013502,-0.00023656041161501662,0.0007846576354113566,0.0015665245748543999,0.0005537481830137914,4987.036004668155,4987.637222222223,-1.2232650435621647e-05,4985.907058980951,4985.883499999999,0.00021419192263641692,4984.249244400789,4982.2978,0.0005468738551293421,4985.686148526489,4984.21989,0.0002585103504544312,4989.2207526759685,4992.2056999999995,-0.00045012092815568375,1.1289456872045776,1.6578145801613573,53.695490551743774,58.71666714880185,57.24475766654667,1.5053952466705596,1.7010720390933312,-0.19567679242277158,57.75862068965964,59.928477422233776,1.662775709846651,0.0003334237107357969,4991.393824396991,4980.373175603007,0.396165423798733,0.002210370297256871,0.3000000000001819,0.3000000000001819,0.2205882352943045,0.7794117647056955,0.0,-0.0004910385465258793,0.00024469714215813454,-0.0004910385465258793,0.0014679702349456036,-0.0004910385465258793,0.0023939385716569284,4991.979884705115,-0.0010025851106590477,35.0,4.0049999999992,4.3049999999993815
84971230,Sell,2026-02-20 05:54:53,2026-02-20 05:59:23,XAUUSD.f,0.01,4993.25,3.1,270.0,4.5,True,3.1,0,2026-02-20,5,54,50,Friday,2026-02,2026Q1,00:00-07:59,456.3,449.6666666666667,3.06,True,554.6499999999997,False,0,False,2026-02-20 05:54:00,4995.045,4995.235,4993.315,4993.335,12120.0,-0.0003783613350750725,-0.0007504375050654266,-0.000432389583014281,-0.0012141444831934578,-0.0012261311960379828,-0.0006264428951269219,-0.0011242349651077177,4995.906027226724,4995.793888888888,-0.0005146268189819128,4997.020758487594,4997.8285000000005,-0.00073759118997733,4997.9320520686615,4998.1777999999995,-0.0009197908296409779,4998.502233759029,4999.16326,-0.0010337564168983098,4998.2337579186005,4998.087860000001,-0.0009800978017163546,-1.1147312608700304,-0.9112935810671843,27.303898009463097,35.984779142819434,40.152739930092494,-0.9613578816415611,-0.46320687901552826,-0.49815100262603285,0.27894002790008865,12.265553198827396,1.902133470765378,0.00038093447981466856,5002.0149758740245,4993.642024125977,-2.1466742602679902,0.0016753179401909955,-1.7100000000000364,1.7100000000000364,0.8906249999999852,0.09895833333312115,0.010416666666893646,-0.0013359959920120623,-0.00013215872262584138,-0.0014298613034534613,-0.00013215872262584138,-0.002758058734069091,0.00017626598537190397,4998.909389661259,-0.0011151211647861276,53.0,-0.08500000000003638,-1.7950000000000728
85066329,Sell,2026-02-23 09:30:45,2026-02-23 09:32:44,XAUUSD.f,0.01,5136.32,1.41,119.0,1.9833333333333334,True,1.41,0,2026-02-23,9,30,30,Monday,2026-02,2026Q1,08:00-12:59,4535.866666666667,4531.366666666667,3.1,True,557.7499999999998,True,0,False,2026-02-23 09:30:00,5152.325,5155.975,5151.495,5154.325,27480.0,0.00039594083013660963,-0.000798690302988625,-0.0008761651106014012,-0.0009613735236568832,-0.0009749280675588334,-0.0006694743356538968,-9.893624141221746e-05,5156.639779600887,5157.253111111111,-0.0004488930194511685,5157.701450774048,5158.43515,-0.0006546425391762892,5157.895228189714,5158.0181,-0.0006921870320671235,5158.251403026487,5157.35181,-0.0007611887672213644,5158.189217661906,5160.13318,-0.0007491422859546695,-1.061671173160903,-0.19377741566586337,32.7484166664414,37.17498454895814,40.61356527940183,-0.7458895283507445,-0.0684063671006655,-0.677483161250079,28.96622313203481,11.303197132363414,1.908546495355358,0.00037028058870082074,5162.343452933476,5154.526847066524,-2.1032914131580203,0.0015153056381744295,2.0,2.0,0.4464285714285243,0.36830357142865433,0.18526785714282135,-0.0013446315970988554,0.00048662433339052846,-0.0013446315970988554,0.00048662433339052846,-0.0013446315970988554,0.00048662433339052846,5154.330064230964,-9.825197263659664e-07,45.0,-18.00500000000011,-16.00500000000011
85084978,Buy,2026-02-23 11:21:20,2026-02-23 11:33:06,XAUUSD.f,0.01,5145.47,1.34,706.0,11.766666666666667,True,1.34,1,2026-02-23,11,21,20,Monday,2026-02,2026Q1,08:00-12:59,110.58333333333333,108.6,1.41,True,559.1599999999997,False,0,False,2026-02-23 11:21:00,5136.645,5138.195,5135.535,5136.515,17670.0,-2.9201826476810133e-05,8.372135585776874e-05,-0.00035614580180975963,0.00015382443569311732,-0.00048452959279077223,-0.0003542003392148496,-0.0016656673310547765,5136.66488280092,5136.920555555556,-2.917901096131318e-05,5136.535442109831,5136.226500000001,-3.9797466718513145e-06,5137.20000221938,5135.3584,-0.00013334155163969658,5140.582876471398,5140.22938,-0.0007913259194820752,5145.876175444143,5148.496045,-0.0018191606492230991,0.1294406910892576,-0.6645601095488018,48.7066891361953,50.066287001098495,49.46941389783603,0.15306130906355975,0.18754129532499134,-0.03447998626143159,40.8033826638577,46.10525815520399,2.2992175286704204,0.0004476220800816157,5140.282239465239,5132.170760534762,0.14226752111291974,0.0015792681515267013,-0.13000000000010914,0.13000000000010914,0.048872180451171525,0.5827067669170516,0.3684210526317769,-0.0005350959718948278,0.0003758823741355499,-0.0005467644097230107,0.0011128857947242388,-0.0005467644097230107,0.002253673927529398,5152.038825130838,-0.0030131421089287236,20.0,8.954999999999927,8.824999999999818
85182793,Sell,2026-02-23 15:02:41,2026-02-23 15:06:18,XAUUSD.f,0.01,5161.69,2.2,217.0,3.6166666666666667,True,2.2,0,2026-02-23,15,2,0,Monday,2026-02,2026Q1,13:00-16:59,221.35,209.58333333333334,1.34,True,560.4999999999998,False,0,False,2026-02-23 15:02:00,5152.965,5154.385,5150.905,5151.425,17730.0,-0.0002600545532350784,0.0003786793799367416,0.00037090871664613445,-0.0002813963078863724,-8.346508199463809e-05,9.124521569314759e-05,-0.0018407552909603941,5151.397567102586,5151.075000000001,5.325331049759335e-06,5151.527898780324,5151.837,-1.997441969559647e-05,5151.993198196579,5151.0513200000005,-0.00011028706264168338,5151.738877065503,5153.469800000001,-6.092643144250525e-05,5150.031026527225,5149.136255,0.0002706728300461382,-0.1303316777375585,-0.4652994162552204,49.73689595305267,49.25020019677622,48.89107342836507,-0.15558437334493647,-0.1258705136683868,-0.02971385967654966,50.66006600660752,58.91089108911573,1.9004082596354497,0.00036890923572321244,5154.580985673322,5149.093014326679,-0.3002931130478761,0.001065245532155513,-1.5399999999999636,1.5399999999999636,0.4425287356321133,0.4080459770114597,0.149425287356427,-0.0005316089027028736,0.0005963069757233264,-0.0005800852279065349,0.0005963069757233264,-0.0011633712560047416,0.000990998430919321,5150.866024353236,0.00010852071168644415,41.0,10.264999999999418,8.724999999999454
85342738,Buy,2026-02-24 10:04:42,2026-02-24 10:05:16,XAUUSD.f,0.01,5175.12,-0.66,34.0,0.5666666666666667,False,-0.66,1,2026-02-24,10,4,0,Tuesday,2026-02,2026Q1,08:00-12:59,1142.0166666666667,1138.4,2.2,True,562.6999999999998,False,0,False,2026-02-24 10:04:00,5169.995,5171.985,5169.965,5170.185,8850.0,4.061915193021015e-05,2.9013343236572453e-05,-0.0005760496717193142,0.00038311173802130227,-0.0005490017929546953,0.0008091358796595838,-0.0019053851744816885,5170.625817361352,5171.262777777778,-8.525416011961629e-05,5170.719932975037,5170.91615,-0.00010345425433421775,5171.852505902592,5171.95778,-0.0003224194620184688,5172.850775162547,5173.9478500000005,-0.0005153396605496377,5175.022534974871,5172.083805,-0.000934785296523122,-0.09411561368506227,-1.1325729275549747,45.76569812738145,47.83603762526126,47.666716339231,-0.21762412563293765,-0.23677691019841904,0.01915278456548139,36.28846414532251,34.88771406624671,2.311080754481799,0.0004470015588381844,5174.101510104424,5167.730789895576,-0.4590689755824201,0.001232029300813178,0.19000000000050932,0.19000000000050932,0.09405940594086822,0.8910891089107396,0.01485148514839226,-0.0009082327433362902,0.00040634006600126504,-0.0009082327433362902,0.0005180446745318701,-0.0025485227346170314,0.0026918500748114305,5189.353194012333,-0.003693753979677,42.0,4.934999999999491,5.125
85385479,Sell,2026-02-24 15:11:40,2026-02-24 15:14:21,XAUUSD.f,0.01,5160.14,0.21,161.0,2.683333333333333,True,0.21,0,2026-02-24,15,11,10,Tuesday,2026-02,2026Q1,13:00-16:59,306.96666666666664,306.4,-0.66,False,562.0399999999998,False,0,False,2026-02-24 15:11:00,5168.605,5168.955,5166.258,5167.205,20760.0,-0.0002824713925162481,-0.0008855743229851942,-0.0008817105958991434,-0.0005802477851458709,-0.0016962954877187686,-0.001744511213265909,-0.001586346215714074,5170.097916280262,5170.218333333333,-0.0005595476772601956,5171.446988458326,5171.9865,-0.0008202710900437109,5172.723098627027,5173.4416,-0.0010667686094567239,5172.960790263819,5172.55589,-0.0011126684498850735,5173.104892907213,5172.67807,-0.0011404935777162418,-1.3490721780635795,-1.2761101687010523,21.095514625184066,29.777725872325618,34.5067500242877,-1.356106720918433,-1.0076706105626014,-0.34843611035583155,10.263357537662626,18.002681873991886,1.830794228280876,0.00035431035313692334,5176.92549324251,5167.04750675749,-1.93622455639148,0.0019099018307608307,-1.3999999999996362,1.3999999999996362,0.519095291063988,0.12977382276616561,0.35113088616984633,-0.0010265799132530562,-6.579526641758981e-05,-0.0017811520499186884,-6.579526641758981e-05,-0.0021416315601950897,-6.579526641758981e-05,5184.545889118553,-0.0033447267107709787,40.0,-7.0649999999996,-8.464999999999236
85396743,Buy,2026-02-24 15:21:50,2026-02-24 15:25:30,XAUUSD.f,0.01,5153.03,3.86,220.0,3.6666666666666665,True,3.86,1,2026-02-24,15,21,20,Tuesday,2026-02,2026Q1,13:00-16:59,10.166666666666666,7.483333333333333,0.21,True,562.2499999999999,False,0,False,2026-02-24 15:21:00,5154.695,5158.175,5154.435,5158.125,26520.0,0.0007294788009775122,0.0008537514128130752,-0.0009800152425296638,-0.0017572362621571802,-0.002637397484224535,-0.0028321355558669215,-0.002780084311180042,5159.223813524122,5160.010555555556,-0.00021298039469463088,5163.80068878475,5165.509,-0.0010991301033513167,5168.594857233255,5170.9295999999995,-0.002025668005029114,5170.7014632367245,5171.956800000001,-0.002432254758110127,5171.919283074566,5172.05199,-0.002667149721324669,-4.576875260627276,-4.794168448505843,39.98467380738841,34.9095305707656,34.75886759275727,-4.559331785874747,-3.2894347248683005,-1.2698970610064464,44.1568627450989,29.858655352980595,3.229238369462821,0.0006260488781219572,5178.7493138985765,5152.268686101424,-1.1153814111300955,0.005126431450831451,3.430000000000291,3.430000000000291,0.917112299465372,0.013368983957268668,0.06951871657735935,-0.002095201060949403,0.0021877395268770083,-0.0027820122319607288,0.0021877395268770083,-0.0038951044697144166,0.0021877395268770083,5184.148400098183,-0.005019802306911172,50.0,-5.095000000000255,-1.6649999999999636
85640223,Sell,2026-02-25 07:59:03,2026-02-25 08:01:42,XAUUSD.f,0.01,5201.11,2.24,159.0,2.65,True,2.24,0,2026-02-25,7,59,55,Wednesday,2026-02,2026Q1,00:00-07:59,997.2166666666667,993.55,3.86,True,566.1099999999999,False,0,False,2026-02-25 07:59:00,5181.915,5183.058,5181.915,5182.365,10620.0,8.298058543765308e-05,5.789197935568424e-05,0.00026635861713564246,0.00032235057265483924,-0.00028743087914295806,-2.315491506488243e-05,0.0001383729655120014,5181.673007603373,5181.381666666666,0.00013354613377023752,5181.623516288823,5181.7555,0.00014309872356521713,5181.729643974821,5181.672259999999,0.00012261466128745454,5181.730657774405,5182.12172,0.0001224189884596292,5179.006255195189,5183.090525,0.0006485307488172712,0.0494913145494138,-0.10612768599730771,62.1057935040739,54.53213379329538,52.4337018585167,-0.018320147355552763,-0.137292501991064,0.11897235463551123,76.40358014646284,57.32939753856143,1.3167484809756123,0.000254082543583019,5183.902492892519,5179.608507107481,0.567770859534111,0.0008286739474754985,0.4499999999998181,0.4499999999998181,0.3937007874014056,0.6062992125985943,0.0,-0.00016784884343468143,0.0005438698511917028,-0.0004744615295598775,0.0005438698511917028,-0.0004744615295598775,0.002014715933754241,5168.50999825815,0.002680656852075255,3.0,18.74499999999989,19.19499999999971
85668110,Sell,2026-02-25 11:35:37,2026-02-25 11:49:18,XAUUSD.f,0.01,5189.86,-1.2,821.0,13.683333333333334,False,-1.2,0,2026-02-25,11,35,35,Wednesday,2026-02,2026Q1,08:00-12:59,216.56666666666666,213.91666666666666,2.24,True,568.3499999999999,True,0,False,2026-02-25 11:35:00,5195.125,5196.115,5194.115,5196.115,14220.0,0.00019441377989481978,0.0006759612949569505,0.00046980221134362843,0.000793529269577542,0.000943902342707803,0.0018007335965026794,0.001574804667358709,5193.761380325154,5193.2972222222215,0.0004531628433607699,5192.116658032456,5191.929,0.0007700793781969458,5189.995096557952,5188.6359999999995,0.0011791732608970368,5189.445689253417,5188.51186,0.0012851682329759733,5188.781789464765,5191.5017849999995,0.0014132817360182576,1.644722292698134,2.121561474504233,75.65906369569207,68.46246144309393,64.41747769637897,1.7867427181226958,1.4944144931348045,0.29232822498789135,100.0,97.46943616038266,1.7813904991618135,0.00034283123047927416,5196.569909231945,5187.288090768056,1.8039568501734942,0.0017877398677618795,0.9899999999997817,0.9899999999997817,0.49499999999989086,0.0,0.5050000000001091,0.00014435944346558038,0.0012119869167070974,0.00014435944346558038,0.0018451589642043409,0.00014435944346558038,0.0030984167187091405,5176.790333955357,0.0037329435418486144,37.0,-6.255000000000109,-5.265000000000327
85668988,Buy,2026-02-25 12:03:39,2026-02-25 12:05:22,XAUUSD.f,0.01,5190.62,-2.1,103.0,1.7166666666666666,False,-2.1,1,2026-02-25,12,3,0,Wednesday,2026-02,2026Q1,08:00-12:59,28.033333333333335,14.35,-1.2,False,567.1499999999999,False,0,False,2026-02-25 12:03:00,5183.025,5183.795,5176.325,5180.155,29970.0,-0.0005498740595466511,-0.0008737271406075164,-0.0011126269662596888,-0.0014168661042255337,-0.00204593726370339,-0.0027644544293357054,-0.0011646303311001471,5184.583826084693,5185.065,-0.0008542298154021607,5187.004637205077,5187.785,-0.0013205380916660354,5188.862719633472,5190.40546,-0.0016781557161888536,5189.223236524835,5188.51816,-0.0017475132811799784,5188.893169716263,5190.785425,-0.0016840141877003554,-2.4208111203843146,-1.8580824283944821,7.565150294548431,19.044254670037688,27.481353892797287,-2.333813814802852,-1.611495313686428,-0.7223185011164239,25.032679738561317,19.922201226628783,2.252690745575487,0.000434869370815253,5194.293368747625,5181.2766312523745,-2.344673541364367,0.002509112751444154,-2.869999999999891,2.869999999999891,0.38420348058899506,0.10307898259710982,0.5127175368138951,-0.0018382583176853595,-0.00027211855877518065,-0.0025954846653645225,-0.00027211855877518065,-0.0032460879060616232,-0.00027211855877518065,5177.234301767611,0.0005641425637992367,39.0,10.465000000000146,7.595000000000255
85704475,Sell,2026-02-25 16:23:24,2026-02-25 16:23:59,XAUUSD.f,0.01,5183.13,2.27,35.0,0.5833333333333334,True,2.27,0,2026-02-25,16,23,20,Wednesday,2026-02,2026Q1,13:00-16:59,259.75,258.03333333333336,-2.1,False,565.0499999999998,False,0,False,2026-02-25 16:23:00,5188.755,5190.535,5188.595,5190.135,28050.0,0.00035850065773312956,0.0003854949803734353,0.0005089161531721675,0.0008156724814667449,0.00013296219537939358,0.0016249446370555365,0.001300306073529045,5188.081984941495,5188.030555555556,0.00039571754348994377,5187.194754572183,5187.82765,0.0005668276528899074,5185.144330277613,5184.53532,0.0009624938872472392,5182.720216995979,5182.462860000001,0.0014306739884791275,5181.488077830271,5178.007905,0.0016688105887430241,0.88723036931151,2.0504242945698934,65.95159654062947,62.03528288186998,60.24324501660753,1.1203354835724895,1.1370527199478433,-0.016717236375353828,92.64705882353556,65.3170078604061,2.116911565031585,0.0004078721584374173,5190.133670102425,5185.521629897576,2.0011534136881854,0.0008890118400230795,1.3800000000001091,1.3800000000001091,0.71134020618577,0.20618556701016427,0.08247422680406571,0.00015416233486575948,0.0009720169061511186,9.634588945073297e-05,0.0015379672395610111,9.634588945073297e-05,0.002530405917672951,5178.0306432868565,0.0023376371340784953,24.0,-7.005000000000109,-5.625
85787460,Buy,2026-02-26 08:05:35,2026-02-26 08:14:22,XAUUSD.f,0.01,5194.35,2.87,527.0,8.783333333333333,True,2.87,1,2026-02-26,8,5,5,Thursday,2026-02,2026Q1,08:00-12:59,942.1833333333333,941.6,2.27,True,567.3199999999998,False,0,False,2026-02-26 08:05:00,5192.935,5193.155,5191.755,5192.125,9100.0,-0.00016175730050171921,0.0003583632049615204,-0.0002522415318571003,1.1556095696141355e-05,0.00024466104331577476,-0.00039467287875361023,-0.0003080640580701566,5192.119475215947,5192.224222222223,1.0640710559854087e-06,5192.355374853493,5191.9881000000005,-4.4368082856757716e-05,5192.6226378666515,5193.2377,-9.583555389189244e-05,5191.602370534395,5191.87106,0.00010066823849438103,5189.250241645102,5188.769645,0.0005539833735185306,-0.2358996375460265,-0.26726301315829915,49.50629970452883,48.02055014797707,48.13739193958218,-0.339651864287589,-0.4086613915375174,0.06900952724992843,44.69696969696565,44.82323232323154,1.4225083774941722,0.0002739742162398194,5193.591790917964,5190.384409082037,0.17073115332389063,0.0006177560067843111,-0.8100000000004002,0.8100000000004002,0.5785714285718647,0.15714285714243023,0.264285714285705,-0.0005620740532564783,0.0004547412069717538,-0.0005620740532564783,0.0004547412069717538,-0.00089920755049544,0.0004547412069717538,5181.3939218925825,0.0020710793792527936,35.0,2.225000000000364,1.4149999999999636
85827276,Buy,2026-02-26 11:31:35,2026-02-26 11:34:15,XAUUSD.f,0.01,5181.39,1.06,160.0,2.6666666666666665,True,1.06,1,2026-02-26,11,31,30,Thursday,2026-02,2026Q1,08:00-12:59,206.0,197.21666666666667,2.87,True,570.1899999999998,True,0,False,2026-02-26 11:31:00,5178.855,5178.855,5174.895,5175.615,36030.0,-0.000596674265091357,-0.00029166767269483973,-0.0011367353693569893,-0.0021477783315387855,-0.002626586333850156,-0.0009477803890531877,-0.00219394851932575,5179.715786247916,5180.589444444445,-0.0007917010154889081,5182.171797948258,5184.3985,-0.0012652606289228873,5184.043149184109,5183.8838,-0.001625786850450074,5186.1759415724355,5185.8535,-0.0020363639204329896,5188.4843136402205,5191.51325,-0.002480360903547127,-2.45601170034206,-1.8713512358508524,24.80616734042772,31.75594479925121,35.733520620018695,-2.056200996892585,-0.8747738350581138,-1.1814271618344712,5.759999999994761,14.21489938981047,2.8879400807649938,0.0005579897424296424,5193.899494494202,5174.897505505798,-1.8489643384932342,0.0036652253850479014,-3.2399999999997817,3.2399999999997817,0.8181818181819435,0.0,0.18181818181805653,-0.002270889338483073,0.0001294699750431505,-0.0028879099835182886,0.0001294699750431505,-0.0028879099835182886,0.0001294699750431505,5184.587182978263,-0.0017305491568778877,35.0,5.775000000000546,2.535000000000764
85833216,Buy,2026-02-26 13:27:11,2026-02-26 13:30:05,XAUUSD.f,0.01,5173.27,-1.73,174.0,2.9,False,-1.73,1,2026-02-26,13,27,25,Thursday,2026-02,2026Q1,13:00-16:59,115.6,112.93333333333334,1.06,True,571.2499999999998,True,0,False,2026-02-26 13:27:00,5183.555,5183.725,5181.215,5181.405,12270.0,-0.00041477325889294203,-0.0003434181878517739,-5.2106702948417905e-05,-0.0008157149510138462,-0.0012586896327730912,-0.0013202897698745275,-5.789901832309319e-06,5183.206163323515,5182.748333333333,-0.0003474998421364389,5184.371710597178,5185.165999999999,-0.000572241105149602,5184.423604453921,5185.29126,-0.0005822449483734556,5183.52946367672,5182.06323,-0.000409848866801589,5184.1577992382745,5182.57648,-0.0005310022080499218,-1.1655472736629235,-0.051893856742935895,33.139688976940604,36.808136898209156,40.87827102799622,-1.0366802054550135,-0.6558238785560636,-0.3808563268989499,9.42675159235347,31.082802547768527,1.7123924469435665,0.00033048805236100375,5190.417926620046,5179.914073379952,-1.4322363094883328,0.0020257506201525723,-2.1500000000005457,2.1500000000005457,0.8565737051794258,0.06772908366536175,0.07569721115521247,-0.001052658976086751,0.00014283880544296856,-0.0015954725575830775,0.00014283880544296856,-0.0016377949114675383,0.0002625459817433562,5183.970193448049,-0.000494831828178989,11.0,-8.134999999999309,-10.284999999999854
85865765,Sell,2026-02-26 15:59:18,2026-02-26 16:00:58,XAUUSD.f,0.01,5166.12,2.23,100.0,1.6666666666666667,True,2.23,0,2026-02-26,15,59,55,Thursday,2026-02,2026Q1,13:00-16:59,152.11666666666667,149.21666666666667,-1.73,False,569.5199999999998,False,0,False,2026-02-26 15:59:00,5180.625,5184.625,5180.105,5183.475,29280.0,0.0005559207002283628,0.0005771660375428755,0.0004883279015701625,0.00047674148162379915,-0.0007267827141381744,0.001015794052583896,0.0036925841408643745,5181.356082793456,5180.780888888889,0.0004089503158412201,5181.299060042205,5182.584150000001,0.0004199603096790279,5178.788190682854,5178.26846,0.0009050011594562024,5176.686231996179,5174.0519300000005,0.0013114119148000438,5177.017406674753,5176.75434,0.0012473578545286349,0.05702275125076994,2.5108693593510907,66.10666134282292,59.50779121651621,58.89794292387388,0.5108391966814452,0.8764517548600417,-0.3656125581785965,66.34920634920906,32.1284648425788,1.849035581612885,0.00035671737234439923,5187.545871631032,5177.622428368969,0.3590890687733385,0.0019147674161862475,2.850000000000364,2.850000000000364,0.630530973451347,0.25442477876095687,0.11504424778769609,0.0003222815215933039,0.0008070596480795889,-0.0007922761747517493,0.0008070596480795889,-0.0007922761747517493,0.0034302826982697265,5182.531673170882,0.00018202046578935175,18.0,-17.355000000000473,-14.50500000000011
85935017,Sell,2026-02-27 06:54:59,2026-02-27 07:00:29,XAUUSD.f,0.01,5184.0,1.84,330.0,5.5,True,1.84,0,2026-02-27,6,54,50,Friday,2026-02,2026Q1,00:00-07:59,895.6833333333333,894.0166666666667,2.23,True,571.7499999999998,True,0,False,2026-02-27 06:54:00,5189.885,5189.885,5189.005,5189.245,10570.0,-0.00011561038913499022,-5.010111754399915e-05,-2.6978148663148183e-05,0.0004762111331222396,0.0006344058133940234,0.0008930267724798213,0.00229653944919761,5188.885159808248,5189.003777777778,6.934826666406136e-05,5187.8793715111115,5187.43125,0.00026323443378188194,5186.146654438488,5185.525619999999,0.0005974272938964765,5185.153533574593,5184.13073,0.0007890733415923155,5184.633174838665,5182.93758,0.0008895181213044507,1.00578829713686,1.7327170726230179,62.40899900783101,62.297906478134045,60.43946478997624,1.1590448511497016,1.0365357988976447,0.12250905225205688,76.38888888887861,80.69053547096988,1.4011887482128556,0.00027001784425535036,5190.847925718373,5184.014574281627,1.0617045043209057,0.0013172900241802613,-0.6400000000003274,0.6400000000003274,0.7272727272730092,0.0,0.2727272727269909,-0.00022926787446531094,0.0006151111008270149,-0.00022926787446531094,0.0011859702440508713,-0.00022926787446531094,0.0016000911028950515,5184.668162475718,0.0008827638299798145,59.0,-5.244999999999891,-5.885000000000218
85942844,Sell,2026-02-27 09:56:14,2026-02-27 09:57:04,XAUUSD.f,0.01,5180.05,-0.9,50.0,0.8333333333333334,False,-0.9,0,2026-02-27,9,56,55,Friday,2026-02,2026Q1,08:00-12:59,181.25,175.75,1.84,True,573.5899999999998,True,0,False,2026-02-27 09:56:00,5186.725,5187.665,5186.125,5186.155,32040.0,-9.69795964955722e-05,-0.0006441856225785081,-0.0006705673905776921,-0.0011613607758584887,-0.0017112460046063704,-0.0014133064535539752,-0.001855346486918763,5189.042754629716,5189.487444444445,-0.0005565100860153391,5190.802216052571,5191.532099999999,-0.0008952789682872876,5192.365876755295,5193.57154,-0.0011961554525846707,5192.007543018531,5193.1619900000005,-0.001127221593967171,5190.2165403482795,5189.554665,-0.000782537745141407,-1.7594614228546561,-1.563660702724519,16.611355673523008,28.347188849447946,34.318269050659865,-1.6901795954909176,-1.1048821258531998,-0.5852974696377178,0.34207525655352167,6.767905979070217,1.7710551291609824,0.00034149675996204945,5196.532735973603,5186.531464026396,-2.1505664592998452,0.0019264586550869999,-0.5700000000006185,0.5700000000006185,0.3701298701302805,0.6103896103893649,0.019480519480354577,-0.0012594616090488842,-3.663466275394267e-05,-0.0019148958691173057,-3.663466275394267e-05,-0.0025048190310084095,-3.663466275394267e-05,5186.927326334698,-0.00014889862265405886,14.0,-6.104999999999563,-6.675000000000182
85948772,Buy,2026-02-27 12:46:26,2026-02-27 12:53:01,XAUUSD.f,0.01,5176.14,0.91,395.0,6.583333333333333,True,0.91,1,2026-02-27,12,46,45,Friday,2026-02,2026Q1,08:00-12:59,170.2,169.36666666666667,-0.9,False,572.6899999999998,False,0,False,2026-02-27 12:46:00,5181.475,5181.605,5179.425,5179.595,16920.0,-0.0003203856980595887,-0.00011196532935664472,-0.0002277651509666745,0.0002162798893496909,-9.65317121159881e-06,-6.563788927860248e-05,-0.00014091779955882622,5180.196942873849,5180.347222222223,-0.00011620077006477054,5179.804336389737,5179.759,-4.041395700333894e-05,5179.3276929765925,5178.85232,5.1610370931003126e-05,5179.710323654284,5178.95826,-2.2264498799761178e-05,5181.474386873449,5181.88195,-0.0003627127595592249,0.39260648411254806,0.47664341314430203,44.33082537496162,49.866394931436105,50.69709622765625,0.44100141309172614,0.3978580343189947,0.043143378772731444,35.16560958422449,62.86584166202014,1.4653088364038391,0.00028290027239655593,5181.471202814227,5178.046797185773,-0.19156609092924595,0.000661112925997776,-1.8800000000001091,1.8800000000001091,0.8623853211012121,0.05963302752258556,0.07798165137620229,-0.0005325764059003202,0.0002891022919999653,-0.0005325764059003202,0.000409466004181569,-0.0005325764059003202,0.0009237045189056659,5185.426188433493,-0.001124534073303271,26.0,-3.4549999999999272,-5.335000000000036
86000608,Sell,2026-02-27 17:00:40,2026-02-27 17:07:46,XAUUSD.f,0.01,5227.62,-3.08,426.0,7.1,False,-3.08,0,2026-02-27,17,0,0,Friday,2026-02,2026Q1,17:00-21:59,254.23333333333332,247.65,0.91,True,573.5999999999998,False,0,False,2026-02-27 17:00:00,5222.575,5226.145,5222.575,5224.305,45870.0,0.00028911722554680885,0.0005529149361342967,0.0019062723840774787,0.0024618749970017895,0.0016162197138545054,0.000298693503129277,0.006513829605846899,5220.299737499611,5219.1686666666665,0.0007672476106338533,5218.720699646524,5216.42865,0.0010700515844533896,5215.6360597829835,5220.6291,0.001662106043759796,5207.870486528016,5204.74267,0.0031557070235325325,5198.136614745737,5192.085465,0.005034185746490572,1.5790378530873568,3.0846398635403602,69.74879545449484,59.80744122137883,57.703168231321555,1.1078699510599108,-0.09297487955745173,1.2008448306173625,87.95811518324564,89.1801734628588,4.410958784306303,0.0008443149441516724,5224.986079343764,5207.871220656236,1.8408215092631794,0.0032809532796979567,1.730000000000473,1.730000000000473,0.4845938375350625,0.5154061624649374,0.0,-0.00024494865168200874,0.0025792262896850993,-0.00024494865168200874,0.0032511582131111716,-0.0030399400026905887,0.0032511582131111716,5189.425726206488,0.006721220349560506,40.0,3.3149999999996,5.045000000000073
86011644,Sell,2026-02-27 17:18:57,2026-02-27 17:20:29,XAUUSD.f,0.01,5226.94,1.46,92.0,1.5333333333333334,True,1.46,0,2026-02-27,17,18,15,Friday,2026-02,2026Q1,17:00-21:59,18.283333333333335,11.183333333333334,-3.08,False,570.5199999999998,True,0,False,2026-02-27 17:18:00,5226.815,5227.235,5225.465,5226.315,26610.0,-9.757357478012985e-05,-1.1480232474769814e-05,6.50596300211248e-05,0.0009729498863775277,-0.0003079615717518358,0.0026243924617779246,0.001414081608603901,5225.3596245942,5225.401999999999,0.00018283438355190876,5224.099661930636,5224.9848,0.0004240612187220007,5220.500472872232,5221.00904,0.00111378730027547,5213.085979604315,5211.77223,0.0025376562840977047,5202.583421138583,5196.502795,0.0045614989593426355,1.2599626635637833,3.599189058403681,57.29207899320259,56.30670333271217,55.89034117876133,1.5715644263373179,1.5667700976960837,0.004794328641234191,88.31081728465779,74.88509779754213,3.4842438325702525,0.0006666731401705127,5229.549162187452,5220.420437812549,0.5828634737429016,0.0017471293648362303,-0.5,0.5,0.2824858757062902,0.23728813559332484,0.48022598870038496,-0.00023337959478042514,0.0017666909841447254,-0.0007112763107703923,0.0017666909841447254,-0.0024602969343632264,0.003637149235459214,5190.430487504578,0.006913590805581471,57.0,0.625,0.125
86014472,Buy,2026-02-27 17:27:11,2026-02-27 17:27:21,XAUUSD.f,0.01,5225.25,0.58,10.0,0.16666666666666666,True,0.58,1,2026-02-27,17,27,25,Friday,2026-02,2026Q1,17:00-21:59,8.233333333333333,6.7,1.46,True,571.9799999999998,False,0,False,2026-02-27 17:27:00,5230.225,5230.595,5226.395,5226.715,40390.0,-0.0006787418993110528,-0.001108453583028468,-0.0012783264433001706,-2.1045280834908198e-05,0.0004230065814847528,0.0010144753781444749,-0.002067762663614303,5229.647369873727,5230.764222222223,-0.0005607203825289496,5227.974535745585,5227.2983,-0.00024092231838026174,5223.591573111783,5222.14444,0.0005979462300029141,5215.995298118843,5215.88123,0.002055159421831465,5205.008226207169,5198.948395,0.004170363013748482,1.6728341281423127,4.382962633801981,38.027900333004744,49.56501898307826,52.45377918752256,2.2019644721003715,2.3853785563890586,-0.1834140842886871,26.212832550862224,45.32522458958025,3.3987712878130645,0.000650269105511409,5235.343369406868,5219.253230593133,-0.145008071528204,0.003078098453599901,-3.5100000000002183,3.5100000000002183,0.8357142857143739,0.08809523809521592,0.0761904761904102,-0.001800943251189624,0.0006413490154335566,-0.001800943251189624,0.0018433619609983243,-0.001800943251189624,0.0037139633692599983,5191.008128114664,0.0068786006502179345,11.0,-1.4650000000001455,-4.975000000000364
86155613,Buy,2026-03-02 09:32:11,2026-03-02 09:33:24,XAUUSD.f,0.01,5408.63,0.3,73.0,1.2166666666666666,True,0.3,1,2026-03-02,9,32,30,Monday,2026-03,2026Q1,08:00-12:59,3845.0,3844.8333333333335,0.58,True,572.5599999999998,True,0,False,2026-03-02 09:32:00,5379.805,5380.205,5374.698,5378.195,37140.0,-0.00030298383311722077,-0.00040889191221105126,-3.160811882418901e-05,7.437992708902996e-05,0.00017667039534186024,0.002587469229528905,0.005075653588511253,5378.977552182237,5379.115000000001,-0.00014548344451065085,5377.3743973045475,5377.8505000000005,0.0001526028568632889,5371.725372302153,5371.06552,0.0012043854161282097,5365.882822520406,5361.72277,0.00229452969563925,5359.269891559606,5360.26767,0.0035312848248601,1.6031548776891213,5.64902500239441,47.16273895485004,58.48181166025078,61.616093912609045,2.4208516669887103,2.8283833528739346,-0.40753168588522426,46.58318902357229,64.49535452084484,2.8053434208249666,0.0005216143001183421,5381.2326855096735,5374.468314490327,0.20371443199313904,0.0012578205770774162,-1.610000000000582,1.610000000000582,0.2923551843110036,0.07263482840015703,0.6350099872888394,-0.0007450478010406769,0.000280842191796582,-0.0007450478010406769,0.0008616253827766762,-0.0007450478010406769,0.003991177593402062,5350.048634718619,0.005260955031086596,11.0,30.4350000000004,28.824999999999818
86161488,Sell,2026-03-02 10:37:17,2026-03-02 10:38:44,XAUUSD.f,0.01,5412.01,1.62,87.0,1.45,True,1.62,0,2026-03-02,10,37,35,Monday,2026-03,2026Q1,08:00-12:59,65.1,63.88333333333333,0.3,True,572.8599999999998,False,0,False,2026-03-02 10:37:00,5407.795,5408.685,5403.245,5406.385,45300.0,-0.0002699781521104949,-0.00046959423545345214,-0.0006765193265489966,-0.0012991791877146053,-0.0013286961044988166,0.0016285030647908982,0.00524153549657469,5408.9844172318235,5408.497222222222,-0.0004805739915874254,5408.811165684992,5411.938099999999,-0.0004485580307155903,5401.488230577701,5400.51884,0.0009065593061147034,5390.755351401034,5388.087749999999,0.002899342964043793,5377.682906179474,5371.876885000001,0.005337260363110016,0.17325154683112487,7.322935107291414,33.38332686156784,47.60232797465434,53.78842992802943,1.673525323638387,3.1758816972012998,-1.5023563735629129,22.6175898581025,22.108352183444797,3.524220222686046,0.0006518626073958931,5418.829143897468,5405.04705610253,-1.6116861487528418,0.002546608542129848,-1.4099999999998545,1.4099999999998545,0.25919117647053724,0.16360294117651547,0.5772058823529473,-0.0018204494072923127,-5.7336320987144695e-05,-0.002304906461211953,-5.7336320987144695e-05,-0.002304906461211953,0.004895869830085164,5355.160883601611,0.009565373947073325,17.0,5.625,4.2150000000001455
86192606,Sell,2026-03-02 14:46:12,2026-03-02 14:50:44,XAUUSD.f,0.01,5396.47,2.82,272.0,4.533333333333333,True,2.82,0,2026-03-02,14,46,45,Monday,2026-03,2026Q1,13:00-16:59,248.91666666666666,247.46666666666667,1.62,True,574.4799999999998,True,0,False,2026-03-02 14:46:00,5376.105,5384.945,5375.958,5381.555,58680.0,0.0010174690318327517,-0.002002835495808264,-0.00250414035790103,-0.0031379115846175143,-0.0019991339558835808,-0.00220637791545486,-0.0028275936825700176,5388.254976206414,5390.389444444444,-0.0012434408237916089,5390.826125886095,5392.5768,-0.0017197968677890943,5391.250290805112,5390.680039999999,-0.00179833810009659,5391.610123883327,5390.8250100000005,-0.001864957527026189,5391.776270320121,5394.146045,-0.001895714845659472,-2.5711496796811844,-0.42416491901713016,30.597925166962312,35.69027665829246,39.22821356478478,-1.6552789531579037,0.24419506175651784,-1.8994740149144216,26.835138387486687,10.968082541908657,3.92148022777166,0.0007286890550726806,5403.350751605866,5381.802848394133,-2.046008818899525,0.003995845402096596,5.450000000000728,5.450000000000728,0.6064315121843418,0.37721152776225525,0.01635696005340305,-0.0033779060130986194,0.0012446824245819776,-0.0033779060130986194,0.0012446824245819776,-0.0033779060130986194,0.0012446824245819776,5365.337508037768,0.0030226415277579085,12.0,14.914999999999964,20.36500000000069
86558318,Buy,2026-03-03 07:57:14,2026-03-03 07:58:46,XAUUSD.f,0.01,5313.09,3.34,92.0,1.5333333333333334,True,3.34,1,2026-03-03,7,57,55,Tuesday,2026-03,2026Q1,00:00-07:59,1031.0333333333333,1026.5,2.82,True,577.2999999999998,False,0,False,2026-03-03 07:57:00,5364.425,5365.795,5361.835,5364.865,16430.0,7.642901282611803e-05,0.00012863115017669458,0.00023118693048074235,-0.0003149133848437957,-0.0010966800757064021,-0.001576302240601124,0.00017151555431693666,5364.687952899312,5363.916111111112,3.300231108351336e-05,5365.900155773993,5366.281000000001,-0.00019291372257072804,5366.813583884275,5367.3426,-0.00036308022513152876,5366.131725708104,5366.85679,-0.00023605937626078728,5362.975925566526,5362.5103899999995,0.00035224369075914213,-1.21220287468077,-0.9134281102824389,45.96040246897239,42.5897789961542,44.71659784968299,-1.2889766168100323,-1.1446235352325305,-0.14435308157750182,38.50063532401255,31.72837576753969,2.75030108589133,0.0005126505673285963,5371.428612309193,5361.133387690808,-0.5501579819724706,0.0019185027057630718,0.4399999999995998,0.4399999999995998,0.11111111111100903,0.2348484848485562,0.6540404040404347,-0.0004769512382567509,0.0005539086461034959,-0.0012919307383645329,0.0005539086461034959,-0.0019329315539449166,0.0010729383489624933,5354.783420837813,0.0018827239815069465,14.0,-51.774999999999636,-51.335000000000036
86624724,Buy,2026-03-03 12:45:26,2026-03-03 12:46:57,XAUUSD.f,0.01,5257.55,-2.93,91.0,1.5166666666666666,False,-2.93,1,2026-03-03,12,45,45,Tuesday,2026-03,2026Q1,08:00-12:59,288.2,286.6666666666667,3.34,True,580.6399999999999,True,0,False,2026-03-03 12:45:00,5263.655,5264.225,5259.485,5263.175,54210.0,-7.599397747726222e-05,-0.0010476977695614842,0.000359227831223885,-0.0007499347366921594,0.0019722758178235544,-0.006559171751204462,-0.008397163013671438,5264.537377970688,5264.571666666667,-0.00025878398667820963,5266.492341848078,5259.36815,-0.0006298958837777935,5277.5839405573015,5280.10106,-0.002730215325723416,5290.276689186282,5296.576329999999,-0.005122924712365184,5304.335019650284,5306.310795,-0.007759694570158913,-1.9549638773896731,-11.091598709223945,45.80191413381875,44.332028634893184,43.03963437596193,-3.96416974244039,-5.530287920698562,1.5661181782581721,57.25235849056613,68.96008552795412,7.179606193274759,0.0013641207433297883,5281.1580685480485,5237.578231451952,0.3494138806995215,0.008286135492548953,-0.47999999999956344,0.47999999999956344,0.10126582278470325,0.12025316455707497,0.7784810126582218,-0.0013756006394171072,0.0007986347149395723,-0.0042002696119006755,0.007167818852835239,-0.007630601218595934,0.007167818852835239,5331.179652876101,-0.012756023488987621,26.0,-5.625,-6.104999999999563
86716303,Buy,2026-03-03 16:46:45,2026-03-03 16:46:49,XAUUSD.f,0.01,5065.94,3.74,4.0,0.06666666666666667,True,3.74,1,2026-03-03,16,46,45,Tuesday,2026-03,2026Q1,13:00-16:59,241.31666666666666,239.8,-2.93,False,577.7099999999999,True,0,False,2026-03-03 16:46:00,5139.455,5143.105,5134.105,5137.655,75480.0,-0.00036968181097396524,-0.002157799006169525,-0.004078550873815923,-0.00567450007015724,-0.00673178700718724,-0.005803417223899987,-0.011925768294688277,5151.537339389825,5152.480555555555,-0.00269479545138459,5159.781597705985,5164.44015,-0.004288281836545764,5169.88486672859,5171.28902,-0.0062341556068317054,5178.130106812477,5184.46761,-0.007816548827003573,5196.5731944827985,5190.579245,-0.01133789369990058,-8.244258316160085,-10.103269022604763,26.503245514512997,32.95627082802737,36.39531795188516,-8.020395920721057,-5.238110204547334,-2.7822857161737238,6.882512601783878,11.335795384647447,9.556558716105188,0.0018601012944826363,5191.071624696393,5137.808675303608,-2.0115408782547695,0.010313402391309585,-1.800000000000182,1.800000000000182,0.20000000000002022,0.40555555555551515,0.39444444444446464,-0.007242898643475826,4.087635001437384e-05,-0.009262035777337196,4.087635001437384e-05,-0.016999888070517555,4.087635001437384e-05,5269.81498507696,-0.025078676471794542,45.0,-71.71500000000015,-73.51500000000033
86773790,Buy,2026-03-04 09:45:10,2026-03-04 09:46:43,XAUUSD.f,0.01,5170.2,2.28,93.0,1.55,True,2.28,1,2026-03-04,9,45,45,Wednesday,2026-03,2026Q1,08:00-12:59,1018.4166666666666,1018.35,3.74,True,581.4499999999999,True,0,False,2026-03-04 09:45:00,5148.265,5151.305,5146.345,5150.865,33240.0,0.0004991943934835597,0.0009055216416757883,0.00019553937215355255,-0.0004482673303352058,0.0031569793880990016,0.0012090241406355062,-0.0010027084765716898,5148.585081653189,5149.4127777777785,0.00044282425378089433,5146.765760994426,5145.266600000001,0.0007964689274651347,5147.12225203012,5144.56416,0.0007271535018239988,5150.782457557422,5152.44008,1.6025223984444548e-05,5154.109681894505,5158.596045,-0.0006295329542371698,1.8193206587629902,-0.35649103569357976,60.55736450115705,56.797460184788434,54.1139221617752,1.6931558754640719,1.2626061950395595,0.43054968042451236,73.3592880978861,69.31156557734637,5.115687646680192,0.0009931705930324697,5158.585451076594,5131.947748923408,0.8406731132894572,0.005177127683371388,2.5999999999994543,2.5999999999994543,0.524193548386983,0.08870967741945687,0.3870967741935602,-0.0009290769068139859,0.001033320454886466,-0.0009290769068139859,0.003584435402227637,-0.0021426115257390244,0.006147210754395616,5149.8931057724385,0.00018872124286849705,10.0,19.335000000000036,21.93499999999949
86784552,Buy,2026-03-04 13:12:36,2026-03-04 13:15:03,XAUUSD.f,0.01,5193.8,1.39,147.0,2.45,True,1.39,1,2026-03-04,13,12,10,Wednesday,2026-03,2026Q1,13:00-16:59,207.43333333333334,205.88333333333333,2.28,True,583.7299999999999,True,0,False,2026-03-04 13:12:00,5193.728,5196.085,5191.085,5192.738,35760.0,-0.00027858075906039836,-0.0003420916100925764,0.0011901904246838235,0.001717454355703918,0.002711687017675324,0.0022994407261391903,0.004828567751947954,5190.417749164116,5190.1720000000005,0.0004470258364576088,5186.942329978142,5185.07765,0.0011173577134956766,5181.730176559242,5180.89066,0.002124352883242507,5176.708982204949,5175.57352,0.0030963722029094362,5171.1282526115965,5170.3315,0.004178923115567694,3.4754191859738057,5.212153418900016,67.00387834650677,67.17357505982908,65.34104082250657,3.637688120677012,2.802624989208819,0.8350631314681931,71.05477855478038,75.7541864657197,3.7776630409770724,0.000727489628973592,5196.317962146948,5173.837337853052,1.363013749058626,0.004335638887470806,-0.9899999999997817,0.9899999999997817,0.19799999999995635,0.47139999999999416,0.33060000000004947,-0.0009556140642841271,0.0019319952341674274,-0.0009556140642841271,0.0033161532776553315,-0.0009556140642841271,0.0046613764342491315,5154.316019668317,0.0074543315126720106,36.0,1.0619999999998981,0.07200000000011642
86894280,Sell,2026-03-05 09:02:29,2026-03-05 09:04:54,XAUUSD.f,0.01,5171.81,0.31,145.0,2.4166666666666665,True,0.31,0,2026-03-05,9,2,0,Thursday,2026-03,2026Q1,08:00-12:59,1189.8833333333334,1187.4333333333334,1.39,True,585.1199999999999,False,0,False,2026-03-05 09:02:00,5147.675,5154.045,5147.495,5152.315,41830.0,0.0008936003644335333,0.0007750093477003617,-0.0007272988218728349,-0.0012212580314677757,-0.002980040501459613,-0.003088070971455692,-0.00398035533225527,5153.04295780878,5153.160555555555,-0.00014126756068992595,5157.364663518294,5159.24115,-0.0009791170195922534,5163.599094373348,5165.6533,-0.002185315739489562,5168.811919522144,5170.19468,-0.003191626969408058,5172.509348982933,5177.729625,-0.00390416867722133,-4.32170570951439,-6.234430855053688,42.220240001948774,37.039353148472856,36.06627786083018,-4.66598471233101,-3.8798150870223513,-0.7861696253086587,30.92522179974519,21.15715603162168,3.94143250824297,0.0007649828297072229,5173.347438223384,5145.134861776615,-0.9819946807152935,0.00546835777326849,4.639999999999418,4.639999999999418,0.7083969465647769,0.264122137404645,0.02748091603057802,-0.0014903086334219218,0.001422741907426417,-0.003269355211574787,0.001422741907426417,-0.0046730371167419404,0.001422741907426417,5172.133968806193,-0.0038318746045101944,29.0,19.4950000000008,24.13500000000022
87000308,Sell,2026-03-05 21:20:01,2026-03-05 21:22:51,XAUUSD.f,0.01,5069.24,1.09,170.0,2.8333333333333335,True,1.09,0,2026-03-05,21,20,20,Thursday,2026-03,2026Q1,17:00-21:59,737.5333333333333,735.1166666666667,0.31,True,585.4299999999998,True,0,False,2026-03-05 21:20:00,5070.865,5071.605,5067.305,5067.835,55170.0,-0.0005876767344104028,-0.0011392271585446423,-0.0006448298743566561,-0.0008241300548205155,-0.0004260359231123001,0.0009915432422478165,-0.0028078916118418062,5070.598975987833,5071.455,-0.0005450985181281266,5069.012218369679,5068.43015,-0.00023223821899920715,5068.578681195335,5065.44852,-0.00014672381393504295,5071.653080368753,5072.30455,-0.0007528275905802314,5081.097211873726,5077.26924,-0.0026101078803874474,1.5867576181535696,0.43353717434456485,40.91769588774477,48.98787300864702,49.5043186280646,1.714735154320806,1.6335232770753891,0.0812118772454169,38.27648967318354,58.29706417662319,4.59202788115059,0.0009061123499779669,5077.437722963338,5059.422577036662,-0.13214436395295878,0.0035543837822597335,-3.0299999999997453,3.0299999999997453,0.7046511627907577,0.17209302325579232,0.12325581395345,-0.0015367535293613344,-3.9463026597075235e-05,-0.0015367535293613344,0.0034049163689815476,-0.0018002846183012844,0.0034049163689815476,5130.843164294997,-0.0122802748549136,1.0,1.4049999999997453,-1.625
87025580,Buy,2026-03-06 07:23:56,2026-03-06 07:27:34,XAUUSD.f,0.01,5124.63,2.78,218.0,3.6333333333333333,True,2.78,1,2026-03-06,7,23,20,Friday,2026-03,2026Q1,00:00-07:59,603.9166666666666,601.0833333333334,1.09,True,586.5199999999999,False,0,False,2026-03-06 07:23:00,5130.775,5131.685,5130.775,5131.275,2730.0,0.00010329883866755374,-0.00022211765806157135,-0.0003272968494756334,-0.0007575219102016195,-0.00010132906711990408,-0.0001506221298008814,-0.0014186840100299802,5132.285798794097,5132.693888888888,-0.00019694904643362921,5132.814831608524,5133.4756,-0.00029999749826202304,5132.679491426304,5132.4989000000005,-0.00027363707955077447,5130.434576815675,5131.74831,0.00016381130521029606,5122.4289920493065,5122.55218,0.001726916657004573,-0.5290328144274099,0.1353401822207161,32.894604590468504,41.89026225849764,45.482932580763,-0.31564510325279116,0.10890788549808607,-0.4245529887508772,12.363636363625119,5.16051136362769,1.4389903724121182,0.00028043524707058545,5136.313550758185,5130.637649241815,-1.5508373382824858,0.001105664457890825,0.5,0.5,0.5494505494500882,0.45054945054991186,0.0,-0.000938456161733936,0.0001325382338694947,-0.000938456161733936,0.0001325382338694947,-0.000938456161733936,0.00048295916509100145,5108.802406175658,0.004398798786419373,56.0,-6.644999999999527,-6.144999999999527
87031092,Buy,2026-03-06 10:19:20,2026-03-06 10:20:51,XAUUSD.f,0.01,5113.18,0.38,91.0,1.5166666666666666,True,0.38,1,2026-03-06,10,19,15,Friday,2026-03,2026Q1,08:00-12:59,175.4,171.76666666666668,2.78,True,589.2999999999998,True,0,False,2026-03-06 10:19:00,5112.865,5114.605,5112.555,5114.175,20679.0,0.00025034740592166926,0.00035795706275698613,0.0005908644914898176,0.0011765477426826099,0.0004460185508503578,-0.0009064597958705622,-0.0008381419038715476,5112.201227598687,5111.506111111112,0.0003860905143282326,5112.472017989374,5111.509,0.00033310343893013135,5114.830658628022,5116.02826,-0.00012818774887808483,5117.491719666268,5117.02396,-0.0006481143200529295,5119.704955587079,5123.23433,-0.0010801316941211664,-0.27079039068667043,-2.358640638648467,66.12501761480979,53.623622564582604,49.90129005921929,-0.9417860388957706,-1.6961800417976023,0.7543940029018317,95.27991218441936,92.18654637210771,2.2104951018125814,0.0004322290695591334,5117.011682264169,5106.006317735831,0.9689819880605037,0.002153055883954965,1.3100000000004002,1.3100000000004002,0.6390243902443244,0.20975609756074837,0.15121951219492719,5.4752786281309085e-05,0.0015941919708737373,-0.000629226393506932,0.0017001289786788831,-0.0016592893361379035,0.0017001289786788831,5111.95989157083,0.0004333188202087573,20.0,-0.9949999999998909,0.3150000000005093
87193343,Buy,2026-03-09 09:09:59,2026-03-09 09:23:35,XAUUSD.f,0.01,5126.92,0.59,816.0,13.6,True,0.59,1,2026-03-09,9,9,5,Monday,2026-03,2026Q1,08:00-12:59,4250.65,4249.133333333333,0.38,True,589.6799999999998,True,0,False,2026-03-09 09:09:00,5127.775,5129.735,5122.275,5129.445,53000.0,0.0003198249543419074,0.00015793676095099407,0.0012101705071687618,0.0010577622084202432,0.0006945142155938555,0.004673313635949583,0.006650894750424463,5127.151301488055,5126.277222222223,0.0004473631412592147,5125.175271383078,5126.6525,0.0008330892878457904,5117.191347152289,5115.1736,0.0023946051684249543,5108.286151055271,5103.10976,0.0041420641520556875,5100.095645218645,5097.229829999999,0.005754667524494397,1.9760301049764166,7.9839242307889435,60.41787945711449,59.24156902224342,59.76120259143372,3.0316235115969903,3.431852241106437,-0.4002287295094469,73.93132445689994,71.59542163045991,5.2594264445063175,0.00102534025503857,5135.7179506384,5117.5870493616,0.616075275545825,0.003536596497773099,1.6700000000000728,1.6700000000000728,0.2238605898123411,0.03887399463806464,0.7372654155495942,-0.0007246990891585092,0.002060991678868085,-0.002124362764122756,0.002060991678868085,-0.002124362764122756,0.008334897764812332,5091.1544001715565,0.0075210054181725295,59.0,-2.524999999999636,-0.8549999999995634
87220510,Buy,2026-03-09 10:55:33,2026-03-09 11:00:04,XAUUSD.f,0.01,5095.55,4.36,271.0,4.516666666666667,True,4.36,1,2026-03-09,10,55,55,Monday,2026-03,2026Q1,08:00-12:59,105.56666666666666,91.96666666666667,0.59,True,590.2699999999999,True,0,False,2026-03-09 10:55:00,5096.455,5097.895,5094.335,5097.595,22740.0,0.00022368489469637431,4.9045140166015244e-05,-0.0004431498542604162,0.0002550872741864385,-0.0011090960573202358,-0.0010953943468637872,-0.000501945529106318,5097.699067358606,5097.143888888889,-2.041457473865991e-05,5099.099229545687,5100.0335,-0.0002949990729678272,5101.189356178239,5100.10826,-0.0007046114008462522,5103.876854642306,5106.77838,-0.0012308005896717832,5103.524901638905,5106.10537,-0.001161922740300672,-1.4001621870811505,-2.090126632551801,46.55238107637548,45.43354760339124,45.59270854366159,-1.4013928690046669,-1.0546634704577347,-0.3467293985469322,31.184407796102644,22.738702694762,3.3096595633435033,0.0006492590257451804,5106.972149305661,5093.094850694338,-0.7028745488000283,0.002721021070023083,1.1400000000003274,1.1400000000003274,0.32022471910117956,0.08426966292138993,0.5955056179774305,-0.0007155116055002075,0.0008167376240200142,-0.0019031526349949646,0.0008167376240200142,-0.0019754546335570833,0.0016958261650452666,5093.6797588230065,0.0007686469040798953,33.0,-2.0450000000000728,-0.9049999999997453
87303856,Buy,2026-03-09 14:32:49,2026-03-09 14:34:35,XAUUSD.f,0.01,5085.0,-0.47,106.0,1.7666666666666666,False,-0.47,1,2026-03-09,14,32,30,Monday,2026-03,2026Q1,13:00-16:59,217.26666666666668,212.75,4.36,True,594.6299999999999,True,0,False,2026-03-09 14:32:00,5086.235,5086.485,5083.095,5083.135,22350.0,-0.0006527139235478208,-0.00048764996957095796,0.0003207711101336219,-0.00046996131176224587,-0.0015517473362488543,-0.0018458390565797567,-0.0023042763561421653,5085.279436512259,5084.777222222222,-0.0004216949213964135,5086.665175565875,5086.597,-0.0006940058848048756,5090.395482751137,5090.4852,-0.001426310151291591,5094.812215066024,5096.5062,-0.0022919814456541726,5098.638737717325,5100.692175,-0.003040760194017179,-1.3857390536159073,-3.7303071852620633,41.42323362895394,42.260640339804276,42.63675364090513,-1.8958055788498314,-2.12404695125605,0.22824137240621845,36.58536585366103,60.058690465547805,3.9394219797891004,0.0007749984959654032,5093.7318827643985,5079.462117235601,-0.9704434156294748,0.002805365852415182,-3.0999999999994543,3.0999999999994543,0.9144542772861317,0.07374631268437845,0.01179941002948982,-0.0013281216999565526,0.0007678321637019092,-0.002216148044185573,0.0007678321637019092,-0.0033137027490987014,0.0007678321637019092,5095.603488540219,-0.002446911061321691,49.0,1.8649999999997817,-1.2349999999996726
87433721,Sell,2026-03-10 09:45:41,2026-03-10 09:47:05,XAUUSD.f,0.01,5177.12,2.13,84.0,1.4,True,2.13,0,2026-03-10,9,45,45,Tuesday,2026-03,2026Q1,08:00-12:59,1152.8666666666666,1151.1,-0.47,False,594.1599999999999,False,0,False,2026-03-10 09:45:00,5175.465,5177.115,5174.925,5175.605,25300.0,2.125400565544666e-05,0.0002667066082358005,3.8642974657943086e-06,-0.0001603420114424381,-0.00024725293298977213,-0.0003592491692363531,0.0016450217288017654,5175.331820287523,5175.262777777778,5.278496567220004e-05,5175.4921543296305,5175.2488,2.180385304510501e-05,5175.124757534241,5176.2945199999995,9.27982393195591e-05,5173.2055164367175,5173.46626,0.0004638291588567703,5169.752063398011,5167.69506,0.001132150348839233,-0.1603340421070243,0.3673967953891406,51.92140162458845,50.2496744811296,50.55502948250861,-0.16561973616262549,-0.15752844421530954,-0.008091291947315948,44.8405253283199,40.022919968715634,2.0567789184381318,0.00039739874245390286,5177.615522454819,5172.882077545181,0.3010069890315891,0.0009146313718555734,0.13999999999941792,0.13999999999941792,0.0639269406390153,0.6894977168952028,0.24657534246578186,-0.0005677270352967279,0.0004619951036251013,-0.0006333409604578621,0.0007947411725235387,-0.0010017767543398781,0.0007947411725235387,5157.865143637417,0.0034393796403277975,41.0,1.5150000000003274,1.6549999999997453
87436917,Sell,2026-03-10 10:43:46,2026-03-10 10:45:25,XAUUSD.f,0.01,5175.96,-2.6,99.0,1.65,False,-2.6,0,2026-03-10,10,43,40,Tuesday,2026-03,2026Q1,08:00-12:59,58.083333333333336,56.68333333333333,2.13,True,596.2899999999998,True,0,False,2026-03-10 10:43:00,5176.285,5177.465,5175.145,5177.125,22770.0,0.00026856089038562736,0.00026469568207931893,0.0009202753479309322,0.002001244487626286,0.0017143083800850167,0.0006707057196508881,0.00039999574883742284,5173.373573626577,5172.949444444444,0.000725141210089163,5171.182514257263,5169.0797999999995,0.0011491541299021675,5171.176887472139,5171.188819999999,0.0011502434856310655,5171.774075364138,5173.55327,0.0010346400592692072,5170.4870177940575,5170.9332,0.001283821462678108,2.1910593693137344,0.005626785124150047,76.63992207324125,65.99716357511747,60.332372515209066,1.6006065008950827,0.36878957449589794,1.2318169263991847,97.19471947194597,90.36407061474593,2.6720338554921814,0.0005161231099291946,5178.413109674762,5159.746490325237,1.7239757985861797,0.0036112074241000727,0.8400000000001455,0.8400000000001455,0.3620689655173495,0.14655172413801215,0.49137931034463833,0.00016227854532746555,0.002280583387944013,0.00016227854532746555,0.0036595758870066053,-0.00032632947884791985,0.0036595758870066053,5159.269123164455,0.003460931463213373,46.0,-1.1649999999999636,-0.3249999999998181
87455839,Sell,2026-03-10 11:14:56,2026-03-10 11:25:53,XAUUSD.f,0.01,5181.42,1.58,657.0,10.95,True,1.58,0,2026-03-10,11,14,10,Tuesday,2026-03,2026Q1,08:00-12:59,31.166666666666668,29.516666666666666,-2.6,False,593.6899999999998,True,0,False,2026-03-10 11:14:00,5183.465,5184.025,5179.415,5179.475,30030.0,-0.0007832492690797999,-0.0006347962911689153,-0.0005210167545479649,0.0004133400678147936,-0.00026636530070789366,0.0006878010941060442,0.000948872030789305,5181.0438187242025,5180.769444444445,-0.00030279974057206203,5179.890336606123,5180.029,-8.018250949978488e-05,5177.213304706834,5175.53706,0.0004368557291449553,5175.311445106968,5174.4792099999995,0.0008045032530301257,5172.837744740877,5173.4406500000005,0.0012830975156473338,1.1534821180794097,2.6770318992894317,43.84541398009263,50.96951807219347,53.05865836158876,1.5106234885779486,1.558078597912803,-0.047455109334854306,51.112066186747874,69.05866932940735,2.851450219094618,0.0005505288121082962,5184.260453226314,5175.797546773687,-0.26184857559339075,0.0016337565779317193,-3.9899999999997817,3.9899999999997817,0.8655097613883005,0.12147505422983307,0.013015184381866473,-0.0008545681296241447,0.0009192771470831751,-0.0010973614147282706,0.0009192771470831751,-0.0010973614147282706,0.004115156929252128,5160.2951427410735,0.0037168140054754306,56.0,1.944999999999709,-2.0450000000000728
87634841,Sell,2026-03-11 10:08:12,2026-03-11 10:27:49,XAUUSD.f,0.01,5199.84,2.84,1177.0,19.616666666666667,True,2.84,0,2026-03-11,10,8,5,Wednesday,2026-03,2026Q1,08:00-12:59,1373.2666666666667,1362.3166666666666,1.58,True,595.2699999999999,True,0,False,2026-03-11 10:08:00,5200.675,5201.355,5198.575,5198.575,16770.0,-0.00040955985775004145,-5.9628170271164294e-05,-8.270813357558193e-05,7.695008344277277e-05,0.00019239741610266314,-0.00039226129986547065,-0.000958957945177974,5198.949193503841,5198.933888888889,-7.197483374315042e-05,5198.465630409928,5197.878,2.10388214229937e-05,5199.313706239423,5199.95452,-0.00014207764354289137,5200.589549894109,5200.375319999999,-0.0003873695231630502,5202.266776936376,5202.381375,-0.0007096477544641403,0.4835630939132898,-0.848075829494519,49.51077775851395,50.02725544556981,49.038421506166245,0.1751964843724636,-0.2519167669855688,0.4271132513580324,49.83030839603772,67.8138066399496,2.2693466730581724,0.0004365324484225336,5200.933797701167,5194.822202298832,0.4561820304621087,0.001175786619527295,-2.100000000000364,2.100000000000364,0.7553956834534374,0.24460431654656253,0.0,-0.0006535979123314384,0.0006500233484845186,-0.0006535979123314384,0.0011824895256271617,-0.002004792458002669,0.0013984895927139362,5204.291844856593,-0.0010984866004859985,12.0,1.2650000000003274,-0.8350000000000364
87640068,Buy,2026-03-11 12:39:31,2026-03-11 12:39:50,XAUUSD.f,0.01,5194.32,1.11,19.0,0.31666666666666665,True,1.11,1,2026-03-11,12,39,35,Wednesday,2026-03,2026Q1,08:00-12:59,151.31666666666666,131.7,2.84,True,598.1099999999999,False,0,False,2026-03-11 12:39:00,5193.305,5196.545,5193.205,5195.865,16110.0,0.0005006484360030594,9.623962897697957e-05,0.0004043309622210334,0.0016521134811109395,0.0016482515521036856,0.0022278738849781377,0.0024038252847307096,5193.439542942683,5194.030555555556,0.0004670232583360994,5191.134035460335,5190.28145,0.0009113547266064624,5188.685407734854,5187.24204,0.001383701593170916,5188.979804836124,5187.81372,0.0013268880247826824,5191.874376091794,5192.46774,0.0007686287492975888,2.3055074823478208,2.4486277254809465,70.57506107267109,66.57414642094474,62.977087711893425,2.4194705110949144,1.9518880052713579,0.46758250582355654,93.21831056148112,81.21522032961236,2.2830316457889404,0.0004393939499561556,5197.684419503048,5182.878480496953,1.5084622455085288,0.0028526273861497983,2.5599999999994907,2.5599999999994907,0.7664670658680776,0.20359281437133575,0.029940119760586657,0.0,0.00172935831552401,0.0,0.002134509386865213,0.0,0.0031857187126220765,5200.50111001764,-0.0008914737098526061,31.0,-1.5450000000000728,1.014999999999418
87715345,Buy,2026-03-12 09:41:54,2026-03-12 09:42:17,XAUUSD.f,0.01,5166.74,1.86,23.0,0.38333333333333336,True,1.86,1,2026-03-12,9,41,40,Thursday,2026-03,2026Q1,08:00-12:59,1262.3833333333334,1262.0666666666666,1.11,True,599.2199999999999,True,0,False,2026-03-12 09:41:00,5165.455,5168.705,5165.068,5168.085,36600.0,0.000514962466786395,0.0011506844538462513,0.0014455613418917768,0.0016202413888335432,0.00233706714558779,0.00295758944815927,0.002739638317295512,5163.123038834333,5162.783888888889,0.000961038721786381,5160.086002790513,5159.2426000000005,0.0015501674206905623,5156.388877532288,5155.800899999999,0.0022682778094327795,5153.757375616875,5151.695180000001,0.0027800347084461223,5152.910883175204,5150.7032500000005,0.0029447660106720294,3.0370360438200805,3.697125258225242,91.05267270303807,79.72072878277791,73.27212447541267,3.056132946926482,2.2373698203529693,0.8187631265735127,95.32780708364798,96.34294553783299,2.1166337552756467,0.00040955861896150057,5167.350146628389,5151.135053371612,2.181276384902602,0.0031429212607246896,2.630000000000109,2.630000000000109,0.7231234533957421,0.17047016772063217,0.10640637888362564,0.00040263220806013855,0.00241872211171712,0.00040263220806013855,0.0040916840310665226,0.00040263220806013855,0.0040916840310665226,5153.724446385448,0.002786441875957127,54.0,-1.3450000000002547,1.2849999999998545
87725200,Buy,2026-03-12 11:02:44,2026-03-12 11:03:14,XAUUSD.f,0.01,5184.43,-1.27,30.0,0.5,False,-1.27,1,2026-03-12,11,2,0,Thursday,2026-03,2026Q1,08:00-12:59,80.83333333333333,80.45,1.86,True,601.0799999999999,True,0,False,2026-03-12 11:02:00,5185.895,5185.895,5182.795,5183.465,29370.0,-0.00046279646693458965,0.00031012042398681494,0.0007993319592805026,0.0013246125648300744,0.0006776120641975858,0.0025996005822022106,0.003305986681209294,5181.800161739702,5180.983111111111,0.0003212856938386914,5179.301761044216,5179.9658,0.0008038224355062626,5174.629758599039,5173.33684,0.0017074151800482522,5169.365001601463,5168.8368,0.0027276074322802463,5163.551120696599,5158.73746,0.0038566247990809606,2.4984006954864526,4.672002445176986,63.61526646292187,63.944738785919135,63.576706651861734,2.854757123188392,2.509940873689929,0.344816249498463,56.80000000000291,75.78234247729868,2.4203541042110106,0.00046693748375092924,5185.5523757919755,5174.379224208024,1.252717274515988,0.0021569933114135693,-2.430000000000291,2.430000000000291,0.7838709677419374,0.0,0.21612903225806263,-0.0011446398960959225,0.0015089877513088101,-0.0011446398960959225,0.0019962738283805237,-0.0011446398960959225,0.0034147498221483996,5156.104772000524,0.005306375492610687,44.0,0.9650000000001455,-1.4650000000001455
87728679,Buy,2026-03-12 13:51:53,2026-03-12 13:53:27,XAUUSD.f,0.01,5180.83,-1.53,94.0,1.5666666666666667,False,-1.53,1,2026-03-12,13,51,50,Thursday,2026-03,2026Q1,13:00-16:59,169.15,168.65,-1.27,False,599.81,True,0,False,2026-03-12 13:51:00,5182.165,5182.258,5179.595,5180.258,32610.0,-0.0003782164316514791,-0.00024259314119523534,-0.00035448983470975914,0.00020331305673360056,-4.5748524031052895e-05,-0.0006206261243665301,-0.000680390872692449,5181.460984694913,5181.863444444444,-0.0002321709453119372,5181.513173392208,5180.7833,-0.00024224070270702488,5182.483947854569,5183.7842200000005,-0.0004295136997946332,5182.191221805681,5182.939960000001,-0.00037305103631586135,5178.855340531568,5180.938985,0.0002708435312827156,-0.052188697294695885,-0.9707744623610779,39.617565381892845,43.72720589427404,44.668597330504205,-0.32885826971050847,-0.5923971238554138,0.2635388541449053,54.60575719648928,70.73842302878124,1.9501822530936115,0.00037646430990379465,5183.604459266528,5177.962140733473,-0.3724001024918275,0.001089085994593714,-1.9070000000001528,1.9070000000001528,0.7161096507699852,0.03492301915128153,0.24896733007873326,-0.0006996682989689473,0.00023035045901154128,-0.0006996682989689473,0.0008429460025751734,-0.0021439353020811236,0.0008429460025751734,5161.196804761476,0.00369317349436054,53.0,0.5720000000001164,-1.3350000000000364
87728889,Buy,2026-03-12 13:54:26,2026-03-12 14:11:23,XAUUSD.f,0.01,5179.35,1.79,1017.0,16.95,True,1.79,1,2026-03-12,13,54,50,Thursday,2026-03,2026Q1,13:00-16:59,2.55,0.9833333333333333,-1.53,False,598.28,True,0,False,2026-03-12 13:54:00,5179.455,5179.965,5178.665,5179.825,10320.0,6.564359197880343e-05,-8.358657039864159e-05,-0.00045154872529151735,-0.0003724606817574472,8.302127951220761e-05,-0.0009373761376053613,-0.0007350054546665374,5180.638048163796,5181.106000000001,-0.00015693977387293287,5181.064184461414,5180.67995,-0.00023917566300962292,5182.178861653077,5183.28108,-0.0004542223871304116,5182.051252908452,5183.05149,-0.00042960843106335585,5178.882921613035,5181.090450000001,0.0001819076432550717,-0.4261362976176315,-1.1146771916628495,38.67396738690426,42.71361290271888,43.9234655700605,-0.5693933765141992,-0.5530183489229061,-0.016375027591293057,26.978417266185108,28.967412057614336,1.810490674215286,0.00034952738253035307,5183.548591339253,5177.811308660746,-0.5960661504115053,0.0011074381613762388,0.36999999999989086,0.36999999999989086,0.2846153846152608,0.10769230769254448,0.6076923076921947,-0.000783196386494045,0.0002896689566607158,-0.000783196386494045,0.0007592889732113139,-0.0022273426682806186,0.0007592889732113139,5161.27479921588,0.0035941122117616833,26.0,-0.4749999999994543,-0.10499999999956344
87764166,Buy,2026-03-12 18:26:23,2026-03-12 18:27:14,XAUUSD.f,0.01,5128.93,0.76,51.0,0.85,True,0.76,1,2026-03-12,18,26,25,Thursday,2026-03,2026Q1,17:00-21:59,271.95,255.0,1.79,True,600.0699999999999,True,0,False,2026-03-12 18:26:00,5129.765,5130.545,5128.285,5128.445,45840.0,-0.0002651172900335341,0.000251601521701561,-6.43428499007559e-05,0.001818666630202026,0.002147551859273733,-0.0023091970044637478,-0.005088584634336923,5127.9625298907695,5128.3805555555555,9.408612220115265e-05,5128.477080733574,5126.0085,-6.255411317962172e-06,5134.560396779347,5135.250400000001,-0.0011910263599553622,5143.1528873683965,5144.6774,-0.0028597025385963923,5153.609237563385,5158.509125,-0.004882837716909079,-0.5145508428049652,-6.083316045772335,52.56901051867697,47.92744342136545,45.67678496260027,-1.782718401917009,-3.0265794832810906,1.2438610813640816,82.76983094928136,89.63748467780135,4.375228053659351,0.0008531295653281552,5135.505392096016,5116.5116079039835,0.5131152329343229,0.003705375087074624,-1.3200000000006185,1.3200000000006185,0.5840707964603943,0.34513274336268585,0.07079646017691993,-0.0005164589624633287,0.0020751002623184966,-0.0015322268980776377,0.0037343192353649357,-0.004843399655179437,0.0037343192353649357,5160.059912523893,-0.006126849893188545,23.0,0.4850000000005821,-0.8350000000000364
87966615,Sell,2026-03-13 08:37:52,2026-03-13 08:39:29,XAUUSD.f,0.01,5108.89,1.02,97.0,1.6166666666666667,True,1.02,0,2026-03-13,8,37,35,Friday,2026-03,2026Q1,08:00-12:59,851.4833333333333,850.6333333333333,0.76,True,600.8299999999999,False,0,False,2026-03-13 08:37:00,5107.935,5108.928,5105.965,5106.455,20130.0,-0.00025842955102750587,-0.0003758533780311435,-0.0007436028143410489,0.00011359463363280753,-0.0005362880062318442,7.050397613039827e-05,0.0005799946899134323,5107.629327664354,5107.803888888889,-0.00022991638371118282,5107.580847175231,5107.8279999999995,-0.00022042669688790707,5107.257380018535,5106.5212,-0.00015710585130756916,5108.0832668841,5107.98946,-0.00031876279203522955,5109.27754437521,5111.134580000001,-0.0005524351242803798,0.048480489122994186,0.32346715669609694,40.34942027609347,45.940361045205115,47.74947497312839,0.1969947121842779,0.35423772501038997,-0.15724301282611208,36.94181326116074,45.69237708614873,1.9299920424963217,0.0003779514442987007,5110.371682470419,5105.28431752958,-1.0795372582593306,0.0009959937846064114,-1.480000000000473,1.480000000000473,0.49949375632824966,0.33513331083346987,0.16537293283828047,-0.0009117384367207659,0.0005349034283781418,-0.0009117384367207659,0.0005349034283781418,-0.0009117384367207659,0.0008147309310433393,5108.007644919921,-0.00030396292015452095,52.0,2.4350000000004,0.9549999999999272
88014898,Buy,2026-03-13 13:14:10,2026-03-13 13:15:48,XAUUSD.f,0.01,5092.79,1.37,98.0,1.6333333333333333,True,1.37,1,2026-03-13,13,14,10,Friday,2026-03,2026Q1,13:00-16:59,276.3,274.68333333333334,1.02,True,601.8499999999999,False,0,False,2026-03-13 13:14:00,5092.105,5093.395,5091.345,5093.195,15480.0,0.00020619994128190378,0.0009610272969091671,0.0008469438786689043,0.000988568570398085,0.0007702472356081458,0.001535773594329548,0.0001924506329760156,5090.367146235337,5089.910555555555,0.0005555304133129748,5089.677467280923,5089.51465,0.0006911111247596511,5088.828190102933,5088.87706,0.0008581169837015525,5087.5105030466975,5087.47463,0.00111734353175251,5088.151782029759,5084.46773,0.0009911689325095756,0.6896789544134663,0.8492771779901886,71.36011621012644,61.7857230720289,58.36528122088851,0.5823088266188279,0.22308036148303811,0.35922846513578977,97.46418156459094,88.14403905137785,2.1554350599533825,0.00042319900572300543,5093.135168394011,5085.894131605989,2.0330514028528244,0.001422736210813742,1.0900000000001455,1.0900000000001455,0.5317073170731945,0.09756097561010237,0.3707317073167031,0.00015513298726244074,0.0012994966170818412,-1.3743639885377412e-05,0.0015115500752334032,-0.00016489874922342995,0.002016547493628229,5098.243378749284,-0.000990219252836546,10.0,-0.40499999999974534,0.6850000000004002
88015942,Sell,2026-03-13 13:36:51,2026-03-13 13:37:20,XAUUSD.f,0.01,5084.43,-0.69,29.0,0.48333333333333334,False,-0.69,0,2026-03-13,13,36,35,Friday,2026-03,2026Q1,13:00-16:59,22.683333333333334,21.05,1.37,True,603.2199999999999,False,0,False,2026-03-13 13:36:00,5083.455,5084.695,5082.245,5083.635,13470.0,2.1638528383549627e-05,0.00026366041325820433,-0.0005563785458073678,-0.0015868916465276994,-0.0014496127000215298,-0.0012495100682810012,-0.000778363843820129,5085.443764193843,5085.723111111111,-0.0003556748000200317,5087.770850293511,5089.42765,-0.0008129002691369816,5088.905913127141,5089.76932,-0.0010357654900916395,5088.2042432288135,5089.45916,-0.0008980070394960842,5088.459073196109,5084.6021949999995,-0.000948042054915971,-2.327086099668122,-1.1350628336294903,25.98977238428202,32.740496988815764,38.01705845832497,-2.004209634113977,-1.0183430076803832,-0.9858666264335936,28.700295879338025,25.212287411895414,2.46374885871192,0.00048464314584188673,5097.753887930351,5081.101412069648,-1.3914207228894064,0.0032719741797887446,0.18000000000029104,0.18000000000029104,0.07346938775522628,0.432653061224314,0.49387755102045966,-0.001820179249367393,0.0007829267245944571,-0.002517431199861031,0.0007829267245944571,-0.002517431199861031,0.0007829267245944571,5098.007834912671,-0.0028193042023672466,51.0,0.7950000000000728,0.9750000000003638
88144292,Sell,2026-03-16 07:46:16,2026-03-16 07:54:51,XAUUSD.f,0.01,5016.02,0.35,515.0,8.583333333333334,True,0.35,0,2026-03-16,7,46,45,Monday,2026-03,2026Q1,00:00-07:59,3969.4166666666665,3968.9333333333334,-0.69,False,602.5299999999999,True,0,False,2026-03-16 07:46:00,5016.175,5016.425,5015.005,5015.515,7920.0,-0.00012360113912401882,-0.00012758776393462234,-0.00011164107394712186,-0.0006893837885225684,-0.000818786263914073,-0.0019223211131950135,-0.00014353394527955032,5016.854510099307,5016.701666666667,-0.00026700198233974557,5018.440299944086,5018.933,-0.0005829101811011992,5019.024243631514,5021.142519999999,-0.0006991884201329171,5016.705688089795,5015.57126,-0.00023734461693095254,5013.999633797144,5010.68081,0.00030222702703080535,-1.585789844779356,-0.5839436874275634,28.51554774145511,35.1111146997366,40.22530808333608,-1.5730688356707105,-1.199301080794632,-0.3737677548760785,12.12415130940894,18.170061429034266,1.5465849562136413,0.0003083601496982147,5023.867367593948,5013.998632406052,-1.3853852332329675,0.001966301440544467,-0.6599999999998545,0.6599999999998545,0.4647887323942399,0.17605633802815998,0.3591549295776001,-0.0008267483985484603,0.00024928877911323255,-0.0018031375788001291,0.00024928877911323255,-0.002095086693413961,0.00024928877911323255,5007.975034572434,0.001505591656410857,16.0,0.5050000000001091,-0.15499999999974534
88154082,Sell,2026-03-16 11:07:53,2026-03-16 11:09:35,XAUUSD.f,0.01,4996.64,0.99,102.0,1.7,True,0.99,0,2026-03-16,11,7,5,Monday,2026-03,2026Q1,08:00-12:59,201.61666666666667,193.03333333333333,0.35,True,602.8799999999999,True,0,False,2026-03-16 11:07:00,4996.585,4997.048,4994.515,4995.005,75000.0,-0.0003288204412238427,-0.000334222257801442,-8.207526301617918e-05,-0.0005662451841647043,-0.0002802014648531914,-0.0001741436685265274,-0.003469399358989156,4995.847383829361,4996.164555555555,-0.00016861680604730612,4996.408405261072,4996.1242999999995,-0.0002808828156630569,4999.772697863381,4999.01612,-0.0009535829229633301,5004.85258958038,5007.754819999999,-0.0019676083169524704,5009.1707260458725,5011.930125,-0.0028279583229646613,-0.5610214317111968,-3.364292602308524,46.16137382781627,46.22729386078716,45.362723025707055,-0.9569482970782701,-1.1473866113251994,0.19043831424692925,40.3314917127094,40.45119705340892,3.4172528242522087,0.0006841340147311581,4999.1958430694685,4993.05275693053,-0.7288193423853456,0.0012295703169230776,-1.5799999999999272,1.5799999999999272,0.6237662850376123,0.18278720884320535,0.19344650611918227,-0.0008641166557484814,0.0005849259377594951,-0.0009840147602213634,0.0005849259377594951,-0.0027690848743480156,0.000698585079729197,5008.940660288089,-0.0027821571931513763,53.0,1.6350000000002183,0.05500000000029104
88163179,Sell,2026-03-16 14:10:40,2026-03-16 14:11:07,XAUUSD.f,0.01,5002.98,-2.0,27.0,0.45,False,-2.0,0,2026-03-16,14,10,10,Monday,2026-03,2026Q1,13:00-16:59,182.78333333333333,181.08333333333334,0.99,True,603.8699999999999,True,0,False,2026-03-16 14:10:00,4998.575,5003.655,4998.205,5003.375,27630.0,0.0009642786765373668,0.001356924065288423,0.0010904525378030439,0.0007700731569499908,0.0013288677506413382,0.004259201088685494,0.005290287710880692,4998.751954110766,4998.143888888889,0.0009248400264054636,4996.794304593824,4997.825999999999,0.001316983450794914,4992.008918054463,4990.782459999999,0.002276855296558023,4989.275975293893,4985.35223,0.0028258658723076,4991.15209726625,4988.393305,0.0024489140974975603,1.9576495169421833,4.785386539360843,77.12195079601663,71.6508385358895,68.68539327044812,2.6004140570521486,2.7313261007320855,-0.13091204367993692,96.63056558363704,64.85300083171069,2.4776645016853545,0.0004951986412542243,5001.2654853269305,4994.386514673068,3.2266455428968186,0.001376392586269066,4.800000000000182,4.800000000000182,0.8807339449541912,0.051376146788945816,0.06788990825686297,0.0005439287453343766,0.0016074965793153595,0.0005439287453343766,0.002297720008694215,0.0005439287453343766,0.004928863880807377,5004.6011127642905,-0.00024499710100037847,40.0,-0.39500000000043656,4.404999999999745
88172039,Sell,2026-03-16 14:42:45,2026-03-16 14:45:20,XAUUSD.f,0.01,5018.75,1.64,155.0,2.5833333333333335,True,1.64,0,2026-03-16,14,42,40,Monday,2026-03,2026Q1,13:00-16:59,32.083333333333336,31.633333333333333,-2.0,False,601.8699999999999,True,0,False,2026-03-16 14:42:00,5017.985,5019.455,5015.045,5015.715,24030.0,-0.00044440503034604006,-0.0005141188391675211,-0.0003826503920671964,-0.0003069407474803887,-0.0009725933046222934,0.0023180922101111445,0.006903785639363003,5017.353710166724,5017.493111111111,-0.00032660845963553595,5016.111490077417,5018.3103,-7.904331436841019e-05,5009.088630015671,5008.33504,0.0013228693827900242,5001.4257810028275,4995.89665,0.002857029099871498,4997.569655663005,4991.520855000001,0.003630833702624659,1.2422200893070112,7.022860061746542,36.17367296394916,54.283668522827355,60.0154444124561,2.4638918851005656,3.410461169138715,-0.9465692840381497,13.987473903968223,33.1552537745959,2.3586573967627844,0.0004702534726878988,5021.470477145987,5015.150122854013,-1.642502859876308,0.0012594586452684246,-2.269999999999527,2.269999999999527,0.514739229024853,0.3333333333334021,0.15192743764174488,-0.0008207441081230504,0.00012701696763239845,-0.0013479383213687024,0.000590493650697077,-0.0013479383213687024,0.004184339159708728,5004.890618473209,0.002162760857717525,45.0,3.0349999999998545,0.7650000000003274
88320644,Buy,2026-03-17 11:20:44,2026-03-17 11:21:56,XAUUSD.f,0.01,5027.35,0.72,72.0,1.2,True,0.72,1,2026-03-17,11,20,20,Tuesday,2026-03,2026Q1,08:00-12:59,1237.9833333333333,1235.4,1.64,True,603.5099999999999,False,0,False,2026-03-17 11:20:00,5025.985,5026.915,5025.405,5026.505,22260.0,0.00011341173333900834,0.0004538013325436907,0.0008940634386793711,0.0005215087526884155,0.000455792596455451,0.0007645343657203263,0.0032934098868164785,5024.277032742068,5023.4416666666675,0.0004434403683183373,5023.406899153353,5023.3385,0.0006167330078654613,5021.844739880123,5023.08066,0.0009279976505184959,5020.460565114467,5017.96913,0.001203960235746958,5020.889115190816,5021.431825,0.0011185040498491686,0.8701335887144523,1.5621592732304634,75.51999559188187,65.01390999093917,61.79267411357862,0.8202420659663403,0.44566819389389806,0.37457387207244225,95.00609013398474,92.12679772067993,1.9549516051124194,0.00038892861045844364,5026.391955571716,5020.285044428284,2.0740436044536645,0.0012157076699951073,0.5200000000004366,0.5200000000004366,0.34437086092739166,0.2715231788078114,0.38410596026479693,6.963573546792112e-05,0.0013959563287007093,6.963573546792112e-05,0.0015541857909560086,-0.0002545852696564932,0.0021612288699504045,5018.405284810968,0.001614001805224365,44.0,0.8450000000002547,1.3650000000006912
88335699,Buy,2026-03-17 16:10:39,2026-03-17 16:12:13,XAUUSD.f,0.01,5012.85,3.73,94.0,1.5666666666666667,True,3.73,1,2026-03-17,16,10,10,Tuesday,2026-03,2026Q1,13:00-16:59,289.9166666666667,288.71666666666664,0.72,True,604.2299999999999,True,0,False,2026-03-17 16:10:00,5014.025,5014.295,5012.135,5013.585,31700.0,-8.177112262774955e-05,-0.00039477107763519204,-0.0006159458206880242,0.00043900039609812147,0.00043900039609812147,-0.0007494003302543906,0.0010362601192597243,5014.384146828183,5015.158333333333,-0.00015937088280083698,5014.205779254463,5013.35915,-0.00012380410413773095,5013.721845822394,5015.67498,-2.729425895619473e-05,5012.09791589725,5011.35499,0.0002966989328029266,5011.383287705198,5008.06721,0.00043934222716579324,0.17836757371969725,0.4839334320686248,43.59148057628382,47.60622121256925,49.00481922911055,0.11006399019515811,-0.011798045438749738,0.12186203563390785,48.226018396849284,52.21200175208364,2.269216805772115,0.0004526136099761179,5017.4446732581155,5009.273626741885,0.11056111334145527,0.00162985460880665,-0.4399999999995998,0.4399999999995998,0.20370370370353216,0.12500000000021053,0.6712962962962573,-0.0007852477067876729,0.0007325473585879649,-0.0007852477067876729,0.0008364283511281823,-0.002018422584834978,0.0008364283511281823,5015.976328523798,-0.00047674238616303015,39.0,-0.7349999999996726,-1.1749999999992724
88511817,Buy,2026-03-18 12:31:31,2026-03-18 12:36:05,XAUUSD.f,0.01,4992.63,1.42,274.0,4.566666666666666,True,1.42,1,2026-03-18,12,31,30,Wednesday,2026-03,2026Q1,08:00-12:59,1220.8666666666666,1219.3,3.73,True,607.9599999999999,True,0,False,2026-03-18 12:31:00,4991.629,4993.819,4989.939,4993.159,103790.0,0.0003085171364241024,0.0006232403729902192,0.00019029652003754727,0.00020231767921985444,0.0017353765436072255,0.0010686011890141955,0.0007756616223273394,4991.375093217553,4991.525666666666,0.00035739786113671957,4990.240427526902,4989.3935,0.0005848560836865765,4989.358340396451,4988.103,0.0007617531843275889,4991.028358786257,4989.0518,0.0004268942311241364,4993.986482356161,4998.772919999999,-0.00016569575410044923,1.1346656906507633,0.8820871304505999,67.4908237561439,62.08862289627214,58.87191864206386,1.1661147779086605,0.9100097790386111,0.25610499887004934,93.05993690850947,84.11282384253927,2.5490937001852547,0.0005105172297107413,4995.234601133919,4983.552398866082,1.289311694376918,0.0023414072808322405,1.5299999999997453,1.5299999999997453,0.39432989690713977,0.17010309278369726,0.43556701030916295,-9.812463791525339e-05,0.0009321422493173692,-9.812463791525339e-05,0.0018821059280516028,-9.812463791525339e-05,0.0035635118097352425,4992.024623692475,0.00022723772277501712,31.0,-0.5289999999995416,1.0010000000002037
88577933,Sell,2026-03-18 16:30:56,2026-03-18 16:31:29,XAUUSD.f,0.01,4858.4,1.81,33.0,0.55,True,1.81,0,2026-03-18,16,30,30,Wednesday,2026-03,2026Q1,13:00-16:59,239.41666666666666,234.85,1.42,True,609.3799999999999,False,0,False,2026-03-18 16:30:00,4861.335,4861.335,4852.735,4854.555,90170.0,-0.001384407620618755,-0.0008397420263098754,-0.002074149295580696,-0.00011946114783623063,0.0019194036227196953,-0.0013638649835380212,-0.007732424982907049,4858.098471181242,4859.795000000001,-0.0007293946802975648,4858.53945871456,4855.4265,-0.000820093929136074,4867.677997076173,4866.10766,-0.002695946010408839,4886.627068623687,4887.6569500000005,-0.006563232301809243,4915.088428547709,4927.477835000001,-0.012315837126371812,-0.44098753331854823,-9.138538361612518,42.57225594694356,44.45150571597828,43.40524149593965,-1.8412174155319008,-3.0442611929529493,1.2030437774210485,65.22698612862655,76.0193358554024,6.637082998458747,0.0013671866934165432,4869.348610061828,4841.504389938171,-0.1251965393361981,0.005734659998180918,-6.779999999999745,6.779999999999745,0.7883720930231929,0.0,0.21162790697680714,-0.002266942207360456,0.0010372149849728896,-0.002266942207360456,0.004280218831101079,-0.00754376765195619,0.004280218831101079,4973.931025428876,-0.02400033792559121,56.0,3.844999999999345,-2.9350000000004
89517529,Sell,2026-03-23 08:13:59,2026-03-23 08:15:37,XAUUSD.f,0.01,4375.13,3.22,98.0,1.6333333333333333,True,3.22,0,2026-03-23,8,13,10,Monday,2026-03,2026Q1,08:00-12:59,6703.05,6702.5,1.81,True,611.1899999999998,True,0,False,2026-03-23 08:13:00,4375.155,4376.115,4370.445,4370.775,24420.0,-0.0010992815817771895,-0.0005030900016580464,-0.0004368025595259395,-0.0011038473536801874,0.002061082790646429,-0.0012042837767893833,0.0014755970840918398,4373.226300277606,4374.290555555555,-0.0005605244524965472,4371.485118278899,4369.72915,-0.0001624432566246104,4368.80196416815,4369.11248,0.0004516194251952048,4368.039411690677,4362.90064,0.0006262737240879224,4377.177637423144,4371.61563,-0.0014627319139173935,1.7411819987073613,2.6831541107485464,44.27686287894848,50.14706481749938,51.27795215954318,1.9781190372459605,1.8763236776819476,0.10179535956401287,35.1545650611033,62.04628819267092,4.477733741674149,0.0010244713447098398,4384.721036097596,4354.737263902404,0.13952213793396392,0.006861700385981979,-4.380000000000109,4.380000000000109,0.7724867724867818,0.16931216931217355,0.05820105820104462,-0.0019455186279984105,-7.320820069123268e-05,-0.0020594571207100953,0.004868725799487494,-0.0024762502496220584,0.004868725799487494,4409.941417179637,-0.008881391718052831,59.0,4.355000000000473,-0.024999999999636202
89770716,Buy,2026-03-23 10:06:57,2026-03-23 10:07:35,XAUUSD.f,0.01,4150.69,1.55,38.0,0.6333333333333333,True,1.55,1,2026-03-23,10,6,5,Monday,2026-03,2026Q1,08:00-12:59,112.96666666666667,111.33333333333333,3.22,True,614.4099999999999,False,0,False,2026-03-23 10:06:00,4175.995,4178.985,4149.255,4151.165,87020.0,-0.00588875544661982,-0.008761758397729857,-0.00934297302231446,-0.017375267719681675,-0.01736061384706611,-0.01573738043379802,-0.029485994035936325,4185.9662289940925,4192.084222222223,-0.00831378637339256,4200.128655158492,4203.7946,-0.011657656033549312,4225.921379429008,4227.34474,-0.017689959825780987,4259.490338397284,4269.2741399999995,-0.02543152579095736,4299.5902466221305,4317.31799,-0.034520788751611214,-14.162426164399221,-25.792724270516374,14.240287288462497,26.363444114927034,30.226040878110368,-14.456918142001996,-9.9030942264577,-4.553823915544296,2.4146649810364953,4.955064661512743,15.64479215573067,0.0037687714546954095,4248.781682376722,4158.807517623279,-2.339764982280036,0.02140308300349472,-24.829999999999927,24.829999999999927,0.8351833165153142,0.10057181298351246,0.0642448705011733,-0.01818566693195811,-0.004229756395008777,-0.018555444802971777,-0.0027099457170004504,-0.03446796089180815,-0.0027099457170004504,4371.708197434425,-0.05044783125366244,57.0,-0.4750000000003638,-25.30500000000029
89797106,Sell,2026-03-23 16:23:44,2026-03-23 16:24:32,XAUUSD.f,0.01,4428.76,9.16,48.0,0.8,True,9.16,0,2026-03-23,16,23,20,Monday,2026-03,2026Q1,13:00-16:59,376.78333333333336,376.15,1.55,True,615.9599999999998,False,0,False,2026-03-23 16:23:00,4421.795,4432.005,4419.685,4425.075,83680.0,0.0007078333176917528,-0.0019194399114937921,-0.003115633247388727,-0.005193141007267088,-0.0036004877208506425,-0.009683674828152355,0.006894550915576003,4431.527148535355,4433.054222222222,-0.0014559650249435423,4438.505029919064,4439.59545,-0.0030258003153168455,4435.524105759413,4444.34038,-0.002355777019866789,4415.455579826448,4412.70974,0.002178579310706073,4377.643026435856,4365.08411,0.010835048284592889,-6.977881383709246,2.9809241596512948,36.86703960168587,40.612063832918366,44.60362654444725,-5.709139079149281,-2.8226371229212743,-2.886501956228007,14.569586270918014,10.922000659500105,11.604319164988409,0.0026224005615697833,4459.749014451833,4419.441885548166,-1.440980828448856,0.009079009418226843,3.2799999999997453,3.2799999999997453,0.26623376623375183,0.5625000000000369,0.17126623376621122,-0.006348037261878492,0.001314018520714333,-0.007796235070949842,0.001314018520714333,-0.014939277879250423,0.00686018532739463,4339.429263127934,0.01973663624380199,44.0,3.6850000000004,6.9650000000001455
90052400,Buy,2026-03-24 11:47:16,2026-03-24 11:50:01,XAUUSD.f,0.01,4406.14,3.09,165.0,2.75,True,3.09,1,2026-03-24,11,47,45,Tuesday,2026-03,2026Q1,08:00-12:59,1163.5333333333333,1162.7333333333333,9.16,True,625.1199999999998,False,0,False,2026-03-24 11:47:00,4403.665,4408.825,4403.455,4407.335,53950.0,0.0008174878824454002,0.0016181027517974123,0.001502025234478399,0.0007622653882466413,0.0019072754944651216,7.193072503897113e-05,-0.0001429230948976068,4402.701240371072,4401.9619999999995,0.0010524810510506375,4401.885527717181,4400.6501,0.0012379859150143644,4403.75117064088,4404.6644,0.0008138128654980372,4402.387835568055,4409.53842,0.0011237457072671353,4392.575732001404,4390.625805,0.0033600486136346314,0.815712653891751,-1.865642923699852,66.82150155226921,57.558231537635365,53.82423732557124,0.11173915907693299,-0.837633330214723,0.949372489291656,88.45855925639195,76.15155136038209,4.990446031759312,0.0011323046765810431,4407.407858162653,4393.892341837347,1.978437179638924,0.003071254477902191,3.6700000000000728,3.6700000000000728,0.6834264432030069,0.27746741154558885,0.03910614525140422,0.00020197687705181266,0.00259786642826354,0.00020197687705181266,0.003744111394146099,-0.0030695072615222196,0.003744111394146099,4374.5845855451325,0.007486519877357989,16.0,-1.194999999999709,2.475000000000364
90054432,Sell,2026-03-24 12:52:17,2026-03-24 12:52:32,XAUUSD.f,0.01,4414.38,0.31,15.0,0.25,True,0.31,0,2026-03-24,12,52,50,Tuesday,2026-03,2026Q1,08:00-12:59,65.01666666666667,62.266666666666666,3.09,True,628.2099999999998,False,0,False,2026-03-24 12:52:00,4414.925,4415.178,4411.885,4413.215,60090.0,-0.00038279419375941703,-0.0008286401584830516,-0.0009530439113284439,-0.000799231107976528,-0.0006838404206296333,0.0006303233127797903,0.0014545685593077007,4415.440676012706,4416.059444444444,-0.0005040665645893184,4414.727705536317,4415.44165,-0.0003426497934222037,4411.842696681013,4410.53918,0.0003110499202565742,4408.8801667093585,4407.04606,0.000983205060408124,4401.241264857827,4406.660265,0.002720535962838085,0.7129704763883637,2.885008855304477,37.89824170675209,48.37159415799364,50.90603082938842,1.3719054214225253,1.9814595303632652,-0.6095541089407399,14.599341383095226,26.8700901149459,3.5146229891759173,0.0007963860788962054,4421.08363214396,4409.799667856039,-0.7893147986592327,0.002555568657083432,-1.7100000000000364,1.7100000000000364,0.5192833282721562,0.07682963862730866,0.4038870331005352,-0.0015278391155771898,-8.677727332662144e-05,-0.001759784844814316,0.0017046080025784338,-0.001759784844814316,0.004001706242002134,4377.809891597134,0.00808740198399739,17.0,1.1649999999999636,-0.5450000000000728
90080406,Buy,2026-03-24 15:58:26,2026-03-24 15:59:58,XAUUSD.f,0.01,4379.38,-0.32,92.0,1.5333333333333334,False,-0.32,1,2026-03-24,15,58,55,Tuesday,2026-03,2026Q1,13:00-16:59,186.15,185.9,0.31,True,628.5199999999998,False,0,False,2026-03-24 15:58:00,4383.055,4383.475,4378.525,4381.145,45750.0,-0.00044717158270202173,-0.0006797251446980512,-0.00046541498932850534,0.0005892341440634219,0.0014881241520721122,-0.005285593465662264,-0.005915300251973066,4381.96333922908,4382.817222222223,-0.00018675172878633141,4382.484792244478,4378.036300000001,-0.00030571520678140745,4390.527676176068,4394.224380000001,-0.002137026997228561,4399.551513381748,4404.630529999999,-0.004183724937817416,4405.133690427008,4413.086075,-0.005445621430091619,-0.5214530153980377,-8.04288393159004,48.635321528840635,47.2025874061746,45.837056710020434,-2.133676522150381,-3.5821642714775246,1.4484877493271435,57.79310344827871,61.5775862068981,7.0254073006435105,0.0016035550753612376,4391.490705354135,4364.581894645867,0.46210886593282446,0.0061463196886394,-1.9099999999998545,1.9099999999998545,0.38585858585849975,0.08484848484848707,0.5292929292930132,-0.0020909613752966294,0.0010716436019564402,-0.0020909613752966294,0.004493820423726147,-0.01040385525404841,0.004493820423726147,4386.73828730073,-0.0012750446765702225,26.0,-1.7650000000003274,-3.675000000000182
90081363,Buy,2026-03-24 16:11:15,2026-03-24 16:12:55,XAUUSD.f,0.01,4373.05,4.79,100.0,1.6666666666666667,True,4.79,1,2026-03-24,16,11,10,Tuesday,2026-03,2026Q1,13:00-16:59,12.816666666666666,11.283333333333333,-0.32,False,628.1999999999997,True,0,False,2026-03-24 16:11:00,4367.015,4376.545,4367.015,4375.695,75030.0,0.0019830388352737316,0.0010180166062527807,-0.0004248947186272778,-0.00013024805399142192,-0.0011185695093932635,0.001283727890876163,-0.008189354745485211,4374.7377877184235,4376.368333333333,0.0002188044925260298,4377.555233807418,4379.182500000001,-0.00042494810643427196,4384.806884889211,4383.36828,-0.002078058425015745,4394.30680385821,4399.8475,-0.0042354356873463405,4401.673883491998,4410.479225,-0.005902046398627849,-2.8174460889940747,-7.25165108179317,49.428634759713326,46.68316035969878,45.7215044410091,-3.194220922007844,-2.581914780914805,-0.6123061410930388,46.18069018999562,25.17143185426531,7.7687844823886,0.0017754401260573693,4390.787079605228,4367.577920394773,-0.6010558104888185,0.005299883987583356,8.679999999999382,8.679999999999382,0.9108079748163288,0.0891920251836712,0.0,-0.003162037327076095,0.0027292820338307155,-0.003332327333397944,0.0027292820338307155,-0.009915787196703385,0.0032442632140674554,4386.54445725716,-0.002473349435501649,15.0,-2.644999999999527,6.0349999999998545
90188256,Buy,2026-03-25 08:35:47,2026-03-25 08:40:21,XAUUSD.f,0.01,4554.47,3.9,274.0,4.566666666666666,True,3.9,1,2026-03-25,8,35,35,Wednesday,2026-03,2026Q1,08:00-12:59,984.5333333333333,982.8666666666667,4.79,True,632.9899999999997,True,0,False,2026-03-25 08:35:00,4552.735,4555.035,4551.285,4554.565,52900.0,0.0004063509356504458,-0.00016091153641328848,0.00023432534723855092,-0.0012981075477718207,-0.0019349628949500985,-0.0028904707944887864,-0.002966212540621238,4555.423186843598,4555.135222222223,-0.00018838795176638417,4558.803220613435,4559.3197,-0.000929678340638042,4563.865449747151,4565.76338,-0.002037844859704699,4567.676805563021,4568.675020000001,-0.002870563334746524,4567.952303785364,4574.929915,-0.0029307013066381614,-3.3800337698367002,-5.062229133715846,38.011027081126194,34.29656401128406,34.95626235438951,-3.8051884968845116,-3.4068180491685407,-0.39837044771597085,40.31443408977411,29.67627998615953,3.4621303836219592,0.0007601451255217479,4568.3764547191295,4550.262945280871,-1.0499787501051616,0.003972853546168064,1.8299999999999272,1.8299999999999272,0.4879999999999806,0.12533333333340124,0.38666666666661814,-0.0017643390906312284,0.0012457962346044127,-0.0037012043132592654,0.0012457962346044127,-0.004147776282459881,0.0012457962346044127,4552.034897807358,0.0005558178373940666,47.0,-0.09499999999934516,1.735000000000582
90192607,Sell,2026-03-25 11:00:18,2026-03-25 11:00:31,XAUUSD.f,0.01,4538.29,-1.31,13.0,0.21666666666666667,False,-1.31,0,2026-03-25,11,0,0,Wednesday,2026-03,2026Q1,08:00-12:59,144.51666666666668,139.95,3.9,True,636.8899999999996,False,0,False,2026-03-25 11:00:00,4539.135,4540.375,4537.215,4539.855,54290.0,0.0001740446545708263,0.00038716660592164054,-0.0007857508377492328,-0.0011506935513858618,-0.0018446675585858108,-0.003365395697430662,-0.001606058113661546,4540.880121108899,4541.272666666667,-0.00022575383660414726,4543.617275566531,4544.132250000001,-0.0008280353159944491,4547.493391910536,4550.7575400000005,-0.0016796928004610843,4550.1195935726,4549.85225,-0.0022558953367071938,4554.155955848329,4555.044809999999,-0.0031401989714392965,-2.737154457631732,-3.876116344004913,39.758852868277614,39.109304288426365,40.37063925490535,-3.0993907421825497,-2.7802989306297947,-0.319091811552755,35.30479342371861,20.485389772154445,3.0475653835010035,0.0006712913481820463,4552.230947648727,4536.033552351274,-1.0562809443006367,0.0035644638858063848,0.7199999999993452,0.7199999999993452,0.22784810126562605,0.1645569620254622,0.6075949367089117,-0.0013330649605195477,0.0007289683697824234,-0.0027151617399443495,0.0007289683697824234,-0.005053786888425615,0.0007289683697824234,4551.6258044452725,-0.0025860659357755523,18.0,-1.5649999999995998,-0.8450000000002547
90194077,Buy,2026-03-25 11:38:04,2026-03-25 11:44:39,XAUUSD.f,0.01,4562.31,3.0,395.0,6.583333333333333,True,3.0,1,2026-03-25,11,38,35,Wednesday,2026-03,2026Q1,08:00-12:59,37.766666666666666,37.55,-1.31,False,635.5799999999997,False,0,False,2026-03-25 11:38:00,4558.375,4565.275,4558.345,4565.135,45110.0,0.0015357158135949067,0.0002212910470242857,-0.0001774002972001476,-2.1904677415141016e-05,0.00047776057401405225,0.002543067998519888,0.004247853799915324,4562.542685965752,4563.076111111111,0.0005681731027355113,4561.991382964843,4563.6669999999995,0.0006890887709468028,4557.951288977329,4554.797640000001,0.0015760833249894987,4555.341113172511,4553.57753,0.00214997880162453,4555.804212819783,4552.965085,0.0020481097835505823,0.5513030009087743,4.04009398751441,56.429626172633185,56.09441663315506,56.30906258322721,1.5427910881689968,2.4967086829165717,-0.9539175947475749,85.40618260244597,45.60268392044133,4.26296284211908,0.0009338087136785834,4568.996989010312,4558.337010989687,0.5508454134372277,0.0023358360766956056,6.760000000000218,6.760000000000218,0.9754689754690941,0.020202020201938013,0.004329004328967968,-0.00044447704429328994,0.0026091224849036365,-0.0005123180750852274,0.0026091224849036365,-0.0005123180750852274,0.00654998822602848,4551.880562076419,0.002911859778134254,4.0,-2.824999999999818,3.9350000000004
90297337,Buy,2026-03-26 10:48:11,2026-03-26 10:48:39,XAUUSD.f,0.01,4454.88,2.62,28.0,0.4666666666666667,True,2.62,1,2026-03-26,10,48,45,Thursday,2026-03,2026Q1,08:00-12:59,1390.1166666666666,1383.5333333333333,3.0,True,638.5799999999997,True,0,False,2026-03-26 10:48:00,4456.085,4457.965,4453.475,4457.745,30090.0,0.0003612996464423812,-0.0005425808238036511,0.001044217561044558,6.0572409267489746e-05,0.0005925786260929655,0.002279878721244355,0.00048029392192527887,4457.568230729426,4458.062777777777,3.9655987620077956e-05,4455.79395745361,4456.3075,0.00043786641954703917,4452.687584634719,4451.613,0.00113581185950091,4454.630416757128,4445.5796900000005,0.0006991788210208707,4466.824945945568,4470.868225,-0.0020327516872605564,1.7742732758160855,3.106372818891032,52.65281456572862,54.57260858336847,54.39610414651576,2.2386961636520937,2.351475384223351,-0.11277922057125744,60.53333333333285,61.088888888888924,4.495540020022393,0.0010084785065144805,4462.887136411858,4449.727863588142,0.43695423577183357,0.002952954396373137,1.6599999999998545,1.6599999999998545,0.3697104677059989,0.04899777282856689,0.5812917594654342,-0.0013262644038026794,0.0012915558081265655,-0.0013262644038026794,0.003333382099895532,-0.0013262644038026794,0.00427822666490929,4497.552906624095,-0.008851014640753932,11.0,-2.8649999999997817,-1.2049999999999272
90303019,Buy,2026-03-26 13:49:34,2026-03-26 13:50:38,XAUUSD.f,0.01,4436.97,9.85,64.0,1.0666666666666667,True,9.85,1,2026-03-26,13,49,45,Thursday,2026-03,2026Q1,13:00-16:59,181.38333333333333,180.91666666666666,2.62,True,641.1999999999997,True,0,False,2026-03-26 13:49:00,4439.105,4440.875,4437.005,4440.855,71900.0,0.0004099990200572279,0.0029110437864796612,0.002854423283422225,0.002340601536852116,0.00037168817389598985,0.0014726029328024914,0.004994585615729186,4434.927233141519,4432.763888888889,0.001336609722518931,4435.011487604818,4435.9358,0.001317586755189475,4433.3353101340745,4432.55424,0.0016961698901357606,4432.382350094594,4429.16424,0.001911534077204569,4437.522382747714,4435.66285,0.0007510085504565084,-0.0842544632996578,1.6761774707438235,66.1288363618554,58.22751022841317,56.432823067119166,-0.0036548458292600117,-0.16634208786785995,0.16268724203859994,83.7683910773606,70.9539629805417,5.139309258027802,0.0011572792306949456,4446.100727139079,4425.770872860921,0.9678770802178548,0.004582991096976122,1.75,1.75,0.4521963824289533,0.005167958656443701,0.542635658914603,0.0003333802618610271,0.003990319236842899,-0.001571547569665932,0.003990319236842899,-0.001571547569665932,0.005508855944435842,4476.026186252649,-0.00785768107449222,34.0,-3.884999999999309,-2.134999999999309
90367910,Buy,2026-03-27 10:43:56,2026-03-27 10:48:54,XAUUSD.f,0.01,4447.18,3.72,298.0,4.966666666666667,True,3.72,1,2026-03-27,10,43,40,Friday,2026-03,2026Q1,08:00-12:59,1254.3666666666666,1253.3,9.85,True,651.0499999999997,True,0,False,2026-03-27 10:43:00,4446.635,4449.165,4446.205,4448.775,33040.0,0.0004947628230715928,-0.000543674226808788,-0.0009342152984493923,-0.0005526556113079062,-0.0010127355424142115,-0.0011405849539330992,-0.004132310030701358,4450.540246704572,4451.493888888889,-0.0003966364995530224,4451.805603028875,4452.205,-0.000680758168508924,4454.172562584415,4454.2112,-0.001211799163273377,4455.326822823139,4458.55586,-0.0014705594188010325,4451.543658227128,4453.601445,-0.0006219546385917549,-1.2653563243029566,-2.3669595555393244,38.00479674727254,40.39775664351656,41.71432731093483,-1.356708968816747,-1.030895111120168,-0.325813857696579,26.88284518828035,17.41865983887993,2.564468422358213,0.0005764437226783133,4457.319281297706,4447.090718702294,-1.341341940475068,0.0022974150101830126,2.139999999999418,2.139999999999418,0.7229729729727674,0.13175675675686574,0.14527027027036682,-0.00156875418699165,0.0004947628230715928,-0.0018711655409384687,0.0004947628230715928,-0.0035702166879634234,0.0004947628230715928,4426.609772479321,0.00500726936864467,56.0,-1.5949999999993452,0.5450000000000728
90383944,Buy,2026-03-27 17:23:51,2026-03-27 17:25:23,XAUUSD.f,0.01,4457.82,6.24,92.0,1.5333333333333334,True,6.24,1,2026-03-27,17,23,20,Friday,2026-03,2026Q1,17:00-21:59,399.9166666666667,394.95,3.72,True,654.7699999999998,True,0,False,2026-03-27 17:23:00,4456.865,4459.875,4456.648,4457.735,91860.0,0.00020418122766763247,-0.002145134955693906,-0.0018025946166240203,0.0014107746792901832,0.0010592815928431865,0.006529963432656327,0.00650428275194348,4460.152406465631,4462.907888888889,-0.000542000865738888,4455.948261368937,4457.788750000001,0.0004009783162324636,4445.881825319939,4440.72608,0.002666102057089177,4438.672397222565,4436.72312,0.004294663149585531,4433.525440118528,4428.182195,0.005460566361568914,4.204145096694447,10.066436048998185,46.68008465858791,55.413317386923545,57.096203021635084,6.0008354779838555,7.037922918912385,-1.0370874409285298,52.696272799364905,53.09278350515473,6.151697699803583,0.0013800052492585547,4470.424474805492,4445.15302519451,-0.00850762434737259,0.0056690550019854605,0.8699999999998909,0.8699999999998909,0.26960024790825166,0.6631546327859991,0.06724511930574924,-0.0026691038366410957,0.0014168487056287482,-0.0026691038366410957,0.003893753891783369,-0.0026691038366410957,0.0100597325652374,4429.3379897889145,0.006411118383051755,51.0,0.08500000000003638,0.9549999999999272
90446737,Sell,2026-03-30 10:30:21,2026-03-30 10:46:25,XAUUSD.f,0.01,4525.59,4.07,964.0,16.066666666666666,True,4.07,0,2026-03-30,10,30,30,Monday,2026-03,2026Q1,08:00-12:59,3906.5,3904.9666666666667,6.24,True,661.0099999999998,False,0,False,2026-03-30 10:30:00,4522.545,4525.755,4521.545,4521.905,28170.0,-0.00014593488429681667,-0.0005636037931641136,-0.0009963735097202608,-0.0017770595955147739,-0.002404692017415333,-0.0016249877187580752,-0.0011221596713927307,4524.654240242371,4525.072777777777,-0.0006076133327314918,4527.094328731633,4528.16765,-0.001146282439643201,4529.486994538187,4532.471119999999,-0.0016739190436642999,4526.992540791875,4530.85697,-0.0011238235420166444,4517.984554369559,4514.93416,0.0008677421499037448,-2.4400884892620525,-2.3926658065538504,27.01487343399414,34.460044798350665,38.65580825006194,-2.4857843893223617,-1.8323792569828097,-0.653405132339552,12.625871417505907,13.841864288659375,3.4987239862060076,0.000773727883758285,4535.431877083379,4520.903422916622,-1.724244005072645,0.0032084620733415204,-0.6400000000003274,0.6400000000003274,0.15201900237537336,0.7624703087886007,0.085510688836026,-0.002336461485340835,0.0003605975300176034,-0.002807282173758252,0.0003605975300176034,-0.00628064920552418,0.0003605975300176034,4483.318650927089,0.008606648796853102,21.0,3.6850000000004,3.0450000000000728
90450144,Buy,2026-03-30 14:14:39,2026-03-30 14:15:03,XAUUSD.f,0.01,4540.05,-2.03,24.0,0.4,False,-2.03,1,2026-03-30,14,14,10,Monday,2026-03,2026Q1,13:00-16:59,224.3,208.23333333333332,4.07,True,665.0799999999998,False,0,False,2026-03-30 14:14:00,4538.645,4540.365,4537.768,4538.075,27010.0,-0.0001321971720822379,0.0006570975911197596,0.0007674334753158263,0.0024408966153268707,0.0013128499324268628,0.0010985871683695247,0.0011670529266223362,4535.382651326896,4535.126111111112,0.0005936320879818578,4533.553643513566,4532.4175000000005,0.0009973095813926047,4532.519767135975,4531.81612,0.0012256389711313691,4532.194380190681,4532.46546,0.0012975215350475488,4530.460198574378,4532.291585,0.0016808008661057423,1.8290078133295538,1.033876377591696,75.01414658428934,65.69380987564801,61.16220376568997,1.520844794677032,0.6372443675515829,0.8836004271254492,84.84447385837186,91.20666135415088,2.6519111428727826,0.0005843691747872793,4539.055688930221,4525.77931106978,1.7045311784494581,0.002929204527261739,-0.5700000000006185,0.5700000000006185,0.21948402002336262,0.6623026569116323,0.1182133230650051,-0.0001321971720822379,0.002832989522137286,-0.0001321971720822379,0.002832989522137286,-0.0001321971720822379,0.002832989522137286,4493.669280255102,0.009881839756212882,39.0,1.9750000000003638,1.4049999999997453
90468624,Sell,2026-03-30 14:52:48,2026-03-30 14:54:29,XAUUSD.f,0.01,4578.01,5.27,101.0,1.6833333333333333,True,5.27,0,2026-03-30,14,52,50,Monday,2026-03,2026Q1,13:00-16:59,38.15,37.75,-2.03,False,663.0499999999998,False,0,False,2026-03-30 14:52:00,4579.225,4579.225,4572.288,4572.685,33810.0,-0.0014107437087054198,0.0004944835545928061,0.0002530882453306571,0.0056122880959896815,0.007240383143366058,0.006411279273608406,0.009426079777306251,4568.73445839875,4570.894222222222,0.0008646905696146149,4559.927311803714,4555.87565,0.002797783237303499,4549.046977134136,4545.21872,0.0051962582458878635,4542.336143841027,4538.56642,0.0066813320718511725,4536.661227605112,4535.73347,0.007940591238262976,8.807146595036102,10.880334669577678,66.20612404172203,69.47753007856512,68.8613892370442,9.138787728772513,7.140825083381555,1.9979626453909578,80.89860054014325,90.13963271416844,5.57743300650556,0.001219728235490868,4584.521638050247,4527.229661949753,1.1735919159440957,0.01257540383054444,-6.539999999999964,6.539999999999964,0.9427706501368318,0.0,0.057229349863168195,-0.0016985175085935111,0.006479949903648308,-0.0016985175085935111,0.0075755155283745435,-0.0016985175085935111,0.010481177303820477,4496.8161757470125,0.016871675711846182,48.0,5.324999999999818,-1.2150000000001455
90670870,Buy,2026-03-31 08:16:35,2026-03-31 08:23:15,XAUUSD.f,0.01,4555.83,4.39,400.0,6.666666666666667,True,4.39,1,2026-03-31,8,16,15,Tuesday,2026-03,2026Q1,08:00-12:59,1043.7833333333333,1042.1,5.27,True,668.3199999999998,False,0,False,2026-03-31 08:16:00,4554.125,4556.865,4553.985,4556.135,27720.0,0.00044135810940626463,0.0006391074458214074,5.926426704916388e-05,-0.002862636142094366,-0.002157256320377665,-0.0015581017455779111,-0.0005834875224702829,4556.315701105975,4555.796111111111,-3.9659478804483794e-05,4559.404875995074,4561.7085,-0.0007171716669184645,4561.173294113675,4562.07384,-0.0011046048437091895,4562.224836373708,4559.9451500000005,-0.0013348391611817966,4561.529027932095,4568.929745,-0.0011825043530503017,-3.089174889099013,-1.768418118601403,44.37169077046847,42.32681809801883,43.553279566511286,-2.704567580618459,-1.4660314424035792,-1.2385361382148798,37.908496732025654,26.07116920842327,3.1976913757266914,0.0007018429822045859,4574.222046794164,4549.194953205835,-0.8907946071051269,0.005486342143152962,2.0100000000002183,2.0100000000002183,0.697916666666716,0.25347222222206106,0.04861111111122295,-0.0031178992579399267,0.0019131664333849052,-0.0031178992579399267,0.0019131664333849052,-0.0031178992579399267,0.0019131664333849052,4550.866175325096,0.001157763043763327,35.0,-0.30500000000029104,1.7049999999999272
90689174,Buy,2026-03-31 15:00:37,2026-03-31 15:03:21,XAUUSD.f,0.01,4582.99,1.47,164.0,2.7333333333333334,True,1.47,1,2026-03-31,15,0,0,Tuesday,2026-03,2026Q1,13:00-16:59,404.03333333333336,397.3666666666667,4.39,True,672.7099999999998,True,0,False,2026-03-31 15:00:00,4582.155,4584.765,4580.908,4583.985,48810.0,0.00040810848265482313,0.0012603165207398792,0.0006963856710460181,0.00018764489294964548,-0.0015443006267595871,0.002140267303864407,0.007503552318815165,4581.622290233245,4580.789444444444,0.0005156928304176462,4581.5971424451045,4583.9268,0.0005211845303406166,4575.74023221458,4576.3384399999995,0.0018018434978834949,4568.830309621599,4562.428349999999,0.003316973787905066,4564.607978052602,4562.46627,0.0042450571967111266,0.025147788140202465,5.856910230524591,61.67574801142206,57.36690200730027,58.26558576106019,1.0256837631641247,1.8872910136749255,-0.8616072505108008,59.26712274907261,38.44441215437571,3.8743715847423466,0.0008451972649871993,4591.806541271196,4576.047058728805,0.014772058623863327,0.0034379873915942978,1.8299999999999272,1.8299999999999272,0.4744620171117296,0.2022297122117347,0.3233082706765357,-0.0005189294790101107,0.0016469104423342262,-0.0019160487590863529,0.0016469104423342262,-0.001952991048246755,0.009495988099183617,4556.641459623229,0.006000810162279411,37.0,-0.9949999999998909,0.8350000000000364
90724112,Buy,2026-03-31 20:13:28,2026-03-31 20:17:12,XAUUSD.f,0.01,4640.88,1.53,224.0,3.7333333333333334,True,1.53,1,2026-03-31,20,13,10,Tuesday,2026-03,2026Q1,17:00-21:59,312.85,310.1166666666667,1.47,True,674.1799999999998,True,0,False,2026-03-31 20:13:00,4641.425,4644.735,4639.015,4643.625,47850.0,0.0004675258081787703,0.0009290164604043305,-0.0011787214958577374,-0.001644710321363374,0.0005839365728526058,0.00012427181454954805,0.006838555664086865,4643.137715521405,4643.120555555556,0.00010494723793483459,4642.085741211681,4642.6050000000005,0.00033158775475721755,4635.674056030476,4634.43238,0.001715164585219413,4627.832198140034,4624.87933,0.0034125701157257196,4616.972438419221,4617.7895499999995,0.005772735691249665,1.051974309723846,6.41168518120503,51.4478784446181,53.31171776114057,54.678806406797904,2.1753019681773367,3.0497502849119322,-0.8744483167345956,38.804457953393815,37.38149939828112,6.15057589894806,0.0013245203690970006,4651.286741265369,4633.923258734632,0.23497590375525032,0.0037400301190250495,2.199999999999818,2.199999999999818,0.38461538461539685,0.19405594405590904,0.4213286713286941,-0.0025946661139397698,0.0016522989280549627,-0.0025946661139397698,0.0017776301213383583,-0.0025946661139397698,0.007517940539924828,4575.733436057994,0.014837307481026338,28.0,-2.744999999999891,-0.5450000000000728
90765592,Sell,2026-04-01 07:08:40,2026-04-01 07:16:11,XAUUSD.f,0.01,4676.78,3.67,451.0,7.516666666666667,True,3.67,0,2026-04-01,7,8,5,Wednesday,2026-04,2026Q2,00:00-07:59,655.2,651.4666666666667,1.53,True,675.7099999999998,False,0,False,2026-04-01 07:08:00,4678.655,4679.465,4677.835,4677.885,7590.0,-0.00015602908125578185,0.00032503878546696896,3.9976928822627045e-05,-0.0005917975155185218,-0.0011210439160946883,-0.0019947794381974804,-0.0017413405120949577,4678.622770775632,4678.265222222222,-0.00015768973302138057,4680.41457445345,4680.59355,-0.0005404594856311481,4683.305713518409,4684.67368,-0.0011574545524034082,4685.6670040088975,4685.068929999999,-0.0016608102970696074,4687.655708610078,4690.919915,-0.0020843485992650315,-1.7918036778182795,-2.891139064959134,39.69003279730489,38.91079803813514,40.12799862666542,-2.1014756399927137,-1.9912981462902861,-0.11017749370242758,26.0160403712756,31.693250428046174,2.101881992322689,0.0004493231433270995,4685.795757636606,4675.391342363393,-1.0413079174080482,0.002222883735164975,-0.7699999999995271,0.7699999999995271,0.47239263803648807,0.49693251533763555,0.030674846625876412,-0.0009141070423617226,0.0006175403711403682,-0.001939417214728123,0.0006175403711403682,-0.003453274805899742,0.0006175403711403682,4691.26899457408,-0.0028529582485165646,40.0,-1.105000000000473,-1.875
90783770,Sell,2026-04-01 13:01:41,2026-04-01 13:12:15,XAUUSD.f,0.01,4722.02,3.32,634.0,10.566666666666666,True,3.32,0,2026-04-01,13,1,0,Wednesday,2026-04,2026Q2,13:00-16:59,353.01666666666665,345.5,3.67,True,679.3799999999998,True,0,False,2026-04-01 13:01:00,4723.395,4723.525,4719.155,4720.905,24760.0,-0.0005186991026505661,-0.00027317804537929646,4.024814037695279e-05,-0.0012143920264797714,-0.000108018464803461,0.0004344274193635034,-0.0010199493199457565,4722.516156759119,4722.292777777778,-0.0003411649014294467,4722.413471356995,4722.999000000001,-0.00031942805646823164,4722.192696749857,4720.32066,-0.00027269042848318336,4722.41069782408,4724.99676,-0.0003188409311315911,4718.969262891354,4723.646925,0.0004102033729838823,0.10268540212473454,0.2207746071380825,40.472758623942084,46.777233152720335,48.13269482955949,0.3626370964975649,0.7019866729622374,-0.33934957646467245,22.599531615917915,40.08587041373461,2.819954658051909,0.0005973334896702876,4728.399356319113,4717.598643680888,-0.7755043838829501,0.0022868335644842135,-2.490000000000691,2.490000000000691,0.5697940503434218,0.029748283752678007,0.40045766590390014,-0.001372849106114571,0.00040898712114367797,-0.0013981975731437446,0.0006698115307206542,-0.0013981975731437446,0.0017250982701275674,4700.841303766262,0.004268107544422476,41.0,1.1150000000006912,-1.375
90900649,Sell,2026-04-02 14:51:54,2026-04-02 14:55:50,XAUUSD.f,0.01,4609.23,7.5,236.0,3.933333333333333,True,7.5,0,2026-04-02,14,51,50,Thursday,2026-04,2026Q2,13:00-16:59,1550.2166666666667,1539.65,3.32,True,682.6999999999998,True,0,False,2026-04-02 14:51:00,4606.645,4611.835,4606.645,4607.335,38790.0,0.00013241511051775845,0.001665335050845984,0.0015521081171558926,0.00099505622176288,-0.0019474365431376706,-0.00428556146149961,-0.0030272703174955007,4603.822477748359,4601.448333333334,0.000762957796183034,4606.608068325474,4606.309,0.00015780193664060273,4613.031391440893,4616.8618,-0.001234847751407395,4617.106717888761,4618.2127,-0.002116415860803156,4621.0255979257045,4621.865415,-0.00296267519743883,-2.7855905771148173,-6.423323115418498,60.61394079658116,47.85953847848854,45.32010898035868,-4.066254091806513,-4.9482816590647705,0.8820275672582572,59.60768614891932,54.20336269015396,4.391241532107379,0.0009530979475352627,4620.327645319243,4592.290354680757,0.14637648312443877,0.006086715120172247,0.6899999999995998,0.6899999999995998,0.13294797687854587,0.8670520231214541,0.0,5.643493973939151e-05,0.0032422816168728996,-0.0021852006258900047,0.0032422816168728996,-0.004997327488000747,0.0032422816168728996,4673.913419919093,-0.014244684044713324,54.0,1.894999999999527,2.584999999999127
90927563,Sell,2026-04-02 20:40:31,2026-04-02 20:40:49,XAUUSD.f,0.01,4656.39,-1.09,18.0,0.3,False,-1.09,0,2026-04-02,20,40,40,Thursday,2026-04,2026Q2,17:00-21:59,348.6166666666667,344.68333333333334,7.5,True,690.1999999999998,True,0,False,2026-04-02 20:40:00,4653.125,4656.695,4653.125,4655.585,59100.0,0.0005265267394991557,0.0012015058931209577,0.001339970813155844,0.0018937824754103882,-0.0008991850464882267,-0.001314966702168685,-0.0018202966290207234,4652.3033878040005,4651.183777777778,0.0007053736445052683,4653.9740436180045,4654.38475,0.00034614640453454993,4657.01024011135,4658.850479999999,-0.0003060418676072836,4658.468948748549,4658.188999999999,-0.0006190765206933589,4655.707524212651,4664.93785,-2.6316990922198327e-05,-1.6706558140040215,-3.0361964933454146,64.38636374582572,51.32575247235814,48.75275267535202,-2.2688636230222983,-2.6425383807374025,0.3736747577151043,72.71173848439997,49.445852721440644,3.4339431698843303,0.0007375964932192905,4665.070668554676,4643.698831445325,0.22464142766176579,0.004591764165897751,2.4600000000000364,2.4600000000000364,0.6890756302521672,0.3109243697478328,0.0,0.0003882866780495764,0.002106634855841838,-0.0021176881618445442,0.002106634855841838,-0.003139661962276885,0.002106634855841838,4662.643289751804,-0.0015137957834599894,31.0,0.805000000000291,3.2650000000003274
90928037,Sell,2026-04-02 21:05:43,2026-04-02 21:09:10,XAUUSD.f,0.01,4658.23,1.74,207.0,3.45,True,1.74,0,2026-04-02,21,5,5,Thursday,2026-04,2026Q2,17:00-21:59,25.2,24.9,-1.09,False,689.1099999999998,True,0,False,2026-04-02 21:05:00,4653.355,4658.445,4652.675,4656.295,52230.0,0.000666208916669131,0.001229955435618324,0.0011804408054088,0.0013225394046851857,0.0010986447539711452,0.0014926801674641776,-0.001456117570235116,4651.8610798234,4650.984555555555,0.0009531497395378021,4651.543899327524,4650.71295,0.001021402952504245,4653.493916674767,4653.809939999999,0.0006019312317559508,4655.756794568824,4657.30566,0.00011559998834210046,4654.811534645406,4662.115025,0.0003186950413679966,0.31718049587652786,-1.9500173472433744,73.62069140973546,60.3588510265725,55.226245686833295,-0.2884975464112358,-1.0843752546776853,0.7958777082664494,83.34624322231092,84.65291995559443,3.475881597633538,0.0007464908468285488,4655.822798532417,4645.603101467583,2.184820142744903,0.002197447396712517,2.9400000000005093,2.9400000000005093,0.5095320623918111,0.3726169844020472,0.11785095320614164,0.000666208916669131,0.0020653375795025575,-0.0005280380702570309,0.0023162025471770153,-0.001965506117825311,0.0023162025471770153,4662.364022875069,-0.0013017050674920495,43.0,1.9349999999994907,4.875
90964953,Sell,2026-04-06 09:32:16,2026-04-06 09:43:01,XAUUSD.f,0.01,4658.67,2.34,645.0,10.75,True,2.34,0,2026-04-06,9,32,30,Monday,2026-04,2026Q2,08:00-12:59,5066.55,5063.1,1.74,True,690.8499999999998,True,0,False,2026-04-06 09:32:00,4658.298,4659.698,4657.658,4658.958,28890.0,0.00015456488054055306,0.0004208719866316546,0.0006529324614394927,0.0005267899422420896,-0.00022682330421697205,0.0022184959273077176,-0.0013925758580889402,4657.206086711629,4656.459222222223,0.000376172592698772,4657.295526292578,4657.7244,0.0003569611801605113,4658.476948007995,4658.03506,0.0001032637914437732,4658.016262151435,4662.45533,0.0002021757322354341,4653.659099172678,4651.09278,0.001138652555848722,-0.08943958094914706,-1.1814217154169455,62.70728485789659,54.386547428558806,51.52012452048613,-0.3332226793245354,-0.5734385204973131,0.24021584117277772,82.89440993788352,68.48447204969129,2.409563068029302,0.0005171892659322755,4661.876354417171,4653.5724455828295,0.5942261769050688,0.0017828252857427975,0.6599999999998545,0.6599999999998545,0.32352941176464034,0.362745098039561,0.3137254901957987,-0.00024398644233658562,0.0014343489274624144,-0.000619282708884672,0.0014343489274624144,-0.0017862594929183295,0.003438082530780262,4636.0638568877575,0.0049382717363196955,16.0,-0.28799999999955617,0.3720000000002983
90967915,Sell,2026-04-06 13:38:30,2026-04-06 13:39:26,XAUUSD.f,0.01,4690.94,-0.77,56.0,0.9333333333333333,False,-0.77,0,2026-04-06,13,38,35,Monday,2026-04,2026Q2,13:00-16:59,246.23333333333332,235.48333333333332,2.34,True,693.1899999999998,True,0,False,2026-04-06 13:38:00,4690.668,4691.265,4690.195,4690.195,14760.0,3.624595910745043e-06,0.0005461176051462235,-0.0006349646028542821,0.0005674624296139186,-0.0002408701166515259,-0.000511444094365765,-0.0025774538711251793,4689.740703017153,4690.196444444444,9.687038401822118e-05,4690.065614082786,4689.75765,2.7587229659487532e-05,4692.110769443375,4692.12486,-0.00040829586885530387,4692.478231559376,4696.4558,-0.0004865726481201413,4686.921566850349,4687.59808,0.0006984185894645016,-0.3249110656333869,-2.0451553605889785,52.6327490941268,49.05720427394601,47.493692466267504,-0.6845050861156778,-0.9452020999495228,0.2606970138338449,53.58126721762794,43.769513314965934,2.048432653589741,0.000436747865193183,4693.493295877112,4686.022004122887,0.23414960324779,0.0015931082823065718,-0.47299999999995634,0.47299999999995634,0.44205607476605885,0.5579439252339412,0.0,-0.0007180043314622964,0.0007446596276061701,-0.0007180043314622964,0.0008300782812897811,-0.002486236902859318,0.0009390082152547219,4648.056870199419,0.009065751770539964,30.0,0.7449999999998909,0.2719999999999345
90970712,Sell,2026-04-06 15:20:14,2026-04-06 15:24:49,XAUUSD.f,0.01,4668.5,3.9,275.0,4.583333333333333,True,3.9,0,2026-04-06,15,20,20,Monday,2026-04,2026Q2,13:00-16:59,101.73333333333333,100.8,-0.77,False,692.4199999999998,True,0,False,2026-04-06 15:20:00,4672.845,4672.905,4667.505,4668.145,37140.0,-0.000995121763312845,-0.0005866126012521455,-0.0004154099978906922,-0.0021120023941725297,-0.003426415851602971,-0.0027366210527551837,-0.004648242143564407,4672.207522388824,4671.639444444445,-0.0008695081220935595,4675.20180966381,4676.5965,-0.0015094128448579895,4680.072940995363,4681.54858,-0.0025486656181955914,4684.108129873415,4686.24399,-0.003407933683598844,4685.443285956419,4691.31101,-0.0036919208921524895,-2.9942872749861635,-4.871131331552533,26.33171991103542,30.28457420174321,32.845238527295066,-3.3394855198148434,-2.896928920252929,-0.4425565995619145,3.848466626580416,15.336048324118854,2.7750482846833915,0.0005944648858772363,4687.042181599853,4666.150818400146,-1.618180665226817,0.0044672152493180645,-4.699999999999818,4.699999999999818,0.8703703703703953,0.011111111111017542,0.11851851851858713,-0.002419079958926873,-0.00018633480509266942,-0.003900627877326479,-0.00018633480509266942,-0.005549407299866971,-0.00018633480509266942,4651.4748473429545,0.0035838423734717985,14.0,0.35499999999956344,-4.345000000000255
91022147,Buy,2026-04-07 09:04:07,2026-04-07 09:04:55,XAUUSD.f,0.01,4642.04,1.88,48.0,0.8,True,1.88,1,2026-04-07,9,4,0,Tuesday,2026-04,2026Q2,08:00-12:59,1063.8833333333334,1059.3,3.9,True,696.3199999999998,False,0,False,2026-04-07 09:04:00,4641.505,4645.945,4640.785,4645.355,42360.0,0.0008143787399750302,0.0009998459289137784,0.0005880294014699583,0.0014249543788242836,0.0021653314831904247,0.0029838919494291627,-0.0023880725226702593,4642.107747977525,4642.707222222222,0.0006995210362985228,4640.793099977453,4640.08065,0.0009830000873275611,4642.1222781466095,4640.56652,0.0006963887764457561,4645.007153514351,4649.14913,7.488610332617882e-05,4646.627905999526,4648.086855,-0.00027394188329192017,1.3146480000723386,-1.3291781691568758,68.33677463350634,59.81216918030086,55.382852173451155,1.007193173352789,0.475854552995277,0.531338620357512,90.5973451327393,66.97565032430315,3.6776640456996903,0.0007916863287519879,4646.675402453594,4633.485897546406,1.5995596611440444,0.0028425163056569214,3.8499999999994543,3.8499999999994543,0.7461240310076672,0.11434108527134926,0.13953488372098352,-0.00018294500565518845,0.001638723908442552,-0.00018294500565518845,0.00354508424705835,-0.0026258243274144277,0.004891033357885766,4647.497976195633,-0.00046110320146659116,7.0,-3.3149999999996,0.5349999999998545
91024794,Sell,2026-04-07 11:02:14,2026-04-07 11:04:48,XAUUSD.f,0.01,4657.11,4.19,154.0,2.566666666666667,True,4.19,0,2026-04-07,11,2,0,Tuesday,2026-04,2026Q2,08:00-12:59,118.11666666666666,117.31666666666666,1.88,True,698.1999999999998,False,0,False,2026-04-07 11:02:00,4648.345,4659.845,4648.295,4656.478,101140.0,0.0017496549847311194,0.0022994987940707645,0.0029983470319594474,0.003790342312123718,0.0031653771124686703,0.003251831080593348,0.0011444469169485938,4646.683359775879,4644.98,0.002107877698082233,4644.619702732283,4643.227199999999,0.0025531255574575773,4644.921797587333,4644.82398,0.0024879218458898587,4645.704138482369,4646.79485,0.0023191019480527757,4646.3108722339575,4646.94669,0.0021882151336021474,2.0636570435954127,-0.30209485504929035,89.05421559581755,75.8743561970025,68.13757456108489,1.2747243833009634,-0.2559639883352062,1.5306883716361697,84.22211808809669,85.03530827200471,3.0531903453645857,0.0006556866252486505,4651.003451489277,4635.450948510722,3.408017350846412,0.0033495029014636445,8.13299999999981,8.13299999999981,0.7041558441558167,0.29151515151516333,0.00432900432902001,0.0015443191638824239,0.003874739813797712,0.0015443191638824239,0.003874739813797712,0.0005765187336357336,0.004316435042645672,4647.338548949328,0.0019665989370924474,14.0,0.6319999999996071,8.764999999999418
91045329,Buy,2026-04-07 16:21:19,2026-04-07 16:31:22,XAUUSD.f,0.01,4652.83,1.86,603.0,10.05,True,1.86,1,2026-04-07,16,21,20,Tuesday,2026-04,2026Q2,13:00-16:59,319.0833333333333,316.51666666666665,4.19,True,702.3899999999999,False,0,False,2026-04-07 16:21:00,4652.355,4654.755,4651.938,4654.305,44460.0,0.0004105412373627271,0.0005524820308981937,4.297115453910649e-06,0.00025509776455279187,-0.0009916450683365996,0.0011049288818989478,-0.0021952837843776107,4653.45865658856,4654.026111111111,0.00018187405839349498,4653.958509515586,4654.494949999999,7.445070335406296e-05,4655.116724999108,4655.44914,-0.00017437264134499453,4656.199658235141,4657.43897,-0.00040691086598701904,4658.041699183597,4657.8391,-0.000802203892732848,-0.49985292702604056,-1.158215483521417,53.38274432041842,50.1332616592273,49.22696984804937,-0.5688027757696545,-0.44609742174718237,-0.12270535402247218,57.503506311364674,28.94291952176431,3.2864553105084613,0.0007061108609144568,4658.580989033268,4650.40891096673,-0.09297512747794813,0.0017557389479041618,1.9500000000007276,1.9500000000007276,0.6922257720982331,0.15974440894562192,0.148029818956145,-0.0006505866552437567,0.0008816815602754602,-0.0011331481237062402,0.0013870905694624014,-0.0026250628140030985,0.001701748322033625,4655.601620066471,-0.00027850752110786985,19.0,-1.4750000000003638,0.4750000000003638
91124606,Buy,2026-04-08 08:51:27,2026-04-08 08:53:05,XAUUSD.f,0.01,4832.95,8.9,98.0,1.6333333333333333,True,8.9,1,2026-04-08,8,51,50,Wednesday,2026-04,2026Q2,08:00-12:59,990.1333333333333,980.0833333333334,1.86,True,704.2499999999999,True,0,False,2026-04-08 08:51:00,4832.505,4838.725,4832.475,4838.525,42900.0,0.0012498745469462502,0.0022350025426001174,0.002691929495900469,0.003369778786983302,0.003625769931622669,0.0060673542862903496,0.007678602481852481,4829.384462009434,4828.019444444445,0.0018926921355029627,4824.6094804798995,4823.862999999999,0.002884278940378812,4817.173572231426,4815.34486,0.004432355913362508,4811.349758248762,4807.29953,0.0056481534531235686,4806.941814134926,4804.733395,0.006570328305660466,4.774981529534671,7.4359082484734245,91.97955895251724,84.80410791207771,80.52427779692654,5.105508167574044,4.042451888095126,1.0630562794789178,99.08172635445031,97.53869000203808,2.925468832913504,0.0006046199684642539,4834.657194548535,4813.068805451464,2.716645495701137,0.004475332134654494,6.019999999999527,6.019999999999527,0.9631999999999243,0.032000000000116414,0.004799999999959254,0.0010551524022819336,0.003719457867752629,0.0010551524022819336,0.005183257765797755,0.0010551524022819336,0.007997691731586487,4804.579937216469,0.0070651468446992745,27.0,-5.574999999999818,0.44499999999970896
91162669,Buy,2026-04-08 18:32:24,2026-04-08 18:37:00,XAUUSD.f,0.01,4754.91,5.42,276.0,4.6,True,5.42,1,2026-04-08,18,32,30,Wednesday,2026-04,2026Q2,17:00-21:59,580.95,579.3166666666667,8.9,True,713.1499999999999,True,0,False,2026-04-08 18:32:00,4752.375,4754.985,4750.535,4754.705,53190.0,0.0004965969431931505,0.0008293401168022463,0.00028821869277040335,0.00018090619277644215,0.0019703478454193846,0.002061149543986396,0.0008350281577302887,4753.1452427225095,4753.473888888889,0.00032815266478098684,4751.824722784089,4751.949500000001,0.0006061413002252024,4752.893882152542,4749.18132,0.00038105581407132624,4759.9991428887115,4761.557,-0.0011122150928579175,4770.3881509368675,4776.332905,-0.003287604790353916,1.3205199384201478,-1.0691593684523468,59.03270381055573,55.72352114151379,52.80304955652834,1.372465479355924,1.2810363480869646,0.09142913126895924,63.16472114137312,62.60742141852401,4.236078092928952,0.000890923431196878,4759.145368626706,4744.753631373295,0.7658561163201214,0.003028596422039125,2.3299999999999272,2.3299999999999272,0.5235955056179826,0.06292134831455208,0.41348314606746533,-0.0005591330494927327,0.0010252987735364094,-0.0005969465343995672,0.0032938778395452672,-0.002718311794138173,0.004818355398090279,4794.383207816302,-0.008275977554654956,24.0,0.20499999999992724,2.5349999999998545
91200522,Buy,2026-04-09 08:36:36,2026-04-09 08:49:12,XAUUSD.f,0.01,4716.78,0.06,756.0,12.6,True,0.06,1,2026-04-09,8,36,35,Thursday,2026-04,2026Q2,08:00-12:59,844.2,839.6,5.42,True,718.5699999999998,True,0,False,2026-04-09 08:36:00,4716.645,4718.685,4716.345,4718.165,18840.0,0.00030953812036149664,-4.0268271463195227e-05,-0.0002987557142327679,-0.0011072544218725389,-0.0010332317392699464,0.00024379824952847073,4.027151479180091e-05,4719.366218960825,4720.287222222222,-0.0002545297196896532,4719.737146914796,4720.719149999999,-0.0003331005235796553,4719.3375294342495,4719.59078,-0.00024845212425187916,4718.720195377749,4718.7819500000005,-0.0001176580417489655,4718.152069104221,4718.659605000001,2.74066956511769e-06,-0.3709279539707495,0.39961748054611235,42.33640655255513,46.300213670355376,47.75871594364636,-0.03069452422823815,0.5496693728473088,-0.5803638970755469,22.106261859581927,20.06586617302295,2.628512863146322,0.0005571049047980141,4725.917331147952,4715.520968852046,-0.9827091158625489,0.002202283585522223,1.519999999999527,1.519999999999527,0.649572649572407,0.22222222222239496,0.12820512820519797,-0.0017370606437280278,0.000494080051570922,-0.0017370606437280278,0.000975906771201851,-0.0017370606437280278,0.001638910973379426,4714.976679154336,0.0006762113712587198,36.0,-1.3850000000002183,0.13499999999930878
91202282,Sell,2026-04-09 09:07:52,2026-04-09 09:31:20,XAUUSD.f,0.01,4722.92,2.25,1408.0,23.466666666666665,True,2.25,0,2026-04-09,9,7,5,Thursday,2026-04,2026Q2,08:00-12:59,31.266666666666666,18.666666666666668,0.06,True,718.6299999999998,False,0,False,2026-04-09 09:07:00,4723.768,4724.995,4722.255,4724.395,39270.0,0.0001206649272571525,0.0006072186800545332,0.0013155474093020647,0.002318888545900011,0.003818184715574935,0.0010333682380276876,0.0018172854166558228,4720.232675451031,4719.767444444445,0.0008818049522466305,4717.958158015306,4714.96325,0.0013643279081987359,4717.730212615736,4718.49962,0.0014127105798552176,4717.9265508417575,4718.611129999999,0.0013710364263913493,4717.8475547357575,4717.0156799999995,0.001387803482049907,2.2745174357251017,0.22794539957067173,83.58956225493178,67.18984107593843,61.03124350087697,1.5210140423469056,-0.015278556505806506,1.536292598852712,96.6923925027594,97.36159616632665,3.0044000145208187,0.0006359332813028586,4726.419597572393,4703.506902427606,1.6465544433599635,0.004859570251112137,0.6270000000004075,0.6270000000004075,0.2288321167884881,0.21897810218959932,0.5521897810219126,0.00011219626301772756,0.003272467421323366,0.00011219626301772756,0.0040123132111999915,-0.0004189257094495691,0.0040123132111999915,4715.173111564096,0.0019557900034014725,52.0,-1.4750000000003638,-0.8479999999999563
91206718,Buy,2026-04-09 11:06:30,2026-04-09 11:15:00,XAUUSD.f,0.01,4720.48,2.93,510.0,8.5,True,2.93,1,2026-04-09,11,6,5,Thursday,2026-04,2026Q2,08:00-12:59,118.63333333333334,95.16666666666667,2.25,True,720.8799999999998,False,0,False,2026-04-09 11:06:00,4720.438,4721.508,4719.428,4721.508,27600.0,0.00023790432348191892,0.00018069526368691413,-0.0005116507988590646,0.0007227488704133478,0.0014960371877554834,-0.0007972022792324118,6.629677443958926e-05,4721.165773380979,4722.198666666667,7.248773617535334e-05,4720.453275493099,4719.3213000000005,0.0002234371246458026,4719.270805729017,4718.3131,0.0004740550739886615,4718.36577449512,4717.25314,0.0006659563194242491,4717.891420335096,4717.94047,0.0007665669560167548,0.7124978878800903,1.182469764081361,53.79029183017828,53.23673528505063,52.7595351675123,0.7827092952175008,0.6650161429655004,0.11769315225200039,59.06909354341935,60.85273028870415,2.6950645974590106,0.0005708058945275557,4725.869721168673,4712.772878831328,0.667855638382048,0.0027751537784352913,1.069999999999709,1.069999999999709,0.514423076922955,0.0,0.48557692307704503,-0.000956405675125116,0.0008627564368623997,-0.000956405675125116,0.0021805322808139405,-0.0020052864143800253,0.003437162284938289,4715.793697293329,0.0012117372119035226,30.0,-1.0280000000002474,0.04199999999946158
91227583,Buy,2026-04-09 16:53:03,2026-04-09 16:53:35,XAUUSD.f,0.01,4762.11,2.31,32.0,0.5333333333333333,True,2.31,1,2026-04-09,16,53,50,Thursday,2026-04,2026Q2,13:00-16:59,346.55,338.05,2.93,True,723.8099999999997,True,0,False,2026-04-09 16:53:00,4760.325,4765.195,4760.325,4764.158,52800.0,0.0008115043290384261,-0.0005412506414239626,-0.0013786135679301204,-0.0024972336128857853,-0.0011252692878219728,0.002304339913805631,0.004245981515657027,4766.42975963284,4768.019666666666,-0.000476616618182231,4766.139342712588,4768.67015,-0.0004157122925112937,4760.325079367559,4759.0968,0.0008051804380029352,4754.494847408974,4750.22851,0.0020324246636405936,4748.044364873441,4747.77412,0.0033937414834979197,0.2904169202520279,5.814263345028849,41.16276899978699,48.99847104661859,52.52164039965859,1.880520271621208,3.705276427151686,-1.824756155530478,27.15580736544151,12.608724416884632,3.8942613901274172,0.0008174081107569097,4779.993401502891,4757.346898497109,-0.7969707285663681,0.004749018550964886,3.8330000000005384,3.8330000000005384,0.787063655030929,0.212936344969071,0.0,-0.0026914296898795653,0.0010070671192481395,-0.0026914296898795653,0.00272625576038088,-0.0026914296898795653,0.005413732812353356,4726.697663371061,0.007925266073020371,3.0,-2.048000000000684,1.7849999999998545
91267065,Buy,2026-04-10 08:14:46,2026-04-10 08:15:19,XAUUSD.f,0.01,4760.4,-1.88,33.0,0.55,False,-1.88,1,2026-04-10,8,14,10,Friday,2026-04,2026Q2,08:00-12:59,921.7166666666667,921.1833333333333,2.31,True,726.1199999999997,True,0,False,2026-04-10 08:14:00,4759.085,4760.005,4758.805,4759.745,8550.0,0.00014288520959482298,0.00015549468849052062,-0.00038432661461806905,-0.0004556990202471134,0.000313140006157564,-0.0005039745744828128,-0.0015292524598623514,4759.990385981871,4760.443888888888,-5.155178098556869e-05,4760.408804569052,4759.87465,-0.0001394427655909139,4761.642941537895,4762.01336,-0.0003985896383239437,4761.853861875926,4764.0317000000005,-0.00044286572773887786,4761.142251259765,4758.773534999999,-0.00029346975705148084,-0.418418587180895,-1.234136968842904,46.24279712813468,45.63991405799057,45.21578250097926,-0.5925226926647156,-0.6350895026124297,0.04256680994771411,43.6762225969649,40.62121717987403,1.6889124878228075,0.000354832556748903,4762.573320501557,4757.175979498443,-0.09608434962701147,0.0011339250295412673,0.6599999999998545,0.6599999999998545,0.5499999999999621,0.21666666666688142,0.23333333333315648,-0.000701226201086036,0.00026899430803828395,-0.0007599669561328959,0.0005921889084721244,-0.001615120887603294,0.0005921889084721244,4759.388729234223,7.48564124607436e-05,46.0,0.6549999999997453,1.3149999999995998
91267485,Buy,2026-04-10 08:30:33,2026-04-10 08:47:06,XAUUSD.f,0.01,4760.62,4.78,993.0,16.55,True,4.78,1,2026-04-10,8,30,30,Friday,2026-04,2026Q2,08:00-12:59,15.783333333333333,15.233333333333333,-1.88,False,724.2399999999997,True,0,False,2026-04-10 08:30:00,4759.715,4761.915,4759.045,4761.565,35130.0,0.0004580423731215255,-0.0003128244372573308,0.00011342095452127055,-0.0003841797709408512,0.0006367505965596543,0.0009354409132424912,-0.0006044775414555392,4761.342661570314,4761.526111111111,4.669658234857591e-05,4761.129182289826,4760.727,9.153662786447973e-05,4761.428318310045,4760.96326,2.870602701900368e-05,4761.65648408905,4763.38217,-1.9212660416751805e-05,4761.136367270103,4758.813435,9.00274003583425e-05,0.21347928048817266,-0.299136020219521,51.98885310126427,51.62915219249495,50.71329700318047,0.18333593443821883,0.14446968533624915,0.038866249101969674,57.8947368420957,46.39656695695893,1.7268554231872786,0.00036266551505382763,4763.955749805903,4757.498250194097,0.5190863649253069,0.001356410399463416,1.8499999999994543,1.8499999999994543,0.6445993031357229,0.12195121951232651,0.2334494773519506,-0.00048699748209724003,0.0005021878792015322,-0.00048699748209724003,0.0006809118755024546,-0.000791130109425775,0.0009747887712405756,4759.43367487222,0.0004478106584470825,33.0,-0.944999999999709,0.9049999999997453
91276550,Buy,2026-04-10 14:42:46,2026-04-10 15:00:36,XAUUSD.f,0.01,4761.93,5.46,1070.0,17.833333333333332,True,5.46,1,2026-04-10,14,42,40,Friday,2026-04,2026Q2,13:00-16:59,372.21666666666664,355.6666666666667,4.78,True,729.0199999999996,True,0,False,2026-04-10 14:42:00,4760.695,4762.175,4760.435,4762.125,13170.0,0.0003045786574382703,0.000184195404230314,0.00012180920268534123,0.0005042308116538496,0.00036971954881614977,0.0017185690651257968,0.001684856171968896,4761.005303256022,4760.969777777777,0.00023518073865880484,4760.283601270566,4760.65415,0.0003868254254731471,4758.540400159213,4758.23906,0.0007532981837596225,4756.283741901293,4755.65344,0.0012281138837970012,4754.144100423144,4751.22838,0.001678724794258109,0.7217019854560931,1.7432011113523913,64.67134870131812,60.41995909429088,58.8251109016247,0.9327307495213972,0.9719131745170436,-0.03918242499564639,82.29144442073938,59.960173529626445,1.5272717963399252,0.00032071224429008584,4762.985778514549,4758.322521485452,1.2616503794000673,0.000979541231554641,1.430000000000291,1.430000000000291,0.8218390804600405,0.02873563218401619,0.14942528735594332,-8.398906042483834e-05,0.0008105890630791812,-0.00017426156661148884,0.0008953595782983381,-0.00017426156661148884,0.001914570194770704,4755.934192009282,0.0013017017773541773,46.0,-0.19499999999970896,1.235000000000582
91352434,Buy,2026-04-13 09:00:33,2026-04-13 09:31:12,XAUUSD.f,0.01,4728.93,3.06,1839.0,30.65,True,3.06,1,2026-04-13,9,0,0,Monday,2026-04,2026Q2,08:00-12:59,3977.7833333333333,3959.95,5.46,True,734.4799999999997,True,0,False,2026-04-13 09:00:00,4729.125,4729.535,4723.165,4728.065,48840.0,-0.00022837109033468916,-0.00022202885740785216,0.0011476619563823842,0.0009696230643263526,0.000984457220041035,0.0015018084188116454,0.001279112245276215,4726.486911319146,4725.649777777778,0.00033388195301549216,4724.584326130435,4723.9128,0.0007367153656912371,4722.207713959147,4721.18512,0.001240370266546651,4720.262251796667,4719.070519999999,0.0016530327738384044,4717.313972074529,4717.84111,0.002279057105190362,1.902585188710873,2.3766121712878885,65.16478096231256,63.665991713228394,61.76840769960421,1.9060748690126275,1.35604332842376,0.5500315405888674,75.36372453928139,82.05711168558815,2.526255500678561,0.000534310653656107,4729.749608448617,4718.075991551383,1.4227638397087783,0.002471175356419524,-1.0600000000004002,1.0600000000004002,0.16640502354794637,0.06436420722132834,0.7692307692307253,-0.0005369292088432953,0.0016460835604552582,-0.0005369292088432953,0.0017543171987706163,-0.0005369292088432953,0.0025423683889673754,4682.330639188372,0.009767435137719263,33.0,0.8650000000006912,-0.19499999999970896
91356501,Sell,2026-04-13 11:14:05,2026-04-13 11:15:39,XAUUSD.f,0.01,4734.02,2.56,94.0,1.5666666666666667,True,2.56,0,2026-04-13,11,14,10,Monday,2026-04,2026Q2,08:00-12:59,133.53333333333333,102.88333333333334,3.06,True,737.5399999999996,False,0,False,2026-04-13 11:14:00,4735.055,4735.795,4732.555,4732.815,17940.0,-0.00046673460013413326,-9.929678859399438e-05,-0.00023870154807459354,-0.0007031034733946395,-0.0001309831021236718,0.00016483394564903442,0.001023694076216497,4734.000577109204,4733.709444444445,-0.00025043873356012553,4734.234087119055,4734.341,-0.00029975009535689566,4733.267533831976,4733.2638,-9.56070682127619e-05,4731.186298722891,4730.6258,0.00034424796959457563,4727.41495185755,4727.104945,0.0011422835095802589,-0.23351000985167047,0.9665532870794777,41.9511109076029,46.62113311138513,48.60847706453347,-0.011542815121174499,0.2659393786388739,-0.2774821937600484,9.554140127380233,27.388535031843332,2.3478591827772153,0.0004960809122640997,4738.307472116611,4730.374527883389,-0.7694495033054911,0.0016756174160716052,-2.240000000000691,2.240000000000691,0.6913580246916179,0.2283950617283431,0.08024691358003898,-0.0009520140585668191,0.0001267905198727437,-0.0011986928339061675,0.0010279285653098658,-0.0014768508897499144,0.0012375805617346192,4689.836408153262,0.009164198514903353,5.0,1.2050000000008367,-1.0349999999998545
91397685,Buy,2026-04-13 18:37:59,2026-04-13 18:39:33,XAUUSD.f,0.01,4713.36,2.98,94.0,1.5666666666666667,True,2.98,1,2026-04-13,18,37,35,Monday,2026-04,2026Q2,17:00-21:59,443.9,442.3333333333333,2.56,True,740.0999999999996,False,0,False,2026-04-13 18:37:00,4712.175,4714.325,4711.765,4713.875,36030.0,0.00036501345987138833,0.0010405661529313548,0.0018085738300854803,0.0020470872584230637,0.0012510660080693459,0.0015105916696498412,-0.0006211831949806124,4709.485340332926,4708.121666666667,0.0009320890394285658,4708.243865777803,4707.386,0.0011960158357827051,4709.873518928864,4709.18466,0.0008495941674557747,4713.402202560035,4714.73415,0.00010030916515208148,4716.486051073865,4719.143565,-0.0005536009320478941,1.2414745551232045,-1.6296531510606656,80.75866119260965,64.14233113645145,57.29857479257446,0.557579395814173,-0.5687473571567299,1.126326752970903,96.32952691680416,97.34988533972108,2.7739720232643106,0.0005884695761479272,4713.285373379432,4701.486626620569,2.1998946608886096,0.0025064328183120655,1.699999999999818,1.699999999999818,0.6640625000000611,0.17578124999996392,0.16015624999997502,0.000328924681553211,0.0025116624291667833,0.000328924681553211,0.0025116624291667833,-0.0017470947931280678,0.002946792836208356,4702.22988739202,0.0024765085686694844,59.0,-0.5150000000003274,1.1849999999994907
91431248,Buy,2026-04-14 09:44:43,2026-04-14 09:47:16,XAUUSD.f,0.01,4768.65,4.42,153.0,2.55,True,4.42,1,2026-04-14,9,44,40,Tuesday,2026-04,2026Q2,08:00-12:59,906.7333333333333,905.1666666666666,2.98,True,743.0799999999996,True,0,False,2026-04-14 09:44:00,4767.745,4769.378,4766.998,4769.248,20430.0,0.00030475303573229695,6.353606510445253e-05,0.00039707552720535944,0.0008988523525355063,0.0003781899948505085,0.0007098396618452352,0.001727149090794411,4767.699863681779,4767.305333333334,0.00032471345984123884,4766.841872235269,4766.579650000001,0.0005047634952493914,4765.968371053045,4765.56832,0.0006881348535323269,4766.171605310545,4764.8257,0.00064546452461492,4766.823977155849,4767.900555,0.0005085194787487605,0.8579914465099137,0.8735011822236629,69.57079214868486,62.82556407786859,59.17346682820459,0.8147688447825203,0.497032217485058,0.3177366272974623,84.07348242811081,74.35037273695573,1.626458151149888,0.000341030315712223,4769.566438340638,4763.592861659363,1.786768726590834,0.001253220783014822,1.5029999999997017,1.5029999999997017,0.6315126050418625,0.05462184873953915,0.31386554621859836,-0.00020900394004930156,0.0011047473911021122,-0.00020900394004930156,0.0011047473911021122,-0.00020900394004930156,0.002078643009399306,4764.9656712359665,0.0008987113569114769,43.0,-0.5979999999999563,0.9049999999997453
91448019,Sell,2026-04-14 15:20:42,2026-04-14 15:23:34,XAUUSD.f,0.01,4768.7,1.1,172.0,2.8666666666666667,True,1.1,0,2026-04-14,15,20,20,Tuesday,2026-04,2026Q2,13:00-16:59,335.98333333333335,333.43333333333334,4.42,True,747.4999999999995,False,0,False,2026-04-14 15:20:00,4770.655,4770.665,4766.205,4766.435,34570.0,-0.0008720086278545258,-0.0011379198699039694,-4.1958320702084606e-05,-0.0014204262745339813,-0.0018992755739968281,-0.001372306847810978,-0.0022648989848772505,4769.939650936929,4769.307555555556,-0.0007347369554749313,4771.644367738517,4772.56365,-0.001091734282155941,4773.543213758152,4774.35022,-0.0014890854528486334,4774.747290245632,4773.6096,-0.0017408859025089918,4775.930227466408,4777.245199999999,-0.0019881419983483624,-1.7047168015878924,-1.8988460196351298,31.36431586341024,36.37398368284935,39.1208543525066,-1.7547154009789665,-1.361333780622327,-0.3933816203566396,5.938037865753148,31.927710843377394,2.700324841682697,0.0005665292491521854,4779.429647575488,4765.697652424512,-1.7852176417536387,0.0028772785777254574,-4.219999999999345,4.219999999999345,0.9461883408070203,0.002242152466416636,0.05156950672656302,-0.0017947625185732452,0.00014478323955646744,-0.002287872080110942,0.00014478323955646744,-0.0033628728632071336,0.00014478323955646744,4770.513384689955,-0.0008549152598635745,42.0,2.264999999999418,-1.9549999999999272
91488864,Buy,2026-04-14 20:38:32,2026-04-14 20:52:28,XAUUSD.f,0.01,4834.27,3.37,836.0,13.933333333333334,True,3.37,1,2026-04-14,20,38,35,Tuesday,2026-04,2026Q2,17:00-21:59,317.8333333333333,314.96666666666664,1.1,True,748.5999999999996,False,0,False,2026-04-14 20:38:00,4831.495,4838.898,4831.185,4838.098,40230.0,0.001381166012097923,0.0012008786715214104,0.0012831396689250152,0.0024200141802885877,0.0018637020826663964,0.0023764002529302886,0.004779354881585762,4832.202207983692,4831.641111111112,0.001220104573969911,4829.983307337676,4829.82345,0.0016800663989865923,4825.249752078006,4823.7531,0.002662711482749812,4819.715513741647,4818.36398,0.0038140189407325827,4811.633472011753,4811.109614999999,0.005500113036910553,2.2189006460157543,4.733555259669629,81.69140003310775,72.28307492846483,68.28321030560933,2.565146995573741,2.2194929892830895,0.3456540062906517,94.4055944055932,81.92867639607111,2.8267467036712435,0.0005842681780466711,4835.668620200968,4823.978279799032,2.8312434764107053,0.0024204488058328154,6.6030000000000655,6.6030000000000655,0.8560871256320873,0.10372099053548672,0.04019188383242593,0.0008895696510280438,0.0027981605928617537,0.0008895696510280438,0.0027981605928617537,0.0008895696510280438,0.006090906519869321,4782.958278246809,0.011528371887325486,32.0,-3.82799999999952,2.7750000000005457
91515698,Sell,2026-04-15 09:13:14,2026-04-15 09:29:49,XAUUSD.f,0.01,4819.15,4.27,995.0,16.583333333333332,True,4.27,0,2026-04-15,9,13,10,Wednesday,2026-04,2026Q2,08:00-12:59,754.7,740.7666666666667,3.37,True,751.9699999999996,False,0,False,2026-04-15 09:13:00,4817.185,4820.605,4817.145,4819.135,30570.0,0.0003985705433533493,0.0003196615738765285,0.00033419650131572,-0.0003215310687174622,-0.00023442694540654063,0.0011488271264470384,-0.0015993851068655252,4818.312618440928,4817.985000000001,0.00017067833164754266,4819.004446894615,4819.705650000001,2.7091302119271233e-05,4820.511566560372,4820.49458,-0.00028556441393494365,4822.227501513579,4823.11097,-0.0006413014551072816,4824.921519145549,4823.61497,-0.0011992980865258144,-0.6918284536868669,-1.5071196657563632,55.63371510974295,49.066061160644466,47.780284364106656,-0.7828832443847205,-0.660227858802106,-0.12265538558261446,33.80952380952701,18.459034598964866,2.2050571885350387,0.00045756285900582546,4823.449628779818,4815.961671220183,-0.304836129455004,0.0015536130426626997,1.949999999999818,1.949999999999818,0.5635838150289914,0.4248554913293977,0.0115606936416109,-0.00046667088398877343,0.0005896648772552027,-0.0011524044525093036,0.0005896648772552027,-0.0019508942116223116,0.001390145757510064,4833.876063464151,-0.0030495327705168693,14.0,0.014999999999417923,1.964999999999236
91531357,Sell,2026-04-15 16:00:14,2026-04-15 16:19:54,XAUUSD.f,0.01,4815.58,2.0,1180.0,19.666666666666668,True,2.0,0,2026-04-15,16,0,0,Wednesday,2026-04,2026Q2,13:00-16:59,407.0,390.4166666666667,4.27,True,756.2399999999996,True,0,False,2026-04-15 16:00:00,4811.305,4816.138,4811.005,4811.675,56550.0,7.066645743858402e-05,-0.00038225704085270706,-0.0006064892270274402,0.0003700704485232187,-4.987619274232635e-05,-0.00043832452010206246,-0.00034279837742090535,4812.012026383312,4812.384222222222,-7.00385579803834e-05,4811.867420356583,4811.4463,-3.998870703900463e-05,4811.3898215978,4812.16864,5.9271522943399374e-05,4809.575601045551,4809.902050000001,0.0004365039929912134,4807.77054984374,4804.000940000001,0.0008121124158862329,0.1446060267289795,0.47759875878364255,47.58973968555904,49.41159802498063,50.12653779490131,0.12332681771840726,0.056374441984009926,0.06695237573439733,40.6515957446806,43.62046198482496,2.19002886814039,0.0004551489591754202,4814.33441083149,4808.55818916851,0.15837342355910997,0.0012005167059600933,0.36999999999989086,0.36999999999989086,0.0720826027663948,0.8694720436391784,0.05844535359442684,-0.0007559214713885876,0.0003763099380129642,-0.0007559214713885876,0.0007300082255912166,-0.0009032345139403652,0.0007300082255912166,4821.273619934245,-0.0019908888586116003,14.0,3.9049999999997453,4.274999999999636
91585973,Buy,2026-04-16 09:43:59,2026-04-16 09:46:43,XAUUSD.f,0.01,4819.6,3.38,164.0,2.7333333333333334,True,3.38,1,2026-04-16,9,43,40,Thursday,2026-04,2026Q2,08:00-12:59,1063.75,1044.0833333333333,2.0,True,758.2399999999996,False,0,False,2026-04-16 09:43:00,4823.185,4823.185,4818.185,4822.235,44460.0,-0.00020732972786940973,0.00039001276876904356,0.0006654868990176865,0.0012353920085708125,0.001399024566098861,-0.00011611524022903108,-0.0005140199991088279,4820.555774231384,4820.062333333332,0.0003483469224839322,4819.745476338814,4818.420550000001,0.0005165259604282373,4821.312728210292,4821.07578,0.00019129059691792535,4823.621031382081,4825.98896,-0.00028734251158290614,4824.54318662844,4826.119615,-0.00047842594400179214,0.8102978925699063,-1.56725187147822,67.78412528284257,58.29846206776912,53.557198811208394,0.22344410085861455,-0.6588960715569371,0.8823401724155516,74.79570739391197,81.75139204766681,2.757574808786222,0.0005718457953181921,4822.987194919253,4813.8539050807485,1.67056999939609,0.0018954945388700915,-0.9500000000007276,0.9500000000007276,0.19000000000014552,0.0,0.8099999999998545,-0.0005305924914945637,0.001577896406749435,-0.0005305924914945637,0.0016887874277773385,-0.0011599402216522225,0.0016887874277773385,4822.2525534126335,-3.640085714997585e-06,59.0,-2.634999999999309,-3.5850000000000364
91596159,Sell,2026-04-16 15:36:23,2026-04-16 15:50:58,XAUUSD.f,0.01,4819.54,2.19,875.0,14.583333333333334,True,2.19,0,2026-04-16,15,36,35,Thursday,2026-04,2026Q2,13:00-16:59,352.4,349.6666666666667,3.38,True,761.6199999999995,False,0,False,2026-04-16 15:36:00,4820.175,4820.175,4816.335,4816.815,31940.000000000004,-0.0007074358562101368,-0.0004689696674154975,0.0006065774180781247,-4.567124797727473e-05,0.00013496215349761975,-0.0006203570476400744,-0.00045030229394782406,4817.203343288675,4816.520555555555,-8.061592193655255e-05,4816.802913322532,4816.336,2.5092738244174443e-06,4817.008165226612,4817.65912,-4.010066414388605e-05,4816.497762087275,4817.64148,6.586485209681569e-05,4815.952191577363,4814.195055,0.00017915635129135186,0.40042996614283766,-0.20525190407988703,49.38606578908523,49.886181391673006,49.640692519994026,0.13243854453412496,-0.307209242065672,0.439647786599797,58.61678004534392,80.89380196523062,2.3444791615163254,0.0004867280893113656,4819.7779817018645,4812.894018298136,0.2783280339578603,0.0014292946762286846,-3.360000000000582,3.360000000000582,0.8750000000001185,0.0,0.12499999999988158,-0.0007571883625335785,0.0010744766083115032,-0.0007571883625335785,0.0010744766083115032,-0.0012647952534929896,0.0011223309566934514,4819.887487282011,-0.0006374603743589947,23.0,2.725000000000364,-0.6350000000002183
91645065,Sell,2026-04-17 08:14:54,2026-04-17 08:40:27,XAUUSD.f,0.01,4805.2,4.0,1533.0,25.55,True,4.0,0,2026-04-17,8,14,10,Friday,2026-04,2026Q2,08:00-12:59,998.5166666666667,983.9333333333333,2.19,True,763.8099999999996,True,0,False,2026-04-17 08:14:00,4805.345,4805.935,4804.648,4804.648,16470.0,-0.0001512889212600399,1.3112474854803935e-05,0.00010053776254559388,0.0007817292400686959,0.00040872970015715104,0.0008129988158087631,0.002000602704244292,4804.001308319412,4803.842333333334,0.00013461521741647473,4802.693737787107,4802.559749999999,0.00040690960523194784,4800.263845530289,4799.75274,0.0009133153115726818,4797.765310245701,4796.87945,0.0014345615738229993,4795.048724799658,4794.141065,0.0020019140057316582,1.307570532304453,2.4298922568186754,64.32990646214532,63.80496471996815,63.05306229104702,1.4872849186385793,1.3017000321535603,0.18558488648501892,80.1388888888863,91.9171772443571,1.367563737202568,0.00028463349181928995,4806.450130425468,4798.669369574531,1.0735453974267273,0.0016201278601348876,-0.6970000000001164,0.6970000000001164,0.5415695415695218,0.4584304584304782,0.0,-0.00015961160482491632,0.001081997851839489,-0.00015961160482491632,0.0013150386654714463,-0.00015961160482491632,0.002249333262409392,4790.290753902671,0.0029971554619377208,54.0,0.5519999999996799,-0.14500000000043656
91655142,Buy,2026-04-17 13:51:42,2026-04-17 14:12:17,XAUUSD.f,0.01,4783.65,3.8,1235.0,20.583333333333332,True,3.8,1,2026-04-17,13,51,50,Friday,2026-04,2026Q2,13:00-16:59,336.8,311.25,4.0,True,767.8099999999996,False,0,False,2026-04-17 13:51:00,4786.245,4786.768,4782.115,4782.825,34110.0,-0.0007208110691507841,-0.0006581730995253166,-0.0005621129596292684,-0.0004012753030725458,-0.0012383176838239862,-0.0021822195008225354,-0.0018052896028886156,4785.484410621024,4785.487222222222,-0.0005557244351526348,4786.315951734355,4786.0765,-0.0007293609050380228,4788.271041083378,4788.6906,-0.0011373710962999026,4789.6950957294775,4791.292100000001,-0.0014343492836533887,4790.318859839526,4789.95605,-0.0015643759964190699,-0.8315411133307862,-1.9550893490231829,31.486639140545606,35.97983197449679,37.83398505253918,-1.0970998297161714,-1.170076125202627,0.07297629548645568,12.786885245896702,52.559698001436345,1.9067280673472877,0.0003986614746195581,4789.601044178771,4782.551955821229,-1.8450612817309322,0.0014728323622788168,-3.4200000000000728,3.4200000000000728,0.7350096711798605,0.11240060176232762,0.15258972705781187,-0.0011110774631930553,3.345415160782572e-05,-0.0013405035658021758,0.00016311013384440187,-0.0022800497730902647,0.00016311013384440187,4790.501179943229,-0.0016023751283826605,42.0,0.8249999999998181,-2.5950000000002547
91740834,Sell,2026-04-20 08:41:45,2026-04-20 08:45:12,XAUUSD.f,0.01,4786.71,4.4,207.0,3.45,True,4.4,0,2026-04-20,8,41,40,Monday,2026-04,2026Q2,08:00-12:59,4010.05,3989.4666666666667,3.8,True,771.6099999999996,False,0,False,2026-04-20 08:41:00,4791.475,4792.085,4788.325,4788.565,27630.0,-0.0006010712843411703,-0.0009867950960665839,-0.001124332623063884,-0.0013368161460697303,0.0005746147730323337,0.0007042555214573643,-0.00039036120936841723,4791.822209521665,4792.945,-0.0006797434001606494,4791.139669983305,4790.829500000001,-0.0005373815335494604,4790.144744683588,4789.074799999999,-0.00032979059460403934,4790.543285936634,4790.509099999999,-0.00041295648918186875,4791.352283480087,4792.63316,-0.0005817321113493402,0.6825395383602881,0.9949252997166695,31.886486465383854,43.58047694150177,46.51350711666829,0.9879229378520904,1.2692906118305904,-0.28136767397850004,21.551724137929515,48.957313683748026,2.368654008981176,0.0004946479809674038,4797.501895537456,4784.157104462545,-0.6787667149794733,0.0027854865373336643,-2.910000000000764,2.910000000000764,0.7739361702129243,0.16223404255309498,0.06382978723398079,-0.0015179806686831387,-0.000565611449979353,-0.0015179806686831387,0.0007914682771070769,-0.0015179806686831387,0.0009134243064925496,4783.51407308449,0.001055903011539186,45.0,-1.8549999999995634,-4.765000000000327
91776198,Sell,2026-04-20 18:25:31,2026-04-20 18:29:06,XAUUSD.f,0.01,4804.88,-1.53,215.0,3.5833333333333335,False,-1.53,0,2026-04-20,18,25,25,Monday,2026-04,2026Q2,17:00-21:59,583.7666666666667,580.3166666666667,4.4,True,776.0099999999995,True,0,False,2026-04-20 18:25:00,4803.595,4806.835,4802.615,4806.475,56220.0,0.0005912189414891689,0.0012269338007764308,0.0018070763609610019,0.002456882033163854,0.001199821276622437,0.0003767172112936201,-0.003565746033884931,4801.303325859833,4800.329444444445,0.0010771396408788194,4800.47587022278,4798.7298,0.0012496948093068793,4803.988731135909,4804.2941,0.0005175426095355536,4807.656381683466,4811.302599999999,-0.00024572922639947727,4807.964634906989,4811.161244999999,-0.00030982651082196033,0.8274556370533901,-3.5128609131288613,75.8316949780806,60.5230337271435,54.59766283105105,-0.26728687261947925,-1.714144726581433,1.4468578539619537,97.50173490631731,92.0259853984602,3.7381557597403248,0.0007777333201026375,4805.0814260290035,4792.378173970997,2.438808571107085,0.0026472113637252322,2.880000000000109,2.880000000000109,0.682464454976288,0.08530805687195518,0.2322274881517568,0.0003850456591305562,0.002640902913441767,0.0003850456591305562,0.002931709938079452,-0.0024842039288607287,0.003011240503793422,4794.676132605556,0.0024608267728883746,31.0,-1.5950000000002547,1.2849999999998545
91797166,Buy,2026-04-21 07:24:24,2026-04-21 07:28:52,XAUUSD.f,0.01,4791.72,0.82,268.0,4.466666666666667,True,0.82,1,2026-04-21,7,24,20,Tuesday,2026-04,2026Q2,00:00-07:59,778.8833333333333,775.3,-1.53,False,774.4799999999996,False,0,False,2026-04-21 07:24:00,4793.095,4793.095,4790.928,4791.975,14760.0,-0.0002253260185831607,-0.0005693780952111815,-0.00016900403418873555,-0.00037611253587455096,-0.00043595570773424797,-0.0006444125366390496,-0.00044012569656137757,4793.58769236451,4793.895,-0.0003364270079127784,4794.263861414751,4794.2741,-0.00047741665475939697,4795.646315206816,4795.12976,-0.0007655517036722156,4798.4832552210655,4798.57777,-0.0013563150843516533,4803.694304125092,4804.681315,-0.002439644028769156,-0.6761690502407873,-1.382453792065462,31.52918943561346,36.77990226720303,38.87028761056392,-0.7190989302853268,-0.5591453237474144,-0.15995360653791235,19.25694316719698,26.506641705020474,1.4676397402360628,0.0003062703249153142,4796.444402928861,4792.103797071139,-2.1186904089979683,0.0009053729025885357,-1.1199999999998909,1.1199999999998909,0.5168435625287029,0.0,0.48315643747129716,-0.0009152764645725675,2.0242585474949948e-05,-0.0011880754740577482,2.0242585474949948e-05,-0.0014378369930451163,2.0242585474949948e-05,4813.880148907203,-0.004550414266581872,24.0,-0.25500000000010914,-1.375
91806444,Buy,2026-04-21 10:42:50,2026-04-21 10:56:42,XAUUSD.f,0.01,4783.67,5.19,832.0,13.866666666666667,True,5.19,1,2026-04-21,10,42,40,Tuesday,2026-04,2026Q2,08:00-12:59,198.43333333333334,193.96666666666667,0.82,True,775.2999999999996,True,0,False,2026-04-21 10:42:00,4781.965,4784.675,4781.538,4784.405,29990.0,0.0005102504932594787,0.0006274306401570229,0.0003276297461882738,0.0006686594684857106,0.0,-6.95962871949396e-05,0.0011802212496323516,4782.549992568006,4782.407444444445,0.0003878699511508241,4782.467704837529,4782.66205,0.0004050827484964188,4781.8853668839265,4781.23414,0.0005269120697711609,4782.522309646996,4780.8858,0.0003936605479509865,4786.171711779045,4785.552265,-0.0003691283734549685,0.08228773047721916,0.5823379536022912,65.31351323576216,57.96246284144422,55.713171076250084,0.18879648818438,0.23702336425232423,-0.048226876067944235,93.59734408346215,48.04292989349775,1.80790923454404,0.0003778754588175625,4784.912736415155,4780.411363584844,1.5488163862039066,0.0009411856374654538,2.4399999999996,2.4399999999996,0.7778131973219997,0.08606949314644013,0.13611730953156015,8.507528640278039e-05,0.0008256531068779882,-0.00017345020672965283,0.0009037496195150041,-0.0005938693796518901,0.0025165561526234725,4800.441259319165,-0.003340580261873518,50.0,-0.7349999999996726,1.7049999999999272
91824729,Buy,2026-04-21 17:01:47,2026-04-21 17:09:31,XAUUSD.f,0.01,4777.82,3.78,464.0,7.733333333333333,True,3.78,1,2026-04-21,17,1,0,Tuesday,2026-04,2026Q2,17:00-21:59,378.95,365.0833333333333,5.19,True,780.4899999999997,True,0,False,2026-04-21 17:01:00,4775.835,4779.305,4774.835,4778.915,50880.0,0.0006449134025776626,-0.00043923727493022646,-0.0014730571577519225,-0.002204834559111468,-0.00241728673132946,-0.00039324003643748107,-0.00011089153656962392,4782.031941023419,4783.445333333333,-0.0006518026357539838,4783.573730443032,4786.590150000001,-0.0009739016696625233,4781.661762562509,4778.80692,-0.0005744368169271333,4781.314138665463,4779.22509,-0.0005017739048062282,4782.565572869543,4783.946345,-0.0007633084824287183,-1.5417894196134512,1.9119678805236617,33.3944945486688,41.687718901999034,45.83986120870399,-0.2982450850531677,1.5990987834590904,-1.8973438685122581,28.585558852620835,17.221422314153724,3.826149168622699,0.0008006313501333878,4795.796276552712,4777.38402344729,-1.6674004981478312,0.003846632472893416,3.0799999999999272,3.0799999999999272,0.689038031319855,0.08724832214771928,0.22371364653242573,-0.0030125037682373623,0.001210944169817152,-0.0031809501758909287,0.001210944169817152,-0.0031809501758909287,0.004061278451797712,4792.282921303659,-0.0027894683020974207,47.0,-1.0950000000002547,1.9849999999996726
91863976,Sell,2026-04-22 08:22:08,2026-04-22 08:41:48,XAUUSD.f,0.01,4770.12,3.89,1180.0,19.666666666666668,True,3.89,0,2026-04-22,8,22,20,Wednesday,2026-04,2026Q2,08:00-12:59,920.35,912.6166666666667,3.78,True,784.2699999999996,False,0,False,2026-04-22 08:22:00,4770.945,4771.385,4769.455,4770.835,28800.0,-1.886426636343863e-05,0.0005158990222036142,0.001862676437142996,0.0030717638463275687,0.0034072016043291686,0.0034852916276226775,0.0030738728169352747,4765.844238319586,4764.7408888888895,0.0010471936200276751,4761.450602280844,4759.0428,0.0019709114937916244,4758.220576447853,4756.61316,0.002651080030754684,4757.192544036576,4757.1172,0.002867753583050971,4754.626609544729,4756.765305000001,0.0034089723097778662,4.393636038742443,3.2300258329905773,93.52871779276254,85.75189871682736,79.75294101981618,3.976887738807818,2.2859232288014337,1.6909645100063844,96.82631275245133,96.86341753474774,2.2740306336222207,0.00047665254271468633,4772.267625152083,4745.817974847917,1.7833430483036752,0.005557766848444066,-0.10999999999967258,0.10999999999967258,0.0569948186526715,0.22797927461162848,0.7150259067357,-9.221853697383153e-05,0.0035000667831253107,-9.221853697383153e-05,0.003970988843562617,-9.221853697383153e-05,0.003991482928397794,4745.135622836487,0.0054159415465034,8.0,-0.7150000000001455,-0.8249999999998181
91873683,Sell,2026-04-22 15:29:56,2026-04-22 15:41:37,XAUUSD.f,0.01,4755.12,7.53,701.0,11.683333333333334,True,7.53,0,2026-04-22,15,29,25,Wednesday,2026-04,2026Q2,13:00-16:59,427.8,408.1333333333333,3.89,True,788.1599999999996,True,0,False,2026-04-22 15:29:00,4757.958,4759.495,4752.325,4752.925,91540.0,-0.0010578067313750106,-0.0006518048159964707,0.00030306314762662545,0.0011395435296148726,0.00017465980793729408,0.0005915646252776519,-0.0008681842022008057,4753.593395431272,4753.499777777778,-0.00014060845673390495,4752.6272419993775,4751.5876499999995,6.265124224163721e-05,4752.790780903034,4751.73572,2.824006003074276e-05,4753.769954729638,4754.80832,-0.0001777441352198911,4755.143814361487,4755.26781,-0.0004666135133043567,0.9661534318947815,-0.16353890365644475,49.47614068802104,50.97759134563675,50.53544307001587,0.6743765580986292,0.07395354897889114,0.600423009119738,47.73269689737581,72.77416657002685,2.557685259231153,0.0005381286805979798,4756.836745936483,4746.338554063516,0.509554413248778,0.0022094071805591857,-5.032999999999447,5.032999999999447,0.7019525801951738,0.2143654114365755,0.08368200836825072,-0.0010788014774094634,0.0012639761529833482,-0.0010788014774094634,0.0012639761529833482,-0.0010788014774094634,0.0012639761529833482,4751.955517365067,0.00020401761577743086,56.0,2.194999999999709,-2.837999999999738
91919177,Buy,2026-04-23 08:30:37,2026-04-23 08:40:07,XAUUSD.f,0.01,4698.9,2.69,570.0,9.5,True,2.69,1,2026-04-23,8,30,30,Thursday,2026-04,2026Q2,08:00-12:59,1020.6833333333333,1009.0,7.53,True,795.6899999999996,False,0,False,2026-04-23 08:30:00,4705.705,4706.115,4692.078,4697.125,67470.0,-0.001793620957313169,-0.0017384632877146533,-0.001946333466842698,-0.0022134679541034874,-0.0020777984684202666,-0.0020311535613707354,-0.0017872569219015144,4704.289799329903,4705.151666666668,-0.0015230352796129915,4705.551179092647,4706.4635,-0.0017906890759333792,4705.482592881017,4704.9496,-0.0017761393685020118,4705.516588164415,4704.6212,-0.0017833510959290267,4708.592135305963,4705.3216649999995,-0.0024353638999606944,-1.2613797627436725,0.06858621162973577,9.07489041110567,20.65549713321461,28.24511033239392,-0.8163456877873614,0.06504510591955576,-0.8813907937069172,29.55437137670418,16.239663513773536,2.261081038507756,0.0004813755304591119,4711.573062855075,4701.353937144925,-3.6553029152876806,0.0021712960719124787,-8.579999999999927,8.579999999999927,0.6112417183159025,0.02920852033909478,0.35954976134500277,-0.0025545984364497842,-0.0016917866521009017,-0.0027557772066651998,-0.0016917866521009017,-0.0027557772066651998,-0.00028307177572195474,4718.611346622233,-0.004553531758366576,37.0,1.7749999999996362,-6.805000000000291
91954421,Buy,2026-04-23 20:58:13,2026-04-23 21:08:22,XAUUSD.f,0.01,4708.33,2.91,609.0,10.15,True,2.91,1,2026-04-23,20,58,55,Thursday,2026-04,2026Q2,17:00-21:59,747.6,738.1,2.69,True,798.3799999999997,True,0,False,2026-04-23 20:58:00,4704.645,4710.685,4704.015,4708.915,88500.0,0.0009288889786365218,0.0014248604115294494,0.001927719046651566,0.005775463890001387,0.005951649788348945,-0.00041818044804753374,-0.00486902347972451,4698.448681824651,4696.416111111112,0.0022276114701084526,4695.313209662623,4688.91765,0.0028968866889189085,4701.3925330369,4701.44966,0.0016000508169098922,4709.634144228992,4714.83793,-0.00015269641058498684,4716.482767303495,4721.70571,-0.001604536192935534,3.135472162028236,-6.07932337427701,77.02414682024308,63.07792640953317,56.978537900728746,0.5406914313798552,-3.3378120084179246,3.87850343979778,96.2049742710111,90.36118715582704,7.305837681264447,0.0015514906685010128,4711.518062889124,4666.317237110877,1.769644660750749,0.009639927410166232,4.269999999999527,4.269999999999527,0.6401799100448996,0.26536731634189165,0.09445277361320874,-9.130781456878623e-05,0.00649133437853,-9.130781456878623e-05,0.009620404605873212,-0.002582022640885917,0.009620404605873212,4716.990005719706,-0.00171189799213355,13.0,-0.5850000000000364,3.6849999999994907
91973017,Sell,2026-04-24 11:25:06,2026-04-24 11:31:35,XAUUSD.f,0.01,4690.11,3.17,389.0,6.483333333333333,True,3.17,0,2026-04-24,11,25,25,Friday,2026-04,2026Q2,08:00-12:59,866.8833333333333,856.7333333333333,2.91,True,801.2899999999996,False,0,False,2026-04-24 11:25:00,4691.995,4692.025,4690.465,4690.665,33420.0,-0.00028772286533618185,-0.00025363102653419567,-0.0009690717038517427,7.248964623984833e-05,0.00023882914014050627,-3.197738559279628e-05,0.0018624738223109727,4691.782251326897,4692.529444444445,-0.00023812940734422366,4690.937866760377,4690.268,-5.8168913792365685e-05,4688.72940553616,4689.2644,0.00041281854771884084,4685.510929607019,4683.5739,0.0011000017864462902,4682.480266499961,4680.840645,0.001747948316749067,0.8443845665196932,2.2084612242169896,44.45632923917162,50.7368787300477,52.943930247304,1.0195987034221616,0.972962211287549,0.04663649213461263,37.908496732029754,48.33488951136551,2.0359873158183173,0.00043405088954728534,4695.11080518038,4685.42519481962,0.16395456154556076,0.002065044121308339,-1.3299999999999272,1.3299999999999272,0.8525641025643342,0.019230769230612267,0.12820512820505345,-0.0014157023746543818,0.0007104250069602802,-0.0014157023746543818,0.0009389140392188633,-0.0014157023746543818,0.0016870374661124288,4685.397812043869,0.0011241709172680858,6.0,-0.555000000000291,-1.8850000000002183
91984519,Buy,2026-04-24 16:32:20,2026-04-24 16:38:46,XAUUSD.f,0.01,4691.77,5.78,386.0,6.433333333333334,True,5.78,1,2026-04-24,16,32,30,Friday,2026-04,2026Q2,13:00-16:59,307.23333333333335,300.75,3.17,True,804.4599999999996,False,0,False,2026-04-24 16:32:00,4692.325,4692.565,4689.545,4691.175,83940.0,-0.00024721167606311933,-0.0012242051980817514,-0.0006433477944566279,-0.001330516187059927,-0.002165333185857987,-0.0017172971402852344,-0.003572646105189037,4694.802221630041,4694.853888888889,-0.0007726037133851811,4696.9371489341975,4698.42,-0.0012267885967996823,4699.126486140433,4698.1848,-0.0016921200490953457,4699.966099512474,4702.6089,-0.0018704601961673337,4697.752477347169,4697.15185,-0.0014001328036939938,-2.1349273041569177,-2.189337206235905,24.64582058604411,33.01080272666505,36.97558539517008,-1.9886373854023986,-1.2212989930734146,-0.767338392328984,11.179698216736059,10.59394879478488,2.910771775645441,0.0006204781905696209,4706.431519333512,4690.408480666488,-1.8086457008708188,0.003410303605685442,-1.1499999999996362,1.1499999999996362,0.38079470198669413,0.07947019867543685,0.539735099337869,-0.0018150075377071362,4.903063242056582e-05,-0.0030411317855650877,4.903063242056582e-05,-0.0030411317855650877,0.0002174768211287148,4690.056846702346,0.0002384093272644463,20.0,0.5950000000002547,-0.5549999999993815
92024986,Buy,2026-04-27 06:37:58,2026-04-27 07:23:16,XAUUSD.f,0.01,4722.65,3.9,2718.0,45.3,True,3.9,1,2026-04-27,6,37,35,Monday,2026-04,2026Q2,00:00-07:59,3725.633333333333,3719.2,5.78,True,810.2399999999996,True,0,False,2026-04-27 06:37:00,4721.355,4723.315,4721.318,4722.995,18030.0,0.0003388828937209709,0.00027956180804467046,0.0007988599823063325,0.0016712211685188105,0.001412113431297879,0.0007543275837043062,0.0029155292811084976,4720.216840394336,4719.735,0.0005885660976184658,4718.79941978945,4717.721,0.0008891202692265854,4716.8808337207865,4718.784000000001,0.0012962308132746174,4712.472615923245,4712.0382,0.00223287962272718,4705.976411207214,4701.99195,0.003616377836543337,1.4174206048855922,1.918586068663899,84.64375404550515,71.31642972468411,65.77533002882598,1.1751267959734832,0.42810289049608574,0.7470239054773975,96.52551574375995,91.09452034526343,1.4959579787965511,0.0003167392679425981,4722.928659941698,4712.513340058301,2.025477876452775,0.002207701532879411,1.6400000000003274,1.6400000000003274,0.8212318477720728,0.16024036054071453,0.0185277916872127,0.00010587623703139926,0.0018858298659025774,0.00010587623703139926,0.0018858298659025774,-3.810995781450277e-05,0.002092025795993546,4695.089195703186,0.0059436153678086015,58.0,-0.34500000000025466,1.2950000000000728
92029007,Sell,2026-04-27 11:51:00,2026-04-27 12:12:14,XAUUSD.f,0.01,4709.01,4.28,1274.0,21.233333333333334,True,4.28,0,2026-04-27,11,51,50,Monday,2026-04,2026Q2,08:00-12:59,313.03333333333336,267.73333333333335,3.9,True,814.1399999999995,False,0,False,2026-04-27 11:51:00,4711.205,4711.315,4709.925,4710.635,21060.0,-0.00013159975420562464,-0.0005389148503928132,-0.0005876855479212129,0.0007329221179961376,0.0004056299741437286,-0.00015918885847787667,-0.0005898059050603033,4711.414280063234,4712.172777777778,-0.0001654025769993895,4710.778378709831,4709.952499999999,-3.0436309735637845e-05,4711.036474958002,4710.7732,-8.522009119139882e-05,4711.995949587821,4712.7348,-0.0002888265614786696,4713.045059572359,4712.6382,-0.0005113593317898717,0.635901353403824,-0.25809624817156873,45.58560114700863,49.73943173691518,49.38909320003192,0.47574506688852125,0.17144142274311003,0.3043036441454112,57.49730312837324,64.97662711255242,1.6603961607775124,0.0003524782032098671,4714.597804924671,4705.307195075327,0.2938450805999719,0.001972548523439257,-0.569999999999709,0.569999999999709,0.41007194244600553,0.0791366906472796,0.5107913669067149,-0.0008357062937803805,0.0009732142952005862,-0.0008357062937803805,0.0011327639759803887,-0.0008357062937803805,0.0011327639759803887,4704.237581846291,0.0013599266708801733,0.0,-1.625,-2.194999999999709
92067522,Buy,2026-04-28 09:04:14,2026-04-28 09:14:44,XAUUSD.f,0.01,4631.5,7.36,630.0,10.5,True,7.36,1,2026-04-28,9,4,0,Tuesday,2026-04,2026Q2,08:00-12:59,1273.2333333333333,1252.0,4.28,True,818.4199999999995,False,0,False,2026-04-28 09:04:00,4630.365,4634.055,4629.885,4634.015,45570.0,0.000805565964082211,0.0017639982230313045,0.00047929582375738633,0.0005224981890687985,0.001398149558783368,-0.0022070230703890026,-0.006225545753901107,4630.778163365077,4631.126111111112,0.0006989833070672544,4631.674462270924,4629.6745,0.0005053329520764476,4638.834436926003,4640.2922,-0.0010389327300925153,4648.027856382286,4652.44296,-0.0030147961275757357,4658.172819173318,4661.5615450000005,-0.005186114837535191,-0.8962989058472886,-7.159974655079168,63.130510635375714,51.85869091717435,46.099646651655995,-2.1393158780429076,-3.1368425216014213,0.9975266435585137,97.86982248521437,63.07692307692789,3.259986751108467,0.0007034907636484705,4635.2792253379,4624.0697746621,1.5488716175435275,0.002421217879529182,3.6500000000005457,3.6500000000005457,0.8752997601919621,0.009592326139079838,0.11510791366895805,-3.884169742518484e-05,0.00178782012410994,-3.884169742518484e-05,0.0022486719274819045,-0.005438520997004814,0.0022486719274819045,4670.188084441628,-0.007745530541293562,14.0,-2.5150000000003274,1.1350000000002183
92099847,Buy,2026-04-28 19:35:59,2026-04-28 19:38:28,XAUUSD.f,0.01,4582.29,2.23,149.0,2.4833333333333334,True,2.23,1,2026-04-28,19,35,35,Tuesday,2026-04,2026Q2,17:00-21:59,631.75,621.25,7.36,True,825.7799999999995,True,0,False,2026-04-28 19:35:00,4580.488,4582.935,4580.285,4582.775,72900.0,0.0004337681639055013,2.116666281160029e-05,-5.5203677568727016e-05,-0.0003104141662294557,1.527482131180591e-05,-0.0002988561661990685,0.002029082791169534,4582.410455924701,4582.661,7.9552907537469e-05,4582.544863400056,4582.17115,5.022026118758179e-05,4581.612437217296,4582.93886,0.00025374533499596656,4579.461696455523,4578.487230000001,0.0007235137586237836,4579.473430827866,4575.95433,0.0007209495200711419,-0.13440747535514674,0.9324261827596274,52.38792068221008,51.06726843406184,51.69746891640666,-0.03628799983198405,0.07819629096140869,-0.11448429079339274,50.1712673785999,26.98863204084674,2.046118921413843,0.0004464803359130315,4584.912969648058,4579.429330351943,0.44047390237893286,0.0011967338444167767,2.2869999999993524,2.2869999999993524,0.8630188679241062,0.060377358490841894,0.07660377358505188,-0.0005393383302276789,0.0004403201391560696,-0.0006193280508721699,0.0011184765999185942,-0.0008611809079465127,0.0013744172656524611,4609.6369599413565,-0.0058273482651220775,59.0,-0.4849999999996726,1.8019999999996799
92117158,Buy,2026-04-29 09:00:38,2026-04-29 09:04:05,XAUUSD.f,0.01,4593.37,2.98,207.0,3.45,True,2.98,1,2026-04-29,9,0,0,Wednesday,2026-04,2026Q2,08:00-12:59,804.65,802.1666666666666,2.23,True,828.0099999999995,True,0,False,2026-04-29 09:00:00,4590.775,4595.155,4590.085,4595.145,44210.0,0.0009519089914014067,0.0005182063528179626,-5.5055079015930986e-05,-0.001356113431064676,-0.0008154132677523629,-0.0006937293607359729,-0.0017336048879835753,4594.722268586058,4595.111222222223,9.200369233037817e-05,4596.287063122243,4597.353300000001,-0.00024847515104221737,4597.993208500936,4598.195839999999,-0.0006194459999787733,4598.842192775023,4600.41212,-0.0008039399092300362,4598.387858225563,4598.802435,-0.0007052163335377821,-1.564794536185218,-1.7061453786927814,48.26824081067505,45.1424197350562,44.74270380037935,-1.4252756558271358,-0.7674567605728074,-0.6578188952543284,39.377431906616785,14.221873740352407,2.064934767930641,0.0004493731466429548,4604.021140160879,4590.685459839122,-0.6623734062962979,0.0029007299312318532,4.3700000000008,4.3700000000008,0.8619329388562231,0.001972386587634982,0.1360946745561419,-0.0016923984370841305,0.001041311529693223,-0.0016923984370841305,0.001041311529693223,-0.0016923984370841305,0.001041311529693223,4595.184440699945,-8.583050463770792e-06,38.0,-1.7750000000005457,2.5950000000002547
92125361,Sell,2026-04-29 13:38:23,2026-04-29 13:43:56,XAUUSD.f,0.01,4571.93,3.82,333.0,5.55,True,3.82,0,2026-04-29,13,38,35,Wednesday,2026-04,2026Q2,13:00-16:59,277.75,274.3,2.98,True,830.9899999999996,False,0,False,2026-04-29 13:38:00,4570.055,4571.285,4569.685,4569.745,26310.0,-5.032850289121704e-05,-0.0007281752431350652,-0.0008876635536496646,-0.0003128298522809825,0.0001685279521117522,0.0016307546295128983,0.0009703602051556182,4571.977586560923,4573.196111111111,-0.0004883196644457139,4571.274177580544,4571.8865,-0.0003345188936695566,4568.560278002304,4565.4044,0.00025932064493067365,4568.077322354484,4567.5352,0.0003650721141157248,4571.066977953539,4568.84045,-0.0002892055530831808,0.703408980378299,2.713899578240671,31.884438087948325,47.61673096123794,51.40995286656237,1.4389189833837008,2.1299758797105994,-0.6910568963268986,0.8902077151260034,26.74335367195573,1.912601315803992,0.0004185356766742985,4576.0650631762355,4567.707936823764,-1.0249934772693772,0.0018279382815981596,-0.3100000000004002,0.3100000000004002,0.1937500000003162,0.7687499999999894,0.037499999999694465,-0.001459654643089392,-4.376592669497192e-06,-0.001459654643089392,0.0003480617448401446,-0.001459654643089392,0.004020701117996683,4583.659864880694,-0.0030357542424357493,23.0,2.1850000000004,1.875
92181621,Buy,2026-04-30 13:58:53,2026-04-30 14:03:51,XAUUSD.f,0.01,4634.47,5.54,298.0,4.966666666666667,True,5.54,1,2026-04-30,13,58,55,Thursday,2026-04,2026Q2,13:00-16:59,1460.5,1454.95,3.82,True,834.8099999999996,False,0,False,2026-04-30 13:58:00,4635.035,4637.785,4633.625,4637.715,35460.0,0.0005803636442092142,0.0003645364293765052,0.00013586121453457167,0.00012507722979804292,-0.0002737667830353674,-0.00035134270031655923,0.0028109840282048992,4636.376705092372,4636.510555555556,0.00028865102918807975,4636.496001051014,4636.926,0.00026291383594633286,4634.304286270708,4634.77492,0.0007359710365580751,4629.344994945821,4628.84659,0.0018080322514993788,4618.9423595840335,4620.546,0.0040642725010444246,-0.11929595864239673,2.191714780306029,59.246793937689425,55.185730651017366,55.54768648384854,0.20564133019979636,0.5067087680756396,-0.3010674378758432,86.65254237287976,37.249492727703355,2.287943183771099,0.0004933341492030232,4639.847231860915,4634.004768139086,0.5401830717762929,0.0012599864051806322,2.680000000000291,2.680000000000291,0.6442307692308618,0.016826923076853705,0.33894230769228456,-0.00013582430802372425,0.0007962840079629441,-0.000691672457538095,0.0008222007140845644,-0.001934704268938936,0.0027546094843755586,4585.383227966439,0.011412736827401295,53.0,-3.244999999999891,-0.5649999999995998
92218142,Sell,2026-05-01 09:16:51,2026-05-01 10:12:50,XAUUSD.f,0.01,4600.22,4.15,3359.0,55.983333333333334,True,4.15,0,2026-05-01,9,16,15,Friday,2026-05,2026Q2,08:00-12:59,1157.9666666666667,1153.0,5.54,True,840.3499999999996,False,0,False,2026-05-01 09:16:00,4600.655,4601.835,4600.305,4600.585,23490.0,8.694622050109402e-06,-0.0002781480986512319,-0.00021297102181527805,-0.0004149923030877245,-0.0011658819940707499,-0.002052040706761016,-0.0028761198607237803,4601.751416497674,4601.667222222222,-0.0002534722961114338,4603.447662115578,4603.38,-0.000621851778426119,4606.799882104019,4608.0942,-0.0013490670884494036,4610.225430617502,4610.1202,-0.002091097444710106,4614.345678683923,4616.47288,-0.0029821516726609935,-1.6962456179044239,-3.352219988440993,25.45103783226439,30.92540497672313,33.678515533217094,-2.062423722769381,-2.003624489300736,-0.05879923346864535,4.491017964074383,4.909030391607496,1.677609100841932,0.0003646512564906272,4607.297370191676,4599.462629808324,-1.4269777239531312,0.0017019538650626831,-0.06999999999970896,0.06999999999970896,0.0457516339867455,0.771241830065678,0.18300653594757643,-0.0010531035613358108,6.521335091203007e-05,-0.0015257351145874232,6.521335091203007e-05,-0.0033124813821864274,6.521335091203007e-05,4621.644150529997,-0.004556636089687295,51.0,-0.3649999999997817,-0.4349999999994907
92274667,Buy,2026-05-04 08:18:10,2026-05-04 08:19:50,XAUUSD.f,0.01,4603.12,8.74,100.0,1.6666666666666667,True,8.74,1,2026-05-04,8,18,15,Monday,2026-05,2026Q2,08:00-12:59,4261.316666666667,4205.333333333333,4.15,True,844.4999999999995,False,0,False,2026-05-04 08:18:00,4601.805,4604.675,4601.385,4604.275,30990.0,0.0005541400235780092,0.0003193704708324141,0.0005606629731000901,4.1267700313873945e-05,6.298891069356216e-05,-0.0006511441144710917,-0.0018730022122671608,4603.317509172113,4603.396111111111,0.00020800017074178138,4604.27037943989,4604.1625,1.0035379611763806e-06,4606.161431210192,4606.94732,-0.0004095451795089789,4607.148115555836,4608.53326,-0.0006236212693347634,4607.4634536866315,4606.90718,-0.0006920193114240882,-0.9528702677771435,-1.8910517703016012,53.851734922372614,48.100654558613066,46.494836026865464,-1.1727023084886241,-1.151088789260264,-0.02161351922836019,61.036789297657236,28.862357729901507,1.9369741011253157,0.00042069035866131277,4606.881639716588,4601.443360283412,0.08274675943494779,0.0011811658326950712,2.469999999999345,2.469999999999345,0.7507598784192622,0.12158054711262922,0.12765957446810863,-0.0005057954827905053,0.0007933704659692786,-0.000664158347504662,0.0007933704659692786,-0.00183405289920191,0.0007933704659692786,4608.9784061527025,-0.0010204877823736655,10.0,-1.1549999999997453,1.3149999999995998
92286476,Sell,2026-05-04 13:52:28,2026-05-04 13:54:59,XAUUSD.f,0.01,4564.23,1.77,151.0,2.5166666666666666,True,1.77,0,2026-05-04,13,52,50,Monday,2026-05,2026Q2,13:00-16:59,334.3,332.6333333333333,8.74,True,853.2399999999996,False,0,False,2026-05-04 13:52:00,4563.975,4565.828,4562.398,4562.495,47400.0,-0.0003330400973704517,-0.0008343726492208159,-0.00014244561590759375,0.0009170055162928126,0.0011300439181145538,0.007247776601580824,-0.0034140614334471353,4562.813420961532,4563.066111111111,-6.978610172161157e-05,4559.568779267044,4560.6225,0.0006417757631514645,4557.666479122948,4550.0294,0.0010594283059477657,4562.383657162597,4565.197,2.4404531878428204e-05,4570.529409079492,4572.46405,-0.0017578727452298726,3.2446416944876546,1.9023001440964435,54.8452929916104,60.23876338796037,57.3904505914011,3.6958872021423304,3.5916895340082666,0.10419766813406373,55.138121546957805,69.54710208677777,3.465744316976098,0.0007596160252178026,4566.8904833661545,4554.354516633846,0.5974808453100352,0.0027487402722563034,-1.480000000000473,1.480000000000473,0.4314868804665736,0.5402332361515767,0.028279883381849676,-0.0008890728349927324,0.0010290040929787914,-0.0008890728349927324,0.0037068446832075885,-0.001855184069044502,0.008095707882820102,4590.086770568842,-0.006011165354380249,28.0,1.7349999999996726,0.25499999999919964
92319804,Buy,2026-05-04 20:24:33,2026-05-04 20:26:06,XAUUSD.f,0.01,4527.89,-2.54,93.0,1.55,False,-2.54,1,2026-05-04,20,24,20,Monday,2026-05,2026Q2,17:00-21:59,392.0833333333333,389.56666666666666,1.77,True,855.0099999999995,False,0,False,2026-05-04 20:24:00,4527.685,4528.395,4525.305,4525.515,69240.0,-0.00046602799480954804,-0.0008103003078920867,-0.0007396996819289958,0.0007319438194421934,0.0003979030509215775,0.0036771432721918185,0.0009311470913817566,4526.774929158379,4527.488333333334,-0.00027832820895572425,4524.491216195587,4525.1825,0.0002262760066255559,4521.047604416126,4517.8168,0.0009881328344144465,4523.561960776273,4518.51972,0.0004317480871627868,4533.226197744106,4538.223744999999,-0.0017010397027933028,2.283712962791469,3.4436117794612073,47.2201949179425,55.7495376054149,56.1312198474671,2.8964372391483266,3.0580608405640413,-0.16162360141571464,41.05691056910851,58.299457994582205,3.1086248586166487,0.000686910740239873,4530.243516609182,4520.121483390818,0.13139652590634948,0.002236823204006439,-2.1700000000000728,2.1700000000000728,0.7022653721682752,0.22977346278317248,0.06796116504855226,-0.0012799816388838758,0.0008935137316914421,-0.0012799816388838758,0.001861811934856572,-0.0012799816388838758,0.004051246268516051,4567.098487124844,-0.009105012130146074,33.0,2.375,0.20499999999992724
92331897,Sell,2026-05-05 06:17:31,2026-05-05 06:33:02,XAUUSD.f,0.01,4541.33,3.38,931.0,15.516666666666667,True,3.38,0,2026-05-05,6,17,15,Tuesday,2026-05,2026Q2,00:00-07:59,592.9666666666667,591.4166666666666,-2.54,False,852.4699999999996,False,0,False,2026-05-05 06:17:00,4541.695,4541.705,4540.198,4540.535,10080.0,-0.0002730210105079678,-0.0002884290415019475,-0.00011010705709157964,5.065738975673639e-05,-3.964133401901382e-05,-0.0010120711486018008,0.0006148428349324053,4541.0812409251885,4541.022777777778,-0.00012028873658233058,4541.033147786172,4540.5405,-0.000109699218208717,4540.849780353453,4541.67906,-6.932190419840016e-05,4539.16697154734,4540.0891599999995,0.00030138315273156514,4535.0170551155625,4533.807795,0.0012167418153837073,0.04809313901660062,0.18336743271902378,43.32046562251168,47.01477729944445,48.385866323636634,-0.0245802767258283,-0.1411769882323173,0.11659671150648901,32.58785942490388,58.45049685235849,1.2431794332777215,0.0002737958045203311,4542.707821578242,4538.373178421758,-0.0050753889551289335,0.0009546535608446092,-1.1599999999998545,1.1599999999998545,0.7697412076975162,0.006635700066503574,0.22362309223598023,-0.0004644870994763295,0.00022469360713639475,-0.0004644870994763295,0.0007295207974036266,-0.001326275990775394,0.0007295207974036266,4529.41958833335,0.002454047687540542,31.0,0.7950000000000728,-0.3649999999997817
92342438,Sell,2026-05-05 13:41:28,2026-05-05 13:51:12,XAUUSD.f,0.01,4548.47,4.84,584.0,9.733333333333333,True,4.84,0,2026-05-05,13,41,40,Tuesday,2026-05,2026Q2,13:00-16:59,443.95,428.43333333333334,3.38,True,855.8499999999996,True,0,False,2026-05-05 13:41:00,4549.485,4550.035,4547.775,4547.805,42570.0,-0.0003626808046237606,-0.0009665645549793433,-0.0008282847146316996,-4.397532544486715e-05,-0.0005735740586297888,-0.0009336442551770574,-0.0014513389754775563,4550.281362512607,4551.103888888889,-0.0005442218437322292,4550.800088305203,4550.4929999999995,-0.0006581454353267068,4552.029490453413,4552.57,-0.0009280454931745048,4552.635592346672,4553.9374,-0.0010610540309424353,4551.520366528877,4552.37658,-0.0008162913114042444,-0.5187257925954327,-1.2294021482102835,32.60852857838735,38.230542380692214,40.11889380650339,-0.6650375370845723,-0.6554749611331041,-0.009562575951468144,19.41875825627888,39.45398502862409,1.8455327812741336,0.00040580736888985643,4554.752506234739,4546.23349376526,-1.2621181197374725,0.0018721075869094152,-1.6799999999993815,1.6799999999993815,0.7433628318580616,0.24336283185846405,0.01327433628347431,-0.0013395097174840886,0.0003233373695514796,-0.0013395097174840886,0.0003233373695514796,-0.0019553559965895806,0.0003233373695514796,4542.301738153245,0.0012115579642210906,28.0,0.6649999999999636,-1.014999999999418
92396538,Sell,2026-05-06 08:30:50,2026-05-06 08:33:02,XAUUSD.f,0.01,4649.56,1.28,132.0,2.2,True,1.28,0,2026-05-06,8,30,30,Wednesday,2026-05,2026Q2,08:00-12:59,1129.3666666666666,1119.6333333333334,4.84,True,860.6899999999996,True,0,False,2026-05-06 08:30:00,4650.125,4651.785,4648.605,4649.655,37980.0,-0.00011397396017587269,-0.0003697831286447739,-0.0009067712390212757,-0.0001827758490745568,-0.0004664835843997128,-0.0002279219431852164,-0.0003289484292713363,4651.155887787247,4651.610555555556,-0.0003226913531726357,4651.521398357324,4651.9655,-0.00040124471059798414,4650.86062258923,4650.862319999999,-0.0002592256975783104,4648.679843608119,4648.82452,0.00020977060685768714,4641.48230620126,4644.2710099999995,0.0017607939144398891,-0.3655105700772765,0.6607757680940267,32.925067558685186,42.08590991206418,45.80417261215057,-0.15009285727137467,0.18318605665256144,-0.3332789139239361,16.20370370370533,19.635375877858184,1.8251070711017445,0.0003925252671653584,4655.184545107282,4648.746454892718,-1.4355188715895884,0.0013839505504853807,-0.47000000000025466,0.47000000000025466,0.14779874213843133,0.5220125786162587,0.33018867924531,-0.001166466348090367,-4.7313099814538795e-05,-0.0013616853110881566,8.323890986705607e-05,-0.00142817104979176,0.0008437846756217393,4615.52126572055,0.0073954234666754924,50.0,-0.09499999999934516,-0.5649999999995998
92408965,Sell,2026-05-06 12:41:15,2026-05-06 12:46:00,XAUUSD.f,0.01,4699.99,3.79,285.0,4.75,True,3.79,0,2026-05-06,12,41,40,Wednesday,2026-05,2026Q2,08:00-12:59,250.41666666666666,248.21666666666667,1.28,True,861.9699999999996,True,0,False,2026-05-06 12:41:00,4702.248,4702.505,4699.985,4699.985,40560.0,-0.0004812591764619123,-0.00039984133955361933,-0.0006570169516753044,0.0006855782650396769,0.0006834476848476267,0.000768677969710696,0.005496015976740765,4701.696412407392,4702.507555555556,-0.0003639989181088059,4700.426534577487,4699.816150000001,-9.393500233199153e-05,4696.153737903353,4697.86066,0.0008158297854952143,4689.464640408521,4688.04032,0.0022434031170267205,4679.378758968384,4677.2992349999995,0.004403627509767602,1.2698778299054538,4.272796674133133,43.35396698596212,51.08260677223996,53.505108018927736,1.7774006784529774,1.9791581651851282,-0.20175748673215077,39.3907563025192,59.47037815763709,3.0682060429632125,0.0006528118798173213,4707.006572899824,4692.625727100177,0.04696524873474443,0.0030598741186179017,-2.26299999999992,2.26299999999992,0.8980158730156856,0.10198412698431432,0.0,-0.0012261581829059454,0.0007985119995059797,-0.0012261581829059454,0.0018523669903511841,-0.0017946515137197139,0.002380127217373129,4641.8483130932855,0.012524469346128298,15.0,0.005000000000109139,-2.257999999999811
92461110,Buy,2026-05-07 07:56:52,2026-05-07 08:07:54,XAUUSD.f,0.01,4694.78,3.81,662.0,11.033333333333333,True,3.81,1,2026-05-07,7,56,55,Thursday,2026-05,2026Q2,00:00-07:59,1155.6166666666666,1150.8666666666666,3.79,True,865.7599999999995,False,0,False,2026-05-07 07:56:00,4695.045,4695.105,4694.095,4694.695,13440.0,-7.880615071353958e-05,-0.00012352844082608172,-0.00011713978716765272,-0.0007109355294288022,-0.0007662354109310154,-0.00031515009555660445,-0.0014229849289093544,4695.446578058436,4695.270555555555,-0.00016006529856997268,4695.9009212890605,4696.312,-0.0002568029669437298,4697.047310807325,4696.5136,-0.0005008062835374545,4699.081909528285,4699.82143,-0.0009335673675723743,4700.633913666161,4704.188230000001,-0.001263428247176398,-0.45434323062454496,-1.1463895182641863,32.4176403574271,40.43823330849568,42.150325779985636,-0.4700382630198874,-0.3203613811554653,-0.14967688186442207,18.036072144282077,24.91170042349513,1.2846437776745478,0.000273637324187098,4699.178298528216,4693.445701471784,-1.1282844296099583,0.0012206593293700454,-0.3500000000003638,0.3500000000003638,0.34653465346594386,0.05940594059359579,0.5940594059404604,-0.0008236557331865457,0.00019174250260167724,-0.0009044583411808027,0.0005306673514904325,-0.0012870300346009556,0.0005541234778918547,4701.637934556143,-0.0014767054913169147,52.0,0.08500000000003638,-0.2650000000003274
92535886,Sell,2026-05-07 19:37:09,2026-05-07 19:45:45,XAUUSD.f,0.01,4716.22,4.16,516.0,8.6,True,4.16,0,2026-05-07,19,37,35,Thursday,2026-05,2026Q2,17:00-21:59,700.2833333333333,689.25,3.81,True,869.5699999999995,False,0,False,2026-05-07 19:37:00,4717.865,4717.885,4715.165,4715.265,75420.0,-0.0005468598480874443,-0.0008518239521452253,-0.0009280359010053196,-0.0015098271110316475,0.0003627835041704053,-0.0010317501512138172,-0.006206905999622703,4717.59957272194,4717.681666666666,-0.0004948645356503573,4717.779758506129,4716.5485,-0.0005330385551793735,4722.538829530447,4721.12886,-0.0015402371040261612,4730.478648795084,4735.48209,-0.003216090785857145,4736.8834676982515,4742.837375,-0.004563858884363902,-0.18018578418923425,-4.759071024318473,39.53752679130412,43.68641848542617,42.868915268046855,-0.733874752909287,-1.0627497609359655,0.32887500802667846,12.788018433186,41.19414285188153,3.080900369334553,0.0006533885941372441,4725.523781312939,4707.573218687061,-0.2860077484477772,0.00380586834331882,-2.5999999999994543,2.5999999999994543,0.9558823529408863,0.007352941176630399,0.03676470588248325,-0.0016028508300628408,0.00023546107414817996,-0.0016028508300628408,0.002340434351454146,-0.004757477355019857,0.002340434351454146,4730.251105238911,-0.0031681415860382034,9.0,0.9549999999999272,-1.644999999999527
92561346,Sell,2026-05-08 09:30:27,2026-05-08 09:39:06,XAUUSD.f,0.01,4732.98,5.57,519.0,8.65,True,5.57,0,2026-05-08,9,30,30,Friday,2026-05,2026Q2,08:00-12:59,833.3,824.7,4.16,True,873.7299999999994,True,0,False,2026-05-08 09:30:00,4733.425,4734.095,4729.445,4730.225,39050.0,-0.0006675983466377655,0.00023471622068838016,0.0007383532184479513,0.0008230478795938634,0.0016941166505195504,0.002821759561069115,0.0011153545377682317,4729.57682706499,4728.983888888889,0.00013704670813286437,4727.802207709195,4726.7815,0.0005124563559057415,4725.484455783487,4726.161599999999,0.001003186924191806,4722.839937896614,4721.04,0.0015636909572411288,4719.979375801115,4719.702249999999,0.0021706925778985494,1.7746193557950392,2.317751925707853,57.44419108018552,57.33786823618462,56.415630419027984,1.6755499808468812,1.0293194203061176,0.6462305605407637,63.483642793993056,84.50127118057377,2.8160706809963494,0.0005953354609973837,4732.854089920984,4720.708910079016,1.1341124774789628,0.002569439658246853,-3.199999999999818,3.199999999999818,0.6881720430106328,0.14408602150537508,0.1677419354839921,-0.000872346919485123,0.001246736313153196,-0.000872346919485123,0.0018617221247354543,-0.000872346919485123,0.0038049400557478297,4712.9154044591605,0.003672799966759902,27.0,2.7549999999991996,-0.44500000000061846
92611594,Buy,2026-05-11 07:03:52,2026-05-11 07:10:26,XAUUSD.f,0.01,4674.86,2.56,394.0,6.566666666666666,True,2.56,1,2026-05-11,7,3,0,Monday,2026-05,2026Q2,00:00-07:59,4173.416666666667,4164.766666666666,5.57,True,879.2999999999995,False,0,False,2026-05-11 07:03:00,4676.815,4676.815,4673.175,4675.525,44220.0,-0.00027582874242404465,-0.0005771419715812076,-0.0006412277373745168,-0.0005920960520874319,-0.0019872631586812517,-0.0024514536437371115,-0.0017400865773138374,4677.557664432292,4677.401666666668,-0.0004345567875621098,4679.602723325076,4680.3935,-0.0008713823728564429,4682.51447802161,4683.9888,-0.0014926762222341506,4684.609730823256,4685.585999999999,-0.0019392716459348427,4687.351260856784,4687.727865,-0.002523015707302268,-2.0450588927842546,-2.911754696533535,22.923306657883515,29.444734720898893,34.234356152760895,-2.2906967533335774,-2.047979427434788,-0.24271732589878958,25.543478260864138,13.49734079211843,1.9925069379600788,0.0004261568354270545,4688.207927336261,4672.57907266374,-1.2460286059376022,0.0033392180961965916,-1.2899999999999636,1.2899999999999636,0.3543956043956511,0.0,0.6456043956043489,-0.0010938663367977552,3.849983263259915e-05,-0.0026429660094093865,3.849983263259915e-05,-0.0031278017225296884,3.849983263259915e-05,4688.753847092964,-0.0028213993577773815,52.0,-0.6649999999999636,-1.9549999999999272
92626347,Sell,2026-05-11 15:38:02,2026-05-11 15:45:50,XAUUSD.f,0.01,4696.5,1.66,468.0,7.8,True,1.66,0,2026-05-11,15,38,35,Monday,2026-05,2026Q2,13:00-16:59,514.1666666666666,507.6,2.56,True,881.8599999999994,False,0,False,2026-05-11 15:38:00,4696.368,4698.205,4695.628,4695.805,50160.0,-0.00012137020574376489,-0.00014478913485282963,0.000895216029482615,0.0018240953393831028,0.0009372452790292751,0.00544495891657526,0.004382592402864871,4694.172967092018,4694.553888888889,0.0003476720860999019,4689.450868587185,4689.638800000001,0.0013549841102673695,4681.839252814079,4678.54838,0.0029829617019692905,4676.430900142194,4674.63602,0.004142924437783708,4672.420991576019,4668.11141,0.005004687819470967,4.722098504832502,7.611615773105768,64.52569890332231,66.96975812656598,66.64654865343257,5.567506487927858,5.34632426645519,0.22118222147266753,80.9859154929622,87.61835344895569,3.334793510712001,0.000710164393690113,4703.2954491119735,4675.982150888028,0.9030326472390204,0.005824179513344571,-0.5630000000001019,0.5630000000001019,0.21847109041523188,0.7128443927044523,0.06868451688031582,-0.0005172155075255924,0.0018903571516202256,-0.0005172155075255924,0.005617213557979062,-0.0005172155075255924,0.006108463253340579,4677.70475749354,0.003869470914654182,2.0,0.694999999999709,0.1319999999996071
92649888,Buy,2026-05-12 05:30:04,2026-05-12 06:18:08,XAUUSD.f,0.01,4722.52,4.27,2884.0,48.06666666666667,True,4.27,1,2026-05-12,5,30,30,Tuesday,2026-05,2026Q2,00:00-07:59,832.0333333333333,824.2333333333333,1.66,True,883.5199999999994,False,0,False,2026-05-12 05:30:00,4726.835,4729.245,4722.015,4723.345,56850.0,-0.000734109543106598,-0.0004169034233695301,-0.00102153579340869,-0.0007002838159331226,-0.0012306612266647088,-0.0014734748108740092,-0.0027405213958078267,4726.393050618608,4726.825000000001,-0.0006448999450455699,4727.453913573391,4728.2015,-0.000869159942859203,4729.966024450196,4728.031599999999,-0.0013998038074628627,4735.493491162131,4736.3336,-0.002565411859356109,4740.617456499229,4748.032965,-0.003643503543098304,-1.0608629547832606,-2.5121108768043996,29.313912291958616,36.83584117894259,39.435313266715234,-1.0632763043568048,-0.7185456516384671,-0.3447306527183377,15.871121718376013,30.08234261207315,2.695753701530322,0.0005707297903350956,4733.0477042591665,4723.355295740834,-2.0042489916985655,0.0020499144375155627,-3.4899999999997817,3.4899999999997817,0.48271092669432814,0.3333333333333333,0.18395573997233852,-0.0014586982281044047,-0.00019537418283632757,-0.0021653732522533,-0.00019537418283632757,-0.0021653732522533,0.0006779452749863246,4746.145332857308,-0.004803968538313022,4.0,-0.8249999999998181,-4.3149999999996
92660254,Buy,2026-05-12 13:41:21,2026-05-12 14:01:20,XAUUSD.f,0.01,4688.79,2.73,1199.0,19.983333333333334,True,2.73,1,2026-05-12,13,41,40,Tuesday,2026-05,2026Q2,13:00-16:59,491.28333333333336,443.21666666666664,4.27,True,887.7899999999994,True,0,False,2026-05-12 13:41:00,4687.115,4692.265,4686.885,4691.815,44640.0,0.0009984777481337748,-0.00019817825174828219,-0.0004516466461510493,-0.0009922335368549584,-0.0018402434652743382,-0.0032419283737777915,-0.001738303420117271,4691.805216528753,4691.920555555555,2.085225365378168e-06,4694.856048577982,4696.0064999999995,-0.0006477405369869027,4698.07723118719,4699.7642000000005,-0.0013329349176338754,4699.418141738531,4699.74633,-0.0016178900257891012,4701.1870102147095,4700.3612650000005,-0.0019935412469970822,-3.0508320492290295,-3.221182609207972,45.21080806045628,40.92798227779729,41.20623659226495,-3.1477296956127248,-2.480368058226102,-0.6673616373866227,41.17295032913935,20.219967946662482,2.8060498094457156,0.0005980734128361233,4705.706933570913,4686.306066429086,-0.8641881766126301,0.004131354405456401,4.699999999999818,4.699999999999818,0.8736059479553389,0.08364312267671346,0.04275092936794773,-0.0010666780218552274,0.0014685369167339868,-0.0023941782769784092,0.0014685369167339868,-0.0035002054883988,0.0014685369167339868,4720.058146042128,-0.005983643668841452,21.0,-3.024999999999636,1.675000000000182
92699406,Buy,2026-05-13 08:32:18,2026-05-13 08:38:05,XAUUSD.f,0.01,4696.22,3.18,347.0,5.783333333333333,True,3.18,1,2026-05-13,8,32,30,Wednesday,2026-05,2026Q2,08:00-12:59,1130.95,1110.9666666666667,2.73,True,890.5199999999994,True,0,False,2026-05-13 08:32:00,4696.915,4696.995,4694.235,4696.615,61680.0,-7.664507475568794e-05,-0.00025969409313020275,-0.00027884651202403354,-0.0014776026269435194,-0.0013141121396956779,-0.0010953333482214278,-0.0011038314009195194,4698.197879314505,4697.93611111111,-0.00033691201502490594,4699.862834144524,4700.739,-0.0006910487091087894,4700.7848644697715,4701.2816,-0.0008870570745087806,4700.536640607757,4700.0754,-0.0008342963596706548,4701.232926549158,4698.670415,-0.0009822798872779843,-1.6649548300183596,-0.9220303252477606,23.53204250577197,32.69989576181257,37.888397231469014,-1.524486004767823,-0.9588783186268498,-0.5656076861409732,32.20829315332582,34.65123754420099,1.9374663748868084,0.00041252399332004187,4706.444419021272,4695.0335809787275,-1.4456431629731914,0.002427456202640506,-0.3000000000001819,0.3000000000001819,0.10869565217397036,0.028985507246348158,0.8623188405796814,-0.001494585582032748,0.0007116565724361035,-0.0021479903754735297,0.0007116565724361035,-0.0022243065506571957,0.0007116565724361035,4706.745970758392,-0.002152436273666142,18.0,-0.39499999999952706,-0.694999999999709
92704162,Sell,2026-05-13 13:32:46,2026-05-13 13:46:28,XAUUSD.f,0.01,4698.28,2.59,822.0,13.7,True,2.59,0,2026-05-13,13,32,30,Wednesday,2026-05,2026Q2,13:00-16:59,300.46666666666664,294.68333333333334,3.18,True,893.6999999999994,False,0,False,2026-05-13 13:32:00,4698.705,4699.545,4697.145,4697.335,30060.0,-0.0002724207026963965,-0.0004511161400629904,-0.0005702109461352967,-0.0017065626152275026,-0.0008826998278202991,-0.0006701436128399019,0.0013771417912435968,4699.680694549431,4700.065,-0.0004991178554218209,4700.706027340322,4701.5,-0.0007171321330701219,4699.779371034917,4700.05946,-0.0005201033584643887,4698.76157447379,4697.08513,-0.0003036064825122087,4699.2094975630935,4699.252165,-0.000398896359922983,-1.025332790891298,0.9266563054052313,23.67464448466815,38.31274525440296,43.83183189283346,-0.5634498825438641,0.19489893173983053,-0.7583488142836946,2.1939953810577717,5.937959059582721,2.0004042910972526,0.00042585940561983606,4705.713109852668,4697.286890147332,-1.977161833253503,0.0017922407115464904,-1.3699999999998909,1.3699999999998909,0.5708333333333744,0.35000000000011366,0.07916666666651193,-0.0017999045859317109,-7.663332762120056e-05,-0.0021773372121799417,-7.663332762120056e-05,-0.002751420027832685,0.0011807847529570203,4704.323935779894,-0.001485640843466957,46.0,0.944999999999709,-0.4250000000001819
92707912,Buy,2026-05-13 16:16:14,2026-05-13 16:17:46,XAUUSD.f,0.01,4688.92,-2.09,92.0,1.5333333333333334,False,-2.09,1,2026-05-13,16,16,15,Wednesday,2026-05,2026Q2,13:00-16:59,163.46666666666667,149.76666666666668,2.59,True,896.2899999999994,False,0,False,2026-05-13 16:16:00,4688.715,4688.955,4686.555,4686.815,50640.0,-0.0004116240059973686,-0.00041375589042302874,-7.68053251692935e-05,-0.0002879591481955712,-0.00017706118957405703,0.0017376677421110376,-0.0011316834057064629,4687.896645259896,4687.797222222222,-0.00023073146482233036,4686.940826430906,4687.3279999999995,-2.6846174416519988e-05,4686.661558320134,4683.810460000001,3.27400811764319e-05,4689.090125790796,4690.7905599999995,-0.0004851955773430509,4692.403362694951,4694.611295,-0.0011909382597795606,0.9558188289902319,0.2792681107721364,43.75136763175268,51.03700680120558,50.862718193244625,1.1154768679425615,1.1347946833584084,-0.019317815415846873,26.666666666660447,54.30199430199335,2.3971546081201747,0.0005114677255492643,4690.8624982341935,4683.793501765806,-0.29028165584406646,0.001508107917429274,-1.9000000000005457,1.9000000000005457,0.791666666667014,0.0999999999999242,0.10833333333306175,-0.000914496691078126,0.00033295946538647314,-0.000914496691078126,0.0017248215066218986,-0.000914496691078126,0.002464015639654704,4701.120065097568,-0.003042905711720307,14.0,2.105000000000473,0.20499999999992724
92708453,Sell,2026-05-13 16:27:45,2026-05-13 16:29:24,XAUUSD.f,0.01,4692.21,1.18,99.0,1.65,True,1.18,0,2026-05-13,16,27,25,Wednesday,2026-05,2026Q2,13:00-16:59,11.516666666666667,9.983333333333333,-2.09,False,894.1999999999994,False,0,False,2026-05-13 16:27:00,4693.165,4693.225,4690.385,4690.435,84670.0,-0.0005838265140336585,-0.0007520294676248707,-0.000379351756046975,0.0006997848374974414,0.0004479202104799018,0.0015694782392376982,0.0008129517509936068,4691.843491824747,4692.431333333333,-0.0003002000870661006,4690.387506808468,4690.04635,1.012564344916053e-05,4688.557672962938,4685.965740000001,0.00040040608818525653,4689.652806828604,4689.5306,0.00016679127509336097,4692.3523328620195,4694.17818,-0.0004086080340965406,1.455985016278646,1.8298338455297198,43.04266319477725,52.92727269860377,53.705866632099294,1.7657685506901544,1.7672949164428404,-0.0015263657526860541,49.87834549878634,71.57339821573461,2.2507491995778763,0.0004798593732943482,4695.200862217775,4684.891837782225,0.15079991416473693,0.0021980645107163754,-2.7299999999995634,2.7299999999995634,0.9612676056335998,0.021126760563520107,0.01760563380288005,-0.000877612468061395,0.0008748841045296274,-0.000877612468061395,0.0011055961735273456,-0.000877612468061395,0.0028457652938504996,4700.958964135015,-0.002238684535496875,45.0,1.7749999999996362,-0.9549999999999272
92749649,Sell,2026-05-14 07:37:00,2026-05-14 07:54:42,XAUUSD.f,0.01,4709.23,2.85,1062.0,17.7,True,2.85,0,2026-05-14,7,37,35,Thursday,2026-05,2026Q2,00:00-07:59,909.25,907.6,1.18,True,895.3799999999993,True,0,False,2026-05-14 07:37:00,4709.848,4709.865,4706.325,4707.265,49710.0,-0.0005583988602718692,-0.000314945713807413,-0.00014507381984674161,0.0007547225969259941,0.0042047506642588495,0.006241897023662624,0.00492078181723099,4706.025769380079,4706.616333333334,0.0002633284815363368,4699.761169019159,4698.389550000001,0.0015966409166292882,4690.9538826248445,4685.3187,0.0034771429827037408,4687.83931396461,4684.8459299999995,0.004143846393694331,4688.266411773289,4687.609045,0.004052369587829163,6.264600360919758,8.80728639431436,68.28053643268673,75.45960797423085,74.42519809156909,7.20691196475218,6.716680159898576,0.49023180485360385,78.50226488800335,87.33182188852312,3.137305070276157,0.000666481506835956,4718.095647525114,4678.683452474887,0.9007821044921327,0.008388447707624994,-2.582999999999629,2.582999999999629,0.7296610169490552,0.004802259886956371,0.2655367231639884,-0.0010977332752175606,0.0014545483943164683,-0.0010977332752175606,0.005517538959741941,-0.0010977332752175606,0.008375882172116933,4691.0350299295205,0.003459784454162057,0.0,1.964999999999236,-0.6180000000003929
92755985,Buy,2026-05-14 14:27:21,2026-05-14 14:35:08,XAUUSD.f,0.01,4691.09,2.64,467.0,7.783333333333333,True,2.64,1,2026-05-14,14,27,25,Thursday,2026-05,2026Q2,13:00-16:59,410.35,392.65,2.85,True,898.2299999999993,False,0,False,2026-05-14 14:27:00,4690.085,4692.145,4690.015,4692.145,30120.0,0.0004925546421143956,-0.00026207153700685826,-0.00061341526402936,-0.0006070294004572041,-0.0009347316691985519,-0.0006985523142206684,-0.0009283499112637816,4692.806544333449,4693.2972222222215,-0.0001409698710566621,4694.0825312720835,4695.095,-0.00041276037631959585,4694.9651156304535,4694.758199999999,-0.0006006680690905157,4695.564501927749,4696.3597,-0.0007282408592927867,4696.1767079158035,4696.470255,-0.0008585085627223671,-1.27598693863456,-0.882584358369968,41.55138707303418,42.189928126227095,43.75247045425762,-1.0719001062298048,-0.4683555980873415,-0.6035445081424633,36.96471394313378,15.85017700125656,1.8011994047323334,0.00038387547800256244,4699.79542773987,4690.39457226013,-1.255204914640847,0.002002271621711622,2.0600000000004,2.0600000000004,0.9671361502348801,0.0,0.03286384976511989,-0.0009687663346245046,0.0006903526364774315,-0.001374876160051608,0.0006903526364774315,-0.001374876160051608,0.0006903526364774315,4694.673329362693,-0.0005385527778640619,21.0,-1.055000000000291,1.0050000000001091
92794484,Sell,2026-05-15 06:52:48,2026-05-15 06:56:18,XAUUSD.f,0.01,4615.85,4.14,210.0,3.5,True,4.14,0,2026-05-15,6,52,50,Friday,2026-05,2026Q2,00:00-07:59,985.45,977.6666666666666,2.64,True,900.8699999999993,False,0,False,2026-05-15 06:52:00,4615.565,4617.045,4615.325,4615.565,24660.0,2.1665866833942005e-06,-6.499703722018246e-06,0.0003901369055423487,-0.0002815763510520819,0.00022320775549422578,0.0007653888142651333,-0.0009804993187371158,4614.947599175894,4614.535,0.00013378284603192942,4614.499890440647,4614.007500000001,0.00023081798345243765,4614.673216233914,4614.9254,0.00019324960279926473,4615.701940802446,4614.991,-2.966846737568609e-05,4620.737366505006,4616.3126950000005,-0.0011193811928157586,0.4477087352470335,-0.17332579326739506,59.74823263978855,54.73992419203209,52.524517675062214,0.3198966892568933,0.08908413360081913,0.23081255565607417,64.77987421382689,65.59103980283562,1.7457126922641064,0.0003782229677762325,4618.203226493269,4609.811773506733,0.7424220823249867,0.0018186907989499416,0.0,0.0,0.0,0.8604651162792173,0.13953488372078265,-0.0003638533367842367,0.0006699223302022439,-0.0003638533367842367,0.0018123747209539687,-0.0014322230719888696,0.0018123747209539687,4625.495861893535,-0.002146983197055598,48.0,0.285000000000764,0.285000000000764
92816284,Sell,2026-05-15 14:15:09,2026-05-15 14:32:57,XAUUSD.f,0.01,4567.8,7.18,1068.0,17.8,True,7.18,0,2026-05-15,14,15,15,Friday,2026-05,2026Q2,13:00-16:59,442.35,438.85,4.14,True,905.0099999999993,True,0,False,2026-05-15 14:15:00,4566.245,4568.545,4566.135,4567.175,45900.0,0.0002211921820609586,0.00023433539088579813,-0.00013792182459626545,0.0006353692536056332,-2.6273757223860272e-05,0.001908533007200841,0.0011047459139197358,4566.055574970665,4565.685,0.0002451623750424475,4564.965912588714,4565.4225,0.0004839219949473145,4561.705449357694,4560.357800000001,0.001199014426298833,4558.901943312517,4555.2459,0.0018147038015632702,4560.344610292614,4556.080164999999,0.001497779288865685,1.0896623819508022,3.2604632310194575,58.47061879542002,57.149679567632376,56.92533691549525,1.4667305372850024,1.5108200668288048,-0.04408952954380241,79.5483061480545,71.22624697688978,3.1751798079988065,0.000695217461121767,4569.3762902785975,4561.468709721402,0.8864911270013495,0.0017320588745500807,0.930000000000291,0.930000000000291,0.3858921161827167,0.5684647302904454,0.04564315352683785,-0.0003567672509551256,0.001390096331044699,-0.0006258157760279381,0.001390096331044699,-0.0011612941321840209,0.0038640802093372617,4591.338867081526,-0.005262923905437022,9.0,0.625,1.555000000000291
92863125,Buy,2026-05-18 09:44:22,2026-05-18 09:55:57,XAUUSD.f,0.01,4538.98,7.45,695.0,11.583333333333334,True,7.45,1,2026-05-18,9,44,40,Monday,2026-05,2026Q2,08:00-12:59,4049.2166666666667,4031.4166666666665,7.18,True,912.1899999999993,False,0,False,2026-05-18 09:44:00,4536.205,4540.625,4536.165,4540.455,30000.0,0.0009369065110593766,0.0005420896232808392,0.0005575235377401899,0.00019385074593980534,0.0006942447113429395,0.0007163000128933561,0.00024012169102949343,4538.4353202182,4538.482777777778,0.0004450167600279297,4538.761595809974,4539.3939,0.0003730982899804921,4538.686087581781,4537.60302,0.0003897410801462456,4538.7987750851225,4539.30104,0.00036490379876916287,4537.700455084088,4539.5514,0.0006070354231569685,-0.32627559177399235,0.07550822819302994,57.775283528892075,53.35937006387242,52.28745328666578,-0.13398021539160254,0.17854748591811198,-0.3125277013097145,46.62327095199008,23.018710117227645,3.280423373291649,0.0007224878064624909,4544.915758917164,4533.872041082836,0.3843270956096866,0.0024328617603172208,4.25,4.25,0.9529147982062702,0.03811659192826712,0.008968609865462622,-0.000845015563470275,0.0012635826869324962,-0.001629335963138745,0.001345285051567613,-0.001629335963138745,0.002435187689386664,4529.263631458889,0.0024709024361883217,22.0,-1.4750000000003638,2.774999999999636
92873305,Buy,2026-05-18 16:08:58,2026-05-18 16:10:38,XAUUSD.f,0.01,4566.67,-2.38,100.0,1.6666666666666667,False,-2.38,1,2026-05-18,16,8,5,Monday,2026-05,2026Q2,13:00-16:59,384.6,373.01666666666665,7.45,True,919.6399999999993,True,0,False,2026-05-18 16:08:00,4568.265,4568.435,4564.015,4565.425,71170.0,-0.0006151172170432151,3.942833298120618e-05,-0.00028466789657799474,7.666905801118062e-05,0.0004163448211635945,0.0014719060086010316,0.002888665557331249,4566.537964415784,4567.618333333334,-0.00024372170437566797,4566.422620528803,4567.179,-0.00021846872523759687,4562.8107037404725,4561.90658,0.0005729574223591085,4557.573981781599,4556.71709,0.0017226309983742398,4552.2127032237095,4548.04391,0.0029023900326393473,0.11534388698055409,3.6119167883307455,45.66777501915717,49.47337572556767,51.69540653511911,0.8327369800927045,1.535428574425801,-0.7026915943330965,21.07496463932393,23.314474304574162,3.9352620070376796,0.0008619705738321579,4574.2872972784,4560.0707027216,-0.4935077786714875,0.0031127736742526326,-2.8400000000001455,2.8400000000001455,0.6425339366516061,0.03846153846155429,0.31900452488683967,-0.0024384994488247935,0.0005325449622453071,-0.0024384994488247935,0.0006531585586238009,-0.0024384994488247935,0.0045016848314562985,4537.795833870543,0.006088675458518968,58.0,1.2449999999998909,-1.5950000000002547
92878258,Sell,2026-05-18 17:35:04,2026-05-18 17:36:02,XAUUSD.f,0.01,4550.25,4.72,58.0,0.9666666666666667,True,4.72,0,2026-05-18,17,35,35,Monday,2026-05,2026Q2,17:00-21:59,86.1,84.43333333333334,-2.38,False,917.2599999999993,False,0,False,2026-05-18 17:35:00,4549.285,4550.635,4542.795,4544.325,92160.0,-0.0010968684296426279,-0.0025198620221893453,-0.0031456577748091297,-0.003357724905612036,-0.0038143465465367843,-0.0038143465465367843,-0.006671264272341548,4553.101563103572,4555.333888888888,-0.0019276009950433307,4557.532781719294,4558.518,-0.0028980113477782665,4563.00234448861,4566.2970000000005,-0.00409321387072474,4564.266746332875,4567.9806,-0.004369101860424245,4560.79310868921,4560.347945,-0.003610799327387943,-4.431218615722173,-5.469562769316326,19.142999030268356,26.82358400451652,31.67049351503755,-4.516380825906708,-3.2714893948577277,-1.2448914310489805,7.518427518426132,12.279035635140067,4.323156872267374,0.0009513309176318538,4570.149728100557,4546.886271899443,-2.4403940458892546,0.005103293702276379,-4.960000000000036,4.960000000000036,0.6326530612244827,0.1721938775510636,0.1951530612244537,-0.004124348448274251,-0.0001012149089560932,-0.005368960056731931,-0.0001012149089560932,-0.008658348631058299,-0.0001012149089560932,4542.26135508635,0.00045432104238986326,4.0,5.925000000000182,0.9650000000001455
92901499,Sell,2026-05-19 06:40:39,2026-05-19 06:48:46,XAUUSD.f,0.01,4551.85,2.9,487.0,8.116666666666667,True,2.9,0,2026-05-19,6,40,40,Tuesday,2026-05,2026Q2,00:00-07:59,785.5833333333334,784.6166666666667,4.72,True,921.9799999999993,True,0,False,2026-05-19 06:40:00,4554.395,4554.475,4550.005,4550.875,29670.0,-0.0007641038083328056,4.6147101577576066e-05,9.010068201820154e-05,0.00023737333220497092,0.0006200452720996896,0.0008394438777776791,-0.0004700182186969659,4551.244786771833,4550.848333333332,-8.124958976226925e-05,4550.437391464043,4549.673000000001,9.616845553750815e-05,4550.841790937545,4549.520460000001,7.297344970616852e-06,4553.562027971791,4552.97493,-0.0005900936355506785,4558.329978056811,4559.858045,-0.0016354625691204028,0.8073953077901024,-0.4043994735020533,50.317872113176556,51.808821955646735,50.741411969192384,0.5922279199648983,0.13875764991042203,0.45347027005447627,50.755322945161744,80.92087208138865,1.997534493963063,0.0004389341596864478,4553.328315331156,4546.0176846688455,0.6576723981946608,0.001606847494822234,-3.5200000000004366,3.5200000000004366,0.7874720357942362,0.017897091722577783,0.19463087248318597,-0.0009088883351646704,0.0009385018457714889,-0.0009088883351646704,0.0009721860218565581,-0.0009088883351646704,0.0016617785432475607,4565.284847041747,-0.0031563960463680675,39.0,0.9750000000003638,-2.5450000000000728
92905766,Sell,2026-05-19 10:09:51,2026-05-19 10:30:50,XAUUSD.f,0.01,4551.78,4.06,1259.0,20.983333333333334,True,4.06,0,2026-05-19,10,9,5,Tuesday,2026-05,2026Q2,08:00-12:59,209.2,201.08333333333334,2.9,True,924.8799999999993,True,0,False,2026-05-19 10:09:00,4552.425,4555.155,4552.038,4552.705,54030.0,6.589923348210291e-05,0.000705572816323663,0.0010972543354188513,0.0010818453378953485,0.0013108278559716968,0.00014059553191803076,0.0033100578819373894,4549.971038181946,4549.143888888889,0.0006008745539502236,4548.664497320421,4547.66,0.0008882832932521285,4547.266475124748,4548.3172,0.001195998718131682,4545.667138044715,4544.0213,0.0015482572175999911,4545.993878733665,4542.997899999999,0.0014762715140752322,1.3065408615248089,1.3980221956735477,78.02338476213723,64.6319030957917,59.99252300486813,1.0782687442169845,0.38601082101108086,0.6922579232059036,78.14451382694193,89.61314065967849,2.451819238845799,0.0005385412054692318,4552.615573115589,4542.704426884411,2.0360914398092813,0.002179394728536776,0.27999999999974534,0.27999999999974534,0.08982996470956957,0.7860121912093903,0.12415784408104018,-2.1964481237479738e-05,0.0019278402357423285,-2.1964481237479738e-05,0.0021638279723743548,-0.00021081919728394016,0.0021638279723743548,4555.9255440204215,-0.0007068912758349391,51.0,-0.9250000000001819,-0.6450000000004366
92943988,Buy,2026-05-20 09:00:09,2026-05-20 09:01:47,XAUUSD.f,0.01,4471.76,3.4,98.0,1.6333333333333333,True,3.4,1,2026-05-20,9,0,0,Wednesday,2026-05,2026Q2,08:00-12:59,1370.3,1349.3166666666666,4.06,True,928.9399999999993,False,0,False,2026-05-20 09:00:00,4472.515,4477.405,4470.315,4475.555,71850.0,0.0006924603875544388,0.0006790358361890014,0.0008497782190661773,0.0024676685471152204,0.0010579702851265527,8.937518922502719e-06,0.0023044544948620516,4472.335077590242,4472.465666666667,0.0007199644825122205,4471.655083880163,4470.62825,0.0008721415329853868,4470.813724837611,4471.7161,0.0010604949018675335,4469.250987542939,4467.86898,0.0014105299690334412,4469.529029729812,4465.302585,0.0013482338362959495,0.6799937100786337,0.8413590425525399,71.12467421443426,60.94565128158876,57.98910400083292,0.4085531146683934,-0.20724168592158304,0.6157948005899765,87.22375690608074,81.0452876806891,2.7940454382076694,0.0006242902697447957,4477.7569388362135,4463.499561163786,1.3822317436475313,0.0031891217240949386,3.0399999999999636,3.0399999999999636,0.42877291960506364,0.26093088857537605,0.3102961918195603,0.0001273747286305582,0.002567149668633917,-0.0005448867182744621,0.002829982578689938,-0.0007613366034340263,0.002829982578689938,4476.099389368101,-0.00012162137627985854,9.0,-3.7950000000000728,-0.7550000000001091
92991008,Sell,2026-05-21 09:39:49,2026-05-21 09:54:47,XAUUSD.f,0.01,4528.46,5.53,898.0,14.966666666666667,True,5.53,0,2026-05-21,9,39,35,Thursday,2026-05,2026Q2,08:00-12:59,1479.6666666666667,1478.0333333333333,3.4,True,932.3399999999992,False,0,False,2026-05-21 09:39:00,4528.995,4528.995,4527.235,4527.595,30130.0,-0.00027159362527795494,-0.0003135339582668317,-0.0004349203510710664,-0.0011560094289776446,-0.0013873311740372207,-0.0007503870562646231,0.0004728806274729713,4529.634306782995,4529.912777777778,-0.00045021444224333293,4530.644965622729,4531.8735,-0.000673185748579008,4530.537470560512,4530.8204000000005,-0.0006494749419095963,4530.771397407127,4529.42404,-0.0007010720975558773,4532.948341244674,4532.070175,-0.001180984392865184,-1.0106588397338783,0.10749506221691263,25.387869762447423,38.11097090815741,42.996699747486964,-0.6849759794404235,-0.053350761924685075,-0.6316252175157384,4.7306176084172735,11.865287423552445,2.3647240003629206,0.0005222914152796177,4536.915873150588,4526.831126849412,-1.6970183967842891,0.0022252929833932885,-1.3999999999996362,1.3999999999996362,0.7954545454542401,0.0,0.2045454545457599,-0.0015987315994262508,-2.8711991121421754e-05,-0.00266098344044452,-2.8711991121421754e-05,-0.00266098344044452,0.0018387864452009683,4541.007635907772,-0.002953669533984508,49.0,0.8649999999997817,-0.5349999999998545
93028917,Sell,2026-05-22 07:41:02,2026-05-22 07:45:37,XAUUSD.f,0.01,4526.58,-2.66,275.0,4.583333333333333,False,-2.66,0,2026-05-22,7,41,40,Friday,2026-05,2026Q2,00:00-07:59,1321.2166666666667,1306.25,5.53,True,937.8699999999992,True,0,False,2026-05-22 07:41:00,4525.665,4527.455,4525.265,4527.055,20670.0,0.00029829606657982843,-7.730697827990074e-05,-0.00012589381850303116,-0.0009313052065917926,-0.00023630089717041614,-0.00027824919423657946,0.00032703026687230796,4527.566549069386,4527.8083333333325,-0.0001129854335307866,4528.344777528775,4528.91,-0.00028482317317688496,4528.11471714088,4528.6674,-0.00023403054186512144,4527.168096693559,4526.08763,-2.4981774730537142e-05,4527.436972989124,4525.58253,-8.43684829634715e-05,-0.7782284593886288,0.23006038789480954,40.948979954854096,42.829632854201186,45.52347036953358,-0.5456647040882672,-0.06958722615995158,-0.47607747792831556,23.490813648293823,9.581141880666992,1.417760951612434,0.0003131751108860913,4532.588892801843,4525.231107198157,-1.0084555870016993,0.0016246261470610705,1.3900000000003274,1.3900000000003274,0.6347031963472974,0.18264840182635128,0.18264840182635128,-0.000977604471823157,0.00029829606657982843,-0.0012861566088705478,0.00029829606657982843,-0.0012861566088705478,0.00029829606657982843,4529.149399301383,-0.00046242663174360474,2.0,-0.4750000000003638,0.9149999999999636
93029514,Buy,2026-05-22 08:36:56,2026-05-22 08:40:30,XAUUSD.f,0.01,4530.06,3.09,214.0,3.566666666666667,True,3.09,1,2026-05-22,8,36,35,Friday,2026-05,2026Q2,08:00-12:59,55.9,51.31666666666667,-2.66,False,935.2099999999992,False,0,False,2026-05-22 08:36:00,4528.268,4531.235,4527.855,4530.855,40560.0,0.0005653341931122213,0.00043719466754987835,0.0003289644354120824,0.0007620259287604014,0.0006139474279909241,0.0009455272474221399,0.0007133983048506209,4528.706420976885,4528.473888888889,0.0004744354840848876,4527.891626340099,4527.548000000001,0.000654470977764115,4527.4274553384175,4527.147599999999,0.0007570623042320685,4527.222142693732,4527.964800000001,0.0008024473268072987,4527.352782414453,4525.726865,0.0007735685187048285,0.814794636786246,0.46417100168127945,67.21114010274658,61.34936941800165,58.57088279710467,0.7422558431162543,0.4581153732671624,0.28414046984909186,94.17802972268873,69.92254200691862,1.935084026171471,0.0004270902569540343,4530.919647049156,4524.176352950845,1.9616525406048484,0.0014893920723338101,2.5869999999995343,2.5869999999995343,0.7653846153844529,0.11242603550298724,0.12218934911255985,-2.6484365947876398e-05,0.0013585407058311905,-2.6484365947876398e-05,0.0017222834515975283,-2.6484365947876398e-05,0.0017222834515975283,4528.944356194318,0.00042187398550575715,56.0,-0.7949999999991633,1.792000000000371
93037747,Sell,2026-05-22 15:30:46,2026-05-22 15:33:14,XAUUSD.f,0.01,4522.59,4.0,148.0,2.466666666666667,True,4.0,0,2026-05-22,15,30,30,Friday,2026-05,2026Q2,13:00-16:59,413.8333333333333,410.26666666666665,3.09,True,938.2999999999993,False,0,False,2026-05-22 15:30:00,4521.555,4523.335,4521.455,4522.605,39540.0,0.00024549402354745453,6.41264485115034e-05,-0.0009189785641624537,-0.0016225326741656776,-0.0015123232265251696,0.0006261373630325195,0.0020006314285239135,4524.114055349171,4524.401666666667,-0.0003335582018290567,4524.780027483076,4526.43365,-0.00048069242479537407,4523.1839781698045,4523.3598600000005,-0.00012800234803608636,4521.723730134153,4519.0742900000005,0.00019489688411824214,4521.6486712021015,4521.571925,0.00021150002298693648,-0.6659721339046882,1.5960493132715783,38.59319479696015,44.820060017428425,47.922946120275654,-0.03116713142480876,0.8905685443406882,-0.921735675765497,11.25166444740047,8.366469439583005,2.6625598890499473,0.0005887226253563925,4532.84052017286,4520.02677982714,-1.1951701522589466,0.0028308689216554324,1.0499999999992724,1.0499999999992724,0.5585106382974528,0.38829787234065455,0.05319148936189255,-0.00252533328334148,0.00037381813194881097,-0.0029387546338298653,0.0007102720607512492,-0.0029387546338298653,0.0012597093370141366,4525.18669554083,-0.0005705169122358886,46.0,-0.014999999999417923,1.0349999999998545
93064584,Buy,2026-05-25 09:09:03,2026-05-25 09:28:09,XAUUSD.f,0.02,4551.65,6.5,1146.0,19.1,True,3.25,1,2026-05-25,9,9,5,Monday,2026-05,2026Q2,08:00-12:59,3938.2833333333333,3935.8166666666666,4.0,True,942.2999999999993,False,0,False,2026-05-25 09:09:00,4552.195,4552.195,4551.115,4551.935,14640.0,-6.150851838060412e-05,-0.0002679460725583116,-0.00021085485169325402,-0.0002657503769372127,-0.0003864993153909202,-0.0017040576089899506,-0.002693336091010301,4552.762232154306,4552.913888888888,-0.00018169895815402275,4553.636672085604,4553.38215,-0.00037369518214641054,4555.7633971431305,4555.45564,-0.0008403415211445964,4557.930796608468,4559.37881,-0.0013154645991836937,4559.738764853192,4560.420985000001,-0.001711449987736963,-0.8744399312981841,-2.126725057526528,35.84642105640954,39.12838218584863,40.068141877380015,-1.0837334886209646,-1.0457561805460842,-0.03797730807488042,30.111524163583038,34.20074349443209,1.5568252935414457,0.00034201395528307097,4555.334805678601,4551.4294943214,-1.4822377707030465,0.000857672654863999,-0.2599999999993088,0.2599999999993088,0.24074074074011695,0.0,0.759259259259883,-0.0008253405901842426,0.00035601930855344577,-0.001027078214858923,0.00035601930855344577,-0.0024194741369392148,0.00035601930855344577,4564.730096375729,-0.002803034594726076,3.0,-0.285000000000764,-0.5450000000000728
93070782,Sell,2026-05-25 15:59:41,2026-05-25 16:02:57,XAUUSD.f,0.01,4568.44,5.24,196.0,3.2666666666666666,True,5.24,0,2026-05-25,15,59,55,Monday,2026-05,2026Q2,13:00-16:59,410.6333333333333,391.53333333333336,6.5,True,948.7999999999993,False,0,False,2026-05-25 15:59:00,4567.015,4568.495,4567.015,4567.445,15390.0,7.882489596755526e-05,-0.00019919642847365804,0.00019927581853629306,0.00030880183791848204,0.00026279798828143797,0.0015349379282065811,-0.00038737507427433204,4567.000428210726,4566.818333333333,9.734437214586077e-05,4566.404610046458,4567.001,0.00022783569183781167,4565.250533170049,4562.4241999999995,0.0004806892445456475,4565.689008194127,4566.49928,0.00038460609181238924,4565.676853584966,4568.052189999999,0.0003872692859647635,0.5958181642672571,1.1540768764098175,57.35336012900438,57.96715554041136,56.887774660464515,0.8933329326719104,1.0657106845164586,-0.17237775184454818,70.39106145250219,66.35257603972335,1.3815066162943652,0.00030246814494632455,4568.733128505988,4565.268871494012,0.5126640413393327,0.0007585408919279545,0.42999999999938154,0.42999999999938154,0.2905405405402084,0.7094594594597916,0.0,-0.0002320233862063148,0.0003876754258678172,-0.00036549747598824123,0.0007537239770769588,-0.0005842303749468147,0.003230363794270552,4563.705078495278,0.0008194923730599145,41.0,0.9949999999998909,1.4249999999992724
93086094,Sell,2026-05-26 08:40:30,2026-05-26 08:57:17,XAUUSD.f,0.01,4532.04,4.61,1007.0,16.783333333333335,True,4.61,0,2026-05-26,8,40,40,Tuesday,2026-05,2026Q2,08:00-12:59,1000.8166666666667,997.55,5.24,True,954.0399999999993,True,0,False,2026-05-26 08:40:00,4532.485,4532.815,4529.755,4530.075,47670.0,-0.0005273068848850038,-0.000917464577817384,-0.0007550461034723233,-0.0005030497390429156,0.0003025147365527392,-3.3110938198577244e-05,0.0003400658270278356,4532.353968791215,4533.022000000001,-0.0005028223318187242,4531.688551617524,4531.3978,-0.00035605968926275846,4530.84428067681,4529.44232,-0.00016978748973802712,4531.946248159909,4531.61396,-0.0004129016668433197,4535.169536802581,4534.9423449999995,-0.0011233398798522482,0.665417173690912,0.844270940714523,34.543499944550774,45.18024025827927,47.808484715987525,0.8762656341359616,0.9822692290922825,-0.10600359495632095,14.359861591694875,54.0273440447824,1.7421355407280947,0.0003845710149893975,4535.144694276219,4527.650905723781,-0.7060781022808692,0.001653747669745032,-2.4099999999998545,2.4099999999998545,0.7875816993464888,0.10784313725489614,0.10457516339861511,-0.0010915044569764776,4.414957434084599e-06,-0.0010915044569764776,0.00033123002268919954,-0.0010915044569764776,0.001622911800050142,4543.105629889422,-0.002868220761518851,30.0,1.9650000000001455,-0.44499999999970896
93091481,Sell,2026-05-26 13:48:28,2026-05-26 13:51:18,XAUUSD.f,0.01,4535.78,-2.57,170.0,2.8333333333333335,False,-2.57,0,2026-05-26,13,48,45,Tuesday,2026-05,2026Q2,13:00-16:59,307.96666666666664,291.18333333333334,4.61,True,958.6499999999993,True,0,False,2026-05-26 13:48:00,4533.805,4535.405,4533.645,4535.285,28650.0,0.00036615291295594155,-6.61436176370156e-05,0.0007679059447613934,0.0002999608506977225,8.599978610290826e-05,0.0013578751792560073,0.003982471811116994,4534.138231489006,4533.737555555556,0.00025291873614033037,4533.590942998686,4534.36915,0.00037366781048698005,4530.53029946818,4530.10592,0.0010494799101946847,4527.824937814121,4524.98929,0.0016476039352971228,4527.197788452726,4526.068235,0.001786361437068536,0.5472884903201702,3.0606435305062405,58.74938175363255,57.798639832575574,58.341282585829,1.0349928091327456,1.3446955042851803,-0.30970269515243465,55.737477452471744,42.19008096264802,1.8824356974798362,0.00041506447720040445,4537.358207333736,4531.380092666265,0.6128018955427602,0.0013184005249044259,1.4799999999995634,1.4799999999995634,0.8409090909091731,0.06818181818178295,0.09090909090904394,-0.00014770869640468032,0.0008865068232555284,-0.0007315023008170884,0.0008865068232555284,-0.0007315023008170884,0.003892911832530599,4535.528833364718,-5.376073522543125e-05,28.0,0.49499999999989086,1.9749999999994543
93095183,Sell,2026-05-26 15:35:27,2026-05-26 15:40:56,XAUUSD.f,0.01,4509.03,4.17,329.0,5.483333333333333,True,4.17,0,2026-05-26,15,35,35,Tuesday,2026-05,2026Q2,13:00-16:59,106.98333333333333,104.15,-2.57,False,956.0799999999992,True,0,False,2026-05-26 15:35:00,4510.235,4510.235,4507.155,4507.915,49200.0,-0.0005298976455029303,0.0007014809906420449,0.0010236925991020662,-0.0006473302614704579,-0.00020404383837513418,-7.541720687942455e-05,-0.0006340373882536277,4507.511302396285,4506.635,8.95610851825111e-05,4508.357993046988,4509.145,-9.826039717143143e-05,4510.919763936098,4509.8242,-0.0006661089297399457,4515.277050733989,4517.71415,-0.001630475971079667,4519.838585518209,4521.8536699999995,-0.0026380556058821394,-0.8466906507028398,-2.5617708891104485,50.39867885667395,48.02200413207369,46.90276657261248,-1.0616199915848483,-1.080399555679033,0.018779564094184575,60.68515497553034,63.213703099512394,3.1131440345785504,0.0006905951054042834,4515.308672828617,4502.981327171384,-0.3991126830385377,0.002733854346496577,-2.319999999999709,2.319999999999709,0.7532467532466766,0.0,0.24675324675332344,-0.0007979581138487513,0.0016531588332342473,-0.0017693020557341121,0.0016531588332342473,-0.0017693020557341121,0.0016531588332342473,4532.41675841723,-0.005405892644741347,27.0,1.1149999999997817,-1.2049999999999272
93121138,Sell,2026-05-27 09:21:22,2026-05-27 09:43:57,XAUUSD.f,0.01,4489.13,3.87,1355.0,22.583333333333332,True,3.87,0,2026-05-27,9,21,20,Wednesday,2026-05,2026Q2,08:00-12:59,1065.9166666666667,1060.4333333333334,4.17,True,960.2499999999992,True,0,False,2026-05-27 09:21:00,4489.935,4489.935,4483.355,4484.405,65610.0,-0.0012316436652202167,-0.0007598352427629074,-0.0018074468144305689,-0.0025711943931948644,-0.002615562373711855,-0.0037057731635817825,-0.004667695794079996,4490.348136868238,4491.159777777778,-0.001323535878975983,4492.860748440008,4493.7468,-0.0018820410676970928,4496.189910566372,4495.57024,-0.0026210882548971695,4499.240212547752,4502.35194,-0.0032972706161317864,4502.106732163975,4502.98294,-0.003931877500262323,-2.5126115717703215,-3.329162126364281,20.007798515674907,26.856616844431613,30.624631589570086,-2.4104490951613116,-1.504793753463662,-0.9056553416976496,6.822612085771017,20.263622018007904,2.8838137595004922,0.0006430761181250339,4500.741277988299,4486.752322011701,-2.671192908356446,0.0031129826844267096,-5.530000000000655,5.530000000000655,0.8404255319148862,0.0,0.15957446808511375,-0.0028823525226311375,-0.0003878608471195033,-0.0031875556405175365,-0.0003878608471195033,-0.0052417516722917945,-0.0003878608471195033,4506.144689480801,-0.004824454379272604,22.0,4.725000000000364,-0.805000000000291
93131167,Sell,2026-05-27 14:50:40,2026-05-27 15:01:34,XAUUSD.f,0.01,4438.17,3.75,654.0,10.9,True,3.75,0,2026-05-27,14,50,50,Wednesday,2026-05,2026Q2,13:00-16:59,329.3,306.71666666666664,3.87,True,964.1199999999992,True,0,False,2026-05-27 14:50:00,4438.875,4439.335,4435.555,4436.695,50460.0,-0.0004911154290220265,-0.0016224469244954243,-0.0016202002972619534,-0.0004190553006554465,0.0001172180989252869,-0.002322901265452759,-0.0026368883368833584,4440.606007320717,4441.93611111111,-0.0008807372944751045,4441.23508843697,4440.2405,-0.0010222580760902546,4445.2938624406825,4444.2062,-0.0019343743533664966,4454.270314901366,4455.8955,-0.003945722567076722,4466.162425825479,4473.689095,-0.006597929724876181,-0.6290811162525642,-4.058774003712642,28.71920443616618,37.747657446000396,39.226677952852214,-0.9396258244460114,-0.9400361031710688,0.00041027872505738916,12.610619469020161,38.12288314920304,2.9082072986395215,0.0006554895701957249,4445.758735651882,4434.722264348118,-1.2850121755097996,0.0024855571007388884,-2.180000000000291,2.180000000000291,0.5767195767196925,0.12169312169313952,0.3015873015871679,-0.0017774397892272864,-0.0003514894930553014,-0.0017774397892272864,0.0010288495273720333,-0.0036984930942375316,0.0010288495273720333,4491.301261600021,-0.012158227297486482,40.0,1.4750000000003638,-0.7049999999999272
93169426,Sell,2026-05-28 07:11:24,2026-05-28 07:23:55,XAUUSD.f,0.01,4378.3,6.17,751.0,12.516666666666667,True,6.17,0,2026-05-28,7,11,10,Thursday,2026-05,2026Q2,00:00-07:59,980.7333333333333,969.8333333333334,3.75,True,967.8699999999992,True,0,False,2026-05-28 07:11:00,4379.275,4379.275,4377.155,4379.045,42450.0,-4.566997279209506e-05,-0.0003104735749319687,0.00027410746611633563,0.001669813770016404,0.0022291874794733157,0.0012003306053438578,-0.0032435791359333166,4378.256229086402,4378.143888888889,0.0001801564075575005,4376.878573670165,4375.42865,0.0004949706265254418,4379.120289022835,4377.36562,-1.719272773204013e-05,4386.7612979879505,4387.01713,-0.0017589965497984976,4401.091161552749,4404.5745400000005,-0.005009249012004366,1.3776554162368484,-2.241715352670326,60.29313048841101,55.65189951356107,51.67332666986662,0.8070991121057887,-0.0958781580150199,0.9029772701208085,78.87896019496118,84.9034819275126,2.8230415134063938,0.0006446705876295845,4382.15512525329,4368.70217474671,1.0752585459171002,0.0030746588694984746,-0.22999999999956344,0.22999999999956344,0.10849056603753551,0.0,0.8915094339624645,-0.0005933844480783268,0.0022223061404080813,-0.0005933844480783268,0.0025022234991525227,-0.0020062226403466665,0.0025022234991525227,4414.72771299628,-0.008082653181811393,24.0,-0.7449999999998909,-0.9749999999994543
93184362,Sell,2026-05-28 17:04:21,2026-05-28 17:06:49,XAUUSD.f,0.01,4424.02,-2.98,148.0,2.466666666666667,False,-2.98,0,2026-05-28,17,4,0,Thursday,2026-05,2026Q2,17:00-21:59,592.95,580.4333333333333,6.17,True,974.0399999999992,True,0,False,2026-05-28 17:04:00,4422.525,4426.475,4420.525,4424.428,53250.0,0.0004325593016643037,-0.0004421215054724037,-0.0012566605605649483,-0.0013693729481694117,-0.00022754825231885434,0.0013223690389569942,-0.0017591615949100747,4426.3173557573755,4427.189,-0.0004268459772587441,4426.945375536318,4427.9701000000005,-0.0005686484297343496,4425.309131083219,4426.935,-0.00019911175855034097,4419.061465415204,4419.2286300000005,0.001214405960812212,4409.787228461651,4402.845985,0.0033200630279517462,-0.6280197789428712,1.6362444530996072,39.302608079829085,45.07211056571741,47.80193554594427,-0.17514439114074776,0.5819445066840119,-0.7570888978247596,28.635363169480677,14.723077158015576,3.624872276698413,0.0008192860809800528,4433.802733656482,4422.137466343519,-1.21457996802682,0.0026344503349204854,1.9030000000002474,1.9030000000002474,0.3198319327731117,0.3440336134454168,0.3361344537814715,-0.0019145415601247162,0.0006678766701155858,-0.002193653582249544,0.0007237808138371715,-0.002193653582249544,0.0014560903758378263,4402.67265746428,0.004941394518358319,21.0,-0.407999999999447,1.4950000000008004
93199497,Buy,2026-05-28 20:45:24,2026-05-28 21:06:30,XAUUSD.f,0.01,4508.61,4.58,1266.0,21.1,True,4.58,1,2026-05-28,20,45,45,Thursday,2026-05,2026Q2,17:00-21:59,221.05,218.58333333333334,-2.98,False,971.0599999999991,False,0,False,2026-05-28 20:45:00,4504.698,4507.818,4504.378,4507.818,37430.0,0.000701496095818932,0.0005970973521729483,0.0006881673836187652,0.0006948316953361289,0.0008636905385699389,0.000704384030262073,-4.369994332320548e-05,4505.415811466097,4505.162444444444,0.000533177987210405,4505.193459768781,4504.9705,0.0005825588300826297,4504.565938685,4506.30426,0.0007219477657262028,4499.6190436680645,4501.9675099999995,0.0018221445532091067,4485.119700534758,4487.5831800000005,0.005060801267474823,0.22235169731538917,0.6275210837811755,71.01884942099484,59.75124708233228,56.55520813543588,0.08377049221599009,-0.158814993447521,0.2425854856635111,100.0,65.43664841097177,1.744892615490456,0.00038708142509091007,4507.282936528601,4502.6580634714,2.4627702985844797,0.00102661561428662,3.119999999999891,3.119999999999891,0.9069767441858805,0.0,0.0930232558141195,0.0002107893996450283,0.0009081365482108694,0.0002063508123566482,0.0015085442703310914,-0.0014148670696167986,0.0015085442703310914,4424.948045695815,0.018727893174879905,24.0,0.7919999999994616,3.9119999999993524
93210316,Sell,2026-05-29 09:09:04,2026-05-29 09:13:41,XAUUSD.f,0.01,4515.02,2.66,277.0,4.616666666666666,True,2.66,0,2026-05-29,9,9,5,Friday,2026-05,2026Q2,08:00-12:59,743.6666666666666,722.5666666666667,4.58,True,975.6399999999992,False,0,False,2026-05-29 09:09:00,4517.105,4517.845,4514.115,4514.125,28980.0,-0.0006619269157415175,-0.0009428147446488566,-0.0010688311788897842,-0.00013732780035191627,-0.00013732780035191627,0.00240868984770648,0.0009712300806365981,4516.75167888564,4518.099444444445,-0.000581541575092335,4514.974592375073,4514.8,-0.00018817212759251616,4512.072368932343,4510.59078,0.00045491980177227826,4509.967808640033,4510.37208,0.0009217784996165897,4507.358516264677,4505.42299,0.001501208237797481,1.7770865105667326,2.9022234427302465,37.58022549052488,50.44607911740798,52.9475177260205,2.2640145429259064,2.4708807401260375,-0.2068661972001311,31.365935919056255,49.71894322653143,2.447930714682618,0.0005422824389405738,4523.386195749526,4506.213804250474,-0.15722911978507853,0.0038035774561558733,-2.9799999999995634,2.9799999999995634,0.7989276139408005,0.19839142091168832,0.0026809651475112628,-0.0017999829731341066,0.0006406228006301529,-0.0017999829731341066,0.002300297639863391,-0.0017999829731341066,0.0025963728515792095,4502.536547107505,0.0025737609836703913,4.0,0.8950000000004366,-2.084999999999127
93235333,Buy,2026-05-29 21:01:51,2026-05-29 21:42:51,XAUUSD.f,0.01,4553.24,6.35,2460.0,41.0,True,6.35,1,2026-05-29,21,1,0,Friday,2026-05,2026Q2,17:00-21:59,712.7833333333333,708.1666666666666,2.66,True,978.2999999999992,False,0,False,2026-05-29 21:01:00,4552.725,4553.235,4552.115,4552.395,20640.0,-5.4913132915057616e-05,-0.00010323170135717596,0.00011643579060471865,-0.0006585597955830469,-0.0007792016804415436,-0.0016557217247136213,-0.003253595430953493,4552.912846527163,4552.538333333334,-0.00011373960904124772,4554.269383165334,4553.88,-0.0004115661608121579,4557.713860619725,4558.7324,-0.0011670018747077127,4560.423931307653,4562.3751,-0.00176056687461303,4559.002399628699,4565.948495000001,-0.0014493082147174978,-1.3565366381708373,-3.444477454390835,37.10229539821604,36.092321566477466,36.823272262793935,-1.8337111816745164,-1.989317801598109,0.1556066199235926,21.335504885998866,26.167209554834347,1.6427598676826478,0.0003608561795895672,4557.16061926633,4550.59938073367,-0.9053168804076496,0.0014408018069559045,-0.32999999999992724,0.32999999999992724,0.2946428571428209,0.4553571428565701,0.250000000000609,-0.0007550756337750819,0.0002878434483206682,-0.0014038797533119096,0.0002878434483206682,-0.003129184517872363,0.0002878434483206682,4525.516131993811,0.005939403865155986,51.0,0.8449999999993452,0.5149999999994179
93252299,Sell,2026-06-01 11:07:05,2026-06-01 11:28:55,XAUUSD.f,0.01,4498.93,3.84,1310.0,21.833333333333332,True,3.84,0,2026-06-01,11,7,5,Monday,2026-06,2026Q2,08:00-12:59,3725.233333333333,3684.233333333333,6.35,True,984.6499999999992,False,0,False,2026-06-01 11:07:00,4497.835,4499.345,4497.645,4497.685,24060.0,-4.4465343155719594e-05,0.0005160871252947175,-0.0006043900493398757,-0.0008264086435233464,0.0010906375444186267,-0.0017312231646535725,-0.002457435683607345,4497.763513024105,4498.68611111111,-1.745601427851281e-05,4498.256962896395,4497.32915,-0.00012715211716718877,4500.3798718769785,4500.9443200000005,-0.0005988098679888077,4503.53423823924,4503.33154,-0.001298810651770804,4508.2440948826015,4509.968545,-0.002342174616185262,-0.49344987228960235,-2.1229089805838157,48.72306216900056,47.3436380763241,46.376131214365394,-0.7622327039825905,-0.8494431269474795,0.08721042296488901,42.81789301966264,37.37098141033272,2.4703287842052966,0.0005492445078313169,4503.144556078207,4491.513743921792,0.12238182345832962,0.0025861598669989104,-0.1499999999996362,0.1499999999996362,0.0882352941174425,0.8882352941178705,0.023529411764687,-0.0014785723562471542,0.0008589564569159158,-0.0014785723562471542,0.0012221196987221017,-0.002253848568440131,0.0012221196987221017,4522.941196207035,-0.0055840204661990545,5.0,1.2449999999998909,1.0950000000002547
93277546,Sell,2026-06-01 16:40:02,2026-06-01 16:41:39,XAUUSD.f,0.01,4472.54,5.5,97.0,1.6166666666666667,True,5.5,0,2026-06-01,16,40,40,Monday,2026-06,2026Q2,13:00-16:59,332.95,311.1166666666667,3.84,True,988.4899999999992,True,0,False,2026-06-01 16:40:00,4472.905,4473.965,4466.695,4466.745,75210.0,-0.0013771810490050829,-0.0011114304019822496,-0.0008924707011263022,0.001246305634041045,-0.0004408426135925625,-0.006136627858465915,-0.007889362354281726,4469.489393442532,4469.456111111112,-0.0006140284048013056,4471.274393378653,4467.761,-0.0010129983043225396,4480.521362672619,4484.24312,-0.003074723130970986,4489.148225717014,4494.09686,-0.004990529292098733,4495.463801502332,4499.985360000001,-0.006388395674042488,-1.784999936121494,-9.246969293965776,42.35777093526575,41.7611684586666,40.70636851240325,-3.633506493368259,-5.167060631703315,1.533554138335056,40.56651492159696,70.31125447494794,5.924739934771119,0.0013264110520683672,4474.4645744989375,4461.057425501063,-0.303121864361068,0.0030008653099112,-6.1599999999998545,6.1599999999998545,0.8473177441539869,0.14580467675382897,0.006877579092184167,-0.0026236492393091337,0.0017987204862375261,-0.003567018795445187,0.0017987204862375261,-0.009233925749299932,0.0017987204862375261,4512.132263765524,-0.010058939125079384,2.0,5.795000000000073,-0.3649999999997817
93309253,Sell,2026-06-02 16:27:01,2026-06-02 16:30:32,XAUUSD.f,0.01,4515.09,5.05,211.0,3.5166666666666666,True,5.05,0,2026-06-02,16,27,25,Tuesday,2026-06,2026Q2,13:00-16:59,1426.9833333333333,1425.3666666666666,5.5,True,993.9899999999992,True,0,False,2026-06-02 16:27:00,4514.405,4516.075,4513.075,4513.375,35400.0,-0.00023480236175743574,8.198528474934186e-05,0.00043223593432228924,-0.00042522138642109297,5.760987699199305e-05,-0.0007416878379800096,-0.0034466883860290176,4513.2859076181785,4512.669444444444,1.9740026146165132e-05,4514.1906747990815,4513.8285,-0.00018069125959501898,4517.378330033076,4517.6086000000005,-0.0008862064986810041,4520.875834278818,4522.75683,-0.0016591551181175876,4523.888196272782,4525.818425,-0.0023239292875194594,-0.9047671809030362,-3.187655233994519,48.67742996381691,44.43468337160007,43.31423936770099,-1.3869646670682414,-1.668462556669352,0.28149788960111066,47.72727272726832,52.30378787878562,2.408009322769062,0.0005335274207813581,4517.006458724658,4510.650541275341,-0.28540332917532757,0.0014080990115855358,-1.0299999999997453,1.0299999999997453,0.34333333333324845,0.556666666666691,0.10000000000006064,-0.0005646683680531339,0.0007450086086187024,-0.0018002815428015406,0.0007450086086187024,-0.0036380855457844863,0.0007450086086187024,4508.476577034422,0.0010864918297524059,1.0,1.7150000000001455,0.6850000000004002
93345132,Sell,2026-06-03 07:31:17,2026-06-03 07:50:55,XAUUSD.f,0.01,4476.49,4.54,1178.0,19.633333333333333,True,4.54,0,2026-06-03,7,31,30,Wednesday,2026-06,2026Q2,00:00-07:59,904.2666666666667,900.75,5.05,True,999.0399999999992,True,0,False,2026-06-03 07:31:00,4476.445,4476.445,4474.655,4474.805,16230.000000000002,-0.0003551965364987364,-0.0010269221023773145,-0.0011607129902756474,-0.0013903038025812053,-0.0023120614022863473,-0.0023543234497079846,-0.0021118240964257406,4478.191645453054,4478.591666666667,-0.0007562529076869907,4480.300637613523,4481.1669999999995,-0.0012266225099683676,4482.213800002641,4483.161800000001,-0.0016529332006956147,4482.180346327608,4483.46033,-0.0016454818319951894,4481.235366144071,4478.907195,-0.0014349538952255281,-2.1089921604689152,-1.9131623891180425,13.727587291351739,22.880093869458833,28.788826931929123,-2.063337190468701,-1.443611219644999,-0.619725970823702,1.9230769230838742,1.7275601166787016,1.3402849209482348,0.0002995180618928053,4487.690952912861,4474.643047087138,-1.950351293142284,0.0029117205017626904,-1.639999999999418,1.639999999999418,0.9162011173181291,0.0,0.0837988826818708,-0.0014348723064064872,-0.000301598135006409,-0.002947837973634293,-0.000301598135006409,-0.002947837973634293,-0.000301598135006409,4478.1575760060905,-0.0007486507451308237,17.0,1.6849999999994907,0.04500000000007276
93360769,Sell,2026-06-03 18:19:30,2026-06-03 18:46:02,XAUUSD.f,0.01,4446.07,5.42,1592.0,26.533333333333335,True,5.42,0,2026-06-03,18,19,15,Wednesday,2026-06,2026Q2,17:00-21:59,648.2166666666667,628.5833333333334,4.54,True,1003.5799999999991,True,0,False,2026-06-03 18:19:00,4450.055,4450.595,4444.825,4445.415,63839.99999999999,-0.001031459515214106,-0.0008653114615561064,-4.723745255164058e-05,-0.0008540832483933114,-0.0016484176650186644,-0.0019039514851608708,-0.0007110137216882473,4447.910577013652,4447.401666666668,-0.0005610672630310953,4449.462336026968,4450.126,-0.0009096236177115127,4450.586458850478,4451.4078,-0.0011619724497642981,4450.957830763093,4448.58889,-0.001245311902256882,4452.391638387193,4452.86829,-0.0015669417593552218,-1.5517590133158592,-1.1241228235103335,38.89221363424769,41.1093341963219,43.230372677410706,-1.5835531482207443,-1.2889431313748958,-0.29461001684584853,10.110803324094594,32.25740504333744,2.938044324073281,0.0006609156454624104,4457.457925537916,4442.794074462085,-1.2850648784246352,0.0032951541317776593,-4.640000000000327,4.640000000000327,0.8041594454072749,0.09358752166376477,0.10225303292896029,-0.0014578028956142575,0.00016424111044988088,-0.002855447725455429,0.00016424111044988088,-0.003143896031672311,0.00016424111044988088,4462.9656457935625,-0.003932507481903749,30.0,0.6549999999997453,-3.985000000000582
93376580,Sell,2026-06-04 09:02:48,2026-06-04 09:03:13,XAUUSD.f,0.01,4472.1,-3.03,25.0,0.4166666666666667,False,-3.03,0,2026-06-04,9,2,0,Thursday,2026-06,2026Q2,08:00-12:59,883.3,856.7666666666667,5.42,True,1008.9999999999991,True,0,False,2026-06-04 09:02:00,4472.555,4473.865,4472.155,4473.835,39260.0,0.000304082191627586,0.0010538975750287172,0.0010583774603640794,0.000720258845818833,0.0009419134714880872,3.352940584777642e-05,-0.001160964359510408,4470.561340818552,4469.676111111112,0.0007322702747769113,4470.473027119946,4470.0345,0.0007520396297346567,4471.927921832791,4472.30186,0.00042645547972682023,4472.4569340090775,4475.28259,0.00030812280839276015,4470.334486105325,4471.54132,0.0007830541328743148,0.08831369860581617,-1.454894712845089,74.82100333226134,60.479643797743314,55.3573593014467,-0.3911997565191996,-1.002381180602227,0.6111814240830273,99.5873452544739,84.74704315782812,1.9979916809266063,0.00044659485227475004,4474.444743878516,4465.624256121483,1.7234874554277189,0.00197324825055228,1.2799999999997453,1.2799999999997453,0.7485380116957416,0.017543859648973512,0.2339181286552849,0.00016990549007123157,0.0016209215297111612,-0.00016761330939074615,0.0016209215297111612,-0.001169884406936661,0.0016209215297111612,4461.256188033625,0.002819567277959695,48.0,-1.7349999999996726,-0.45499999999992724
93377409,Sell,2026-06-04 10:05:50,2026-06-04 10:13:26,XAUUSD.f,0.01,4469.47,5.21,456.0,7.6,True,5.21,0,2026-06-04,10,5,5,Thursday,2026-06,2026Q2,08:00-12:59,63.03333333333333,62.61666666666667,-3.03,False,1005.9699999999991,True,0,False,2026-06-04 10:05:00,4470.055,4470.655,4468.125,4468.405,25740.0,-0.0003512323894430125,0.00024399443513622998,0.0004074701365808231,0.00022160466399467893,0.00028429854929368226,-0.0017871483925159248,-0.0012427455288542832,4467.783853054487,4467.465,0.00013902797582480628,4467.945665183905,4467.152,0.00010280671487894482,4469.181148089342,4469.2522,-0.0001736667330376912,4470.398799949405,4470.7074,-0.0004460004663180313,4470.157508336672,4471.89751,-0.0003920462161354112,-0.16181212941773992,-1.2354829054374932,54.20579767010614,50.49569110858776,49.08761572285502,-0.46288202637879294,-0.7771180564486058,0.3142360300698128,61.88870151770477,63.74043124682125,2.1466579107639765,0.00048040808985845654,4469.85754275343,4464.44645724657,0.9262466826010827,0.0012113054373030755,-1.6500000000005457,1.6500000000005457,0.6521739130437596,0.23715415019743663,0.11067193675880377,-0.0005055176355196478,0.0008219972741942971,-0.0005055176355196478,0.0012862269518325586,-0.0018651902996702496,0.0012862269518325586,4462.242147322848,0.0013811112157706136,50.0,1.0650000000005093,-0.5850000000000364
93404708,Sell,2026-06-05 07:16:51,2026-06-05 07:19:28,XAUUSD.f,0.01,4442.42,2.41,157.0,2.6166666666666667,True,2.41,0,2026-06-05,7,16,15,Friday,2026-06,2026Q2,00:00-07:59,1271.0166666666667,1263.4166666666667,5.21,True,1011.1799999999992,True,0,False,2026-06-05 07:16:00,4441.145,4442.855,4440.905,4441.915,20730.0,0.00018013494358970483,0.0006893669651295564,0.0004662324923505601,-0.0002498297893889223,-0.00013505863232887716,0.00038737037449942946,-0.00030608053744130004,4440.916956367451,4440.309444444444,0.00022473818861161224,4441.081057897125,4441.614500000001,0.00018777907721185505,4441.027646132518,4440.6492,0.0001998082286775075,4442.276263007779,4440.897,-8.132384984406278e-05,4446.75594818078,4446.79728,-0.0010886471479867872,-0.1641015296736441,0.0534117646066079,59.40266623677338,54.37127572626334,53.08242211578316,-0.0907567035728789,0.003070851228693383,-0.09382755480157229,64.28571428570876,54.186289900571445,1.5080081565721486,0.0003394950503492635,4444.481014200249,4438.747985799752,0.20966231388167164,0.0012907532611163238,0.7699999999995271,0.7699999999995271,0.3948717948715892,0.4820512820511218,0.12307692307728903,-0.00032407943997259103,0.0008517091075417316,-0.0005827420601394184,0.0008517091075417316,-0.0005827420601394184,0.00131128753242149,4454.502139283636,-0.0028257118057328787,51.0,0.5050000000001091,1.2749999999996362
93411173,Sell,2026-06-05 14:55:49,2026-06-05 15:07:21,XAUUSD.f,0.01,4470.45,2.26,692.0,11.533333333333333,True,2.26,0,2026-06-05,14,55,55,Friday,2026-06,2026Q2,13:00-16:59,458.96666666666664,456.35,2.41,True,1013.5899999999991,True,0,False,2026-06-05 14:55:00,4471.845,4472.295,4469.835,4470.085,25380.0,-0.0003801613896911027,-0.0002035341126527257,0.0005170358847526035,0.0012633149249234865,0.0015773983905607025,0.0016963528413909135,0.0008933979236893652,4469.639011507448,4469.5905555555555,9.978177016165552e-05,4467.819979733223,4466.9394999999995,0.0005069631894418006,4466.083916925347,4465.1118,0.0008958817498905793,4465.2624507943,4465.1492,0.0010800147267585776,4463.673908298078,4464.46538,0.0014362813757528552,1.8190317742255502,1.7360628078758964,56.77474150629313,58.76816898876839,58.063062758063126,1.7781168735500614,1.2436162250501344,0.5345006484999271,55.67375886524723,64.76062605643628,2.042366412732584,0.0004568965495583605,4473.266386530453,4460.612613469546,0.9943279320278379,0.002832761236391727,-1.7600000000002183,1.7600000000002183,0.7154471544716229,0.18292682926821605,0.1016260162601611,-0.0011172972133489667,0.0014068714919222014,-0.0011172972133489667,0.0015841309070212528,-0.0011172972133489667,0.002671496744744095,4454.885360610367,0.0034119035977955812,49.0,0.3649999999997817,-1.3950000000004366
93443489,Buy,2026-06-08 08:38:58,2026-06-08 08:42:07,XAUUSD.f,0.01,4279.91,2.95,189.0,3.15,True,2.95,1,2026-06-08,8,38,35,Monday,2026-06,2026Q2,08:00-12:59,3943.15,3931.616666666667,2.26,True,1015.8499999999991,False,0,False,2026-06-08 08:38:00,4273.995,4290.148,4273.965,4288.225,90930.0,0.003334132745278051,0.0012561743420553828,-0.003089609126086912,-0.005600162323545543,-0.005650890009379461,-0.005189538799168059,-0.005530979864682206,4290.006265716964,4291.210555555556,-0.0004152128474026126,4297.814560098183,4302.1605,-0.0022312642772479127,4304.842726072316,4307.2228000000005,-0.003860239997078137,4308.5493207178,4311.362529999999,-0.0047172073950898395,4312.417029910492,4311.022565,-0.00560985399665613,-7.808294381219639,-7.028165974132207,41.4105430525213,36.84720439893726,36.435604585090495,-7.234103761916231,-4.370009297552562,-2.864094464363669,44.666666666667474,19.48999966941135,5.464436512427086,0.0012742886654564733,4327.231187818049,4277.089812181951,-1.1116966635408312,0.011654929107386398,14.230000000000473,14.230000000000473,0.8793178026324217,0.11882840017300719,0.0018537971945711768,-0.005773076365743979,0.004709327866452062,-0.005968972930997518,0.004709327866452062,-0.006427299572633216,0.004709327866452062,4321.403113463353,-0.007677625204643915,58.0,-8.31500000000051,5.914999999999964
93461391,Buy,2026-06-08 18:18:03,2026-06-08 18:22:58,XAUUSD.f,0.01,4324.16,8.15,295.0,4.916666666666667,True,8.15,1,2026-06-08,18,18,15,Monday,2026-06,2026Q2,17:00-21:59,579.0833333333334,575.9333333333333,2.95,True,1018.7999999999992,True,0,False,2026-06-08 18:18:00,4322.875,4328.715,4322.325,4325.375,72330.0,0.0005783188271695217,-0.0003258770657659227,-0.00044138530279369537,-0.00016874301479030684,-0.0015097249138082969,0.0007033235508122626,0.0012963638152450052,4325.976579342119,4326.117222222222,-0.00013906208946946728,4326.596001242349,4328.382500000001,-0.00028220828614428095,4325.821691971321,4324.69106,-0.00010326176230296278,4325.737022401857,4325.783890000001,-8.36903399309826e-05,4324.008315058218,4327.806339999999,0.0003160689902058838,-0.6194219002300088,0.7743092710279598,45.287694726728326,47.68651551319466,49.12565632482259,-0.14907579850296315,0.5368904161076715,-0.6859662146106347,36.65865384615331,15.731740424484459,3.10741006961853,0.0007184140264412982,4334.540007554464,4322.224992445537,-0.9768562923875215,0.0028451771785249274,2.5,2.5,0.3912363067292444,0.5226917057902933,0.08607198748046224,-0.0008408379273345812,0.000603780219373462,-0.0025389812020842895,0.000603780219373462,-0.0025389812020842895,0.0024497051431060513,4315.827035581792,0.0022123139642737572,3.0,-1.2150000000001455,1.2849999999998545
93474519,Sell,2026-06-09 10:32:19,2026-06-09 10:40:24,XAUUSD.f,0.01,4326.45,0.01,485.0,8.083333333333334,True,0.01,0,2026-06-09,10,32,30,Tuesday,2026-06,2026Q2,08:00-12:59,974.2666666666667,969.35,8.15,True,1026.9499999999991,False,0,False,2026-06-09 10:32:00,4327.185,4327.355,4325.895,4326.485,30000.0,-0.00013866147764607373,-0.0010228785372145,-0.0007898556665792977,-0.0007044636433243268,-0.0003419620999708384,-0.0010828470334264262,-0.001396411108046447,4328.676043260131,4329.318333333333,-0.0005061693779425188,4329.202823906235,4328.5015,-0.0006277885367779411,4331.443484726598,4331.6152,-0.0011447649597837721,4333.836435753859,4336.51153,-0.0016962882339561505,4334.744470729523,4335.045459999999,-0.0019054112151927851,-0.5267806461033615,-2.2406608203637006,30.3646947151026,38.80367700159637,40.60192309197499,-0.7705684422089689,-0.80917128102283,0.03860283881386106,13.928012519553976,32.55086071987261,2.0411117233889104,0.00047177136252382954,4331.942866056518,4325.0601339434825,-1.1719183410792309,0.0015900958133052909,-0.7000000000007276,0.7000000000007276,0.4794520547953056,0.11643835616388008,0.4041095890408143,-0.0012696258181872366,-0.00013866147764607373,-0.0012696258181872366,0.0009068689539659669,-0.0031197976970178676,0.0009068689539659669,4331.3310618243795,-0.0011188389331612634,19.0,-0.03499999999985448,-0.7350000000005821
93510992,Sell,2026-06-10 08:02:18,2026-06-10 08:06:00,XAUUSD.f,0.01,4177.67,1.99,222.0,3.7,True,1.99,0,2026-06-10,8,2,0,Wednesday,2026-06,2026Q2,08:00-12:59,1289.9833333333333,1281.9,0.01,True,1026.9599999999991,True,0,False,2026-06-10 08:02:00,4173.975,4178.005,4173.925,4176.355,50280.0,0.0005797886167366872,0.0004479594488899785,0.00031376907314761837,0.0006157480560209372,0.0005797886167366872,0.0005725970390262347,-0.0019118836714380194,4174.726592160483,4174.602777777777,0.0003900633499147994,4174.581915612003,4174.1995,0.0004247334041680529,4175.860657503475,4175.748,0.00011838098468077038,4177.985213081318,4178.56483,-0.00039019120417517836,4184.232207189572,4180.330425,-0.0018825932212934455,0.1446765484797652,-1.278741891471327,68.33206929421019,58.56680727825198,53.14520826379468,-0.14103695768608304,-0.46058157099270347,0.31954461330662043,64.43965517240454,54.124996082000884,1.651692090455984,0.00039548651646136024,4175.603411129692,4172.795588870307,3.0707071899524956,0.0006726612514291472,2.3799999999991996,2.3799999999991996,0.5833333333331475,0.4044117647060233,0.012254901960829115,0.00016045271614095746,0.0007164482378128056,0.00016045271614095746,0.0010114725434338112,-0.0015300920087359948,0.0010114725434338112,4201.792101301768,-0.006053869560535211,18.0,1.3150000000005093,3.694999999999709
93557927,Buy,2026-06-11 09:36:08,2026-06-11 09:57:10,XAUUSD.f,0.01,4086.19,8.09,1262.0,21.033333333333335,True,8.09,1,2026-06-11,9,36,35,Thursday,2026-06,2026Q2,08:00-12:59,1533.8333333333333,1530.1333333333334,1.99,True,1028.9499999999991,False,0,False,2026-06-11 09:36:00,4084.245,4087.515,4084.245,4087.385,38250.0,0.0007761589436403593,0.0003450828749564927,0.00011010696279734056,-0.0007187692909487176,-0.0002128047296462432,0.0018063659079685657,-0.0016194371539918206,4086.38137777027,4086.2527777777777,0.000245601704038202,4086.77285718241,4087.6089999999995,0.000149786356859639,4087.1354868698118,4088.72166,6.104841177642345e-05,4085.8006318451353,4085.9302399999997,0.0003877742204345974,4082.9239175473567,4080.03796,0.0010926195399994867,-0.3914794121401428,-0.36262968740174983,54.36419710013484,51.095740178854854,50.3593006431609,-0.3495544580996466,-0.11729668554011276,-0.23225777255953384,46.145940390547054,21.017662484714275,2.660419007684734,0.0006508853478898449,4092.0105756780963,4083.2074243219026,-0.10178173289802758,0.002153618742935948,3.1400000000003274,3.1400000000003274,0.9602446483181483,0.039755351681851715,0.0,-0.0012754712463088902,0.0010997098872247424,-0.0012803518524173718,0.001310620805554219,-0.004544519117544943,0.002799330221603391,4074.44883044787,0.003174949567524261,8.0,-1.1950000000001637,1.9450000000001637
93598278,Sell,2026-06-12 08:17:41,2026-06-12 08:27:33,XAUUSD.f,0.01,4185.65,-2.4,592.0,9.866666666666667,False,-2.4,0,2026-06-12,8,17,15,Friday,2026-06,2026Q2,08:00-12:59,1361.55,1340.5166666666667,8.09,True,1037.039999999999,False,0,False,2026-06-12 08:17:00,4187.075,4187.245,4184.595,4185.905,26360.0,-0.00025794217079833093,-0.0005897275196228291,5.494932119654017e-05,-0.0003510552553808166,-0.0007615009924579752,-0.0011382414527493223,-0.0011930597329216086,4186.693867888596,4185.971666666667,-0.00018842263453916638,4187.61645997831,4187.49715,-0.0004086954941233488,4190.0185158550985,4191.03146,-0.0009817416890959142,4191.918801222301,4193.584330000001,-0.0014346177746925694,4193.712575124476,4193.051165,-0.001861733484261078,-0.9225920897133619,-2.402055876788836,42.866170265696944,42.2189201550352,42.214055717630856,-1.311179783674561,-1.521026619153301,0.20984683547874017,48.92060870591013,59.75306527205833,2.148644054087425,0.0005133045432439162,4191.914760507479,4183.079539492522,-0.7208195459083854,0.002109904961954879,-1.1700000000000728,1.1700000000000728,0.4415094339623522,0.06415094339626268,0.4943396226413851,-0.000923677285773028,0.0009916881847300552,-0.0016504385468031346,0.0009916881847300552,-0.0028941974319061092,0.0009916881847300552,4201.880793679187,-0.003802057807832058,41.0,-0.25500000000010914,-1.425000000000182
93609754,Buy,2026-06-12 17:23:16,2026-06-12 17:29:50,XAUUSD.f,0.01,4184.03,5.87,394.0,6.566666666666666,True,5.87,1,2026-06-12,17,23,20,Friday,2026-06,2026Q2,17:00-21:59,545.5833333333334,535.7166666666667,-2.4,False,1034.639999999999,False,0,False,2026-06-12 17:23:00,4183.905,4186.795,4182.455,4186.715,65350.00000000001,0.000635746901032519,-0.0007351194986866538,-0.0014977361050990678,-0.0007279644562404597,-0.002002328899207706,-0.0005824563664986737,-0.0043211645502790885,4188.901475569549,4190.143888888889,-0.0005219687267176559,4190.562231934127,4191.635,-0.000918070588430691,4192.511646498046,4192.14766,-0.0013826190567382958,4195.235658901911,4195.09473,-0.0020310322457883206,4199.1082605008905,4200.208715,-0.0029514029484469786,-1.6607563645784467,-1.9494145639182534,38.953052381227145,43.17254250162757,44.73631638949381,-1.412909732274784,-0.5504084741031968,-0.8625012581715871,25.23696682464568,12.183860423489833,4.357890605310687,0.0010408854209829632,4199.601064812129,4183.668935187871,-1.2352397616722377,0.003800934390579778,2.8100000000004,2.8100000000004,0.647465437788089,0.018433179723484922,0.33410138248842614,-0.003005237734069799,0.0009347794123799602,-0.003005237734069799,0.0009347794123799602,-0.00556040497609922,0.0009658890542536547,4199.5445207863895,-0.0030549791109220014,16.0,-2.6850000000004,0.125
93631282,Sell,2026-06-15 08:44:57,2026-06-15 08:45:22,XAUUSD.f,0.01,4312.83,2.51,25.0,0.4166666666666667,True,2.51,0,2026-06-15,8,44,40,Monday,2026-06,2026Q2,08:00-12:59,3801.6833333333334,3795.116666666667,5.87,True,1040.5099999999989,False,0,False,2026-06-15 08:44:00,4315.175,4316.035,4312.325,4312.448,44100.0,-0.000632650611399943,-0.0015343563147200978,-0.0018463461349288446,-0.003414890605411114,-0.004073130204141462,-0.003707293181579141,-0.003525425138728222,4318.442675119851,4318.592333333333,-0.0013881566969472456,4322.123118758416,4324.06045,-0.002238510679259692,4325.113461012857,4326.54878,-0.0029283534702673713,4325.6899668976575,4326.32752,-0.0030612380912620582,4322.625204518777,4326.603375,-0.0023544036406712484,-3.680443638565521,-2.9903422544412024,10.93278095211285,20.59170388211352,26.257574132921093,-3.4490523735712486,-2.1875231039556002,-1.2615292696156484,0.6630727762830234,0.962369808830836,2.4362841219565556,0.0005649422606270395,4335.375414376377,4312.745485623623,-2.05258268850465,0.005233490376563652,-2.7269999999998618,2.7269999999998618,0.7350404312668019,0.23180592991904694,0.03315363881415117,-0.0035944967716071696,-0.0006134279778312601,-0.004631720836511866,-0.0006134279778312601,-0.0046638839233679175,-0.0006134279778312601,4306.865995672811,0.0012960710485996137,57.0,0.3819999999996071,-2.3450000000002547
93650934,Buy,2026-06-15 16:30:46,2026-06-15 16:41:37,XAUUSD.f,0.01,4355.08,10.07,651.0,10.85,True,10.07,1,2026-06-15,16,30,30,Monday,2026-06,2026Q2,13:00-16:59,465.81666666666666,465.4,2.51,True,1043.0199999999988,False,0,False,2026-06-15 16:30:00,4353.215,4358.695,4351.965,4358.195,68140.0,0.0011715802205096715,0.0011462818773753103,0.000665856158997169,0.001334900290300478,0.0014377502620670501,0.003010277058259625,0.0042028085544665306,4354.240913028836,4354.211666666666,0.0009081001832792817,4352.292017230509,4352.3038,0.001356292901790762,4348.414088878219,4348.28332,0.0022493053609582733,4344.819780293354,4342.084059999999,0.003078429113978797,4341.105446696869,4340.437895,0.00393668237571472,1.9488957983267028,3.8779283522899277,73.61722047984361,68.59653206568078,65.90508416714684,2.3138997679925524,2.177912641752462,0.13598712624009046,94.8170415673266,75.9425723049253,2.740628835265048,0.000628844931276606,4357.536523068396,4347.071076931604,2.2516765832998753,0.0024045762009517347,4.979999999999563,4.979999999999563,0.7399702823179624,0.07429420505201076,0.1857355126300269,0.000532613998335485,0.0015627172435503933,0.000532613998335485,0.003010277058259625,0.000532613998335485,0.00394603628372292,4318.737278472577,0.009136402374857628,46.0,-3.1149999999997817,1.8649999999997817
93681010,Sell,2026-06-16 13:18:40,2026-06-16 13:22:06,XAUUSD.f,0.01,4344.69,-1.7,206.0,3.433333333333333,False,-1.7,0,2026-06-16,13,18,15,Tuesday,2026-06,2026Q2,13:00-16:59,1247.9,1237.05,10.07,True,1053.0899999999988,False,0,False,2026-06-16 13:18:00,4345.415,4345.455,4344.885,4345.285,9480.0,-3.912133481998037e-05,9.205464824191267e-06,-0.00010815151797560763,6.904082729297656e-06,0.00045817748967080796,0.0006908804926437639,0.00039138177335074076,4345.381580469592,4345.461666666666,-2.2226004276946493e-05,4345.198694774532,4344.9935000000005,1.9862204591906114e-05,4344.627043855715,4344.6022,0.00015144134068204533,4342.947955389265,4344.19273,0.0005381240196154256,4338.561740409018,4338.15341,0.001549651703319534,0.18288569506057684,0.5716509188168857,49.24275868292409,51.63383897916651,52.07512749102685,0.24893084437189827,0.26904192654293946,-0.020111082171041184,56.634304207117076,61.52257896488149,1.0408854971112842,0.0002395436656309734,4346.549977239659,4343.437022760342,0.3745637810461646,0.0007164462914194493,-0.13000000000010914,0.13000000000010914,0.22807017543890443,0.07017543859646323,0.7017543859646324,-0.0003082851637765671,0.0002670273069951268,-0.0003082851637765671,0.000534197259245639,-0.0006899271781863892,0.0016135408346846791,4324.235772512902,0.0048677335359226855,40.0,-0.5950000000002547,-0.7250000000003638
93682742,Buy,2026-06-16 15:06:09,2026-06-16 15:11:57,XAUUSD.f,0.01,4339.92,3.27,348.0,5.8,True,3.27,1,2026-06-16,15,6,5,Tuesday,2026-06,2026Q2,13:00-16:59,107.48333333333333,104.05,-1.7,False,1051.3899999999987,False,0,False,2026-06-16 15:06:00,4338.095,4340.005,4337.885,4339.965,34680.0,0.00044720811890219814,-0.00035471570342537895,-0.0001174986608608597,0.0003572733359995528,0.00014518353618697688,0.0007424923531358374,-0.0010472975694640896,4339.572468772298,4339.722777777777,9.04538939093857e-05,4339.554983073366,4339.4645,9.448363443561226e-05,4340.1683699243595,4339.6,-4.685761173888888e-05,4341.25046683613,4342.2972,-0.0002961051996307668,4340.654667887349,4343.371365,-0.00015888568433036163,0.017485698931523075,-0.6133868509932654,52.42419806188876,51.1184782214894,50.114412174548335,-0.027556782803912938,-0.04287787315010004,0.015321090346187102,56.59574468085016,32.836879432620385,1.955686427994707,0.0004506226266789495,4341.59067232606,4337.3383276739405,0.4707990917441271,0.0009799238251906573,1.8699999999998909,1.8699999999998909,0.8820754716981072,0.018867924528285698,0.09905660377360717,-0.0004698290305975572,0.0006132840554213814,-0.0004698290305975572,0.0007401847694878949,-0.0007943058630133226,0.001164959405201671,4326.844328755753,0.003032388097960586,9.0,-0.04500000000007276,1.824999999999818
93700747,Sell,2026-06-17 08:49:19,2026-06-17 08:58:07,XAUUSD.f,0.01,4332.93,6.92,528.0,8.8,True,6.92,0,2026-06-17,8,49,45,Wednesday,2026-06,2026Q2,08:00-12:59,1063.1666666666667,1057.3666666666666,3.27,True,1054.6599999999987,False,0,False,2026-06-17 08:49:00,4332.775,4334.105,4331.635,4331.635,29430.0,-0.00027926223993701704,0.00023091301852962154,0.0004850405413052705,0.0007878518330262096,0.0004526898670222934,0.0013222636135938881,0.0019568951060273676,4330.615356557077,4330.240555555555,0.00023545001321340824,4329.351452325658,4329.5185,0.0005274572183589835,4327.704830971061,4326.7842,0.0009081416553211548,4327.722861346035,4326.457899999999,0.0009039716218678356,4329.6305197697575,4329.795215,0.0004629679648390249,1.2639042314185644,1.6466213545973005,64.18477516583641,62.05063697931162,59.94438033441982,1.3576444087211712,1.0966239619477751,0.2610204467733961,66.57645466847714,86.96972620576128,1.6753000878952133,0.00038675929248314163,4332.4722576984595,4326.564742301541,1.4330897900690704,0.001364473993336401,-1.139999999999418,1.139999999999418,0.46153846153834827,0.5384615384616518,0.0,-0.00027926223993701704,0.0011371213495690036,-0.0003000275794583507,0.0013384668197773397,-0.0003000275794583507,0.002455435920875493,4334.831089134768,-0.0007373041922623065,19.0,1.2950000000000728,0.15500000000065484
93757800,Sell,2026-06-18 18:09:38,2026-06-18 18:17:36,XAUUSD.f,0.01,4253.6,7.6,478.0,7.966666666666667,True,7.6,0,2026-06-18,18,9,5,Thursday,2026-06,2026Q2,17:00-21:59,2000.3166666666666,1991.5166666666667,6.92,True,1061.5799999999988,True,0,False,2026-06-18 18:09:00,4253.255,4254.645,4252.625,4253.185,33030.0,-1.8809079612935875e-05,0.00022105969905328315,0.000562247767770474,0.00023752550165512254,0.0014315633825867646,0.0005104663239250407,0.002295304876109183,4251.84723212908,4251.742777777778,0.00031463215818561084,4250.257889125095,4249.5905,0.0006886901809875533,4249.128809029197,4248.3146,0.0009545935539030634,4249.994989792069,4251.86449,0.0007505915220120613,4252.472582717532,4251.24049,0.00016753012949786243,1.58934300398505,1.1290800958977343,62.75997171019133,58.9258340918448,56.12495775425603,1.6393039899548967,1.3280553289338408,0.31124866102105586,82.47298919567959,83.49206035947692,2.953857292826532,0.0006945047753216781,4257.016107063891,4242.16489293611,0.9681363339246946,0.0034947400526663974,-0.06999999999970896,0.06999999999970896,0.03465346534638308,0.6881188118812015,0.2772277227724154,-0.00029381104659020885,0.0011463368417834463,-0.00029381104659020885,0.0030540760122965693,-0.0005897979060998093,0.0030682695879298283,4281.090212062341,-0.0065182490160369975,38.0,0.4149999999999636,0.34500000000025466
93776205,Sell,2026-06-19 08:32:37,2026-06-19 08:41:30,XAUUSD.f,0.01,4137.68,5.04,533.0,8.883333333333333,True,5.04,0,2026-06-19,8,32,30,Friday,2026-06,2026Q2,08:00-12:59,862.9833333333333,855.0166666666667,7.6,True,1069.1799999999987,True,0,False,2026-06-19 08:32:00,4138.895,4138.895,4136.025,4136.495,32760.0,-0.0005967675493753211,0.0007475676833021971,0.0009073872208422706,0.0017145285712383274,0.002078531171305631,0.003004288203137584,-0.002146960663579889,4134.576399706714,4134.038333333334,0.0004640379346773544,4132.090293978756,4131.144,0.0010659752589779403,4132.487050750238,4129.577,0.0009698637165805502,4138.861714903684,4138.01923,-0.0005718274894668209,4151.095907565164,4154.666265,-0.003517362135274962,2.486105727958602,-0.39675677148261457,64.27891717090253,61.98527469803559,57.87858426815759,2.099818180479815,1.0821412622975715,1.0176769181822436,80.04369992716774,92.58952040978643,2.670329051487783,0.00064555355475778,4138.3085791851745,4123.979420814826,1.4937374161688481,0.003468569086516597,-2.4000000000005457,2.4000000000005457,0.8362369337978663,0.0,0.16376306620213366,-0.0006619580671307634,0.001903776914161659,-0.0006619580671307634,0.002663916296308022,-0.0006619580671307634,0.003653336529628737,4170.275778997451,-0.008100370524074148,37.0,1.1850000000004002,-1.2150000000001455
93798546,Buy,2026-06-22 08:28:11,2026-06-22 08:39:30,XAUUSD.f,0.01,4189.21,6.82,679.0,11.316666666666666,True,6.82,1,2026-06-22,8,28,25,Monday,2026-06,2026Q2,08:00-12:59,4315.566666666667,4306.683333333333,5.04,True,1074.2199999999987,False,0,False,2026-06-22 08:28:00,4187.895,4189.035,4187.175,4189.005,22860.0,0.0002643330854763537,0.00022444732830084746,0.00046811056484941105,0.00043704884558204427,0.0008649144582875135,0.0022130483724525085,0.0028488630283414196,4187.7276197407955,4187.762,0.00030502945157729347,4186.24575336752,4186.3246500000005,0.0006591219902130257,4183.145264755038,4181.9960599999995,0.0014007964997853203,4181.427722326034,4178.777830000001,0.0018121269042887676,4180.754987249345,4181.81381,0.0019733308399599537,1.4818663732758068,3.1004886124819677,71.66105019041466,67.37788356530352,65.08750148148026,1.86486898468047,1.8831044207904488,-0.018235436109978798,99.36842105263695,86.28799374214957,1.5691499540618863,0.00037458774913419447,4189.977050006502,4182.672249993499,1.467719852824443,0.0017449196189320483,1.1099999999996726,1.1099999999996726,0.5967741935483161,0.016129032257930442,0.38709677419375343,7.161656491172508e-06,0.000915134970461251,7.161656491172508e-06,0.0017025814913609327,7.161656491172508e-06,0.003480677210906613,4178.821702048281,0.0024368826137587964,11.0,0.20499999999992724,1.3149999999995998
93832434,Buy,2026-06-23 06:39:04,2026-06-23 06:48:57,XAUUSD.f,0.01,4135.04,3.98,593.0,9.883333333333333,True,3.98,1,2026-06-23,6,39,35,Tuesday,2026-06,2026Q2,00:00-07:59,1330.8833333333334,1319.5666666666666,6.82,True,1081.0399999999986,True,0,False,2026-06-23 06:39:00,4134.125,4136.375,4133.955,4136.295,32910.0,0.0005975095704342515,-0.0003770069275021992,-0.0006837193851357837,-0.001019196887343754,0.00020795877579971034,-0.0009275059871236557,-0.005168617424902822,4137.236382493682,4138.005,-0.00022753896723553312,4137.990227693985,4137.0824999999995,-0.00040967416564667656,4141.811513130394,4141.6616,-0.0013319082997633649,4148.618214237578,4149.056729999999,-0.002970438252256225,4159.0635069551745,4163.428635,-0.005474431183149474,-0.7538452003027487,-3.821285436409198,43.746158654758915,43.798359252051,42.67450963226942,-1.1363487138933124,-1.1893626366776833,0.05301392278437089,37.90012804097164,33.325944274642204,2.6882997170073586,0.0006499293974456267,4142.556314618927,4131.608685381072,-0.28773352947557485,0.002646219706243452,2.1700000000000728,2.1700000000000728,0.8966942148760362,0.033057851239638364,0.07024793388432547,-0.0011711736729818067,0.0007161287434964692,-0.0011711736729818067,0.0014058871494118108,-0.004670687645056626,0.0014058871494118108,4166.479687148938,-0.007244650020025138,4.0,-1.2550000000001091,0.9149999999999636
93873774,Sell,2026-06-23 21:06:17,2026-06-23 21:32:06,XAUUSD.f,0.01,4127.31,4.54,1549.0,25.816666666666666,True,4.54,0,2026-06-23,21,6,5,Tuesday,2026-06,2026Q2,17:00-21:59,867.2166666666667,857.3333333333334,3.98,True,1085.0199999999986,False,0,False,2026-06-23 21:06:00,4127.295,4127.375,4125.185,4125.775,30630.0,-0.00037312393166011315,-0.000624946255833092,-0.0007750107472195289,-0.000698289855929124,-0.001143445657158071,-0.0008209892314791079,-0.0017645487565171036,4127.677268537747,4127.912,-0.0004608568969883511,4128.661839741587,4128.9862,-0.0006992192273533105,4130.498896209888,4130.631060000001,-0.0011436623828232377,4132.08673319594,4134.00905,-0.0015274929118098163,4131.911351296668,4133.1942850000005,-0.001485112040156061,-0.9845712038395504,-1.8370564683009434,28.106731092991936,33.73302502314088,36.69795256464002,-1.0720931253617891,-0.8614563856483518,-0.21063673971343733,10.55456171734019,14.271004372257204,1.5727240537725646,0.00038119481885768485,4132.064521447889,4125.9078785521115,-2.0863318235999952,0.0014910785838367835,-1.5200000000004366,1.5200000000004366,0.6940639269409654,0.03652968036527025,0.2694063926937643,-0.0012104266148603715,-9.694208316435304e-05,-0.00168967067512793,-9.694208316435304e-05,-0.002914567642257504,-9.694208316435304e-05,4132.858727840425,-0.001714001931086244,17.0,1.535000000000764,0.015000000000327418
93909211,Buy,2026-06-24 10:08:33,2026-06-24 10:15:20,XAUUSD.f,0.01,4088.7,-3.38,407.0,6.783333333333333,False,-3.38,1,2026-06-24,10,8,5,Wednesday,2026-06,2026Q2,08:00-12:59,782.2666666666667,756.45,4.54,True,1089.5599999999986,False,0,False,2026-06-24 10:08:00,4088.255,4090.665,4088.255,4088.695,23520.0,0.00012230336370944173,0.0003107090649980826,0.00045022394971194757,0.0010699442380319724,-0.0005182341416074543,0.00023484888330571607,-0.00016628457893930193,4088.1117170570014,4087.871666666667,0.00014267783841744473,4088.2464438837,4087.9574999999995,0.00010971846302738614,4087.49140426629,4088.4480000000003,0.0002944582910814198,4083.7998596310576,4084.4632,0.0011986729362845814,4079.2021665198436,4073.94195,0.002327129936846298,-0.1347268266986248,0.7550396174101479,53.15510847758917,50.971741774687594,51.153286289739235,-0.18230504843950257,-0.2756937237873916,0.09338867534788903,69.26677067082926,66.42524203411624,2.5997510320573136,0.000635838826827952,4091.4661890800567,4084.4488109199424,0.42038492620645307,0.0017165976309964763,0.44000000000005457,0.44000000000005457,0.18257261410791747,0.8174273858920825,0.0,-0.0002567397233812496,0.001087101564422488,-0.0008772605036061476,0.0010993571576354277,-0.0013677568421425201,0.0013616987927167479,4081.217710842503,0.0018321220986648999,33.0,0.004999999999654392,0.44499999999970896
93935706,Buy,2026-06-24 16:41:19,2026-06-24 16:46:25,XAUUSD.f,0.01,4007.36,2.37,306.0,5.1,True,2.37,1,2026-06-24,16,41,40,Wednesday,2026-06,2026Q2,13:00-16:59,392.76666666666665,385.98333333333335,-3.38,False,1086.1799999999985,True,0,False,2026-06-24 16:41:00,4003.655,4008.398,4003.225,4007.835,78060.0,0.0010758011433915637,0.002406073710393253,0.003847237615764776,0.005229515536175899,0.008076514346440078,0.010025062656641603,8.48410291216517e-05,3997.7467344034744,3997.070444444444,0.00252348792126046,3989.9805815746363,3985.2861,0.0044748133632062795,3989.5075319078983,3982.97308,0.0045939174059754255,4001.356334260777,4003.7560000000003,0.0016191174186989078,4020.344940814978,4028.00425,-0.0031116585763514546,7.7661528288381305,0.47304966673800664,81.10416502234146,70.77752728029668,63.54137172270886,6.686451014284103,3.6395891717565347,3.046861842527568,98.48627429892696,94.65444511346016,6.184131422143035,0.001543010483750712,4011.5536935899822,3959.0185064100174,1.716860733569409,0.013182287510039706,4.179999999999836,4.179999999999836,0.8080417552676689,0.10883433210904252,0.08312391262328861,0.00023709190555742943,0.007296160530611662,0.00023709190555742943,0.01098048712195454,-4.241511674762943e-05,0.01098048712195454,4061.674372443338,-0.01325546252762516,19.0,-0.47499999999990905,3.7049999999999272
93990129,Buy,2026-06-25 07:19:16,2026-06-25 07:30:21,XAUUSD.f,0.01,3990.0,4.22,665.0,11.083333333333334,True,4.22,1,2026-06-25,7,19,15,Thursday,2026-06,2026Q2,00:00-07:59,877.95,872.85,2.37,True,1088.5499999999984,True,0,False,2026-06-25 07:19:00,3989.075,3991.455,3988.775,3991.235,32920.0,0.0005439871248025252,0.0006919938071570098,0.0005163975007362875,-0.0010186956940708702,-0.0006535055817137314,0.0012317109116792846,0.002390929536644437,3990.399689532046,3990.048333333333,0.00020933002529679328,3990.9948058410923,3992.618,6.0184031950193805e-05,3987.800776956048,3986.0178,0.0008611821994210517,3984.865046349302,3981.68529,0.00159853685798823,3985.2166080291827,3982.9420299999997,0.0015101793861573148,-0.5951163090462614,3.1940288850441902,52.62453936037696,52.33538986163952,54.28939801337692,0.2302875504037729,1.1766948041140448,-0.9464072537102719,42.2319474835906,22.87494540625741,2.5331960504928293,0.0006346897765961737,3997.996714677791,3987.239285322209,-0.5142492520416845,0.0026943297244018173,2.1600000000003092,2.1600000000003092,0.805970149253896,0.08208955223873632,0.11194029850736771,-0.0012711710663448894,0.0009680554249349438,-0.0015110293887711235,0.0009680554249349438,-0.002411966352444561,0.005692119098584136,3987.9440248890537,0.0008252310188927428,16.0,-1.2350000000001273,0.9250000000001819
94051620,Buy,2026-06-25 19:46:01,2026-06-25 20:27:18,XAUUSD.f,0.01,4025.8,8.77,2477.0,41.28333333333333,True,8.77,1,2026-06-25,19,46,45,Thursday,2026-06,2026Q2,17:00-21:59,746.75,735.6666666666666,4.22,True,1092.7699999999984,True,0,False,2026-06-25 19:46:00,4023.885,4025.875,4023.485,4025.495,63000.0,0.0003951385532212637,-0.0016029432846275116,-0.001489024675195183,-0.002174620030201302,-0.0023420393586530697,-0.0035619825811874506,-0.0015427677799646489,4029.657817182182,4030.1544444444444,-0.0010330448318545034,4032.577784098876,4033.6037000000006,-0.00175639119146182,4034.1578746923333,4036.8410200000003,-0.002147381178778004,4031.296514972544,4031.2393299999994,-0.001439118891651113,4024.360208993887,4023.704925,0.00028198047569811554,-2.9199669166937383,-1.5800905934574985,22.4130074667721,28.641803595596556,35.00422232753857,-2.7875899270989066,-1.8930184958814076,-0.894571431217499,15.789473684208646,7.529515622130124,2.6045010922811804,0.0006470014475936948,4042.497978864172,4024.709421135829,-1.8233518700800897,0.004410090591781046,1.6099999999996726,1.6099999999996726,0.6736401673639156,0.1589958158996357,0.16736401673644866,-0.002369236602722924,0.00044983640617979326,-0.004178226467790758,0.00044983640617979326,-0.004522990218322698,0.00044983640617979326,3999.949692084048,0.006386407300698425,1.0,0.30500000000029104,1.9149999999999636
94074059,Sell,2026-06-26 14:36:53,2026-06-26 14:49:42,XAUUSD.f,0.01,4051.97,4.55,769.0,12.816666666666666,True,4.55,0,2026-06-26,14,36,35,Friday,2026-06,2026Q2,13:00-16:59,1130.8666666666666,1089.5833333333333,8.77,True,1101.5399999999984,False,0,False,2026-06-26 14:36:00,4053.005,4053.045,4051.908,4051.938,20540.0,-0.0002114590054518306,-0.00035525924303136946,-0.0005697727420720389,-0.00013991346093344958,0.00013402790890548744,-0.00018925631152522104,0.00015871468258921162,4052.7092047349106,4052.8441111111115,-0.00019029362728751288,4052.3133177844593,4052.2206000000006,-9.261815536622522e-05,4051.503026992371,4051.77984,0.00010736089908640595,4049.693285337441,4050.10952,0.0005542925116542621,4044.774134228118,4044.8989550000006,0.0017711411154604163,0.39588695045131317,0.8102907920883808,44.04892801517625,49.298971043750925,50.48101198994025,0.46395126169772993,0.448418624390461,0.015532637307268948,31.108092373377257,47.370463807492484,1.7429598704845073,0.00043015462489418824,4054.9900386338,4049.451161366201,-0.20408468095408874,0.001366874564429874,-1.0670000000000073,1.0670000000000073,0.9384344766929171,0.03518029903250449,0.026385224274578345,-0.0008753570470433347,0.0003957697326271159,-0.0008753570470433347,0.001426783139095944,-0.0008753570470433347,0.001488662020828535,4020.751244198525,0.007756449953593611,53.0,0.03199999999969805,-1.0350000000003092
94116926,Buy,2026-06-29 14:55:16,2026-06-29 15:08:30,XAUUSD.f,0.01,4037.87,8.67,794.0,13.233333333333333,True,8.67,1,2026-06-29,14,55,55,Monday,2026-06,2026Q2,13:00-16:59,4338.383333333333,4325.566666666667,4.55,True,1106.0899999999983,False,0,False,2026-06-29 14:55:00,4037.605,4039.745,4036.825,4039.715,24090.0,0.0005126750865913632,0.0006613748422423793,0.00034667924617082235,0.0008373933283536417,0.001355891870721937,0.0027478221585670592,0.0008051599605098936,4037.3951967352546,4037.227222222222,0.0005745791907171838,4036.1595367207674,4035.754,0.0008809025626676389,4035.138590402706,4034.2712,0.0011341393845006288,4036.1226683298432,4035.09723,0.0008900452155096228,4040.3728825706,4040.2147800000002,-0.0001628271918756925,1.2356600144871663,1.0209463180613056,70.76162345434274,63.802601343330785,60.357086344920894,1.2506871201176182,0.9608912952357471,0.28979582488187106,99.41291585127696,86.9316540959556,1.8655984676617496,0.00046181437741567153,4039.867571255819,4031.640428744181,1.9258205358165532,0.0020385639242723403,2.1100000000001273,2.1100000000001273,0.722602739726053,0.010273972602652259,0.26712328767129473,0.00033429370549731274,0.0012590977870365894,0.00033429370549731274,0.0019643855900410845,0.00033429370549731274,0.003136263575266085,4057.468943963471,-0.0043756204196914944,16.0,-1.8450000000002547,0.26499999999987267
94147775,Buy,2026-06-30 07:15:05,2026-06-30 07:25:58,XAUUSD.f,0.01,3972.5,5.19,653.0,10.883333333333333,True,5.19,1,2026-06-30,7,15,15,Tuesday,2026-06,2026Q2,00:00-07:59,979.8166666666667,966.5833333333334,8.67,True,1114.7599999999984,True,0,False,2026-06-30 07:15:00,3972.245,3973.685,3971.695,3973.265,18390.0,0.00025678174432841594,0.0004910212360389465,0.0007304114357244984,0.0006472418556449089,0.00036759105746630993,0.0018727441715975512,0.000858973438576438,3971.458814004385,3970.7961111111113,0.00045479157161232357,3970.512342575794,3970.904,0.000693275120867734,3968.5922726848144,3967.30724,0.0011774269045845666,3967.8542833514043,3966.15125,0.0013636379418715575,3972.3787150503417,3966.427,0.00022311189673336967,0.9464714285913942,1.9200698909794482,69.97826809167552,62.78099706848759,60.090447687832174,1.1569169348945252,1.1084224062539896,0.048494528640535606,80.94512195121935,65.98410821863766,1.8710815528048013,0.0004709178856192077,3974.1248784332224,3967.6831215667776,1.4660596784074644,0.0016222393859042798,1.0199999999999818,1.0199999999999818,0.5125628140703988,0.21105527638196925,0.2763819095476319,6.972082472933572e-05,0.0013382208215566571,-0.0003756203522327084,0.0018532923675873558,-0.0003756203522327084,0.003391555456224715,3981.110335533267,-0.001970640065723351,5.0,-0.7649999999998727,0.25500000000010914
94199359,Sell,2026-07-01 17:01:51,2026-07-01 17:03:41,XAUUSD.f,0.01,4093.49,8.63,110.0,1.8333333333333333,True,8.63,0,2026-07-01,17,1,0,Wednesday,2026-07,2026Q3,17:00-21:59,2026.7666666666667,2015.8833333333334,5.19,True,1119.9499999999985,False,0,False,2026-07-01 17:01:00,4099.035,4099.065,4088.175,4088.375,52950.0,-0.002595745563263474,0.00011986638567362817,-0.0006404309953934595,-0.0005500381970969803,-0.0009554564259331988,0.00986055174134326,0.016532049026762197,4090.3493452832768,4089.6972222222225,-0.0004826837799449691,4085.4909083253174,4090.778,0.0007059351591764622,4067.983915019227,4061.7058,0.005012577583084336,4051.3478975565913,4043.2248999999997,0.00913945269073044,4033.445653300549,4030.1940999999997,0.01361846704306093,4.858436957959384,17.506993306090408,48.62118765925206,56.88273302467975,60.248026291550126,7.808470295910411,9.615442517384661,-1.8069722214742505,21.068609593198797,42.398868865158555,6.932039531030474,0.001695548850345302,4102.046370409847,4079.5096295901517,-0.42650355155164377,0.005509157627154481,-10.659999999999854,10.659999999999854,0.9788797061524724,0.002754820936615881,0.018365472910911736,-0.0031696687086647524,0.0006975847657277878,-0.0046767139328827145,0.0029954626468751133,-0.0046767139328827145,0.018091378269179392,3997.924492710187,0.02262436608163565,51.0,5.114999999999782,-5.545000000000073
94223505,Buy,2026-07-02 16:13:42,2026-07-02 16:15:41,XAUUSD.f,0.01,4124.15,-3.29,119.0,1.9833333333333334,False,-3.29,1,2026-07-02,16,13,10,Thursday,2026-07,2026Q3,13:00-16:59,1391.85,1390.0166666666667,8.63,True,1128.5799999999986,False,0,False,2026-07-02 16:13:00,4123.895,4123.895,4121.165,4122.425,55860.0,-0.00040736111228967253,0.0007695566309926516,0.0013310840926950007,-0.00019644769216387026,0.0025437959710259417,-0.0034953836038468244,0.014444875083820863,4121.465606361307,4120.669444444445,0.0002327797270009877,4120.798835314071,4119.758,0.0003946236520922976,4112.926880315573,4117.0052000000005,0.002309333465149909,4099.543911817836,4092.0661999999998,0.005581374092909419,4086.7428912916016,4078.0389,0.008731185116742531,0.6667710472365798,7.87195499849804,54.35402273327001,53.85008598624392,55.624339549550854,1.382009816671598,1.6031102406767777,-0.2211004240051797,51.814946619217956,65.03856472509555,5.32261035354312,0.0012911357643967131,4127.238754474555,4112.277245525444,0.7130296841239129,0.003631647526167992,-1.4700000000002547,1.4700000000002547,0.5384615384615384,0.0,0.46153846153846156,-0.0013420656425139343,0.001623035440728282,-0.0016395447538805064,0.002582807307253132,-0.004289663384607234,0.01474452464907916,4069.6975342129076,0.012956114144558958,42.0,1.7249999999994543,0.25499999999919964
94240579,Buy,2026-07-03 06:32:03,2026-07-03 06:35:00,XAUUSD.f,0.01,4179.46,1.95,177.0,2.95,True,1.95,1,2026-07-03,6,32,30,Friday,2026-07,2026Q3,00:00-07:59,858.35,856.3666666666667,-3.29,False,1125.2899999999986,True,0,False,2026-07-03 06:32:00,4180.915,4180.915,4179.145,4180.535,22980.0,-3.1095531452529634e-05,-0.00013871897807160583,-8.849758604889679e-05,-0.00013632759760873192,-0.00021045507322281498,3.348965827387751e-05,0.00011483102495057906,4180.631892638145,4180.560555555556,-2.317655336154601e-05,4180.9095328124895,4181.027,-8.958165909839378e-05,4181.116745522591,4181.626800000001,-0.0001391363977613131,4178.861360201209,4180.8294,0.0004005013936882704,4169.667904344233,4170.2878,0.00260622570071949,-0.27764017434492416,-0.20721271010188502,47.723486740957796,47.24741558445476,47.934993538209426,-0.3283023272633727,-0.3245125407160725,-0.0037897865473002224,38.59223300971329,31.715210355996533,1.448247251610748,0.0003464262951059489,4182.877662238335,4179.176337761665,-0.5317015604565554,0.0008852668200108418,-0.38000000000010914,0.38000000000010914,0.2146892655368422,0.0,0.7853107344631578,-0.0003634576781033072,0.000380478805057205,-0.0007433709122071086,0.000380478805057205,-0.0014164695035071562,0.00046666515100213246,4166.112896692634,0.0034617648789150085,3.0,-1.074999999999818,-1.4549999999999272
94241160,Sell,2026-07-03 08:08:26,2026-07-03 08:22:23,XAUUSD.f,0.01,4180.61,4.8,837.0,13.95,True,4.8,0,2026-07-03,8,8,5,Friday,2026-07,2026Q3,08:00-12:59,96.38333333333334,93.43333333333334,1.95,True,1127.2399999999986,False,0,False,2026-07-03 08:08:00,4180.545,4180.905,4180.085,4180.115,21000.0,-9.089832663355946e-05,4.5455361041168985e-05,0.0005337628967765351,0.0003637586317888353,0.0010752881305193807,0.0010009734346916321,0.0008859272845251898,4179.391809476209,4179.287222222222,0.00017303726397479614,4178.405114385124,4177.6855000000005,0.00040921968264619765,4177.759473756003,4177.6056,0.000563825241446718,4177.726939961219,4177.6694,0.000571617071460215,4174.510179824948,4179.1914,0.0013426294184499647,0.9866950910854939,0.6456406291208623,64.3259919452799,61.43619539558271,58.65216366332868,0.9139154257354676,0.5778785735764966,0.33603685215897094,86.49468892260535,89.64243243477586,1.225169380076523,0.0002930946588973086,4181.745162700737,4173.625837299264,1.1968974661657954,0.0019434984757642601,-0.43000000000029104,0.43000000000029104,0.5243902439029801,0.43902439024365897,0.03658536585336096,-0.00021286748042648185,0.0008332066364429291,-0.00021286748042648185,0.0013918484633967942,-0.0005785964731914728,0.0013918484633967942,4168.106253659662,0.002881103697822969,26.0,0.49499999999989086,0.06499999999959982
94258974,Sell,2026-07-06 06:37:10,2026-07-06 07:23:13,XAUUSD.f,0.01,4167.97,5.12,2763.0,46.05,True,5.12,0,2026-07-06,6,37,35,Monday,2026-07,2026Q3,00:00-07:59,4228.733333333334,4214.783333333334,4.8,True,1132.0399999999986,True,0,False,2026-07-06 06:37:00,4168.845,4168.915,4166.725,4166.765,23280.0,-0.0005037342298201963,0.00024485416174058194,0.00013921609338041208,0.0005691102789240343,0.0005522918310034708,-4.5596844698292394e-05,-0.0016651831761391733,4166.502332310603,4166.399444444444,6.304273187608708e-05,4166.304159609751,4165.411999999999,0.00011061131703176591,4168.600677874532,4168.4404,-0.000440358291998337,4172.76692641872,4173.5544,-0.001438356496913334,4176.76188215104,4179.776449999999,-0.0023934527351822206,0.19817270085241034,-2.296518264781298,53.74664191514078,50.4000553028354,47.70070016145353,-0.28604532214558276,-0.8499650134071133,0.5639196912615305,66.97247706422222,88.20785100967589,1.8033288785863224,0.00043278871704699505,4168.118460724483,4162.705539275516,0.9998297686431334,0.001299492450919047,-2.0799999999999272,2.0799999999999272,0.9497716894978572,0.03196347031950765,0.018264840182635127,-0.0005181191794046969,0.0010522813242888063,-0.0005181191794046969,0.0010522813242888063,-0.002238923018163863,0.0010522813242888063,4181.411675879358,-0.003502806471758709,10.0,1.2049999999999272,-0.875
94289139,Sell,2026-07-07 08:30:02,2026-07-07 08:33:52,XAUUSD.f,0.01,4127.24,5.04,230.0,3.8333333333333335,True,5.04,0,2026-07-07,8,30,30,Tuesday,2026-07,2026Q3,08:00-12:59,1552.8666666666666,1506.8166666666666,5.12,True,1137.1599999999985,True,0,False,2026-07-07 08:30:00,4127.975,4128.165,4122.435,4124.695,46050.0,-0.0008091016670159767,-0.0004458946791920937,-0.0007267978859871738,0.0009075566221907749,0.0007594202687570828,-0.00020118651565559365,-0.0013485817495972885,4126.05140954424,4126.339444444445,-0.00032874276386937523,4125.674839941766,4124.7365,-0.00023749810146932512,4126.780503287162,4126.7072,-0.0005053584229888378,4128.905152546875,4129.4556,-0.0010196777090600367,4132.958701369819,4132.964300000001,-0.0019994638144050646,0.376569602474774,-1.1056633453963514,43.210991903469925,46.50628198371447,46.37861853241771,0.05755693769424397,-0.3728230755798323,0.43038001327407627,52.61096605743893,80.33260160510434,2.0791016760252696,0.0005040619187661802,4129.1207025187,4120.3522974812995,-0.018931607207127457,0.002125809742610456,-3.280000000000655,3.280000000000655,0.5724258289704894,0.033158813263457994,0.3944153577660525,-0.0008792912379718132,0.0009779974834158711,-0.0008792912379718132,0.0009779974834158711,-0.0016072286561124027,0.0009779974834158711,4139.814841398285,-0.0036522989499643147,2.0,2.5450000000000728,-0.7350000000005821
94291110,Sell,2026-07-07 10:41:18,2026-07-07 10:43:52,XAUUSD.f,0.01,4128.54,-2.74,154.0,2.566666666666667,False,-2.74,0,2026-07-07,10,41,40,Tuesday,2026-07,2026Q3,08:00-12:59,131.26666666666668,127.43333333333334,5.04,True,1142.1999999999985,True,0,False,2026-07-07 10:41:00,4128.485,4128.745,4127.175,4127.265,13320.0,-0.00028097882364341853,-0.0006077812955910256,-0.0006174610727113228,0.00029568266948132305,1.6960671836541152e-05,0.00018659903865159144,-0.0008618133181627075,4128.3224590418695,4128.533888888889,-0.0002561473945798735,4128.270397224953,4127.9405,-0.00024353957667800467,4128.177246905441,4128.265,-0.00022098055652159542,4127.851159221784,4127.7141,-0.00014200105555499878,4128.80814549411,4127.04755,-0.00037375083552719735,0.05206181691664824,0.09315031951155106,40.400986019573814,45.8581078615147,47.40586023905058,0.03270773557778739,1.44183072537888e-05,0.0326933172705336,37.93103448276799,57.31800766284175,1.517993170537164,0.0003677963907181061,4130.31716244118,4125.56383755882,-0.5684442083949206,0.0011515003383309852,-1.2199999999993452,1.2199999999993452,0.7770700636939945,0.165605095541571,0.057324840764434525,-0.000653758566961149,0.00039994037252633063,-0.000975481053761551,0.00039994037252633063,-0.0011398907302198058,0.0007371081839617766,4136.245859104132,-0.0021712585300906373,18.0,1.2749999999996362,0.05500000000029104
94292496,Sell,2026-07-07 11:45:26,2026-07-07 11:57:37,XAUUSD.f,0.01,4130.41,3.51,731.0,12.183333333333334,True,3.51,0,2026-07-07,11,45,45,Tuesday,2026-07,2026Q3,08:00-12:59,64.13333333333334,61.56666666666667,-2.74,False,1139.4599999999984,True,0,False,2026-07-07 11:45:00,4131.005,4131.005,4129.505,4129.705,16379.999999999998,-0.00031469339785361594,-0.0005372798393001865,-0.0005614680453287502,-0.0008226260886184944,-0.001117473831883098,-0.0015449355007561838,-0.00021546532642402472,4131.3710294731645,4131.346111111111,-0.00040326309626493467,4132.497179349955,4133.4055,-0.0006756639457391272,4132.367639126817,4132.5473999999995,-0.0006443374257426824,4131.091926171524,4130.4231,-0.00033572871199934634,4130.333849440997,4128.19885,-0.00015225147988520037,-1.1261498767908051,0.1295402231380649,32.33923734554587,38.371206328396376,42.728531529874296,-0.9107906610579448,-0.42833484759438034,-0.4824558134635645,16.908212560389302,21.86261366671614,1.865859527143442,0.00045181424027707594,4138.688025128407,4128.122974871592,-1.4010345090835812,0.002556015918790229,-1.300000000000182,1.300000000000182,0.8666666666667879,0.0,0.13333333333321207,-0.0012044448367893867,0.00025432011151327316,-0.002198702282422138,0.00025432011151327316,-0.002256559182130191,0.001345730216250507,4135.826379160403,-0.001480086105946708,26.0,0.7049999999999272,-0.5950000000002547
94339039,Sell,2026-07-08 08:08:25,2026-07-08 08:25:20,XAUUSD.f,0.01,4131.49,6.64,1015.0,16.916666666666668,True,6.64,0,2026-07-08,8,8,5,Wednesday,2026-07,2026Q3,08:00-12:59,1222.9833333333333,1210.8,3.51,True,1142.9699999999984,True,0,False,2026-07-08 08:08:00,4132.595,4132.785,4130.295,4130.485,41940.0,-0.0004960635542107239,7.747874479591133e-05,0.0010736647960338797,0.0012362482531931285,0.0012022712260864044,0.0013867456691469826,0.0006638006950525632,4129.298495502339,4128.735000000001,0.0002873380306491839,4127.628786839051,4126.719999999999,0.0006919743291973819,4126.331211042539,4125.9856,0.0010066542759207152,4125.1156034702,4125.865,0.001301635407570852,4121.943383585894,4122.1187,0.0020722304066863005,1.6697086632884748,1.2975757965123194,63.22687180128264,62.031898300253125,59.68403396768146,1.4811398005240335,0.7834561526005728,0.6976836479234607,68.62745098038727,83.80178684376682,1.825292910672987,0.0004419076478120577,4132.006974972434,4121.433025027564,1.424254897982443,0.002562313397775967,-2.110000000000582,2.110000000000582,0.8473895582332398,0.07630522088338011,0.07630522088338011,-0.000774127685104431,0.001454727075016704,-0.000774127685104431,0.0016975931766454178,-0.000774127685104431,0.00246339193293732,4114.155855906183,0.0039690144626812664,25.0,1.0050000000001091,-1.105000000000473
94351863,Sell,2026-07-08 14:04:59,2026-07-08 14:34:03,XAUUSD.f,0.01,4053.41,5.72,1744.0,29.066666666666666,True,5.72,0,2026-07-08,14,4,0,Wednesday,2026-07,2026Q3,13:00-16:59,356.56666666666666,339.65,6.64,True,1149.6099999999985,True,0,False,2026-07-08 14:04:00,4053.295,4054.195,4051.465,4053.825,39480.0,0.00012335551676700973,4.933636422954635e-06,0.0002269976720401523,-0.0006015386075614026,-0.0003723490167890642,-0.00017018065046003894,0.0016802466008980499,4054.022137134745,4053.769444444444,-4.862754274073104e-05,4054.176829801823,4054.6885,-8.678205628247973e-05,4053.309206247291,4053.225,0.0001272525056597647,4055.569250412576,4051.1021,-0.00043008769050082167,4067.155506718429,4067.5721499999995,-0.003277599466361413,-0.15469266707759743,0.8676235545317468,48.4107719939432,49.4982166660283,50.58023453356165,0.07214684963037143,0.3053568200003684,-0.23320997036999697,52.16095380029778,63.87560972373871,2.5101118962046804,0.0006191959189665761,4057.900040061828,4051.4769599381725,-0.5377482350377535,0.001584111855609964,0.5299999999997453,0.5299999999997453,0.19413919413909955,0.13553113553126123,0.6703296703296392,-0.0007912182172448157,0.0008641281872441287,-0.0010325245224573898,0.0008641281872441287,-0.0010497562273831251,0.002887073850458277,4101.115186851435,-0.01153105550486665,59.0,-0.4149999999999636,0.11499999999978172
94375434,Sell,2026-07-09 07:39:07,2026-07-09 07:43:07,XAUUSD.f,0.01,4063.53,3.94,240.0,4.0,True,3.94,0,2026-07-09,7,39,35,Thursday,2026-07,2026Q3,00:00-07:59,1054.1333333333334,1025.0666666666666,5.72,True,1155.3299999999986,True,0,False,2026-07-09 07:39:00,4062.705,4064.235,4062.635,4063.575,24840.0,0.0001870624185447145,0.00039143423720178205,0.0001673683420320149,0.0012171579853816894,0.0009655992935360125,0.00043084081662803086,0.0008004285371245867,4062.4153985262114,4062.8705555555553,0.0002854463071917899,4061.607421958744,4061.032,0.0004844333380469693,4061.2795026531435,4061.1906000000004,0.0005652153084654084,4062.546866484396,4060.7688,0.0002530760996471724,4065.668691330833,4066.9103999999998,-0.0005149685057460851,0.8079765674674491,0.32791930560051696,68.90174086448314,61.3834747653762,57.67721414589677,0.7141682307496922,0.40584670755456737,0.3083215231951248,89.21568627450536,78.86710239651295,1.3581555217511667,0.0003342267638104789,4064.793590242602,4057.2704097573983,1.3520877267273461,0.0018525292303049417,0.8699999999998909,0.8699999999998909,0.5437499999999627,0.4125000000002167,0.043749999999820585,-0.00016239218450708748,0.0012664980466607911,-0.00016239218450708748,0.0015823896301718765,-0.00016239218450708748,0.0016070770546616764,4070.0908674404623,-0.0016009144888109205,7.0,-0.04499999999961801,0.8250000000002728
94382823,Buy,2026-07-09 10:15:32,2026-07-09 10:37:26,XAUUSD.f,0.01,4101.86,6.34,1314.0,21.9,True,6.34,1,2026-07-09,10,15,15,Thursday,2026-07,2026Q3,08:00-12:59,156.41666666666666,152.41666666666666,3.94,True,1159.2699999999986,False,0,False,2026-07-09 10:15:00,4101.375,4103.045,4101.345,4102.325,25800.0,0.0002243133755384097,-0.0003411534642308034,-0.0008183774449331827,-0.00030948473228975537,-0.0012343590036996144,-0.00014380020058912812,0.0020860890349638783,4103.822776153166,4104.2827777777775,-0.0003649709636268271,4104.308579072437,4105.338,-0.0004832918953880496,4101.751523264143,4103.392,0.00013981264652540825,4094.9107353444465,4094.4688,0.0018106047078287942,4085.753863762405,4079.12935,0.004055833217112817,-0.48580291927100916,2.5570558082945354,34.184915594127645,42.9007579204553,48.70529744737227,0.01508536605979316,0.6707500250717771,-0.6556646590119839,12.891986062714457,10.330610237987866,1.9732586842508801,0.0004810098381407812,4109.086723730386,4101.589276269613,-1.607480420910727,0.001826268010276718,0.9499999999998181,0.9499999999998181,0.5588235294117175,0.423529411764901,0.017647058823381502,-0.0010933046655375867,0.00027065150205474175,-0.0018248952205993652,0.00027065150205474175,-0.0018248952205993652,0.0016554573322964394,4074.886557439333,0.006733547590563882,32.0,-0.4650000000001455,0.4849999999996726
94425120,Buy,2026-07-10 08:49:00,2026-07-10 09:08:48,XAUUSD.f,0.01,4111.13,5.39,1188.0,19.8,True,5.39,1,2026-07-10,8,49,45,Friday,2026-07,2026Q3,08:00-12:59,1353.4666666666667,1331.5666666666666,6.34,True,1165.6099999999985,True,0,False,2026-07-10 08:49:00,4110.285,4112.545,4110.185,4111.465,38340.0,0.00029925296242194754,0.00026031561443606854,-0.0005882517377127083,0.000562159373399318,-0.0003112276593856267,-0.0012631584061369994,-0.0013529153869228372,4110.952852585871,4111.081666666667,0.00012458119382386624,4111.572059845071,4111.326999999999,-2.6038664411639754e-05,4113.133261856523,4113.2562,-0.0004055939232491119,4115.140716835784,4115.2172,-0.0008932177752137396,4117.590337503814,4119.7171499999995,-0.0014876024572001041,-0.6192072591993565,-1.5612020114522238,52.0411646252917,48.31036244965732,47.14172849290459,-0.8199558417327353,-0.8775586380624515,0.05760279632971621,55.18867924528929,37.26415094339708,2.1227601944063097,0.0005163026304264562,4114.16299107924,4108.491008920759,0.09732047537876243,0.0013795988882618958,1.180000000000291,1.180000000000291,0.5000000000001927,0.45762711864410044,0.042372881355706854,-0.0006927034026319445,0.0008544397394811831,-0.000889401901521758,0.0008544397394811831,-0.0012995483158703136,0.0008544397394811831,4120.5105826220015,-0.002195257709117538,0.0,-0.3350000000000364,0.8450000000002547
94467306,Sell,2026-07-13 08:16:27,2026-07-13 08:29:25,XAUUSD.f,0.01,4066.64,8.19,778.0,12.966666666666667,True,8.19,0,2026-07-13,8,16,15,Monday,2026-07,2026Q3,08:00-12:59,4287.45,4267.65,5.39,True,1170.9999999999986,False,0,False,2026-07-13 08:16:00,4065.345,4067.265,4065.255,4066.055,32580.0,0.0001623458483124285,-0.0008404032461190036,-0.0006758741202883556,0.0006176872656755705,0.0024728644424034663,0.00282642286097623,0.002900627606032602,4066.9500454783347,4068.707222222222,-0.00022007781465867,4064.290544626011,4063.5339999999997,0.0004341361314145736,4060.488468953398,4058.305,0.0013709018235524711,4059.891536401688,4057.8095000000003,0.0015181350395815224,4063.054673791842,4062.50785,0.0007384410127461265,2.6595008523236174,3.8020756726132277,50.26357529404344,59.63452997402222,60.67891702088039,3.1740401899674,3.166440431869949,0.007599758097450948,56.21039290240671,63.526198507421974,2.4231073977846984,0.0005959357160158184,4074.4682357131915,4052.599764286808,0.4611204781251737,0.0053816385998944815,0.7100000000000364,0.7100000000000364,0.3532338308458308,0.6019900497513327,0.044776119402836496,-0.0016965527570210748,0.0011301340772356117,-0.0016965527570210748,0.002836316192529109,-0.0016965527570210748,0.0033757981430642126,4070.87375713571,-0.0011837156893562727,27.0,0.5850000000000364,1.2950000000000728
94482317,Sell,2026-07-13 15:43:27,2026-07-13 15:49:24,XAUUSD.f,0.01,4063.5,-3.54,357.0,5.95,False,-3.54,0,2026-07-13,15,43,40,Monday,2026-07,2026Q3,13:00-16:59,447.0,434.03333333333336,8.19,True,1179.1899999999987,True,0,False,2026-07-13 15:43:00,4061.135,4063.615,4060.825,4063.435,25830.0,0.0005614166413248078,0.0001944545979282175,0.00048011995612440295,0.00048011995612440295,0.0007708780498016932,0.0015281343082171883,-0.00040343659096075957,4061.8043570361624,4061.648333333333,0.00040145778095215806,4061.084918890486,4061.1814999999997,0.0005786830752005498,4060.4123201591897,4059.1132000000002,0.0007444268223212771,4061.015925330939,4061.0673000000006,0.0005956821429760614,4062.5562054368743,4063.6720499999997,0.0002163156689252902,0.7194381456765768,0.6725987312961479,63.969778751763954,59.730474953851726,57.153643610742435,0.7778644144204918,0.6617787625492466,0.1160856518712452,96.60377358490858,79.24767136374906,2.034745264681877,0.0005007451244284397,4063.617754696455,4058.7452453035444,1.8499707795569644,0.0011997763195047096,2.299999999999727,2.299999999999727,0.8243727598565438,0.06451612903220023,0.11111111111125599,9.352568449116916e-05,0.0010050857833325821,1.7227101183348026e-05,0.0012616073419633445,1.7227101183348026e-05,0.0024843555909719317,4066.7847745637487,-0.0008236911342592651,27.0,0.06500000000005457,2.3649999999997817
94517647,Sell,2026-07-14 07:51:04,2026-07-14 07:55:55,XAUUSD.f,0.01,4017.7,-1.69,291.0,4.85,False,-1.69,0,2026-07-14,7,51,50,Tuesday,2026-07,2026Q3,00:00-07:59,967.6166666666667,961.6666666666666,-3.54,False,1175.6499999999987,True,0,False,2026-07-14 07:51:00,4016.395,4019.115,4016.105,4018.235,36000.0,0.00047805015293866937,-0.0002562657600331253,-0.00048256605744778636,-0.0006292334916364606,-0.0011459551635719656,0.0009216509508573889,0.0003261201043085471,4018.8470317581305,4019.2338888888894,-0.00015229038410615896,4019.203759762351,4020.5735,-0.00024103275679865921,4018.1380610252236,4017.5959999999995,2.4125346940372458e-05,4016.434249930916,4016.4742000000006,0.00044834546192687246,4013.110064392198,4013.1402,0.00127704835540765,-0.35672800422071305,1.0656987371276045,41.68404257562466,46.39840131419307,49.265278685631145,0.07609857933766762,0.6877499830612517,-0.6116514037235841,38.317757009345925,15.245113142309973,1.4554535696625512,0.0003622121577415336,4023.930762366964,4017.216237633036,-1.3930993436862285,0.0016700415336089855,1.8400000000001455,1.8400000000001455,0.6112956810632193,0.2923588039866191,0.0963455149501616,-0.0009398274248105798,0.000612584121371329,-0.0012973924152251959,0.000612584121371329,-0.0012973924152251959,0.0012633420255583339,4006.077608770965,0.003034736821477818,4.0,-0.5350000000003092,1.3049999999998363
94518850,Buy,2026-07-14 08:30:53,2026-07-14 09:08:09,XAUUSD.f,0.01,4024.24,7.08,2236.0,37.266666666666666,True,7.08,1,2026-07-14,8,30,30,Tuesday,2026-07,2026Q3,08:00-12:59,39.81666666666667,34.96666666666667,-1.69,False,1173.9599999999987,False,0,False,2026-07-14 08:30:00,4022.555,4026.685,4022.245,4024.415,46110.0,0.0005071630566517715,0.0005345247018782029,0.0006240823689271924,0.0008629812146150329,0.00018142573287915909,0.0006862846266026956,0.0019494172288150313,4022.493856036559,4022.126111111111,0.00047760022319434805,4021.9614196374805,4021.95,0.0006100457230991076,4020.907880799265,4020.8919999999994,0.0008722207284285682,4019.1649762547618,4018.9185,0.0013062473862743506,4015.781849763944,4016.60605,0.0021498055818354026,0.5324363990785059,1.0535388382154451,71.50513918664372,63.02283131206926,60.14512238605629,0.5430901492600242,0.3627111931106703,0.1803789561493539,67.93785310734457,69.99353615058787,1.5126808898695183,0.0003758759695184315,4024.346923262834,4019.5530767371656,2.0568034348212545,0.001191920965121002,1.8600000000001273,1.8600000000001273,0.41891891891894245,0.5112612612612509,0.06981981981980667,0.00034302460704416227,0.001062150743319057,0.00014911222310165506,0.0011966349927419184,0.00014911222310165506,0.002151514962865253,4007.15845356879,0.004306429763425355,53.0,-0.1750000000001819,1.6849999999999454
94571902,Buy,2026-07-15 08:31:12,2026-07-15 08:41:16,XAUUSD.f,0.01,4025.35,7.2,604.0,10.066666666666666,True,7.2,1,2026-07-15,8,31,30,Wednesday,2026-07,2026Q3,08:00-12:59,1440.3166666666666,1403.05,7.08,True,1181.0399999999986,True,0,False,2026-07-15 08:31:00,4024.495,4027.195,4024.395,4027.025,49470.0,0.0006684334181921159,0.0004745206037592986,0.0002558373768473121,3.9733142283226996e-05,-0.00022840431038662068,-0.00164367056676884,-0.001690694610229082,4026.024653614888,4026.0183333333334,0.00024847000979339785,4026.9776751032973,4026.6625,1.1751964008978963e-05,4028.921196151065,4029.7500999999993,-0.00047064612553763223,4030.6219549920625,4030.9702500000003,-0.0008924069367526304,4033.8003258718663,4032.5670750000004,-0.0016796383867617006,-0.9530214884093766,-1.9435210477677174,56.517897154255806,47.36920276826897,45.3305461914133,-1.2190184178962227,-1.26796738272844,0.04894896483221722,78.93961708394927,44.80713360213334,1.7181268919649444,0.00042664917450598006,4028.6832955896493,4024.6417044103505,0.3587695874406411,0.001003707457304616,2.5300000000002,2.5300000000002,0.9035714285714413,0.06071428571430776,0.035714285714250914,-0.00035497479803048293,0.001332781323158505,-0.0005683348162156543,0.001332781323158505,-0.002207666872732106,0.001332781323158505,4041.367275486182,-0.0035488671304827993,12.0,-1.675000000000182,0.8550000000000182
94588522,Buy,2026-07-15 15:13:35,2026-07-15 15:24:38,XAUUSD.f,0.01,4036.97,1.36,663.0,11.05,True,1.36,1,2026-07-15,15,13,10,Wednesday,2026-07,2026Q3,13:00-16:59,402.3833333333333,392.31666666666666,7.2,True,1188.2399999999986,True,0,False,2026-07-15 15:13:00,4037.485,4037.545,4035.515,4036.575,42840.0,-0.00022786405927444076,-0.00030709678378038063,-0.0003145242078386179,-0.0012124286306360865,-0.0004135459834656574,-0.0005422449684495678,0.0012774639240467067,4037.6938236277383,4037.6883333333335,-0.0002770947170861177,4037.710134198543,4038.071000000001,-0.00028113315736286046,4035.988496593744,4035.6792,0.0001453184038435211,4033.868250629173,4032.7114,0.000671005893760828,4031.86846655376,4031.2067500000003,0.0011673330827339423,-0.016310570804762392,1.7216376047990707,36.54326698293026,46.39323877998913,50.163272078398776,0.38179105031531435,0.8161977400849103,-0.43440668976959596,15.451895043730696,18.287456517633583,1.6054612117189306,0.00039772857229679386,4041.2290832097933,4034.9129167902083,-0.9474101222933701,0.001564154374597422,-0.9100000000003092,0.9100000000003092,0.44827586206907366,0.029556650246275625,0.5221674876846507,-0.0014348000865828103,-5.44986802649694e-05,-0.0014348000865828103,0.0003023278001563767,-0.0014348000865828103,0.0020081991120730613,4034.910153460248,0.0004126105604419219,35.0,0.3949999999999818,-0.5150000000003274
94627775,Sell,2026-07-16 08:45:23,2026-07-16 08:57:20,XAUUSD.f,0.01,4032.12,2.64,717.0,11.95,True,2.64,0,2026-07-16,8,45,45,Thursday,2026-07,2026Q3,08:00-12:59,1051.8,1040.75,1.36,True,1189.5999999999985,False,0,False,2026-07-16 08:45:00,4032.025,4032.475,4030.515,4030.705,45000.0,-0.00032737892250178646,0.0005038877546588161,0.0007945365679247196,0.0005982680017226905,0.0009436527556523355,-0.0002604324915577161,-0.0008700577435759582,4029.7690161830997,4029.2972222222224,0.0002322673615141353,4029.3717863607967,4028.935,0.00033087382100507027,4030.0278647141245,4029.9294,0.0001680224823764336,4031.183036875132,4031.8621000000003,-0.00011858476054282796,4033.5753977816653,4031.79595,-0.0007116261625465054,0.3972298223029611,-0.6560783533277572,57.849311918323004,54.42414884964611,52.32507757921056,0.15917423110568052,-0.2038727699650215,0.363047001070702,67.90322580644921,78.00261687886862,2.116024699693877,0.0005249763254055747,4031.796556270799,4026.073443729201,1.2370890749639127,0.0014205025748984066,-1.3200000000001637,1.3200000000001637,0.6734693877551731,0.22959183673459682,0.09693877551023013,-0.0004934665279671124,0.001045574376722147,-0.0004934665279671124,0.0014236113267784845,-0.0009864462777143812,0.0014236113267784845,4038.925318105013,-0.0020352736080968036,23.0,1.4149999999999636,0.09499999999979991
94694698,Sell,2026-07-17 09:35:22,2026-07-17 10:48:29,XAUUSD.f,0.01,4003.55,5.33,4387.0,73.11666666666666,True,5.33,0,2026-07-17,9,35,35,Friday,2026-07,2026Q3,08:00-12:59,1489.9833333333333,1478.0333333333333,2.64,True,1192.2399999999986,True,0,False,2026-07-17 09:35:00,4004.565,4004.565,4002.095,4002.605,28260.0,-0.00045200110378174063,-0.0004869454908222881,-0.0005942594042175342,0.00016991822685330504,-0.0002447806153734744,0.002607588056194654,0.004759460243068947,4003.959849957156,4004.053888888889,-0.0003383775082486517,4002.2108272352484,4003.075,9.848875578198831e-05,3996.8045147832677,3995.3668,0.0014512806906811853,3992.223368109515,3988.2328,0.002600463684826642,3989.2582157382026,3989.51375,0.003345680710549755,1.7490227219077497,5.406312451980739,45.13276380825556,54.92042549448534,57.88369708866278,2.6013778030078356,3.062486778092538,-0.4611089750847026,31.52866242038145,63.694267515922185,2.5154772588265324,0.0006284600301120226,4006.959056352352,3999.1909436476476,-0.24201502623160973,0.0019405363888271982,-1.9600000000000364,1.9600000000000364,0.7935222672064106,0.0,0.20647773279358936,-0.0010731474791640938,0.0004949226683330643,-0.0010731474791640938,0.0012332168072692884,-0.0010731474791640938,0.00529445375829618,3986.5797751969226,0.0040197928316349435,22.0,0.9450000000001637,-1.0149999999998727
94754184,Buy,2026-07-20 11:10:48,2026-07-20 11:19:04,XAUUSD.f,0.01,4020.21,5.38,496.0,8.266666666666667,True,5.38,1,2026-07-20,11,10,10,Monday,2026-07,2026Q3,08:00-12:59,4415.433333333333,4342.316666666667,5.33,True,1197.5699999999986,False,0,False,2026-07-20 11:10:00,4019.825,4019.855,4019.055,4019.645,26820.0,-1.4926468484666167e-05,-1.990185895794916e-05,-0.00027606755447673326,-0.0006762190900129195,0.0005525927677554332,0.00020403973798321928,0.0036328726284895474,4020.0416527608645,4021.0216666666665,-9.866881866562632e-05,4019.416848514122,4019.522,5.676233505418332e-05,4016.095262063567,4015.4408000000003,0.000883877922409865,4013.1794880841985,4010.0676000000003,0.0016110697104374867,4012.2679676303846,4010.77275,0.0018386190626176336,0.6248042467423147,3.32158645055506,47.69043742706903,53.115259935434636,55.32360078923932,1.2127778570484224,1.6665829335124844,-0.453805076464062,34.82142857142721,32.32886904761802,2.012397593963351,0.0005006406272104505,4024.1289927479115,4014.9150072520883,0.053397088613090185,0.002292308761047503,-0.1799999999998363,0.1799999999998363,0.2249999999997442,0.03750000000024158,0.7375000000000143,-0.0014507568653218117,0.0006273143106076962,-0.0014507568653218117,0.0010110606549231793,-0.0014507568653218117,0.0041618941864634,4009.9161416509123,0.0024261999516733573,48.0,0.5650000000000546,0.3850000000002183
94775324,Sell,2026-07-20 17:51:46,2026-07-20 17:59:42,XAUUSD.f,0.01,4010.12,3.71,476.0,7.933333333333334,True,3.71,0,2026-07-20,17,51,50,Monday,2026-07,2026Q3,17:00-21:59,400.96666666666664,392.7,5.38,True,1202.9499999999987,False,0,False,2026-07-20 17:51:00,4012.175,4012.645,4010.025,4010.735,46560.0,-0.0003414666365909591,-0.00010969354366241468,-0.0003638905885681165,0.0004040792045127972,0.0008459466304997498,0.002812862156002627,-3.739823006643217e-05,4010.782075625112,4010.4816666666666,-1.1737268249532634e-05,4009.3426598618653,4009.465,0.0003472739190076639,4007.673585284051,4005.3084,0.0007638882386006568,4008.3371506617177,4007.9006,0.0005982154814214075,4010.969708700105,4012.3446500000005,-5.8516697245499876e-05,1.4394157632468705,1.6690745778141718,54.017854354728016,57.948823541933656,56.992129495286626,1.6454822872065051,1.523063404606002,0.12241888260050304,59.55882352941285,75.39215686274422,2.048642331627448,0.0005107897509128496,4012.97217746217,4005.9578225378305,0.7242291065672077,0.0017494490971586949,-1.4400000000000546,1.4400000000000546,0.5496183206107308,0.17938931297703034,0.2709923664122389,-0.0006851900530336907,0.0010108106826467456,-0.0006851900530336907,0.001123249135410287,-0.0006851900530336907,0.003176560485338431,4012.4571516771775,-0.00042920126298608846,46.0,-0.6150000000002365,-2.055000000000291
94810342,Buy,2026-07-21 09:41:33,2026-07-21 09:54:41,XAUUSD.f,0.01,4075.28,4.74,788.0,13.133333333333333,True,4.74,1,2026-07-21,9,41,40,Tuesday,2026-07,2026Q3,08:00-12:59,949.7833333333333,941.85,3.71,True,1206.6599999999987,False,0,False,2026-07-21 09:41:00,4073.585,4079.025,4073.585,4078.515,31200.0,0.001197947287864487,0.0010971896481259957,0.0011143907363202477,0.0016085599949899887,0.0016429979186236565,0.002145076459812989,0.0035827168361854955,4074.457806441445,4074.0094444444444,0.000995762810978371,4073.011900839799,4073.107,0.0013511129587090152,4069.277781933873,4069.0352,0.0022699895561656574,4063.619011280011,4062.1751999999997,0.003665695203866278,4055.0575320620987,4053.7988,0.005784743558489642,1.4459056016457907,3.7341189059261524,83.79255322129433,75.77596805451542,72.22637818633568,1.730129262614355,1.5659140200108546,0.1642152426035004,93.64881693648562,72.2937133896068,2.1101783402903616,0.0005173888879384682,4076.2153559891885,4069.9986440108114,3.479652921872593,0.001526282510716545,4.929999999999836,4.929999999999836,0.9062499999999608,0.09375000000003919,0.0,0.0006673544670425802,0.0017069603457147142,0.0006673544670425802,0.002226342348053967,0.0006673544670425802,0.004346364629210786,4034.328178424445,0.010952708758763263,33.0,-3.2349999999996726,1.6950000000001637
94842197,Sell,2026-07-21 19:41:05,2026-07-21 19:44:14,XAUUSD.f,0.01,4074.65,2.32,189.0,3.15,True,2.32,0,2026-07-21,19,41,40,Tuesday,2026-07,2026Q3,17:00-21:59,599.5333333333333,586.4,4.74,True,1211.3999999999987,False,0,False,2026-07-21 19:41:00,4074.395,4074.845,4073.105,4073.245,25500.0,-0.00028225049363161947,-7.119123807697303e-05,0.00010803365248279739,-0.0004368071361525727,-0.00038038723420441567,-0.0009565517046855598,-0.0011157991022109348,4074.052258162023,4074.0838888888884,-0.00019814624626030347,4074.7935914637374,4074.9899999999993,-0.0003800416951134904,4075.410265748828,4075.9614,-0.0005313000673884678,4073.9704182868268,4075.6034000000004,-0.0001780617462440806,4070.1892208672593,4067.4882999999995,0.0007507707791750873,-0.7413333017143486,-0.6166742850905393,36.92671958987621,39.49764470378857,42.328667479975806,-0.7810183783503817,-0.6437097375573272,-0.1373086407930545,45.66473988439048,56.5570738327524,1.3607150089964188,0.0003340616655753383,4077.7058674313957,4072.274132568603,-1.2850406318265772,0.0013329443416530684,-1.150000000000091,1.150000000000091,0.6609195402300202,0.2586206896551003,0.08045977011487944,-0.0006918437267315891,0.0005821844198115045,-0.0011598894058938436,0.0005821844198115045,-0.0013925237654529576,0.0005821844198115045,4051.5397114333,0.005357293797577337,5.0,1.4050000000002,0.25500000000010914
94864297,Sell,2026-07-22 07:00:59,2026-07-22 08:02:01,XAUUSD.f,0.01,4130.33,2.1,3662.0,61.03333333333333,True,2.1,0,2026-07-22,7,0,0,Wednesday,2026-07,2026Q3,00:00-07:59,679.9,676.75,2.32,True,1213.7199999999987,True,0,False,2026-07-22 07:00:00,4130.545,4130.995,4129.555,4129.755,33780.0,-0.0001985195765722425,-0.00023482560567456012,-0.00023482560567456012,-0.0005106652806903256,-0.0007283259512699258,-0.0018007326202109653,-0.00012347875983753642,4130.746522240473,4130.598333333333,-0.00024003463662899515,4131.742326718104,4131.763000000001,-0.0004809899942822229,4132.700904725875,4134.9186,-0.0007128279529027655,4130.158113563967,4131.6926,-9.760245319499448e-05,4121.914410105368,4122.3739,0.0019021719314234074,-0.9958044776312818,-0.9585780077713935,23.10613586455939,31.216411081160444,37.457362003964114,-1.173556186244241,-1.1334382265626168,-0.04011795968162413,4.683840749410779,17.804051092133804,1.1982166058643795,0.0002901422979969464,4134.184696480632,4129.34130351937,-1.6583415932269672,0.001172233974035296,-0.7899999999999636,0.7899999999999636,0.5486111111112383,0.31249999999996053,0.13888888888880116,-0.0006896376498599643,9.685898421540884e-06,-0.0010256422661372167,9.685898421540884e-06,-0.0028275018622637704,9.685898421540884e-06,4115.79662108493,0.0033914160975696416,59.0,0.5749999999998181,-0.21500000000014552
94908427,Buy,2026-07-22 22:54:35,2026-07-22 23:03:30,XAUUSD.f,0.01,4129.52,1.14,535.0,8.916666666666666,True,1.14,1,2026-07-22,22,54,50,Wednesday,2026-07,2026Q3,22:00-23:59,953.6,892.5666666666667,2.1,True,1215.8199999999986,False,0,False,2026-07-22 22:54:00,4131.615,4131.615,4128.735,4130.215,51840.0,-0.00035820649878548494,-0.0006025109462204359,-0.0011318304334210216,-0.000849113088074338,-0.0009989490475517115,-0.000902285831088645,-0.0017112630353890435,4132.593964418946,4133.017222222222,-0.0005756588814260711,4133.376215558604,4133.897,-0.0007648022811725408,4134.183466335656,4134.0908,-0.000959915390299093,4135.750930005445,4135.0714,-0.0013385549804948876,4138.608034354689,4139.4027,-0.002027984840559487,-0.7822511396580012,-0.8072507770521042,19.32330934917124,30.807704387624852,35.72492979146425,-0.6628408044907701,-0.2725152218041662,-0.3903255826866039,20.845070422540804,19.137954122952106,1.4410247776995737,0.0003488982480814131,4136.620237847403,4131.173762152597,-2.7041339804464863,0.0013175160616738844,-1.3999999999996362,1.3999999999996362,0.4861111111109664,0.0,0.5138888888890336,-0.001325049356879493,-0.00019849747097266945,-0.0013926583211939514,-0.00019849747097266945,-0.0016678289097594723,-0.00019849747097266945,4129.512223370345,0.0001701839325424038,35.0,-0.694999999999709,-2.094999999999345
94927689,Buy,2026-07-23 07:48:08,2026-07-23 08:07:30,XAUUSD.f,0.01,4123.62,-2.1,1162.0,19.366666666666667,False,-2.1,1,2026-07-23,7,48,45,Thursday,2026-07,2026Q3,00:00-07:59,533.55,524.6333333333333,1.14,True,1216.9599999999987,True,0,False,2026-07-23 07:48:00,4123.755,4123.775,4121.715,4122.415,26160.0,-0.0003588840162032092,-8.73198270581188e-05,-0.0002497911333847469,-0.0010153625074363903,-0.0008337665768669567,-0.0007877517927412647,-0.0006206098218778378,4123.575828549755,4123.298333333333,-0.00028151017418376974,4124.616924983371,4125.156,-0.0005338495728012311,4125.49851813152,4125.4854,-0.0007474292180611968,4125.602916158982,4126.737,-0.0007727152185432025,4125.597493407168,4123.792195,-0.000771401818101261,-1.041096433616076,-0.8815931481485677,29.812723171742036,35.071971506416745,38.972300938868585,-1.0008628845062049,-0.69643189357543,-0.30443099093077486,20.370370370369237,31.36924803591856,1.2515630032385445,0.00030359946857328645,4129.049854152229,4121.262145847771,-1.4078596130421772,0.0018878578905764164,-1.3400000000001455,1.3400000000001455,0.6504854368934353,0.00970873786385049,0.3398058252427142,-0.0011049255205084485,0.00029360344850593023,-0.0018546878688643353,0.00029360344850593023,-0.0018546878688643353,0.00029360344850593023,4125.587351747525,-0.0007689454802553194,8.0,1.2049999999999272,-0.13500000000021828
94942223,Sell,2026-07-23 12:20:23,2026-07-23 13:30:45,XAUUSD.f,0.01,4096.12,2.96,4222.0,70.36666666666666,True,2.96,0,2026-07-23,12,20,20,Thursday,2026-07,2026Q3,08:00-12:59,272.25,252.88333333333333,-2.1,False,1214.8599999999988,False,0,False,2026-07-23 12:20:00,4096.755,4096.755,4094.205,4094.575,29940.0,-0.0005418870116762342,-0.0002734578624630224,-0.0002197547293049107,-0.0008296780727067299,-0.0008833157036207684,0.0011173580472394473,0.00101211729314854,4095.7140723248485,4095.693888888889,-0.0002781132434379485,4095.615481314759,4096.615,-0.0002540476076199612,4094.6464724234806,4093.4572,-1.7455090192078342e-05,4096.426193327856,4093.1848000000005,-0.00045190447489842553,4102.50528186272,4104.8184,-0.0019330339190007137,0.09859101008942162,0.9690088912784631,41.5115826615181,47.44100385737759,49.55262780962582,0.4706797950270811,0.8805523741812034,-0.40987257915412223,15.711252653923058,31.87959895296177,1.7448764889336026,0.00042614349204339954,4099.371771402661,4093.858228597339,-1.4799921372014941,0.0013458777076493097,-2.180000000000291,2.180000000000291,0.8549019607843669,0.0,0.14509803921563313,-0.0009686364307334161,0.0001807596056020433,-0.0011562907461367677,0.00050335795959211,-0.0011562907461367677,0.0019061438269936115,4118.707159899004,-0.0058591589453026605,23.0,1.5450000000000728,-0.6350000000002183
94986774,Sell,2026-07-24 08:50:08,2026-07-24 09:00:10,XAUUSD.f,0.01,4028.48,4.29,602.0,10.033333333333333,True,4.29,0,2026-07-24,8,50,50,Friday,2026-07,2026Q3,08:00-12:59,1229.75,1159.3833333333334,2.96,True,1217.8199999999988,True,0,False,2026-07-24 08:50:00,4027.825,4029.065,4026.975,4026.975,29460.0,-0.00019862082663513192,-0.0003400900369754378,-3.228125415155603e-05,0.0003577164277543954,-0.0006749890500398203,0.0006286581131063063,0.0002508715301796638,4027.252010260308,4026.882777777778,-6.878393991792522e-05,4027.2522170314487,4027.649,-6.883527936900372e-05,4027.36056875414,4027.4046000000003,-9.573733157427293e-05,4028.0596652332256,4027.555,-0.00026927735023082774,4030.731458983071,4029.5164,-0.0009319546641340946,-0.00020677114071077085,-0.1083517226911681,47.82951250614728,48.92759287503557,49.179327594889365,-0.029814522973083513,-0.07729952528807708,0.04748500231499357,60.787992495306305,60.033628578032655,1.877707381598203,0.00046628235377627205,4030.8300185570142,4024.4679814429855,-0.42376363917382365,0.0015795907523293814,-0.849999999999909,0.849999999999909,0.4066985645932296,0.5933014354067704,0.0,-0.00045174797923452914,0.0008052220138750066,-0.00111869447610502,0.0008052220138750066,-0.0012524723929043802,0.001225744614990587,4037.9992206676197,-0.0027301195629743456,8.0,1.5050000000001091,0.6550000000002001
94991858,Sell,2026-07-24 10:35:14,2026-07-24 11:26:33,XAUUSD.f,0.01,4052.29,3.78,3079.0,51.31666666666667,True,3.78,0,2026-07-24,10,35,35,Friday,2026-07,2026Q3,08:00-12:59,105.1,95.06666666666666,4.29,True,1222.1099999999988,True,0,False,2026-07-24 10:35:00,4053.655,4053.655,4051.085,4051.085,29040.0,-0.0005920831087323775,0.0006249143212826436,0.0002864250572540694,0.0003975824026571928,0.0009834190118616082,0.002846827087435999,0.004007519365339718,4050.2661066149453,4050.157222222222,0.00020218261306764027,4048.5271306735804,4048.672,0.0006318024416929392,4044.075607176445,4042.7961999999998,0.001733249697685312,4039.390217108557,4037.0727,0.002895185229174107,4035.976257128877,4032.21465,0.0037435162916124557,1.73897594136497,4.45152349713544,58.02678330055336,61.38829037555627,62.489316271311786,2.257066969847074,2.3072859538906876,-0.0502189840436138,61.23680241327117,82.60666222362539,1.9933393865195947,0.0004920507435710667,4052.667540028995,4044.676459971005,1.2078467403600879,0.0019737533833291696,-2.5700000000001637,2.5700000000001637,1.0,0.0,0.0,-0.0005920831087323775,0.0008943869804927118,-0.0005920831087323775,0.0018126716381186014,-0.0005920831087323775,0.00488416540676373,4037.6539589938093,0.0033264467788957806,14.0,1.2049999999999272,-1.3650000000002365
95047920,Buy,2026-07-27 07:18:11,2026-07-27 08:11:22,XAUUSD.f,0.01,4087.56,5.58,3191.0,53.18333333333333,True,5.58,1,2026-07-27,7,18,15,Monday,2026-07,2026Q3,00:00-07:59,4122.95,4071.633333333333,3.78,True,1225.8899999999987,False,0,False,2026-07-27 07:18:00,4086.995,4087.435,4086.675,4087.245,11820.0,6.361657799081044e-05,-0.0005379703113748135,-0.0006479383945064976,-0.0007798681558318643,-0.0009972319480852088,-0.00042064434398436656,-0.0013902004307422278,4088.600742986256,4088.7094444444447,-0.0003315909455287215,4089.2911266843007,4089.9365,-0.0005003621950388909,4090.025035743828,4089.4112,-0.0006797111801352593,4091.947732474694,4091.2458,-0.0011492650400619978,4093.5430446318956,4097.5643,-0.0015385314294312016,-0.6903836980445703,-0.7339090595273774,26.542348007190157,35.11957724035268,39.17246529757274,-0.5643014054085143,-0.21458727255174026,-0.349714132856774,11.538461538456582,7.171542564802251,1.1793727072759086,0.00028854955043700796,4092.8659242544445,4087.007075745555,-1.8375624465567515,0.0014325035385975855,0.25,0.25,0.32894736842115496,0.2500000000001496,0.42105263157869544,-0.0009166474170708705,0.0001345830799703851,-0.001346281416796269,0.0001345830799703851,-0.001346281416796269,0.0007051279697090074,4098.640946643106,-0.0027804208252102808,11.0,0.31500000000005457,0.5650000000000546
95072289,Buy,2026-07-27 16:33:09,2026-07-27 16:45:17,XAUUSD.f,0.01,4078.44,9.29,728.0,12.133333333333333,True,9.29,1,2026-07-27,16,33,30,Monday,2026-07,2026Q3,13:00-16:59,554.9666666666667,501.78333333333336,5.58,True,1231.4699999999987,True,0,False,2026-07-27 16:33:00,4077.105,4079.205,4076.865,4078.175,58470.0,0.0002624411193727916,-0.0002672049989397296,0.0003679469175246197,-0.0015962024092374127,-0.0013345985490831325,-0.0014690849437156706,-0.0014470805578238322,4079.3319302169657,4079.625,-0.0002836077663589359,4081.057185289077,4081.8424999999997,-0.0007062349676123832,4083.265459412391,4083.4006,-0.0012466638436785297,4086.0799795001544,4086.2125,-0.0019346120339820778,4089.332910745291,4091.9357999999997,-0.002728540568553817,-1.7252550721113948,-2.208274123313913,39.565730919215994,40.87876449123123,42.25952466626398,-1.6912948060748931,-1.1618613048767257,-0.5294335011981675,28.39756592292237,25.790592098910185,2.7944471739858163,0.000685220024639898,4087.868073057339,4075.8169269426603,-1.2173116034274636,0.002952379008910532,1.0700000000001637,1.0700000000001637,0.4572649572649988,0.440170940170804,0.10256410256419723,-0.0017281747561646021,0.0006870533386498234,-0.002309415147952909,0.0006870533386498234,-0.002636370417380407,0.0006870533386498234,4094.1525607613576,-0.0039025318485899703,9.0,0.26499999999987267,1.3350000000000364
95107372,Sell,2026-07-28 07:47:22,2026-07-28 08:28:37,XAUUSD.f,0.01,4046.03,4.07,2475.0,41.25,True,4.07,0,2026-07-28,7,47,45,Tuesday,2026-07,2026Q3,00:00-07:59,914.2166666666667,902.0833333333334,9.29,True,1240.7599999999986,False,0,False,2026-07-28 07:47:00,4046.875,4047.275,4045.835,4045.935,10500.0,-0.0001927489333941601,-0.0003681352958980755,-0.00010132601149925868,5.932231668470678e-05,0.00042777257829418325,-9.63837556300362e-05,-0.0006249282135328826,4046.379847893241,4046.340555555556,-0.00010993725501882565,4046.1720863158926,4045.782,-5.859521316318565e-05,4046.3570784795575,4046.2728,-0.00010431073466114149,4046.754686862505,4047.1743,-0.0002025541269319034,4049.0641295929536,4046.2741499999997,-0.0007728031695235705,0.20776157734826484,-0.18499216366490145,44.35682450093617,48.143611048484736,48.2738394234872,0.12485117704454751,-0.006858534957175456,0.13170971200172296,41.311475409832006,66.99842490556581,1.049630831476735,0.0002594284958796261,4047.6486951150127,4043.9153048849876,0.16392607316460137,0.0009227858124894468,-0.9400000000000546,0.9400000000000546,0.6527777777777909,0.2777777777778304,0.06944444444437865,-0.0004422237182615252,0.00027195176070216043,-0.0004422237182615252,0.0006306597071512599,-0.000955601566001274,0.0007049072675939794,4053.403295221115,-0.0018424752429446363,22.0,0.09500000000025466,-0.8449999999997999
95168933,Buy,2026-07-29 07:20:48,2026-07-29 07:53:59,XAUUSD.f,0.01,4022.45,2.85,1991.0,33.18333333333333,True,2.85,1,2026-07-29,7,20,20,Wednesday,2026-07,2026Q3,00:00-07:59,1413.4333333333334,1372.1833333333334,4.07,True,1244.8299999999986,False,0,False,2026-07-29 07:20:00,4021.645,4022.215,4021.265,4022.215,15300.0,0.00014919379403566246,0.00012929871608857724,0.00029594444202651893,2.4862541225356694e-05,0.00018649919867508302,-0.0008793381614131679,-0.0014027282443676015,4021.743994380444,4021.637222222222,0.00011711476916841087,4022.2021768963577,4021.9695,3.188080329740829e-06,4023.8084639304298,4024.0971999999997,-0.00039600889175354085,4025.2244205212573,4026.882,-0.0007476404311557577,4025.387515394716,4025.4416499999998,-0.0007881267039714598,-0.45818251591390435,-1.606287034072011,55.90348401544008,47.01828158530539,44.23805812217126,-0.7000962047727626,-0.836926969335318,0.13683076456255538,73.06273062730597,56.08856088560242,1.0625219189271295,0.00026416338234707234,4023.1254903980025,4020.813509601998,0.42474401244895116,0.0005748379732876439,0.5700000000001637,0.5700000000001637,0.6,0.0,0.4,-0.00016654714216290945,0.0004925085225118142,-0.0005764641132453008,0.0004925085225118142,-0.0018042007849637942,0.0004925085225118142,4023.4070469799854,-0.0002962779967490416,48.0,0.23499999999967258,0.8049999999998363
95248660,Buy,2026-07-29 23:00:54,2026-07-29 23:08:41,XAUUSD.f,0.01,4047.81,3.87,467.0,7.783333333333333,True,3.87,1,2026-07-29,23,0,0,Wednesday,2026-07,2026Q3,22:00-23:59,940.1,906.9166666666666,2.85,True,1247.6799999999985,True,0,False,2026-07-29 23:00:00,4044.365,4048.455,4042.465,4048.455,37410.0,0.0009568348792274861,-0.0012852566751322403,-0.0020041488098979654,-0.004984350172719587,-0.004524380633192049,-0.008467247461258598,-0.014116902171597001,4053.9216569316677,4055.2827777777775,-0.0013484860819450045,4061.0991572877206,4062.9739999999997,-0.003113481547238378,4071.4406331247546,4076.73542,-0.005645577375670506,4073.101261187109,4080.58011,-0.006050981698384212,4063.298871913826,4062.882755,-0.0036531577867504237,-7.17750035605286,-10.341475837034068,26.824735633133812,28.116697753280846,31.184831596225266,-7.785320393258644,-6.3347329103706365,-1.4505874828880074,20.464639562691442,7.441016417956011,4.770320189030805,0.0011783063388455114,4080.819252800047,4045.1287471999526,-1.6272114676864196,0.00878433029600834,4.0900000000001455,4.0900000000001455,0.6828046744574783,0.0,0.3171953255425218,-0.005548943821549579,0.0010558369609698914,-0.006059214830836712,0.0010558369609698914,-0.013602856526776286,0.0010558369609698914,4032.168012722456,0.004039263053065929,54.0,-0.6449999999999818,3.4450000000001637
95298275,Buy,2026-07-30 12:32:41,2026-07-30 12:36:57,XAUUSD.f,0.01,4062.11,5.28,256.0,4.266666666666667,True,5.28,1,2026-07-30,12,32,30,Thursday,2026-07,2026Q3,08:00-12:59,811.7833333333333,804.0,3.87,True,1251.5499999999984,True,0,False,2026-07-30 12:32:00,4064.185,4064.185,4060.325,4061.245,31260.000000000004,-0.0007233922668382631,-0.0015120242808972506,-0.00251750278460372,-0.001983134753637983,-0.0010822391035124612,-0.0010281827853176884,-0.002113102587444904,4066.2632283891053,4067.826111111111,-0.0012341130190662581,4066.9556674609294,4067.5200000000004,-0.0014041627024901256,4065.2764220676436,4065.5984,-0.0009916723118161947,4060.886022512601,4060.4402999999998,8.839880888281548e-05,4055.661196306119,4050.2253499999997,0.0013767924448340233,-0.6924390718240829,1.6792453932857825,23.066829438034176,35.8252369934131,41.67203253433865,-0.0746018760496554,0.8957217910765171,-0.9703236671261725,7.718120805369691,8.102470169894078,2.4005031682575426,0.0005910756844902346,4073.322117501381,4061.71788249862,-2.1630034202193573,0.0028529017688323634,-2.9400000000000546,2.9400000000000546,0.761658031088072,0.0,0.23834196891192808,-0.002701212721729629,-0.0005979808916806162,-0.002701212721729629,-0.0005979808916806162,-0.002701212721729629,0.0005074910357620865,4061.2792788910288,-8.440417089026691e-06,41.0,0.8650000000002365,-2.074999999999818
95369124,Buy,2026-07-31 07:51:51,2026-07-31 08:24:09,XAUUSD.f,0.01,4076.89,4.76,1938.0,32.3,True,4.76,1,2026-07-31,7,51,50,Friday,2026-07,2026Q3,00:00-07:59,1159.1666666666667,1154.9,5.28,True,1256.8299999999983,True,0,False,2026-07-31 07:51:00,4075.275,4076.135,4075.205,4075.985,7650.0,0.00017667562722922803,-0.00041445186288757707,-0.0006448267365268823,-0.000882442699441266,-0.0011811395055632001,2.4534548938470735e-05,1.9627542840128243e-05,4077.1680675163857,4077.4861111111113,-0.00029016893510260195,4077.990107930195,4078.9515,-0.0004916902388496613,4077.626962424652,4077.2986,-0.0004026759779113085,4077.6405206709387,4076.0867000000003,-0.00040599966145769633,4080.680708314933,4078.97745,-0.0011507169147942917,-0.8220404138091908,0.3631455055428887,28.893261998544276,37.877530050493576,42.967254975452526,-0.47224221756187035,0.14753865890924395,-0.6197808764711144,23.87387387387658,13.095310075178697,1.1259647147255212,0.000276243586452237,4082.4435194925372,4075.459480507463,-1.6990168619275294,0.0017122142749366402,0.7100000000000364,0.7100000000000364,0.763440860214854,0.16129032258069248,0.07526881720445355,-0.0010440549525824183,0.0003902419868471174,-0.0012423258201615939,0.0003902419868471174,-0.0012423258201615939,0.0007783314488873927,4088.890833699989,-0.0031563165232050047,51.0,0.9049999999997453,1.6149999999997817
95443868,Sell,2026-08-03 08:03:06,2026-08-03 08:16:22,XAUUSD.f,0.01,4063.33,5.5,796.0,13.266666666666667,True,5.5,0,2026-08-03,8,3,0,Monday,2026-08,2026Q3,08:00-12:59,4331.25,4298.95,4.76,True,1261.5899999999983,False,0,False,2026-08-03 08:03:00,4065.125,4065.125,4062.485,4062.675,16620.0,-0.0005412220547986735,-0.0002067175831760304,-0.0006862683604458297,-0.0012071044612466109,-0.0020510805018392197,-0.00190397808582643,-0.0007550891657002179,4064.857434565105,4064.9649999999997,-0.0005369031018275577,4066.4099081918866,4067.317,-0.0009184780374360177,4067.173214977559,4068.382,-0.0011059806749793334,4066.069061650101,4066.0173999999997,-0.0008347279887871557,4064.0675036242487,4062.35575,-0.0003426379170638142,-1.552473626781648,-0.7633067856722846,23.70794501946142,29.405136196433105,34.66898524423064,-1.422834201805017,-0.8831119001273205,-0.5397223016776965,2.092511013216477,13.846674941790274,1.4338491322538822,0.00035293227547216605,4072.5396775878185,4062.0943224121816,-1.7776322286587194,0.0025681192726401472,-2.449999999999818,2.449999999999818,0.9280303030302789,0.0,0.07196969696972111,-0.0013985962419791331,3.19996455424576e-05,-0.002190787639733238,3.19996455424576e-05,-0.002190787639733238,3.19996455424576e-05,4061.604837325674,0.0002634827161154414,6.0,0.6549999999997453,-1.7950000000000728
95511070,Sell,2026-08-04 08:06:17,2026-08-04 08:17:10,XAUUSD.f,0.01,4061.67,2.66,653.0,10.883333333333333,True,2.66,0,2026-08-04,8,6,5,Tuesday,2026-08,2026Q3,08:00-12:59,1443.1833333333334,1429.9166666666667,5.5,True,1267.0899999999983,True,0,False,2026-08-04 08:06:00,4062.915,4062.915,4061.405,4061.435,8490.0,-0.0003347449231378974,-0.0003175208757668635,-0.00038641350429058363,-0.0007012303517101026,-0.0006151673193591778,-0.00013294025689469802,0.0022307795760285742,4062.7461863221515,4062.878333333333,-0.00032273399863517863,4063.0503549310283,4063.7034999999996,-0.00039757196931313913,4061.7258499360587,4061.9418,-7.16074759362026e-05,4060.015971756614,4058.3164,0.0003495129707019547,4058.359443274113,4058.5996,0.0007578325106180899,-0.3041686088768074,1.3245049949696295,32.89897928796687,41.316453980057446,46.91901949424377,0.03985780794664606,0.47384039456517324,-0.4339825866185272,1.442307692306431,14.118861364623356,1.32127953692898,0.000325323324620234,4065.640489015729,4061.76651098427,-2.342295161797981,0.0009533121772932121,-1.4800000000000182,1.4800000000000182,0.9801324503312914,0.0,0.019867549668708635,-0.0010084773590683938,1.4773321842964648e-05,-0.0011018430045881544,1.4773321842964648e-05,-0.0011018430045881544,0.0014152938029117212,4056.452029284962,0.0012284061734402646,17.0,0.23500000000012733,-1.2449999999998909
95576013,Sell,2026-08-04 21:47:35,2026-08-04 21:59:40,XAUUSD.f,0.01,4076.22,-4.0,725.0,12.083333333333334,False,-4.0,0,2026-08-04,21,47,45,Tuesday,2026-08,2026Q3,17:00-21:59,821.3,810.4166666666666,2.66,True,1269.7499999999984,True,0,False,2026-08-04 21:47:00,4076.325,4077.095,4075.585,4076.585,22860.0,8.095666242668997e-05,1.9624653962102556e-05,-0.00021091639494830172,-0.0009386300167997241,-0.00195125295166787,-0.002583710634195713,-0.004303643808749147,4077.624615363483,4077.338333333333,-0.0002549561231227285,4079.988910228774,4080.5305,-0.0008342939904174824,4084.0027034622353,4084.5544,-0.0018162827012692467,4086.817867961386,4090.0839,-0.0025038717877805794,4086.8270584821694,4088.61825,-0.0025061149727175387,-2.364294865290958,-4.013793233461456,18.443895846267694,21.031812833018435,24.881743543513167,-2.6910941025703323,-2.4193998519155833,-0.27169425065474906,16.575790621591818,13.543169298832025,1.5080663623340136,0.00036993374658789494,4087.1343121471486,4073.926687852851,-1.194915879520696,0.003236741961442906,0.2600000000002183,0.2600000000002183,0.17218543046374768,0.33774834437075724,0.4900662251654951,-0.001594378773944749,0.00037300018527308687,-0.002549544226150946,0.00037300018527308687,-0.00316661918775607,0.00037300018527308687,4070.751377891982,0.0014330578231085617,35.0,-0.36500000000023647,-0.10500000000001819
95598021,Buy,2026-08-05 07:50:18,2026-08-05 08:20:38,XAUUSD.f,0.01,4133.53,4.04,1820.0,30.333333333333332,True,4.04,1,2026-08-05,7,50,50,Wednesday,2026-08,2026Q3,00:00-07:59,602.7166666666667,590.6333333333333,-4.0,False,1265.7499999999984,False,0,False,2026-08-05 07:50:00,4132.675,4133.405,4132.675,4132.995,10740.0,0.00010647166220412174,-0.00029026207036675356,-0.00021771235118461796,-0.000577938934343547,-0.000812309388338206,-0.0016136532457259323,0.00124034763649572,4133.980022297736,4134.146111111111,-0.00023827456650072924,4134.989770213132,4135.211,-0.00048241236955450184,4135.04329518932,4136.9044,-0.0004953503610719112,4131.446456059478,4133.2596,0.0003748188333049285,4121.425336796302,4120.5891,0.0028071995143047644,-1.0097479153964741,-0.05352497618787311,31.810709921765692,36.64246616559938,41.6390068724407,-0.9629623109012755,-0.6962524906212699,-0.26670982028000556,17.761557177606363,14.860476050077372,1.2764041389725722,0.0003088327324307366,4138.228258279623,4132.193741720377,-1.4688832009945925,0.0014593007610122397,0.31999999999970896,0.31999999999970896,0.4383561643834251,0.5616438356165749,0.0,-0.0007398354228849158,0.000176658563765697,-0.0013458771337406805,0.000176658563765697,-0.0019728747828208215,0.0012209435422625425,4102.778393610752,0.007364913112612781,18.0,0.5349999999998545,0.8549999999995634
95612645,Sell,2026-08-05 11:44:22,2026-08-05 11:52:17,XAUUSD.f,0.01,4165.21,3.23,475.0,7.916666666666667,True,3.23,0,2026-08-05,11,44,40,Wednesday,2026-08,2026Q3,08:00-12:59,234.06666666666666,203.73333333333332,4.04,True,1269.7899999999984,False,0,False,2026-08-05 11:44:00,4166.745,4166.865,4164.425,4165.905,27750.0,-0.00012720707271340892,0.0007711350459258526,0.0004154484381659884,0.00017766403011632015,0.00037701097534181827,0.0001488493584471673,-0.0001296068950867868,4164.689631959631,4164.408333333334,0.000291826798098538,4164.701380215663,4164.302000000001,0.00028900506289696314,4165.559408230126,4166.4556,8.296407181015312e-05,4165.775454738615,4166.4331999999995,3.1097514206523095e-05,4161.030307156543,4165.740985,0.0011715110161713183,-0.01174825603266072,-0.8580280144624339,63.2087337238203,55.31076969684087,52.00364828942574,-0.2534581228164825,-0.5318256082431636,0.2783674854266811,80.98591549295696,76.64871431359961,1.6448392644875578,0.00039483359905892186,4166.384216218089,4162.219783781912,1.5397056137337795,0.0010000313224585696,-0.8400000000001455,0.8400000000001455,0.34426229508208334,0.04918032786881579,0.6065573770491008,-0.0002591801986328024,0.0011054224576183547,-0.0002591801986328024,0.0011054224576183547,-0.0015626404309245778,0.0011054224576183547,4128.069043382263,0.009165533865862049,22.0,-0.694999999999709,-1.5349999999998545
95709969,Buy,2026-08-06 07:35:50,2026-08-06 08:04:52,XAUUSD.f,0.01,4258.33,1.1,1742.0,29.033333333333335,True,1.1,1,2026-08-06,7,35,35,Thursday,2026-08,2026Q3,00:00-07:59,1191.4666666666667,1183.55,3.23,True,1273.0199999999984,False,0,False,2026-08-06 07:35:00,4258.085,4259.545,4256.575,4259.365,14820.0,0.0003240969613562683,0.00039927988698029715,0.00021604130146091194,-0.00018778615382275543,-0.0003567334016291168,-0.0008022923980449681,-0.0014090203088825692,4258.252841371776,4257.432777777777,0.00026117721743011685,4259.475825161288,4259.7195,-2.601849754234352e-05,4262.017199822214,4262.0094,-0.0006222874516613581,4266.284576934956,4265.7202,-0.0016219210908634462,4270.681011114014,4276.6237,-0.0026496971055823123,-1.222983789512,-2.5413746609256123,54.07215380233222,47.55521671786703,45.79904278987664,-1.4795776299333738,-1.4804694334177575,0.0008918034843836686,65.69821930646833,51.10902842861822,2.1726597625467092,0.0005100900633185251,4264.777410759394,4254.661589240606,-0.14017645500841802,0.002374762356720419,1.2799999999997453,1.2799999999997453,0.4309764309763083,0.0606060606061534,0.5084175084175383,-0.0005748724428441543,0.0016484983027051925,-0.001017894061620117,0.0016484983027051925,-0.0018045190312310222,0.0016484983027051925,4278.692520503602,-0.0045171557458229435,50.0,-1.0349999999998545,0.24499999999989086
95773198,Buy,2026-08-06 20:23:51,2026-08-06 20:55:52,XAUUSD.f,0.01,4239.76,5.6,1921.0,32.016666666666666,True,5.6,1,2026-08-06,20,23,20,Thursday,2026-08,2026Q3,17:00-21:59,768.0166666666667,738.9833333333333,1.1,True,1274.1199999999983,True,0,False,2026-08-06 20:23:00,4238.855,4240.005,4238.825,4239.275,20280.0,0.00010616149522557627,-0.0006341400742345682,-0.00025705334328529617,-0.0008108015739922703,-0.00039849421063375967,0.0009066365084104966,0.0033537628058948332,4240.085294244323,4239.939444444444,-0.00019110328875311593,4240.286727289406,4241.111999999999,-0.00023859879165611988,4239.112465636989,4238.2252,3.834160200462756e-05,4240.725174490023,4236.9425,-0.0003419637987264576,4246.1430415509185,4250.47465,-0.0016174776694310997,-0.20143304508292204,1.1742616524170444,40.66050674410548,47.014766209317116,49.877177481600455,0.2304352551127522,0.736025971037027,-0.5055907159242748,16.77419354838454,9.734904126759531,1.70420570552146,0.00040200404680551744,4244.03925184278,4238.184748157219,-1.2551021221698624,0.0013804171371944937,0.42000000000007276,0.42000000000007276,0.35593220338980436,0.6186440677968584,0.025423728813337237,-0.000987400626610735,0.00024538516623073825,-0.0012157095113957128,0.00024538516623073825,-0.0012157095113957128,0.001893050896126569,4263.588315521897,-0.00570254764827625,51.0,0.4850000000005821,0.9050000000006548
95800620,Buy,2026-08-07 08:08:00,2026-08-07 08:17:20,XAUUSD.f,0.01,4263.68,4.74,560.0,9.333333333333334,True,4.74,1,2026-08-07,8,8,5,Friday,2026-08,2026Q3,08:00-12:59,704.15,672.1333333333333,5.6,True,1279.7199999999982,True,0,False,2026-08-07 08:08:00,4262.155,4265.535,4261.545,4264.325,20520.0,0.0005091321174381935,0.0002908691710346023,-0.0003117926789671932,-0.00033054092671014335,-0.00024148048638383823,-3.9864040173642756e-05,-0.0004969008155502053,4263.954767107485,4263.961666666666,8.682852251873279e-05,4264.416971736096,4264.9055,-2.1567247458516347e-05,4264.349486816627,4264.888,-5.74221618163822e-06,4262.771200401819,4263.4418000000005,0.00036450457346477125,4259.073178289269,4259.5505,0.0012330902736074432,-0.4622046286103796,0.06748491946837021,51.11511788281488,49.166968081037666,49.52698817206591,-0.36903851771421614,-0.1325560281092254,-0.23648248960499074,50.09009009008386,23.163448381880624,1.7591949044360797,0.0004125377180294841,4267.636903763269,4262.17409623673,-0.42505616182143974,0.0012808742248894165,2.1700000000000728,2.1700000000000728,0.543859649122855,0.3032581453634342,0.15288220551371076,-0.0005273550798943205,0.0006406052194072309,-0.0006491535810664306,0.0006406052194072309,-0.0009394764000483224,0.0009154016324661729,4250.931546269145,0.003150710281987466,0.0,-0.6449999999995271,1.5250000000005457
95918631,Buy,2026-08-10 07:10:04,2026-08-10 07:22:20,XAUUSD.f,0.01,4328.99,7.46,736.0,12.266666666666667,True,7.46,1,2026-08-10,7,10,10,Monday,2026-08,2026Q3,00:00-07:59,4262.066666666667,4252.733333333334,4.74,True,1284.4599999999982,True,0,False,2026-08-10 07:10:00,4327.285,4329.725,4327.215,4329.595,14610.0,0.0005083889961512433,0.0011770133229120905,0.0011399726915264363,0.0005939415649320878,0.0006494429466683549,0.0011168236886860416,0.0023127114632011114,4326.5882064108355,4325.746111111111,0.0006949571916064292,4326.196752056433,4326.2495,0.0007855047142624401,4325.512388584517,4326.0298,0.0009438445781031196,4324.953243485415,4324.1939,0.00107325010312576,4326.295776501813,4323.7634499999995,0.0007625977669181093,0.3914543544024127,0.6843634719161855,76.41707968722153,66.443987127137,62.344860784070896,0.32476358367784997,0.06805703119816287,0.2567065524796871,98.1690140845056,87.05322276336962,1.75500727394805,0.0004053513721140314,4328.857442971953,4323.641557028047,2.5656235860827974,0.0012056368787574457,2.3100000000004,2.3100000000004,0.920318725099681,0.05179282868529794,0.027888446215021064,0.00037430900132284783,0.001612446140944579,0.00037430900132284783,0.001612446140944579,4.850573464820762e-05,0.001612446140944579,4328.527164116597,0.0002466972812958845,4.0,-0.6050000000004729,1.7049999999999272
96004348,Sell,2026-08-11 07:58:04,2026-08-11 07:59:58,XAUUSD.f,0.01,4405.96,-3.58,114.0,1.9,False,-3.58,0,2026-08-11,7,58,55,Tuesday,2026-08,2026Q3,00:00-07:59,1488.0,1475.7333333333333,7.46,True,1291.9199999999983,False,0,False,2026-08-11 07:58:00,4405.935,4406.445,4405.115,4405.835,7380.0,6.809198318968868e-06,0.0003019635577663493,-0.00039477490456762965,-0.000852686017650206,-0.000723515970084021,-0.0020589251233034123,-0.0026237004589778623,4406.484401250624,4406.222777777777,-0.00014737400419240318,4408.196456753282,4408.4415,-0.0005356968039989558,4410.954100715497,4411.467799999999,-0.0011605427303508504,4413.132367917017,4414.3835,-0.0016535574527671796,4413.652608877998,4417.8417,-0.0017712333911992246,-1.7120555026585862,-2.757643962214388,37.29401859185555,37.31362147963621,38.85661635374389,-1.9575265475705237,-1.78833066162213,-0.16919588594839374,34.41802252816114,32.87442636629328,1.962808273613123,0.00044550199306445267,4413.438321121103,4403.444678878896,-1.0432632815257608,0.0022669331649761005,-0.1000000000003638,0.1000000000003638,0.07518796992508968,0.3834586466160426,0.5413533834588677,-0.0010429810211465274,0.0006245620968026167,-0.0019662409120821955,0.0006245620968026167,-0.0032351953051208415,0.0006245620968026167,4414.342592610255,-0.0019272615189626164,4.0,0.125,0.024999999999636202
96024216,Sell,2026-08-11 11:51:13,2026-08-11 12:01:18,XAUUSD.f,0.01,4375.16,6.7,605.0,10.083333333333334,True,6.7,0,2026-08-11,11,51,50,Tuesday,2026-08,2026Q3,08:00-12:59,233.15,231.25,-3.58,False,1288.3399999999983,True,0,False,2026-08-11 11:51:00,4375.545,4376.475,4374.355,4374.585,29580.0,-0.00024681962627393084,0.0002812486066190445,6.401016847235041e-05,-6.400197491807091e-05,0.0005946955444724455,0.003019662196787065,0.003242788293396748,4374.354210797436,4374.489444444444,5.275960551939008e-05,4373.001771155255,4373.5805,0.0003620462390819493,4369.333606989883,4368.302,0.0012018750414744723,4367.746641975702,4364.2925,0.0015656489684128692,4372.326205000296,4367.41905,0.0005166117288140439,1.3524396421817073,3.6681641653713086,57.188876710714965,64.28921742660245,65.15956163822847,1.9548648898462488,2.2631762129151443,-0.3083113230688954,53.59628770302055,66.4189256840349,1.646685316829598,0.00037642092148846076,4376.888203645789,4370.272796354211,0.6073700110822883,0.0015125838638565968,-0.9600000000000364,0.9600000000000364,0.45283018867909147,0.4386792452829905,0.10849056603791797,-0.0004569773007950806,0.0005077343725878869,-0.0004569773007950806,0.0013528129238269404,-0.0004569773007950806,0.003627165889498851,4394.738769946484,-0.0045858857605613115,13.0,0.5749999999998181,-0.3850000000002183
96113042,Sell,2026-08-12 15:00:05,2026-08-12 15:07:11,XAUUSD.f,0.01,4412.26,3.54,426.0,7.1,True,3.54,0,2026-08-12,15,0,0,Wednesday,2026-08,2026Q3,13:00-16:59,1628.8666666666666,1618.7833333333333,6.7,True,1295.0399999999984,True,0,False,2026-08-12 15:00:00,4412.525,4412.915,4411.925,4412.325,22140.0,-7.478490840551189e-05,-0.00011783781211449629,-0.0003647538987322507,-0.0001540900134943124,-0.00033757645030429995,-0.00047571314497363293,-0.0003806067279036318,4413.133679059554,4413.412777777778,-0.00018324372619655377,4413.112124504838,4413.253500000001,-0.0001783604138375461,4412.775401591064,4412.1206,-0.00010206764452636675,4412.735649495319,4413.1146,-9.306007156044837e-05,4411.457397231671,4412.6575,0.00019667032687952516,0.02155455471620371,0.3367229137738832,36.89462523457334,45.35862596400002,47.875556335876375,0.1585876225872198,0.3169831347339996,-0.15839551214677977,11.79941002948982,25.489393248524866,1.2014079862410225,0.00027228456340841223,4414.353437916954,4412.153562083047,-1.6882771030795591,0.0004984703085618907,-0.1999999999998181,0.1999999999998181,0.20202020202006282,0.39393939393981153,0.40404040404012564,-0.0006771883772731524,2.2663839731595914e-06,-0.0006771883772731524,0.0002108176665203132,-0.0009713321174700251,0.0010436222767979952,4399.852510852094,0.002834751646138693,5.0,-0.06499999999959982,-0.2649999999994179
96202433,Buy,2026-08-13 08:13:29,2026-08-13 08:15:27,XAUUSD.f,0.01,4402.6,2.24,118.0,1.9666666666666666,True,2.24,1,2026-08-13,8,13,10,Thursday,2026-08,2026Q3,08:00-12:59,1033.4,1026.3,3.54,True,1298.5799999999983,False,0,False,2026-08-13 08:13:00,4399.575,4402.815,4399.575,4402.605,29220.0,0.0006636838773683706,0.0009002772444695051,0.0015765496766706466,0.001451245102331855,0.0010891772391516952,0.0013988543042062762,0.0019207289667091398,4398.55646868717,4397.758333333333,0.0009204227208745175,4397.501484118366,4396.9525,0.001160548984477971,4397.452724086402,4397.2698,0.0011716500976524363,4399.347595421811,4398.8518,0.0007404290085144203,4403.412747309841,4403.535449999999,-0.0001834366561105378,1.0549845688046844,0.04876003196386591,81.0665432145186,69.15963408434308,63.49951693215152,0.7609068008105169,0.0893011833527855,0.6716056174577314,97.87449392712496,95.9005553181206,2.035724171425476,0.0004623908280269241,4400.856381232926,4393.048618767075,2.8958360476367937,0.0017757213583387194,3.0299999999997453,3.0299999999997453,0.9351851851851696,0.06481481481483041,0.0,0.0005886343569281305,0.0020917668829372182,0.0005886343569281305,0.0022012617987743344,0.0005886343569281305,0.0022012617987743344,4412.389492406342,-0.0022175042396372683,29.0,-0.004999999999199645,3.0250000000005457
96325914,Sell,2026-08-14 08:00:52,2026-08-14 08:19:37,XAUUSD.f,0.01,4324.79,6.04,1125.0,18.75,True,6.04,0,2026-08-14,8,0,0,Friday,2026-08,2026Q3,08:00-12:59,1427.3833333333334,1425.4166666666667,2.24,True,1300.8199999999983,False,0,False,2026-08-14 08:00:00,4326.905,4326.905,4324.245,4324.785,16950.0,-0.0004576167182641644,-0.00022886072437877658,5.5497167910090184e-05,5.780968358437555e-05,0.00022433892291884305,4.855968505568242e-05,0.00020583293535092473,4325.209090141239,4325.107222222223,-9.80507837658444e-05,4325.047904993192,4324.9130000000005,-6.0786608372245854e-05,4324.96481838905,4325.369000000001,-4.157684434471365e-05,4324.455850115077,4325.2147,7.611359586762058e-05,4325.629872692269,4321.46235,-0.00019531784205637282,0.16118514804747974,0.08308660414149927,46.31318990527998,48.264453037047126,48.8864184537113,0.09183944841515768,-0.038195221177814626,0.1300346695929723,37.64705882352595,68.66227572109149,1.1150248076044251,0.0002578220206563853,4326.230263203086,4323.595736796915,-0.19434232991679853,0.0006091513068982109,-2.119999999999891,2.119999999999891,0.7969924812030101,0.0,0.20300751879698992,-0.0004576167182641644,0.0002960560933777945,-0.0004576167182641644,0.0002960560933777945,-0.0006931952488398174,0.00039786586600021323,4327.64485634989,-0.0006608343440413551,52.0,0.005000000000109139,-2.1149999999997817
96332229,Buy,2026-08-14 08:50:02,2026-08-14 10:10:43,XAUUSD.f,0.01,4326.97,6.7,4841.0,80.68333333333334,True,6.7,1,2026-08-14,8,50,50,Friday,2026-08,2026Q3,08:00-12:59,49.166666666666664,30.416666666666668,6.04,True,1306.8599999999983,False,0,False,2026-08-14 08:50:00,4323.715,4327.415,4323.505,4327.155,26280.0,0.0007770951212995314,0.0014626802458319599,0.0013050978649846723,0.0011730449539977261,0.0021004681473384412,0.0018638120629157484,0.0006058454839652505,4322.393195193885,4321.453888888889,0.0011016593334011412,4321.015627696738,4320.293,0.001420816963472559,4320.80743931888,4320.045,0.0014690681707677402,4321.65538485058,4322.707,0.001272571424528299,4323.420500592103,4322.268899999999,0.0008637835268129119,1.3775674971466287,0.20818837785827782,76.31071580298573,66.57536595305473,62.08681793621313,1.127920833088865,0.489522869401482,0.6383979636873831,97.44847890088097,80.46958200892202,2.355000214342176,0.0005442375450711094,4326.39255850241,4314.193441497589,2.249998912966747,0.0028236781636848327,3.4399999999996,3.4399999999996,0.8797953964193678,0.06649616368292276,0.053708439897709515,0.000642867466396746,0.0023000885985788866,0.0005665126291851674,0.003771838562525609,5.777801916151404e-05,0.003771838562525609,4326.696273454577,0.00010602235896180507,2.0,-0.18499999999949068,3.255000000000109
96391293,Sell,2026-08-17 07:49:26,2026-08-17 08:04:50,XAUUSD.f,0.01,4395.88,2.43,924.0,15.4,True,2.43,0,2026-08-17,7,49,45,Monday,2026-08,2026Q3,00:00-07:59,4259.4,4178.716666666666,6.7,True,1313.5599999999984,False,0,False,2026-08-17 07:49:00,4396.565,4396.725,4395.315,4395.615,12780.0,-0.000209255697953048,-0.0004161507420785693,5.6878097723478405e-05,0.0007171371883440969,0.0009039892796434135,-0.00029338819010193973,0.00024120758529577735,4395.416627972934,4395.579444444444,4.5131564048565096e-05,4394.409608639748,4393.1245,0.0002743010933442087,4394.180569711611,4394.8498,0.0003264386307373198,4394.103758560445,4393.7071000000005,0.00034392484169502066,4393.3021665051165,4394.3918,0.0005264453495861343,1.0070193331866903,0.22903892813701532,58.000262015608726,57.125423783262484,54.811949261448504,0.7526700982434704,0.21493550121871258,0.5377345970247578,73.61477572559342,83.43872059780689,1.5465832460402384,0.0003518468396436536,4398.2926105415845,4387.956389458415,0.9637951742557558,0.00235281770028808,-0.9499999999998181,0.9499999999998181,0.6737588652477329,0.11347517730544489,0.21276595744682222,-0.00045479197246689473,0.0009336185803758834,-0.00045479197246689473,0.0016041653611935658,-0.0008433111897847567,0.0016041653611935658,4393.927271925122,0.00038410469050349577,26.0,0.2650000000003274,-0.6849999999994907
96484066,Sell,2026-08-18 06:00:51,2026-08-18 08:14:35,XAUUSD.f,0.01,4399.36,6.92,8024.0,133.73333333333332,True,6.92,0,2026-08-18,6,0,0,Tuesday,2026-08,2026Q3,00:00-07:59,1331.4166666666667,1316.0166666666667,2.43,True,1315.9899999999984,True,0,False,2026-08-18 06:00:00,4399.545,4401.935,4399.505,4401.935,23370.0,0.0005159483733421233,0.0008617269326045562,0.0006842580857824299,0.0013626194140283765,0.0017067040472780182,0.00038179605500143765,-0.0011776384831380105,4399.015782341559,4398.8694444444445,0.0006636069982197721,4398.150844890301,4396.8505,0.0008603968447547347,4400.040639266076,4399.1578,0.00043053255395391916,4405.217459718721,4406.0734,-0.0007451300074822001,4410.8860146090965,4416.4571000000005,-0.002029300820617409,0.8649374512579016,-1.889794375774727,82.41826494125839,66.93074435511996,58.02288160433473,0.37249697770403145,-0.3764325480889951,0.7489295257930266,100.0,90.62500000000398,1.8101064840044598,0.0004112069996500311,4401.197275966888,4392.503724033111,2.339435038167223,0.00197722254458656,2.3900000000003274,2.3900000000003274,0.9835390946502227,0.0,0.016460905349777295,0.00036815546159774115,0.0014901993795766177,0.00036815546159774115,0.001879975191610761,-0.0007695232474334013,0.001879975191610761,4414.357268567976,-0.002814060532985577,51.0,-2.5750000000007276,-0.18500000000040018
96566692,Sell,2026-08-19 08:06:43,2026-08-19 08:14:58,XAUUSD.f,0.02,4343.53,8.0,495.0,8.25,True,4.0,0,2026-08-19,8,6,5,Wednesday,2026-08,2026Q3,08:00-12:59,1565.8666666666666,1432.1333333333334,6.92,True,1322.9099999999985,True,0,False,2026-08-19 08:06:00,4346.865,4346.865,4343.315,4343.995,18030.0,-0.0006625449317038123,-0.0008142545143396962,-0.0011060509726236178,-0.0001864295405663574,-0.0002784678743580349,-0.0014458822812758454,-0.0022348678430540447,4346.620400105585,4347.408333333334,-0.0006040095209421058,4346.8449710041605,4346.372,-0.0006556412807844422,4348.398693485684,4348.2624,-0.0010127161274979613,4350.339260057672,4352.170300000001,-0.0014583368510868075,4350.618439171849,4353.72195,-0.0015224132533005524,-0.22457089857562096,-1.5537224815234367,23.55172116729561,33.13589157466761,35.457057613808956,-0.3897580756520256,-0.4258622926850703,0.03610421703304473,9.3793103448316,35.59521680082647,1.4997936486427312,0.00034525676218382647,4349.34306098921,4343.40093901079,-1.6001017876329569,0.0013671452831050565,-2.869999999999891,2.869999999999891,0.80845070422528,0.0,0.19154929577472005,-0.0015101486818378529,-9.207265913913076e-05,-0.0015101486818378529,8.51823074043967e-05,-0.002065249478231501,8.51823074043967e-05,4347.303372264697,-0.0007610171136903091,43.0,-0.4650000000001455,-3.3350000000000364
96653069,Sell,2026-08-20 08:03:17,2026-08-20 08:27:21,XAUUSD.f,0.01,4490.48,4.65,1444.0,24.066666666666666,True,4.65,0,2026-08-20,8,3,0,Thursday,2026-08,2026Q3,08:00-12:59,1436.5666666666666,1428.3166666666666,8.0,True,1330.9099999999985,True,0,False,2026-08-20 08:03:00,4489.535,4491.275,4489.435,4490.935,10230.0,0.00030960821196801547,0.00046782739842310406,0.00042548214812820895,0.00014698431610549179,0.00044108261276853966,0.0007509640528886585,-0.001109893959529984,4489.507412039666,4489.309444444444,0.0003179832060208354,4489.374066257107,4489.193499999999,0.0003476951841962677,4490.587830350465,4490.5828,7.731051315574036e-05,4492.170804402376,4493.6863,-0.0002751018285334859,4494.568355459152,4492.9793500000005,-0.0008083880746276465,0.13334578255853557,-1.213764093357895,70.72827810884614,58.766576449137716,53.047203278149574,-0.1040595690083137,-0.3529502329943639,0.2488906639860502,85.75268817205084,56.18279569892551,1.4010538342255987,0.00031197375028264683,4491.094748972458,4487.292251027541,1.8319536528131517,0.0008470336475619658,1.4000000000005457,1.4000000000005457,0.7608695652180038,0.18478260869531368,0.05434782608668251,-4.898517196560981e-05,0.0007108247014926405,-0.00011800158745522982,0.0010320296992736289,-0.0014275057228080312,0.0011235216160876416,4499.36106899739,-0.0018727256755296283,17.0,-0.45500000000083674,0.944999999999709
96756936,Buy,2026-08-21 08:11:26,2026-08-21 08:15:14,XAUUSD.f,0.01,4536.82,1.02,228.0,3.8,True,1.02,1,2026-08-21,8,11,10,Friday,2026-08,2026Q3,08:00-12:59,1448.15,1424.0833333333333,4.65,True,1335.5599999999986,False,0,False,2026-08-21 08:11:00,4535.625,4536.535,4534.995,4535.165,12630.0,-4.850745857298833e-05,-0.00022706254911875057,-0.0007579421430151667,-0.0005002826486771861,-0.001290457550883306,-0.00129925469025427,-0.0005002826486771861,4536.735975961303,4536.887222222223,-0.00034627890395801884,4538.169818460665,4538.735,-0.0006621212032307974,4539.285778476786,4541.282999999999,-0.0009078032707974874,4538.060096132591,4537.9415,-0.0006379589673257363,4534.695840212241,4534.08325,0.00010346003443024647,-1.433842499362072,-1.11596001612088,22.32325993830159,28.71256197916003,34.48842846448852,-1.4696245442892177,-1.1424215330914913,-0.32720301119772643,12.42857142856987,15.485419548914232,1.4906636151800272,0.00032869005100807295,4543.250586957288,4534.2194130427115,-1.5811897916116644,0.0019897997822248617,-0.4600000000000364,0.4600000000000364,0.2987012987013294,0.5909090909090103,0.11038961038966025,-0.0009472481889386541,0.00019187106264584308,-0.0015587005984926128,0.00019187106264584308,-0.0027947118159580286,0.00019187106264584308,4527.200089722347,0.0017593457589239112,26.0,1.6549999999997453,1.194999999999709
96882975,Buy,2026-08-24 07:34:43,2026-08-24 08:07:05,XAUUSD.f,0.01,4635.03,6.72,1942.0,32.36666666666667,True,6.72,1,2026-08-24,7,34,30,Monday,2026-08,2026Q3,00:00-07:59,4283.283333333334,4279.483333333334,1.02,True,1336.5799999999986,True,0,False,2026-08-24 07:34:00,4633.295,4635.525,4632.705,4635.275,18540.0,0.0004446156718389549,-0.0005541366733904374,-0.001034466037725723,-0.00047008542400961417,-0.001000018319301188,-0.0008966609080632848,-0.002665854789448141,4637.0843019038275,4638.027222222223,-0.0003901809382859474,4637.790517202598,4638.222,-0.0005423956069743415,4638.860143018646,4638.9044,-0.0007728499907552167,4639.05062854024,4640.4353,-0.0008138795720425768,4635.819389007179,4636.60295,-0.00011743102168089899,-0.7062152987700756,-1.069625816048756,38.07011304851279,42.16072525213655,43.71258562235903,-0.6155344712815349,-0.21168237318345354,-0.4038520980980814,28.886438809258127,16.815084951800866,2.3682098895947457,0.0005109103320935103,4642.126114337326,4634.317885662674,-1.5096893919445282,0.0016834529857889787,1.9799999999995634,1.9799999999995634,0.7021276595743857,0.0886524822695127,0.20921985815610156,-0.0013895696104359034,0.0005655504241088849,-0.0013895696104359034,0.0005655504241088849,-0.0020839814379257637,0.0006605910995063358,4629.910306968416,0.001158703446913265,43.0,-0.24499999999989086,1.7349999999996726
97042659,Buy,2026-08-25 08:04:19,2026-08-25 08:10:16,XAUUSD.f,0.01,4629.55,5.93,357.0,5.95,True,5.93,1,2026-08-25,8,4,0,Tuesday,2026-08,2026Q3,08:00-12:59,1469.6,1437.2333333333333,6.72,True,1343.2999999999986,True,0,False,2026-08-25 08:04:00,4627.565,4628.915,4627.195,4628.915,15869.999999999998,0.00029173009995542287,0.00028956851050510046,0.0007026016799747126,0.00045387593841561547,0.0006139113611431934,-0.00010368525476878165,-0.00126219991736376,4627.121916497777,4626.680555555556,0.0003875159407037433,4626.954930988237,4626.3575,0.00042361964639766144,4628.579334829597,4628.761,7.252012899005283e-05,4631.82475929345,4632.1553,-0.0006282101427978609,4639.013735515121,4637.9954,-0.0021769143380213837,0.1669855095406092,-1.6244038413606177,71.10754511895671,58.325345293383684,52.745163677917894,-0.22714421463024337,-0.6925236918084827,0.46537947717823935,100.0,83.26530612244515,1.9217579595985637,0.0004151638039580687,4628.57621331089,4624.13878668911,2.305390234463753,0.0009591620668701252,1.3500000000003638,1.3500000000003638,0.7848837209303279,0.0,0.21511627906967215,6.697482286788237e-05,0.0011203064189448941,6.0492996315275605e-05,0.0011203064189448941,-0.0018544414411598709,0.001167942571831171,4653.4674869996015,-0.005276170311320297,19.0,0.6350000000002183,1.985000000000582
97143853,Buy,2026-08-25 20:27:24,2026-08-25 20:35:19,XAUUSD.f,0.01,4640.95,-1.09,475.0,7.916666666666667,False,-1.09,1,2026-08-25,20,27,25,Tuesday,2026-08,2026Q3,17:00-21:59,743.0833333333334,737.1333333333333,5.93,True,1349.2299999999987,True,0,False,2026-08-25 20:27:00,4640.195,4640.975,4638.235,4639.525,27960.0,-0.0001659377259420891,0.00010993713105023062,-0.0004782684098330048,-0.0001465452496172137,0.0003989067797980361,-0.0002952016798485335,-0.00053209880665539,4639.931188012039,4640.8372222222215,-8.754181809600075e-05,4639.8916055453965,4639.0055,-7.901166159974516e-05,4640.721776999347,4641.1676,-0.00025788596189468615,4641.164433588648,4643.2537,-0.0003532375575369012,4639.4596307875245,4639.402099999999,1.408983323001032e-05,0.039582466642059444,-0.8301714539502427,47.16816220369058,48.22570935400463,47.83786303475775,-0.09030775718292716,-0.18879489919478742,0.09848714201186026,48.81516587677296,48.75197472353667,2.17022708663708,0.00046776924073845493,4643.946458602988,4634.064541397012,0.21028308137828627,0.0021301801013117352,-0.6700000000000728,0.6700000000000728,0.24452554744522034,0.2846715328468825,0.47080291970789717,-0.0011625591371229316,0.0003881213310403808,-0.0011625591371229316,0.0012063181723522831,-0.0014742675741842293,0.0012063181723522831,4640.713627666397,-0.00025613036307843253,24.0,1.425000000000182,0.7550000000001091
97182841,Buy,2026-08-26 07:57:51,2026-08-26 08:09:09,XAUUSD.f,0.02,4640.61,5.06,678.0,11.3,True,2.53,1,2026-08-26,7,57,55,Wednesday,2026-08,2026Q3,00:00-07:59,690.45,682.5333333333333,-1.09,False,1348.1399999999987,True,0,False,2026-08-26 07:57:00,4640.675,4640.845,4639.495,4639.795,11910.0,-0.00016592807125848097,-0.00014222743243919034,-0.00026933589310162986,0.00011639799924778593,-0.00025641108514673494,-0.00038779772901342824,-0.0008032690682185928,4640.402502867105,4640.390555555556,-0.00013091598557010155,4640.555658735281,4640.347500000001,-0.00016391544272274653,4641.628249000975,4641.3762,-0.00039495817041569457,4644.0511751791655,4643.7511,-0.0009164789574053816,4647.224248014545,4650.21505,-0.0015986420319008797,-0.1531558681763272,-1.0725902656940889,41.21497986061781,43.36601863285747,43.36313465722552,-0.28910584765981184,-0.38639656776014486,0.09729072010033302,41.80064308682697,60.4012093871477,1.152254600968285,0.0002483417049607332,4641.678061544441,4639.01693845556,-0.8304764290075359,0.0005734749582614535,-0.8800000000001091,0.8800000000001091,0.651851851851757,0.1259259259259459,0.22222222222229707,-0.0003899513207176186,0.00028026331816688455,-0.0004416347379113672,0.00028026331816688455,-0.0008527581666130102,0.00028026331816688455,4651.020388218047,-0.0024135323608734916,51.0,0.8149999999995998,-0.06500000000050932
97352852,Sell,2026-08-27 11:17:10,2026-08-27 11:30:12,XAUUSD.f,0.02,4604.68,5.32,782.0,13.033333333333333,True,2.66,0,2026-08-27,11,17,15,Thursday,2026-08,2026Q3,08:00-12:59,1639.3166666666666,1628.0166666666667,5.06,True,1353.1999999999987,False,0,False,2026-08-27 11:17:00,4604.635,4605.985,4604.635,4605.755,18540.0,0.0002323720297914278,0.000593088240885109,0.0004083516602861881,2.1712438295962144e-05,0.0003323034821278714,0.0017988095665348869,0.0015678872338968919,4604.333011710138,4603.8661111111105,0.0003088369773093866,4603.427009162826,4603.935,0.0005057082109785748,4601.758253925641,4600.1346,0.000868525866379369,4602.330069115443,4601.150299999999,0.0007441732411894703,4606.119378972416,4605.9208,-7.91075832899644e-05,0.9060025473118003,1.668755237184996,67.92399458908727,63.59678252761851,60.868994553580556,1.2220130165633236,1.3463607976418728,-0.12434778107854916,77.90973871733294,56.37371338083142,1.4930324844036118,0.0003241667184649665,4607.421364312755,4600.448635687246,1.0440675940501096,0.0015145150019514311,1.1199999999998909,1.1199999999998909,0.8296296296298842,0.17037037037011585,0.0,-0.00020188052797187606,0.0007126600361762048,-0.00020188052797187606,0.0013653732219438552,-0.00020188052797187606,0.002404942210653349,4615.537617711683,-0.002119496908473507,10.0,-1.074999999999818,0.04500000000007276
97451919,Buy,2026-08-28 08:18:43,2026-08-28 08:25:37,XAUUSD.f,0.02,4580.67,5.5,414.0,6.9,True,2.75,1,2026-08-28,8,18,15,Friday,2026-08,2026Q3,08:00-12:59,1261.55,1248.5166666666667,5.32,True,1358.5199999999986,False,0,False,2026-08-28 08:18:00,4579.785,4580.475,4579.565,4580.135,7680.0,4.148521434221841e-05,5.458652346068682e-05,5.240294810238133e-05,5.458652346068682e-05,-0.0005935164869932397,-0.0003383034844167687,-0.0003688486574672245,4579.965831238813,4579.746111111111,3.693668630310184e-05,4580.518376197086,4581.0335,-8.369712019444989e-05,4581.04220950183,4581.126800000001,-0.00019803561293286887,4581.575316744037,4580.8359,-0.0003143715085885449,4583.374862450754,4582.38735,-0.0007068726752630803,-0.552544958272847,-0.5238333047445849,49.10402839106354,45.86843920153084,46.47863707778931,-0.5710656899582318,-0.47627020732056946,-0.09479548263766235,47.35772357723359,36.78215899774643,1.27955680371971,0.0002793709800518347,4584.785772337464,4577.2812276625355,-0.478909801417379,0.0016381772093411202,0.3500000000003638,0.3500000000003638,0.3846153846154615,0.37362637362621987,0.24175824175831864,-0.000109155171717501,0.0005089775558373422,-0.0011144442663368892,0.0005089775558373422,-0.0011144442663368892,0.0005395763997584346,4587.017286565353,-0.0015003838301438212,43.0,0.5349999999998545,0.8850000000002183
97638884,Sell,2026-08-31 08:03:50,2026-08-31 08:09:37,XAUUSD.f,0.01,4425.37,5.49,347.0,5.783333333333333,True,5.49,0,2026-08-31,8,3,0,Monday,2026-08,2026Q3,08:00-12:59,4305.116666666667,4298.216666666666,5.5,True,1364.0199999999986,False,0,False,2026-08-31 08:03:00,4425.175,4427.015,4424.725,4425.385,14040.0,7.457534426125179e-05,0.00039786374297112737,0.0005584552269262133,0.0013961755651172858,0.001029217331115051,0.0028076170491921904,0.001339528653355071,4423.577705948573,4423.505,0.00040855935434280186,4422.005213282727,4421.6165,0.0007643108848269301,4420.6178627919335,4419.321800000001,0.0010783870843466116,4421.240638788528,4420.9976,0.0009373751736363859,4425.854350960219,4422.58645,-0.0001060475386219174,1.5724926658458571,1.3873504907933238,72.7922149607908,65.81030203529174,61.75970062433548,1.5832492426507088,1.1817822479148732,0.4014669947358356,81.00233100232957,80.89679312307265,1.9881957653711817,0.00044927068839686977,4425.847663867907,4417.3853361320935,1.7813065707921778,0.001913853844134432,0.21000000000003638,0.21000000000003638,0.09170305676857629,0.7117903930131594,0.1965065502182643,-0.00021914193506833435,0.001538954212717547,-0.00021914193506833435,0.001715784195997827,-0.00021914193506833435,0.0028939755677757084,4437.529374156393,-0.002736742257329017,50.0,-0.015000000000327418,0.19499999999970896
97800092,Sell,2026-09-01 09:00:02,2026-09-01 09:05:54,XAUUSD.f,0.01,4440.12,1.9,352.0,5.866666666666666,True,1.9,0,2026-09-01,9,0,0,Tuesday,2026-09,2026Q3,08:00-12:59,1496.2,1490.4166666666667,5.49,True,1369.5099999999986,True,0,False,2026-09-01 09:00:00,4439.745,4440.415,4438.015,4440.045,15270.0,4.9551502593114805e-05,-0.0009068253798596437,-0.0007067002611865769,-0.0007134473573752187,-0.0010034863274988037,0.0018366819685891045,0.0030951044258862304,4441.900474014465,4442.362777777778,-0.000417720753834819,4441.223354762677,4442.651,-0.00026532211252418297,4437.487305761433,4435.4468,0.0005763834490852774,4435.240514774953,4432.2832,0.0010832524660256513,4435.803623302829,4434.4602,0.0009561687255246951,0.6771192517871896,3.7360490012442824,35.371669284109345,49.32079810115289,53.70753805171017,1.5580287230459362,2.385885527447148,-0.827856804401212,25.99231754161175,16.470385020736376,2.3384121344406,0.0005266640618373463,4445.892912251573,4439.409087748427,-1.6076931130601189,0.0014594494375421397,0.3000000000001819,0.3000000000001819,0.12500000000009473,0.15416666666664455,0.7208333333332607,-0.0013000961576309367,6.53189196251347e-05,-0.0013000961576309367,0.0004641746197882046,-0.0013000961576309367,0.0037413854881718223,4442.269663754654,-0.0005007943963432856,2.0,0.0749999999998181,0.375
97982386,Buy,2026-09-02 09:04:25,2026-09-02 11:50:28,XAUUSD.f,0.01,4319.11,1.28,9963.0,166.05,True,1.28,1,2026-09-02,9,4,0,Wednesday,2026-09,2026Q3,08:00-12:59,1444.3833333333334,1438.5166666666667,1.9,True,1371.4099999999987,False,0,False,2026-09-02 09:04:00,4318.425,4319.195,4317.425,4317.905,17910.0,-0.00014588280516425467,-0.0007821747466321138,-0.00042363709810899763,-0.0004722282343871953,-0.001759328080009115,-0.0014499875698833486,0.0027612537346013433,4320.018084748606,4320.270555555555,-0.000489137940432833,4320.364901388448,4321.5295,-0.0005693735239024701,4317.68304253041,4317.9206,5.1406614937619904e-05,4313.344320027869,4311.5539,0.0010573419680303634,4310.209620855076,4305.4407,0.0017853839654781059,-0.3468166398415633,2.68185885803814,30.18209511093103,42.48364769229227,48.3089135289978,0.23624424061563332,0.9122217043736538,-0.6759774637580205,8.163265306114873,14.591015104380153,2.202830608955072,0.0005101618977154598,4325.203227243305,4317.855772756694,-1.9732003820394386,0.001700197693111025,-0.5200000000004366,0.5200000000004366,0.2937853107347884,0.4350282485874197,0.2711864406777919,-0.0010526425376320425,-9.957541506167011e-05,-0.001983134114645013,-9.957541506167011e-05,-0.001983134114645013,0.0026564711428049836,4311.619366637076,0.0014578358682496488,25.0,1.2049999999999272,0.6849999999994907
98070555,Buy,2026-09-02 18:21:55,2026-09-02 18:25:56,XAUUSD.f,0.01,4366.67,2.5,241.0,4.016666666666667,True,2.5,1,2026-09-02,18,21,20,Wednesday,2026-09,2026Q3,17:00-21:59,557.5,391.45,1.28,True,1372.6899999999987,True,0,False,2026-09-02 18:21:00,4366.805,4367.135,4365.625,4366.205,40080.0,-0.00013511053301107356,-0.0006866237679394871,-0.0009975826923978026,-0.0026474515138329435,-0.0027249045541081207,-0.0027271824025929536,-0.0062205035353081195,4369.694072818058,4369.835,-0.0007984707304252793,4372.454960076687,4373.644,-0.0014293938150885515,4375.995864843171,4377.7822,-0.00223740267257362,4373.815084830374,4380.6548999999995,-0.0017399191970341769,4362.837815721819,4360.5361,0.0007717876346552688,-2.760887258628827,-3.5409047664843456,19.800385785027217,29.07797223520359,33.65728539435301,-2.9337657658825265,-2.3101955927429634,-0.6235701731395631,4.66613032984645,4.59328090147726,2.44608912140806,0.0005602323119065778,4381.780710525983,4365.507289474018,-1.828503048313121,0.0037207923305977255,-0.6000000000003638,0.6000000000003638,0.39735099337766694,0.21854304635753613,0.38410596026479693,-0.0027066813916226673,-0.00013511053301107356,-0.0032826665844858383,-0.00013511053301107356,-0.004913663334294438,-0.00013511053301107356,4331.950654885616,0.007907371953960605,55.0,0.4650000000001455,-0.13500000000021828
98161217,Sell,2026-09-03 08:48:56,2026-09-03 08:52:15,XAUUSD.f,0.01,4434.66,-3.75,199.0,3.316666666666667,False,-3.75,0,2026-09-03,8,48,45,Thursday,2026-09,2026Q3,08:00-12:59,867.0166666666667,863.0,2.5,True,1375.1899999999987,False,0,False,2026-09-03 08:48:00,4432.595,4435.625,4432.595,4435.525,34290.0,0.0006632698526931602,0.0008935895107033964,0.0013635896723884766,0.0016982817318407228,0.0010720472152163651,0.00150603259759019,-0.00013299925723297967,4431.047909088647,4430.220555555556,0.0010103909962627844,4429.597010130967,4428.9675,0.0013382684373939538,4429.77834981579,4429.519,0.0012972771390354066,4429.835523543201,4432.2571,0.0012843538832448581,4425.550864605268,4428.108,0.002253761328223178,1.4508989576806925,-0.18133968482288765,72.65834261069456,65.37326396828291,60.981402237608656,1.0588586543608471,0.2527400470421484,0.8061186073186988,99.04761904761558,76.0632682371789,2.8140322842550116,0.0006344304866402539,4434.237154366831,4423.697845633168,2.4887780273688893,0.0023796310841439562,2.9299999999993815,2.9299999999993815,0.9669966996698441,0.03300330033015584,0.0,0.00042628678274136966,0.0023117102927601163,0.00042628678274136966,0.002964443635434355,-0.0010405065600337382,0.002964443635434355,4412.5196755361385,0.005213648018706207,56.0,-0.8649999999997817,2.0649999999996
98188192,Sell,2026-09-03 12:36:09,2026-09-03 12:57:10,XAUUSD.f,0.01,4434.76,7.19,1261.0,21.016666666666666,True,7.19,0,2026-09-03,12,36,35,Thursday,2026-09,2026Q3,08:00-12:59,227.21666666666667,223.9,-3.75,False,1371.4399999999987,True,0,False,2026-09-03 12:36:00,4437.705,4437.745,4434.675,4434.945,22530.0,-0.0006151870067097054,-0.0005048245678286323,5.4118594134067166e-05,0.0005301634821135437,0.00023906799567408044,-0.000687247281711767,-0.0005949181818489802,4435.811835307854,4435.792777777778,-0.00019541751094013919,4435.606412728266,4434.8835,-0.00014911438633700088,4435.696200517128,4436.226000000001,-0.00016935346407195433,4434.662513364187,4435.79,6.369969190689316e-05,4432.2918977461395,4430.47765,0.0005985847311205572,0.2054225795882303,-0.0897877888619405,44.244238123976565,46.882471881642815,47.789019977137954,0.004078387015397311,-0.31161131246864165,0.31568969948403897,52.78246205733483,78.75660866459224,1.9184760281145792,0.0004325816956274721,4438.220856390066,4431.546143609934,0.036855518447394646,0.0015050480537159123,-2.7600000000002183,2.7600000000002183,0.8990228013030879,0.013029315960901438,0.08794788273601063,-0.00063095107988409,0.0006633566523501777,-0.0006917507038620707,0.000706256917312631,-0.001548912890534937,0.000706256917312631,4420.328155677982,0.0033067328504201824,9.0,-0.18499999999949068,-2.944999999999709
98366050,Sell,2026-09-04 15:43:11,2026-09-04 15:48:05,XAUUSD.f,0.01,4401.75,17.67,294.0,4.9,True,17.67,0,2026-09-04,15,43,40,Friday,2026-09,2026Q3,13:00-16:59,1627.0333333333333,1606.0166666666667,7.19,True,1378.6299999999987,True,0,False,2026-09-04 15:43:00,4403.105,4404.085,4399.365,4400.685,37290.0,-0.0005110227609538276,0.0014951816236035143,0.001983162472463995,-0.0017738439675126783,-0.016020714011808046,-0.014478197044566543,-0.014784881540726103,4400.384367361572,4394.280555555556,6.831963149815774e-05,4413.9088765851075,4417.93635,-0.002995955955334069,4437.088751077187,4447.52534,-0.008204422566113676,4450.889679868568,4458.03887,-0.01127969540463882,4460.171739101406,4464.119085,-0.013337320305381494,-13.52450922353546,-23.17987449207976,43.75191788634858,36.48620166756414,34.97237961344581,-16.90115436137421,-17.69725647304222,0.7961021116680094,27.315767805681354,27.519393367891013,9.7881143501605,0.0022242251717995037,4489.082219294491,4346.790480705509,-0.4849571780082373,0.032207738481560826,-2.4199999999991633,2.4199999999991633,0.5127118644065747,0.20762711864415678,0.2796610169492685,-0.0025951155166376028,0.005019748989712802,-0.016744030163384882,0.006067471471567609,-0.016744030163384882,0.006067471471567609,4468.842453212318,-0.015251701962176891,11.0,1.0649999999995998,-1.3549999999995634
98440487,Buy,2026-09-07 10:01:54,2026-09-07 10:05:53,XAUUSD.f,0.01,4394.74,4.39,239.0,3.9833333333333334,True,4.39,1,2026-09-07,10,1,0,Monday,2026-09,2026Q3,08:00-12:59,3978.7166666666667,3973.8166666666666,17.67,True,1396.2999999999988,False,0,False,2026-09-07 10:01:00,4395.035,4395.035,4391.625,4393.145,28500.0,-0.00038681682744212686,0.00017302672693775278,-8.876679029512502e-05,-0.0007846981584612722,-0.000773334516080193,-0.00023212601256428211,0.0006263673314133023,4393.929478747565,4393.835,-0.00017853694542858568,4394.789371046858,4395.5244999999995,-0.00037416378989416505,4395.451557032773,4395.1846,-0.0005247599712666833,4396.773626355568,4397.6149,-0.0008252929679655352,4399.634439639914,4399.22135,-0.00147499519083778,-0.8598922992932785,-0.66218598591513,40.417334189031614,42.76412018051125,44.73492501524152,-0.7260132730034456,-0.3582866071181506,-0.36772666588529507,27.37276478680291,30.309250666363692,1.890859720133765,0.00043041140689273056,4399.475283835266,4391.573716164733,-1.2045710923279283,0.001797639319387946,-1.889999999999418,1.889999999999418,0.5542521994133427,0.0,0.4457478005866573,-0.0010505336233290752,0.00045318372956559827,-0.0014751223681055414,0.00045318372956559827,-0.0014751223681055414,0.0013448075044819596,4406.82390641127,-0.0031040283664090134,54.0,1.5949999999993452,-0.29500000000007276
99000862,Sell,2026-09-08 20:07:06,2026-09-08 20:29:05,XAUUSD.f,0.01,4399.59,4.28,1319.0,21.983333333333334,True,4.28,0,2026-09-08,20,7,5,Tuesday,2026-09,2026Q3,17:00-21:59,2045.2,2041.2166666666667,4.39,True,1400.689999999999,False,0,False,2026-09-08 20:07:00,4400.315,4400.545,4398.575,4398.585,26460.0,-0.00042495605568060313,-0.0005680417442517349,4.774490578918211e-05,0.0008806031790458135,0.0011813187751157361,0.0009990453313974967,0.0015825541057032932,4398.468920410056,4398.291666666667,2.6390908301171076e-05,4396.714722396063,4395.839999999999,0.00042538070400846296,4395.001584656361,4394.0514,0.0008153388058264311,4395.143953436786,4394.5463,0.000782920104476413,4396.422405643521,4396.9280499999995,0.0004918986750914972,1.7541980139931184,1.7131377397017786,56.198186922103595,58.39605499655965,57.3268529930948,1.740763647665517,1.235522067493186,0.5052415801723311,62.72058823529476,72.81862745098185,2.175340966798185,0.0004945547185738561,4401.731036837322,4389.948963162677,0.9319242353433631,0.002680278098075747,-1.7299999999995634,1.7299999999995634,0.8781725888321522,0.11675126903575797,0.0050761421320898404,-0.0011513163497139933,0.0018608719221304693,-0.0011513163497139933,0.001943028048623452,-0.0011513163497139933,0.0034516152213266427,4405.728104946157,-0.001621322236871085,6.0,1.0050000000001091,-0.7249999999994543
99208828,Buy,2026-09-09 16:01:58,2026-09-09 16:15:54,XAUUSD.f,0.01,4404.63,7.78,836.0,13.933333333333334,True,7.78,1,2026-09-09,16,1,0,Wednesday,2026-09,2026Q3,13:00-16:59,1194.8666666666666,1172.8833333333334,4.28,True,1404.969999999999,False,0,False,2026-09-09 16:01:00,4404.365,4404.365,4402.845,4403.835,43020.0,-0.0001316860468416614,0.0006089310646864021,0.0009000255689082248,0.001731030600117034,0.0012914506196348707,0.0024972313057651796,-0.000576437547870956,4401.017269278183,4400.479444444445,0.0006402453227089308,4399.077346279291,4398.331,0.0010815117230736399,4398.524309105101,4396.831,0.0012073801397223297,4399.357081193508,4401.357,0.0010178575468753213,4399.533062101096,4398.8505,0.0009778169269739113,1.9399229988921434,0.5530371741906492,71.48617629957087,65.77491570109251,61.121132997779426,1.6971436984695174,0.9436532994680115,0.7534903990015059,92.98245614034677,85.80865245551097,2.094881148813096,0.00047569474079140026,4404.397770169116,4392.264229830885,1.8144745380397804,0.0027586692175352165,-0.5299999999997453,0.5299999999997453,0.34868421052625675,0.0,0.6513157894737432,-0.00013622632641874244,0.001799393756717782,-0.00013622632641874244,0.0029218823481185208,-0.00013622632641874244,0.003013252160009916,4388.3670247522705,0.00352476790580267,58.0,0.7950000000000728,0.2650000000003274
99615317,Sell,2026-09-10 22:27:09,2026-09-10 23:02:43,XAUUSD.f,0.01,4329.05,5.71,2134.0,35.56666666666667,True,5.71,0,2026-09-10,22,27,25,Thursday,2026-09,2026Q3,22:00-23:59,1825.1833333333334,1811.25,7.78,True,1412.7499999999989,False,0,False,2026-09-10 22:27:00,4329.745,4330.545,4328.729,4330.515,36360.0,0.00017783957253847404,0.00030028538661164283,0.001458532984537353,0.0023785721114042424,0.0021584342083704744,-0.00043071004142991587,-0.0018554522059711642,4326.694372546625,4325.851888888889,0.0008830361297570043,4324.900161726834,4323.1206,0.0012982584714566834,4327.717027800346,4326.8382,0.0006465238326999685,4334.804010770174,4336.21273,-0.0009894359144074025,4343.985299478096,4348.68801,-0.003100908163688742,1.7942108197912603,-2.8168660735118465,80.3350646136103,64.17133933732097,56.54387171817995,0.8369950795658951,-0.670124679411758,1.507119758977653,97.84798140655938,90.4163438638755,2.580721064435339,0.0005959386041695592,4330.424298457165,4315.816901542836,2.0248371543177766,0.0033789010915700572,0.7700000000004366,0.7700000000004366,0.4240088105729735,0.01651982378840781,0.5594713656386187,-5.77265217577283e-05,0.002548206879116943,-5.77265217577283e-05,0.0031457503992995406,-0.0018416482175310778,0.003945058048016037,4381.436462184032,-0.011622093033536523,9.0,-1.4650000000001455,-0.694999999999709
99738973,Buy,2026-09-11 07:57:55,2026-09-11 08:02:21,XAUUSD.f,0.01,4333.59,-4.97,266.0,4.433333333333334,False,-4.97,1,2026-09-11,7,57,55,Friday,2026-09,2026Q3,00:00-07:59,570.7666666666667,535.2,5.71,True,1418.459999999999,False,0,False,2026-09-11 07:57:00,4333.925,4334.845,4333.473,4333.496,28740.0,-7.384283659872537e-06,-0.00029044317383564167,0.0002564407364533672,0.0008270370203571353,0.000397296720166862,0.0013959706109019088,0.006583038241364303,4333.051070827946,4333.203777777777,0.00010268265127299176,4331.383703934388,4331.2780999999995,0.00048767234906789886,4326.606483714227,4327.1354599999995,0.0015923602739713546,4322.694311457665,4317.227080000001,0.0024988323864826856,4321.593198948071,4320.946005,0.0027542622602298563,1.66736689355821,4.777220220161325,59.10165187149038,62.0010519116372,62.812172809578165,2.2075344738659624,2.269684254768999,-0.06214978090303669,72.77165354330441,78.5511811023581,2.038505246219335,0.0004704066292479178,4335.8860613939905,4326.670138606009,0.9626382733556875,0.0021277605767179857,-0.4290000000000873,0.4290000000000873,0.3126822157434359,0.6705539358599656,0.016763848396598575,-0.0003988258971564518,0.0010674828910512968,-0.0003988258971564518,0.0017980830003250237,-0.0003988258971564518,0.005170480178975589,4321.487657349774,0.0027787520415111775,55.0,0.09400000000005093,-0.3350000000000364
99754992,Buy,2026-09-11 18:20:15,2026-09-11 18:30:18,XAUUSD.f,0.01,4363.75,6.64,603.0,10.05,True,6.64,1,2026-09-11,18,20,20,Friday,2026-09,2026Q3,17:00-21:59,622.3333333333334,617.9,-4.97,False,1413.4899999999989,True,0,False,2026-09-11 18:20:00,4362.255,4364.928,4361.965,4363.065,70560.0,0.00021319835355848582,-0.00040780371353410505,-0.000219064023752491,-6.417095141475482e-05,-0.001405289978382851,-0.003943303005384591,-0.004499422171062473,4363.334883045289,4362.769,-6.185247122283121e-05,4365.288511416185,4364.97105,-0.0005093618463867531,4369.92151303522,4369.98736,-0.00156902429820953,4372.691387458603,4378.23473,-0.002201478816047382,4369.144058192062,4369.847785,-0.0013913613538708305,-1.9536283708966948,-4.633001619034985,44.425918866154916,40.75949622702909,40.83604274708956,-2.578225089415355,-2.7827865091025314,0.20456141968717656,41.777323799788064,31.4123940460546,2.812511773039686,0.0006446183527038185,4371.565059612772,4358.377040387229,-0.5781156267375835,0.003021330284777726,0.8099999999994907,0.8099999999994907,0.2733715828550666,0.6287546405671443,0.09787377657778915,-0.0007260259697428051,0.0009382939796624967,-0.002193175542090642,0.0009382939796624967,-0.004792345021469746,0.0009382939796624967,4343.07270403206,0.004603260716630217,15.0,0.6850000000004002,1.4949999999998909
100126875,Sell,2026-09-15 08:52:49,2026-09-15 08:58:55,XAUUSD.f,0.01,4298.08,5.8,366.0,6.1,True,5.8,0,2026-09-15,8,52,50,Tuesday,2026-09,2026Q3,08:00-12:59,5192.566666666667,5182.516666666666,6.64,True,1420.129999999999,False,0,False,2026-09-15 08:52:00,4296.575,4298.648,4296.415,4297.958,44700.0,0.0003288688934945938,0.0007667652773848399,0.00028696274488115847,0.0005121331322666123,0.0013652996739588197,4.1882107451707284e-05,-0.0015719935652105388,4296.499977720958,4296.800888888889,0.000339351166438331,4296.279331655484,4295.303099999999,0.00039072607131166305,4297.840187197774,4297.74708,2.7412094702033665e-05,4300.280167585034,4301.1624,-0.0005400037891807035,4302.018671361831,4305.57061,-0.0009438990557766003,0.22064606547337462,-1.5608555422895733,61.85034479652346,55.42823348186724,51.7616224183773,-0.12744416805344372,-0.5246407183036896,0.3971965502502459,76.38231715559938,62.68494543985179,2.0658009853962933,0.00048064708528940803,4299.061286963703,4291.544913036295,1.4128621197618958,0.0017499053623034183,1.3829999999998108,1.3829999999998108,0.6193461710701759,0.309001343484306,0.07165248544551812,-0.0004063069443136502,0.000939233917685911,-0.0004063069443136502,0.0021107951796552893,-0.0021962112801683364,0.0021107951796552893,4299.196981250337,-0.0002881889933725917,49.0,0.12200000000029831,1.5050000000001091
100453335,Buy,2026-09-16 09:36:42,2026-09-16 10:00:07,XAUUSD.f,0.01,4325.5,6.74,1405.0,23.416666666666668,True,6.74,1,2026-09-16,9,36,35,Wednesday,2026-09,2026Q3,08:00-12:59,1483.8833333333334,1477.7833333333333,5.8,True,1425.929999999999,False,0,False,2026-09-16 09:36:00,4324.985,4325.555,4324.205,4324.335,6810.0,-0.00012717101148362886,-0.0002496870242508775,-0.0001364185506107507,-0.000582409163237374,-0.0007209780344336059,0.0004696568150557301,-0.0005731698720651268,4325.2784901326195,4325.365000000001,-0.00021813396172566823,4325.793557997014,4326.253,-0.0003371769774630105,4326.218487627055,4326.6776,-0.0004353658125315623,4325.857355890552,4325.9114,-0.0003519200392677776,4322.621290597421,4326.45695,0.0003964514324460863,-0.5150678643949504,-0.42492963004042394,34.51039213202529,41.781549615997946,44.532375743585554,-0.4660484504775013,-0.24396479891399214,-0.22208365156350918,13.137557959819635,12.556399313197153,1.6242913447689433,0.00037561644617471664,4328.722882424224,4323.783117575776,-1.5531103676742544,0.0011418113661980122,-0.6499999999996362,0.6499999999996362,0.4814814814810823,0.42222222222256656,0.0962962962963512,-0.0007463781595422603,0.00019660065895932277,-0.0012979349669915985,0.00019660065895932277,-0.0019525502591283272,0.0007197033248673712,4309.746577499616,0.003384983835603518,42.0,1.1649999999999636,0.5150000000003274
100653865,Buy,2026-09-17 06:00:33,2026-09-17 06:21:35,XAUUSD.f,0.01,4279.11,5.2,1262.0,21.033333333333335,True,5.2,1,2026-09-17,6,0,0,Thursday,2026-09,2026Q3,00:00-07:59,1223.85,1200.4333333333334,6.74,True,1432.669999999999,True,0,False,2026-09-17 06:00:00,4276.925,4279.095,4276.865,4278.915,29970.0,0.00045826996075470916,-0.00030839428208961905,0.000364711369526427,-0.0007122898015280432,-0.0013093633483290956,-0.002422303846427387,-0.004758831225468829,4278.637438474412,4277.856111111111,6.487147592639637e-05,4280.763791975079,4281.5475,-0.0004318836695789064,4285.580019966436,4285.4226,-0.0015552200484844928,4289.087413281935,4295.4913,-0.0023716964243803208,4288.3110631372265,4289.8533,-0.0021910871200543423,-2.1263535006664824,-4.816227991357664,47.43035471360387,42.10592407199342,40.868664187981324,-2.6415634205950482,-2.631256407629175,-0.01030701296587333,44.030482641829316,30.575040612821798,2.647867003804397,0.0006188173880070992,4289.86843581743,4273.22656418257,-0.6327413304848013,0.003886882402883503,1.9899999999997817,1.9899999999997817,0.8923766816140626,0.08071748878935106,0.0269058295965863,-0.001108863554923234,0.0012167400025504538,-0.0027315304144958086,0.0012167400025504538,-0.0032449343034748335,0.0012167400025504538,4290.010007016538,-0.0025862426890360807,33.0,0.19499999999970896,2.1849999999994907
100675478,Sell,2026-09-17 09:20:36,2026-09-17 09:22:53,XAUUSD.f,0.01,4306.96,-1.44,137.0,2.283333333333333,False,-1.44,0,2026-09-17,9,20,20,Thursday,2026-09,2026Q3,08:00-12:59,200.05,179.01666666666668,5.2,True,1437.869999999999,False,0,False,2026-09-17 09:20:00,4307.285,4307.785,4306.385,4306.915,13560.0,-5.80428193487359e-05,0.00021830131387190477,-3.0183106979442265e-05,-0.0009510521304147979,-0.00011143626252074768,0.001618621590225855,0.004791927911113714,4307.4056576515995,4307.806111111112,-0.0001139102491375478,4306.897101509855,4308.003500000001,4.155773802598933e-06,4303.147998057877,4302.1194,0.00087540608499246,4299.519988977553,4297.967699999999,0.0017199620053878204,4296.026596944688,4294.370449999999,0.002534528781329131,0.5085561417445206,3.749103451978044,45.908238288528786,53.145023422458806,56.28449337574072,1.3298385601847258,2.0963249201175063,-0.7664863599327805,30.63885267275543,29.46544980444006,2.1778867684192127,0.0005056721036795973,4312.240570764631,4303.76642923537,-0.5137983576234528,0.0019670693232401114,-0.36999999999989086,0.36999999999989086,0.264285714285705,0.35714285714294997,0.37857142857134507,-0.001233698998315158,0.0005459320512062327,-0.001233698998315158,0.0006807644543371794,-0.001233698998315158,0.004920872877450799,4291.630829039526,0.0035613899632402036,36.0,0.04500000000007276,-0.3249999999998181
100829495,Sell,2026-09-17 16:21:20,2026-09-17 16:29:43,XAUUSD.f,0.01,4373.27,6.53,503.0,8.383333333333333,True,6.53,0,2026-09-17,16,21,20,Thursday,2026-09,2026Q3,13:00-16:59,420.73333333333335,418.45,-1.44,False,1436.429999999999,True,0,False,2026-09-17 16:21:00,4373.315,4374.615,4372.535,4373.405,39240.0,-1.1432608772787844e-05,2.2866001799348723e-05,0.0005399166560855484,0.002140206435971903,0.00132337368707236,0.0007001735560920874,0.00026073442483465215,4370.879881188639,4370.082777777778,0.0005777140713082248,4369.248369082508,4367.7955,0.0009513377511116926,4366.613677020582,4367.8486,0.0015552836778662408,4359.056235061881,4359.6479,0.0032917136564343786,4346.396475377908,4339.9728000000005,0.006214003893821761,1.6315121061306854,2.6346920619262164,66.81534660693899,59.470502062882275,57.48685014230934,1.3450145309498112,0.4549074072149345,0.8901071237348767,89.51878707976178,86.81608437706073,3.360671385292327,0.0007684336084337781,4375.751882292347,4359.839117707654,1.4100629642684948,0.0036432027517526683,0.09000000000014552,0.09000000000014552,0.043269230769302246,0.581730769230807,0.3749999999998907,-0.0003634289867759932,0.0031148039198820587,-0.0003634289867759932,0.0031148039198820587,-0.0007288771293666452,0.003356447625766368,4315.701442339951,0.013370609258077348,20.0,-0.13499999999930878,-0.044999999999163265
00983845,Buy,2026-09-18 06:25:04,2026-09-18 06:33:14,XAUUSD.f,0.01,4336.1,8.26,490.0,8.166666666666666,True,8.26,1,2026-09-18,6,25,25,Friday,2026-09,2026Q3,00:00-07:59,843.7333333333333,835.35,6.53,True,1442.959999999999,False,0,False,2026-09-18 06:25:00,4335.825,4336.005,4334.985,4335.095,16620.0,-0.00016836472874237618,-0.0001660587455875051,-0.0010945091356949765,-0.0020097494719514275,-0.0023772128157775185,-0.002654927317338629,-0.0039244745443369755,4337.501915311545,4337.113888888889,-0.0005549081841436567,4340.740838888593,4341.9325,-0.0013006625131848754,4345.180128856536,4347.127799999999,-0.002320992124022582,4347.998436133549,4348.6045,-0.002967672671249453,4349.466224893589,4352.269275,-0.003304135300864552,-3.238923577047899,-4.439289967942386,29.063098772328814,31.180552570192035,33.49491670993767,-3.498929377872628,-2.9138166926606224,-0.5851126852120054,6.1764705882366115,7.49999999999972,2.463061817639501,0.0005681678988902207,4351.7217827665045,4332.143217233495,-1.3969358456771086,0.004509182382040525,-0.7299999999995634,0.7299999999995634,0.7156862745090696,0.17647058823550393,0.10784313725542646,-0.002198108245898167,0.00019380493302767476,-0.0038306296410767215,0.00019380493302767476,-0.004882510992536115,0.00019380493302767476,4350.88080656647,-0.003628186399095367,4.0,1.0050000000001091,0.2750000000005457
